<?xml version="1.0" encoding="UTF-8"?>
<gpx version="1.1" creator="lesgrandsraidsaski.com" xmlns="http://www.topografix.com/GPX/1/1">
  <metadata>
    <desc>Trace dérivée (simplifiée RDP epsilon=4m) — voir data/gpx-sources/argentera-2025.original.gpx pour la trace complète</desc>
  </metadata>
  <trk>
    <name>Argentera 2025</name>
    <trkseg>
      <trkpt lat="44.2766478" lon="7.1389407"><ele>1289.0</ele><time>2025-04-07T11:15:00Z</time></trkpt>
      <trkpt lat="44.276282" lon="7.1386206"><ele>1281.9</ele><time>2025-04-07T11:15:49Z</time></trkpt>
      <trkpt lat="44.2759714" lon="7.1379894"><ele>1283.9</ele><time>2025-04-07T11:16:45Z</time></trkpt>
      <trkpt lat="44.2759192" lon="7.1379884"><ele>1287.0</ele><time>2025-04-07T11:16:50Z</time></trkpt>
      <trkpt lat="44.2758928" lon="7.1381256"><ele>1289.9</ele><time>2025-04-07T11:17:00Z</time></trkpt>
      <trkpt lat="44.2759504" lon="7.1381174"><ele>1291.8</ele><time>2025-04-07T11:17:05Z</time></trkpt>
      <trkpt lat="44.2760847" lon="7.1385373"><ele>1295.6</ele><time>2025-04-07T11:17:36Z</time></trkpt>
      <trkpt lat="44.2759455" lon="7.138697"><ele>1294.1</ele><time>2025-04-07T11:17:51Z</time></trkpt>
      <trkpt lat="44.2757976" lon="7.1385885"><ele>1291.2</ele><time>2025-04-07T11:18:06Z</time></trkpt>
      <trkpt lat="44.275857" lon="7.1385181"><ele>1294.5</ele><time>2025-04-07T11:21:54Z</time></trkpt>
      <trkpt lat="44.2758175" lon="7.1382309"><ele>1297.0</ele><time>2025-04-07T11:22:24Z</time></trkpt>
      <trkpt lat="44.2755011" lon="7.1371372"><ele>1305.5</ele><time>2025-04-07T11:24:06Z</time></trkpt>
      <trkpt lat="44.2752763" lon="7.1366844"><ele>1309.5</ele><time>2025-04-07T11:24:54Z</time></trkpt>
      <trkpt lat="44.2741666" lon="7.1355647"><ele>1318.3</ele><time>2025-04-07T11:27:29Z</time></trkpt>
      <trkpt lat="44.2736475" lon="7.1351809"><ele>1325.2</ele><time>2025-04-07T11:28:44Z</time></trkpt>
      <trkpt lat="44.2727394" lon="7.1341267"><ele>1338.1</ele><time>2025-04-07T11:31:01Z</time></trkpt>
      <trkpt lat="44.2723739" lon="7.1337968"><ele>1343.4</ele><time>2025-04-07T11:31:54Z</time></trkpt>
      <trkpt lat="44.2721867" lon="7.1335276"><ele>1345.6</ele><time>2025-04-07T11:32:26Z</time></trkpt>
      <trkpt lat="44.2720148" lon="7.1330103"><ele>1353.0</ele><time>2025-04-07T11:33:14Z</time></trkpt>
      <trkpt lat="44.2719406" lon="7.1330871"><ele>1350.5</ele><time>2025-04-07T11:33:25Z</time></trkpt>
      <trkpt lat="44.2719394" lon="7.1333564"><ele>1347.4</ele><time>2025-04-07T11:33:51Z</time></trkpt>
      <trkpt lat="44.2720223" lon="7.133726"><ele>1348.9</ele><time>2025-04-07T11:34:23Z</time></trkpt>
      <trkpt lat="44.2719351" lon="7.1337975"><ele>1353.7</ele><time>2025-04-07T11:34:39Z</time></trkpt>
      <trkpt lat="44.2716621" lon="7.1332195"><ele>1367.3</ele><time>2025-04-07T11:35:49Z</time></trkpt>
      <trkpt lat="44.2716" lon="7.132763"><ele>1370.1</ele><time>2025-04-07T11:36:31Z</time></trkpt>
      <trkpt lat="44.2712346" lon="7.132398"><ele>1371.7</ele><time>2025-04-07T11:37:25Z</time></trkpt>
      <trkpt lat="44.2711319" lon="7.1318294"><ele>1375.7</ele><time>2025-04-07T11:38:45Z</time></trkpt>
      <trkpt lat="44.2710606" lon="7.1317799"><ele>1374.3</ele><time>2025-04-07T11:38:55Z</time></trkpt>
      <trkpt lat="44.2710286" lon="7.1315767"><ele>1376.0</ele><time>2025-04-07T11:39:11Z</time></trkpt>
      <trkpt lat="44.2708078" lon="7.1311597"><ele>1378.0</ele><time>2025-04-07T11:39:54Z</time></trkpt>
      <trkpt lat="44.2704064" lon="7.1304956"><ele>1387.5</ele><time>2025-04-07T11:41:03Z</time></trkpt>
      <trkpt lat="44.27023" lon="7.130335"><ele>1391.0</ele><time>2025-04-07T11:41:24Z</time></trkpt>
      <trkpt lat="44.2699938" lon="7.1302696"><ele>1392.6</ele><time>2025-04-07T11:41:46Z</time></trkpt>
      <trkpt lat="44.2696231" lon="7.1296509"><ele>1395.6</ele><time>2025-04-07T11:42:55Z</time></trkpt>
      <trkpt lat="44.2694705" lon="7.1296487"><ele>1398.7</ele><time>2025-04-07T11:43:10Z</time></trkpt>
      <trkpt lat="44.2692786" lon="7.1293399"><ele>1399.3</ele><time>2025-04-07T11:44:07Z</time></trkpt>
      <trkpt lat="44.2691386" lon="7.1293068"><ele>1403.5</ele><time>2025-04-07T11:44:33Z</time></trkpt>
      <trkpt lat="44.2685614" lon="7.1287894"><ele>1425.7</ele><time>2025-04-07T11:46:30Z</time></trkpt>
      <trkpt lat="44.2678057" lon="7.1289268"><ele>1441.1</ele><time>2025-04-07T11:49:21Z</time></trkpt>
      <trkpt lat="44.2675909" lon="7.1290679"><ele>1444.8</ele><time>2025-04-07T11:49:53Z</time></trkpt>
      <trkpt lat="44.2675241" lon="7.1290325"><ele>1441.7</ele><time>2025-04-07T11:50:08Z</time></trkpt>
      <trkpt lat="44.2674948" lon="7.1289439"><ele>1445.6</ele><time>2025-04-07T11:50:23Z</time></trkpt>
      <trkpt lat="44.2674028" lon="7.1289442"><ele>1446.2</ele><time>2025-04-07T11:50:38Z</time></trkpt>
      <trkpt lat="44.267521" lon="7.1287672"><ele>1453.9</ele><time>2025-04-07T11:51:40Z</time></trkpt>
      <trkpt lat="44.2674571" lon="7.1286812"><ele>1458.1</ele><time>2025-04-07T11:52:16Z</time></trkpt>
      <trkpt lat="44.2674887" lon="7.1285915"><ele>1460.8</ele><time>2025-04-07T11:52:26Z</time></trkpt>
      <trkpt lat="44.2673609" lon="7.1285162"><ele>1462.9</ele><time>2025-04-07T11:52:56Z</time></trkpt>
      <trkpt lat="44.2674224" lon="7.1283407"><ele>1468.1</ele><time>2025-04-07T11:53:27Z</time></trkpt>
      <trkpt lat="44.2673041" lon="7.1282535"><ele>1472.0</ele><time>2025-04-07T11:53:57Z</time></trkpt>
      <trkpt lat="44.2667489" lon="7.1281699"><ele>1482.6</ele><time>2025-04-07T11:55:54Z</time></trkpt>
      <trkpt lat="44.2661387" lon="7.1276644"><ele>1490.8</ele><time>2025-04-07T12:00:10Z</time></trkpt>
      <trkpt lat="44.2656856" lon="7.1275032"><ele>1498.5</ele><time>2025-04-07T12:01:07Z</time></trkpt>
      <trkpt lat="44.2641958" lon="7.1266444"><ele>1506.4</ele><time>2025-04-07T12:04:08Z</time></trkpt>
      <trkpt lat="44.2635983" lon="7.1266805"><ele>1511.6</ele><time>2025-04-07T12:05:15Z</time></trkpt>
      <trkpt lat="44.2631127" lon="7.1270522"><ele>1519.3</ele><time>2025-04-07T12:06:12Z</time></trkpt>
      <trkpt lat="44.2627035" lon="7.1271975"><ele>1514.4</ele><time>2025-04-07T12:06:57Z</time></trkpt>
      <trkpt lat="44.2624833" lon="7.127206"><ele>1515.4</ele><time>2025-04-07T12:07:22Z</time></trkpt>
      <trkpt lat="44.2620061" lon="7.1269983"><ele>1518.0</ele><time>2025-04-07T12:08:24Z</time></trkpt>
      <trkpt lat="44.2617444" lon="7.1266542"><ele>1530.0</ele><time>2025-04-07T12:10:13Z</time></trkpt>
      <trkpt lat="44.2614902" lon="7.1258915"><ele>1536.3</ele><time>2025-04-07T12:11:23Z</time></trkpt>
      <trkpt lat="44.26077" lon="7.124352"><ele>1549.9</ele><time>2025-04-07T12:13:56Z</time></trkpt>
      <trkpt lat="44.2594166" lon="7.1228534"><ele>1566.1</ele><time>2025-04-07T12:17:20Z</time></trkpt>
      <trkpt lat="44.2589494" lon="7.1225461"><ele>1569.4</ele><time>2025-04-07T12:18:22Z</time></trkpt>
      <trkpt lat="44.2589328" lon="7.1224771"><ele>1568.5</ele><time>2025-04-07T12:18:27Z</time></trkpt>
      <trkpt lat="44.2590265" lon="7.1224206"><ele>1575.1</ele><time>2025-04-07T12:18:38Z</time></trkpt>
      <trkpt lat="44.2592346" lon="7.1225134"><ele>1581.2</ele><time>2025-04-07T12:19:04Z</time></trkpt>
      <trkpt lat="44.2594478" lon="7.1224571"><ele>1580.3</ele><time>2025-04-07T12:19:40Z</time></trkpt>
      <trkpt lat="44.2592067" lon="7.1221587"><ele>1583.6</ele><time>2025-04-07T12:20:36Z</time></trkpt>
      <trkpt lat="44.2592096" lon="7.122033"><ele>1592.1</ele><time>2025-04-07T12:21:07Z</time></trkpt>
      <trkpt lat="44.2590571" lon="7.1216761"><ele>1601.7</ele><time>2025-04-07T12:22:29Z</time></trkpt>
      <trkpt lat="44.2590578" lon="7.1215458"><ele>1612.7</ele><time>2025-04-07T12:24:53Z</time></trkpt>
      <trkpt lat="44.2593052" lon="7.1214215"><ele>1608.0</ele><time>2025-04-07T12:28:12Z</time></trkpt>
      <trkpt lat="44.2592804" lon="7.1213343"><ele>1612.1</ele><time>2025-04-07T12:28:38Z</time></trkpt>
      <trkpt lat="44.25943" lon="7.121151"><ele>1621.6</ele><time>2025-04-07T12:29:19Z</time></trkpt>
      <trkpt lat="44.2593685" lon="7.1210759"><ele>1621.7</ele><time>2025-04-07T12:29:39Z</time></trkpt>
      <trkpt lat="44.2594031" lon="7.1207813"><ele>1633.7</ele><time>2025-04-07T12:30:30Z</time></trkpt>
      <trkpt lat="44.2593218" lon="7.120678"><ele>1641.1</ele><time>2025-04-07T12:31:00Z</time></trkpt>
      <trkpt lat="44.2589804" lon="7.1206388"><ele>1645.7</ele><time>2025-04-07T12:32:05Z</time></trkpt>
      <trkpt lat="44.2588857" lon="7.1205394"><ele>1642.5</ele><time>2025-04-07T12:32:46Z</time></trkpt>
      <trkpt lat="44.2585834" lon="7.1205689"><ele>1642.9</ele><time>2025-04-07T12:33:28Z</time></trkpt>
      <trkpt lat="44.2574748" lon="7.119743"><ele>1655.5</ele><time>2025-04-07T12:36:00Z</time></trkpt>
      <trkpt lat="44.257107" lon="7.1192716"><ele>1665.5</ele><time>2025-04-07T12:37:02Z</time></trkpt>
      <trkpt lat="44.2568752" lon="7.1186068"><ele>1669.3</ele><time>2025-04-07T12:38:08Z</time></trkpt>
      <trkpt lat="44.2564258" lon="7.1181525"><ele>1663.6</ele><time>2025-04-07T12:39:48Z</time></trkpt>
      <trkpt lat="44.2558825" lon="7.1178938"><ele>1662.6</ele><time>2025-04-07T12:40:52Z</time></trkpt>
      <trkpt lat="44.2545078" lon="7.1174953"><ele>1675.1</ele><time>2025-04-07T12:43:28Z</time></trkpt>
      <trkpt lat="44.2536504" lon="7.1170001"><ele>1677.2</ele><time>2025-04-07T12:45:18Z</time></trkpt>
      <trkpt lat="44.2532452" lon="7.1162607"><ele>1687.2</ele><time>2025-04-07T12:46:42Z</time></trkpt>
      <trkpt lat="44.2530125" lon="7.1152338"><ele>1689.9</ele><time>2025-04-07T12:48:18Z</time></trkpt>
      <trkpt lat="44.2525429" lon="7.1146005"><ele>1700.3</ele><time>2025-04-07T12:49:43Z</time></trkpt>
      <trkpt lat="44.2516655" lon="7.1139806"><ele>1708.0</ele><time>2025-04-07T12:51:46Z</time></trkpt>
      <trkpt lat="44.2514391" lon="7.1139563"><ele>1706.1</ele><time>2025-04-07T12:52:23Z</time></trkpt>
      <trkpt lat="44.251167" lon="7.114077"><ele>1704.5</ele><time>2025-04-07T12:52:55Z</time></trkpt>
      <trkpt lat="44.2509138" lon="7.1140809"><ele>1712.5</ele><time>2025-04-07T13:27:58Z</time></trkpt>
      <trkpt lat="44.2505313" lon="7.1137105"><ele>1723.7</ele><time>2025-04-07T13:29:23Z</time></trkpt>
      <trkpt lat="44.2504805" lon="7.1134301"><ele>1728.8</ele><time>2025-04-07T13:30:00Z</time></trkpt>
      <trkpt lat="44.2501935" lon="7.1130711"><ele>1736.9</ele><time>2025-04-07T13:31:08Z</time></trkpt>
      <trkpt lat="44.2499311" lon="7.1125589"><ele>1747.6</ele><time>2025-04-07T13:32:36Z</time></trkpt>
      <trkpt lat="44.2499385" lon="7.1124615"><ele>1749.8</ele><time>2025-04-07T13:32:51Z</time></trkpt>
      <trkpt lat="44.2498058" lon="7.1123635"><ele>1753.6</ele><time>2025-04-07T13:33:23Z</time></trkpt>
      <trkpt lat="44.2498502" lon="7.1121186"><ele>1760.9</ele><time>2025-04-07T13:33:59Z</time></trkpt>
      <trkpt lat="44.2497037" lon="7.1118228"><ele>1768.3</ele><time>2025-04-07T13:34:53Z</time></trkpt>
      <trkpt lat="44.2499302" lon="7.1115943"><ele>1772.3</ele><time>2025-04-07T13:35:57Z</time></trkpt>
      <trkpt lat="44.2499127" lon="7.1112585"><ele>1785.1</ele><time>2025-04-07T13:37:27Z</time></trkpt>
      <trkpt lat="44.250099" lon="7.1110053"><ele>1790.1</ele><time>2025-04-07T13:38:30Z</time></trkpt>
      <trkpt lat="44.2500156" lon="7.110821"><ele>1797.7</ele><time>2025-04-07T13:39:07Z</time></trkpt>
      <trkpt lat="44.2501647" lon="7.110481"><ele>1806.0</ele><time>2025-04-07T13:40:32Z</time></trkpt>
      <trkpt lat="44.2501636" lon="7.1102238"><ele>1811.6</ele><time>2025-04-07T13:41:18Z</time></trkpt>
      <trkpt lat="44.2499378" lon="7.1098825"><ele>1814.6</ele><time>2025-04-07T13:45:16Z</time></trkpt>
      <trkpt lat="44.2502772" lon="7.1096773"><ele>1827.0</ele><time>2025-04-07T13:47:05Z</time></trkpt>
      <trkpt lat="44.2500878" lon="7.1093703"><ele>1830.6</ele><time>2025-04-07T13:48:31Z</time></trkpt>
      <trkpt lat="44.2506493" lon="7.1091413"><ele>1854.0</ele><time>2025-04-07T13:51:27Z</time></trkpt>
      <trkpt lat="44.2504884" lon="7.1088408"><ele>1863.1</ele><time>2025-04-07T13:52:47Z</time></trkpt>
      <trkpt lat="44.250568" lon="7.1087808"><ele>1866.2</ele><time>2025-04-07T13:53:19Z</time></trkpt>
      <trkpt lat="44.2512867" lon="7.1086246"><ele>1891.4</ele><time>2025-04-07T13:57:46Z</time></trkpt>
      <trkpt lat="44.2511459" lon="7.1082494"><ele>1899.3</ele><time>2025-04-07T13:59:22Z</time></trkpt>
      <trkpt lat="44.2509157" lon="7.1079263"><ele>1907.8</ele><time>2025-04-07T14:01:21Z</time></trkpt>
      <trkpt lat="44.2511248" lon="7.107789"><ele>1917.4</ele><time>2025-04-07T14:03:22Z</time></trkpt>
      <trkpt lat="44.2508605" lon="7.1075583"><ele>1922.6</ele><time>2025-04-07T14:05:21Z</time></trkpt>
      <trkpt lat="44.2505259" lon="7.1074617"><ele>1935.2</ele><time>2025-04-07T14:07:43Z</time></trkpt>
      <trkpt lat="44.2500439" lon="7.1075496"><ele>1956.6</ele><time>2025-04-07T14:11:23Z</time></trkpt>
      <trkpt lat="44.2495315" lon="7.1068998"><ele>1972.9</ele><time>2025-04-07T14:17:26Z</time></trkpt>
      <trkpt lat="44.2494602" lon="7.1066846"><ele>1977.6</ele><time>2025-04-07T14:18:56Z</time></trkpt>
      <trkpt lat="44.2494582" lon="7.1060744"><ele>1992.4</ele><time>2025-04-07T14:21:05Z</time></trkpt>
      <trkpt lat="44.2494058" lon="7.1058359"><ele>1997.2</ele><time>2025-04-07T14:21:47Z</time></trkpt>
      <trkpt lat="44.2488759" lon="7.1049681"><ele>2018.7</ele><time>2025-04-07T14:25:48Z</time></trkpt>
      <trkpt lat="44.2488714" lon="7.1048404"><ele>2027.1</ele><time>2025-04-07T14:27:29Z</time></trkpt>
      <trkpt lat="44.2490141" lon="7.1047644"><ele>2032.3</ele><time>2025-04-07T14:28:35Z</time></trkpt>
      <trkpt lat="44.2488927" lon="7.1044736"><ele>2040.0</ele><time>2025-04-07T14:30:13Z</time></trkpt>
      <trkpt lat="44.2491273" lon="7.1044468"><ele>2046.3</ele><time>2025-04-07T14:31:20Z</time></trkpt>
      <trkpt lat="44.248932" lon="7.1039362"><ele>2059.0</ele><time>2025-04-07T14:33:27Z</time></trkpt>
      <trkpt lat="44.249062" lon="7.1039758"><ele>2068.3</ele><time>2025-04-07T14:34:20Z</time></trkpt>
      <trkpt lat="44.2490562" lon="7.1038437"><ele>2073.2</ele><time>2025-04-07T14:35:03Z</time></trkpt>
      <trkpt lat="44.249238" lon="7.1037587"><ele>2087.4</ele><time>2025-04-07T14:38:15Z</time></trkpt>
      <trkpt lat="44.2490747" lon="7.1036218"><ele>2089.6</ele><time>2025-04-07T14:39:14Z</time></trkpt>
      <trkpt lat="44.2487961" lon="7.103138"><ele>2102.0</ele><time>2025-04-07T14:41:16Z</time></trkpt>
      <trkpt lat="44.2485851" lon="7.1030318"><ele>2109.7</ele><time>2025-04-07T14:42:36Z</time></trkpt>
      <trkpt lat="44.2485257" lon="7.1028524"><ele>2123.8</ele><time>2025-04-07T14:45:48Z</time></trkpt>
      <trkpt lat="44.2483799" lon="7.1027955"><ele>2127.1</ele><time>2025-04-07T14:46:26Z</time></trkpt>
      <trkpt lat="44.2484461" lon="7.102537"><ele>2133.6</ele><time>2025-04-07T14:47:24Z</time></trkpt>
      <trkpt lat="44.248296" lon="7.1024759"><ele>2142.4</ele><time>2025-04-07T14:48:07Z</time></trkpt>
      <trkpt lat="44.2482592" lon="7.1023542"><ele>2144.8</ele><time>2025-04-07T14:48:23Z</time></trkpt>
      <trkpt lat="44.2483656" lon="7.1022413"><ele>2141.8</ele><time>2025-04-07T14:48:44Z</time></trkpt>
      <trkpt lat="44.2484077" lon="7.101758"><ele>2149.8</ele><time>2025-04-07T14:50:04Z</time></trkpt>
      <trkpt lat="44.2481852" lon="7.1018207"><ele>2161.0</ele><time>2025-04-07T14:54:15Z</time></trkpt>
      <trkpt lat="44.2479368" lon="7.1015029"><ele>2164.9</ele><time>2025-04-07T14:55:35Z</time></trkpt>
      <trkpt lat="44.2479395" lon="7.101409"><ele>2169.5</ele><time>2025-04-07T14:56:02Z</time></trkpt>
      <trkpt lat="44.2476741" lon="7.1014059"><ele>2176.1</ele><time>2025-04-07T14:57:11Z</time></trkpt>
      <trkpt lat="44.2478019" lon="7.1011213"><ele>2185.0</ele><time>2025-04-07T14:58:31Z</time></trkpt>
      <trkpt lat="44.2473845" lon="7.1009375"><ele>2200.1</ele><time>2025-04-07T15:06:47Z</time></trkpt>
      <trkpt lat="44.24724" lon="7.1007427"><ele>2204.4</ele><time>2025-04-07T15:07:40Z</time></trkpt>
      <trkpt lat="44.247375" lon="7.1006119"><ele>2210.7</ele><time>2025-04-07T15:08:50Z</time></trkpt>
      <trkpt lat="44.2472856" lon="7.1001544"><ele>2218.9</ele><time>2025-04-07T15:11:19Z</time></trkpt>
      <trkpt lat="44.2474427" lon="7.0998091"><ele>2227.0</ele><time>2025-04-07T15:12:23Z</time></trkpt>
      <trkpt lat="44.2473708" lon="7.0993747"><ele>2232.2</ele><time>2025-04-07T15:13:06Z</time></trkpt>
      <trkpt lat="44.2471994" lon="7.0992585"><ele>2234.4</ele><time>2025-04-07T15:13:38Z</time></trkpt>
      <trkpt lat="44.2467589" lon="7.0986886"><ele>2231.3</ele><time>2025-04-07T15:14:36Z</time></trkpt>
      <trkpt lat="44.246622" lon="7.09837"><ele>2232.1</ele><time>2025-04-07T15:14:58Z</time></trkpt>
      <trkpt lat="44.2464702" lon="7.0983078"><ele>2230.2</ele><time>2025-04-07T15:15:14Z</time></trkpt>
      <trkpt lat="44.2465101" lon="7.0981474"><ele>2239.0</ele><time>2025-04-07T15:16:12Z</time></trkpt>
      <trkpt lat="44.2461931" lon="7.0978857"><ele>2244.4</ele><time>2025-04-07T15:17:22Z</time></trkpt>
      <trkpt lat="44.2458392" lon="7.0978014"><ele>2246.8</ele><time>2025-04-07T15:18:15Z</time></trkpt>
      <trkpt lat="44.2458839" lon="7.0973882"><ele>2249.3</ele><time>2025-04-07T15:19:51Z</time></trkpt>
      <trkpt lat="44.2458197" lon="7.0969588"><ele>2246.8</ele><time>2025-04-07T15:20:12Z</time></trkpt>
      <trkpt lat="44.2446338" lon="7.0964542"><ele>2269.7</ele><time>2025-04-07T15:24:44Z</time></trkpt>
      <trkpt lat="44.2443884" lon="7.0962118"><ele>2280.2</ele><time>2025-04-07T15:26:15Z</time></trkpt>
      <trkpt lat="44.2445048" lon="7.0959989"><ele>2290.4</ele><time>2025-04-07T15:27:46Z</time></trkpt>
      <trkpt lat="44.2441641" lon="7.0958545"><ele>2304.0</ele><time>2025-04-07T15:29:43Z</time></trkpt>
      <trkpt lat="44.2443159" lon="7.0955734"><ele>2305.2</ele><time>2025-04-07T15:31:24Z</time></trkpt>
      <trkpt lat="44.2445997" lon="7.0953542"><ele>2312.1</ele><time>2025-04-07T15:32:55Z</time></trkpt>
      <trkpt lat="44.2452477" lon="7.0941238"><ele>2319.5</ele><time>2025-04-07T15:36:12Z</time></trkpt>
      <trkpt lat="44.2454928" lon="7.0938787"><ele>2322.2</ele><time>2025-04-07T15:37:00Z</time></trkpt>
      <trkpt lat="44.2460263" lon="7.093903"><ele>2336.3</ele><time>2025-04-07T15:39:08Z</time></trkpt>
      <trkpt lat="44.2465853" lon="7.0938251"><ele>2351.1</ele><time>2025-04-07T15:42:04Z</time></trkpt>
      <trkpt lat="44.2468062" lon="7.0939226"><ele>2358.7</ele><time>2025-04-07T15:43:19Z</time></trkpt>
      <trkpt lat="44.2468781" lon="7.0937903"><ele>2366.0</ele><time>2025-04-07T15:43:56Z</time></trkpt>
      <trkpt lat="44.2468558" lon="7.0936658"><ele>2368.7</ele><time>2025-04-07T15:44:18Z</time></trkpt>
      <trkpt lat="44.2466888" lon="7.0932613"><ele>2380.8</ele><time>2025-04-07T15:45:48Z</time></trkpt>
      <trkpt lat="44.2465325" lon="7.0930766"><ele>2387.6</ele><time>2025-04-07T15:46:47Z</time></trkpt>
      <trkpt lat="44.2470142" lon="7.0928055"><ele>2397.6</ele><time>2025-04-07T15:49:00Z</time></trkpt>
      <trkpt lat="44.247421" lon="7.0924214"><ele>2411.8</ele><time>2025-04-07T15:51:08Z</time></trkpt>
      <trkpt lat="44.2474254" lon="7.0923673"><ele>2414.9</ele><time>2025-04-07T15:51:19Z</time></trkpt>
      <trkpt lat="44.2471181" lon="7.0924175"><ele>2415.1</ele><time>2025-04-07T15:54:46Z</time></trkpt>
      <trkpt lat="44.2470631" lon="7.0922948"><ele>2418.7</ele><time>2025-04-07T15:54:56Z</time></trkpt>
      <trkpt lat="44.2471134" lon="7.0921422"><ele>2421.1</ele><time>2025-04-07T15:55:18Z</time></trkpt>
      <trkpt lat="44.2469111" lon="7.0920977"><ele>2428.9</ele><time>2025-04-07T15:56:54Z</time></trkpt>
      <trkpt lat="44.2468667" lon="7.0917555"><ele>2437.5</ele><time>2025-04-07T15:57:58Z</time></trkpt>
      <trkpt lat="44.2466771" lon="7.0920078"><ele>2448.4</ele><time>2025-04-07T15:59:18Z</time></trkpt>
      <trkpt lat="44.2465162" lon="7.0919682"><ele>2449.0</ele><time>2025-04-07T16:00:02Z</time></trkpt>
      <trkpt lat="44.2463411" lon="7.0920765"><ele>2462.8</ele><time>2025-04-07T16:01:01Z</time></trkpt>
      <trkpt lat="44.2463313" lon="7.091892"><ele>2466.0</ele><time>2025-04-07T16:02:15Z</time></trkpt>
      <trkpt lat="44.246482" lon="7.0916796"><ele>2471.2</ele><time>2025-04-07T16:08:06Z</time></trkpt>
      <trkpt lat="44.2463349" lon="7.0918933"><ele>2465.1</ele><time>2025-04-07T16:12:43Z</time></trkpt>
      <trkpt lat="44.2462275" lon="7.0918437"><ele>2462.6</ele><time>2025-04-07T16:20:43Z</time></trkpt>
      <trkpt lat="44.2462483" lon="7.0913151"><ele>2442.1</ele><time>2025-04-07T16:21:21Z</time></trkpt>
      <trkpt lat="44.2463471" lon="7.0910242"><ele>2431.5</ele><time>2025-04-07T16:21:26Z</time></trkpt>
      <trkpt lat="44.2462347" lon="7.0906506"><ele>2412.3</ele><time>2025-04-07T16:21:31Z</time></trkpt>
      <trkpt lat="44.2462391" lon="7.0903384"><ele>2397.3</ele><time>2025-04-07T16:21:37Z</time></trkpt>
      <trkpt lat="44.2463248" lon="7.0902832"><ele>2396.3</ele><time>2025-04-07T16:21:47Z</time></trkpt>
      <trkpt lat="44.246381" lon="7.0900497"><ele>2378.7</ele><time>2025-04-07T16:21:53Z</time></trkpt>
      <trkpt lat="44.2463583" lon="7.0894624"><ele>2343.5</ele><time>2025-04-07T16:22:03Z</time></trkpt>
      <trkpt lat="44.2460371" lon="7.0892777"><ele>2327.9</ele><time>2025-04-07T16:25:42Z</time></trkpt>
      <trkpt lat="44.2460031" lon="7.0890853"><ele>2317.1</ele><time>2025-04-07T16:25:47Z</time></trkpt>
      <trkpt lat="44.2457023" lon="7.0885445"><ele>2277.5</ele><time>2025-04-07T16:25:53Z</time></trkpt>
      <trkpt lat="44.2455014" lon="7.087913"><ele>2243.0</ele><time>2025-04-07T16:25:58Z</time></trkpt>
      <trkpt lat="44.2456779" lon="7.0873739"><ele>2234.3</ele><time>2025-04-07T16:26:03Z</time></trkpt>
      <trkpt lat="44.2460409" lon="7.086813"><ele>2225.3</ele><time>2025-04-07T16:27:55Z</time></trkpt>
      <trkpt lat="44.246147" lon="7.0860411"><ele>2202.6</ele><time>2025-04-07T16:31:18Z</time></trkpt>
      <trkpt lat="44.2466058" lon="7.084787"><ele>2174.7</ele><time>2025-04-07T16:31:39Z</time></trkpt>
      <trkpt lat="44.2468715" lon="7.0843503"><ele>2150.9</ele><time>2025-04-07T16:32:17Z</time></trkpt>
      <trkpt lat="44.246841" lon="7.084206"><ele>2143.7</ele><time>2025-04-07T16:33:10Z</time></trkpt>
      <trkpt lat="44.2466491" lon="7.0842449"><ele>2138.7</ele><time>2025-04-07T16:33:21Z</time></trkpt>
      <trkpt lat="44.2465632" lon="7.0841398"><ele>2123.4</ele><time>2025-04-07T16:34:26Z</time></trkpt>
      <trkpt lat="44.2464625" lon="7.0837622"><ele>2106.1</ele><time>2025-04-07T16:34:47Z</time></trkpt>
      <trkpt lat="44.2463641" lon="7.0837243"><ele>2102.4</ele><time>2025-04-07T16:34:58Z</time></trkpt>
      <trkpt lat="44.2466038" lon="7.0832563"><ele>2079.0</ele><time>2025-04-07T16:37:11Z</time></trkpt>
      <trkpt lat="44.2465076" lon="7.0830261"><ele>2065.5</ele><time>2025-04-07T16:37:17Z</time></trkpt>
      <trkpt lat="44.24711" lon="7.0822331"><ele>2039.5</ele><time>2025-04-07T16:38:53Z</time></trkpt>
      <trkpt lat="44.2471963" lon="7.0818945"><ele>2029.8</ele><time>2025-04-07T16:38:58Z</time></trkpt>
      <trkpt lat="44.2477061" lon="7.0813384"><ele>2009.8</ele><time>2025-04-07T16:39:09Z</time></trkpt>
      <trkpt lat="44.2482506" lon="7.0805138"><ele>1976.2</ele><time>2025-04-07T16:39:25Z</time></trkpt>
      <trkpt lat="44.2483194" lon="7.0797486"><ele>1962.4</ele><time>2025-04-07T16:39:35Z</time></trkpt>
      <trkpt lat="44.2484569" lon="7.0795479"><ele>1957.2</ele><time>2025-04-07T16:40:02Z</time></trkpt>
      <trkpt lat="44.2484267" lon="7.0794033"><ele>1955.6</ele><time>2025-04-07T16:40:23Z</time></trkpt>
      <trkpt lat="44.2485601" lon="7.0793146"><ele>1950.8</ele><time>2025-04-07T16:40:29Z</time></trkpt>
      <trkpt lat="44.2487382" lon="7.0788099"><ele>1940.8</ele><time>2025-04-07T16:40:39Z</time></trkpt>
      <trkpt lat="44.2488143" lon="7.0788327"><ele>1940.6</ele><time>2025-04-07T16:41:01Z</time></trkpt>
      <trkpt lat="44.2489032" lon="7.0787265"><ele>1940.9</ele><time>2025-04-07T16:46:10Z</time></trkpt>
      <trkpt lat="44.2497411" lon="7.0783954"><ele>1938.6</ele><time>2025-04-07T16:47:19Z</time></trkpt>
      <trkpt lat="44.2508362" lon="7.0782004"><ele>1930.5</ele><time>2025-04-07T16:48:45Z</time></trkpt>
      <trkpt lat="44.2513344" lon="7.077863"><ele>1928.4</ele><time>2025-04-07T16:49:38Z</time></trkpt>
      <trkpt lat="44.2515178" lon="7.0777854"><ele>1924.0</ele><time>2025-04-07T16:49:59Z</time></trkpt>
      <trkpt lat="44.2517359" lon="7.077821"><ele>1920.6</ele><time>2025-04-07T16:50:10Z</time></trkpt>
      <trkpt lat="44.2520439" lon="7.077678"><ele>1919.2</ele><time>2025-04-07T16:50:37Z</time></trkpt>
      <trkpt lat="44.2521372" lon="7.0776908"><ele>1918.4</ele><time>2025-04-07T16:50:42Z</time></trkpt>
      <trkpt lat="44.2522265" lon="7.077825"><ele>1917.3</ele><time>2025-04-07T16:50:47Z</time></trkpt>
      <trkpt lat="44.2527695" lon="7.0778677"><ele>1909.2</ele><time>2025-04-07T16:51:03Z</time></trkpt>
      <trkpt lat="44.2530247" lon="7.0777409"><ele>1904.2</ele><time>2025-04-07T16:51:14Z</time></trkpt>
      <trkpt lat="44.2542378" lon="7.0777857"><ele>1889.7</ele><time>2025-04-07T16:52:33Z</time></trkpt>
      <trkpt lat="44.2546816" lon="7.0775417"><ele>1884.7</ele><time>2025-04-07T16:52:49Z</time></trkpt>
      <trkpt lat="44.2556827" lon="7.077167"><ele>1874.1</ele><time>2025-04-07T16:54:03Z</time></trkpt>
      <trkpt lat="44.2566956" lon="7.0768978"><ele>1863.7</ele><time>2025-04-07T16:55:02Z</time></trkpt>
      <trkpt lat="44.2570401" lon="7.0767023"><ele>1858.8</ele><time>2025-04-07T16:55:29Z</time></trkpt>
      <trkpt lat="44.2574219" lon="7.0766293"><ele>1856.5</ele><time>2025-04-07T16:55:34Z</time></trkpt>
      <trkpt lat="44.2577073" lon="7.07674"><ele>1846.4</ele><time>2025-04-07T16:56:38Z</time></trkpt>
      <trkpt lat="44.2583959" lon="7.0765352"><ele>1837.8</ele><time>2025-04-07T16:57:21Z</time></trkpt>
      <trkpt lat="44.2584497" lon="7.0764481"><ele>1836.7</ele><time>2025-04-07T16:57:37Z</time></trkpt>
      <trkpt lat="44.2586112" lon="7.0764184"><ele>1834.4</ele><time>2025-04-07T16:57:58Z</time></trkpt>
      <trkpt lat="44.2586068" lon="7.0762617"><ele>1830.3</ele><time>2025-04-07T16:58:25Z</time></trkpt>
      <trkpt lat="44.2590369" lon="7.0759048"><ele>1813.1</ele><time>2025-04-07T16:58:46Z</time></trkpt>
      <trkpt lat="44.2593842" lon="7.0758029"><ele>1803.8</ele><time>2025-04-07T16:58:57Z</time></trkpt>
      <trkpt lat="44.2599714" lon="7.0752124"><ele>1774.0</ele><time>2025-04-07T16:59:18Z</time></trkpt>
      <trkpt lat="44.2603324" lon="7.0746734"><ele>1757.9</ele><time>2025-04-07T17:00:22Z</time></trkpt>
      <trkpt lat="44.260338" lon="7.0745048"><ele>1754.5</ele><time>2025-04-07T17:00:27Z</time></trkpt>
      <trkpt lat="44.2600988" lon="7.0742906"><ele>1748.4</ele><time>2025-04-07T17:00:38Z</time></trkpt>
      <trkpt lat="44.2598093" lon="7.0738684"><ele>1745.0</ele><time>2025-04-07T17:00:49Z</time></trkpt>
      <trkpt lat="44.2597351" lon="7.0734646"><ele>1723.1</ele><time>2025-04-07T17:00:59Z</time></trkpt>
      <trkpt lat="44.2597352" lon="7.0726368"><ele>1711.5</ele><time>2025-04-07T17:01:31Z</time></trkpt>
      <trkpt lat="44.259882" lon="7.0726613"><ele>1708.7</ele><time>2025-04-07T17:03:39Z</time></trkpt>
      <trkpt lat="44.2599506" lon="7.0723867"><ele>1704.0</ele><time>2025-04-07T17:03:45Z</time></trkpt>
      <trkpt lat="44.2605189" lon="7.0721401"><ele>1686.9</ele><time>2025-04-07T17:04:06Z</time></trkpt>
      <trkpt lat="44.2606801" lon="7.0716667"><ele>1679.9</ele><time>2025-04-07T17:04:22Z</time></trkpt>
      <trkpt lat="44.260673" lon="7.0713837"><ele>1674.2</ele><time>2025-04-07T17:04:33Z</time></trkpt>
      <trkpt lat="44.2607586" lon="7.0711668"><ele>1669.9</ele><time>2025-04-07T17:04:49Z</time></trkpt>
      <trkpt lat="44.2613523" lon="7.0702795"><ele>1657.2</ele><time>2025-04-07T17:05:21Z</time></trkpt>
      <trkpt lat="44.2620097" lon="7.0690771"><ele>1650.1</ele><time>2025-04-07T17:06:41Z</time></trkpt>
      <trkpt lat="44.2626701" lon="7.0683296"><ele>1637.0</ele><time>2025-04-07T17:07:29Z</time></trkpt>
      <trkpt lat="44.2630706" lon="7.0673997"><ele>1633.8</ele><time>2025-04-07T17:07:55Z</time></trkpt>
      <trkpt lat="44.2633758" lon="7.0670228"><ele>1624.2</ele><time>2025-04-07T17:08:49Z</time></trkpt>
      <trkpt lat="44.2635477" lon="7.066488"><ele>1619.4</ele><time>2025-04-07T17:08:59Z</time></trkpt>
      <trkpt lat="44.2639511" lon="7.0659981"><ele>1609.8</ele><time>2025-04-07T17:09:10Z</time></trkpt>
      <trkpt lat="44.2640152" lon="7.0657567"><ele>1604.7</ele><time>2025-04-07T17:09:15Z</time></trkpt>
      <trkpt lat="44.2644907" lon="7.0652421"><ele>1595.5</ele><time>2025-04-07T17:09:42Z</time></trkpt>
      <trkpt lat="44.2647557" lon="7.064745"><ele>1590.9</ele><time>2025-04-07T17:09:58Z</time></trkpt>
      <trkpt lat="44.265209" lon="7.0644241"><ele>1581.9</ele><time>2025-04-07T17:10:14Z</time></trkpt>
      <trkpt lat="44.2653607" lon="7.0635778"><ele>1576.1</ele><time>2025-04-07T17:10:30Z</time></trkpt>
      <trkpt lat="44.2655178" lon="7.0632581"><ele>1574.7</ele><time>2025-04-07T17:10:41Z</time></trkpt>
      <trkpt lat="44.2655865" lon="7.0632491"><ele>1575.7</ele><time>2025-04-07T17:10:51Z</time></trkpt>
      <trkpt lat="44.2659309" lon="7.0624283"><ele>1561.9</ele><time>2025-04-07T17:12:38Z</time></trkpt>
      <trkpt lat="44.2660439" lon="7.0619304"><ele>1558.8</ele><time>2025-04-07T17:12:54Z</time></trkpt>
      <trkpt lat="44.2660132" lon="7.0614831"><ele>1554.2</ele><time>2025-04-07T17:13:05Z</time></trkpt>
      <trkpt lat="44.2660837" lon="7.061449"><ele>1551.2</ele><time>2025-04-07T17:13:10Z</time></trkpt>
      <trkpt lat="44.2658683" lon="7.0611152"><ele>1538.3</ele><time>2025-04-07T17:14:03Z</time></trkpt>
      <trkpt lat="44.2658232" lon="7.0605288"><ele>1536.5</ele><time>2025-04-07T17:14:46Z</time></trkpt>
      <trkpt lat="44.2657232" lon="7.0603943"><ele>1536.0</ele><time>2025-04-07T17:14:51Z</time></trkpt>
      <trkpt lat="44.2656421" lon="7.0599418"><ele>1535.3</ele><time>2025-04-07T17:14:57Z</time></trkpt>
      <trkpt lat="44.2656544" lon="7.0596894"><ele>1524.3</ele><time>2025-04-07T17:15:07Z</time></trkpt>
      <trkpt lat="44.2653646" lon="7.0588513"><ele>1505.8</ele><time>2025-04-07T17:17:10Z</time></trkpt>
      <trkpt lat="44.2653104" lon="7.0580503"><ele>1492.0</ele><time>2025-04-07T17:18:30Z</time></trkpt>
      <trkpt lat="44.2646568" lon="7.057065"><ele>1474.7</ele><time>2025-04-07T17:20:11Z</time></trkpt>
      <trkpt lat="44.2646081" lon="7.0568707"><ele>1472.0</ele><time>2025-04-07T17:20:22Z</time></trkpt>
      <trkpt lat="44.2640833" lon="7.0562244"><ele>1455.2</ele><time>2025-04-07T17:20:38Z</time></trkpt>
      <trkpt lat="44.2640364" lon="7.0559829"><ele>1451.3</ele><time>2025-04-07T17:20:43Z</time></trkpt>
      <trkpt lat="44.2643799" lon="7.0557278"><ele>1437.1</ele><time>2025-04-07T17:21:10Z</time></trkpt>
      <trkpt lat="44.264339" lon="7.0555862"><ele>1434.2</ele><time>2025-04-07T17:29:10Z</time></trkpt>
      <trkpt lat="44.264402" lon="7.0555124"><ele>1437.4</ele><time>2025-04-07T17:29:26Z</time></trkpt>
      <trkpt lat="44.2643981" lon="7.0553842"><ele>1442.4</ele><time>2025-04-07T17:29:37Z</time></trkpt>
      <trkpt lat="44.2642833" lon="7.0551461"><ele>1440.9</ele><time>2025-04-07T17:30:03Z</time></trkpt>
      <trkpt lat="44.2642495" lon="7.0548069"><ele>1443.6</ele><time>2025-04-07T17:30:30Z</time></trkpt>
      <trkpt lat="44.2640815" lon="7.0543135"><ele>1450.1</ele><time>2025-04-07T17:31:18Z</time></trkpt>
      <trkpt lat="44.263884" lon="7.05407"><ele>1455.8</ele><time>2025-04-07T17:31:50Z</time></trkpt>
      <trkpt lat="44.2638223" lon="7.0538416"><ele>1456.1</ele><time>2025-04-07T17:32:11Z</time></trkpt>
      <trkpt lat="44.2636086" lon="7.0536642"><ele>1459.0</ele><time>2025-04-07T17:32:49Z</time></trkpt>
      <trkpt lat="44.2637905" lon="7.0532266"><ele>1474.4</ele><time>2025-04-07T17:34:19Z</time></trkpt>
      <trkpt lat="44.2635005" lon="7.0531189"><ele>1476.3</ele><time>2025-04-07T17:35:45Z</time></trkpt>
      <trkpt lat="44.2634133" lon="7.0529108"><ele>1482.1</ele><time>2025-04-07T17:36:22Z</time></trkpt>
      <trkpt lat="44.2630309" lon="7.0524468"><ele>1495.3</ele><time>2025-04-07T17:37:47Z</time></trkpt>
      <trkpt lat="44.2630388" lon="7.0522776"><ele>1499.9</ele><time>2025-04-07T17:38:09Z</time></trkpt>
      <trkpt lat="44.2624972" lon="7.0519472"><ele>1505.2</ele><time>2025-04-07T17:39:13Z</time></trkpt>
      <trkpt lat="44.2621242" lon="7.0515817"><ele>1510.4</ele><time>2025-04-07T17:40:01Z</time></trkpt>
      <trkpt lat="44.2619043" lon="7.0511018"><ele>1517.7</ele><time>2025-04-07T17:40:49Z</time></trkpt>
      <trkpt lat="44.2617287" lon="7.0509637"><ele>1513.9</ele><time>2025-04-07T17:41:05Z</time></trkpt>
      <trkpt lat="44.2617048" lon="7.0508034"><ele>1513.8</ele><time>2025-04-07T17:41:15Z</time></trkpt>
      <trkpt lat="44.2617483" lon="7.0507582"><ele>1511.2</ele><time>2025-04-07T17:41:20Z</time></trkpt>
      <trkpt lat="44.2620281" lon="7.0507319"><ele>1527.3</ele><time>2025-04-07T17:42:50Z</time></trkpt>
      <trkpt lat="44.261997" lon="7.0504558"><ele>1526.1</ele><time>2025-04-07T17:43:17Z</time></trkpt>
      <trkpt lat="44.2617948" lon="7.0502337"><ele>1534.9</ele><time>2025-04-07T17:44:05Z</time></trkpt>
      <trkpt lat="44.2618768" lon="7.0500676"><ele>1539.7</ele><time>2025-04-07T17:44:31Z</time></trkpt>
      <trkpt lat="44.261667" lon="7.0500433"><ele>1539.6</ele><time>2025-04-07T17:44:47Z</time></trkpt>
      <trkpt lat="44.2616372" lon="7.0499288"><ele>1540.9</ele><time>2025-04-07T17:45:03Z</time></trkpt>
      <trkpt lat="44.2615792" lon="7.0499816"><ele>1541.8</ele><time>2025-04-07T17:45:14Z</time></trkpt>
      <trkpt lat="44.2615768" lon="7.0498295"><ele>1544.6</ele><time>2025-04-07T17:45:35Z</time></trkpt>
      <trkpt lat="44.261413" lon="7.0496036"><ele>1547.1</ele><time>2025-04-07T17:46:02Z</time></trkpt>
      <trkpt lat="44.2612069" lon="7.0495072"><ele>1549.8</ele><time>2025-04-07T17:46:29Z</time></trkpt>
      <trkpt lat="44.2611946" lon="7.0493274"><ele>1551.1</ele><time>2025-04-07T17:46:45Z</time></trkpt>
      <trkpt lat="44.2609517" lon="7.0490687"><ele>1561.0</ele><time>2025-04-07T17:47:27Z</time></trkpt>
      <trkpt lat="44.2608228" lon="7.048693"><ele>1568.2</ele><time>2025-04-07T17:48:26Z</time></trkpt>
      <trkpt lat="44.2606326" lon="7.0485625"><ele>1570.5</ele><time>2025-04-07T17:48:58Z</time></trkpt>
      <trkpt lat="44.2606264" lon="7.0481408"><ele>1579.4</ele><time>2025-04-07T17:49:57Z</time></trkpt>
      <trkpt lat="44.260188" lon="7.0473747"><ele>1593.7</ele><time>2025-04-07T17:51:49Z</time></trkpt>
      <trkpt lat="44.2603127" lon="7.0471251"><ele>1603.7</ele><time>2025-04-07T17:52:44Z</time></trkpt>
      <trkpt lat="44.2603042" lon="7.0469887"><ele>1608.0</ele><time>2025-04-07T17:53:37Z</time></trkpt>
      <trkpt lat="44.2601777" lon="7.0467234"><ele>1616.0</ele><time>2025-04-07T17:54:19Z</time></trkpt>
      <trkpt lat="44.2601638" lon="7.0464595"><ele>1621.7</ele><time>2025-04-07T17:54:54Z</time></trkpt>
      <trkpt lat="44.2599873" lon="7.0457893"><ele>1622.5</ele><time>2025-04-07T17:55:53Z</time></trkpt>
      <trkpt lat="44.2601728" lon="7.0454501"><ele>1635.9</ele><time>2025-04-07T17:56:39Z</time></trkpt>
      <trkpt lat="44.2601984" lon="7.0443513"><ele>1654.8</ele><time>2025-04-07T17:58:47Z</time></trkpt>
      <trkpt lat="44.2602645" lon="7.0442635"><ele>1656.7</ele><time>2025-04-07T17:59:09Z</time></trkpt>
      <trkpt lat="44.2603268" lon="7.0445036"><ele>1650.0</ele><time>2025-04-07T17:59:51Z</time></trkpt>
      <trkpt lat="44.2605156" lon="7.0445557"><ele>1653.9</ele><time>2025-04-07T18:01:06Z</time></trkpt>
      <trkpt lat="44.2604233" lon="7.0446377"><ele>1636.1</ele><time>2025-04-08T05:59:08Z</time></trkpt>
      <trkpt lat="44.2608036" lon="7.0444216"><ele>1666.8</ele><time>2025-04-08T06:02:04Z</time></trkpt>
      <trkpt lat="44.260725" lon="7.0441565"><ele>1666.1</ele><time>2025-04-08T06:02:39Z</time></trkpt>
      <trkpt lat="44.2607666" lon="7.0441106"><ele>1666.1</ele><time>2025-04-08T06:03:04Z</time></trkpt>
      <trkpt lat="44.2606706" lon="7.0439264"><ele>1665.2</ele><time>2025-04-08T06:04:12Z</time></trkpt>
      <trkpt lat="44.2607091" lon="7.0436764"><ele>1676.2</ele><time>2025-04-08T06:07:57Z</time></trkpt>
      <trkpt lat="44.260513" lon="7.0432831"><ele>1672.2</ele><time>2025-04-08T06:08:42Z</time></trkpt>
      <trkpt lat="44.2602418" lon="7.0420218"><ele>1681.3</ele><time>2025-04-08T06:10:44Z</time></trkpt>
      <trkpt lat="44.2598974" lon="7.0408727"><ele>1697.7</ele><time>2025-04-08T06:12:35Z</time></trkpt>
      <trkpt lat="44.2594325" lon="7.0389741"><ele>1699.4</ele><time>2025-04-08T06:14:48Z</time></trkpt>
      <trkpt lat="44.2592024" lon="7.038452"><ele>1701.0</ele><time>2025-04-08T06:15:28Z</time></trkpt>
      <trkpt lat="44.2590422" lon="7.0382755"><ele>1703.0</ele><time>2025-04-08T06:15:48Z</time></trkpt>
      <trkpt lat="44.2586344" lon="7.0381131"><ele>1705.6</ele><time>2025-04-08T06:16:29Z</time></trkpt>
      <trkpt lat="44.2581331" lon="7.037707"><ele>1709.9</ele><time>2025-04-08T06:17:29Z</time></trkpt>
      <trkpt lat="44.2576806" lon="7.0371445"><ele>1712.1</ele><time>2025-04-08T06:18:30Z</time></trkpt>
      <trkpt lat="44.2575147" lon="7.0367346"><ele>1713.2</ele><time>2025-04-08T06:19:02Z</time></trkpt>
      <trkpt lat="44.2571981" lon="7.0362782"><ele>1714.1</ele><time>2025-04-08T06:19:47Z</time></trkpt>
      <trkpt lat="44.2571397" lon="7.0359719"><ele>1718.0</ele><time>2025-04-08T06:20:12Z</time></trkpt>
      <trkpt lat="44.2571505" lon="7.0355422"><ele>1722.0</ele><time>2025-04-08T06:20:48Z</time></trkpt>
      <trkpt lat="44.2570917" lon="7.035375"><ele>1723.7</ele><time>2025-04-08T06:21:03Z</time></trkpt>
      <trkpt lat="44.2566245" lon="7.0344101"><ele>1737.5</ele><time>2025-04-08T06:22:43Z</time></trkpt>
      <trkpt lat="44.2563486" lon="7.0340781"><ele>1742.5</ele><time>2025-04-08T06:23:30Z</time></trkpt>
      <trkpt lat="44.2564722" lon="7.0339679"><ele>1744.7</ele><time>2025-04-08T06:23:50Z</time></trkpt>
      <trkpt lat="44.256246" lon="7.0338282"><ele>1747.7</ele><time>2025-04-08T06:24:20Z</time></trkpt>
      <trkpt lat="44.2560243" lon="7.0335071"><ele>1749.9</ele><time>2025-04-08T06:25:00Z</time></trkpt>
      <trkpt lat="44.2559101" lon="7.0327947"><ele>1761.7</ele><time>2025-04-08T06:26:12Z</time></trkpt>
      <trkpt lat="44.2555241" lon="7.0316954"><ele>1774.2</ele><time>2025-04-08T06:28:04Z</time></trkpt>
      <trkpt lat="44.255414" lon="7.0312116"><ele>1780.7</ele><time>2025-04-08T06:28:49Z</time></trkpt>
      <trkpt lat="44.2552934" lon="7.0309816"><ele>1780.9</ele><time>2025-04-08T06:29:14Z</time></trkpt>
      <trkpt lat="44.2549592" lon="7.030673"><ele>1786.2</ele><time>2025-04-08T06:30:09Z</time></trkpt>
      <trkpt lat="44.2550381" lon="7.0306233"><ele>1787.3</ele><time>2025-04-08T06:30:24Z</time></trkpt>
      <trkpt lat="44.2552927" lon="7.0306794"><ele>1789.3</ele><time>2025-04-08T06:30:54Z</time></trkpt>
      <trkpt lat="44.2555907" lon="7.0308978"><ele>1791.6</ele><time>2025-04-08T06:31:29Z</time></trkpt>
      <trkpt lat="44.2556399" lon="7.0308472"><ele>1794.1</ele><time>2025-04-08T06:31:39Z</time></trkpt>
      <trkpt lat="44.2550288" lon="7.0301016"><ele>1809.6</ele><time>2025-04-08T06:33:22Z</time></trkpt>
      <trkpt lat="44.2546593" lon="7.02982"><ele>1812.7</ele><time>2025-04-08T06:34:17Z</time></trkpt>
      <trkpt lat="44.2541189" lon="7.0291593"><ele>1827.2</ele><time>2025-04-08T06:35:53Z</time></trkpt>
      <trkpt lat="44.2540066" lon="7.0291099"><ele>1829.3</ele><time>2025-04-08T06:36:08Z</time></trkpt>
      <trkpt lat="44.2537903" lon="7.0291935"><ele>1832.1</ele><time>2025-04-08T06:36:39Z</time></trkpt>
      <trkpt lat="44.2534602" lon="7.0289274"><ele>1840.5</ele><time>2025-04-08T06:37:30Z</time></trkpt>
      <trkpt lat="44.2535416" lon="7.0286806"><ele>1843.2</ele><time>2025-04-08T06:38:01Z</time></trkpt>
      <trkpt lat="44.2535007" lon="7.0283396"><ele>1846.8</ele><time>2025-04-08T06:38:41Z</time></trkpt>
      <trkpt lat="44.2535428" lon="7.0280039"><ele>1853.6</ele><time>2025-04-08T06:39:16Z</time></trkpt>
      <trkpt lat="44.2532643" lon="7.0275824"><ele>1859.7</ele><time>2025-04-08T06:40:22Z</time></trkpt>
      <trkpt lat="44.2529001" lon="7.0267606"><ele>1871.1</ele><time>2025-04-08T06:41:59Z</time></trkpt>
      <trkpt lat="44.2527755" lon="7.0260172"><ele>1879.0</ele><time>2025-04-08T06:43:20Z</time></trkpt>
      <trkpt lat="44.2526094" lon="7.0256481"><ele>1885.4</ele><time>2025-04-08T06:44:02Z</time></trkpt>
      <trkpt lat="44.2522476" lon="7.025145"><ele>1892.9</ele><time>2025-04-08T06:45:12Z</time></trkpt>
      <trkpt lat="44.2517675" lon="7.024734"><ele>1907.6</ele><time>2025-04-08T06:46:29Z</time></trkpt>
      <trkpt lat="44.2516113" lon="7.0244095"><ele>1910.8</ele><time>2025-04-08T06:47:05Z</time></trkpt>
      <trkpt lat="44.2515737" lon="7.0241634"><ele>1913.6</ele><time>2025-04-08T06:47:30Z</time></trkpt>
      <trkpt lat="44.2507328" lon="7.0229777"><ele>1931.3</ele><time>2025-04-08T06:50:08Z</time></trkpt>
      <trkpt lat="44.2505607" lon="7.0229029"><ele>1936.6</ele><time>2025-04-08T06:50:34Z</time></trkpt>
      <trkpt lat="44.2503169" lon="7.0229265"><ele>1939.9</ele><time>2025-04-08T06:51:24Z</time></trkpt>
      <trkpt lat="44.2502357" lon="7.0228424"><ele>1942.0</ele><time>2025-04-08T06:51:39Z</time></trkpt>
      <trkpt lat="44.2504258" lon="7.0225296"><ele>1947.6</ele><time>2025-04-08T06:52:19Z</time></trkpt>
      <trkpt lat="44.2504812" lon="7.0220239"><ele>1952.5</ele><time>2025-04-08T06:53:09Z</time></trkpt>
      <trkpt lat="44.2503068" lon="7.0223266"><ele>1957.0</ele><time>2025-04-08T06:53:45Z</time></trkpt>
      <trkpt lat="44.2498667" lon="7.0224066"><ele>1963.5</ele><time>2025-04-08T06:54:47Z</time></trkpt>
      <trkpt lat="44.2498412" lon="7.0223296"><ele>1965.4</ele><time>2025-04-08T06:54:58Z</time></trkpt>
      <trkpt lat="44.2501868" lon="7.0219325"><ele>1971.8</ele><time>2025-04-08T06:55:58Z</time></trkpt>
      <trkpt lat="44.2498503" lon="7.0218689"><ele>1981.3</ele><time>2025-04-08T06:56:58Z</time></trkpt>
      <trkpt lat="44.2494877" lon="7.0216069"><ele>1993.0</ele><time>2025-04-08T06:58:14Z</time></trkpt>
      <trkpt lat="44.2491607" lon="7.0210552"><ele>2004.9</ele><time>2025-04-08T06:59:47Z</time></trkpt>
      <trkpt lat="44.2486468" lon="7.0204371"><ele>2019.4</ele><time>2025-04-08T07:01:55Z</time></trkpt>
      <trkpt lat="44.248598" lon="7.0203139"><ele>2026.3</ele><time>2025-04-08T07:08:32Z</time></trkpt>
      <trkpt lat="44.2487369" lon="7.020025"><ele>2034.3</ele><time>2025-04-08T07:09:28Z</time></trkpt>
      <trkpt lat="44.2486206" lon="7.0195492"><ele>2043.4</ele><time>2025-04-08T07:10:35Z</time></trkpt>
      <trkpt lat="44.2486339" lon="7.0192802"><ele>2045.9</ele><time>2025-04-08T07:11:10Z</time></trkpt>
      <trkpt lat="44.2487205" lon="7.0186774"><ele>2056.1</ele><time>2025-04-08T07:12:26Z</time></trkpt>
      <trkpt lat="44.2489624" lon="7.0181547"><ele>2066.6</ele><time>2025-04-08T07:14:41Z</time></trkpt>
      <trkpt lat="44.2488171" lon="7.0181281"><ele>2070.2</ele><time>2025-04-08T07:15:08Z</time></trkpt>
      <trkpt lat="44.2488001" lon="7.0179429"><ele>2075.8</ele><time>2025-04-08T07:16:09Z</time></trkpt>
      <trkpt lat="44.2489094" lon="7.0178554"><ele>2082.9</ele><time>2025-04-08T07:16:29Z</time></trkpt>
      <trkpt lat="44.2487016" lon="7.01784"><ele>2084.0</ele><time>2025-04-08T07:17:15Z</time></trkpt>
      <trkpt lat="44.2488312" lon="7.017701"><ele>2090.3</ele><time>2025-04-08T07:17:50Z</time></trkpt>
      <trkpt lat="44.2487821" lon="7.0175615"><ele>2099.4</ele><time>2025-04-08T07:19:43Z</time></trkpt>
      <trkpt lat="44.2489028" lon="7.0174439"><ele>2104.2</ele><time>2025-04-08T07:20:13Z</time></trkpt>
      <trkpt lat="44.2482636" lon="7.0173384"><ele>2118.5</ele><time>2025-04-08T07:22:52Z</time></trkpt>
      <trkpt lat="44.2483047" lon="7.0172256"><ele>2122.6</ele><time>2025-04-08T07:23:18Z</time></trkpt>
      <trkpt lat="44.2482111" lon="7.0171055"><ele>2129.5</ele><time>2025-04-08T07:25:05Z</time></trkpt>
      <trkpt lat="44.2478228" lon="7.0170829"><ele>2135.2</ele><time>2025-04-08T07:26:33Z</time></trkpt>
      <trkpt lat="44.2479133" lon="7.016825"><ele>2142.3</ele><time>2025-04-08T07:27:35Z</time></trkpt>
      <trkpt lat="44.247484" lon="7.0167868"><ele>2152.8</ele><time>2025-04-08T07:29:37Z</time></trkpt>
      <trkpt lat="44.2476505" lon="7.0164915"><ele>2161.4</ele><time>2025-04-08T07:30:49Z</time></trkpt>
      <trkpt lat="44.2473446" lon="7.0164605"><ele>2168.6</ele><time>2025-04-08T07:32:01Z</time></trkpt>
      <trkpt lat="44.2475969" lon="7.0161536"><ele>2179.9</ele><time>2025-04-08T07:33:29Z</time></trkpt>
      <trkpt lat="44.2473261" lon="7.0161643"><ele>2187.4</ele><time>2025-04-08T07:34:25Z</time></trkpt>
      <trkpt lat="44.2476369" lon="7.0158391"><ele>2197.2</ele><time>2025-04-08T07:36:10Z</time></trkpt>
      <trkpt lat="44.247262" lon="7.0157681"><ele>2204.5</ele><time>2025-04-08T07:38:19Z</time></trkpt>
      <trkpt lat="44.2473119" lon="7.0157061"><ele>2207.4</ele><time>2025-04-08T07:38:45Z</time></trkpt>
      <trkpt lat="44.2472944" lon="7.0155902"><ele>2206.7</ele><time>2025-04-08T07:39:00Z</time></trkpt>
      <trkpt lat="44.2474601" lon="7.0155834"><ele>2212.2</ele><time>2025-04-08T07:39:37Z</time></trkpt>
      <trkpt lat="44.2478821" lon="7.0150928"><ele>2229.1</ele><time>2025-04-08T07:42:08Z</time></trkpt>
      <trkpt lat="44.247842" lon="7.0149998"><ele>2226.6</ele><time>2025-04-08T07:42:39Z</time></trkpt>
      <trkpt lat="44.2477125" lon="7.015083"><ele>2226.5</ele><time>2025-04-08T07:43:05Z</time></trkpt>
      <trkpt lat="44.2474408" lon="7.0150135"><ele>2240.2</ele><time>2025-04-08T07:44:32Z</time></trkpt>
      <trkpt lat="44.2478343" lon="7.014589"><ele>2256.1</ele><time>2025-04-08T07:46:58Z</time></trkpt>
      <trkpt lat="44.2481634" lon="7.0144261"><ele>2263.7</ele><time>2025-04-08T07:48:21Z</time></trkpt>
      <trkpt lat="44.2484185" lon="7.0141346"><ele>2273.5</ele><time>2025-04-08T07:49:44Z</time></trkpt>
      <trkpt lat="44.2481589" lon="7.0139259"><ele>2281.9</ele><time>2025-04-08T07:51:43Z</time></trkpt>
      <trkpt lat="44.2481856" lon="7.0138632"><ele>2279.1</ele><time>2025-04-08T08:09:23Z</time></trkpt>
      <trkpt lat="44.2484244" lon="7.0137258"><ele>2285.2</ele><time>2025-04-08T08:10:24Z</time></trkpt>
      <trkpt lat="44.248944" lon="7.0137501"><ele>2301.3</ele><time>2025-04-08T08:12:43Z</time></trkpt>
      <trkpt lat="44.2488007" lon="7.0134556"><ele>2307.6</ele><time>2025-04-08T08:13:58Z</time></trkpt>
      <trkpt lat="44.2491456" lon="7.0135029"><ele>2320.0</ele><time>2025-04-08T08:15:23Z</time></trkpt>
      <trkpt lat="44.2494964" lon="7.0134144"><ele>2329.2</ele><time>2025-04-08T08:16:39Z</time></trkpt>
      <trkpt lat="44.2496595" lon="7.0132644"><ele>2332.6</ele><time>2025-04-08T08:17:41Z</time></trkpt>
      <trkpt lat="44.2497021" lon="7.0130628"><ele>2334.9</ele><time>2025-04-08T08:18:12Z</time></trkpt>
      <trkpt lat="44.2500954" lon="7.0125426"><ele>2351.9</ele><time>2025-04-08T08:20:05Z</time></trkpt>
      <trkpt lat="44.2503596" lon="7.0119512"><ele>2363.5</ele><time>2025-04-08T08:22:03Z</time></trkpt>
      <trkpt lat="44.2505548" lon="7.0118585"><ele>2369.9</ele><time>2025-04-08T08:22:48Z</time></trkpt>
      <trkpt lat="44.2506277" lon="7.0116808"><ele>2375.7</ele><time>2025-04-08T08:23:28Z</time></trkpt>
      <trkpt lat="44.2509675" lon="7.011505"><ele>2386.4</ele><time>2025-04-08T08:24:46Z</time></trkpt>
      <trkpt lat="44.2519497" lon="7.0107586"><ele>2400.7</ele><time>2025-04-08T08:27:34Z</time></trkpt>
      <trkpt lat="44.252469" lon="7.0100321"><ele>2408.5</ele><time>2025-04-08T08:29:21Z</time></trkpt>
      <trkpt lat="44.2529946" lon="7.0098864"><ele>2421.7</ele><time>2025-04-08T08:31:02Z</time></trkpt>
      <trkpt lat="44.2529031" lon="7.0095728"><ele>2428.1</ele><time>2025-04-08T08:32:08Z</time></trkpt>
      <trkpt lat="44.2530782" lon="7.0095511"><ele>2431.8</ele><time>2025-04-08T08:32:48Z</time></trkpt>
      <trkpt lat="44.2531322" lon="7.0092974"><ele>2439.3</ele><time>2025-04-08T08:33:40Z</time></trkpt>
      <trkpt lat="44.2533166" lon="7.0093864"><ele>2443.2</ele><time>2025-04-08T08:34:26Z</time></trkpt>
      <trkpt lat="44.2535463" lon="7.0092748"><ele>2451.3</ele><time>2025-04-08T08:35:18Z</time></trkpt>
      <trkpt lat="44.2538754" lon="7.0085038"><ele>2469.0</ele><time>2025-04-08T08:37:48Z</time></trkpt>
      <trkpt lat="44.2539922" lon="7.0086208"><ele>2473.7</ele><time>2025-04-08T08:38:24Z</time></trkpt>
      <trkpt lat="44.2542829" lon="7.0086915"><ele>2481.8</ele><time>2025-04-08T09:16:35Z</time></trkpt>
      <trkpt lat="44.2545692" lon="7.0085416"><ele>2485.1</ele><time>2025-04-08T09:17:32Z</time></trkpt>
      <trkpt lat="44.2547372" lon="7.0085386"><ele>2489.2</ele><time>2025-04-08T09:18:02Z</time></trkpt>
      <trkpt lat="44.2548382" lon="7.0084202"><ele>2493.0</ele><time>2025-04-08T09:18:27Z</time></trkpt>
      <trkpt lat="44.2549313" lon="7.0084737"><ele>2499.1</ele><time>2025-04-08T09:18:57Z</time></trkpt>
      <trkpt lat="44.255071" lon="7.0082594"><ele>2502.7</ele><time>2025-04-08T09:19:34Z</time></trkpt>
      <trkpt lat="44.2551438" lon="7.0082829"><ele>2505.9</ele><time>2025-04-08T09:20:04Z</time></trkpt>
      <trkpt lat="44.2554633" lon="7.0080253"><ele>2512.8</ele><time>2025-04-08T09:21:00Z</time></trkpt>
      <trkpt lat="44.2557963" lon="7.0079328"><ele>2517.1</ele><time>2025-04-08T09:21:52Z</time></trkpt>
      <trkpt lat="44.2561101" lon="7.007715"><ele>2518.7</ele><time>2025-04-08T09:22:42Z</time></trkpt>
      <trkpt lat="44.2565097" lon="7.0077559"><ele>2524.5</ele><time>2025-04-08T09:23:37Z</time></trkpt>
      <trkpt lat="44.2569719" lon="7.0075984"><ele>2532.8</ele><time>2025-04-08T09:24:34Z</time></trkpt>
      <trkpt lat="44.2575597" lon="7.0075394"><ele>2537.9</ele><time>2025-04-08T09:25:53Z</time></trkpt>
      <trkpt lat="44.2583664" lon="7.0072111"><ele>2541.1</ele><time>2025-04-08T09:27:35Z</time></trkpt>
      <trkpt lat="44.2607104" lon="7.0058422"><ele>2563.2</ele><time>2025-04-08T09:32:54Z</time></trkpt>
      <trkpt lat="44.2609002" lon="7.0054086"><ele>2558.7</ele><time>2025-04-08T09:33:45Z</time></trkpt>
      <trkpt lat="44.2610206" lon="7.0053294"><ele>2560.5</ele><time>2025-04-08T09:34:01Z</time></trkpt>
      <trkpt lat="44.2613379" lon="7.0051797"><ele>2564.8</ele><time>2025-04-08T09:34:39Z</time></trkpt>
      <trkpt lat="44.2620304" lon="7.0051077"><ele>2563.3</ele><time>2025-04-08T09:35:59Z</time></trkpt>
      <trkpt lat="44.2622408" lon="7.0049405"><ele>2555.8</ele><time>2025-04-08T09:36:25Z</time></trkpt>
      <trkpt lat="44.2624959" lon="7.0048763"><ele>2561.8</ele><time>2025-04-08T09:37:08Z</time></trkpt>
      <trkpt lat="44.2624593" lon="7.0045654"><ele>2580.2</ele><time>2025-04-08T09:37:40Z</time></trkpt>
      <trkpt lat="44.262543" lon="7.0042704"><ele>2587.0</ele><time>2025-04-08T09:38:39Z</time></trkpt>
      <trkpt lat="44.2626817" lon="7.0041157"><ele>2590.1</ele><time>2025-04-08T09:39:21Z</time></trkpt>
      <trkpt lat="44.2629988" lon="7.0040937"><ele>2595.4</ele><time>2025-04-08T09:40:15Z</time></trkpt>
      <trkpt lat="44.2630783" lon="7.0043039"><ele>2601.4</ele><time>2025-04-08T09:40:52Z</time></trkpt>
      <trkpt lat="44.2635914" lon="7.004387"><ele>2617.7</ele><time>2025-04-08T09:42:33Z</time></trkpt>
      <trkpt lat="44.2637585" lon="7.0043249"><ele>2619.2</ele><time>2025-04-08T09:43:05Z</time></trkpt>
      <trkpt lat="44.2637409" lon="7.003872"><ele>2629.2</ele><time>2025-04-08T09:43:59Z</time></trkpt>
      <trkpt lat="44.2638689" lon="7.0036846"><ele>2632.9</ele><time>2025-04-08T09:45:03Z</time></trkpt>
      <trkpt lat="44.2638718" lon="7.0034738"><ele>2638.8</ele><time>2025-04-08T09:45:35Z</time></trkpt>
      <trkpt lat="44.2640902" lon="7.0036774"><ele>2639.6</ele><time>2025-04-08T09:46:33Z</time></trkpt>
      <trkpt lat="44.2641286" lon="7.0033097"><ele>2650.7</ele><time>2025-04-08T09:47:27Z</time></trkpt>
      <trkpt lat="44.2645947" lon="7.0035592"><ele>2667.0</ele><time>2025-04-08T09:49:03Z</time></trkpt>
      <trkpt lat="44.2647046" lon="7.0034137"><ele>2666.8</ele><time>2025-04-08T09:49:24Z</time></trkpt>
      <trkpt lat="44.2646977" lon="7.0031536"><ele>2662.4</ele><time>2025-04-08T09:49:56Z</time></trkpt>
      <trkpt lat="44.264758" lon="7.0030451"><ele>2665.8</ele><time>2025-04-08T10:01:47Z</time></trkpt>
      <trkpt lat="44.2653352" lon="7.0027774"><ele>2684.4</ele><time>2025-04-08T10:03:57Z</time></trkpt>
      <trkpt lat="44.2653501" lon="7.0025278"><ele>2689.1</ele><time>2025-04-08T10:04:27Z</time></trkpt>
      <trkpt lat="44.2652884" lon="7.0023604"><ele>2694.6</ele><time>2025-04-08T10:04:57Z</time></trkpt>
      <trkpt lat="44.2653792" lon="7.0020921"><ele>2694.3</ele><time>2025-04-08T10:05:33Z</time></trkpt>
      <trkpt lat="44.2655419" lon="7.0020362"><ele>2699.5</ele><time>2025-04-08T10:06:08Z</time></trkpt>
      <trkpt lat="44.2654648" lon="7.0015471"><ele>2703.3</ele><time>2025-04-08T10:07:10Z</time></trkpt>
      <trkpt lat="44.2656765" lon="7.001209"><ele>2715.6</ele><time>2025-04-08T10:08:12Z</time></trkpt>
      <trkpt lat="44.2656048" lon="7.0010272"><ele>2721.4</ele><time>2025-04-08T10:08:47Z</time></trkpt>
      <trkpt lat="44.2656436" lon="7.0008727"><ele>2725.1</ele><time>2025-04-08T10:09:14Z</time></trkpt>
      <trkpt lat="44.2655856" lon="7.0006808"><ele>2726.4</ele><time>2025-04-08T10:09:41Z</time></trkpt>
      <trkpt lat="44.2653888" lon="7.0003702"><ele>2737.3</ele><time>2025-04-08T10:10:37Z</time></trkpt>
      <trkpt lat="44.2655223" lon="7.0002405"><ele>2737.0</ele><time>2025-04-08T10:11:12Z</time></trkpt>
      <trkpt lat="44.2653772" lon="7.0001649"><ele>2745.7</ele><time>2025-04-08T10:11:54Z</time></trkpt>
      <trkpt lat="44.265574" lon="7.0000177"><ele>2749.2</ele><time>2025-04-08T10:12:39Z</time></trkpt>
      <trkpt lat="44.2654247" lon="6.9998368"><ele>2752.5</ele><time>2025-04-08T10:13:21Z</time></trkpt>
      <trkpt lat="44.2650174" lon="6.9998272"><ele>2766.8</ele><time>2025-04-08T10:14:31Z</time></trkpt>
      <trkpt lat="44.2648961" lon="6.9997123"><ele>2767.9</ele><time>2025-04-08T10:15:01Z</time></trkpt>
      <trkpt lat="44.2648741" lon="6.999116"><ele>2770.1</ele><time>2025-04-08T10:16:08Z</time></trkpt>
      <trkpt lat="44.2647166" lon="6.9987857"><ele>2764.1</ele><time>2025-04-08T10:16:50Z</time></trkpt>
      <trkpt lat="44.2646287" lon="6.9984146"><ele>2767.6</ele><time>2025-04-08T10:17:46Z</time></trkpt>
      <trkpt lat="44.2646352" lon="6.997927"><ele>2772.3</ele><time>2025-04-08T10:18:52Z</time></trkpt>
      <trkpt lat="44.2643559" lon="6.9971678"><ele>2797.1</ele><time>2025-04-08T10:21:22Z</time></trkpt>
      <trkpt lat="44.2646622" lon="6.9973278"><ele>2815.1</ele><time>2025-04-08T10:23:04Z</time></trkpt>
      <trkpt lat="44.2646317" lon="6.9970987"><ele>2817.4</ele><time>2025-04-08T10:24:34Z</time></trkpt>
      <trkpt lat="44.2648071" lon="6.9972333"><ele>2823.8</ele><time>2025-04-08T10:25:47Z</time></trkpt>
      <trkpt lat="44.264729" lon="6.9968646"><ele>2820.0</ele><time>2025-04-08T10:27:02Z</time></trkpt>
      <trkpt lat="44.2648107" lon="6.996864"><ele>2823.7</ele><time>2025-04-08T10:27:32Z</time></trkpt>
      <trkpt lat="44.2648622" lon="6.9969585"><ele>2829.9</ele><time>2025-04-08T10:27:58Z</time></trkpt>
      <trkpt lat="44.2648331" lon="6.9967396"><ele>2831.0</ele><time>2025-04-08T10:29:09Z</time></trkpt>
      <trkpt lat="44.2649668" lon="6.9969512"><ele>2843.1</ele><time>2025-04-08T10:31:42Z</time></trkpt>
      <trkpt lat="44.2649362" lon="6.9967289"><ele>2845.9</ele><time>2025-04-08T10:32:25Z</time></trkpt>
      <trkpt lat="44.2650631" lon="6.9968465"><ele>2851.6</ele><time>2025-04-08T10:33:34Z</time></trkpt>
      <trkpt lat="44.2649962" lon="6.9966347"><ele>2855.9</ele><time>2025-04-08T10:34:32Z</time></trkpt>
      <trkpt lat="44.2650809" lon="6.9964848"><ele>2859.3</ele><time>2025-04-08T10:37:57Z</time></trkpt>
      <trkpt lat="44.2652463" lon="6.9967401"><ele>2868.8</ele><time>2025-04-08T10:39:39Z</time></trkpt>
      <trkpt lat="44.2653948" lon="6.9967617"><ele>2876.9</ele><time>2025-04-08T10:42:36Z</time></trkpt>
      <trkpt lat="44.2653613" lon="6.9964735"><ele>2880.5</ele><time>2025-04-08T10:43:43Z</time></trkpt>
      <trkpt lat="44.265476" lon="6.9963976"><ele>2895.0</ele><time>2025-04-08T10:46:56Z</time></trkpt>
      <trkpt lat="44.265461" lon="6.9962532"><ele>2894.8</ele><time>2025-04-08T10:47:26Z</time></trkpt>
      <trkpt lat="44.2655225" lon="6.9961566"><ele>2906.5</ele><time>2025-04-08T10:50:40Z</time></trkpt>
      <trkpt lat="44.2656141" lon="6.9961904"><ele>2913.1</ele><time>2025-04-08T10:51:26Z</time></trkpt>
      <trkpt lat="44.2655512" lon="6.996007"><ele>2920.9</ele><time>2025-04-08T10:52:12Z</time></trkpt>
      <trkpt lat="44.2656741" lon="6.9958955"><ele>2926.4</ele><time>2025-04-08T10:58:21Z</time></trkpt>
      <trkpt lat="44.2656858" lon="6.9957438"><ele>2935.2</ele><time>2025-04-08T11:00:36Z</time></trkpt>
      <trkpt lat="44.265583" lon="6.9956901"><ele>2936.8</ele><time>2025-04-08T11:01:14Z</time></trkpt>
      <trkpt lat="44.2656285" lon="6.9958799"><ele>2940.6</ele><time>2025-04-08T11:31:01Z</time></trkpt>
      <trkpt lat="44.2656934" lon="6.995697"><ele>2938.9</ele><time>2025-04-08T11:40:32Z</time></trkpt>
      <trkpt lat="44.265791" lon="6.9957743"><ele>2937.3</ele><time>2025-04-08T11:40:37Z</time></trkpt>
      <trkpt lat="44.2660081" lon="6.9955817"><ele>2921.4</ele><time>2025-04-08T11:44:29Z</time></trkpt>
      <trkpt lat="44.2656638" lon="6.9951934"><ele>2912.9</ele><time>2025-04-08T11:44:39Z</time></trkpt>
      <trkpt lat="44.265401" lon="6.9945602"><ele>2899.4</ele><time>2025-04-08T11:44:49Z</time></trkpt>
      <trkpt lat="44.2658258" lon="6.9944602"><ele>2884.8</ele><time>2025-04-08T11:45:10Z</time></trkpt>
      <trkpt lat="44.2658652" lon="6.9941787"><ele>2879.3</ele><time>2025-04-08T11:45:15Z</time></trkpt>
      <trkpt lat="44.2662195" lon="6.9941691"><ele>2869.5</ele><time>2025-04-08T11:45:21Z</time></trkpt>
      <trkpt lat="44.2667941" lon="6.9937618"><ele>2861.0</ele><time>2025-04-08T11:45:26Z</time></trkpt>
      <trkpt lat="44.2668796" lon="6.9933779"><ele>2829.0</ele><time>2025-04-08T11:48:05Z</time></trkpt>
      <trkpt lat="44.267011" lon="6.9933163"><ele>2827.3</ele><time>2025-04-08T11:48:15Z</time></trkpt>
      <trkpt lat="44.2676798" lon="6.9934251"><ele>2818.8</ele><time>2025-04-08T11:48:25Z</time></trkpt>
      <trkpt lat="44.267987" lon="6.9933297"><ele>2816.2</ele><time>2025-04-08T11:48:30Z</time></trkpt>
      <trkpt lat="44.2683225" lon="6.9934348"><ele>2812.5</ele><time>2025-04-08T11:48:35Z</time></trkpt>
      <trkpt lat="44.2688361" lon="6.9933334"><ele>2794.5</ele><time>2025-04-08T11:48:50Z</time></trkpt>
      <trkpt lat="44.2690345" lon="6.9937053"><ele>2785.1</ele><time>2025-04-08T11:48:55Z</time></trkpt>
      <trkpt lat="44.2692993" lon="6.9938916"><ele>2772.8</ele><time>2025-04-08T11:49:00Z</time></trkpt>
      <trkpt lat="44.2693791" lon="6.994113"><ele>2760.7</ele><time>2025-04-08T11:50:33Z</time></trkpt>
      <trkpt lat="44.2695626" lon="6.9941944"><ele>2756.8</ele><time>2025-04-08T11:50:38Z</time></trkpt>
      <trkpt lat="44.2698061" lon="6.9940751"><ele>2752.5</ele><time>2025-04-08T11:50:43Z</time></trkpt>
      <trkpt lat="44.2702373" lon="6.9941871"><ele>2744.8</ele><time>2025-04-08T11:50:48Z</time></trkpt>
      <trkpt lat="44.2705999" lon="6.9941012"><ele>2741.0</ele><time>2025-04-08T11:50:53Z</time></trkpt>
      <trkpt lat="44.2708879" lon="6.993781"><ele>2731.6</ele><time>2025-04-08T11:51:03Z</time></trkpt>
      <trkpt lat="44.2713398" lon="6.9937727"><ele>2711.6</ele><time>2025-04-08T11:51:33Z</time></trkpt>
      <trkpt lat="44.2713708" lon="6.993692"><ele>2714.7</ele><time>2025-04-08T11:52:48Z</time></trkpt>
      <trkpt lat="44.2712914" lon="6.993077"><ele>2707.1</ele><time>2025-04-08T11:52:53Z</time></trkpt>
      <trkpt lat="44.2717734" lon="6.9929053"><ele>2697.6</ele><time>2025-04-08T11:52:59Z</time></trkpt>
      <trkpt lat="44.2721041" lon="6.9926955"><ele>2691.4</ele><time>2025-04-08T11:53:04Z</time></trkpt>
      <trkpt lat="44.272735" lon="6.9927221"><ele>2675.2</ele><time>2025-04-08T11:53:52Z</time></trkpt>
      <trkpt lat="44.2731519" lon="6.992521"><ele>2647.3</ele><time>2025-04-08T11:54:03Z</time></trkpt>
      <trkpt lat="44.2735441" lon="6.9928106"><ele>2635.8</ele><time>2025-04-08T11:54:08Z</time></trkpt>
      <trkpt lat="44.2749214" lon="6.9921875"><ele>2621.7</ele><time>2025-04-08T11:54:29Z</time></trkpt>
      <trkpt lat="44.2749502" lon="6.9920546"><ele>2622.0</ele><time>2025-04-08T11:54:35Z</time></trkpt>
      <trkpt lat="44.2750953" lon="6.9921683"><ele>2613.4</ele><time>2025-04-08T12:09:19Z</time></trkpt>
      <trkpt lat="44.2754119" lon="6.9921942"><ele>2614.8</ele><time>2025-04-08T12:10:18Z</time></trkpt>
      <trkpt lat="44.2759529" lon="6.9921121"><ele>2626.9</ele><time>2025-04-08T12:12:15Z</time></trkpt>
      <trkpt lat="44.2765468" lon="6.9915342"><ele>2635.8</ele><time>2025-04-08T12:15:29Z</time></trkpt>
      <trkpt lat="44.2771026" lon="6.9911604"><ele>2639.5</ele><time>2025-04-08T12:17:16Z</time></trkpt>
      <trkpt lat="44.2775139" lon="6.9907169"><ele>2654.2</ele><time>2025-04-08T12:19:18Z</time></trkpt>
      <trkpt lat="44.2775929" lon="6.9908469"><ele>2659.6</ele><time>2025-04-08T12:19:50Z</time></trkpt>
      <trkpt lat="44.2777392" lon="6.9907147"><ele>2660.8</ele><time>2025-04-08T12:20:17Z</time></trkpt>
      <trkpt lat="44.2778393" lon="6.990779"><ele>2663.3</ele><time>2025-04-08T12:20:44Z</time></trkpt>
      <trkpt lat="44.2777453" lon="6.9908737"><ele>2669.2</ele><time>2025-04-08T12:21:42Z</time></trkpt>
      <trkpt lat="44.2777561" lon="6.9910636"><ele>2672.6</ele><time>2025-04-08T12:22:14Z</time></trkpt>
      <trkpt lat="44.2779122" lon="6.9911941"><ele>2672.8</ele><time>2025-04-08T12:22:41Z</time></trkpt>
      <trkpt lat="44.2784884" lon="6.9909671"><ele>2682.2</ele><time>2025-04-08T12:24:12Z</time></trkpt>
      <trkpt lat="44.2785669" lon="6.9910498"><ele>2695.9</ele><time>2025-04-08T12:25:21Z</time></trkpt>
      <trkpt lat="44.2787319" lon="6.9909598"><ele>2696.0</ele><time>2025-04-08T12:26:04Z</time></trkpt>
      <trkpt lat="44.2787325" lon="6.9910641"><ele>2700.8</ele><time>2025-04-08T12:26:25Z</time></trkpt>
      <trkpt lat="44.2790467" lon="6.9910262"><ele>2701.4</ele><time>2025-04-08T12:27:29Z</time></trkpt>
      <trkpt lat="44.279245" lon="6.9911503"><ele>2718.1</ele><time>2025-04-08T12:29:26Z</time></trkpt>
      <trkpt lat="44.2794052" lon="6.9917091"><ele>2735.7</ele><time>2025-04-08T12:31:08Z</time></trkpt>
      <trkpt lat="44.279352" lon="6.991722"><ele>2728.6</ele><time>2025-04-08T12:31:24Z</time></trkpt>
      <trkpt lat="44.2792386" lon="6.9915621"><ele>2737.2</ele><time>2025-04-08T12:32:01Z</time></trkpt>
      <trkpt lat="44.2792687" lon="6.9919195"><ele>2741.9</ele><time>2025-04-08T12:33:10Z</time></trkpt>
      <trkpt lat="44.2791459" lon="6.9917324"><ele>2748.1</ele><time>2025-04-08T12:34:09Z</time></trkpt>
      <trkpt lat="44.2789762" lon="6.9918846"><ele>2748.5</ele><time>2025-04-08T13:13:08Z</time></trkpt>
      <trkpt lat="44.2790526" lon="6.9920678"><ele>2751.5</ele><time>2025-04-08T13:13:33Z</time></trkpt>
      <trkpt lat="44.2790704" lon="6.9923792"><ele>2757.9</ele><time>2025-04-08T13:14:15Z</time></trkpt>
      <trkpt lat="44.2793083" lon="6.9925349"><ele>2771.1</ele><time>2025-04-08T13:15:18Z</time></trkpt>
      <trkpt lat="44.2791589" lon="6.9926785"><ele>2775.6</ele><time>2025-04-08T13:15:55Z</time></trkpt>
      <trkpt lat="44.2800813" lon="6.9928889"><ele>2797.0</ele><time>2025-04-08T13:18:59Z</time></trkpt>
      <trkpt lat="44.2807602" lon="6.9928867"><ele>2819.1</ele><time>2025-04-08T13:21:27Z</time></trkpt>
      <trkpt lat="44.2808173" lon="6.992985"><ele>2825.0</ele><time>2025-04-08T13:23:14Z</time></trkpt>
      <trkpt lat="44.2806097" lon="6.9933188"><ele>2834.3</ele><time>2025-04-08T13:24:39Z</time></trkpt>
      <trkpt lat="44.280478" lon="6.9934046"><ele>2837.6</ele><time>2025-04-08T13:25:22Z</time></trkpt>
      <trkpt lat="44.2805474" lon="6.9934651"><ele>2839.5</ele><time>2025-04-08T13:25:43Z</time></trkpt>
      <trkpt lat="44.2808359" lon="6.9934227"><ele>2847.2</ele><time>2025-04-08T13:26:42Z</time></trkpt>
      <trkpt lat="44.2808863" lon="6.9935728"><ele>2852.7</ele><time>2025-04-08T13:27:40Z</time></trkpt>
      <trkpt lat="44.2806721" lon="6.9940023"><ele>2875.4</ele><time>2025-04-08T13:58:26Z</time></trkpt>
      <trkpt lat="44.2805635" lon="6.9940657"><ele>2884.1</ele><time>2025-04-08T14:00:48Z</time></trkpt>
      <trkpt lat="44.2803842" lon="6.994471"><ele>2905.1</ele><time>2025-04-08T14:05:58Z</time></trkpt>
      <trkpt lat="44.2802556" lon="6.9953209"><ele>2952.5</ele><time>2025-04-08T14:13:34Z</time></trkpt>
      <trkpt lat="44.2800865" lon="6.9957024"><ele>2974.5</ele><time>2025-04-08T14:18:25Z</time></trkpt>
      <trkpt lat="44.2800679" lon="6.9959637"><ele>2984.8</ele><time>2025-04-08T14:20:22Z</time></trkpt>
      <trkpt lat="44.2801588" lon="6.9960482"><ele>2995.8</ele><time>2025-04-08T14:51:25Z</time></trkpt>
      <trkpt lat="44.2801505" lon="6.9961282"><ele>2982.9</ele><time>2025-04-08T14:51:30Z</time></trkpt>
      <trkpt lat="44.2803568" lon="6.9960747"><ele>2971.2</ele><time>2025-04-08T14:51:41Z</time></trkpt>
      <trkpt lat="44.2803723" lon="6.9962479"><ele>2968.1</ele><time>2025-04-08T14:51:46Z</time></trkpt>
      <trkpt lat="44.2807187" lon="6.9965348"><ele>2946.7</ele><time>2025-04-08T14:52:02Z</time></trkpt>
      <trkpt lat="44.280883" lon="6.9965842"><ele>2937.2</ele><time>2025-04-08T14:52:07Z</time></trkpt>
      <trkpt lat="44.2808022" lon="6.9967551"><ele>2932.0</ele><time>2025-04-08T14:52:13Z</time></trkpt>
      <trkpt lat="44.2810137" lon="6.9970774"><ele>2925.2</ele><time>2025-04-08T14:52:18Z</time></trkpt>
      <trkpt lat="44.2810313" lon="6.9972677"><ele>2921.4</ele><time>2025-04-08T14:52:23Z</time></trkpt>
      <trkpt lat="44.2811735" lon="6.9975722"><ele>2901.3</ele><time>2025-04-08T14:53:48Z</time></trkpt>
      <trkpt lat="44.2811724" lon="6.9978877"><ele>2882.2</ele><time>2025-04-08T14:53:58Z</time></trkpt>
      <trkpt lat="44.2816248" lon="6.9976387"><ele>2868.1</ele><time>2025-04-08T14:54:20Z</time></trkpt>
      <trkpt lat="44.2813377" lon="6.9980805"><ele>2856.8</ele><time>2025-04-08T14:55:02Z</time></trkpt>
      <trkpt lat="44.281571" lon="6.9986118"><ele>2813.2</ele><time>2025-04-08T14:57:20Z</time></trkpt>
      <trkpt lat="44.2812649" lon="6.9992108"><ele>2801.8</ele><time>2025-04-08T14:57:36Z</time></trkpt>
      <trkpt lat="44.2813107" lon="6.9993275"><ele>2787.7</ele><time>2025-04-08T14:57:58Z</time></trkpt>
      <trkpt lat="44.2812891" lon="6.9995948"><ele>2784.4</ele><time>2025-04-08T14:58:08Z</time></trkpt>
      <trkpt lat="44.2814463" lon="6.9996949"><ele>2771.0</ele><time>2025-04-08T14:58:35Z</time></trkpt>
      <trkpt lat="44.2814566" lon="6.9997825"><ele>2766.4</ele><time>2025-04-08T14:58:40Z</time></trkpt>
      <trkpt lat="44.2817025" lon="6.999535"><ele>2757.4</ele><time>2025-04-08T14:59:02Z</time></trkpt>
      <trkpt lat="44.2819847" lon="6.9999825"><ele>2731.5</ele><time>2025-04-08T15:03:14Z</time></trkpt>
      <trkpt lat="44.2822106" lon="7.0006096"><ele>2723.8</ele><time>2025-04-08T15:03:20Z</time></trkpt>
      <trkpt lat="44.2831956" lon="7.0015696"><ele>2699.0</ele><time>2025-04-08T15:03:41Z</time></trkpt>
      <trkpt lat="44.2832961" lon="7.0015534"><ele>2686.0</ele><time>2025-04-08T15:05:25Z</time></trkpt>
      <trkpt lat="44.2836748" lon="7.0018605"><ele>2666.2</ele><time>2025-04-08T15:05:35Z</time></trkpt>
      <trkpt lat="44.2838851" lon="7.0018041"><ele>2648.0</ele><time>2025-04-08T15:05:41Z</time></trkpt>
      <trkpt lat="44.2843051" lon="7.0018654"><ele>2626.9</ele><time>2025-04-08T15:05:51Z</time></trkpt>
      <trkpt lat="44.2847995" lon="7.0015829"><ele>2581.3</ele><time>2025-04-08T15:06:26Z</time></trkpt>
      <trkpt lat="44.2852124" lon="7.0016763"><ele>2563.2</ele><time>2025-04-08T15:06:32Z</time></trkpt>
      <trkpt lat="44.2854611" lon="7.002108"><ele>2557.8</ele><time>2025-04-08T15:07:03Z</time></trkpt>
      <trkpt lat="44.2859941" lon="7.0023977"><ele>2542.0</ele><time>2025-04-08T15:07:33Z</time></trkpt>
      <trkpt lat="44.2862816" lon="7.002311"><ele>2536.8</ele><time>2025-04-08T15:07:38Z</time></trkpt>
      <trkpt lat="44.2867651" lon="7.0023106"><ele>2517.2</ele><time>2025-04-08T15:07:43Z</time></trkpt>
      <trkpt lat="44.2871529" lon="7.0024423"><ele>2511.2</ele><time>2025-04-08T15:07:48Z</time></trkpt>
      <trkpt lat="44.2872224" lon="7.0026281"><ele>2506.7</ele><time>2025-04-08T15:07:53Z</time></trkpt>
      <trkpt lat="44.2875212" lon="7.0026803"><ele>2494.7</ele><time>2025-04-08T15:07:58Z</time></trkpt>
      <trkpt lat="44.2879088" lon="7.0026132"><ele>2490.7</ele><time>2025-04-08T15:08:03Z</time></trkpt>
      <trkpt lat="44.2880773" lon="7.0027792"><ele>2481.1</ele><time>2025-04-08T15:08:33Z</time></trkpt>
      <trkpt lat="44.2884365" lon="7.0034872"><ele>2455.4</ele><time>2025-04-08T15:08:53Z</time></trkpt>
      <trkpt lat="44.2887966" lon="7.0037211"><ele>2421.5</ele><time>2025-04-08T15:09:04Z</time></trkpt>
      <trkpt lat="44.2890236" lon="7.0037385"><ele>2402.7</ele><time>2025-04-08T15:09:09Z</time></trkpt>
      <trkpt lat="44.2893003" lon="7.0039041"><ele>2382.5</ele><time>2025-04-08T15:09:14Z</time></trkpt>
      <trkpt lat="44.2898419" lon="7.0047559"><ele>2360.9</ele><time>2025-04-08T15:09:30Z</time></trkpt>
      <trkpt lat="44.2899734" lon="7.0048062"><ele>2354.0</ele><time>2025-04-08T15:11:14Z</time></trkpt>
      <trkpt lat="44.2916691" lon="7.0049583"><ele>2286.7</ele><time>2025-04-08T15:11:29Z</time></trkpt>
      <trkpt lat="44.292736" lon="7.0045096"><ele>2268.4</ele><time>2025-04-08T15:11:39Z</time></trkpt>
      <trkpt lat="44.2937735" lon="7.0039109"><ele>2254.2</ele><time>2025-04-08T15:12:47Z</time></trkpt>
      <trkpt lat="44.2940701" lon="7.0036118"><ele>2248.0</ele><time>2025-04-08T15:12:57Z</time></trkpt>
      <trkpt lat="44.2951482" lon="7.0028877"><ele>2239.6</ele><time>2025-04-08T15:13:29Z</time></trkpt>
      <trkpt lat="44.2961448" lon="7.0018695"><ele>2227.0</ele><time>2025-04-08T15:14:01Z</time></trkpt>
      <trkpt lat="44.2966804" lon="7.001494"><ele>2219.7</ele><time>2025-04-08T15:14:22Z</time></trkpt>
      <trkpt lat="44.2984525" lon="6.9989918"><ele>2170.8</ele><time>2025-04-08T15:15:14Z</time></trkpt>
      <trkpt lat="44.2991736" lon="6.9984283"><ele>2148.3</ele><time>2025-04-08T15:15:29Z</time></trkpt>
      <trkpt lat="44.2994921" lon="6.9984865"><ele>2142.7</ele><time>2025-04-08T15:16:06Z</time></trkpt>
      <trkpt lat="44.2996601" lon="6.9986028"><ele>2140.9</ele><time>2025-04-08T15:16:21Z</time></trkpt>
      <trkpt lat="44.2996956" lon="6.9986942"><ele>2139.5</ele><time>2025-04-08T15:16:37Z</time></trkpt>
      <trkpt lat="44.2995823" lon="6.9990324"><ele>2138.1</ele><time>2025-04-08T15:17:45Z</time></trkpt>
      <trkpt lat="44.2996088" lon="6.9992073"><ele>2142.1</ele><time>2025-04-08T15:17:56Z</time></trkpt>
      <trkpt lat="44.2999404" lon="6.9993281"><ele>2153.3</ele><time>2025-04-08T15:19:04Z</time></trkpt>
      <trkpt lat="44.299923" lon="6.9994666"><ele>2155.1</ele><time>2025-04-08T15:19:24Z</time></trkpt>
      <trkpt lat="44.2999787" lon="6.999208"><ele>2157.8</ele><time>2025-04-08T15:19:44Z</time></trkpt>
      <trkpt lat="44.2998946" lon="6.9993573"><ele>2154.3</ele><time>2025-04-08T15:19:59Z</time></trkpt>
      <trkpt lat="44.2998804" lon="6.9995668"><ele>2149.6</ele><time>2025-04-08T15:20:25Z</time></trkpt>
      <trkpt lat="44.2999873" lon="6.9996355"><ele>2150.4</ele><time>2025-04-08T15:20:40Z</time></trkpt>
      <trkpt lat="44.2999764" lon="6.9994883"><ele>2153.1</ele><time>2025-04-08T15:20:55Z</time></trkpt>
      <trkpt lat="44.2998789" lon="6.9995521"><ele>2148.7</ele><time>2025-04-08T15:21:11Z</time></trkpt>
      <trkpt lat="44.3000613" lon="6.9994587"><ele>2157.8</ele><time>2025-04-08T15:21:37Z</time></trkpt>
      <trkpt lat="44.2999383" lon="6.9994016"><ele>2153.0</ele><time>2025-04-08T15:21:48Z</time></trkpt>
      <trkpt lat="44.2999433" lon="6.9995193"><ele>2151.3</ele><time>2025-04-08T15:23:32Z</time></trkpt>
      <trkpt lat="44.2999358" lon="6.9993527"><ele>2137.1</ele><time>2025-04-09T03:06:21Z</time></trkpt>
      <trkpt lat="44.2999245" lon="6.9994336"><ele>2163.0</ele><time>2025-04-09T03:06:33Z</time></trkpt>
      <trkpt lat="44.300017" lon="6.9993768"><ele>2167.6</ele><time>2025-04-09T03:08:04Z</time></trkpt>
      <trkpt lat="44.3001082" lon="6.9994434"><ele>2163.2</ele><time>2025-04-09T03:08:09Z</time></trkpt>
      <trkpt lat="44.3000866" lon="6.9998673"><ele>2149.1</ele><time>2025-04-09T03:08:20Z</time></trkpt>
      <trkpt lat="44.300752" lon="7.00019"><ele>2134.4</ele><time>2025-04-09T03:08:36Z</time></trkpt>
      <trkpt lat="44.300838" lon="7.0003272"><ele>2128.0</ele><time>2025-04-09T03:08:41Z</time></trkpt>
      <trkpt lat="44.3007836" lon="7.0002585"><ele>2130.4</ele><time>2025-04-09T03:14:08Z</time></trkpt>
      <trkpt lat="44.3007897" lon="7.000068"><ele>2127.7</ele><time>2025-04-09T03:14:18Z</time></trkpt>
      <trkpt lat="44.3008652" lon="6.9998374"><ele>2128.0</ele><time>2025-04-09T03:14:59Z</time></trkpt>
      <trkpt lat="44.3004637" lon="6.9990425"><ele>2118.7</ele><time>2025-04-09T03:15:39Z</time></trkpt>
      <trkpt lat="44.3005758" lon="6.9980327"><ele>2104.8</ele><time>2025-04-09T03:16:04Z</time></trkpt>
      <trkpt lat="44.300476" lon="6.9978954"><ele>2106.6</ele><time>2025-04-09T03:21:49Z</time></trkpt>
      <trkpt lat="44.3004898" lon="6.9977234"><ele>2105.1</ele><time>2025-04-09T03:21:54Z</time></trkpt>
      <trkpt lat="44.3003576" lon="6.9976508"><ele>2105.5</ele><time>2025-04-09T03:22:00Z</time></trkpt>
      <trkpt lat="44.3005851" lon="6.9975175"><ele>2100.1</ele><time>2025-04-09T03:22:16Z</time></trkpt>
      <trkpt lat="44.3004906" lon="6.9974199"><ele>2093.1</ele><time>2025-04-09T03:22:21Z</time></trkpt>
      <trkpt lat="44.3004715" lon="6.9969053"><ele>2084.4</ele><time>2025-04-09T03:22:36Z</time></trkpt>
      <trkpt lat="44.3009893" lon="6.996476"><ele>2083.3</ele><time>2025-04-09T03:22:56Z</time></trkpt>
      <trkpt lat="44.3011456" lon="6.9964464"><ele>2082.7</ele><time>2025-04-09T03:23:01Z</time></trkpt>
      <trkpt lat="44.3013598" lon="6.9965331"><ele>2082.5</ele><time>2025-04-09T03:23:11Z</time></trkpt>
      <trkpt lat="44.3017625" lon="6.9962395"><ele>2079.5</ele><time>2025-04-09T03:23:43Z</time></trkpt>
      <trkpt lat="44.3021908" lon="6.9963273"><ele>2082.6</ele><time>2025-04-09T03:32:07Z</time></trkpt>
      <trkpt lat="44.3025175" lon="6.9957561"><ele>2089.7</ele><time>2025-04-09T03:33:59Z</time></trkpt>
      <trkpt lat="44.3025285" lon="6.9955719"><ele>2091.8</ele><time>2025-04-09T03:34:21Z</time></trkpt>
      <trkpt lat="44.302166" lon="6.9956608"><ele>2105.3</ele><time>2025-04-09T03:35:35Z</time></trkpt>
      <trkpt lat="44.3018133" lon="6.995574"><ele>2117.1</ele><time>2025-04-09T03:36:50Z</time></trkpt>
      <trkpt lat="44.3019694" lon="6.9953478"><ele>2117.7</ele><time>2025-04-09T03:37:33Z</time></trkpt>
      <trkpt lat="44.3020009" lon="6.9951349"><ele>2120.4</ele><time>2025-04-09T03:38:05Z</time></trkpt>
      <trkpt lat="44.3017864" lon="6.9951377"><ele>2128.0</ele><time>2025-04-09T03:38:47Z</time></trkpt>
      <trkpt lat="44.3015884" lon="6.9949026"><ele>2136.5</ele><time>2025-04-09T03:39:41Z</time></trkpt>
      <trkpt lat="44.3020143" lon="6.9941779"><ele>2147.1</ele><time>2025-04-09T03:41:59Z</time></trkpt>
      <trkpt lat="44.3017748" lon="6.9940079"><ele>2153.3</ele><time>2025-04-09T03:43:14Z</time></trkpt>
      <trkpt lat="44.3020424" lon="6.9939821"><ele>2158.5</ele><time>2025-04-09T03:44:02Z</time></trkpt>
      <trkpt lat="44.302468" lon="6.9935923"><ele>2178.2</ele><time>2025-04-09T03:45:59Z</time></trkpt>
      <trkpt lat="44.3023318" lon="6.9935095"><ele>2175.3</ele><time>2025-04-09T03:51:30Z</time></trkpt>
      <trkpt lat="44.3020745" lon="6.993577"><ele>2184.8</ele><time>2025-04-09T03:52:34Z</time></trkpt>
      <trkpt lat="44.3017476" lon="6.9933345"><ele>2188.8</ele><time>2025-04-09T03:54:05Z</time></trkpt>
      <trkpt lat="44.3020361" lon="6.9933217"><ele>2196.3</ele><time>2025-04-09T03:55:14Z</time></trkpt>
      <trkpt lat="44.3022309" lon="6.9931341"><ele>2202.3</ele><time>2025-04-09T03:56:07Z</time></trkpt>
      <trkpt lat="44.3024247" lon="6.9930613"><ele>2205.3</ele><time>2025-04-09T03:56:50Z</time></trkpt>
      <trkpt lat="44.3019962" lon="6.9929379"><ele>2210.7</ele><time>2025-04-09T03:59:19Z</time></trkpt>
      <trkpt lat="44.3018719" lon="6.9927969"><ele>2212.1</ele><time>2025-04-09T03:59:51Z</time></trkpt>
      <trkpt lat="44.302097" lon="6.9927456"><ele>2219.6</ele><time>2025-04-09T04:00:55Z</time></trkpt>
      <trkpt lat="44.3022852" lon="6.9925448"><ele>2224.8</ele><time>2025-04-09T04:02:49Z</time></trkpt>
      <trkpt lat="44.3024696" lon="6.9922405"><ele>2231.5</ele><time>2025-04-09T04:04:03Z</time></trkpt>
      <trkpt lat="44.3024979" lon="6.9920422"><ele>2228.4</ele><time>2025-04-09T04:04:35Z</time></trkpt>
      <trkpt lat="44.3024051" lon="6.9922544"><ele>2247.0</ele><time>2025-04-09T04:04:57Z</time></trkpt>
      <trkpt lat="44.3022693" lon="6.9922995"><ele>2255.3</ele><time>2025-04-09T04:05:55Z</time></trkpt>
      <trkpt lat="44.3020952" lon="6.9922955"><ele>2261.0</ele><time>2025-04-09T04:07:37Z</time></trkpt>
      <trkpt lat="44.3019009" lon="6.99218"><ele>2260.7</ele><time>2025-04-09T04:08:25Z</time></trkpt>
      <trkpt lat="44.3017558" lon="6.9919686"><ele>2265.7</ele><time>2025-04-09T04:09:50Z</time></trkpt>
      <trkpt lat="44.3019948" lon="6.9919016"><ele>2269.1</ele><time>2025-04-09T04:10:43Z</time></trkpt>
      <trkpt lat="44.3018848" lon="6.9918"><ele>2274.5</ele><time>2025-04-09T04:23:30Z</time></trkpt>
      <trkpt lat="44.3019711" lon="6.9915119"><ele>2279.5</ele><time>2025-04-09T04:24:18Z</time></trkpt>
      <trkpt lat="44.3017419" lon="6.991596"><ele>2288.2</ele><time>2025-04-09T04:25:17Z</time></trkpt>
      <trkpt lat="44.3019022" lon="6.9911473"><ele>2291.7</ele><time>2025-04-09T04:28:18Z</time></trkpt>
      <trkpt lat="44.3016107" lon="6.9912286"><ele>2301.5</ele><time>2025-04-09T04:29:17Z</time></trkpt>
      <trkpt lat="44.3017663" lon="6.9908364"><ele>2306.2</ele><time>2025-04-09T04:30:16Z</time></trkpt>
      <trkpt lat="44.3015503" lon="6.9908966"><ele>2311.3</ele><time>2025-04-09T04:30:53Z</time></trkpt>
      <trkpt lat="44.3015933" lon="6.9907352"><ele>2316.3</ele><time>2025-04-09T04:31:20Z</time></trkpt>
      <trkpt lat="44.3014144" lon="6.9904526"><ele>2327.0</ele><time>2025-04-09T04:32:13Z</time></trkpt>
      <trkpt lat="44.30084" lon="6.9900958"><ele>2346.8</ele><time>2025-04-09T04:36:40Z</time></trkpt>
      <trkpt lat="44.3009653" lon="6.9895292"><ele>2354.4</ele><time>2025-04-09T04:38:32Z</time></trkpt>
      <trkpt lat="44.3005037" lon="6.9895466"><ele>2379.7</ele><time>2025-04-09T04:40:29Z</time></trkpt>
      <trkpt lat="44.3005253" lon="6.989195"><ele>2376.1</ele><time>2025-04-09T04:41:22Z</time></trkpt>
      <trkpt lat="44.3003022" lon="6.9891882"><ele>2388.2</ele><time>2025-04-09T04:42:16Z</time></trkpt>
      <trkpt lat="44.2995571" lon="6.9887586"><ele>2400.2</ele><time>2025-04-09T04:44:52Z</time></trkpt>
      <trkpt lat="44.2992684" lon="6.9884478"><ele>2400.2</ele><time>2025-04-09T04:46:02Z</time></trkpt>
      <trkpt lat="44.299095" lon="6.9881456"><ele>2409.2</ele><time>2025-04-09T04:49:20Z</time></trkpt>
      <trkpt lat="44.2990896" lon="6.9880214"><ele>2410.8</ele><time>2025-04-09T04:49:41Z</time></trkpt>
      <trkpt lat="44.2988571" lon="6.9878625"><ele>2418.3</ele><time>2025-04-09T04:50:37Z</time></trkpt>
      <trkpt lat="44.298599" lon="6.98746"><ele>2426.0</ele><time>2025-04-09T04:51:54Z</time></trkpt>
      <trkpt lat="44.2977769" lon="6.9878863"><ele>2451.5</ele><time>2025-04-09T05:03:03Z</time></trkpt>
      <trkpt lat="44.2974237" lon="6.9879687"><ele>2459.0</ele><time>2025-04-09T05:04:13Z</time></trkpt>
      <trkpt lat="44.2972442" lon="6.9879416"><ele>2462.9</ele><time>2025-04-09T05:04:49Z</time></trkpt>
      <trkpt lat="44.2967057" lon="6.9873865"><ele>2475.4</ele><time>2025-04-09T05:06:43Z</time></trkpt>
      <trkpt lat="44.2954829" lon="6.9858077"><ele>2504.6</ele><time>2025-04-09T05:10:42Z</time></trkpt>
      <trkpt lat="44.2952638" lon="6.9854241"><ele>2508.7</ele><time>2025-04-09T05:11:37Z</time></trkpt>
      <trkpt lat="44.2948745" lon="6.9844361"><ele>2522.9</ele><time>2025-04-09T05:14:19Z</time></trkpt>
      <trkpt lat="44.2942977" lon="6.9838264"><ele>2531.7</ele><time>2025-04-09T05:15:48Z</time></trkpt>
      <trkpt lat="44.2937949" lon="6.9822932"><ele>2558.8</ele><time>2025-04-09T05:19:05Z</time></trkpt>
      <trkpt lat="44.2941229" lon="6.9819486"><ele>2567.9</ele><time>2025-04-09T05:22:03Z</time></trkpt>
      <trkpt lat="44.2941741" lon="6.9816433"><ele>2577.3</ele><time>2025-04-09T05:22:53Z</time></trkpt>
      <trkpt lat="44.2943794" lon="6.9815309"><ele>2582.1</ele><time>2025-04-09T05:41:01Z</time></trkpt>
      <trkpt lat="44.2944078" lon="6.9813126"><ele>2587.5</ele><time>2025-04-09T05:41:37Z</time></trkpt>
      <trkpt lat="44.294512" lon="6.981328"><ele>2588.4</ele><time>2025-04-09T05:42:09Z</time></trkpt>
      <trkpt lat="44.2944275" lon="6.9810999"><ele>2596.8</ele><time>2025-04-09T05:42:59Z</time></trkpt>
      <trkpt lat="44.2945708" lon="6.9808463"><ele>2601.2</ele><time>2025-04-09T05:44:01Z</time></trkpt>
      <trkpt lat="44.2944266" lon="6.9806904"><ele>2606.8</ele><time>2025-04-09T05:44:52Z</time></trkpt>
      <trkpt lat="44.2944593" lon="6.9805288"><ele>2613.9</ele><time>2025-04-09T05:45:17Z</time></trkpt>
      <trkpt lat="44.2948744" lon="6.9805424"><ele>2616.3</ele><time>2025-04-09T05:47:16Z</time></trkpt>
      <trkpt lat="44.2947172" lon="6.9802899"><ele>2629.1</ele><time>2025-04-09T05:48:14Z</time></trkpt>
      <trkpt lat="44.2949419" lon="6.9800486"><ele>2635.6</ele><time>2025-04-09T05:49:28Z</time></trkpt>
      <trkpt lat="44.2951046" lon="6.9802946"><ele>2638.5</ele><time>2025-04-09T05:50:43Z</time></trkpt>
      <trkpt lat="44.2950747" lon="6.9800879"><ele>2649.5</ele><time>2025-04-09T05:51:15Z</time></trkpt>
      <trkpt lat="44.2951845" lon="6.9801848"><ele>2646.2</ele><time>2025-04-09T05:51:52Z</time></trkpt>
      <trkpt lat="44.2951578" lon="6.9799975"><ele>2652.9</ele><time>2025-04-09T05:52:30Z</time></trkpt>
      <trkpt lat="44.2952569" lon="6.9799148"><ele>2657.8</ele><time>2025-04-09T05:54:06Z</time></trkpt>
      <trkpt lat="44.2954978" lon="6.9800804"><ele>2674.3</ele><time>2025-04-09T05:55:58Z</time></trkpt>
      <trkpt lat="44.295509" lon="6.9797715"><ele>2680.5</ele><time>2025-04-09T05:57:07Z</time></trkpt>
      <trkpt lat="44.2958775" lon="6.9790788"><ele>2692.6</ele><time>2025-04-09T06:07:25Z</time></trkpt>
      <trkpt lat="44.2959009" lon="6.9787895"><ele>2697.2</ele><time>2025-04-09T06:08:13Z</time></trkpt>
      <trkpt lat="44.2958182" lon="6.9785125"><ele>2706.7</ele><time>2025-04-09T06:09:33Z</time></trkpt>
      <trkpt lat="44.2959832" lon="6.9785639"><ele>2706.5</ele><time>2025-04-09T06:10:42Z</time></trkpt>
      <trkpt lat="44.2959076" lon="6.9783909"><ele>2712.6</ele><time>2025-04-09T06:12:02Z</time></trkpt>
      <trkpt lat="44.2961505" lon="6.9784421"><ele>2716.7</ele><time>2025-04-09T06:13:22Z</time></trkpt>
      <trkpt lat="44.2959488" lon="6.9782444"><ele>2725.4</ele><time>2025-04-09T06:15:20Z</time></trkpt>
      <trkpt lat="44.2958784" lon="6.9779307"><ele>2731.9</ele><time>2025-04-09T06:17:28Z</time></trkpt>
      <trkpt lat="44.2959282" lon="6.9778497"><ele>2740.1</ele><time>2025-04-09T06:25:12Z</time></trkpt>
      <trkpt lat="44.2961681" lon="6.9778525"><ele>2754.6</ele><time>2025-04-09T06:28:13Z</time></trkpt>
      <trkpt lat="44.2961258" lon="6.9776992"><ele>2761.1</ele><time>2025-04-09T06:28:56Z</time></trkpt>
      <trkpt lat="44.2962037" lon="6.9775149"><ele>2765.3</ele><time>2025-04-09T06:31:04Z</time></trkpt>
      <trkpt lat="44.2962646" lon="6.9775711"><ele>2775.4</ele><time>2025-04-09T06:42:11Z</time></trkpt>
      <trkpt lat="44.2965228" lon="6.977511"><ele>2758.6</ele><time>2025-04-09T06:42:21Z</time></trkpt>
      <trkpt lat="44.297055" lon="6.9771025"><ele>2754.7</ele><time>2025-04-09T06:42:27Z</time></trkpt>
      <trkpt lat="44.2973126" lon="6.9771722"><ele>2743.7</ele><time>2025-04-09T06:42:32Z</time></trkpt>
      <trkpt lat="44.2973199" lon="6.9772546"><ele>2725.3</ele><time>2025-04-09T06:44:09Z</time></trkpt>
      <trkpt lat="44.2979752" lon="6.9771278"><ele>2712.0</ele><time>2025-04-09T06:44:24Z</time></trkpt>
      <trkpt lat="44.2978991" lon="6.9767582"><ele>2707.8</ele><time>2025-04-09T06:44:34Z</time></trkpt>
      <trkpt lat="44.297795" lon="6.9765609"><ele>2705.1</ele><time>2025-04-09T06:44:39Z</time></trkpt>
      <trkpt lat="44.2978448" lon="6.9763315"><ele>2703.6</ele><time>2025-04-09T06:44:44Z</time></trkpt>
      <trkpt lat="44.2982124" lon="6.9762027"><ele>2679.8</ele><time>2025-04-09T06:44:54Z</time></trkpt>
      <trkpt lat="44.298812" lon="6.9762103"><ele>2650.6</ele><time>2025-04-09T06:45:05Z</time></trkpt>
      <trkpt lat="44.2989901" lon="6.9755989"><ele>2635.5</ele><time>2025-04-09T06:45:25Z</time></trkpt>
      <trkpt lat="44.299633" lon="6.9740346"><ele>2613.0</ele><time>2025-04-09T06:46:01Z</time></trkpt>
      <trkpt lat="44.3001178" lon="6.9738926"><ele>2592.0</ele><time>2025-04-09T06:46:16Z</time></trkpt>
      <trkpt lat="44.3003026" lon="6.9736195"><ele>2573.3</ele><time>2025-04-09T06:46:26Z</time></trkpt>
      <trkpt lat="44.3005337" lon="6.9735016"><ele>2561.8</ele><time>2025-04-09T06:46:31Z</time></trkpt>
      <trkpt lat="44.3008099" lon="6.9732077"><ele>2549.8</ele><time>2025-04-09T06:46:36Z</time></trkpt>
      <trkpt lat="44.3009236" lon="6.9728881"><ele>2531.0</ele><time>2025-04-09T06:46:41Z</time></trkpt>
      <trkpt lat="44.3008968" lon="6.9727992"><ele>2510.5</ele><time>2025-04-09T06:48:32Z</time></trkpt>
      <trkpt lat="44.3010524" lon="6.9726384"><ele>2504.4</ele><time>2025-04-09T06:48:37Z</time></trkpt>
      <trkpt lat="44.3014058" lon="6.972479"><ele>2492.3</ele><time>2025-04-09T06:48:42Z</time></trkpt>
      <trkpt lat="44.3012398" lon="6.9713055"><ele>2458.9</ele><time>2025-04-09T06:49:02Z</time></trkpt>
      <trkpt lat="44.3012984" lon="6.9708012"><ele>2450.7</ele><time>2025-04-09T06:49:18Z</time></trkpt>
      <trkpt lat="44.301271" lon="6.9705879"><ele>2449.2</ele><time>2025-04-09T06:49:28Z</time></trkpt>
      <trkpt lat="44.3011815" lon="6.9703869"><ele>2449.9</ele><time>2025-04-09T06:55:02Z</time></trkpt>
      <trkpt lat="44.301106" lon="6.9705847"><ele>2458.8</ele><time>2025-04-09T06:55:49Z</time></trkpt>
      <trkpt lat="44.3009645" lon="6.9700327"><ele>2467.3</ele><time>2025-04-09T06:57:46Z</time></trkpt>
      <trkpt lat="44.3008041" lon="6.9704918"><ele>2481.3</ele><time>2025-04-09T06:59:17Z</time></trkpt>
      <trkpt lat="44.3007802" lon="6.9704402"><ele>2476.3</ele><time>2025-04-09T06:59:22Z</time></trkpt>
      <trkpt lat="44.3007098" lon="6.9700586"><ele>2484.3</ele><time>2025-04-09T07:00:31Z</time></trkpt>
      <trkpt lat="44.3008205" lon="6.969516"><ele>2499.7</ele><time>2025-04-09T07:02:29Z</time></trkpt>
      <trkpt lat="44.3007588" lon="6.9688377"><ele>2513.3</ele><time>2025-04-09T07:04:42Z</time></trkpt>
      <trkpt lat="44.3006984" lon="6.968675"><ele>2515.8</ele><time>2025-04-09T07:05:19Z</time></trkpt>
      <trkpt lat="44.3005167" lon="6.9688906"><ele>2519.4</ele><time>2025-04-09T07:06:13Z</time></trkpt>
      <trkpt lat="44.300468" lon="6.9686673"><ele>2521.9</ele><time>2025-04-09T07:06:39Z</time></trkpt>
      <trkpt lat="44.3007168" lon="6.9675299"><ele>2530.8</ele><time>2025-04-09T07:09:03Z</time></trkpt>
      <trkpt lat="44.3007006" lon="6.9673715"><ele>2535.9</ele><time>2025-04-09T07:09:30Z</time></trkpt>
      <trkpt lat="44.3005871" lon="6.9673355"><ele>2536.5</ele><time>2025-04-09T07:21:23Z</time></trkpt>
      <trkpt lat="44.3003228" lon="6.9669692"><ele>2540.6</ele><time>2025-04-09T07:23:05Z</time></trkpt>
      <trkpt lat="44.3000866" lon="6.9663661"><ele>2548.1</ele><time>2025-04-09T07:24:31Z</time></trkpt>
      <trkpt lat="44.2996127" lon="6.9655943"><ele>2552.6</ele><time>2025-04-09T07:26:44Z</time></trkpt>
      <trkpt lat="44.2991317" lon="6.9645333"><ele>2567.1</ele><time>2025-04-09T07:29:52Z</time></trkpt>
      <trkpt lat="44.2986066" lon="6.9637704"><ele>2553.7</ele><time>2025-04-09T07:31:55Z</time></trkpt>
      <trkpt lat="44.2982855" lon="6.9631331"><ele>2559.1</ele><time>2025-04-09T07:32:55Z</time></trkpt>
      <trkpt lat="44.2979768" lon="6.9621714"><ele>2577.8</ele><time>2025-04-09T07:34:50Z</time></trkpt>
      <trkpt lat="44.2979383" lon="6.9618506"><ele>2580.6</ele><time>2025-04-09T07:35:31Z</time></trkpt>
      <trkpt lat="44.2980263" lon="6.9614449"><ele>2587.7</ele><time>2025-04-09T07:36:28Z</time></trkpt>
      <trkpt lat="44.2980289" lon="6.9610702"><ele>2592.7</ele><time>2025-04-09T07:37:24Z</time></trkpt>
      <trkpt lat="44.2979447" lon="6.960608"><ele>2598.7</ele><time>2025-04-09T07:39:31Z</time></trkpt>
      <trkpt lat="44.2983289" lon="6.9603688"><ele>2608.2</ele><time>2025-04-09T07:42:27Z</time></trkpt>
      <trkpt lat="44.2981977" lon="6.9600499"><ele>2617.9</ele><time>2025-04-09T07:43:36Z</time></trkpt>
      <trkpt lat="44.2983641" lon="6.9599655"><ele>2622.8</ele><time>2025-04-09T07:44:24Z</time></trkpt>
      <trkpt lat="44.2982217" lon="6.9597165"><ele>2626.9</ele><time>2025-04-09T07:45:18Z</time></trkpt>
      <trkpt lat="44.2984597" lon="6.9596261"><ele>2632.6</ele><time>2025-04-09T07:46:11Z</time></trkpt>
      <trkpt lat="44.2983588" lon="6.9594662"><ele>2635.0</ele><time>2025-04-09T07:46:43Z</time></trkpt>
      <trkpt lat="44.2984892" lon="6.959367"><ele>2642.3</ele><time>2025-04-09T07:47:20Z</time></trkpt>
      <trkpt lat="44.2983455" lon="6.9592135"><ele>2646.4</ele><time>2025-04-09T07:47:58Z</time></trkpt>
      <trkpt lat="44.2985024" lon="6.959107"><ele>2650.0</ele><time>2025-04-09T07:48:35Z</time></trkpt>
      <trkpt lat="44.2985916" lon="6.9591359"><ele>2651.0</ele><time>2025-04-09T07:49:02Z</time></trkpt>
      <trkpt lat="44.2985669" lon="6.958971"><ele>2656.1</ele><time>2025-04-09T07:51:10Z</time></trkpt>
      <trkpt lat="44.2984307" lon="6.9588814"><ele>2661.1</ele><time>2025-04-09T07:52:03Z</time></trkpt>
      <trkpt lat="44.2984376" lon="6.9587404"><ele>2663.1</ele><time>2025-04-09T07:53:12Z</time></trkpt>
      <trkpt lat="44.2986829" lon="6.9586761"><ele>2668.3</ele><time>2025-04-09T07:54:11Z</time></trkpt>
      <trkpt lat="44.2987011" lon="6.958741"><ele>2667.0</ele><time>2025-04-09T07:54:27Z</time></trkpt>
      <trkpt lat="44.2984063" lon="6.9583635"><ele>2671.2</ele><time>2025-04-09T07:55:47Z</time></trkpt>
      <trkpt lat="44.2987421" lon="6.9583191"><ele>2677.9</ele><time>2025-04-09T07:56:46Z</time></trkpt>
      <trkpt lat="44.2985619" lon="6.9580896"><ele>2688.4</ele><time>2025-04-09T07:57:44Z</time></trkpt>
      <trkpt lat="44.2987379" lon="6.9580624"><ele>2693.1</ele><time>2025-04-09T07:58:32Z</time></trkpt>
      <trkpt lat="44.2987391" lon="6.9579304"><ele>2698.1</ele><time>2025-04-09T07:59:36Z</time></trkpt>
      <trkpt lat="44.298646" lon="6.9578347"><ele>2704.5</ele><time>2025-04-09T08:00:08Z</time></trkpt>
      <trkpt lat="44.2989646" lon="6.9578175"><ele>2709.5</ele><time>2025-04-09T08:01:23Z</time></trkpt>
      <trkpt lat="44.2988489" lon="6.9576626"><ele>2714.2</ele><time>2025-04-09T08:06:06Z</time></trkpt>
      <trkpt lat="44.2988991" lon="6.9575586"><ele>2719.3</ele><time>2025-04-09T08:07:10Z</time></trkpt>
      <trkpt lat="44.2991766" lon="6.9577028"><ele>2728.0</ele><time>2025-04-09T08:08:30Z</time></trkpt>
      <trkpt lat="44.2990795" lon="6.9574898"><ele>2730.5</ele><time>2025-04-09T08:09:12Z</time></trkpt>
      <trkpt lat="44.2991038" lon="6.9573283"><ele>2734.6</ele><time>2025-04-09T08:19:27Z</time></trkpt>
      <trkpt lat="44.2992119" lon="6.9571388"><ele>2755.9</ele><time>2025-04-09T08:21:35Z</time></trkpt>
      <trkpt lat="44.2992753" lon="6.9571354"><ele>2758.0</ele><time>2025-04-09T08:22:07Z</time></trkpt>
      <trkpt lat="44.2993944" lon="6.9568497"><ele>2776.6</ele><time>2025-04-09T08:24:47Z</time></trkpt>
      <trkpt lat="44.2995454" lon="6.9566607"><ele>2807.6</ele><time>2025-04-09T08:47:19Z</time></trkpt>
      <trkpt lat="44.299641" lon="6.9566512"><ele>2805.2</ele><time>2025-04-09T08:47:44Z</time></trkpt>
      <trkpt lat="44.2995956" lon="6.9566074"><ele>2802.1</ele><time>2025-04-09T08:47:59Z</time></trkpt>
      <trkpt lat="44.2999041" lon="6.9559355"><ele>2789.0</ele><time>2025-04-09T08:48:26Z</time></trkpt>
      <trkpt lat="44.3000859" lon="6.9560615"><ele>2783.0</ele><time>2025-04-09T08:49:17Z</time></trkpt>
      <trkpt lat="44.3003235" lon="6.9559876"><ele>2774.7</ele><time>2025-04-09T08:49:23Z</time></trkpt>
      <trkpt lat="44.3003985" lon="6.956138"><ele>2771.5</ele><time>2025-04-09T08:49:28Z</time></trkpt>
      <trkpt lat="44.3007593" lon="6.9557012"><ele>2741.6</ele><time>2025-04-09T08:49:43Z</time></trkpt>
      <trkpt lat="44.301556" lon="6.9550705"><ele>2710.4</ele><time>2025-04-09T08:50:18Z</time></trkpt>
      <trkpt lat="44.3020741" lon="6.9544427"><ele>2689.5</ele><time>2025-04-09T08:50:28Z</time></trkpt>
      <trkpt lat="44.302505" lon="6.9537101"><ele>2676.9</ele><time>2025-04-09T08:50:38Z</time></trkpt>
      <trkpt lat="44.3029684" lon="6.95341"><ele>2664.7</ele><time>2025-04-09T08:51:55Z</time></trkpt>
      <trkpt lat="44.3031728" lon="6.9531835"><ele>2661.0</ele><time>2025-04-09T08:52:00Z</time></trkpt>
      <trkpt lat="44.3034917" lon="6.9531305"><ele>2658.3</ele><time>2025-04-09T08:52:05Z</time></trkpt>
      <trkpt lat="44.3038899" lon="6.9525938"><ele>2644.6</ele><time>2025-04-09T08:52:10Z</time></trkpt>
      <trkpt lat="44.3042668" lon="6.952748"><ele>2630.2</ele><time>2025-04-09T08:52:15Z</time></trkpt>
      <trkpt lat="44.3052338" lon="6.9527574"><ele>2616.3</ele><time>2025-04-09T08:52:25Z</time></trkpt>
      <trkpt lat="44.3055236" lon="6.9524999"><ele>2607.9</ele><time>2025-04-09T08:52:30Z</time></trkpt>
      <trkpt lat="44.3064466" lon="6.951968"><ele>2595.0</ele><time>2025-04-09T08:52:45Z</time></trkpt>
      <trkpt lat="44.3067207" lon="6.95175"><ele>2592.6</ele><time>2025-04-09T08:52:51Z</time></trkpt>
      <trkpt lat="44.3068769" lon="6.9515012"><ele>2589.4</ele><time>2025-04-09T08:52:56Z</time></trkpt>
      <trkpt lat="44.3072511" lon="6.9512675"><ele>2584.0</ele><time>2025-04-09T08:53:01Z</time></trkpt>
      <trkpt lat="44.3089216" lon="6.9508122"><ele>2546.9</ele><time>2025-04-09T08:53:33Z</time></trkpt>
      <trkpt lat="44.3090215" lon="6.9506496"><ele>2541.2</ele><time>2025-04-09T08:53:38Z</time></trkpt>
      <trkpt lat="44.309227" lon="6.9507656"><ele>2525.8</ele><time>2025-04-09T08:53:43Z</time></trkpt>
      <trkpt lat="44.3104396" lon="6.95011"><ele>2492.9</ele><time>2025-04-09T08:53:58Z</time></trkpt>
      <trkpt lat="44.3109096" lon="6.9499876"><ele>2485.6</ele><time>2025-04-09T08:54:03Z</time></trkpt>
      <trkpt lat="44.3112734" lon="6.949697"><ele>2480.3</ele><time>2025-04-09T08:54:08Z</time></trkpt>
      <trkpt lat="44.3115575" lon="6.9493341"><ele>2478.3</ele><time>2025-04-09T08:54:13Z</time></trkpt>
      <trkpt lat="44.3119044" lon="6.9491806"><ele>2470.2</ele><time>2025-04-09T08:54:18Z</time></trkpt>
      <trkpt lat="44.3122299" lon="6.9489219"><ele>2464.9</ele><time>2025-04-09T08:54:23Z</time></trkpt>
      <trkpt lat="44.3124997" lon="6.9485904"><ele>2461.5</ele><time>2025-04-09T08:54:28Z</time></trkpt>
      <trkpt lat="44.3128666" lon="6.9484223"><ele>2456.0</ele><time>2025-04-09T08:54:33Z</time></trkpt>
      <trkpt lat="44.3135755" lon="6.9479072"><ele>2444.6</ele><time>2025-04-09T08:54:43Z</time></trkpt>
      <trkpt lat="44.3149844" lon="6.9464639"><ele>2423.6</ele><time>2025-04-09T08:55:25Z</time></trkpt>
      <trkpt lat="44.3155053" lon="6.9456651"><ele>2421.2</ele><time>2025-04-09T08:55:51Z</time></trkpt>
      <trkpt lat="44.3165474" lon="6.9446941"><ele>2412.9</ele><time>2025-04-09T08:56:27Z</time></trkpt>
      <trkpt lat="44.3174377" lon="6.9435253"><ele>2408.7</ele><time>2025-04-09T08:57:40Z</time></trkpt>
      <trkpt lat="44.3178547" lon="6.9427957"><ele>2406.9</ele><time>2025-04-09T08:58:05Z</time></trkpt>
      <trkpt lat="44.3178717" lon="6.9422439"><ele>2406.5</ele><time>2025-04-09T08:58:15Z</time></trkpt>
      <trkpt lat="44.3177729" lon="6.9420988"><ele>2403.7</ele><time>2025-04-09T08:58:20Z</time></trkpt>
      <trkpt lat="44.3171548" lon="6.9421564"><ele>2395.2</ele><time>2025-04-09T08:58:30Z</time></trkpt>
      <trkpt lat="44.3168346" lon="6.94199"><ele>2390.4</ele><time>2025-04-09T08:58:35Z</time></trkpt>
      <trkpt lat="44.3167486" lon="6.9417971"><ele>2383.3</ele><time>2025-04-09T08:58:45Z</time></trkpt>
      <trkpt lat="44.3166488" lon="6.9418827"><ele>2381.9</ele><time>2025-04-09T08:59:00Z</time></trkpt>
      <trkpt lat="44.3167759" lon="6.9420327"><ele>2372.5</ele><time>2025-04-09T09:01:24Z</time></trkpt>
      <trkpt lat="44.3166789" lon="6.9420248"><ele>2380.6</ele><time>2025-04-09T10:12:08Z</time></trkpt>
      <trkpt lat="44.3166442" lon="6.9417274"><ele>2377.3</ele><time>2025-04-09T10:12:40Z</time></trkpt>
      <trkpt lat="44.316692" lon="6.941791"><ele>2378.0</ele><time>2025-04-09T10:16:28Z</time></trkpt>
      <trkpt lat="44.3166463" lon="6.9420488"><ele>2378.2</ele><time>2025-04-09T10:19:55Z</time></trkpt>
      <trkpt lat="44.3166908" lon="6.9420974"><ele>2377.5</ele><time>2025-04-09T10:20:10Z</time></trkpt>
      <trkpt lat="44.3172063" lon="6.9419653"><ele>2382.0</ele><time>2025-04-09T10:21:34Z</time></trkpt>
      <trkpt lat="44.3175847" lon="6.9420239"><ele>2391.3</ele><time>2025-04-09T10:22:54Z</time></trkpt>
      <trkpt lat="44.3174728" lon="6.942229"><ele>2394.9</ele><time>2025-04-09T10:23:31Z</time></trkpt>
      <trkpt lat="44.3178052" lon="6.9419901"><ele>2401.8</ele><time>2025-04-09T10:30:00Z</time></trkpt>
      <trkpt lat="44.3183955" lon="6.942276"><ele>2414.3</ele><time>2025-04-09T10:31:58Z</time></trkpt>
      <trkpt lat="44.3188573" lon="6.9420251"><ele>2428.6</ele><time>2025-04-09T10:33:55Z</time></trkpt>
      <trkpt lat="44.3191602" lon="6.9415424"><ele>2447.4</ele><time>2025-04-09T10:36:14Z</time></trkpt>
      <trkpt lat="44.3191955" lon="6.9417792"><ele>2451.4</ele><time>2025-04-09T10:36:51Z</time></trkpt>
      <trkpt lat="44.3192897" lon="6.9415896"><ele>2458.2</ele><time>2025-04-09T10:37:44Z</time></trkpt>
      <trkpt lat="44.3192861" lon="6.941836"><ele>2461.3</ele><time>2025-04-09T10:38:38Z</time></trkpt>
      <trkpt lat="44.319413" lon="6.9416651"><ele>2467.5</ele><time>2025-04-09T10:39:20Z</time></trkpt>
      <trkpt lat="44.3195587" lon="6.9422221"><ele>2475.6</ele><time>2025-04-09T10:40:40Z</time></trkpt>
      <trkpt lat="44.3198173" lon="6.9419539"><ele>2484.3</ele><time>2025-04-09T10:49:02Z</time></trkpt>
      <trkpt lat="44.3198199" lon="6.9418633"><ele>2484.6</ele><time>2025-04-09T10:49:23Z</time></trkpt>
      <trkpt lat="44.3199027" lon="6.9420697"><ele>2494.9</ele><time>2025-04-09T10:50:57Z</time></trkpt>
      <trkpt lat="44.320098" lon="6.9418986"><ele>2497.9</ele><time>2025-04-09T10:51:52Z</time></trkpt>
      <trkpt lat="44.3201061" lon="6.9417352"><ele>2500.7</ele><time>2025-04-09T10:52:17Z</time></trkpt>
      <trkpt lat="44.3202754" lon="6.9415975"><ele>2505.3</ele><time>2025-04-09T10:52:57Z</time></trkpt>
      <trkpt lat="44.3202711" lon="6.9418612"><ele>2514.0</ele><time>2025-04-09T10:53:44Z</time></trkpt>
      <trkpt lat="44.320357" lon="6.9417925"><ele>2514.8</ele><time>2025-04-09T10:54:14Z</time></trkpt>
      <trkpt lat="44.320337" lon="6.9416328"><ele>2517.2</ele><time>2025-04-09T10:54:29Z</time></trkpt>
      <trkpt lat="44.3205691" lon="6.9415685"><ele>2521.8</ele><time>2025-04-09T10:55:15Z</time></trkpt>
      <trkpt lat="44.3208671" lon="6.9413432"><ele>2532.0</ele><time>2025-04-09T10:56:22Z</time></trkpt>
      <trkpt lat="44.3208972" lon="6.9415074"><ele>2535.5</ele><time>2025-04-09T10:56:53Z</time></trkpt>
      <trkpt lat="44.3209791" lon="6.9415241"><ele>2539.8</ele><time>2025-04-09T10:57:13Z</time></trkpt>
      <trkpt lat="44.3211091" lon="6.9413678"><ele>2541.7</ele><time>2025-04-09T10:57:45Z</time></trkpt>
      <trkpt lat="44.3212115" lon="6.9415073"><ele>2547.9</ele><time>2025-04-09T10:58:16Z</time></trkpt>
      <trkpt lat="44.3212616" lon="6.9413375"><ele>2551.4</ele><time>2025-04-09T10:58:37Z</time></trkpt>
      <trkpt lat="44.3212057" lon="6.9406819"><ele>2558.7</ele><time>2025-04-09T10:59:58Z</time></trkpt>
      <trkpt lat="44.321329" lon="6.9397973"><ele>2570.6</ele><time>2025-04-09T11:01:53Z</time></trkpt>
      <trkpt lat="44.3216033" lon="6.9393245"><ele>2576.0</ele><time>2025-04-09T11:08:48Z</time></trkpt>
      <trkpt lat="44.3218168" lon="6.9387879"><ele>2584.4</ele><time>2025-04-09T11:09:40Z</time></trkpt>
      <trkpt lat="44.3223162" lon="6.9379574"><ele>2583.0</ele><time>2025-04-09T11:10:57Z</time></trkpt>
      <trkpt lat="44.3223274" lon="6.9374297"><ele>2590.5</ele><time>2025-04-09T11:11:49Z</time></trkpt>
      <trkpt lat="44.3228443" lon="6.9369289"><ele>2594.7</ele><time>2025-04-09T11:13:05Z</time></trkpt>
      <trkpt lat="44.3238206" lon="6.9365751"><ele>2583.8</ele><time>2025-04-09T11:19:55Z</time></trkpt>
      <trkpt lat="44.3241189" lon="6.936167"><ele>2571.2</ele><time>2025-04-09T11:20:00Z</time></trkpt>
      <trkpt lat="44.3245576" lon="6.9357788"><ele>2563.4</ele><time>2025-04-09T11:20:06Z</time></trkpt>
      <trkpt lat="44.3248333" lon="6.9353283"><ele>2558.2</ele><time>2025-04-09T11:20:11Z</time></trkpt>
      <trkpt lat="44.3256083" lon="6.9348944"><ele>2549.4</ele><time>2025-04-09T11:20:22Z</time></trkpt>
      <trkpt lat="44.3259139" lon="6.9348566"><ele>2544.8</ele><time>2025-04-09T11:20:27Z</time></trkpt>
      <trkpt lat="44.326474" lon="6.9350117"><ele>2538.2</ele><time>2025-04-09T11:20:37Z</time></trkpt>
      <trkpt lat="44.3266219" lon="6.9349138"><ele>2520.4</ele><time>2025-04-09T11:20:57Z</time></trkpt>
      <trkpt lat="44.3270361" lon="6.9351085"><ele>2517.1</ele><time>2025-04-09T11:21:02Z</time></trkpt>
      <trkpt lat="44.3277616" lon="6.9345156"><ele>2501.8</ele><time>2025-04-09T11:29:53Z</time></trkpt>
      <trkpt lat="44.3281831" lon="6.9345361"><ele>2504.9</ele><time>2025-04-09T11:30:52Z</time></trkpt>
      <trkpt lat="44.3285837" lon="6.9341815"><ele>2517.8</ele><time>2025-04-09T11:32:28Z</time></trkpt>
      <trkpt lat="44.3288039" lon="6.9343636"><ele>2536.6</ele><time>2025-04-09T11:37:16Z</time></trkpt>
      <trkpt lat="44.3290513" lon="6.9341217"><ele>2542.4</ele><time>2025-04-09T11:38:25Z</time></trkpt>
      <trkpt lat="44.3290126" lon="6.9347174"><ele>2560.4</ele><time>2025-04-09T11:40:01Z</time></trkpt>
      <trkpt lat="44.3290492" lon="6.9349887"><ele>2564.7</ele><time>2025-04-09T11:40:39Z</time></trkpt>
      <trkpt lat="44.3289755" lon="6.9353312"><ele>2579.6</ele><time>2025-04-09T11:42:09Z</time></trkpt>
      <trkpt lat="44.3291888" lon="6.9353405"><ele>2577.1</ele><time>2025-04-09T11:42:41Z</time></trkpt>
      <trkpt lat="44.3294272" lon="6.9350485"><ele>2582.8</ele><time>2025-04-09T11:43:40Z</time></trkpt>
      <trkpt lat="44.3294604" lon="6.93547"><ele>2595.9</ele><time>2025-04-09T11:44:44Z</time></trkpt>
      <trkpt lat="44.3294189" lon="6.9358057"><ele>2602.7</ele><time>2025-04-09T11:45:27Z</time></trkpt>
      <trkpt lat="44.3295914" lon="6.9357012"><ele>2602.3</ele><time>2025-04-09T11:46:04Z</time></trkpt>
      <trkpt lat="44.3297319" lon="6.9354289"><ele>2606.6</ele><time>2025-04-09T11:47:03Z</time></trkpt>
      <trkpt lat="44.3298688" lon="6.9346809"><ele>2611.1</ele><time>2025-04-09T11:48:39Z</time></trkpt>
      <trkpt lat="44.3300981" lon="6.93396"><ele>2629.1</ele><time>2025-04-09T11:50:15Z</time></trkpt>
      <trkpt lat="44.3303822" lon="6.9335839"><ele>2635.8</ele><time>2025-04-09T11:52:07Z</time></trkpt>
      <trkpt lat="44.3301678" lon="6.9335972"><ele>2642.8</ele><time>2025-04-09T11:58:36Z</time></trkpt>
      <trkpt lat="44.3304491" lon="6.9331666"><ele>2653.1</ele><time>2025-04-09T12:00:49Z</time></trkpt>
      <trkpt lat="44.3302833" lon="6.9331421"><ele>2657.8</ele><time>2025-04-09T12:01:32Z</time></trkpt>
      <trkpt lat="44.3305533" lon="6.9328156"><ele>2661.4</ele><time>2025-04-09T12:03:08Z</time></trkpt>
      <trkpt lat="44.3305695" lon="6.9325077"><ele>2666.3</ele><time>2025-04-09T12:03:45Z</time></trkpt>
      <trkpt lat="44.3307058" lon="6.932235"><ele>2675.5</ele><time>2025-04-09T12:05:05Z</time></trkpt>
      <trkpt lat="44.330614" lon="6.9318625"><ele>2685.6</ele><time>2025-04-09T12:06:09Z</time></trkpt>
      <trkpt lat="44.3305996" lon="6.9309364"><ele>2699.3</ele><time>2025-04-09T12:08:23Z</time></trkpt>
      <trkpt lat="44.3307147" lon="6.9308911"><ele>2703.5</ele><time>2025-04-09T12:09:11Z</time></trkpt>
      <trkpt lat="44.3308586" lon="6.9305109"><ele>2711.9</ele><time>2025-04-09T12:09:59Z</time></trkpt>
      <trkpt lat="44.3308389" lon="6.9303359"><ele>2715.0</ele><time>2025-04-09T12:10:25Z</time></trkpt>
      <trkpt lat="44.3313163" lon="6.929607"><ele>2715.6</ele><time>2025-04-09T12:15:29Z</time></trkpt>
      <trkpt lat="44.3314784" lon="6.92912"><ele>2702.5</ele><time>2025-04-09T12:15:56Z</time></trkpt>
      <trkpt lat="44.3317889" lon="6.9286195"><ele>2706.6</ele><time>2025-04-09T12:16:23Z</time></trkpt>
      <trkpt lat="44.3318099" lon="6.9282051"><ele>2710.1</ele><time>2025-04-09T12:16:55Z</time></trkpt>
      <trkpt lat="44.3318789" lon="6.9281226"><ele>2712.5</ele><time>2025-04-09T12:17:11Z</time></trkpt>
      <trkpt lat="44.3319523" lon="6.9277757"><ele>2716.6</ele><time>2025-04-09T12:17:53Z</time></trkpt>
      <trkpt lat="44.3322412" lon="6.9275083"><ele>2722.2</ele><time>2025-04-09T12:18:47Z</time></trkpt>
      <trkpt lat="44.3323255" lon="6.9275546"><ele>2724.3</ele><time>2025-04-09T12:19:51Z</time></trkpt>
      <trkpt lat="44.3327639" lon="6.926871"><ele>2734.9</ele><time>2025-04-09T12:21:32Z</time></trkpt>
      <trkpt lat="44.3331557" lon="6.9265079"><ele>2749.1</ele><time>2025-04-09T12:22:42Z</time></trkpt>
      <trkpt lat="44.3331743" lon="6.9266258"><ele>2751.5</ele><time>2025-04-09T12:23:34Z</time></trkpt>
      <trkpt lat="44.3333044" lon="6.926414"><ele>2754.9</ele><time>2025-04-09T12:40:20Z</time></trkpt>
      <trkpt lat="44.3334426" lon="6.9263834"><ele>2752.0</ele><time>2025-04-09T12:40:50Z</time></trkpt>
      <trkpt lat="44.3336376" lon="6.9261993"><ele>2741.8</ele><time>2025-04-09T12:40:55Z</time></trkpt>
      <trkpt lat="44.3338354" lon="6.9256054"><ele>2728.0</ele><time>2025-04-09T12:41:06Z</time></trkpt>
      <trkpt lat="44.3338166" lon="6.9253307"><ele>2725.8</ele><time>2025-04-09T12:41:11Z</time></trkpt>
      <trkpt lat="44.3338595" lon="6.9254435"><ele>2721.5</ele><time>2025-04-09T12:41:27Z</time></trkpt>
      <trkpt lat="44.3341311" lon="6.9250103"><ele>2698.7</ele><time>2025-04-09T12:41:43Z</time></trkpt>
      <trkpt lat="44.3340661" lon="6.9252713"><ele>2695.9</ele><time>2025-04-09T12:41:49Z</time></trkpt>
      <trkpt lat="44.3342773" lon="6.9253062"><ele>2688.7</ele><time>2025-04-09T12:41:54Z</time></trkpt>
      <trkpt lat="44.3344995" lon="6.9247877"><ele>2683.2</ele><time>2025-04-09T12:41:59Z</time></trkpt>
      <trkpt lat="44.3347075" lon="6.9248795"><ele>2677.6</ele><time>2025-04-09T12:42:05Z</time></trkpt>
      <trkpt lat="44.3349587" lon="6.9253371"><ele>2670.4</ele><time>2025-04-09T12:42:10Z</time></trkpt>
      <trkpt lat="44.3353973" lon="6.9249409"><ele>2655.5</ele><time>2025-04-09T12:42:19Z</time></trkpt>
      <trkpt lat="44.3361824" lon="6.9245056"><ele>2640.1</ele><time>2025-04-09T12:42:30Z</time></trkpt>
      <trkpt lat="44.3367979" lon="6.9240548"><ele>2632.2</ele><time>2025-04-09T12:42:45Z</time></trkpt>
      <trkpt lat="44.3369765" lon="6.9236185"><ele>2630.7</ele><time>2025-04-09T12:43:11Z</time></trkpt>
      <trkpt lat="44.337326" lon="6.9232335"><ele>2627.1</ele><time>2025-04-09T12:43:33Z</time></trkpt>
      <trkpt lat="44.3380944" lon="6.9219454"><ele>2608.3</ele><time>2025-04-09T12:44:10Z</time></trkpt>
      <trkpt lat="44.3384014" lon="6.921631"><ele>2609.5</ele><time>2025-04-09T12:44:55Z</time></trkpt>
      <trkpt lat="44.3389646" lon="6.9212555"><ele>2601.9</ele><time>2025-04-09T12:45:25Z</time></trkpt>
      <trkpt lat="44.3393552" lon="6.9205234"><ele>2603.1</ele><time>2025-04-09T12:46:27Z</time></trkpt>
      <trkpt lat="44.3394528" lon="6.9201907"><ele>2601.6</ele><time>2025-04-09T12:46:49Z</time></trkpt>
      <trkpt lat="44.3396991" lon="6.9201103"><ele>2604.4</ele><time>2025-04-09T12:48:06Z</time></trkpt>
      <trkpt lat="44.3398482" lon="6.9197766"><ele>2600.8</ele><time>2025-04-09T12:48:22Z</time></trkpt>
      <trkpt lat="44.340181" lon="6.9193072"><ele>2601.5</ele><time>2025-04-09T12:48:59Z</time></trkpt>
      <trkpt lat="44.3402543" lon="6.9192947"><ele>2601.7</ele><time>2025-04-09T12:49:10Z</time></trkpt>
      <trkpt lat="44.3405699" lon="6.9195492"><ele>2591.9</ele><time>2025-04-09T12:50:06Z</time></trkpt>
      <trkpt lat="44.3409652" lon="6.9192895"><ele>2585.9</ele><time>2025-04-09T12:50:54Z</time></trkpt>
      <trkpt lat="44.3410339" lon="6.919039"><ele>2594.1</ele><time>2025-04-09T12:51:21Z</time></trkpt>
      <trkpt lat="44.3412479" lon="6.9188129"><ele>2604.6</ele><time>2025-04-09T12:52:09Z</time></trkpt>
      <trkpt lat="44.3413389" lon="6.918806"><ele>2603.9</ele><time>2025-04-09T13:03:26Z</time></trkpt>
      <trkpt lat="44.3415898" lon="6.9183373"><ele>2600.1</ele><time>2025-04-09T13:03:42Z</time></trkpt>
      <trkpt lat="44.3418807" lon="6.9172295"><ele>2599.3</ele><time>2025-04-09T13:04:33Z</time></trkpt>
      <trkpt lat="44.3421026" lon="6.9169416"><ele>2594.4</ele><time>2025-04-09T13:04:53Z</time></trkpt>
      <trkpt lat="44.3425471" lon="6.9158967"><ele>2590.5</ele><time>2025-04-09T13:05:24Z</time></trkpt>
      <trkpt lat="44.3430964" lon="6.9154224"><ele>2587.9</ele><time>2025-04-09T13:05:54Z</time></trkpt>
      <trkpt lat="44.3434706" lon="6.9152683"><ele>2586.0</ele><time>2025-04-09T13:06:14Z</time></trkpt>
      <trkpt lat="44.3436705" lon="6.9152904"><ele>2585.1</ele><time>2025-04-09T13:06:44Z</time></trkpt>
      <trkpt lat="44.3437541" lon="6.915194"><ele>2585.6</ele><time>2025-04-09T13:06:49Z</time></trkpt>
      <trkpt lat="44.3437875" lon="6.9149085"><ele>2585.2</ele><time>2025-04-09T13:07:05Z</time></trkpt>
      <trkpt lat="44.3437069" lon="6.9147667"><ele>2583.3</ele><time>2025-04-09T13:07:36Z</time></trkpt>
      <trkpt lat="44.3436348" lon="6.9139458"><ele>2584.1</ele><time>2025-04-09T13:08:17Z</time></trkpt>
      <trkpt lat="44.3436968" lon="6.9137822"><ele>2584.4</ele><time>2025-04-09T13:08:38Z</time></trkpt>
      <trkpt lat="44.3440727" lon="6.9136794"><ele>2581.4</ele><time>2025-04-09T13:09:24Z</time></trkpt>
      <trkpt lat="44.3443835" lon="6.9142792"><ele>2576.3</ele><time>2025-04-09T13:09:40Z</time></trkpt>
      <trkpt lat="44.3449827" lon="6.9148866"><ele>2564.6</ele><time>2025-04-09T13:09:55Z</time></trkpt>
      <trkpt lat="44.3455403" lon="6.9145344"><ele>2557.4</ele><time>2025-04-09T13:10:10Z</time></trkpt>
      <trkpt lat="44.3458007" lon="6.9142633"><ele>2556.2</ele><time>2025-04-09T13:10:30Z</time></trkpt>
      <trkpt lat="44.3462033" lon="6.9140457"><ele>2552.9</ele><time>2025-04-09T13:10:52Z</time></trkpt>
      <trkpt lat="44.3465634" lon="6.913626"><ele>2549.4</ele><time>2025-04-09T13:11:08Z</time></trkpt>
      <trkpt lat="44.3466464" lon="6.9136132"><ele>2548.7</ele><time>2025-04-09T13:11:18Z</time></trkpt>
      <trkpt lat="44.3468698" lon="6.91381"><ele>2546.5</ele><time>2025-04-09T13:11:53Z</time></trkpt>
      <trkpt lat="44.3471552" lon="6.9133792"><ele>2535.5</ele><time>2025-04-09T13:12:03Z</time></trkpt>
      <trkpt lat="44.3475353" lon="6.9133069"><ele>2518.7</ele><time>2025-04-09T13:12:08Z</time></trkpt>
      <trkpt lat="44.3482629" lon="6.9133635"><ele>2500.9</ele><time>2025-04-09T13:12:23Z</time></trkpt>
      <trkpt lat="44.3486251" lon="6.9132703"><ele>2489.0</ele><time>2025-04-09T13:12:33Z</time></trkpt>
      <trkpt lat="44.3489883" lon="6.9129998"><ele>2480.1</ele><time>2025-04-09T13:12:43Z</time></trkpt>
      <trkpt lat="44.349203" lon="6.9126159"><ele>2476.7</ele><time>2025-04-09T13:12:49Z</time></trkpt>
      <trkpt lat="44.3493031" lon="6.9122"><ele>2475.2</ele><time>2025-04-09T13:12:59Z</time></trkpt>
      <trkpt lat="44.3495123" lon="6.9119321"><ele>2471.3</ele><time>2025-04-09T13:13:10Z</time></trkpt>
      <trkpt lat="44.3496574" lon="6.9115241"><ele>2463.4</ele><time>2025-04-09T13:13:15Z</time></trkpt>
      <trkpt lat="44.3499846" lon="6.9112591"><ele>2455.5</ele><time>2025-04-09T13:13:20Z</time></trkpt>
      <trkpt lat="44.3502157" lon="6.9108996"><ele>2451.9</ele><time>2025-04-09T13:13:25Z</time></trkpt>
      <trkpt lat="44.3504628" lon="6.910063"><ele>2445.6</ele><time>2025-04-09T13:14:00Z</time></trkpt>
      <trkpt lat="44.3506478" lon="6.9096575"><ele>2441.4</ele><time>2025-04-09T13:14:20Z</time></trkpt>
      <trkpt lat="44.3508089" lon="6.9087465"><ele>2434.7</ele><time>2025-04-09T13:15:10Z</time></trkpt>
      <trkpt lat="44.3508382" lon="6.9081984"><ele>2431.1</ele><time>2025-04-09T13:15:31Z</time></trkpt>
      <trkpt lat="44.3509685" lon="6.9076757"><ele>2427.4</ele><time>2025-04-09T13:15:52Z</time></trkpt>
      <trkpt lat="44.3510432" lon="6.9066719"><ele>2418.6</ele><time>2025-04-09T13:16:18Z</time></trkpt>
      <trkpt lat="44.3509671" lon="6.906098"><ele>2416.2</ele><time>2025-04-09T13:16:43Z</time></trkpt>
      <trkpt lat="44.351008" lon="6.9059767"><ele>2416.8</ele><time>2025-04-09T13:16:58Z</time></trkpt>
      <trkpt lat="44.3515052" lon="6.9051778"><ele>2415.1</ele><time>2025-04-09T13:18:00Z</time></trkpt>
      <trkpt lat="44.3518989" lon="6.9047944"><ele>2413.6</ele><time>2025-04-09T13:18:25Z</time></trkpt>
      <trkpt lat="44.3527861" lon="6.9042607"><ele>2406.5</ele><time>2025-04-09T13:18:51Z</time></trkpt>
      <trkpt lat="44.3532464" lon="6.9041755"><ele>2405.2</ele><time>2025-04-09T13:19:17Z</time></trkpt>
      <trkpt lat="44.3535741" lon="6.9039165"><ele>2408.2</ele><time>2025-04-09T13:19:57Z</time></trkpt>
      <trkpt lat="44.3537377" lon="6.903888"><ele>2403.4</ele><time>2025-04-09T13:20:17Z</time></trkpt>
      <trkpt lat="44.3538747" lon="6.9036832"><ele>2409.7</ele><time>2025-04-09T13:20:42Z</time></trkpt>
      <trkpt lat="44.3540818" lon="6.9036776"><ele>2411.8</ele><time>2025-04-09T13:38:15Z</time></trkpt>
      <trkpt lat="44.3543066" lon="6.9034547"><ele>2414.2</ele><time>2025-04-09T13:39:35Z</time></trkpt>
      <trkpt lat="44.3545324" lon="6.9031237"><ele>2417.6</ele><time>2025-04-09T13:40:33Z</time></trkpt>
      <trkpt lat="44.3546749" lon="6.9025856"><ele>2425.4</ele><time>2025-04-09T13:42:15Z</time></trkpt>
      <trkpt lat="44.3547562" lon="6.9025357"><ele>2428.8</ele><time>2025-04-09T13:42:31Z</time></trkpt>
      <trkpt lat="44.3549045" lon="6.9026711"><ele>2436.6</ele><time>2025-04-09T13:43:13Z</time></trkpt>
      <trkpt lat="44.3550275" lon="6.9024514"><ele>2437.7</ele><time>2025-04-09T13:43:40Z</time></trkpt>
      <trkpt lat="44.3550627" lon="6.902338"><ele>2439.5</ele><time>2025-04-09T13:43:56Z</time></trkpt>
      <trkpt lat="44.3549826" lon="6.9019622"><ele>2448.6</ele><time>2025-04-09T13:46:09Z</time></trkpt>
      <trkpt lat="44.3550036" lon="6.9017272"><ele>2452.8</ele><time>2025-04-09T13:46:47Z</time></trkpt>
      <trkpt lat="44.3553101" lon="6.901929"><ele>2463.4</ele><time>2025-04-09T13:48:23Z</time></trkpt>
      <trkpt lat="44.3555487" lon="6.902254"><ele>2475.7</ele><time>2025-04-09T13:49:16Z</time></trkpt>
      <trkpt lat="44.355975" lon="6.9026288"><ele>2483.6</ele><time>2025-04-09T13:50:36Z</time></trkpt>
      <trkpt lat="44.3563508" lon="6.9031511"><ele>2484.5</ele><time>2025-04-09T13:51:40Z</time></trkpt>
      <trkpt lat="44.3569858" lon="6.9035262"><ele>2492.6</ele><time>2025-04-09T13:52:55Z</time></trkpt>
      <trkpt lat="44.3578454" lon="6.9036876"><ele>2501.5</ele><time>2025-04-09T13:54:47Z</time></trkpt>
      <trkpt lat="44.3582375" lon="6.903438"><ele>2513.4</ele><time>2025-04-09T13:55:56Z</time></trkpt>
      <trkpt lat="44.358246" lon="6.9032348"><ele>2515.2</ele><time>2025-04-09T13:56:44Z</time></trkpt>
      <trkpt lat="44.3581188" lon="6.902677"><ele>2518.3</ele><time>2025-04-09T13:57:27Z</time></trkpt>
      <trkpt lat="44.3583487" lon="6.901601"><ele>2519.2</ele><time>2025-04-09T13:59:03Z</time></trkpt>
      <trkpt lat="44.3586106" lon="6.9013065"><ele>2521.7</ele><time>2025-04-09T13:59:45Z</time></trkpt>
      <trkpt lat="44.3587226" lon="6.9010553"><ele>2526.4</ele><time>2025-04-09T14:00:12Z</time></trkpt>
      <trkpt lat="44.3586705" lon="6.8997827"><ele>2525.5</ele><time>2025-04-09T14:01:43Z</time></trkpt>
      <trkpt lat="44.3587999" lon="6.8988484"><ele>2530.7</ele><time>2025-04-09T14:02:51Z</time></trkpt>
      <trkpt lat="44.3587297" lon="6.8982817"><ele>2529.8</ele><time>2025-04-09T14:03:28Z</time></trkpt>
      <trkpt lat="44.3588135" lon="6.8977823"><ele>2529.6</ele><time>2025-04-09T14:04:00Z</time></trkpt>
      <trkpt lat="44.3591266" lon="6.8966988"><ele>2531.1</ele><time>2025-04-09T14:05:20Z</time></trkpt>
      <trkpt lat="44.3596046" lon="6.8955106"><ele>2541.6</ele><time>2025-04-09T14:07:07Z</time></trkpt>
      <trkpt lat="44.3598656" lon="6.8952145"><ele>2544.2</ele><time>2025-04-09T14:07:55Z</time></trkpt>
      <trkpt lat="44.3600566" lon="6.8947948"><ele>2554.1</ele><time>2025-04-09T14:09:31Z</time></trkpt>
      <trkpt lat="44.3601947" lon="6.8946317"><ele>2561.1</ele><time>2025-04-09T14:09:57Z</time></trkpt>
      <trkpt lat="44.3605466" lon="6.8936741"><ele>2574.6</ele><time>2025-04-09T14:12:27Z</time></trkpt>
      <trkpt lat="44.360861" lon="6.8930818"><ele>2591.3</ele><time>2025-04-09T14:14:03Z</time></trkpt>
      <trkpt lat="44.3610823" lon="6.8928229"><ele>2596.2</ele><time>2025-04-09T14:14:51Z</time></trkpt>
      <trkpt lat="44.3611777" lon="6.8925281"><ele>2599.7</ele><time>2025-04-09T14:15:23Z</time></trkpt>
      <trkpt lat="44.3615011" lon="6.8922917"><ele>2604.0</ele><time>2025-04-09T14:16:16Z</time></trkpt>
      <trkpt lat="44.3617956" lon="6.8923636"><ele>2612.3</ele><time>2025-04-09T14:16:59Z</time></trkpt>
      <trkpt lat="44.3621263" lon="6.8922638"><ele>2622.7</ele><time>2025-04-09T14:17:57Z</time></trkpt>
      <trkpt lat="44.3621872" lon="6.8920188"><ele>2628.7</ele><time>2025-04-09T14:19:07Z</time></trkpt>
      <trkpt lat="44.3620602" lon="6.8916554"><ele>2633.8</ele><time>2025-04-09T14:19:55Z</time></trkpt>
      <trkpt lat="44.3621522" lon="6.8911922"><ele>2644.1</ele><time>2025-04-09T14:20:59Z</time></trkpt>
      <trkpt lat="44.3624334" lon="6.8905816"><ele>2654.9</ele><time>2025-04-09T14:22:35Z</time></trkpt>
      <trkpt lat="44.3628788" lon="6.8899794"><ele>2671.5</ele><time>2025-04-09T14:24:37Z</time></trkpt>
      <trkpt lat="44.3632304" lon="6.8891594"><ele>2692.1</ele><time>2025-04-09T14:28:43Z</time></trkpt>
      <trkpt lat="44.3634725" lon="6.8883763"><ele>2703.0</ele><time>2025-04-09T14:30:51Z</time></trkpt>
      <trkpt lat="44.3636159" lon="6.888152"><ele>2705.4</ele><time>2025-04-09T14:31:23Z</time></trkpt>
      <trkpt lat="44.3633625" lon="6.8882114"><ele>2724.9</ele><time>2025-04-09T14:32:21Z</time></trkpt>
      <trkpt lat="44.363498" lon="6.8879313"><ele>2719.6</ele><time>2025-04-09T14:33:15Z</time></trkpt>
      <trkpt lat="44.3636585" lon="6.8877928"><ele>2723.1</ele><time>2025-04-09T14:35:52Z</time></trkpt>
      <trkpt lat="44.3635398" lon="6.8877428"><ele>2725.2</ele><time>2025-04-09T14:36:53Z</time></trkpt>
      <trkpt lat="44.363294" lon="6.8877996"><ele>2738.5</ele><time>2025-04-09T14:37:35Z</time></trkpt>
      <trkpt lat="44.3634597" lon="6.8874454"><ele>2740.3</ele><time>2025-04-09T14:38:48Z</time></trkpt>
      <trkpt lat="44.3630144" lon="6.8876023"><ele>2752.0</ele><time>2025-04-09T14:40:19Z</time></trkpt>
      <trkpt lat="44.3630483" lon="6.8873366"><ele>2769.8</ele><time>2025-04-09T14:41:58Z</time></trkpt>
      <trkpt lat="44.3631722" lon="6.887235"><ele>2768.1</ele><time>2025-04-09T14:42:19Z</time></trkpt>
      <trkpt lat="44.3633409" lon="6.8872396"><ele>2764.9</ele><time>2025-04-09T14:42:40Z</time></trkpt>
      <trkpt lat="44.3632595" lon="6.8872591"><ele>2770.1</ele><time>2025-04-09T15:13:04Z</time></trkpt>
      <trkpt lat="44.3633114" lon="6.8870934"><ele>2762.8</ele><time>2025-04-09T15:13:15Z</time></trkpt>
      <trkpt lat="44.3631528" lon="6.8867517"><ele>2751.0</ele><time>2025-04-09T15:13:20Z</time></trkpt>
      <trkpt lat="44.3630455" lon="6.8866775"><ele>2743.0</ele><time>2025-04-09T15:13:25Z</time></trkpt>
      <trkpt lat="44.363126" lon="6.8867324"><ele>2731.8</ele><time>2025-04-09T15:17:36Z</time></trkpt>
      <trkpt lat="44.3631883" lon="6.8866811"><ele>2727.9</ele><time>2025-04-09T15:17:52Z</time></trkpt>
      <trkpt lat="44.3637606" lon="6.8857101"><ele>2680.9</ele><time>2025-04-09T15:18:03Z</time></trkpt>
      <trkpt lat="44.3646152" lon="6.8845908"><ele>2651.3</ele><time>2025-04-09T15:18:19Z</time></trkpt>
      <trkpt lat="44.3649188" lon="6.8843257"><ele>2642.7</ele><time>2025-04-09T15:18:29Z</time></trkpt>
      <trkpt lat="44.3654836" lon="6.8840644"><ele>2624.9</ele><time>2025-04-09T15:19:01Z</time></trkpt>
      <trkpt lat="44.3660243" lon="6.8836163"><ele>2613.1</ele><time>2025-04-09T15:19:17Z</time></trkpt>
      <trkpt lat="44.3663594" lon="6.8832357"><ele>2604.3</ele><time>2025-04-09T15:19:28Z</time></trkpt>
      <trkpt lat="44.366777" lon="6.8830163"><ele>2594.3</ele><time>2025-04-09T15:19:39Z</time></trkpt>
      <trkpt lat="44.3679449" lon="6.8813431"><ele>2574.1</ele><time>2025-04-09T15:20:27Z</time></trkpt>
      <trkpt lat="44.3684217" lon="6.8811777"><ele>2569.9</ele><time>2025-04-09T15:21:09Z</time></trkpt>
      <trkpt lat="44.3688634" lon="6.8812674"><ele>2565.2</ele><time>2025-04-09T15:21:31Z</time></trkpt>
      <trkpt lat="44.3690184" lon="6.8812049"><ele>2563.8</ele><time>2025-04-09T15:21:36Z</time></trkpt>
      <trkpt lat="44.3696223" lon="6.8803798"><ele>2561.7</ele><time>2025-04-09T15:22:51Z</time></trkpt>
      <trkpt lat="44.3697158" lon="6.8800886"><ele>2555.2</ele><time>2025-04-09T15:23:01Z</time></trkpt>
      <trkpt lat="44.369944" lon="6.8797328"><ele>2548.0</ele><time>2025-04-09T15:23:07Z</time></trkpt>
      <trkpt lat="44.3715652" lon="6.8785994"><ele>2462.5</ele><time>2025-04-09T15:23:28Z</time></trkpt>
      <trkpt lat="44.3723584" lon="6.8775445"><ele>2416.4</ele><time>2025-04-09T15:23:39Z</time></trkpt>
      <trkpt lat="44.3727336" lon="6.8775691"><ele>2409.0</ele><time>2025-04-09T15:23:44Z</time></trkpt>
      <trkpt lat="44.3728976" lon="6.8776608"><ele>2409.8</ele><time>2025-04-09T15:23:49Z</time></trkpt>
      <trkpt lat="44.3739774" lon="6.8771939"><ele>2391.3</ele><time>2025-04-09T15:24:21Z</time></trkpt>
      <trkpt lat="44.3746892" lon="6.8767509"><ele>2380.6</ele><time>2025-04-09T15:25:07Z</time></trkpt>
      <trkpt lat="44.3759667" lon="6.8755551"><ele>2354.8</ele><time>2025-04-09T15:26:43Z</time></trkpt>
      <trkpt lat="44.3781785" lon="6.8744757"><ele>2325.0</ele><time>2025-04-09T15:28:12Z</time></trkpt>
      <trkpt lat="44.3782938" lon="6.8744964"><ele>2323.7</ele><time>2025-04-09T15:28:28Z</time></trkpt>
      <trkpt lat="44.3786428" lon="6.874347"><ele>2316.7</ele><time>2025-04-09T15:28:44Z</time></trkpt>
      <trkpt lat="44.3789014" lon="6.8740348"><ele>2307.5</ele><time>2025-04-09T15:28:49Z</time></trkpt>
      <trkpt lat="44.3801439" lon="6.8732352"><ele>2290.4</ele><time>2025-04-09T15:29:11Z</time></trkpt>
      <trkpt lat="44.3807635" lon="6.8731831"><ele>2286.1</ele><time>2025-04-09T15:29:37Z</time></trkpt>
      <trkpt lat="44.3820856" lon="6.872392"><ele>2257.6</ele><time>2025-04-09T15:30:15Z</time></trkpt>
      <trkpt lat="44.382407" lon="6.8723177"><ele>2254.4</ele><time>2025-04-09T15:30:20Z</time></trkpt>
      <trkpt lat="44.3826452" lon="6.8721417"><ele>2251.7</ele><time>2025-04-09T15:30:25Z</time></trkpt>
      <trkpt lat="44.384302" lon="6.8723989"><ele>2224.0</ele><time>2025-04-09T15:30:47Z</time></trkpt>
      <trkpt lat="44.3847912" lon="6.8725696"><ele>2222.0</ele><time>2025-04-09T15:31:08Z</time></trkpt>
      <trkpt lat="44.3849495" lon="6.8725235"><ele>2220.4</ele><time>2025-04-09T15:31:40Z</time></trkpt>
      <trkpt lat="44.3850618" lon="6.8729228"><ele>2216.2</ele><time>2025-04-09T15:32:07Z</time></trkpt>
      <trkpt lat="44.3863682" lon="6.8740503"><ele>2184.6</ele><time>2025-04-09T15:32:32Z</time></trkpt>
      <trkpt lat="44.3864549" lon="6.8745319"><ele>2175.5</ele><time>2025-04-09T15:32:37Z</time></trkpt>
      <trkpt lat="44.3867755" lon="6.8747228"><ele>2172.3</ele><time>2025-04-09T15:32:43Z</time></trkpt>
      <trkpt lat="44.3883984" lon="6.8747228"><ele>2136.6</ele><time>2025-04-09T15:33:15Z</time></trkpt>
      <trkpt lat="44.3892481" lon="6.8751428"><ele>2118.2</ele><time>2025-04-09T15:33:25Z</time></trkpt>
      <trkpt lat="44.3896337" lon="6.8750389"><ele>2104.4</ele><time>2025-04-09T15:33:31Z</time></trkpt>
      <trkpt lat="44.3898213" lon="6.8747749"><ele>2096.7</ele><time>2025-04-09T15:33:36Z</time></trkpt>
      <trkpt lat="44.3900348" lon="6.8746512"><ele>2092.3</ele><time>2025-04-09T15:33:41Z</time></trkpt>
      <trkpt lat="44.3902187" lon="6.8746401"><ele>2089.4</ele><time>2025-04-09T15:33:47Z</time></trkpt>
      <trkpt lat="44.3905273" lon="6.8747797"><ele>2079.2</ele><time>2025-04-09T15:33:57Z</time></trkpt>
      <trkpt lat="44.3907261" lon="6.8752887"><ele>2073.9</ele><time>2025-04-09T15:37:55Z</time></trkpt>
      <trkpt lat="44.3911065" lon="6.8758642"><ele>2060.1</ele><time>2025-04-09T15:38:05Z</time></trkpt>
      <trkpt lat="44.3916472" lon="6.8759951"><ele>2046.6</ele><time>2025-04-09T15:38:27Z</time></trkpt>
      <trkpt lat="44.3920123" lon="6.8766445"><ele>2032.0</ele><time>2025-04-09T15:38:37Z</time></trkpt>
      <trkpt lat="44.3923541" lon="6.8770637"><ele>2024.4</ele><time>2025-04-09T15:38:43Z</time></trkpt>
      <trkpt lat="44.3928937" lon="6.8772243"><ele>2016.0</ele><time>2025-04-09T15:38:53Z</time></trkpt>
      <trkpt lat="44.3936584" lon="6.8775801"><ele>2004.7</ele><time>2025-04-09T15:39:15Z</time></trkpt>
      <trkpt lat="44.3941602" lon="6.8776101"><ele>2001.3</ele><time>2025-04-09T15:39:31Z</time></trkpt>
      <trkpt lat="44.3944461" lon="6.8777804"><ele>2002.4</ele><time>2025-04-09T15:39:47Z</time></trkpt>
      <trkpt lat="44.3952636" lon="6.8778082"><ele>1986.3</ele><time>2025-04-09T15:40:03Z</time></trkpt>
      <trkpt lat="44.3956213" lon="6.8779348"><ele>1983.6</ele><time>2025-04-09T15:40:19Z</time></trkpt>
      <trkpt lat="44.3960244" lon="6.8779484"><ele>1979.8</ele><time>2025-04-09T15:41:49Z</time></trkpt>
      <trkpt lat="44.3961863" lon="6.8781148"><ele>1978.9</ele><time>2025-04-09T15:42:11Z</time></trkpt>
      <trkpt lat="44.3966876" lon="6.8776996"><ele>1976.5</ele><time>2025-04-09T15:42:59Z</time></trkpt>
      <trkpt lat="44.3972803" lon="6.8775263"><ele>1975.5</ele><time>2025-04-09T15:43:36Z</time></trkpt>
      <trkpt lat="44.3974532" lon="6.8772428"><ele>1971.7</ele><time>2025-04-09T15:43:57Z</time></trkpt>
      <trkpt lat="44.3978325" lon="6.8770081"><ele>1967.1</ele><time>2025-04-09T15:44:24Z</time></trkpt>
      <trkpt lat="44.3986716" lon="6.8771095"><ele>1968.1</ele><time>2025-04-09T15:45:17Z</time></trkpt>
      <trkpt lat="44.399213" lon="6.8770175"><ele>1973.2</ele><time>2025-04-09T15:45:55Z</time></trkpt>
      <trkpt lat="44.3996241" lon="6.8772592"><ele>1967.9</ele><time>2025-04-09T15:46:37Z</time></trkpt>
      <trkpt lat="44.3999735" lon="6.8772353"><ele>1971.2</ele><time>2025-04-09T15:46:59Z</time></trkpt>
      <trkpt lat="44.4006207" lon="6.8774583"><ele>1970.1</ele><time>2025-04-09T15:47:41Z</time></trkpt>
      <trkpt lat="44.400909" lon="6.8774403"><ele>1968.8</ele><time>2025-04-09T15:48:03Z</time></trkpt>
      <trkpt lat="44.4012818" lon="6.8777343"><ele>1970.7</ele><time>2025-04-09T15:58:00Z</time></trkpt>
      <trkpt lat="44.402029" lon="6.8779045"><ele>1968.6</ele><time>2025-04-09T15:58:43Z</time></trkpt>
      <trkpt lat="44.4022608" lon="6.8780454"><ele>1970.3</ele><time>2025-04-09T15:59:04Z</time></trkpt>
      <trkpt lat="44.4026636" lon="6.8781046"><ele>1976.5</ele><time>2025-04-09T15:59:47Z</time></trkpt>
      <trkpt lat="44.4030594" lon="6.8783392"><ele>1976.2</ele><time>2025-04-09T16:00:29Z</time></trkpt>
      <trkpt lat="44.4033087" lon="6.8783625"><ele>1974.7</ele><time>2025-04-09T16:00:56Z</time></trkpt>
      <trkpt lat="44.4035941" lon="6.878537"><ele>1966.2</ele><time>2025-04-09T16:01:17Z</time></trkpt>
      <trkpt lat="44.4039279" lon="6.8789668"><ele>1957.8</ele><time>2025-04-09T16:01:33Z</time></trkpt>
      <trkpt lat="44.4060487" lon="6.8800651"><ele>1939.8</ele><time>2025-04-09T16:03:09Z</time></trkpt>
      <trkpt lat="44.4065288" lon="6.8805591"><ele>1945.9</ele><time>2025-04-09T16:03:41Z</time></trkpt>
      <trkpt lat="44.4076283" lon="6.8813938"><ele>1926.7</ele><time>2025-04-09T16:05:01Z</time></trkpt>
      <trkpt lat="44.4080874" lon="6.8816246"><ele>1928.8</ele><time>2025-04-09T16:05:28Z</time></trkpt>
      <trkpt lat="44.408999" lon="6.8816307"><ele>1924.9</ele><time>2025-04-09T16:06:16Z</time></trkpt>
      <trkpt lat="44.4094307" lon="6.8817033"><ele>1929.6</ele><time>2025-04-09T16:06:27Z</time></trkpt>
      <trkpt lat="44.4098499" lon="6.8818756"><ele>1933.2</ele><time>2025-04-09T16:06:53Z</time></trkpt>
      <trkpt lat="44.4101686" lon="6.8821605"><ele>1934.0</ele><time>2025-04-09T16:07:15Z</time></trkpt>
      <trkpt lat="44.4105412" lon="6.8827405"><ele>1932.6</ele><time>2025-04-09T16:07:52Z</time></trkpt>
      <trkpt lat="44.4109252" lon="6.8831042"><ele>1934.7</ele><time>2025-04-09T16:08:29Z</time></trkpt>
      <trkpt lat="44.411423" lon="6.883323"><ele>1934.3</ele><time>2025-04-09T16:09:01Z</time></trkpt>
      <trkpt lat="44.4119691" lon="6.8832905"><ele>1929.4</ele><time>2025-04-09T16:09:39Z</time></trkpt>
      <trkpt lat="44.412603" lon="6.8838276"><ele>1932.9</ele><time>2025-04-09T16:10:27Z</time></trkpt>
      <trkpt lat="44.4128854" lon="6.8841582"><ele>1927.1</ele><time>2025-04-09T16:10:48Z</time></trkpt>
      <trkpt lat="44.4142208" lon="6.8848088"><ele>1918.0</ele><time>2025-04-09T16:11:41Z</time></trkpt>
      <trkpt lat="44.4149132" lon="6.8848394"><ele>1919.1</ele><time>2025-04-09T16:12:19Z</time></trkpt>
      <trkpt lat="44.4160272" lon="6.8850443"><ele>1917.4</ele><time>2025-04-09T16:13:12Z</time></trkpt>
      <trkpt lat="44.4167689" lon="6.8853167"><ele>1910.5</ele><time>2025-04-09T16:13:49Z</time></trkpt>
      <trkpt lat="44.4169658" lon="6.8855108"><ele>1911.2</ele><time>2025-04-09T16:14:05Z</time></trkpt>
      <trkpt lat="44.4174995" lon="6.885619"><ele>1907.3</ele><time>2025-04-09T16:14:27Z</time></trkpt>
      <trkpt lat="44.4177847" lon="6.8855136"><ele>1906.5</ele><time>2025-04-09T16:14:43Z</time></trkpt>
      <trkpt lat="44.4181149" lon="6.8852193"><ele>1904.8</ele><time>2025-04-09T16:15:04Z</time></trkpt>
      <trkpt lat="44.4186015" lon="6.8850471"><ele>1906.0</ele><time>2025-04-09T16:15:41Z</time></trkpt>
      <trkpt lat="44.4190034" lon="6.885018"><ele>1902.8</ele><time>2025-04-09T16:25:28Z</time></trkpt>
      <trkpt lat="44.4193862" lon="6.8848488"><ele>1899.3</ele><time>2025-04-09T16:25:49Z</time></trkpt>
      <trkpt lat="44.4196929" lon="6.8848799"><ele>1896.3</ele><time>2025-04-09T16:25:55Z</time></trkpt>
      <trkpt lat="44.4200683" lon="6.8847377"><ele>1894.7</ele><time>2025-04-09T16:26:05Z</time></trkpt>
      <trkpt lat="44.4203559" lon="6.8845628"><ele>1890.7</ele><time>2025-04-09T16:26:16Z</time></trkpt>
      <trkpt lat="44.4208221" lon="6.8836228"><ele>1894.7</ele><time>2025-04-09T16:26:43Z</time></trkpt>
      <trkpt lat="44.4210035" lon="6.8834299"><ele>1892.5</ele><time>2025-04-09T16:26:53Z</time></trkpt>
      <trkpt lat="44.421459" lon="6.8832469"><ele>1887.7</ele><time>2025-04-09T16:27:09Z</time></trkpt>
      <trkpt lat="44.4222439" lon="6.8830721"><ele>1885.7</ele><time>2025-04-09T16:28:03Z</time></trkpt>
      <trkpt lat="44.4230162" lon="6.8830026"><ele>1886.5</ele><time>2025-04-09T16:28:45Z</time></trkpt>
      <trkpt lat="44.424038" lon="6.8824456"><ele>1879.1</ele><time>2025-04-09T16:29:17Z</time></trkpt>
      <trkpt lat="44.4250347" lon="6.8822463"><ele>1863.5</ele><time>2025-04-09T16:29:39Z</time></trkpt>
      <trkpt lat="44.4255155" lon="6.8817271"><ele>1854.4</ele><time>2025-04-09T16:30:11Z</time></trkpt>
      <trkpt lat="44.4259308" lon="6.8807959"><ele>1846.1</ele><time>2025-04-09T16:30:27Z</time></trkpt>
      <trkpt lat="44.4261491" lon="6.8800476"><ele>1841.6</ele><time>2025-04-09T16:30:43Z</time></trkpt>
      <trkpt lat="44.4263509" lon="6.8796551"><ele>1839.7</ele><time>2025-04-09T16:30:53Z</time></trkpt>
      <trkpt lat="44.4264306" lon="6.8786944"><ele>1837.4</ele><time>2025-04-09T16:31:04Z</time></trkpt>
      <trkpt lat="44.4277122" lon="6.8760629"><ele>1813.0</ele><time>2025-04-09T16:31:36Z</time></trkpt>
      <trkpt lat="44.4280648" lon="6.8754827"><ele>1809.9</ele><time>2025-04-09T16:32:24Z</time></trkpt>
      <trkpt lat="44.4283449" lon="6.874492"><ele>1807.5</ele><time>2025-04-09T16:32:51Z</time></trkpt>
      <trkpt lat="44.42835" lon="6.8737348"><ele>1804.8</ele><time>2025-04-09T16:33:07Z</time></trkpt>
      <trkpt lat="44.4288837" lon="6.8735071"><ele>1797.0</ele><time>2025-04-09T16:34:48Z</time></trkpt>
      <trkpt lat="44.4291398" lon="6.8735885"><ele>1798.6</ele><time>2025-04-09T16:35:09Z</time></trkpt>
      <trkpt lat="44.42949" lon="6.8738489"><ele>1795.3</ele><time>2025-04-09T16:35:41Z</time></trkpt>
      <trkpt lat="44.4295794" lon="6.8737739"><ele>1789.2</ele><time>2025-04-09T16:42:11Z</time></trkpt>
      <trkpt lat="44.4298989" lon="6.8731793"><ele>1783.2</ele><time>2025-04-09T16:42:53Z</time></trkpt>
      <trkpt lat="44.4307108" lon="6.8721413"><ele>1781.8</ele><time>2025-04-09T16:44:11Z</time></trkpt>
      <trkpt lat="44.4311095" lon="6.871409"><ele>1782.2</ele><time>2025-04-09T16:44:59Z</time></trkpt>
      <trkpt lat="44.4315934" lon="6.8707944"><ele>1777.5</ele><time>2025-04-09T16:45:47Z</time></trkpt>
      <trkpt lat="44.4328969" lon="6.8688115"><ele>1774.1</ele><time>2025-04-09T16:48:05Z</time></trkpt>
      <trkpt lat="44.4332041" lon="6.8685212"><ele>1769.2</ele><time>2025-04-09T16:48:31Z</time></trkpt>
      <trkpt lat="44.4339277" lon="6.8680841"><ele>1757.8</ele><time>2025-04-09T16:49:23Z</time></trkpt>
      <trkpt lat="44.4346481" lon="6.8672151"><ele>1751.9</ele><time>2025-04-09T16:50:31Z</time></trkpt>
      <trkpt lat="44.4352424" lon="6.8667871"><ele>1745.1</ele><time>2025-04-09T16:51:19Z</time></trkpt>
      <trkpt lat="44.4354743" lon="6.8665216"><ele>1738.0</ele><time>2025-04-09T16:51:40Z</time></trkpt>
      <trkpt lat="44.4355536" lon="6.8661846"><ele>1737.4</ele><time>2025-04-09T16:52:00Z</time></trkpt>
      <trkpt lat="44.4362142" lon="6.8645263"><ele>1727.2</ele><time>2025-04-09T16:53:38Z</time></trkpt>
      <trkpt lat="44.4363055" lon="6.8641224"><ele>1727.8</ele><time>2025-04-09T16:53:59Z</time></trkpt>
      <trkpt lat="44.4365142" lon="6.8636795"><ele>1729.0</ele><time>2025-04-09T16:54:26Z</time></trkpt>
      <trkpt lat="44.4373032" lon="6.8629808"><ele>1720.0</ele><time>2025-04-09T16:55:30Z</time></trkpt>
      <trkpt lat="44.4380419" lon="6.8620273"><ele>1708.2</ele><time>2025-04-09T16:56:39Z</time></trkpt>
      <trkpt lat="44.4384335" lon="6.8616244"><ele>1707.1</ele><time>2025-04-09T16:57:11Z</time></trkpt>
      <trkpt lat="44.4390459" lon="6.8611976"><ele>1707.7</ele><time>2025-04-09T16:57:58Z</time></trkpt>
      <trkpt lat="44.4397822" lon="6.8600861"><ele>1701.9</ele><time>2025-04-09T16:59:13Z</time></trkpt>
      <trkpt lat="44.4405603" lon="6.8593598"><ele>1706.8</ele><time>2025-04-09T17:00:21Z</time></trkpt>
      <trkpt lat="44.4409086" lon="6.8585874"><ele>1703.6</ele><time>2025-04-09T17:01:08Z</time></trkpt>
      <trkpt lat="44.441161" lon="6.8582046"><ele>1704.3</ele><time>2025-04-09T17:01:34Z</time></trkpt>
      <trkpt lat="44.441615" lon="6.8578446"><ele>1699.5</ele><time>2025-04-09T17:02:11Z</time></trkpt>
      <trkpt lat="44.4418872" lon="6.8577637"><ele>1693.0</ele><time>2025-04-09T17:02:33Z</time></trkpt>
      <trkpt lat="44.4424403" lon="6.8570745"><ele>1692.9</ele><time>2025-04-09T17:03:26Z</time></trkpt>
      <trkpt lat="44.4432112" lon="6.8557242"><ele>1686.6</ele><time>2025-04-09T17:04:51Z</time></trkpt>
      <trkpt lat="44.4436168" lon="6.8551738"><ele>1682.2</ele><time>2025-04-09T17:05:29Z</time></trkpt>
      <trkpt lat="44.4445128" lon="6.8542914"><ele>1679.2</ele><time>2025-04-09T17:06:43Z</time></trkpt>
      <trkpt lat="44.4459743" lon="6.8531629"><ele>1675.5</ele><time>2025-04-09T17:08:41Z</time></trkpt>
      <trkpt lat="44.447909" lon="6.8523036"><ele>1683.9</ele><time>2025-04-09T17:11:10Z</time></trkpt>
      <trkpt lat="44.4484097" lon="6.8519691"><ele>1684.7</ele><time>2025-04-09T17:11:53Z</time></trkpt>
      <trkpt lat="44.4490739" lon="6.8502446"><ele>1684.9</ele><time>2025-04-09T17:13:39Z</time></trkpt>
      <trkpt lat="44.450403" lon="6.848064"><ele>1686.4</ele><time>2025-04-09T17:16:14Z</time></trkpt>
      <trkpt lat="44.450416" lon="6.8475456"><ele>1686.1</ele><time>2025-04-09T17:16:41Z</time></trkpt>
      <trkpt lat="44.4505438" lon="6.8470982"><ele>1684.1</ele><time>2025-04-09T17:17:07Z</time></trkpt>
      <trkpt lat="44.4502818" lon="6.8469728"><ele>1682.4</ele><time>2025-04-09T17:17:29Z</time></trkpt>
      <trkpt lat="44.4502857" lon="6.8469765"><ele>1684.6</ele><time>2025-04-10T04:15:46Z</time></trkpt>
      <trkpt lat="44.4503983" lon="6.846917"><ele>1685.3</ele><time>2025-04-10T04:16:08Z</time></trkpt>
      <trkpt lat="44.4505484" lon="6.8470419"><ele>1685.6</ele><time>2025-04-10T04:16:34Z</time></trkpt>
      <trkpt lat="44.4506608" lon="6.8467627"><ele>1683.9</ele><time>2025-04-10T04:17:06Z</time></trkpt>
      <trkpt lat="44.450787" lon="6.8467536"><ele>1685.9</ele><time>2025-04-10T04:17:22Z</time></trkpt>
      <trkpt lat="44.4508959" lon="6.8465534"><ele>1684.7</ele><time>2025-04-10T04:17:49Z</time></trkpt>
      <trkpt lat="44.4510095" lon="6.8465467"><ele>1687.0</ele><time>2025-04-10T04:17:59Z</time></trkpt>
      <trkpt lat="44.4514072" lon="6.8470369"><ele>1683.4</ele><time>2025-04-10T04:18:57Z</time></trkpt>
      <trkpt lat="44.4515468" lon="6.8473286"><ele>1684.3</ele><time>2025-04-10T04:19:23Z</time></trkpt>
      <trkpt lat="44.4522665" lon="6.8481147"><ele>1695.7</ele><time>2025-04-10T04:20:55Z</time></trkpt>
      <trkpt lat="44.4526126" lon="6.848711"><ele>1702.7</ele><time>2025-04-10T04:21:52Z</time></trkpt>
      <trkpt lat="44.4526977" lon="6.8487095"><ele>1705.4</ele><time>2025-04-10T04:22:03Z</time></trkpt>
      <trkpt lat="44.4529545" lon="6.84845"><ele>1707.6</ele><time>2025-04-10T04:22:34Z</time></trkpt>
      <trkpt lat="44.4531858" lon="6.8486568"><ele>1711.7</ele><time>2025-04-10T04:23:05Z</time></trkpt>
      <trkpt lat="44.4533481" lon="6.8486543"><ele>1714.4</ele><time>2025-04-10T04:23:26Z</time></trkpt>
      <trkpt lat="44.4534856" lon="6.8488389"><ele>1720.6</ele><time>2025-04-10T04:24:03Z</time></trkpt>
      <trkpt lat="44.4537838" lon="6.8489173"><ele>1735.2</ele><time>2025-04-10T04:25:33Z</time></trkpt>
      <trkpt lat="44.4539338" lon="6.8490613"><ele>1739.9</ele><time>2025-04-10T04:26:18Z</time></trkpt>
      <trkpt lat="44.454332" lon="6.8492127"><ele>1758.1</ele><time>2025-04-10T04:28:05Z</time></trkpt>
      <trkpt lat="44.454647" lon="6.8495175"><ele>1774.2</ele><time>2025-04-10T04:29:54Z</time></trkpt>
      <trkpt lat="44.4547676" lon="6.8497489"><ele>1781.3</ele><time>2025-04-10T04:31:42Z</time></trkpt>
      <trkpt lat="44.4548382" lon="6.8497095"><ele>1784.2</ele><time>2025-04-10T04:32:24Z</time></trkpt>
      <trkpt lat="44.4550776" lon="6.8499088"><ele>1792.3</ele><time>2025-04-10T04:33:34Z</time></trkpt>
      <trkpt lat="44.4554744" lon="6.8498907"><ele>1806.1</ele><time>2025-04-10T04:35:08Z</time></trkpt>
      <trkpt lat="44.455774" lon="6.8497772"><ele>1814.8</ele><time>2025-04-10T04:36:17Z</time></trkpt>
      <trkpt lat="44.455906" lon="6.8499003"><ele>1819.5</ele><time>2025-04-10T04:36:55Z</time></trkpt>
      <trkpt lat="44.4559976" lon="6.8498521"><ele>1824.5</ele><time>2025-04-10T04:37:20Z</time></trkpt>
      <trkpt lat="44.4561279" lon="6.850067"><ele>1830.9</ele><time>2025-04-10T04:38:17Z</time></trkpt>
      <trkpt lat="44.4563243" lon="6.8500718"><ele>1840.0</ele><time>2025-04-10T04:39:14Z</time></trkpt>
      <trkpt lat="44.4565336" lon="6.8503348"><ele>1849.7</ele><time>2025-04-10T04:40:28Z</time></trkpt>
      <trkpt lat="44.45663" lon="6.8502808"><ele>1853.0</ele><time>2025-04-10T04:41:00Z</time></trkpt>
      <trkpt lat="44.4566499" lon="6.8504"><ele>1858.8</ele><time>2025-04-10T04:42:30Z</time></trkpt>
      <trkpt lat="44.4570169" lon="6.8502367"><ele>1875.0</ele><time>2025-04-10T04:44:23Z</time></trkpt>
      <trkpt lat="44.4570783" lon="6.8502911"><ele>1877.3</ele><time>2025-04-10T04:44:43Z</time></trkpt>
      <trkpt lat="44.4571155" lon="6.8505116"><ele>1880.3</ele><time>2025-04-10T04:45:29Z</time></trkpt>
      <trkpt lat="44.4570338" lon="6.8506687"><ele>1887.3</ele><time>2025-04-10T04:46:09Z</time></trkpt>
      <trkpt lat="44.4573649" lon="6.8507007"><ele>1894.7</ele><time>2025-04-10T04:47:15Z</time></trkpt>
      <trkpt lat="44.4574451" lon="6.8508284"><ele>1898.2</ele><time>2025-04-10T04:48:03Z</time></trkpt>
      <trkpt lat="44.4575581" lon="6.8508301"><ele>1899.1</ele><time>2025-04-10T04:48:19Z</time></trkpt>
      <trkpt lat="44.457817" lon="6.8511959"><ele>1901.5</ele><time>2025-04-10T04:49:09Z</time></trkpt>
      <trkpt lat="44.4586695" lon="6.8509895"><ele>1927.6</ele><time>2025-04-10T04:52:15Z</time></trkpt>
      <trkpt lat="44.4590817" lon="6.8510082"><ele>1935.6</ele><time>2025-04-10T04:53:33Z</time></trkpt>
      <trkpt lat="44.4595112" lon="6.8511879"><ele>1944.2</ele><time>2025-04-10T04:54:46Z</time></trkpt>
      <trkpt lat="44.4601154" lon="6.851606"><ele>1951.3</ele><time>2025-04-10T04:56:18Z</time></trkpt>
      <trkpt lat="44.4604579" lon="6.8519514"><ele>1959.8</ele><time>2025-04-10T04:57:15Z</time></trkpt>
      <trkpt lat="44.461131" lon="6.8523924"><ele>1972.1</ele><time>2025-04-10T04:59:09Z</time></trkpt>
      <trkpt lat="44.4614056" lon="6.8528859"><ele>1978.6</ele><time>2025-04-10T05:00:06Z</time></trkpt>
      <trkpt lat="44.4618629" lon="6.8534556"><ele>1982.7</ele><time>2025-04-10T05:01:25Z</time></trkpt>
      <trkpt lat="44.4621194" lon="6.8541705"><ele>1993.5</ele><time>2025-04-10T05:02:41Z</time></trkpt>
      <trkpt lat="44.4623567" lon="6.8543552"><ele>1998.1</ele><time>2025-04-10T05:03:28Z</time></trkpt>
      <trkpt lat="44.4625951" lon="6.8547148"><ele>2000.8</ele><time>2025-04-10T05:04:15Z</time></trkpt>
      <trkpt lat="44.462655" lon="6.855024"><ele>2005.1</ele><time>2025-04-10T05:04:45Z</time></trkpt>
      <trkpt lat="44.4628033" lon="6.8552366"><ele>2011.4</ele><time>2025-04-10T05:05:27Z</time></trkpt>
      <trkpt lat="44.4629279" lon="6.8557446"><ele>2019.1</ele><time>2025-04-10T05:06:35Z</time></trkpt>
      <trkpt lat="44.4629197" lon="6.8566191"><ele>2032.1</ele><time>2025-04-10T05:08:27Z</time></trkpt>
      <trkpt lat="44.4629739" lon="6.8570954"><ele>2038.9</ele><time>2025-04-10T05:09:39Z</time></trkpt>
      <trkpt lat="44.4630758" lon="6.8574302"><ele>2048.5</ele><time>2025-04-10T05:10:32Z</time></trkpt>
      <trkpt lat="44.4630999" lon="6.8581129"><ele>2060.4</ele><time>2025-04-10T05:12:13Z</time></trkpt>
      <trkpt lat="44.4632103" lon="6.8585681"><ele>2065.0</ele><time>2025-04-10T05:13:17Z</time></trkpt>
      <trkpt lat="44.4633242" lon="6.8596355"><ele>2081.9</ele><time>2025-04-10T05:15:25Z</time></trkpt>
      <trkpt lat="44.4632879" lon="6.8601059"><ele>2086.4</ele><time>2025-04-10T05:16:12Z</time></trkpt>
      <trkpt lat="44.4634155" lon="6.8617954"><ele>2092.2</ele><time>2025-04-10T05:18:46Z</time></trkpt>
      <trkpt lat="44.4637429" lon="6.862638"><ele>2096.4</ele><time>2025-04-10T05:22:18Z</time></trkpt>
      <trkpt lat="44.4637396" lon="6.8629357"><ele>2098.2</ele><time>2025-04-10T05:22:38Z</time></trkpt>
      <trkpt lat="44.4638659" lon="6.8632236"><ele>2097.4</ele><time>2025-04-10T05:22:58Z</time></trkpt>
      <trkpt lat="44.4640143" lon="6.8639606"><ele>2101.7</ele><time>2025-04-10T05:23:51Z</time></trkpt>
      <trkpt lat="44.4640558" lon="6.8645521"><ele>2113.5</ele><time>2025-04-10T05:24:37Z</time></trkpt>
      <trkpt lat="44.4638991" lon="6.8651361"><ele>2113.1</ele><time>2025-04-10T05:25:28Z</time></trkpt>
      <trkpt lat="44.4639067" lon="6.8654557"><ele>2115.2</ele><time>2025-04-10T05:25:54Z</time></trkpt>
      <trkpt lat="44.4638396" lon="6.8656816"><ele>2116.1</ele><time>2025-04-10T05:26:16Z</time></trkpt>
      <trkpt lat="44.4637053" lon="6.865815"><ele>2117.2</ele><time>2025-04-10T05:26:48Z</time></trkpt>
      <trkpt lat="44.4638387" lon="6.8656926"><ele>2117.8</ele><time>2025-04-10T05:27:24Z</time></trkpt>
      <trkpt lat="44.4637628" lon="6.8659857"><ele>2120.8</ele><time>2025-04-10T05:39:08Z</time></trkpt>
      <trkpt lat="44.4638608" lon="6.865828"><ele>2123.3</ele><time>2025-04-10T05:46:00Z</time></trkpt>
      <trkpt lat="44.4641475" lon="6.8656338"><ele>2132.2</ele><time>2025-04-10T05:46:54Z</time></trkpt>
      <trkpt lat="44.464144" lon="6.8660073"><ele>2139.1</ele><time>2025-04-10T05:47:58Z</time></trkpt>
      <trkpt lat="44.4642479" lon="6.8660421"><ele>2142.4</ele><time>2025-04-10T05:48:19Z</time></trkpt>
      <trkpt lat="44.4643337" lon="6.8663164"><ele>2149.5</ele><time>2025-04-10T05:49:07Z</time></trkpt>
      <trkpt lat="44.4645388" lon="6.8666605"><ele>2164.0</ele><time>2025-04-10T05:50:43Z</time></trkpt>
      <trkpt lat="44.4643978" lon="6.866763"><ele>2170.0</ele><time>2025-04-10T05:51:15Z</time></trkpt>
      <trkpt lat="44.4645293" lon="6.8669828"><ele>2178.2</ele><time>2025-04-10T05:51:52Z</time></trkpt>
      <trkpt lat="44.464595" lon="6.8669599"><ele>2180.6</ele><time>2025-04-10T05:52:03Z</time></trkpt>
      <trkpt lat="44.464574" lon="6.8672467"><ele>2186.1</ele><time>2025-04-10T05:52:46Z</time></trkpt>
      <trkpt lat="44.4647587" lon="6.867286"><ele>2193.1</ele><time>2025-04-10T05:55:31Z</time></trkpt>
      <trkpt lat="44.4647463" lon="6.8676486"><ele>2201.1</ele><time>2025-04-10T05:56:30Z</time></trkpt>
      <trkpt lat="44.4648206" lon="6.8676495"><ele>2203.0</ele><time>2025-04-10T05:56:46Z</time></trkpt>
      <trkpt lat="44.4648264" lon="6.8677945"><ele>2205.7</ele><time>2025-04-10T05:57:07Z</time></trkpt>
      <trkpt lat="44.4649207" lon="6.8678024"><ele>2207.0</ele><time>2025-04-10T05:57:23Z</time></trkpt>
      <trkpt lat="44.4649079" lon="6.8680025"><ele>2212.3</ele><time>2025-04-10T05:57:50Z</time></trkpt>
      <trkpt lat="44.4649756" lon="6.8681226"><ele>2218.3</ele><time>2025-04-10T05:58:22Z</time></trkpt>
      <trkpt lat="44.4650933" lon="6.8681361"><ele>2222.1</ele><time>2025-04-10T05:58:43Z</time></trkpt>
      <trkpt lat="44.4648314" lon="6.8687342"><ele>2241.6</ele><time>2025-04-10T06:00:30Z</time></trkpt>
      <trkpt lat="44.4648866" lon="6.8689269"><ele>2249.6</ele><time>2025-04-10T06:01:44Z</time></trkpt>
      <trkpt lat="44.4645788" lon="6.8692631"><ele>2263.8</ele><time>2025-04-10T06:02:59Z</time></trkpt>
      <trkpt lat="44.4645934" lon="6.8694441"><ele>2268.3</ele><time>2025-04-10T06:03:20Z</time></trkpt>
      <trkpt lat="44.4645236" lon="6.8695335"><ele>2268.8</ele><time>2025-04-10T06:03:58Z</time></trkpt>
      <trkpt lat="44.4645114" lon="6.8696944"><ele>2269.2</ele><time>2025-04-10T06:04:19Z</time></trkpt>
      <trkpt lat="44.4645724" lon="6.8697373"><ele>2269.0</ele><time>2025-04-10T06:04:29Z</time></trkpt>
      <trkpt lat="44.4645672" lon="6.8695434"><ele>2270.0</ele><time>2025-04-10T06:18:31Z</time></trkpt>
      <trkpt lat="44.4645503" lon="6.8698104"><ele>2271.1</ele><time>2025-04-10T06:19:11Z</time></trkpt>
      <trkpt lat="44.4648172" lon="6.8701327"><ele>2277.6</ele><time>2025-04-10T06:21:14Z</time></trkpt>
      <trkpt lat="44.4651435" lon="6.8709979"><ele>2293.7</ele><time>2025-04-10T06:22:59Z</time></trkpt>
      <trkpt lat="44.4652786" lon="6.8711655"><ele>2299.7</ele><time>2025-04-10T06:23:35Z</time></trkpt>
      <trkpt lat="44.4657102" lon="6.8709153"><ele>2304.3</ele><time>2025-04-10T06:42:32Z</time></trkpt>
      <trkpt lat="44.4662187" lon="6.8703956"><ele>2315.0</ele><time>2025-04-10T06:43:57Z</time></trkpt>
      <trkpt lat="44.4665134" lon="6.8703339"><ele>2320.4</ele><time>2025-04-10T06:44:49Z</time></trkpt>
      <trkpt lat="44.4685329" lon="6.8692433"><ele>2337.2</ele><time>2025-04-10T06:49:17Z</time></trkpt>
      <trkpt lat="44.4690145" lon="6.8683072"><ele>2348.1</ele><time>2025-04-10T06:51:11Z</time></trkpt>
      <trkpt lat="44.4692582" lon="6.8680436"><ele>2353.9</ele><time>2025-04-10T06:51:57Z</time></trkpt>
      <trkpt lat="44.4699366" lon="6.8677598"><ele>2370.5</ele><time>2025-04-10T06:54:03Z</time></trkpt>
      <trkpt lat="44.4699318" lon="6.8678719"><ele>2371.8</ele><time>2025-04-10T06:54:28Z</time></trkpt>
      <trkpt lat="44.4699721" lon="6.8677704"><ele>2371.7</ele><time>2025-04-10T06:55:20Z</time></trkpt>
      <trkpt lat="44.4702156" lon="6.867652"><ele>2376.1</ele><time>2025-04-10T06:55:57Z</time></trkpt>
      <trkpt lat="44.4713982" lon="6.8676073"><ele>2392.9</ele><time>2025-04-10T06:58:38Z</time></trkpt>
      <trkpt lat="44.4719804" lon="6.8674654"><ele>2406.1</ele><time>2025-04-10T07:00:11Z</time></trkpt>
      <trkpt lat="44.4733033" lon="6.8673614"><ele>2418.4</ele><time>2025-04-10T07:03:02Z</time></trkpt>
      <trkpt lat="44.4736107" lon="6.8672223"><ele>2426.0</ele><time>2025-04-10T07:04:14Z</time></trkpt>
      <trkpt lat="44.4735963" lon="6.8673335"><ele>2430.5</ele><time>2025-04-10T07:06:23Z</time></trkpt>
      <trkpt lat="44.4737412" lon="6.8675361"><ele>2436.8</ele><time>2025-04-10T07:07:03Z</time></trkpt>
      <trkpt lat="44.4740194" lon="6.8673054"><ele>2439.9</ele><time>2025-04-10T07:07:58Z</time></trkpt>
      <trkpt lat="44.4745912" lon="6.8670291"><ele>2450.6</ele><time>2025-04-10T07:09:36Z</time></trkpt>
      <trkpt lat="44.4756489" lon="6.8670978"><ele>2457.1</ele><time>2025-04-10T07:29:41Z</time></trkpt>
      <trkpt lat="44.4761469" lon="6.8669282"><ele>2460.4</ele><time>2025-04-10T07:30:52Z</time></trkpt>
      <trkpt lat="44.4764646" lon="6.866651"><ele>2466.4</ele><time>2025-04-10T07:31:50Z</time></trkpt>
      <trkpt lat="44.4766303" lon="6.8668041"><ele>2475.1</ele><time>2025-04-10T07:32:30Z</time></trkpt>
      <trkpt lat="44.4775891" lon="6.8666513"><ele>2494.0</ele><time>2025-04-10T07:35:13Z</time></trkpt>
      <trkpt lat="44.4785401" lon="6.8674075"><ele>2513.7</ele><time>2025-04-10T07:38:32Z</time></trkpt>
      <trkpt lat="44.4790128" lon="6.8674436"><ele>2523.4</ele><time>2025-04-10T07:39:58Z</time></trkpt>
      <trkpt lat="44.4790097" lon="6.8671606"><ele>2530.1</ele><time>2025-04-10T07:40:35Z</time></trkpt>
      <trkpt lat="44.4791314" lon="6.8669477"><ele>2533.5</ele><time>2025-04-10T07:41:15Z</time></trkpt>
      <trkpt lat="44.479247" lon="6.8671612"><ele>2537.6</ele><time>2025-04-10T07:41:45Z</time></trkpt>
      <trkpt lat="44.4795806" lon="6.8672943"><ele>2542.8</ele><time>2025-04-10T07:42:31Z</time></trkpt>
      <trkpt lat="44.4800852" lon="6.8670145"><ele>2546.9</ele><time>2025-04-10T07:45:01Z</time></trkpt>
      <trkpt lat="44.4807854" lon="6.8669262"><ele>2550.4</ele><time>2025-04-10T07:47:18Z</time></trkpt>
      <trkpt lat="44.4810546" lon="6.8668251"><ele>2561.6</ele><time>2025-04-10T07:49:26Z</time></trkpt>
      <trkpt lat="44.4813963" lon="6.8665131"><ele>2571.4</ele><time>2025-04-10T07:50:37Z</time></trkpt>
      <trkpt lat="44.4814131" lon="6.8662572"><ele>2575.3</ele><time>2025-04-10T07:51:18Z</time></trkpt>
      <trkpt lat="44.481969" lon="6.8660892"><ele>2589.2</ele><time>2025-04-10T07:53:01Z</time></trkpt>
      <trkpt lat="44.4820589" lon="6.866228"><ele>2595.3</ele><time>2025-04-10T07:53:31Z</time></trkpt>
      <trkpt lat="44.4822199" lon="6.8661574"><ele>2599.4</ele><time>2025-04-10T08:05:47Z</time></trkpt>
      <trkpt lat="44.4823573" lon="6.8662452"><ele>2599.5</ele><time>2025-04-10T08:06:18Z</time></trkpt>
      <trkpt lat="44.4823356" lon="6.8658978"><ele>2603.8</ele><time>2025-04-10T08:07:09Z</time></trkpt>
      <trkpt lat="44.4825609" lon="6.8660279"><ele>2616.0</ele><time>2025-04-10T08:07:55Z</time></trkpt>
      <trkpt lat="44.4826138" lon="6.8658057"><ele>2616.9</ele><time>2025-04-10T08:08:30Z</time></trkpt>
      <trkpt lat="44.4828786" lon="6.8659766"><ele>2625.9</ele><time>2025-04-10T08:09:27Z</time></trkpt>
      <trkpt lat="44.4831277" lon="6.8659112"><ele>2636.1</ele><time>2025-04-10T08:10:15Z</time></trkpt>
      <trkpt lat="44.4833632" lon="6.8659496"><ele>2641.7</ele><time>2025-04-10T08:10:47Z</time></trkpt>
      <trkpt lat="44.4836283" lon="6.8661693"><ele>2643.8</ele><time>2025-04-10T08:11:49Z</time></trkpt>
      <trkpt lat="44.4839228" lon="6.8662476"><ele>2646.2</ele><time>2025-04-10T08:12:26Z</time></trkpt>
      <trkpt lat="44.485217" lon="6.8670953"><ele>2648.1</ele><time>2025-04-10T08:15:25Z</time></trkpt>
      <trkpt lat="44.4854678" lon="6.8673479"><ele>2655.3</ele><time>2025-04-10T08:16:16Z</time></trkpt>
      <trkpt lat="44.4856015" lon="6.8676008"><ele>2660.5</ele><time>2025-04-10T08:16:56Z</time></trkpt>
      <trkpt lat="44.4860543" lon="6.8677686"><ele>2673.3</ele><time>2025-04-10T08:19:18Z</time></trkpt>
      <trkpt lat="44.4864124" lon="6.8680872"><ele>2683.8</ele><time>2025-04-10T08:20:46Z</time></trkpt>
      <trkpt lat="44.4866427" lon="6.868091"><ele>2691.3</ele><time>2025-04-10T08:21:36Z</time></trkpt>
      <trkpt lat="44.4866261" lon="6.8685395"><ele>2695.4</ele><time>2025-04-10T08:22:42Z</time></trkpt>
      <trkpt lat="44.4866856" lon="6.8688559"><ele>2697.2</ele><time>2025-04-10T08:23:48Z</time></trkpt>
      <trkpt lat="44.4869362" lon="6.8690552"><ele>2700.4</ele><time>2025-04-10T08:24:36Z</time></trkpt>
      <trkpt lat="44.4873839" lon="6.8695999"><ele>2716.1</ele><time>2025-04-10T08:35:11Z</time></trkpt>
      <trkpt lat="44.4873889" lon="6.8701957"><ele>2721.9</ele><time>2025-04-10T08:36:43Z</time></trkpt>
      <trkpt lat="44.4878024" lon="6.8701088"><ele>2732.7</ele><time>2025-04-10T08:38:10Z</time></trkpt>
      <trkpt lat="44.4880038" lon="6.8699879"><ele>2740.2</ele><time>2025-04-10T08:38:51Z</time></trkpt>
      <trkpt lat="44.4879849" lon="6.8705413"><ele>2748.9</ele><time>2025-04-10T08:40:32Z</time></trkpt>
      <trkpt lat="44.4883384" lon="6.8702603"><ele>2762.6</ele><time>2025-04-10T08:42:12Z</time></trkpt>
      <trkpt lat="44.4883915" lon="6.8702809"><ele>2758.3</ele><time>2025-04-10T08:42:23Z</time></trkpt>
      <trkpt lat="44.4883613" lon="6.8705619"><ele>2762.0</ele><time>2025-04-10T08:43:03Z</time></trkpt>
      <trkpt lat="44.4885892" lon="6.8703424"><ele>2771.4</ele><time>2025-04-10T08:44:26Z</time></trkpt>
      <trkpt lat="44.4885531" lon="6.8706811"><ele>2774.2</ele><time>2025-04-10T08:45:17Z</time></trkpt>
      <trkpt lat="44.4887728" lon="6.8704862"><ele>2782.7</ele><time>2025-04-10T08:46:23Z</time></trkpt>
      <trkpt lat="44.4887533" lon="6.8708394"><ele>2791.3</ele><time>2025-04-10T08:47:35Z</time></trkpt>
      <trkpt lat="44.4890283" lon="6.8706568"><ele>2800.7</ele><time>2025-04-10T08:48:57Z</time></trkpt>
      <trkpt lat="44.4890055" lon="6.8709458"><ele>2806.0</ele><time>2025-04-10T08:49:53Z</time></trkpt>
      <trkpt lat="44.4892476" lon="6.8707626"><ele>2814.4</ele><time>2025-04-10T08:50:59Z</time></trkpt>
      <trkpt lat="44.4892244" lon="6.8711665"><ele>2820.5</ele><time>2025-04-10T08:52:12Z</time></trkpt>
      <trkpt lat="44.4895692" lon="6.8710524"><ele>2832.9</ele><time>2025-04-10T08:53:25Z</time></trkpt>
      <trkpt lat="44.4895548" lon="6.8713525"><ele>2836.8</ele><time>2025-04-10T08:54:05Z</time></trkpt>
      <trkpt lat="44.4894548" lon="6.8715796"><ele>2842.7</ele><time>2025-04-10T08:54:51Z</time></trkpt>
      <trkpt lat="44.4900464" lon="6.8714952"><ele>2857.8</ele><time>2025-04-10T08:57:41Z</time></trkpt>
      <trkpt lat="44.4900636" lon="6.871702"><ele>2860.0</ele><time>2025-04-10T08:58:27Z</time></trkpt>
      <trkpt lat="44.4902305" lon="6.8717427"><ele>2867.1</ele><time>2025-04-10T08:59:07Z</time></trkpt>
      <trkpt lat="44.490357" lon="6.8715837"><ele>2870.2</ele><time>2025-04-10T08:59:43Z</time></trkpt>
      <trkpt lat="44.4904525" lon="6.8717927"><ele>2877.2</ele><time>2025-04-10T09:00:20Z</time></trkpt>
      <trkpt lat="44.4904443" lon="6.871935"><ele>2881.4</ele><time>2025-04-10T09:00:42Z</time></trkpt>
      <trkpt lat="44.4906413" lon="6.8716467"><ele>2892.1</ele><time>2025-04-10T09:01:54Z</time></trkpt>
      <trkpt lat="44.4907086" lon="6.8718473"><ele>2893.9</ele><time>2025-04-10T09:02:26Z</time></trkpt>
      <trkpt lat="44.4907988" lon="6.871816"><ele>2900.8</ele><time>2025-04-10T09:37:13Z</time></trkpt>
      <trkpt lat="44.4914868" lon="6.8712608"><ele>2883.3</ele><time>2025-04-10T09:39:01Z</time></trkpt>
      <trkpt lat="44.4918377" lon="6.8711854"><ele>2873.5</ele><time>2025-04-10T09:39:12Z</time></trkpt>
      <trkpt lat="44.4920134" lon="6.8712812"><ele>2864.3</ele><time>2025-04-10T09:39:17Z</time></trkpt>
      <trkpt lat="44.4922089" lon="6.8711597"><ele>2857.1</ele><time>2025-04-10T09:39:22Z</time></trkpt>
      <trkpt lat="44.4924361" lon="6.8709686"><ele>2848.0</ele><time>2025-04-10T09:39:27Z</time></trkpt>
      <trkpt lat="44.4926283" lon="6.8700559"><ele>2832.4</ele><time>2025-04-10T09:39:37Z</time></trkpt>
      <trkpt lat="44.492782" lon="6.8697176"><ele>2827.1</ele><time>2025-04-10T09:39:42Z</time></trkpt>
      <trkpt lat="44.493089" lon="6.8692927"><ele>2821.4</ele><time>2025-04-10T09:39:52Z</time></trkpt>
      <trkpt lat="44.4939465" lon="6.8686884"><ele>2792.6</ele><time>2025-04-10T09:40:22Z</time></trkpt>
      <trkpt lat="44.4944195" lon="6.8685111"><ele>2784.2</ele><time>2025-04-10T09:40:48Z</time></trkpt>
      <trkpt lat="44.494425" lon="6.8684332"><ele>2783.5</ele><time>2025-04-10T09:44:37Z</time></trkpt>
      <trkpt lat="44.4946614" lon="6.8682857"><ele>2777.4</ele><time>2025-04-10T09:44:52Z</time></trkpt>
      <trkpt lat="44.4947262" lon="6.868122"><ele>2776.1</ele><time>2025-04-10T09:44:57Z</time></trkpt>
      <trkpt lat="44.4948732" lon="6.8680258"><ele>2774.3</ele><time>2025-04-10T09:45:02Z</time></trkpt>
      <trkpt lat="44.495226" lon="6.8679586"><ele>2767.7</ele><time>2025-04-10T09:45:18Z</time></trkpt>
      <trkpt lat="44.4954623" lon="6.8677726"><ele>2762.6</ele><time>2025-04-10T09:45:33Z</time></trkpt>
      <trkpt lat="44.4957527" lon="6.8676729"><ele>2761.3</ele><time>2025-04-10T09:45:43Z</time></trkpt>
      <trkpt lat="44.4961691" lon="6.8678114"><ele>2753.6</ele><time>2025-04-10T09:46:04Z</time></trkpt>
      <trkpt lat="44.4967514" lon="6.8683079"><ele>2753.1</ele><time>2025-04-10T09:46:40Z</time></trkpt>
      <trkpt lat="44.496915" lon="6.8685987"><ele>2752.1</ele><time>2025-04-10T09:46:51Z</time></trkpt>
      <trkpt lat="44.4973778" lon="6.8691216"><ele>2746.5</ele><time>2025-04-10T09:47:17Z</time></trkpt>
      <trkpt lat="44.4976642" lon="6.8697099"><ele>2745.7</ele><time>2025-04-10T09:48:08Z</time></trkpt>
      <trkpt lat="44.4978803" lon="6.8698148"><ele>2712.0</ele><time>2025-04-10T09:48:33Z</time></trkpt>
      <trkpt lat="44.4980288" lon="6.8697383"><ele>2697.3</ele><time>2025-04-10T09:48:48Z</time></trkpt>
      <trkpt lat="44.4990352" lon="6.8697548"><ele>2740.0</ele><time>2025-04-10T09:48:58Z</time></trkpt>
      <trkpt lat="44.5001908" lon="6.8703447"><ele>2726.2</ele><time>2025-04-10T09:49:44Z</time></trkpt>
      <trkpt lat="44.50055" lon="6.8703878"><ele>2724.2</ele><time>2025-04-10T09:50:00Z</time></trkpt>
      <trkpt lat="44.5009821" lon="6.8705735"><ele>2718.2</ele><time>2025-04-10T09:50:26Z</time></trkpt>
      <trkpt lat="44.5013763" lon="6.8705939"><ele>2713.3</ele><time>2025-04-10T09:50:47Z</time></trkpt>
      <trkpt lat="44.5023904" lon="6.8701388"><ele>2702.2</ele><time>2025-04-10T09:51:34Z</time></trkpt>
      <trkpt lat="44.502718" lon="6.8695286"><ele>2696.6</ele><time>2025-04-10T09:52:09Z</time></trkpt>
      <trkpt lat="44.5029397" lon="6.8689341"><ele>2690.0</ele><time>2025-04-10T09:53:05Z</time></trkpt>
      <trkpt lat="44.50328" lon="6.8686176"><ele>2687.0</ele><time>2025-04-10T09:53:25Z</time></trkpt>
      <trkpt lat="44.5035458" lon="6.8684897"><ele>2689.0</ele><time>2025-04-10T09:53:35Z</time></trkpt>
      <trkpt lat="44.5036864" lon="6.8685934"><ele>2688.3</ele><time>2025-04-10T09:53:41Z</time></trkpt>
      <trkpt lat="44.5038017" lon="6.8684662"><ele>2684.2</ele><time>2025-04-10T09:53:46Z</time></trkpt>
      <trkpt lat="44.5042652" lon="6.8686295"><ele>2673.2</ele><time>2025-04-10T09:53:57Z</time></trkpt>
      <trkpt lat="44.5046194" lon="6.8684349"><ele>2662.3</ele><time>2025-04-10T09:54:02Z</time></trkpt>
      <trkpt lat="44.5049416" lon="6.8684663"><ele>2653.7</ele><time>2025-04-10T09:54:12Z</time></trkpt>
      <trkpt lat="44.505145" lon="6.8683892"><ele>2648.5</ele><time>2025-04-10T10:09:56Z</time></trkpt>
      <trkpt lat="44.5055917" lon="6.8681175"><ele>2651.0</ele><time>2025-04-10T10:10:44Z</time></trkpt>
      <trkpt lat="44.5060306" lon="6.8675593"><ele>2651.8</ele><time>2025-04-10T10:12:14Z</time></trkpt>
      <trkpt lat="44.5062147" lon="6.8675368"><ele>2657.4</ele><time>2025-04-10T10:12:46Z</time></trkpt>
      <trkpt lat="44.5065327" lon="6.8673352"><ele>2664.7</ele><time>2025-04-10T10:13:45Z</time></trkpt>
      <trkpt lat="44.5067404" lon="6.867131"><ele>2670.5</ele><time>2025-04-10T10:14:38Z</time></trkpt>
      <trkpt lat="44.5068181" lon="6.8669424"><ele>2674.5</ele><time>2025-04-10T10:15:10Z</time></trkpt>
      <trkpt lat="44.5069167" lon="6.8671397"><ele>2678.4</ele><time>2025-04-10T10:16:04Z</time></trkpt>
      <trkpt lat="44.5069542" lon="6.867571"><ele>2687.7</ele><time>2025-04-10T10:17:13Z</time></trkpt>
      <trkpt lat="44.5070092" lon="6.867585"><ele>2690.1</ele><time>2025-04-10T10:17:24Z</time></trkpt>
      <trkpt lat="44.5072011" lon="6.867404"><ele>2693.6</ele><time>2025-04-10T10:18:06Z</time></trkpt>
      <trkpt lat="44.5074072" lon="6.8669591"><ele>2699.5</ele><time>2025-04-10T10:19:16Z</time></trkpt>
      <trkpt lat="44.5075569" lon="6.8670572"><ele>2699.4</ele><time>2025-04-10T10:19:53Z</time></trkpt>
      <trkpt lat="44.5078951" lon="6.8668838"><ele>2706.6</ele><time>2025-04-10T10:20:57Z</time></trkpt>
      <trkpt lat="44.5084376" lon="6.866773"><ele>2711.1</ele><time>2025-04-10T10:21:56Z</time></trkpt>
      <trkpt lat="44.5090686" lon="6.8663984"><ele>2691.4</ele><time>2025-04-10T10:22:12Z</time></trkpt>
      <trkpt lat="44.5097813" lon="6.8664284"><ele>2684.7</ele><time>2025-04-10T10:22:33Z</time></trkpt>
      <trkpt lat="44.5103817" lon="6.8666132"><ele>2674.0</ele><time>2025-04-10T10:22:49Z</time></trkpt>
      <trkpt lat="44.5108271" lon="6.866563"><ele>2668.0</ele><time>2025-04-10T10:23:00Z</time></trkpt>
      <trkpt lat="44.5114259" lon="6.8666417"><ele>2666.6</ele><time>2025-04-10T10:23:37Z</time></trkpt>
      <trkpt lat="44.5123931" lon="6.8664275"><ele>2666.1</ele><time>2025-04-10T10:25:13Z</time></trkpt>
      <trkpt lat="44.5127351" lon="6.8661943"><ele>2664.3</ele><time>2025-04-10T10:25:40Z</time></trkpt>
      <trkpt lat="44.5129911" lon="6.8652922"><ele>2647.8</ele><time>2025-04-10T10:25:56Z</time></trkpt>
      <trkpt lat="44.5131116" lon="6.8650697"><ele>2646.5</ele><time>2025-04-10T10:26:01Z</time></trkpt>
      <trkpt lat="44.5135168" lon="6.8648169"><ele>2640.4</ele><time>2025-04-10T10:26:17Z</time></trkpt>
      <trkpt lat="44.513681" lon="6.8646302"><ele>2636.6</ele><time>2025-04-10T10:26:22Z</time></trkpt>
      <trkpt lat="44.5142494" lon="6.8649143"><ele>2623.4</ele><time>2025-04-10T10:26:33Z</time></trkpt>
      <trkpt lat="44.5147342" lon="6.8649531"><ele>2613.6</ele><time>2025-04-10T10:27:16Z</time></trkpt>
      <trkpt lat="44.5157022" lon="6.8646924"><ele>2610.9</ele><time>2025-04-10T10:28:20Z</time></trkpt>
      <trkpt lat="44.516724" lon="6.8646304"><ele>2603.4</ele><time>2025-04-10T10:30:22Z</time></trkpt>
      <trkpt lat="44.5173676" lon="6.8647323"><ele>2599.7</ele><time>2025-04-10T10:31:10Z</time></trkpt>
      <trkpt lat="44.5178635" lon="6.8650096"><ele>2596.4</ele><time>2025-04-10T10:31:58Z</time></trkpt>
      <trkpt lat="44.518258" lon="6.8651057"><ele>2592.8</ele><time>2025-04-10T10:38:00Z</time></trkpt>
      <trkpt lat="44.5187798" lon="6.8654735"><ele>2600.8</ele><time>2025-04-10T10:39:41Z</time></trkpt>
      <trkpt lat="44.5190231" lon="6.8654874"><ele>2609.6</ele><time>2025-04-10T10:40:29Z</time></trkpt>
      <trkpt lat="44.5192137" lon="6.8652798"><ele>2615.2</ele><time>2025-04-10T10:41:23Z</time></trkpt>
      <trkpt lat="44.5193652" lon="6.865449"><ele>2619.1</ele><time>2025-04-10T10:41:53Z</time></trkpt>
      <trkpt lat="44.5195194" lon="6.8658858"><ele>2629.8</ele><time>2025-04-10T10:42:55Z</time></trkpt>
      <trkpt lat="44.5203029" lon="6.8650296"><ele>2658.7</ele><time>2025-04-10T10:45:33Z</time></trkpt>
      <trkpt lat="44.5205681" lon="6.8649134"><ele>2660.5</ele><time>2025-04-10T10:46:11Z</time></trkpt>
      <trkpt lat="44.5219352" lon="6.8647379"><ele>2694.4</ele><time>2025-04-10T10:49:09Z</time></trkpt>
      <trkpt lat="44.5222158" lon="6.8646294"><ele>2697.2</ele><time>2025-04-10T10:49:46Z</time></trkpt>
      <trkpt lat="44.5228118" lon="6.8646803"><ele>2709.4</ele><time>2025-04-10T10:51:09Z</time></trkpt>
      <trkpt lat="44.5235822" lon="6.8645331"><ele>2722.7</ele><time>2025-04-10T10:53:05Z</time></trkpt>
      <trkpt lat="44.5237769" lon="6.864669"><ele>2727.4</ele><time>2025-04-10T10:54:18Z</time></trkpt>
      <trkpt lat="44.5238903" lon="6.8645993"><ele>2728.5</ele><time>2025-04-10T10:59:48Z</time></trkpt>
      <trkpt lat="44.5243497" lon="6.8649998"><ele>2739.8</ele><time>2025-04-10T11:01:14Z</time></trkpt>
      <trkpt lat="44.5250959" lon="6.8654372"><ele>2761.7</ele><time>2025-04-10T11:03:16Z</time></trkpt>
      <trkpt lat="44.5257704" lon="6.8654479"><ele>2777.2</ele><time>2025-04-10T11:04:52Z</time></trkpt>
      <trkpt lat="44.5261079" lon="6.8653487"><ele>2777.3</ele><time>2025-04-10T11:05:40Z</time></trkpt>
      <trkpt lat="44.5271981" lon="6.8647616"><ele>2794.6</ele><time>2025-04-10T11:08:04Z</time></trkpt>
      <trkpt lat="44.5276127" lon="6.8647679"><ele>2802.5</ele><time>2025-04-10T11:08:56Z</time></trkpt>
      <trkpt lat="44.528108" lon="6.8645738"><ele>2808.6</ele><time>2025-04-10T11:25:01Z</time></trkpt>
      <trkpt lat="44.5281549" lon="6.8646748"><ele>2811.4</ele><time>2025-04-10T11:25:22Z</time></trkpt>
      <trkpt lat="44.5290975" lon="6.8645319"><ele>2819.0</ele><time>2025-04-10T11:27:25Z</time></trkpt>
      <trkpt lat="44.529502" lon="6.8643648"><ele>2825.9</ele><time>2025-04-10T11:28:08Z</time></trkpt>
      <trkpt lat="44.5297028" lon="6.8641796"><ele>2827.5</ele><time>2025-04-10T11:28:34Z</time></trkpt>
      <trkpt lat="44.5301716" lon="6.8640118"><ele>2829.7</ele><time>2025-04-10T11:29:17Z</time></trkpt>
      <trkpt lat="44.5304939" lon="6.863997"><ele>2832.0</ele><time>2025-04-10T11:29:49Z</time></trkpt>
      <trkpt lat="44.5307767" lon="6.8640999"><ele>2830.4</ele><time>2025-04-10T11:30:10Z</time></trkpt>
      <trkpt lat="44.5313399" lon="6.8640054"><ele>2831.6</ele><time>2025-04-10T11:31:04Z</time></trkpt>
      <trkpt lat="44.5317355" lon="6.863903"><ele>2833.4</ele><time>2025-04-10T11:31:46Z</time></trkpt>
      <trkpt lat="44.5321549" lon="6.8636051"><ele>2836.9</ele><time>2025-04-10T11:32:40Z</time></trkpt>
      <trkpt lat="44.5323149" lon="6.863654"><ele>2837.4</ele><time>2025-04-10T11:33:06Z</time></trkpt>
      <trkpt lat="44.5324974" lon="6.8638487"><ele>2843.3</ele><time>2025-04-10T11:33:54Z</time></trkpt>
      <trkpt lat="44.5329827" lon="6.864543"><ele>2863.2</ele><time>2025-04-10T11:36:29Z</time></trkpt>
      <trkpt lat="44.5329513" lon="6.8641622"><ele>2868.9</ele><time>2025-04-10T11:37:49Z</time></trkpt>
      <trkpt lat="44.5330331" lon="6.8638203"><ele>2872.4</ele><time>2025-04-10T11:38:42Z</time></trkpt>
      <trkpt lat="44.5330225" lon="6.8635714"><ele>2875.4</ele><time>2025-04-10T11:39:30Z</time></trkpt>
      <trkpt lat="44.5332247" lon="6.8637475"><ele>2882.5</ele><time>2025-04-10T11:40:18Z</time></trkpt>
      <trkpt lat="44.5332942" lon="6.8636096"><ele>2888.2</ele><time>2025-04-10T11:40:50Z</time></trkpt>
      <trkpt lat="44.533384" lon="6.8635836"><ele>2890.5</ele><time>2025-04-10T11:41:12Z</time></trkpt>
      <trkpt lat="44.5337568" lon="6.863752"><ele>2898.3</ele><time>2025-04-10T11:42:21Z</time></trkpt>
      <trkpt lat="44.5346002" lon="6.8637009"><ele>2906.3</ele><time>2025-04-10T11:44:24Z</time></trkpt>
      <trkpt lat="44.5347508" lon="6.8637814"><ele>2909.9</ele><time>2025-04-10T11:44:56Z</time></trkpt>
      <trkpt lat="44.5348651" lon="6.8636698"><ele>2911.6</ele><time>2025-04-10T11:45:22Z</time></trkpt>
      <trkpt lat="44.5349788" lon="6.8636823"><ele>2912.8</ele><time>2025-04-10T11:45:44Z</time></trkpt>
      <trkpt lat="44.5357807" lon="6.8642197"><ele>2930.2</ele><time>2025-04-10T11:48:13Z</time></trkpt>
      <trkpt lat="44.536341" lon="6.8642762"><ele>2927.3</ele><time>2025-04-10T12:06:44Z</time></trkpt>
      <trkpt lat="44.5365609" lon="6.864395"><ele>2924.7</ele><time>2025-04-10T12:07:00Z</time></trkpt>
      <trkpt lat="44.536635" lon="6.864513"><ele>2924.8</ele><time>2025-04-10T12:07:25Z</time></trkpt>
      <trkpt lat="44.5364719" lon="6.8638018"><ele>2916.1</ele><time>2025-04-10T12:07:45Z</time></trkpt>
      <trkpt lat="44.5372711" lon="6.8645294"><ele>2902.6</ele><time>2025-04-10T12:11:44Z</time></trkpt>
      <trkpt lat="44.5379208" lon="6.8647779"><ele>2894.2</ele><time>2025-04-10T12:12:11Z</time></trkpt>
      <trkpt lat="44.5384456" lon="6.8658185"><ele>2894.1</ele><time>2025-04-10T12:14:35Z</time></trkpt>
      <trkpt lat="44.5390801" lon="6.8663543"><ele>2881.5</ele><time>2025-04-10T12:15:07Z</time></trkpt>
      <trkpt lat="44.5393065" lon="6.8667225"><ele>2876.4</ele><time>2025-04-10T12:15:23Z</time></trkpt>
      <trkpt lat="44.5394721" lon="6.8668516"><ele>2873.9</ele><time>2025-04-10T12:15:39Z</time></trkpt>
      <trkpt lat="44.5405169" lon="6.866988"><ele>2868.2</ele><time>2025-04-10T12:19:18Z</time></trkpt>
      <trkpt lat="44.540859" lon="6.8671613"><ele>2867.3</ele><time>2025-04-10T12:20:06Z</time></trkpt>
      <trkpt lat="44.5411331" lon="6.8671799"><ele>2866.9</ele><time>2025-04-10T12:20:32Z</time></trkpt>
      <trkpt lat="44.5413395" lon="6.8670692"><ele>2872.2</ele><time>2025-04-10T12:23:12Z</time></trkpt>
      <trkpt lat="44.5415551" lon="6.8667099"><ele>2877.2</ele><time>2025-04-10T12:24:43Z</time></trkpt>
      <trkpt lat="44.5417997" lon="6.8665931"><ele>2881.8</ele><time>2025-04-10T12:25:31Z</time></trkpt>
      <trkpt lat="44.5422492" lon="6.866576"><ele>2894.5</ele><time>2025-04-10T12:27:12Z</time></trkpt>
      <trkpt lat="44.5423036" lon="6.8663183"><ele>2897.3</ele><time>2025-04-10T12:28:11Z</time></trkpt>
      <trkpt lat="44.5424567" lon="6.866422"><ele>2903.9</ele><time>2025-04-10T12:28:48Z</time></trkpt>
      <trkpt lat="44.5425739" lon="6.8666549"><ele>2902.3</ele><time>2025-04-10T12:39:34Z</time></trkpt>
      <trkpt lat="44.5430557" lon="6.8669678"><ele>2899.1</ele><time>2025-04-10T12:40:06Z</time></trkpt>
      <trkpt lat="44.5434911" lon="6.8670421"><ele>2900.3</ele><time>2025-04-10T12:41:26Z</time></trkpt>
      <trkpt lat="44.544138" lon="6.8674443"><ele>2908.3</ele><time>2025-04-10T12:43:28Z</time></trkpt>
      <trkpt lat="44.5445385" lon="6.867368"><ele>2916.2</ele><time>2025-04-10T12:44:54Z</time></trkpt>
      <trkpt lat="44.5446132" lon="6.8680218"><ele>2928.9</ele><time>2025-04-10T12:47:12Z</time></trkpt>
      <trkpt lat="44.5447987" lon="6.868209"><ele>2931.0</ele><time>2025-04-10T12:48:00Z</time></trkpt>
      <trkpt lat="44.5448996" lon="6.8685141"><ele>2937.7</ele><time>2025-04-10T12:48:38Z</time></trkpt>
      <trkpt lat="44.5451843" lon="6.8680238"><ele>2956.3</ele><time>2025-04-10T12:52:22Z</time></trkpt>
      <trkpt lat="44.5452434" lon="6.8687109"><ele>2970.5</ele><time>2025-04-10T12:54:14Z</time></trkpt>
      <trkpt lat="44.5455723" lon="6.8682156"><ele>2985.0</ele><time>2025-04-10T12:56:11Z</time></trkpt>
      <trkpt lat="44.5455845" lon="6.868659"><ele>2996.1</ele><time>2025-04-10T12:58:14Z</time></trkpt>
      <trkpt lat="44.5458073" lon="6.868419"><ele>3005.7</ele><time>2025-04-10T13:00:11Z</time></trkpt>
      <trkpt lat="44.5460154" lon="6.8680216"><ele>3020.7</ele><time>2025-04-10T13:03:34Z</time></trkpt>
      <trkpt lat="44.5460033" lon="6.867893"><ele>3021.4</ele><time>2025-04-10T13:03:55Z</time></trkpt>
      <trkpt lat="44.5460588" lon="6.8678648"><ele>3019.9</ele><time>2025-04-10T13:04:27Z</time></trkpt>
      <trkpt lat="44.5461574" lon="6.8675183"><ele>3027.8</ele><time>2025-04-10T13:06:35Z</time></trkpt>
      <trkpt lat="44.5461223" lon="6.8674617"><ele>3028.2</ele><time>2025-04-10T13:06:41Z</time></trkpt>
      <trkpt lat="44.5462441" lon="6.8671765"><ele>3039.2</ele><time>2025-04-10T13:08:27Z</time></trkpt>
      <trkpt lat="44.5462696" lon="6.8673409"><ele>3041.3</ele><time>2025-04-10T13:09:53Z</time></trkpt>
      <trkpt lat="44.5464873" lon="6.8674945"><ele>3057.1</ele><time>2025-04-10T13:22:50Z</time></trkpt>
      <trkpt lat="44.5467601" lon="6.8673671"><ele>3084.8</ele><time>2025-04-10T13:28:34Z</time></trkpt>
      <trkpt lat="44.5468598" lon="6.8674876"><ele>3093.6</ele><time>2025-04-10T13:30:36Z</time></trkpt>
      <trkpt lat="44.5469095" lon="6.8673635"><ele>3092.5</ele><time>2025-04-10T13:30:46Z</time></trkpt>
      <trkpt lat="44.5470783" lon="6.867282"><ele>3103.9</ele><time>2025-04-10T13:32:59Z</time></trkpt>
      <trkpt lat="44.5470756" lon="6.8673633"><ele>3118.1</ele><time>2025-04-10T13:34:27Z</time></trkpt>
      <trkpt lat="44.5472351" lon="6.8674016"><ele>3125.2</ele><time>2025-04-10T13:35:33Z</time></trkpt>
      <trkpt lat="44.5474478" lon="6.8672907"><ele>3121.6</ele><time>2025-04-10T14:13:40Z</time></trkpt>
      <trkpt lat="44.5476371" lon="6.8673841"><ele>3104.7</ele><time>2025-04-10T14:13:50Z</time></trkpt>
      <trkpt lat="44.5477143" lon="6.8673195"><ele>3098.0</ele><time>2025-04-10T14:18:10Z</time></trkpt>
      <trkpt lat="44.5479321" lon="6.8673594"><ele>3064.3</ele><time>2025-04-10T14:21:53Z</time></trkpt>
      <trkpt lat="44.5478995" lon="6.867695"><ele>3054.1</ele><time>2025-04-10T14:22:18Z</time></trkpt>
      <trkpt lat="44.5482083" lon="6.8678975"><ele>3024.2</ele><time>2025-04-10T14:22:55Z</time></trkpt>
      <trkpt lat="44.5484334" lon="6.8679241"><ele>3013.1</ele><time>2025-04-10T14:23:00Z</time></trkpt>
      <trkpt lat="44.548702" lon="6.8678884"><ele>2990.4</ele><time>2025-04-10T14:23:11Z</time></trkpt>
      <trkpt lat="44.548707" lon="6.8677469"><ele>2979.2</ele><time>2025-04-10T14:26:16Z</time></trkpt>
      <trkpt lat="44.5488654" lon="6.8677544"><ele>2954.5</ele><time>2025-04-10T14:26:37Z</time></trkpt>
      <trkpt lat="44.5490495" lon="6.8673387"><ele>2938.1</ele><time>2025-04-10T14:27:07Z</time></trkpt>
      <trkpt lat="44.5492086" lon="6.867203"><ele>2932.9</ele><time>2025-04-10T14:27:12Z</time></trkpt>
      <trkpt lat="44.5495617" lon="6.8673696"><ele>2923.0</ele><time>2025-04-10T14:27:18Z</time></trkpt>
      <trkpt lat="44.5500878" lon="6.8677578"><ele>2897.9</ele><time>2025-04-10T14:27:28Z</time></trkpt>
      <trkpt lat="44.550592" lon="6.8679676"><ele>2861.8</ele><time>2025-04-10T14:27:34Z</time></trkpt>
      <trkpt lat="44.5510912" lon="6.8680558"><ele>2846.7</ele><time>2025-04-10T14:27:44Z</time></trkpt>
      <trkpt lat="44.5508413" lon="6.8684978"><ele>2841.7</ele><time>2025-04-10T14:40:33Z</time></trkpt>
      <trkpt lat="44.5509014" lon="6.8687825"><ele>2834.9</ele><time>2025-04-10T14:44:16Z</time></trkpt>
      <trkpt lat="44.5513788" lon="6.8692502"><ele>2773.8</ele><time>2025-04-10T14:44:27Z</time></trkpt>
      <trkpt lat="44.5515632" lon="6.8698707"><ele>2752.6</ele><time>2025-04-10T14:44:32Z</time></trkpt>
      <trkpt lat="44.5518675" lon="6.8699005"><ele>2741.7</ele><time>2025-04-10T14:44:37Z</time></trkpt>
      <trkpt lat="44.5523364" lon="6.8696716"><ele>2729.7</ele><time>2025-04-10T14:44:42Z</time></trkpt>
      <trkpt lat="44.5527869" lon="6.8695765"><ele>2722.8</ele><time>2025-04-10T14:44:47Z</time></trkpt>
      <trkpt lat="44.5528763" lon="6.8696336"><ele>2720.5</ele><time>2025-04-10T14:44:57Z</time></trkpt>
      <trkpt lat="44.5528866" lon="6.8697757"><ele>2715.8</ele><time>2025-04-10T14:47:00Z</time></trkpt>
      <trkpt lat="44.5531735" lon="6.8698297"><ele>2708.9</ele><time>2025-04-10T14:47:05Z</time></trkpt>
      <trkpt lat="44.5546224" lon="6.8692407"><ele>2684.3</ele><time>2025-04-10T14:47:25Z</time></trkpt>
      <trkpt lat="44.5547333" lon="6.8691153"><ele>2681.3</ele><time>2025-04-10T14:47:45Z</time></trkpt>
      <trkpt lat="44.5550282" lon="6.8693927"><ele>2665.6</ele><time>2025-04-10T14:47:50Z</time></trkpt>
      <trkpt lat="44.5556452" lon="6.8695886"><ele>2639.5</ele><time>2025-04-10T14:47:55Z</time></trkpt>
      <trkpt lat="44.5562278" lon="6.8692952"><ele>2628.2</ele><time>2025-04-10T14:48:00Z</time></trkpt>
      <trkpt lat="44.5566996" lon="6.8693214"><ele>2616.8</ele><time>2025-04-10T14:48:05Z</time></trkpt>
      <trkpt lat="44.5573092" lon="6.8688827"><ele>2596.1</ele><time>2025-04-10T14:48:11Z</time></trkpt>
      <trkpt lat="44.5584689" lon="6.867289"><ele>2588.5</ele><time>2025-04-10T14:48:51Z</time></trkpt>
      <trkpt lat="44.5588976" lon="6.866832"><ele>2586.4</ele><time>2025-04-10T14:50:23Z</time></trkpt>
      <trkpt lat="44.5592624" lon="6.866583"><ele>2582.2</ele><time>2025-04-10T14:50:50Z</time></trkpt>
      <trkpt lat="44.5597167" lon="6.8664613"><ele>2575.4</ele><time>2025-04-10T14:51:00Z</time></trkpt>
      <trkpt lat="44.5609454" lon="6.8657897"><ele>2565.3</ele><time>2025-04-10T14:51:26Z</time></trkpt>
      <trkpt lat="44.5611269" lon="6.865713"><ele>2564.7</ele><time>2025-04-10T14:51:36Z</time></trkpt>
      <trkpt lat="44.5612396" lon="6.8658001"><ele>2563.5</ele><time>2025-04-10T14:54:03Z</time></trkpt>
      <trkpt lat="44.5619853" lon="6.8653374"><ele>2556.1</ele><time>2025-04-10T14:54:24Z</time></trkpt>
      <trkpt lat="44.5625169" lon="6.8647936"><ele>2553.6</ele><time>2025-04-10T14:54:50Z</time></trkpt>
      <trkpt lat="44.5629016" lon="6.8640162"><ele>2552.5</ele><time>2025-04-10T14:55:40Z</time></trkpt>
      <trkpt lat="44.5631602" lon="6.8636937"><ele>2548.9</ele><time>2025-04-10T14:55:50Z</time></trkpt>
      <trkpt lat="44.5634257" lon="6.8634942"><ele>2544.1</ele><time>2025-04-10T14:56:00Z</time></trkpt>
      <trkpt lat="44.5637676" lon="6.8628501"><ele>2540.5</ele><time>2025-04-10T14:56:30Z</time></trkpt>
      <trkpt lat="44.5641362" lon="6.8626137"><ele>2538.5</ele><time>2025-04-10T14:56:40Z</time></trkpt>
      <trkpt lat="44.5645633" lon="6.8624625"><ele>2537.8</ele><time>2025-04-10T14:57:00Z</time></trkpt>
      <trkpt lat="44.5669929" lon="6.8621705"><ele>2516.2</ele><time>2025-04-10T14:57:51Z</time></trkpt>
      <trkpt lat="44.5677981" lon="6.862466"><ele>2499.3</ele><time>2025-04-10T14:58:02Z</time></trkpt>
      <trkpt lat="44.5681893" lon="6.8627035"><ele>2496.3</ele><time>2025-04-10T14:58:07Z</time></trkpt>
      <trkpt lat="44.5694948" lon="6.8626381"><ele>2470.9</ele><time>2025-04-10T14:58:54Z</time></trkpt>
      <trkpt lat="44.5702158" lon="6.8625114"><ele>2464.9</ele><time>2025-04-10T14:59:15Z</time></trkpt>
      <trkpt lat="44.57041" lon="6.8624247"><ele>2461.2</ele><time>2025-04-10T14:59:20Z</time></trkpt>
      <trkpt lat="44.5707689" lon="6.8620714"><ele>2451.7</ele><time>2025-04-10T14:59:35Z</time></trkpt>
      <trkpt lat="44.5714074" lon="6.8610854"><ele>2434.2</ele><time>2025-04-10T14:59:55Z</time></trkpt>
      <trkpt lat="44.5716397" lon="6.8610269"><ele>2428.1</ele><time>2025-04-10T15:00:00Z</time></trkpt>
      <trkpt lat="44.5717917" lon="6.8611391"><ele>2412.7</ele><time>2025-04-10T15:00:05Z</time></trkpt>
      <trkpt lat="44.5721585" lon="6.8617621"><ele>2375.9</ele><time>2025-04-10T15:00:15Z</time></trkpt>
      <trkpt lat="44.5724649" lon="6.8619971"><ele>2345.8</ele><time>2025-04-10T15:00:20Z</time></trkpt>
      <trkpt lat="44.5727722" lon="6.862439"><ele>2314.8</ele><time>2025-04-10T15:00:25Z</time></trkpt>
      <trkpt lat="44.5731752" lon="6.8626899"><ele>2279.8</ele><time>2025-04-10T15:00:30Z</time></trkpt>
      <trkpt lat="44.5737302" lon="6.8619968"><ele>2274.1</ele><time>2025-04-10T15:00:41Z</time></trkpt>
      <trkpt lat="44.5739737" lon="6.8612444"><ele>2265.1</ele><time>2025-04-10T15:03:11Z</time></trkpt>
      <trkpt lat="44.5741211" lon="6.860988"><ele>2261.0</ele><time>2025-04-10T15:03:16Z</time></trkpt>
      <trkpt lat="44.5743178" lon="6.8608909"><ele>2257.2</ele><time>2025-04-10T15:03:21Z</time></trkpt>
      <trkpt lat="44.5745592" lon="6.8608974"><ele>2256.5</ele><time>2025-04-10T15:03:27Z</time></trkpt>
      <trkpt lat="44.5748046" lon="6.8610103"><ele>2251.8</ele><time>2025-04-10T15:03:32Z</time></trkpt>
      <trkpt lat="44.5756463" lon="6.8606981"><ele>2245.1</ele><time>2025-04-10T15:03:48Z</time></trkpt>
      <trkpt lat="44.5760199" lon="6.8604158"><ele>2242.5</ele><time>2025-04-10T15:03:58Z</time></trkpt>
      <trkpt lat="44.5766579" lon="6.8602863"><ele>2234.9</ele><time>2025-04-10T15:08:01Z</time></trkpt>
      <trkpt lat="44.5769999" lon="6.8600808"><ele>2234.3</ele><time>2025-04-10T15:08:21Z</time></trkpt>
      <trkpt lat="44.5778721" lon="6.8601513"><ele>2225.3</ele><time>2025-04-10T15:08:42Z</time></trkpt>
      <trkpt lat="44.5785674" lon="6.8599156"><ele>2220.2</ele><time>2025-04-10T15:08:53Z</time></trkpt>
      <trkpt lat="44.5789644" lon="6.8600821"><ele>2218.3</ele><time>2025-04-10T15:10:54Z</time></trkpt>
      <trkpt lat="44.5792287" lon="6.860057"><ele>2218.1</ele><time>2025-04-10T15:12:37Z</time></trkpt>
      <trkpt lat="44.5792456" lon="6.8599452"><ele>2217.6</ele><time>2025-04-10T15:12:58Z</time></trkpt>
      <trkpt lat="44.5792927" lon="6.8600596"><ele>2219.6</ele><time>2025-04-10T15:13:23Z</time></trkpt>
      <trkpt lat="44.5798127" lon="6.8596968"><ele>2212.3</ele><time>2025-04-10T15:13:53Z</time></trkpt>
      <trkpt lat="44.5801536" lon="6.8596376"><ele>2204.9</ele><time>2025-04-10T15:13:59Z</time></trkpt>
      <trkpt lat="44.5803286" lon="6.859695"><ele>2200.9</ele><time>2025-04-10T15:14:04Z</time></trkpt>
      <trkpt lat="44.5815743" lon="6.8593589"><ele>2183.3</ele><time>2025-04-10T15:14:29Z</time></trkpt>
      <trkpt lat="44.5824717" lon="6.8597949"><ele>2180.1</ele><time>2025-04-10T15:14:44Z</time></trkpt>
      <trkpt lat="44.5827662" lon="6.8601904"><ele>2174.8</ele><time>2025-04-10T15:14:54Z</time></trkpt>
      <trkpt lat="44.5828448" lon="6.8600253"><ele>2173.5</ele><time>2025-04-10T15:15:44Z</time></trkpt>
      <trkpt lat="44.5829702" lon="6.8600002"><ele>2171.5</ele><time>2025-04-10T15:16:10Z</time></trkpt>
      <trkpt lat="44.5830317" lon="6.8600934"><ele>2173.4</ele><time>2025-04-10T15:16:51Z</time></trkpt>
      <trkpt lat="44.5832768" lon="6.8601583"><ele>2171.7</ele><time>2025-04-10T15:20:06Z</time></trkpt>
      <trkpt lat="44.5836597" lon="6.8600458"><ele>2169.5</ele><time>2025-04-10T15:20:26Z</time></trkpt>
      <trkpt lat="44.5842608" lon="6.8595277"><ele>2167.9</ele><time>2025-04-10T15:23:14Z</time></trkpt>
      <trkpt lat="44.5846401" lon="6.8593971"><ele>2164.8</ele><time>2025-04-10T15:23:39Z</time></trkpt>
      <trkpt lat="44.5852326" lon="6.8594299"><ele>2160.7</ele><time>2025-04-10T15:23:49Z</time></trkpt>
      <trkpt lat="44.5855917" lon="6.8595683"><ele>2153.0</ele><time>2025-04-10T15:23:55Z</time></trkpt>
      <trkpt lat="44.5855777" lon="6.859351"><ele>2147.8</ele><time>2025-04-10T15:24:00Z</time></trkpt>
      <trkpt lat="44.5856456" lon="6.8592104"><ele>2144.2</ele><time>2025-04-10T15:24:05Z</time></trkpt>
      <trkpt lat="44.5860678" lon="6.8586251"><ele>2131.7</ele><time>2025-04-10T15:24:20Z</time></trkpt>
      <trkpt lat="44.5867469" lon="6.8585197"><ele>2116.3</ele><time>2025-04-10T15:24:30Z</time></trkpt>
      <trkpt lat="44.5870365" lon="6.8587385"><ele>2104.3</ele><time>2025-04-10T15:24:35Z</time></trkpt>
      <trkpt lat="44.5875496" lon="6.858625"><ele>2093.1</ele><time>2025-04-10T15:24:45Z</time></trkpt>
      <trkpt lat="44.5885331" lon="6.858568"><ele>2074.2</ele><time>2025-04-10T15:25:05Z</time></trkpt>
      <trkpt lat="44.5892397" lon="6.8589472"><ele>2064.6</ele><time>2025-04-10T15:26:17Z</time></trkpt>
      <trkpt lat="44.5895052" lon="6.8590103"><ele>2060.5</ele><time>2025-04-10T15:26:28Z</time></trkpt>
      <trkpt lat="44.5901226" lon="6.8587953"><ele>2056.5</ele><time>2025-04-10T15:26:38Z</time></trkpt>
      <trkpt lat="44.5904651" lon="6.8591363"><ele>2045.4</ele><time>2025-04-10T15:27:18Z</time></trkpt>
      <trkpt lat="44.5907878" lon="6.8592208"><ele>2039.6</ele><time>2025-04-10T15:27:28Z</time></trkpt>
      <trkpt lat="44.5910072" lon="6.8589377"><ele>2036.7</ele><time>2025-04-10T15:28:55Z</time></trkpt>
      <trkpt lat="44.5911218" lon="6.8585825"><ele>2031.5</ele><time>2025-04-10T15:30:40Z</time></trkpt>
      <trkpt lat="44.5910422" lon="6.8577004"><ele>2021.9</ele><time>2025-04-10T15:30:50Z</time></trkpt>
      <trkpt lat="44.5910769" lon="6.8572536"><ele>2021.2</ele><time>2025-04-10T15:30:55Z</time></trkpt>
      <trkpt lat="44.5912143" lon="6.8568181"><ele>2015.5</ele><time>2025-04-10T15:31:00Z</time></trkpt>
      <trkpt lat="44.5914375" lon="6.8564596"><ele>2008.3</ele><time>2025-04-10T15:31:05Z</time></trkpt>
      <trkpt lat="44.5916144" lon="6.8564153"><ele>2003.5</ele><time>2025-04-10T15:31:10Z</time></trkpt>
      <trkpt lat="44.5914451" lon="6.8568871"><ele>1998.0</ele><time>2025-04-10T15:31:15Z</time></trkpt>
      <trkpt lat="44.5915611" lon="6.8573424"><ele>1988.6</ele><time>2025-04-10T15:31:20Z</time></trkpt>
      <trkpt lat="44.591791" lon="6.8570541"><ele>1979.7</ele><time>2025-04-10T15:31:25Z</time></trkpt>
      <trkpt lat="44.5920035" lon="6.8565236"><ele>1974.4</ele><time>2025-04-10T15:31:30Z</time></trkpt>
      <trkpt lat="44.5922577" lon="6.856135"><ele>1966.3</ele><time>2025-04-10T15:31:35Z</time></trkpt>
      <trkpt lat="44.5925996" lon="6.8552692"><ele>1951.6</ele><time>2025-04-10T15:32:17Z</time></trkpt>
      <trkpt lat="44.5926074" lon="6.8548892"><ele>1947.3</ele><time>2025-04-10T15:32:22Z</time></trkpt>
      <trkpt lat="44.592858" lon="6.853343"><ele>1932.4</ele><time>2025-04-10T15:32:49Z</time></trkpt>
      <trkpt lat="44.5929364" lon="6.8531853"><ele>1929.0</ele><time>2025-04-10T15:32:54Z</time></trkpt>
      <trkpt lat="44.5933194" lon="6.8530048"><ele>1921.9</ele><time>2025-04-10T15:33:21Z</time></trkpt>
      <trkpt lat="44.593556" lon="6.8526607"><ele>1921.0</ele><time>2025-04-10T15:33:37Z</time></trkpt>
      <trkpt lat="44.5937701" lon="6.8523068"><ele>1921.3</ele><time>2025-04-10T15:34:30Z</time></trkpt>
      <trkpt lat="44.5939075" lon="6.8518158"><ele>1917.4</ele><time>2025-04-10T15:35:02Z</time></trkpt>
      <trkpt lat="44.5940544" lon="6.8519692"><ele>1915.4</ele><time>2025-04-10T15:35:38Z</time></trkpt>
      <trkpt lat="44.5941719" lon="6.8519325"><ele>1914.3</ele><time>2025-04-10T15:35:49Z</time></trkpt>
      <trkpt lat="44.5941581" lon="6.8518579"><ele>1917.2</ele><time>2025-04-10T15:36:00Z</time></trkpt>
      <trkpt lat="44.5943456" lon="6.851554"><ele>1916.1</ele><time>2025-04-10T15:36:53Z</time></trkpt>
      <trkpt lat="44.5941414" lon="6.8510594"><ele>1914.0</ele><time>2025-04-10T15:37:29Z</time></trkpt>
      <trkpt lat="44.5940548" lon="6.8500149"><ele>1910.2</ele><time>2025-04-10T15:38:42Z</time></trkpt>
      <trkpt lat="44.5938385" lon="6.8494674"><ele>1911.5</ele><time>2025-04-10T15:39:25Z</time></trkpt>
      <trkpt lat="44.5933659" lon="6.8477337"><ele>1920.7</ele><time>2025-04-10T15:41:40Z</time></trkpt>
      <trkpt lat="44.5933337" lon="6.8468753"><ele>1922.7</ele><time>2025-04-10T15:42:55Z</time></trkpt>
      <trkpt lat="44.5934928" lon="6.8458186"><ele>1919.2</ele><time>2025-04-10T15:44:04Z</time></trkpt>
      <trkpt lat="44.5934875" lon="6.8454768"><ele>1918.3</ele><time>2025-04-10T15:44:24Z</time></trkpt>
      <trkpt lat="44.5937261" lon="6.8448106"><ele>1918.1</ele><time>2025-04-10T15:45:06Z</time></trkpt>
      <trkpt lat="44.5936935" lon="6.8444532"><ele>1917.1</ele><time>2025-04-10T15:45:27Z</time></trkpt>
      <trkpt lat="44.5935682" lon="6.8438825"><ele>1914.0</ele><time>2025-04-10T15:46:03Z</time></trkpt>
      <trkpt lat="44.5933811" lon="6.8434474"><ele>1913.8</ele><time>2025-04-10T15:46:39Z</time></trkpt>
      <trkpt lat="44.5933834" lon="6.8432694"><ele>1909.3</ele><time>2025-04-10T15:47:40Z</time></trkpt>
      <trkpt lat="44.5931192" lon="6.8426443"><ele>1910.9</ele><time>2025-04-10T15:48:21Z</time></trkpt>
      <trkpt lat="44.5928285" lon="6.8423839"><ele>1910.7</ele><time>2025-04-10T15:48:48Z</time></trkpt>
      <trkpt lat="44.5926856" lon="6.8426076"><ele>1904.4</ele><time>2025-04-10T15:49:08Z</time></trkpt>
      <trkpt lat="44.5926816" lon="6.8424666"><ele>1911.4</ele><time>2025-04-10T15:49:18Z</time></trkpt>
      <trkpt lat="44.5927784" lon="6.8423601"><ele>1914.9</ele><time>2025-04-10T15:49:34Z</time></trkpt>
      <trkpt lat="44.5927709" lon="6.8422957"><ele>1908.9</ele><time>2025-04-11T05:23:10Z</time></trkpt>
      <trkpt lat="44.5928493" lon="6.8424683"><ele>1914.3</ele><time>2025-04-11T05:25:28Z</time></trkpt>
      <trkpt lat="44.5930736" lon="6.8425455"><ele>1911.6</ele><time>2025-04-11T05:25:43Z</time></trkpt>
      <trkpt lat="44.5931226" lon="6.8426094"><ele>1913.7</ele><time>2025-04-11T05:25:48Z</time></trkpt>
      <trkpt lat="44.5930846" lon="6.8426799"><ele>1908.6</ele><time>2025-04-11T05:25:58Z</time></trkpt>
      <trkpt lat="44.5931755" lon="6.8426897"><ele>1909.8</ele><time>2025-04-11T05:26:34Z</time></trkpt>
      <trkpt lat="44.5933188" lon="6.842978"><ele>1910.7</ele><time>2025-04-11T05:27:00Z</time></trkpt>
      <trkpt lat="44.593608" lon="6.8437901"><ele>1914.6</ele><time>2025-04-11T05:27:58Z</time></trkpt>
      <trkpt lat="44.5937785" lon="6.8445356"><ele>1918.2</ele><time>2025-04-11T05:28:45Z</time></trkpt>
      <trkpt lat="44.5937782" lon="6.8450274"><ele>1919.0</ele><time>2025-04-11T05:29:22Z</time></trkpt>
      <trkpt lat="44.5935589" lon="6.8454673"><ele>1921.8</ele><time>2025-04-11T05:30:00Z</time></trkpt>
      <trkpt lat="44.5934064" lon="6.8466466"><ele>1924.7</ele><time>2025-04-11T05:31:25Z</time></trkpt>
      <trkpt lat="44.5933762" lon="6.8471192"><ele>1926.2</ele><time>2025-04-11T05:31:57Z</time></trkpt>
      <trkpt lat="44.5934368" lon="6.8476079"><ele>1923.9</ele><time>2025-04-11T05:32:29Z</time></trkpt>
      <trkpt lat="44.5935224" lon="6.8476185"><ele>1928.5</ele><time>2025-04-11T05:32:56Z</time></trkpt>
      <trkpt lat="44.5936133" lon="6.847944"><ele>1925.9</ele><time>2025-04-11T05:33:17Z</time></trkpt>
      <trkpt lat="44.5945669" lon="6.8498965"><ele>1933.0</ele><time>2025-04-11T05:35:48Z</time></trkpt>
      <trkpt lat="44.5945976" lon="6.8503926"><ele>1935.9</ele><time>2025-04-11T05:36:19Z</time></trkpt>
      <trkpt lat="44.594873" lon="6.8511234"><ele>1939.6</ele><time>2025-04-11T05:37:12Z</time></trkpt>
      <trkpt lat="44.5954771" lon="6.8516249"><ele>1945.1</ele><time>2025-04-11T05:38:15Z</time></trkpt>
      <trkpt lat="44.5959625" lon="6.8523421"><ele>1950.1</ele><time>2025-04-11T05:39:18Z</time></trkpt>
      <trkpt lat="44.5960854" lon="6.8531068"><ele>1953.6</ele><time>2025-04-11T05:40:11Z</time></trkpt>
      <trkpt lat="44.5962992" lon="6.8534929"><ele>1956.1</ele><time>2025-04-11T05:40:43Z</time></trkpt>
      <trkpt lat="44.596491" lon="6.854044"><ele>1958.6</ele><time>2025-04-11T05:41:20Z</time></trkpt>
      <trkpt lat="44.5967182" lon="6.855144"><ele>1961.6</ele><time>2025-04-11T05:42:32Z</time></trkpt>
      <trkpt lat="44.5967535" lon="6.8555132"><ele>1961.6</ele><time>2025-04-11T05:42:53Z</time></trkpt>
      <trkpt lat="44.5967097" lon="6.856113"><ele>1962.8</ele><time>2025-04-11T05:43:30Z</time></trkpt>
      <trkpt lat="44.5966016" lon="6.8565075"><ele>1970.5</ele><time>2025-04-11T05:44:15Z</time></trkpt>
      <trkpt lat="44.5962814" lon="6.8568763"><ele>1969.4</ele><time>2025-04-11T05:44:56Z</time></trkpt>
      <trkpt lat="44.5960581" lon="6.8573322"><ele>1973.9</ele><time>2025-04-11T05:45:33Z</time></trkpt>
      <trkpt lat="44.5959533" lon="6.8584324"><ele>1980.3</ele><time>2025-04-11T05:47:00Z</time></trkpt>
      <trkpt lat="44.5957571" lon="6.8592218"><ele>1981.2</ele><time>2025-04-11T05:47:52Z</time></trkpt>
      <trkpt lat="44.5956724" lon="6.8599483"><ele>1985.7</ele><time>2025-04-11T05:48:44Z</time></trkpt>
      <trkpt lat="44.595702" lon="6.8603296"><ele>1988.5</ele><time>2025-04-11T05:49:11Z</time></trkpt>
      <trkpt lat="44.5960513" lon="6.8613088"><ele>1996.6</ele><time>2025-04-11T05:50:25Z</time></trkpt>
      <trkpt lat="44.5965348" lon="6.862141"><ele>1999.9</ele><time>2025-04-11T05:51:38Z</time></trkpt>
      <trkpt lat="44.5966697" lon="6.8625599"><ele>2003.5</ele><time>2025-04-11T05:52:09Z</time></trkpt>
      <trkpt lat="44.596996" lon="6.8632209"><ele>2005.2</ele><time>2025-04-11T05:53:02Z</time></trkpt>
      <trkpt lat="44.5977873" lon="6.8643206"><ele>2010.7</ele><time>2025-04-11T05:54:42Z</time></trkpt>
      <trkpt lat="44.5986902" lon="6.8647085"><ele>2012.4</ele><time>2025-04-11T05:55:59Z</time></trkpt>
      <trkpt lat="44.5990159" lon="6.865028"><ele>2013.2</ele><time>2025-04-11T05:56:30Z</time></trkpt>
      <trkpt lat="44.5993492" lon="6.8650388"><ele>2014.1</ele><time>2025-04-11T05:56:56Z</time></trkpt>
      <trkpt lat="44.5997822" lon="6.8652056"><ele>2015.4</ele><time>2025-04-11T05:57:42Z</time></trkpt>
      <trkpt lat="44.5998452" lon="6.8652879"><ele>2017.0</ele><time>2025-04-11T05:57:52Z</time></trkpt>
      <trkpt lat="44.5999509" lon="6.8658962"><ele>2021.4</ele><time>2025-04-11T05:58:43Z</time></trkpt>
      <trkpt lat="44.6001129" lon="6.8662026"><ele>2021.9</ele><time>2025-04-11T05:59:09Z</time></trkpt>
      <trkpt lat="44.600421" lon="6.8665209"><ele>2027.2</ele><time>2025-04-11T05:59:45Z</time></trkpt>
      <trkpt lat="44.6011003" lon="6.8665838"><ele>2029.0</ele><time>2025-04-11T06:00:42Z</time></trkpt>
      <trkpt lat="44.6014237" lon="6.8664012"><ele>2032.7</ele><time>2025-04-11T06:01:13Z</time></trkpt>
      <trkpt lat="44.6015603" lon="6.8667358"><ele>2030.8</ele><time>2025-04-11T06:01:38Z</time></trkpt>
      <trkpt lat="44.6019357" lon="6.8673177"><ele>2029.5</ele><time>2025-04-11T06:02:25Z</time></trkpt>
      <trkpt lat="44.6018431" lon="6.8678397"><ele>2028.7</ele><time>2025-04-11T06:02:57Z</time></trkpt>
      <trkpt lat="44.6016355" lon="6.8682638"><ele>2022.5</ele><time>2025-04-11T06:05:01Z</time></trkpt>
      <trkpt lat="44.6014686" lon="6.8691359"><ele>2040.8</ele><time>2025-04-11T06:06:19Z</time></trkpt>
      <trkpt lat="44.601619" lon="6.8693438"><ele>2048.5</ele><time>2025-04-11T06:06:56Z</time></trkpt>
      <trkpt lat="44.6017067" lon="6.8700416"><ele>2052.9</ele><time>2025-04-11T06:07:48Z</time></trkpt>
      <trkpt lat="44.6020225" lon="6.8707654"><ele>2061.9</ele><time>2025-04-11T06:08:57Z</time></trkpt>
      <trkpt lat="44.6021903" lon="6.870944"><ele>2064.7</ele><time>2025-04-11T06:09:23Z</time></trkpt>
      <trkpt lat="44.6024767" lon="6.8710314"><ele>2069.8</ele><time>2025-04-11T06:10:00Z</time></trkpt>
      <trkpt lat="44.6028445" lon="6.8718073"><ele>2079.1</ele><time>2025-04-11T06:11:23Z</time></trkpt>
      <trkpt lat="44.6034954" lon="6.872341"><ele>2077.8</ele><time>2025-04-11T06:12:33Z</time></trkpt>
      <trkpt lat="44.603882" lon="6.8732203"><ele>2081.2</ele><time>2025-04-11T06:13:53Z</time></trkpt>
      <trkpt lat="44.6040544" lon="6.8734413"><ele>2082.5</ele><time>2025-04-11T06:14:25Z</time></trkpt>
      <trkpt lat="44.6042164" lon="6.8735117"><ele>2079.9</ele><time>2025-04-11T06:15:06Z</time></trkpt>
      <trkpt lat="44.6050211" lon="6.8742497"><ele>2078.6</ele><time>2025-04-11T06:16:30Z</time></trkpt>
      <trkpt lat="44.6053242" lon="6.8742956"><ele>2078.2</ele><time>2025-04-11T06:17:02Z</time></trkpt>
      <trkpt lat="44.605449" lon="6.8746899"><ele>2080.7</ele><time>2025-04-11T06:17:34Z</time></trkpt>
      <trkpt lat="44.6056969" lon="6.8750955"><ele>2079.5</ele><time>2025-04-11T06:18:06Z</time></trkpt>
      <trkpt lat="44.6061607" lon="6.8753784"><ele>2075.8</ele><time>2025-04-11T06:18:48Z</time></trkpt>
      <trkpt lat="44.6067853" lon="6.8755079"><ele>2074.8</ele><time>2025-04-11T06:19:46Z</time></trkpt>
      <trkpt lat="44.6070081" lon="6.8758416"><ele>2074.7</ele><time>2025-04-11T06:20:16Z</time></trkpt>
      <trkpt lat="44.6073109" lon="6.8767247"><ele>2075.5</ele><time>2025-04-11T06:21:25Z</time></trkpt>
      <trkpt lat="44.607553" lon="6.8769391"><ele>2077.1</ele><time>2025-04-11T06:21:57Z</time></trkpt>
      <trkpt lat="44.6074927" lon="6.8770073"><ele>2078.6</ele><time>2025-04-11T06:22:07Z</time></trkpt>
      <trkpt lat="44.6074481" lon="6.8774272"><ele>2075.6</ele><time>2025-04-11T06:22:38Z</time></trkpt>
      <trkpt lat="44.6074746" lon="6.878052"><ele>2070.8</ele><time>2025-04-11T06:23:20Z</time></trkpt>
      <trkpt lat="44.6071224" lon="6.8788447"><ele>2068.4</ele><time>2025-04-11T06:24:18Z</time></trkpt>
      <trkpt lat="44.6070944" lon="6.879022"><ele>2066.8</ele><time>2025-04-11T06:24:29Z</time></trkpt>
      <trkpt lat="44.6070667" lon="6.879911"><ele>2065.2</ele><time>2025-04-11T06:25:28Z</time></trkpt>
      <trkpt lat="44.6070109" lon="6.8801646"><ele>2065.7</ele><time>2025-04-11T06:25:44Z</time></trkpt>
      <trkpt lat="44.6070566" lon="6.8812043"><ele>2064.6</ele><time>2025-04-11T06:26:48Z</time></trkpt>
      <trkpt lat="44.6066825" lon="6.8830561"><ele>2065.7</ele><time>2025-04-11T06:28:47Z</time></trkpt>
      <trkpt lat="44.6067189" lon="6.8836374"><ele>2065.0</ele><time>2025-04-11T06:29:23Z</time></trkpt>
      <trkpt lat="44.6065711" lon="6.8840656"><ele>2067.2</ele><time>2025-04-11T06:29:54Z</time></trkpt>
      <trkpt lat="44.606426" lon="6.884938"><ele>2070.0</ele><time>2025-04-11T06:30:53Z</time></trkpt>
      <trkpt lat="44.6062825" lon="6.8853466"><ele>2069.5</ele><time>2025-04-11T06:31:25Z</time></trkpt>
      <trkpt lat="44.6064227" lon="6.8861447"><ele>2068.9</ele><time>2025-04-11T06:32:23Z</time></trkpt>
      <trkpt lat="44.6064713" lon="6.8861695"><ele>2069.5</ele><time>2025-04-11T06:32:34Z</time></trkpt>
      <trkpt lat="44.6064403" lon="6.8862702"><ele>2066.9</ele><time>2025-04-11T06:45:46Z</time></trkpt>
      <trkpt lat="44.6066313" lon="6.88678"><ele>2069.5</ele><time>2025-04-11T06:46:23Z</time></trkpt>
      <trkpt lat="44.6066702" lon="6.8871957"><ele>2070.9</ele><time>2025-04-11T06:46:53Z</time></trkpt>
      <trkpt lat="44.606621" lon="6.8872164"><ele>2070.2</ele><time>2025-04-11T06:46:58Z</time></trkpt>
      <trkpt lat="44.6066807" lon="6.8871618"><ele>2067.2</ele><time>2025-04-11T06:47:09Z</time></trkpt>
      <trkpt lat="44.6067029" lon="6.88743"><ele>2071.2</ele><time>2025-04-11T06:47:29Z</time></trkpt>
      <trkpt lat="44.6069177" lon="6.8877644"><ele>2071.0</ele><time>2025-04-11T06:48:04Z</time></trkpt>
      <trkpt lat="44.6069047" lon="6.8880876"><ele>2069.6</ele><time>2025-04-11T06:48:34Z</time></trkpt>
      <trkpt lat="44.6069725" lon="6.8883621"><ele>2079.1</ele><time>2025-04-11T06:49:29Z</time></trkpt>
      <trkpt lat="44.6070951" lon="6.8885549"><ele>2087.0</ele><time>2025-04-11T06:50:10Z</time></trkpt>
      <trkpt lat="44.6070993" lon="6.8887297"><ele>2089.9</ele><time>2025-04-11T06:50:31Z</time></trkpt>
      <trkpt lat="44.6073271" lon="6.8890751"><ele>2090.3</ele><time>2025-04-11T06:51:33Z</time></trkpt>
      <trkpt lat="44.6075424" lon="6.8891834"><ele>2088.9</ele><time>2025-04-11T06:51:58Z</time></trkpt>
      <trkpt lat="44.6079366" lon="6.8896622"><ele>2102.0</ele><time>2025-04-11T06:53:29Z</time></trkpt>
      <trkpt lat="44.6078398" lon="6.8897237"><ele>2102.8</ele><time>2025-04-11T06:53:49Z</time></trkpt>
      <trkpt lat="44.6078451" lon="6.8900083"><ele>2118.7</ele><time>2025-04-11T06:55:38Z</time></trkpt>
      <trkpt lat="44.607642" lon="6.8900549"><ele>2119.0</ele><time>2025-04-11T06:56:23Z</time></trkpt>
      <trkpt lat="44.6078536" lon="6.8902114"><ele>2123.1</ele><time>2025-04-11T06:57:09Z</time></trkpt>
      <trkpt lat="44.6079462" lon="6.8906537"><ele>2130.8</ele><time>2025-04-11T06:58:14Z</time></trkpt>
      <trkpt lat="44.6080822" lon="6.8908625"><ele>2128.6</ele><time>2025-04-11T07:06:12Z</time></trkpt>
      <trkpt lat="44.6084274" lon="6.8911589"><ele>2129.5</ele><time>2025-04-11T07:06:59Z</time></trkpt>
      <trkpt lat="44.6085334" lon="6.8911504"><ele>2128.5</ele><time>2025-04-11T07:07:10Z</time></trkpt>
      <trkpt lat="44.6086921" lon="6.8914285"><ele>2140.1</ele><time>2025-04-11T07:08:11Z</time></trkpt>
      <trkpt lat="44.6092668" lon="6.8917923"><ele>2152.7</ele><time>2025-04-11T07:11:08Z</time></trkpt>
      <trkpt lat="44.6094548" lon="6.8920458"><ele>2157.6</ele><time>2025-04-11T07:11:55Z</time></trkpt>
      <trkpt lat="44.6100635" lon="6.8923898"><ele>2161.0</ele><time>2025-04-11T07:13:42Z</time></trkpt>
      <trkpt lat="44.6100684" lon="6.8925318"><ele>2164.1</ele><time>2025-04-11T07:14:23Z</time></trkpt>
      <trkpt lat="44.6101886" lon="6.8924922"><ele>2164.7</ele><time>2025-04-11T07:14:43Z</time></trkpt>
      <trkpt lat="44.6104642" lon="6.8926046"><ele>2169.3</ele><time>2025-04-11T07:15:34Z</time></trkpt>
      <trkpt lat="44.6107065" lon="6.8925409"><ele>2164.3</ele><time>2025-04-11T07:16:06Z</time></trkpt>
      <trkpt lat="44.6110101" lon="6.8927492"><ele>2160.9</ele><time>2025-04-11T07:16:51Z</time></trkpt>
      <trkpt lat="44.6111913" lon="6.8932843"><ele>2167.9</ele><time>2025-04-11T07:17:56Z</time></trkpt>
      <trkpt lat="44.6111802" lon="6.8934919"><ele>2171.2</ele><time>2025-04-11T07:18:42Z</time></trkpt>
      <trkpt lat="44.6112968" lon="6.8937593"><ele>2173.1</ele><time>2025-04-11T07:19:07Z</time></trkpt>
      <trkpt lat="44.6117232" lon="6.8942508"><ele>2172.2</ele><time>2025-04-11T07:20:09Z</time></trkpt>
      <trkpt lat="44.6118768" lon="6.8942924"><ele>2168.3</ele><time>2025-04-11T07:20:25Z</time></trkpt>
      <trkpt lat="44.6120442" lon="6.8947306"><ele>2173.1</ele><time>2025-04-11T07:21:11Z</time></trkpt>
      <trkpt lat="44.6121774" lon="6.8953838"><ele>2178.3</ele><time>2025-04-11T07:22:06Z</time></trkpt>
      <trkpt lat="44.6124312" lon="6.8957489"><ele>2180.6</ele><time>2025-04-11T07:22:47Z</time></trkpt>
      <trkpt lat="44.6125155" lon="6.895746"><ele>2177.8</ele><time>2025-04-11T07:22:57Z</time></trkpt>
      <trkpt lat="44.6126479" lon="6.8958878"><ele>2179.6</ele><time>2025-04-11T07:23:17Z</time></trkpt>
      <trkpt lat="44.6128898" lon="6.8968981"><ele>2188.7</ele><time>2025-04-11T07:25:10Z</time></trkpt>
      <trkpt lat="44.6132851" lon="6.8978947"><ele>2195.9</ele><time>2025-04-11T07:27:01Z</time></trkpt>
      <trkpt lat="44.6137124" lon="6.8985189"><ele>2192.5</ele><time>2025-04-11T07:28:06Z</time></trkpt>
      <trkpt lat="44.6137413" lon="6.8989449"><ele>2194.2</ele><time>2025-04-11T07:28:37Z</time></trkpt>
      <trkpt lat="44.6138139" lon="6.8991038"><ele>2193.3</ele><time>2025-04-11T07:28:52Z</time></trkpt>
      <trkpt lat="44.6138885" lon="6.8989149"><ele>2190.9</ele><time>2025-04-11T07:29:13Z</time></trkpt>
      <trkpt lat="44.6137773" lon="6.8990337"><ele>2195.9</ele><time>2025-04-11T07:50:21Z</time></trkpt>
      <trkpt lat="44.6140361" lon="6.8993506"><ele>2197.0</ele><time>2025-04-11T08:00:30Z</time></trkpt>
      <trkpt lat="44.6144861" lon="6.899673"><ele>2194.0</ele><time>2025-04-11T08:01:18Z</time></trkpt>
      <trkpt lat="44.6154834" lon="6.9007438"><ele>2198.1</ele><time>2025-04-11T08:04:31Z</time></trkpt>
      <trkpt lat="44.6163623" lon="6.9012058"><ele>2202.2</ele><time>2025-04-11T08:06:00Z</time></trkpt>
      <trkpt lat="44.6164856" lon="6.9013774"><ele>2202.0</ele><time>2025-04-11T08:06:15Z</time></trkpt>
      <trkpt lat="44.6169743" lon="6.9025346"><ele>2204.0</ele><time>2025-04-11T08:07:46Z</time></trkpt>
      <trkpt lat="44.6177507" lon="6.9018283"><ele>2205.9</ele><time>2025-04-11T08:10:54Z</time></trkpt>
      <trkpt lat="44.6178978" lon="6.9018058"><ele>2211.2</ele><time>2025-04-11T08:11:24Z</time></trkpt>
      <trkpt lat="44.6178758" lon="6.9019357"><ele>2210.3</ele><time>2025-04-11T08:11:56Z</time></trkpt>
      <trkpt lat="44.6180817" lon="6.9023509"><ele>2220.9</ele><time>2025-04-11T08:12:56Z</time></trkpt>
      <trkpt lat="44.6180774" lon="6.9025291"><ele>2221.8</ele><time>2025-04-11T08:13:17Z</time></trkpt>
      <trkpt lat="44.6181985" lon="6.9025956"><ele>2226.3</ele><time>2025-04-11T08:13:39Z</time></trkpt>
      <trkpt lat="44.6181549" lon="6.9027182"><ele>2228.5</ele><time>2025-04-11T08:14:41Z</time></trkpt>
      <trkpt lat="44.618209" lon="6.9028681"><ele>2230.6</ele><time>2025-04-11T08:15:01Z</time></trkpt>
      <trkpt lat="44.618503" lon="6.9030674"><ele>2235.9</ele><time>2025-04-11T08:15:46Z</time></trkpt>
      <trkpt lat="44.6193096" lon="6.9039028"><ele>2240.0</ele><time>2025-04-11T08:17:24Z</time></trkpt>
      <trkpt lat="44.619429" lon="6.9043286"><ele>2238.3</ele><time>2025-04-11T08:17:44Z</time></trkpt>
      <trkpt lat="44.6197027" lon="6.9045955"><ele>2232.9</ele><time>2025-04-11T08:18:04Z</time></trkpt>
      <trkpt lat="44.620338" lon="6.9050083"><ele>2236.0</ele><time>2025-04-11T08:19:32Z</time></trkpt>
      <trkpt lat="44.620358" lon="6.9052443"><ele>2234.6</ele><time>2025-04-11T08:27:08Z</time></trkpt>
      <trkpt lat="44.6206389" lon="6.9056803"><ele>2244.3</ele><time>2025-04-11T08:28:15Z</time></trkpt>
      <trkpt lat="44.6209954" lon="6.9066915"><ele>2259.9</ele><time>2025-04-11T08:30:17Z</time></trkpt>
      <trkpt lat="44.6208113" lon="6.9066832"><ele>2265.8</ele><time>2025-04-11T08:30:47Z</time></trkpt>
      <trkpt lat="44.6207902" lon="6.9068108"><ele>2266.4</ele><time>2025-04-11T08:31:03Z</time></trkpt>
      <trkpt lat="44.6211686" lon="6.9076963"><ele>2282.3</ele><time>2025-04-11T08:33:05Z</time></trkpt>
      <trkpt lat="44.6211447" lon="6.9078681"><ele>2288.5</ele><time>2025-04-11T08:36:21Z</time></trkpt>
      <trkpt lat="44.6213899" lon="6.9083957"><ele>2310.8</ele><time>2025-04-11T08:37:35Z</time></trkpt>
      <trkpt lat="44.6216094" lon="6.9091113"><ele>2330.6</ele><time>2025-04-11T08:39:07Z</time></trkpt>
      <trkpt lat="44.6217145" lon="6.9100234"><ele>2326.9</ele><time>2025-04-11T08:41:21Z</time></trkpt>
      <trkpt lat="44.6218196" lon="6.9103795"><ele>2324.6</ele><time>2025-04-11T08:42:19Z</time></trkpt>
      <trkpt lat="44.6218701" lon="6.9111182"><ele>2333.8</ele><time>2025-04-11T08:43:42Z</time></trkpt>
      <trkpt lat="44.6221082" lon="6.9115033"><ele>2338.7</ele><time>2025-04-11T08:44:58Z</time></trkpt>
      <trkpt lat="44.6225936" lon="6.9116734"><ele>2350.0</ele><time>2025-04-11T08:46:21Z</time></trkpt>
      <trkpt lat="44.6227775" lon="6.9120013"><ele>2360.0</ele><time>2025-04-11T08:47:24Z</time></trkpt>
      <trkpt lat="44.6227636" lon="6.9122021"><ele>2363.6</ele><time>2025-04-11T08:47:45Z</time></trkpt>
      <trkpt lat="44.6224598" lon="6.9124703"><ele>2377.7</ele><time>2025-04-11T08:48:57Z</time></trkpt>
      <trkpt lat="44.6228196" lon="6.9127167"><ele>2385.3</ele><time>2025-04-11T08:50:10Z</time></trkpt>
      <trkpt lat="44.6228689" lon="6.9128543"><ele>2391.7</ele><time>2025-04-11T08:53:55Z</time></trkpt>
      <trkpt lat="44.6229332" lon="6.9128344"><ele>2394.7</ele><time>2025-04-11T08:54:20Z</time></trkpt>
      <trkpt lat="44.6229821" lon="6.9133715"><ele>2401.8</ele><time>2025-04-11T09:03:02Z</time></trkpt>
      <trkpt lat="44.6231103" lon="6.9136245"><ele>2406.7</ele><time>2025-04-11T09:03:45Z</time></trkpt>
      <trkpt lat="44.6228982" lon="6.9136883"><ele>2415.5</ele><time>2025-04-11T09:04:33Z</time></trkpt>
      <trkpt lat="44.6230077" lon="6.9140056"><ele>2424.2</ele><time>2025-04-11T09:05:53Z</time></trkpt>
      <trkpt lat="44.6228556" lon="6.9140027"><ele>2428.8</ele><time>2025-04-11T09:06:30Z</time></trkpt>
      <trkpt lat="44.6230448" lon="6.9143419"><ele>2430.9</ele><time>2025-04-11T09:07:34Z</time></trkpt>
      <trkpt lat="44.6229788" lon="6.9144506"><ele>2437.9</ele><time>2025-04-11T09:08:17Z</time></trkpt>
      <trkpt lat="44.6231302" lon="6.9146003"><ele>2441.8</ele><time>2025-04-11T09:08:54Z</time></trkpt>
      <trkpt lat="44.6230574" lon="6.9147696"><ele>2445.7</ele><time>2025-04-11T09:09:26Z</time></trkpt>
      <trkpt lat="44.6231706" lon="6.9149244"><ele>2449.8</ele><time>2025-04-11T09:09:58Z</time></trkpt>
      <trkpt lat="44.623226" lon="6.9154953"><ele>2467.8</ele><time>2025-04-11T09:11:18Z</time></trkpt>
      <trkpt lat="44.6233162" lon="6.9157454"><ele>2465.9</ele><time>2025-04-11T09:11:45Z</time></trkpt>
      <trkpt lat="44.6230518" lon="6.9164981"><ele>2495.6</ele><time>2025-04-11T09:14:03Z</time></trkpt>
      <trkpt lat="44.6232166" lon="6.9165272"><ele>2491.3</ele><time>2025-04-11T09:15:32Z</time></trkpt>
      <trkpt lat="44.6231669" lon="6.9167841"><ele>2509.4</ele><time>2025-04-11T09:20:25Z</time></trkpt>
      <trkpt lat="44.6232433" lon="6.9172541"><ele>2518.9</ele><time>2025-04-11T09:21:34Z</time></trkpt>
      <trkpt lat="44.6229743" lon="6.9173616"><ele>2530.4</ele><time>2025-04-11T09:22:21Z</time></trkpt>
      <trkpt lat="44.6229646" lon="6.9176747"><ele>2537.8</ele><time>2025-04-11T09:23:03Z</time></trkpt>
      <trkpt lat="44.6227622" lon="6.9177792"><ele>2544.8</ele><time>2025-04-11T09:23:45Z</time></trkpt>
      <trkpt lat="44.6228649" lon="6.9182192"><ele>2555.3</ele><time>2025-04-11T09:24:46Z</time></trkpt>
      <trkpt lat="44.6228006" lon="6.9187718"><ele>2567.2</ele><time>2025-04-11T09:26:00Z</time></trkpt>
      <trkpt lat="44.6224269" lon="6.9196204"><ele>2578.8</ele><time>2025-04-11T09:28:12Z</time></trkpt>
      <trkpt lat="44.6220599" lon="6.9197801"><ele>2587.7</ele><time>2025-04-11T09:29:20Z</time></trkpt>
      <trkpt lat="44.6214992" lon="6.9201653"><ele>2597.9</ele><time>2025-04-11T09:31:03Z</time></trkpt>
      <trkpt lat="44.6210789" lon="6.9203119"><ele>2600.5</ele><time>2025-04-11T09:31:54Z</time></trkpt>
      <trkpt lat="44.6205631" lon="6.9209552"><ele>2612.5</ele><time>2025-04-11T09:33:48Z</time></trkpt>
      <trkpt lat="44.6204524" lon="6.9213115"><ele>2619.2</ele><time>2025-04-11T09:34:35Z</time></trkpt>
      <trkpt lat="44.6201968" lon="6.921709"><ele>2626.8</ele><time>2025-04-11T09:35:38Z</time></trkpt>
      <trkpt lat="44.6200782" lon="6.9220323"><ele>2641.0</ele><time>2025-04-11T09:36:58Z</time></trkpt>
      <trkpt lat="44.6200317" lon="6.922494"><ele>2645.9</ele><time>2025-04-11T09:38:15Z</time></trkpt>
      <trkpt lat="44.6198782" lon="6.9231069"><ele>2655.5</ele><time>2025-04-11T09:39:51Z</time></trkpt>
      <trkpt lat="44.6198561" lon="6.9235626"><ele>2664.2</ele><time>2025-04-11T09:40:45Z</time></trkpt>
      <trkpt lat="44.6196502" lon="6.9242286"><ele>2679.5</ele><time>2025-04-11T09:42:31Z</time></trkpt>
      <trkpt lat="44.61933" lon="6.9240726"><ele>2690.4</ele><time>2025-04-11T09:43:38Z</time></trkpt>
      <trkpt lat="44.6191564" lon="6.9237311"><ele>2700.1</ele><time>2025-04-11T09:44:35Z</time></trkpt>
      <trkpt lat="44.6189476" lon="6.9241053"><ele>2706.4</ele><time>2025-04-11T09:45:46Z</time></trkpt>
      <trkpt lat="44.6188604" lon="6.9237287"><ele>2711.4</ele><time>2025-04-11T09:46:53Z</time></trkpt>
      <trkpt lat="44.6187725" lon="6.9237462"><ele>2714.5</ele><time>2025-04-11T09:47:13Z</time></trkpt>
      <trkpt lat="44.61872" lon="6.9236393"><ele>2715.3</ele><time>2025-04-11T09:47:38Z</time></trkpt>
      <trkpt lat="44.6184355" lon="6.9238302"><ele>2726.4</ele><time>2025-04-11T09:48:34Z</time></trkpt>
      <trkpt lat="44.6181588" lon="6.9243715"><ele>2736.8</ele><time>2025-04-11T09:49:56Z</time></trkpt>
      <trkpt lat="44.6177123" lon="6.9246377"><ele>2753.8</ele><time>2025-04-11T09:51:31Z</time></trkpt>
      <trkpt lat="44.6174347" lon="6.9255258"><ele>2772.3</ele><time>2025-04-11T09:53:26Z</time></trkpt>
      <trkpt lat="44.6177004" lon="6.925641"><ele>2775.3</ele><time>2025-04-11T09:54:22Z</time></trkpt>
      <trkpt lat="44.6174818" lon="6.9260903"><ele>2782.9</ele><time>2025-04-11T09:55:33Z</time></trkpt>
      <trkpt lat="44.6170956" lon="6.9266086"><ele>2797.7</ele><time>2025-04-11T09:57:12Z</time></trkpt>
      <trkpt lat="44.6168379" lon="6.9273059"><ele>2805.8</ele><time>2025-04-11T09:58:47Z</time></trkpt>
      <trkpt lat="44.6166884" lon="6.9275504"><ele>2812.8</ele><time>2025-04-11T09:59:41Z</time></trkpt>
      <trkpt lat="44.6165136" lon="6.9291479"><ele>2843.6</ele><time>2025-04-11T10:03:04Z</time></trkpt>
      <trkpt lat="44.6164463" lon="6.9293791"><ele>2847.0</ele><time>2025-04-11T10:03:36Z</time></trkpt>
      <trkpt lat="44.6163392" lon="6.929257"><ele>2844.9</ele><time>2025-04-11T10:05:58Z</time></trkpt>
      <trkpt lat="44.6166417" lon="6.929775"><ele>2848.8</ele><time>2025-04-11T10:48:15Z</time></trkpt>
      <trkpt lat="44.6167958" lon="6.9302034"><ele>2855.0</ele><time>2025-04-11T10:48:58Z</time></trkpt>
      <trkpt lat="44.6166812" lon="6.9305741"><ele>2855.0</ele><time>2025-04-11T10:49:30Z</time></trkpt>
      <trkpt lat="44.6167675" lon="6.9308818"><ele>2855.3</ele><time>2025-04-11T10:49:51Z</time></trkpt>
      <trkpt lat="44.6174126" lon="6.9316375"><ele>2867.7</ele><time>2025-04-11T10:51:27Z</time></trkpt>
      <trkpt lat="44.6181982" lon="6.9328479"><ele>2885.5</ele><time>2025-04-11T10:53:46Z</time></trkpt>
      <trkpt lat="44.6186683" lon="6.9330826"><ele>2889.1</ele><time>2025-04-11T10:54:39Z</time></trkpt>
      <trkpt lat="44.6193599" lon="6.9337222"><ele>2907.0</ele><time>2025-04-11T10:56:14Z</time></trkpt>
      <trkpt lat="44.6197468" lon="6.9345813"><ele>2920.6</ele><time>2025-04-11T10:57:28Z</time></trkpt>
      <trkpt lat="44.6199733" lon="6.9356215"><ele>2928.8</ele><time>2025-04-11T10:59:10Z</time></trkpt>
      <trkpt lat="44.621131" lon="6.9366698"><ele>2946.5</ele><time>2025-04-11T11:01:51Z</time></trkpt>
      <trkpt lat="44.6222885" lon="6.9383404"><ele>2953.1</ele><time>2025-04-11T11:04:34Z</time></trkpt>
      <trkpt lat="44.6224929" lon="6.9387551"><ele>2953.7</ele><time>2025-04-11T11:05:16Z</time></trkpt>
      <trkpt lat="44.6230344" lon="6.9394677"><ele>2958.3</ele><time>2025-04-11T11:06:28Z</time></trkpt>
      <trkpt lat="44.6231535" lon="6.9398128"><ele>2964.9</ele><time>2025-04-11T11:06:59Z</time></trkpt>
      <trkpt lat="44.6229883" lon="6.940679"><ele>2981.9</ele><time>2025-04-11T11:09:14Z</time></trkpt>
      <trkpt lat="44.6227483" lon="6.9410884"><ele>2994.2</ele><time>2025-04-11T11:10:06Z</time></trkpt>
      <trkpt lat="44.622631" lon="6.941825"><ele>3003.8</ele><time>2025-04-11T11:11:20Z</time></trkpt>
      <trkpt lat="44.6234812" lon="6.941535"><ele>3014.4</ele><time>2025-04-11T11:13:35Z</time></trkpt>
      <trkpt lat="44.6231735" lon="6.9423971"><ele>3032.9</ele><time>2025-04-11T11:15:14Z</time></trkpt>
      <trkpt lat="44.6240014" lon="6.9422002"><ele>3049.8</ele><time>2025-04-11T11:17:49Z</time></trkpt>
      <trkpt lat="44.6238682" lon="6.9426195"><ele>3058.8</ele><time>2025-04-11T11:18:43Z</time></trkpt>
      <trkpt lat="44.6237349" lon="6.9427815"><ele>3065.4</ele><time>2025-04-11T11:19:15Z</time></trkpt>
      <trkpt lat="44.623623" lon="6.943071"><ele>3067.7</ele><time>2025-04-11T11:19:47Z</time></trkpt>
      <trkpt lat="44.6234715" lon="6.9431807"><ele>3072.3</ele><time>2025-04-11T11:20:13Z</time></trkpt>
      <trkpt lat="44.6236053" lon="6.9432632"><ele>3076.3</ele><time>2025-04-11T11:20:40Z</time></trkpt>
      <trkpt lat="44.6237295" lon="6.9432297"><ele>3077.4</ele><time>2025-04-11T11:21:06Z</time></trkpt>
      <trkpt lat="44.6237029" lon="6.9433889"><ele>3077.7</ele><time>2025-04-11T11:24:45Z</time></trkpt>
      <trkpt lat="44.623524" lon="6.9433264"><ele>3081.8</ele><time>2025-04-11T11:25:22Z</time></trkpt>
      <trkpt lat="44.6236017" lon="6.9434947"><ele>3084.5</ele><time>2025-04-11T11:26:57Z</time></trkpt>
      <trkpt lat="44.6235844" lon="6.94367"><ele>3087.2</ele><time>2025-04-11T11:27:18Z</time></trkpt>
      <trkpt lat="44.6235029" lon="6.9437769"><ele>3099.7</ele><time>2025-04-11T11:28:32Z</time></trkpt>
      <trkpt lat="44.6233711" lon="6.943722"><ele>3106.3</ele><time>2025-04-11T11:29:03Z</time></trkpt>
      <trkpt lat="44.6234363" lon="6.9439985"><ele>3110.4</ele><time>2025-04-11T11:29:40Z</time></trkpt>
      <trkpt lat="44.6231326" lon="6.9438079"><ele>3122.4</ele><time>2025-04-11T11:32:30Z</time></trkpt>
      <trkpt lat="44.6230512" lon="6.9439596"><ele>3124.8</ele><time>2025-04-11T11:33:23Z</time></trkpt>
      <trkpt lat="44.623098" lon="6.9440724"><ele>3130.6</ele><time>2025-04-11T11:33:49Z</time></trkpt>
      <trkpt lat="44.6229834" lon="6.9439445"><ele>3134.8</ele><time>2025-04-11T11:34:15Z</time></trkpt>
      <trkpt lat="44.6229117" lon="6.9439611"><ele>3137.2</ele><time>2025-04-11T11:34:30Z</time></trkpt>
      <trkpt lat="44.622671" lon="6.9443276"><ele>3146.7</ele><time>2025-04-11T11:35:28Z</time></trkpt>
      <trkpt lat="44.622404" lon="6.9458015"><ele>3151.5</ele><time>2025-04-11T11:37:20Z</time></trkpt>
      <trkpt lat="44.6221039" lon="6.9466623"><ele>3156.1</ele><time>2025-04-11T11:38:45Z</time></trkpt>
      <trkpt lat="44.6216188" lon="6.9470271"><ele>3164.3</ele><time>2025-04-11T11:39:55Z</time></trkpt>
      <trkpt lat="44.6211458" lon="6.9471886"><ele>3175.1</ele><time>2025-04-11T11:41:09Z</time></trkpt>
      <trkpt lat="44.621207" lon="6.947337"><ele>3178.6</ele><time>2025-04-11T11:41:31Z</time></trkpt>
      <trkpt lat="44.6210046" lon="6.947189"><ele>3184.4</ele><time>2025-04-11T11:44:37Z</time></trkpt>
      <trkpt lat="44.6207705" lon="6.9472535"><ele>3193.2</ele><time>2025-04-11T11:45:52Z</time></trkpt>
      <trkpt lat="44.6210618" lon="6.9476616"><ele>3206.9</ele><time>2025-04-11T11:47:44Z</time></trkpt>
      <trkpt lat="44.6210456" lon="6.9477255"><ele>3203.3</ele><time>2025-04-11T11:47:55Z</time></trkpt>
      <trkpt lat="44.6206134" lon="6.9478472"><ele>3227.5</ele><time>2025-04-11T11:50:19Z</time></trkpt>
      <trkpt lat="44.6206107" lon="6.9480966"><ele>3229.5</ele><time>2025-04-11T11:50:51Z</time></trkpt>
      <trkpt lat="44.6204889" lon="6.9479618"><ele>3231.4</ele><time>2025-04-11T11:51:23Z</time></trkpt>
      <trkpt lat="44.6203954" lon="6.9480608"><ele>3242.2</ele><time>2025-04-11T11:53:57Z</time></trkpt>
      <trkpt lat="44.6204391" lon="6.9481488"><ele>3247.0</ele><time>2025-04-11T11:54:19Z</time></trkpt>
      <trkpt lat="44.6203081" lon="6.9481387"><ele>3250.6</ele><time>2025-04-11T11:55:23Z</time></trkpt>
      <trkpt lat="44.620408" lon="6.9483565"><ele>3257.3</ele><time>2025-04-11T11:56:11Z</time></trkpt>
      <trkpt lat="44.6201929" lon="6.9483859"><ele>3268.3</ele><time>2025-04-11T11:57:20Z</time></trkpt>
      <trkpt lat="44.6203179" lon="6.948541"><ele>3271.0</ele><time>2025-04-11T11:59:17Z</time></trkpt>
      <trkpt lat="44.6197466" lon="6.948484"><ele>3286.0</ele><time>2025-04-11T12:02:08Z</time></trkpt>
      <trkpt lat="44.6198442" lon="6.9487581"><ele>3297.3</ele><time>2025-04-11T12:03:39Z</time></trkpt>
      <trkpt lat="44.6197017" lon="6.9487288"><ele>3302.4</ele><time>2025-04-11T12:04:11Z</time></trkpt>
      <trkpt lat="44.6197828" lon="6.9489594"><ele>3306.6</ele><time>2025-04-11T12:05:04Z</time></trkpt>
      <trkpt lat="44.6194784" lon="6.9488377"><ele>3316.3</ele><time>2025-04-11T12:06:08Z</time></trkpt>
      <trkpt lat="44.6193543" lon="6.9492737"><ele>3327.5</ele><time>2025-04-11T12:07:17Z</time></trkpt>
      <trkpt lat="44.6195485" lon="6.949281"><ele>3332.1</ele><time>2025-04-11T12:07:55Z</time></trkpt>
      <trkpt lat="44.6197067" lon="6.9496448"><ele>3340.3</ele><time>2025-04-11T12:08:53Z</time></trkpt>
      <trkpt lat="44.6196876" lon="6.9497168"><ele>3340.4</ele><time>2025-04-11T12:09:04Z</time></trkpt>
      <trkpt lat="44.6195312" lon="6.9496136"><ele>3343.9</ele><time>2025-04-11T12:09:52Z</time></trkpt>
      <trkpt lat="44.619868" lon="6.9497897"><ele>3336.7</ele><time>2025-04-11T12:47:14Z</time></trkpt>
      <trkpt lat="44.6199916" lon="6.9494754"><ele>3329.7</ele><time>2025-04-11T12:47:20Z</time></trkpt>
      <trkpt lat="44.6197053" lon="6.9486783"><ele>3299.0</ele><time>2025-04-11T12:48:24Z</time></trkpt>
      <trkpt lat="44.619733" lon="6.9483634"><ele>3296.7</ele><time>2025-04-11T12:48:29Z</time></trkpt>
      <trkpt lat="44.6199481" lon="6.9478442"><ele>3294.8</ele><time>2025-04-11T12:48:34Z</time></trkpt>
      <trkpt lat="44.620194" lon="6.9476544"><ele>3275.9</ele><time>2025-04-11T12:48:40Z</time></trkpt>
      <trkpt lat="44.6202101" lon="6.9473917"><ele>3246.7</ele><time>2025-04-11T12:48:45Z</time></trkpt>
      <trkpt lat="44.62036" lon="6.9472333"><ele>3223.3</ele><time>2025-04-11T12:48:50Z</time></trkpt>
      <trkpt lat="44.6204743" lon="6.9468852"><ele>3188.1</ele><time>2025-04-11T12:49:01Z</time></trkpt>
      <trkpt lat="44.6209519" lon="6.9470625"><ele>3179.4</ele><time>2025-04-11T12:49:12Z</time></trkpt>
      <trkpt lat="44.6212971" lon="6.9470791"><ele>3172.6</ele><time>2025-04-11T12:49:17Z</time></trkpt>
      <trkpt lat="44.6216804" lon="6.9469553"><ele>3167.0</ele><time>2025-04-11T12:49:22Z</time></trkpt>
      <trkpt lat="44.6220489" lon="6.9467189"><ele>3163.4</ele><time>2025-04-11T12:49:27Z</time></trkpt>
      <trkpt lat="44.6222653" lon="6.9463211"><ele>3160.8</ele><time>2025-04-11T12:49:33Z</time></trkpt>
      <trkpt lat="44.6224948" lon="6.9450726"><ele>3155.1</ele><time>2025-04-11T12:50:09Z</time></trkpt>
      <trkpt lat="44.622681" lon="6.9446695"><ele>3145.8</ele><time>2025-04-11T12:50:24Z</time></trkpt>
      <trkpt lat="44.6227348" lon="6.9442454"><ele>3145.1</ele><time>2025-04-11T12:50:29Z</time></trkpt>
      <trkpt lat="44.6230153" lon="6.9441349"><ele>3141.6</ele><time>2025-04-11T12:50:35Z</time></trkpt>
      <trkpt lat="44.6232241" lon="6.944319"><ele>3139.2</ele><time>2025-04-11T12:50:45Z</time></trkpt>
      <trkpt lat="44.6234402" lon="6.9442447"><ele>3133.2</ele><time>2025-04-11T12:50:50Z</time></trkpt>
      <trkpt lat="44.623596" lon="6.9439002"><ele>3129.6</ele><time>2025-04-11T12:50:55Z</time></trkpt>
      <trkpt lat="44.6237335" lon="6.9437791"><ele>3106.3</ele><time>2025-04-11T12:51:00Z</time></trkpt>
      <trkpt lat="44.6237025" lon="6.9432915"><ele>3095.8</ele><time>2025-04-11T12:51:11Z</time></trkpt>
      <trkpt lat="44.6238157" lon="6.943355"><ele>3083.4</ele><time>2025-04-11T12:56:43Z</time></trkpt>
      <trkpt lat="44.624006" lon="6.9438859"><ele>3074.4</ele><time>2025-04-11T12:56:49Z</time></trkpt>
      <trkpt lat="44.6241482" lon="6.9439105"><ele>3068.8</ele><time>2025-04-11T12:56:54Z</time></trkpt>
      <trkpt lat="44.6245104" lon="6.9443302"><ele>3043.6</ele><time>2025-04-11T12:57:05Z</time></trkpt>
      <trkpt lat="44.624776" lon="6.9443166"><ele>3022.3</ele><time>2025-04-11T12:57:10Z</time></trkpt>
      <trkpt lat="44.624918" lon="6.9444036"><ele>3008.6</ele><time>2025-04-11T12:57:31Z</time></trkpt>
      <trkpt lat="44.6249167" lon="6.9445255"><ele>3003.4</ele><time>2025-04-11T12:59:56Z</time></trkpt>
      <trkpt lat="44.6250232" lon="6.9446202"><ele>2996.0</ele><time>2025-04-11T13:00:07Z</time></trkpt>
      <trkpt lat="44.6258031" lon="6.9446686"><ele>2957.0</ele><time>2025-04-11T13:00:18Z</time></trkpt>
      <trkpt lat="44.6263521" lon="6.944856"><ele>2935.1</ele><time>2025-04-11T13:00:28Z</time></trkpt>
      <trkpt lat="44.6264537" lon="6.9450859"><ele>2916.2</ele><time>2025-04-11T13:00:33Z</time></trkpt>
      <trkpt lat="44.6264042" lon="6.94522"><ele>2913.4</ele><time>2025-04-11T13:00:39Z</time></trkpt>
      <trkpt lat="44.6265345" lon="6.945493"><ele>2893.1</ele><time>2025-04-11T13:00:49Z</time></trkpt>
      <trkpt lat="44.6263586" lon="6.9456759"><ele>2889.6</ele><time>2025-04-11T13:01:00Z</time></trkpt>
      <trkpt lat="44.6263003" lon="6.9458835"><ele>2887.4</ele><time>2025-04-11T13:01:05Z</time></trkpt>
      <trkpt lat="44.6263794" lon="6.9467146"><ele>2882.4</ele><time>2025-04-11T13:01:25Z</time></trkpt>
      <trkpt lat="44.6265035" lon="6.9468915"><ele>2881.0</ele><time>2025-04-11T13:01:36Z</time></trkpt>
      <trkpt lat="44.6265211" lon="6.9470946"><ele>2879.2</ele><time>2025-04-11T13:01:41Z</time></trkpt>
      <trkpt lat="44.6263442" lon="6.9477548"><ele>2875.1</ele><time>2025-04-11T13:02:01Z</time></trkpt>
      <trkpt lat="44.6263302" lon="6.9480033"><ele>2872.8</ele><time>2025-04-11T13:02:07Z</time></trkpt>
      <trkpt lat="44.6264497" lon="6.9482027"><ele>2872.8</ele><time>2025-04-11T13:02:17Z</time></trkpt>
      <trkpt lat="44.6263996" lon="6.9485124"><ele>2872.6</ele><time>2025-04-11T13:03:05Z</time></trkpt>
      <trkpt lat="44.626568" lon="6.9494366"><ele>2871.5</ele><time>2025-04-11T13:03:32Z</time></trkpt>
      <trkpt lat="44.6262351" lon="6.9499967"><ele>2871.0</ele><time>2025-04-11T13:04:36Z</time></trkpt>
      <trkpt lat="44.6260392" lon="6.950821"><ele>2865.4</ele><time>2025-04-11T13:05:56Z</time></trkpt>
      <trkpt lat="44.6261233" lon="6.951529"><ele>2852.1</ele><time>2025-04-11T13:06:49Z</time></trkpt>
      <trkpt lat="44.6262114" lon="6.9517629"><ele>2856.4</ele><time>2025-04-11T13:07:05Z</time></trkpt>
      <trkpt lat="44.6268656" lon="6.9519888"><ele>2866.2</ele><time>2025-04-11T13:07:48Z</time></trkpt>
      <trkpt lat="44.6270387" lon="6.9524362"><ele>2860.1</ele><time>2025-04-11T13:08:46Z</time></trkpt>
      <trkpt lat="44.6273284" lon="6.9525724"><ele>2866.3</ele><time>2025-04-11T13:09:18Z</time></trkpt>
      <trkpt lat="44.6281065" lon="6.9521876"><ele>2864.2</ele><time>2025-04-11T13:09:56Z</time></trkpt>
      <trkpt lat="44.628868" lon="6.9521491"><ele>2860.0</ele><time>2025-04-11T13:10:28Z</time></trkpt>
      <trkpt lat="44.6300208" lon="6.9519633"><ele>2852.5</ele><time>2025-04-11T13:12:29Z</time></trkpt>
      <trkpt lat="44.6301984" lon="6.9518105"><ele>2849.9</ele><time>2025-04-11T13:12:39Z</time></trkpt>
      <trkpt lat="44.6303473" lon="6.9515241"><ele>2846.9</ele><time>2025-04-11T13:12:55Z</time></trkpt>
      <trkpt lat="44.6312744" lon="6.9509407"><ele>2840.9</ele><time>2025-04-11T13:13:33Z</time></trkpt>
      <trkpt lat="44.6317193" lon="6.950523"><ele>2837.5</ele><time>2025-04-11T13:13:59Z</time></trkpt>
      <trkpt lat="44.6330479" lon="6.950767"><ele>2823.4</ele><time>2025-04-11T13:20:22Z</time></trkpt>
      <trkpt lat="44.6331594" lon="6.9514005"><ele>2813.6</ele><time>2025-04-11T13:21:00Z</time></trkpt>
      <trkpt lat="44.6333057" lon="6.9516589"><ele>2812.4</ele><time>2025-04-11T13:21:05Z</time></trkpt>
      <trkpt lat="44.6335317" lon="6.9517822"><ele>2800.5</ele><time>2025-04-11T13:21:10Z</time></trkpt>
      <trkpt lat="44.6337227" lon="6.9521547"><ele>2792.3</ele><time>2025-04-11T13:21:32Z</time></trkpt>
      <trkpt lat="44.6335878" lon="6.9534887"><ele>2771.5</ele><time>2025-04-11T13:26:04Z</time></trkpt>
      <trkpt lat="44.63364" lon="6.9537185"><ele>2768.0</ele><time>2025-04-11T13:26:09Z</time></trkpt>
      <trkpt lat="44.6338392" lon="6.9540232"><ele>2763.4</ele><time>2025-04-11T13:26:14Z</time></trkpt>
      <trkpt lat="44.634071" lon="6.9541918"><ele>2761.4</ele><time>2025-04-11T13:26:20Z</time></trkpt>
      <trkpt lat="44.6347366" lon="6.9544695"><ele>2752.2</ele><time>2025-04-11T13:29:26Z</time></trkpt>
      <trkpt lat="44.6349809" lon="6.9544877"><ele>2752.0</ele><time>2025-04-11T13:31:02Z</time></trkpt>
      <trkpt lat="44.6352663" lon="6.9547318"><ele>2749.1</ele><time>2025-04-11T13:31:18Z</time></trkpt>
      <trkpt lat="44.6354674" lon="6.9550764"><ele>2746.4</ele><time>2025-04-11T13:31:29Z</time></trkpt>
      <trkpt lat="44.6359481" lon="6.9552612"><ele>2742.1</ele><time>2025-04-11T13:33:48Z</time></trkpt>
      <trkpt lat="44.6359895" lon="6.9555474"><ele>2740.2</ele><time>2025-04-11T13:33:58Z</time></trkpt>
      <trkpt lat="44.6357499" lon="6.9565064"><ele>2726.6</ele><time>2025-04-11T13:34:20Z</time></trkpt>
      <trkpt lat="44.6357227" lon="6.9573352"><ele>2718.5</ele><time>2025-04-11T13:34:41Z</time></trkpt>
      <trkpt lat="44.6357484" lon="6.9575678"><ele>2716.8</ele><time>2025-04-11T13:34:46Z</time></trkpt>
      <trkpt lat="44.6359589" lon="6.9579666"><ele>2708.7</ele><time>2025-04-11T13:34:52Z</time></trkpt>
      <trkpt lat="44.6367239" lon="6.9581676"><ele>2702.6</ele><time>2025-04-11T13:35:13Z</time></trkpt>
      <trkpt lat="44.6371659" lon="6.9579937"><ele>2700.9</ele><time>2025-04-11T13:35:29Z</time></trkpt>
      <trkpt lat="44.6377234" lon="6.9579777"><ele>2698.9</ele><time>2025-04-11T13:35:56Z</time></trkpt>
      <trkpt lat="44.6385842" lon="6.9584397"><ele>2691.0</ele><time>2025-04-11T13:36:33Z</time></trkpt>
      <trkpt lat="44.6392675" lon="6.9591163"><ele>2672.2</ele><time>2025-04-11T13:37:00Z</time></trkpt>
      <trkpt lat="44.6395703" lon="6.959188"><ele>2666.6</ele><time>2025-04-11T13:37:05Z</time></trkpt>
      <trkpt lat="44.639861" lon="6.9591342"><ele>2662.4</ele><time>2025-04-11T13:37:10Z</time></trkpt>
      <trkpt lat="44.640204" lon="6.9592689"><ele>2657.6</ele><time>2025-04-11T13:37:16Z</time></trkpt>
      <trkpt lat="44.64087" lon="6.959979"><ele>2644.3</ele><time>2025-04-11T13:37:32Z</time></trkpt>
      <trkpt lat="44.6410627" lon="6.9599773"><ele>2638.7</ele><time>2025-04-11T13:38:20Z</time></trkpt>
      <trkpt lat="44.6411672" lon="6.9601119"><ele>2628.1</ele><time>2025-04-11T13:38:25Z</time></trkpt>
      <trkpt lat="44.6411347" lon="6.9605401"><ele>2607.5</ele><time>2025-04-11T13:38:41Z</time></trkpt>
      <trkpt lat="44.6406119" lon="6.961398"><ele>2592.4</ele><time>2025-04-11T13:39:02Z</time></trkpt>
      <trkpt lat="44.6405123" lon="6.961852"><ele>2584.9</ele><time>2025-04-11T13:39:08Z</time></trkpt>
      <trkpt lat="44.640634" lon="6.9624628"><ele>2573.6</ele><time>2025-04-11T13:39:18Z</time></trkpt>
      <trkpt lat="44.6411017" lon="6.9628154"><ele>2562.4</ele><time>2025-04-11T13:39:24Z</time></trkpt>
      <trkpt lat="44.6424172" lon="6.963435"><ele>2544.7</ele><time>2025-04-11T13:40:17Z</time></trkpt>
      <trkpt lat="44.6426233" lon="6.9637902"><ele>2538.8</ele><time>2025-04-11T13:42:36Z</time></trkpt>
      <trkpt lat="44.6427117" lon="6.9643847"><ele>2536.1</ele><time>2025-04-11T13:42:46Z</time></trkpt>
      <trkpt lat="44.6429567" lon="6.9645794"><ele>2530.8</ele><time>2025-04-11T13:42:52Z</time></trkpt>
      <trkpt lat="44.6435285" lon="6.9648956"><ele>2522.7</ele><time>2025-04-11T13:43:02Z</time></trkpt>
      <trkpt lat="44.6448213" lon="6.9651387"><ele>2492.4</ele><time>2025-04-11T13:43:18Z</time></trkpt>
      <trkpt lat="44.6453952" lon="6.9653401"><ele>2483.4</ele><time>2025-04-11T13:43:29Z</time></trkpt>
      <trkpt lat="44.645836" lon="6.9661022"><ele>2469.2</ele><time>2025-04-11T13:43:40Z</time></trkpt>
      <trkpt lat="44.6462137" lon="6.9663526"><ele>2451.0</ele><time>2025-04-11T13:43:45Z</time></trkpt>
      <trkpt lat="44.6465901" lon="6.967061"><ele>2421.4</ele><time>2025-04-11T13:43:56Z</time></trkpt>
      <trkpt lat="44.6465612" lon="6.9671806"><ele>2419.9</ele><time>2025-04-11T13:44:01Z</time></trkpt>
      <trkpt lat="44.6466172" lon="6.9672056"><ele>2414.8</ele><time>2025-04-11T13:44:28Z</time></trkpt>
      <trkpt lat="44.6465168" lon="6.9676136"><ele>2401.8</ele><time>2025-04-11T13:44:33Z</time></trkpt>
      <trkpt lat="44.6463483" lon="6.9679735"><ele>2396.3</ele><time>2025-04-11T13:44:38Z</time></trkpt>
      <trkpt lat="44.6461488" lon="6.9681277"><ele>2391.9</ele><time>2025-04-11T13:44:44Z</time></trkpt>
      <trkpt lat="44.6460545" lon="6.968336"><ele>2380.0</ele><time>2025-04-11T13:44:49Z</time></trkpt>
      <trkpt lat="44.6461981" lon="6.9688465"><ele>2344.2</ele><time>2025-04-11T13:45:00Z</time></trkpt>
      <trkpt lat="44.6460203" lon="6.9691822"><ele>2338.3</ele><time>2025-04-11T13:45:05Z</time></trkpt>
      <trkpt lat="44.6459646" lon="6.9694565"><ele>2332.4</ele><time>2025-04-11T13:45:10Z</time></trkpt>
      <trkpt lat="44.6460672" lon="6.9697344"><ele>2321.3</ele><time>2025-04-11T13:45:21Z</time></trkpt>
      <trkpt lat="44.6461076" lon="6.9696498"><ele>2318.5</ele><time>2025-04-11T13:46:25Z</time></trkpt>
      <trkpt lat="44.6462762" lon="6.9696579"><ele>2309.7</ele><time>2025-04-11T13:46:30Z</time></trkpt>
      <trkpt lat="44.6465746" lon="6.9699184"><ele>2282.3</ele><time>2025-04-11T13:46:46Z</time></trkpt>
      <trkpt lat="44.6467216" lon="6.9710645"><ele>2255.7</ele><time>2025-04-11T13:49:14Z</time></trkpt>
      <trkpt lat="44.6472593" lon="6.9714978"><ele>2228.3</ele><time>2025-04-11T13:49:20Z</time></trkpt>
      <trkpt lat="44.6479964" lon="6.9725856"><ele>2193.5</ele><time>2025-04-11T13:49:30Z</time></trkpt>
      <trkpt lat="44.6486111" lon="6.9728535"><ele>2165.5</ele><time>2025-04-11T13:49:36Z</time></trkpt>
      <trkpt lat="44.6490341" lon="6.9727947"><ele>2149.9</ele><time>2025-04-11T13:49:41Z</time></trkpt>
      <trkpt lat="44.6494743" lon="6.9726237"><ele>2132.1</ele><time>2025-04-11T13:49:46Z</time></trkpt>
      <trkpt lat="44.6507555" lon="6.9725701"><ele>2100.6</ele><time>2025-04-11T13:50:02Z</time></trkpt>
      <trkpt lat="44.6508697" lon="6.9730633"><ele>2089.9</ele><time>2025-04-11T13:51:33Z</time></trkpt>
      <trkpt lat="44.6506657" lon="6.9734113"><ele>2080.3</ele><time>2025-04-11T13:51:44Z</time></trkpt>
      <trkpt lat="44.6506659" lon="6.9735931"><ele>2078.4</ele><time>2025-04-11T13:51:49Z</time></trkpt>
      <trkpt lat="44.6508609" lon="6.9737664"><ele>2065.6</ele><time>2025-04-11T13:52:00Z</time></trkpt>
      <trkpt lat="44.6512201" lon="6.9736832"><ele>2045.8</ele><time>2025-04-11T13:53:09Z</time></trkpt>
      <trkpt lat="44.6515559" lon="6.9738623"><ele>2031.7</ele><time>2025-04-11T13:53:14Z</time></trkpt>
      <trkpt lat="44.6516089" lon="6.9745401"><ele>2014.6</ele><time>2025-04-11T13:54:08Z</time></trkpt>
      <trkpt lat="44.651696" lon="6.9747119"><ele>2011.7</ele><time>2025-04-11T13:54:13Z</time></trkpt>
      <trkpt lat="44.6520325" lon="6.9749833"><ele>2006.9</ele><time>2025-04-11T13:54:18Z</time></trkpt>
      <trkpt lat="44.6524649" lon="6.9754985"><ele>1989.3</ele><time>2025-04-11T13:54:24Z</time></trkpt>
      <trkpt lat="44.6524105" lon="6.976404"><ele>1978.7</ele><time>2025-04-11T13:54:34Z</time></trkpt>
      <trkpt lat="44.6522355" lon="6.9767282"><ele>1972.9</ele><time>2025-04-11T13:54:45Z</time></trkpt>
      <trkpt lat="44.6523587" lon="6.9768262"><ele>1962.3</ele><time>2025-04-11T13:56:10Z</time></trkpt>
      <trkpt lat="44.6524133" lon="6.9770194"><ele>1965.8</ele><time>2025-04-11T14:00:37Z</time></trkpt>
      <trkpt lat="44.6524228" lon="6.9778765"><ele>1958.3</ele><time>2025-04-11T14:01:04Z</time></trkpt>
      <trkpt lat="44.6525357" lon="6.9781484"><ele>1955.6</ele><time>2025-04-11T14:01:25Z</time></trkpt>
      <trkpt lat="44.6524206" lon="6.9785058"><ele>1952.0</ele><time>2025-04-11T14:01:41Z</time></trkpt>
      <trkpt lat="44.6524268" lon="6.9792197"><ele>1943.8</ele><time>2025-04-11T14:02:02Z</time></trkpt>
      <trkpt lat="44.6525772" lon="6.9798252"><ele>1941.5</ele><time>2025-04-11T14:02:24Z</time></trkpt>
      <trkpt lat="44.6523165" lon="6.9802107"><ele>1937.3</ele><time>2025-04-11T14:02:40Z</time></trkpt>
      <trkpt lat="44.6520565" lon="6.9809507"><ele>1931.3</ele><time>2025-04-11T14:03:06Z</time></trkpt>
      <trkpt lat="44.6518291" lon="6.9811332"><ele>1927.1</ele><time>2025-04-11T14:03:17Z</time></trkpt>
      <trkpt lat="44.6514757" lon="6.9824065"><ele>1920.5</ele><time>2025-04-11T14:04:09Z</time></trkpt>
      <trkpt lat="44.6511259" lon="6.9825931"><ele>1917.3</ele><time>2025-04-11T14:04:25Z</time></trkpt>
      <trkpt lat="44.6509373" lon="6.9828545"><ele>1915.9</ele><time>2025-04-11T14:04:36Z</time></trkpt>
      <trkpt lat="44.6507398" lon="6.9836381"><ele>1923.7</ele><time>2025-04-11T14:05:13Z</time></trkpt>
      <trkpt lat="44.650539" lon="6.9840444"><ele>1919.1</ele><time>2025-04-11T14:05:45Z</time></trkpt>
      <trkpt lat="44.6505035" lon="6.9844276"><ele>1922.3</ele><time>2025-04-11T14:06:12Z</time></trkpt>
      <trkpt lat="44.6506133" lon="6.9848637"><ele>1922.7</ele><time>2025-04-11T14:06:49Z</time></trkpt>
      <trkpt lat="44.6508847" lon="6.9850001"><ele>1914.2</ele><time>2025-04-11T14:07:32Z</time></trkpt>
      <trkpt lat="44.6514474" lon="6.9851039"><ele>1905.5</ele><time>2025-04-11T14:07:53Z</time></trkpt>
      <trkpt lat="44.6514646" lon="6.985181"><ele>1904.1</ele><time>2025-04-11T14:08:57Z</time></trkpt>
      <trkpt lat="44.6503322" lon="6.9856557"><ele>1880.4</ele><time>2025-04-11T14:10:28Z</time></trkpt>
      <trkpt lat="44.6500214" lon="6.9855357"><ele>1873.5</ele><time>2025-04-11T14:10:54Z</time></trkpt>
      <trkpt lat="44.6499534" lon="6.9857821"><ele>1873.7</ele><time>2025-04-11T14:11:00Z</time></trkpt>
      <trkpt lat="44.6501718" lon="6.9862925"><ele>1874.5</ele><time>2025-04-11T14:11:16Z</time></trkpt>
      <trkpt lat="44.6503335" lon="6.9869076"><ele>1870.3</ele><time>2025-04-11T14:11:37Z</time></trkpt>
      <trkpt lat="44.650459" lon="6.9880007"><ele>1867.6</ele><time>2025-04-11T14:11:58Z</time></trkpt>
      <trkpt lat="44.6502553" lon="6.9896926"><ele>1854.7</ele><time>2025-04-11T14:12:30Z</time></trkpt>
      <trkpt lat="44.6502506" lon="6.9902921"><ele>1848.4</ele><time>2025-04-11T14:12:41Z</time></trkpt>
      <trkpt lat="44.6501034" lon="6.9910619"><ele>1840.2</ele><time>2025-04-11T14:12:52Z</time></trkpt>
      <trkpt lat="44.6500529" lon="6.9918998"><ele>1833.2</ele><time>2025-04-11T14:13:02Z</time></trkpt>
      <trkpt lat="44.6499108" lon="6.9922518"><ele>1826.7</ele><time>2025-04-11T14:13:13Z</time></trkpt>
      <trkpt lat="44.6499287" lon="6.9934284"><ele>1817.4</ele><time>2025-04-11T14:13:40Z</time></trkpt>
      <trkpt lat="44.6498595" lon="6.9940305"><ele>1814.5</ele><time>2025-04-11T14:14:06Z</time></trkpt>
      <trkpt lat="44.6499646" lon="6.9949662"><ele>1810.4</ele><time>2025-04-11T14:14:54Z</time></trkpt>
      <trkpt lat="44.6499287" lon="6.9950635"><ele>1813.4</ele><time>2025-04-11T14:15:00Z</time></trkpt>
      <trkpt lat="44.6498183" lon="6.9950571"><ele>1814.8</ele><time>2025-04-11T14:16:04Z</time></trkpt>
      <trkpt lat="44.6495217" lon="6.9958005"><ele>1808.2</ele><time>2025-04-11T14:16:30Z</time></trkpt>
      <trkpt lat="44.6490764" lon="6.9962919"><ele>1808.3</ele><time>2025-04-11T14:16:46Z</time></trkpt>
      <trkpt lat="44.6485896" lon="6.9971093"><ele>1810.3</ele><time>2025-04-11T14:17:08Z</time></trkpt>
      <trkpt lat="44.6474357" lon="6.9994643"><ele>1794.7</ele><time>2025-04-11T14:18:11Z</time></trkpt>
      <trkpt lat="44.646918" lon="7.000059"><ele>1795.0</ele><time>2025-04-11T14:18:31Z</time></trkpt>
      <trkpt lat="44.6463195" lon="7.0005505"><ele>1796.0</ele><time>2025-04-11T14:18:56Z</time></trkpt>
      <trkpt lat="44.6461349" lon="7.0008448"><ele>1792.1</ele><time>2025-04-11T14:19:06Z</time></trkpt>
      <trkpt lat="44.6459565" lon="7.0007164"><ele>1785.0</ele><time>2025-04-11T14:19:16Z</time></trkpt>
      <trkpt lat="44.6458311" lon="7.0008145"><ele>1784.4</ele><time>2025-04-11T14:19:21Z</time></trkpt>
      <trkpt lat="44.6457712" lon="7.0007645"><ele>1785.1</ele><time>2025-04-11T14:19:26Z</time></trkpt>
    </trkseg>
  </trk>
</gpx>
