<?xml version="1.0" encoding="UTF-8"?>
<gpx version="1.1" creator="lgrs-site (simplifié depuis l'original AlpineQuest, RDP epsilon=8m, par jour)" xmlns="http://www.topografix.com/GPX/1/1">
  <metadata>
    <desc>Version web simplifiée — source: data/gpx-sources/argentera-mercantour-2026.original.gpx (21978 pts, AlpineQuest 30/03-05/04/2026)</desc>
  </metadata>
  <trk>
    <name>Argentera — Mercantour, traversée à ski</name>
    <trkseg>
      <trkpt lat="44.2063429" lon="7.4381037"><ele>1077.6</ele><time>2026-03-30T11:07:08Z</time></trkpt>
      <trkpt lat="44.2050582" lon="7.4395803"><ele>1077.2</ele><time>2026-03-30T11:12:39Z</time></trkpt>
      <trkpt lat="44.2041015" lon="7.4397748"><ele>1083.5</ele><time>2026-03-30T11:14:02Z</time></trkpt>
      <trkpt lat="44.2037822" lon="7.4392651"><ele>1082.4</ele><time>2026-03-30T11:14:43Z</time></trkpt>
      <trkpt lat="44.2033715" lon="7.4395672"><ele>1085.5</ele><time>2026-03-30T11:15:19Z</time></trkpt>
      <trkpt lat="44.2029006" lon="7.4401458"><ele>1086.8</ele><time>2026-03-30T11:16:14Z</time></trkpt>
      <trkpt lat="44.2026887" lon="7.4409656"><ele>1087.7</ele><time>2026-03-30T11:17:20Z</time></trkpt>
      <trkpt lat="44.2022555" lon="7.441583"><ele>1098.0</ele><time>2026-03-30T11:18:17Z</time></trkpt>
      <trkpt lat="44.2020135" lon="7.4412761"><ele>1107.9</ele><time>2026-03-30T11:18:49Z</time></trkpt>
      <trkpt lat="44.2012127" lon="7.4412"><ele>1116.3</ele><time>2026-03-30T11:20:08Z</time></trkpt>
      <trkpt lat="44.2005111" lon="7.4413408"><ele>1125.6</ele><time>2026-03-30T11:21:16Z</time></trkpt>
      <trkpt lat="44.2002411" lon="7.4411718"><ele>1124.6</ele><time>2026-03-30T11:21:44Z</time></trkpt>
      <trkpt lat="44.199956" lon="7.4415094"><ele>1130.9</ele><time>2026-03-30T11:22:22Z</time></trkpt>
      <trkpt lat="44.1994078" lon="7.4415098"><ele>1136.3</ele><time>2026-03-30T11:23:17Z</time></trkpt>
      <trkpt lat="44.1988554" lon="7.4417443"><ele>1140.2</ele><time>2026-03-30T11:24:12Z</time></trkpt>
      <trkpt lat="44.198629" lon="7.4420385"><ele>1142.5</ele><time>2026-03-30T11:24:41Z</time></trkpt>
      <trkpt lat="44.1969029" lon="7.4426353"><ele>1153.4</ele><time>2026-03-30T11:27:08Z</time></trkpt>
      <trkpt lat="44.1964072" lon="7.4430371"><ele>1155.4</ele><time>2026-03-30T11:28:03Z</time></trkpt>
      <trkpt lat="44.1960413" lon="7.4435684"><ele>1166.0</ele><time>2026-03-30T11:28:57Z</time></trkpt>
      <trkpt lat="44.1959991" lon="7.4438288"><ele>1168.2</ele><time>2026-03-30T11:29:19Z</time></trkpt>
      <trkpt lat="44.1957648" lon="7.443853"><ele>1172.7</ele><time>2026-03-30T11:29:44Z</time></trkpt>
      <trkpt lat="44.1954833" lon="7.4443162"><ele>1165.0</ele><time>2026-03-30T11:30:26Z</time></trkpt>
      <trkpt lat="44.1949581" lon="7.4447312"><ele>1170.6</ele><time>2026-03-30T11:33:48Z</time></trkpt>
      <trkpt lat="44.1943218" lon="7.4459609"><ele>1174.5</ele><time>2026-03-30T11:35:09Z</time></trkpt>
      <trkpt lat="44.1935463" lon="7.4463384"><ele>1193.7</ele><time>2026-03-30T11:36:15Z</time></trkpt>
      <trkpt lat="44.1930642" lon="7.446194"><ele>1195.4</ele><time>2026-03-30T11:36:57Z</time></trkpt>
      <trkpt lat="44.1926239" lon="7.4465653"><ele>1188.7</ele><time>2026-03-30T11:37:55Z</time></trkpt>
      <trkpt lat="44.192548" lon="7.446477"><ele>1184.5</ele><time>2026-03-30T11:38:18Z</time></trkpt>
      <trkpt lat="44.1931024" lon="7.4461023"><ele>1184.7</ele><time>2026-03-30T11:39:07Z</time></trkpt>
      <trkpt lat="44.1934393" lon="7.4462672"><ele>1191.9</ele><time>2026-03-30T11:40:11Z</time></trkpt>
      <trkpt lat="44.1929248" lon="7.4471109"><ele>1192.1</ele><time>2026-03-30T11:41:10Z</time></trkpt>
      <trkpt lat="44.1919192" lon="7.4481495"><ele>1197.6</ele><time>2026-03-30T11:42:56Z</time></trkpt>
      <trkpt lat="44.1895425" lon="7.4490377"><ele>1218.6</ele><time>2026-03-30T11:46:17Z</time></trkpt>
      <trkpt lat="44.1881663" lon="7.4486934"><ele>1230.2</ele><time>2026-03-30T11:48:18Z</time></trkpt>
      <trkpt lat="44.1875089" lon="7.4489227"><ele>1238.8</ele><time>2026-03-30T11:49:13Z</time></trkpt>
      <trkpt lat="44.1870991" lon="7.4494076"><ele>1242.5</ele><time>2026-03-30T11:50:03Z</time></trkpt>
      <trkpt lat="44.1865779" lon="7.44958"><ele>1244.6</ele><time>2026-03-30T11:50:54Z</time></trkpt>
      <trkpt lat="44.1864691" lon="7.4498973"><ele>1237.0</ele><time>2026-03-30T11:51:15Z</time></trkpt>
      <trkpt lat="44.1860065" lon="7.4503286"><ele>1248.5</ele><time>2026-03-30T11:51:57Z</time></trkpt>
      <trkpt lat="44.1856279" lon="7.4503301"><ele>1253.6</ele><time>2026-03-30T11:52:33Z</time></trkpt>
      <trkpt lat="44.1845901" lon="7.4508151"><ele>1262.9</ele><time>2026-03-30T11:54:31Z</time></trkpt>
      <trkpt lat="44.1840943" lon="7.4514593"><ele>1268.0</ele><time>2026-03-30T11:55:38Z</time></trkpt>
      <trkpt lat="44.1834938" lon="7.4518943"><ele>1276.0</ele><time>2026-03-30T11:56:38Z</time></trkpt>
      <trkpt lat="44.1829199" lon="7.4519398"><ele>1280.1</ele><time>2026-03-30T11:57:33Z</time></trkpt>
      <trkpt lat="44.1806703" lon="7.4529236"><ele>1294.8</ele><time>2026-03-30T12:02:58Z</time></trkpt>
      <trkpt lat="44.18039" lon="7.4527961"><ele>1296.1</ele><time>2026-03-30T12:03:16Z</time></trkpt>
      <trkpt lat="44.1803076" lon="7.4524836"><ele>1297.9</ele><time>2026-03-30T12:03:37Z</time></trkpt>
      <trkpt lat="44.1800729" lon="7.4525279"><ele>1297.5</ele><time>2026-03-30T12:04:50Z</time></trkpt>
      <trkpt lat="44.1800725" lon="7.4519929"><ele>1306.9</ele><time>2026-03-30T12:05:31Z</time></trkpt>
      <trkpt lat="44.1794575" lon="7.4527565"><ele>1312.0</ele><time>2026-03-30T12:06:47Z</time></trkpt>
      <trkpt lat="44.1783091" lon="7.4528916"><ele>1326.7</ele><time>2026-03-30T12:08:26Z</time></trkpt>
      <trkpt lat="44.1780779" lon="7.4532842"><ele>1330.7</ele><time>2026-03-30T12:08:51Z</time></trkpt>
      <trkpt lat="44.1775436" lon="7.4531357"><ele>1331.3</ele><time>2026-03-30T12:09:45Z</time></trkpt>
      <trkpt lat="44.176909" lon="7.4533193"><ele>1340.4</ele><time>2026-03-30T12:11:08Z</time></trkpt>
      <trkpt lat="44.176097" lon="7.454098"><ele>1345.9</ele><time>2026-03-30T12:13:33Z</time></trkpt>
      <trkpt lat="44.1758709" lon="7.4540492"><ele>1348.3</ele><time>2026-03-30T12:13:57Z</time></trkpt>
      <trkpt lat="44.1742357" lon="7.4550599"><ele>1368.3</ele><time>2026-03-30T12:17:02Z</time></trkpt>
      <trkpt lat="44.1734535" lon="7.4552278"><ele>1382.9</ele><time>2026-03-30T12:18:41Z</time></trkpt>
      <trkpt lat="44.1732838" lon="7.4551247"><ele>1389.9</ele><time>2026-03-30T12:19:13Z</time></trkpt>
      <trkpt lat="44.1732833" lon="7.4548026"><ele>1394.4</ele><time>2026-03-30T12:19:56Z</time></trkpt>
      <trkpt lat="44.1726621" lon="7.4549686"><ele>1414.7</ele><time>2026-03-30T12:21:21Z</time></trkpt>
      <trkpt lat="44.172609" lon="7.454785"><ele>1414.7</ele><time>2026-03-30T12:21:42Z</time></trkpt>
      <trkpt lat="44.1716428" lon="7.455175"><ele>1426.0</ele><time>2026-03-30T12:24:03Z</time></trkpt>
      <trkpt lat="44.1712537" lon="7.4549549"><ele>1441.8</ele><time>2026-03-30T12:25:34Z</time></trkpt>
      <trkpt lat="44.1701161" lon="7.4551719"><ele>1445.7</ele><time>2026-03-30T12:28:26Z</time></trkpt>
      <trkpt lat="44.1683112" lon="7.4546593"><ele>1509.0</ele><time>2026-03-30T12:35:19Z</time></trkpt>
      <trkpt lat="44.1678106" lon="7.4543728"><ele>1525.1</ele><time>2026-03-30T12:36:36Z</time></trkpt>
      <trkpt lat="44.1669462" lon="7.4545762"><ele>1530.0</ele><time>2026-03-30T12:38:41Z</time></trkpt>
      <trkpt lat="44.167021" lon="7.4542072"><ele>1545.8</ele><time>2026-03-30T12:39:20Z</time></trkpt>
      <trkpt lat="44.1668489" lon="7.4542519"><ele>1550.6</ele><time>2026-03-30T12:39:55Z</time></trkpt>
      <trkpt lat="44.1669182" lon="7.4540376"><ele>1549.6</ele><time>2026-03-30T12:40:20Z</time></trkpt>
      <trkpt lat="44.1668168" lon="7.4540162"><ele>1553.8</ele><time>2026-03-30T12:40:43Z</time></trkpt>
      <trkpt lat="44.1669327" lon="7.4538457"><ele>1560.5</ele><time>2026-03-30T12:41:09Z</time></trkpt>
      <trkpt lat="44.1664441" lon="7.45398"><ele>1563.6</ele><time>2026-03-30T12:42:26Z</time></trkpt>
      <trkpt lat="44.1660592" lon="7.4543954"><ele>1585.1</ele><time>2026-03-30T12:45:31Z</time></trkpt>
      <trkpt lat="44.1656341" lon="7.4546794"><ele>1610.0</ele><time>2026-03-30T13:00:13Z</time></trkpt>
      <trkpt lat="44.1655821" lon="7.4545776"><ele>1613.2</ele><time>2026-03-30T13:00:37Z</time></trkpt>
      <trkpt lat="44.165554" lon="7.4548276"><ele>1615.9</ele><time>2026-03-30T13:01:11Z</time></trkpt>
      <trkpt lat="44.1653558" lon="7.4546116"><ele>1625.2</ele><time>2026-03-30T13:01:58Z</time></trkpt>
      <trkpt lat="44.1652902" lon="7.4548098"><ele>1631.6</ele><time>2026-03-30T13:02:31Z</time></trkpt>
      <trkpt lat="44.1652146" lon="7.4546579"><ele>1637.1</ele><time>2026-03-30T13:02:52Z</time></trkpt>
      <trkpt lat="44.1651498" lon="7.4548188"><ele>1638.1</ele><time>2026-03-30T13:03:17Z</time></trkpt>
      <trkpt lat="44.1648251" lon="7.4548761"><ele>1660.2</ele><time>2026-03-30T13:05:35Z</time></trkpt>
      <trkpt lat="44.1649429" lon="7.4539908"><ele>1684.0</ele><time>2026-03-30T13:08:37Z</time></trkpt>
      <trkpt lat="44.1644708" lon="7.4543635"><ele>1696.2</ele><time>2026-03-30T13:10:06Z</time></trkpt>
      <trkpt lat="44.1644292" lon="7.4538749"><ele>1710.2</ele><time>2026-03-30T13:11:53Z</time></trkpt>
      <trkpt lat="44.1640905" lon="7.4543688"><ele>1728.9</ele><time>2026-03-30T13:13:54Z</time></trkpt>
      <trkpt lat="44.1640282" lon="7.454278"><ele>1734.9</ele><time>2026-03-30T13:14:27Z</time></trkpt>
      <trkpt lat="44.1637577" lon="7.4544699"><ele>1750.0</ele><time>2026-03-30T13:15:16Z</time></trkpt>
      <trkpt lat="44.1638605" lon="7.4537211"><ele>1763.1</ele><time>2026-03-30T13:17:02Z</time></trkpt>
      <trkpt lat="44.1636545" lon="7.4540096"><ele>1774.6</ele><time>2026-03-30T13:18:20Z</time></trkpt>
      <trkpt lat="44.163639" lon="7.4538118"><ele>1775.1</ele><time>2026-03-30T13:18:42Z</time></trkpt>
      <trkpt lat="44.1634755" lon="7.453928"><ele>1777.4</ele><time>2026-03-30T13:19:24Z</time></trkpt>
      <trkpt lat="44.1634691" lon="7.453681"><ele>1787.9</ele><time>2026-03-30T13:20:38Z</time></trkpt>
      <trkpt lat="44.1637711" lon="7.4530029"><ele>1798.6</ele><time>2026-03-30T13:23:10Z</time></trkpt>
      <trkpt lat="44.1635421" lon="7.4531614"><ele>1815.7</ele><time>2026-03-30T13:24:29Z</time></trkpt>
      <trkpt lat="44.1634858" lon="7.4528536"><ele>1816.9</ele><time>2026-03-30T13:25:08Z</time></trkpt>
      <trkpt lat="44.1633416" lon="7.4532282"><ele>1837.6</ele><time>2026-03-30T13:26:07Z</time></trkpt>
      <trkpt lat="44.1636454" lon="7.4522799"><ele>1852.1</ele><time>2026-03-30T13:28:39Z</time></trkpt>
      <trkpt lat="44.1635951" lon="7.4518023"><ele>1858.9</ele><time>2026-03-30T13:35:14Z</time></trkpt>
      <trkpt lat="44.1632662" lon="7.4520672"><ele>1867.3</ele><time>2026-03-30T13:35:58Z</time></trkpt>
      <trkpt lat="44.1632564" lon="7.4517061"><ele>1875.7</ele><time>2026-03-30T13:36:42Z</time></trkpt>
      <trkpt lat="44.1630146" lon="7.452165"><ele>1887.4</ele><time>2026-03-30T13:37:35Z</time></trkpt>
      <trkpt lat="44.1626465" lon="7.4522782"><ele>1894.7</ele><time>2026-03-30T13:38:19Z</time></trkpt>
      <trkpt lat="44.1626508" lon="7.4517918"><ele>1901.8</ele><time>2026-03-30T13:39:08Z</time></trkpt>
      <trkpt lat="44.1623534" lon="7.4523048"><ele>1919.9</ele><time>2026-03-30T13:40:44Z</time></trkpt>
      <trkpt lat="44.1622165" lon="7.452367"><ele>1922.3</ele><time>2026-03-30T13:41:00Z</time></trkpt>
      <trkpt lat="44.1622634" lon="7.4520921"><ele>1926.5</ele><time>2026-03-30T13:41:56Z</time></trkpt>
      <trkpt lat="44.1618374" lon="7.4523692"><ele>1933.1</ele><time>2026-03-30T13:43:01Z</time></trkpt>
      <trkpt lat="44.1609802" lon="7.4537057"><ele>1965.3</ele><time>2026-03-30T13:45:53Z</time></trkpt>
      <trkpt lat="44.1608896" lon="7.4527469"><ele>1985.1</ele><time>2026-03-30T13:47:33Z</time></trkpt>
      <trkpt lat="44.1602723" lon="7.4535175"><ele>1995.5</ele><time>2026-03-30T13:49:42Z</time></trkpt>
      <trkpt lat="44.1600162" lon="7.4541748"><ele>2004.6</ele><time>2026-03-30T13:50:56Z</time></trkpt>
      <trkpt lat="44.1598435" lon="7.4540016"><ele>2020.0</ele><time>2026-03-30T13:52:50Z</time></trkpt>
      <trkpt lat="44.1598325" lon="7.4542565"><ele>2022.6</ele><time>2026-03-30T13:53:17Z</time></trkpt>
      <trkpt lat="44.1597059" lon="7.4540427"><ele>2023.7</ele><time>2026-03-30T13:53:48Z</time></trkpt>
      <trkpt lat="44.1596985" lon="7.4547976"><ele>2037.7</ele><time>2026-03-30T13:55:01Z</time></trkpt>
      <trkpt lat="44.1593841" lon="7.455082"><ele>2043.6</ele><time>2026-03-30T13:55:51Z</time></trkpt>
      <trkpt lat="44.1591481" lon="7.455941"><ele>2056.3</ele><time>2026-03-30T13:57:12Z</time></trkpt>
      <trkpt lat="44.1588218" lon="7.4566045"><ele>2065.5</ele><time>2026-03-30T13:58:26Z</time></trkpt>
      <trkpt lat="44.1590335" lon="7.4562969"><ele>2055.9</ele><time>2026-03-30T14:00:01Z</time></trkpt>
      <trkpt lat="44.1594286" lon="7.4551112"><ele>2040.6</ele><time>2026-03-30T14:01:17Z</time></trkpt>
      <trkpt lat="44.1588766" lon="7.4568051"><ele>2064.8</ele><time>2026-03-30T14:05:47Z</time></trkpt>
      <trkpt lat="44.1586505" lon="7.4569254"><ele>2064.1</ele><time>2026-03-30T14:06:19Z</time></trkpt>
      <trkpt lat="44.1588104" lon="7.4571506"><ele>2070.6</ele><time>2026-03-30T14:06:47Z</time></trkpt>
      <trkpt lat="44.1590687" lon="7.4571603"><ele>2078.2</ele><time>2026-03-30T14:07:26Z</time></trkpt>
      <trkpt lat="44.1587812" lon="7.4580909"><ele>2088.7</ele><time>2026-03-30T14:08:49Z</time></trkpt>
      <trkpt lat="44.1582863" lon="7.4587541"><ele>2100.8</ele><time>2026-03-30T14:10:07Z</time></trkpt>
      <trkpt lat="44.1580237" lon="7.4586127"><ele>2109.1</ele><time>2026-03-30T14:10:42Z</time></trkpt>
      <trkpt lat="44.1579936" lon="7.4588741"><ele>2113.2</ele><time>2026-03-30T14:11:03Z</time></trkpt>
      <trkpt lat="44.1573466" lon="7.4599649"><ele>2125.0</ele><time>2026-03-30T14:12:42Z</time></trkpt>
      <trkpt lat="44.1563941" lon="7.460639"><ele>2144.2</ele><time>2026-03-30T14:14:37Z</time></trkpt>
      <trkpt lat="44.1566356" lon="7.4609437"><ele>2151.9</ele><time>2026-03-30T14:15:19Z</time></trkpt>
      <trkpt lat="44.1563894" lon="7.4610691"><ele>2161.9</ele><time>2026-03-30T14:16:08Z</time></trkpt>
      <trkpt lat="44.1567983" lon="7.4611715"><ele>2169.0</ele><time>2026-03-30T14:17:16Z</time></trkpt>
      <trkpt lat="44.1565278" lon="7.4613816"><ele>2172.6</ele><time>2026-03-30T14:17:52Z</time></trkpt>
      <trkpt lat="44.1566635" lon="7.4615346"><ele>2164.9</ele><time>2026-03-30T14:18:14Z</time></trkpt>
      <trkpt lat="44.1565007" lon="7.4616264"><ele>2171.1</ele><time>2026-03-30T14:18:34Z</time></trkpt>
      <trkpt lat="44.1565922" lon="7.4617706"><ele>2171.1</ele><time>2026-03-30T14:18:57Z</time></trkpt>
      <trkpt lat="44.1564599" lon="7.4617542"><ele>2180.0</ele><time>2026-03-30T14:19:11Z</time></trkpt>
      <trkpt lat="44.156551" lon="7.4619814"><ele>2180.0</ele><time>2026-03-30T14:19:39Z</time></trkpt>
      <trkpt lat="44.1561588" lon="7.4618183"><ele>2190.5</ele><time>2026-03-30T14:20:28Z</time></trkpt>
      <trkpt lat="44.1561622" lon="7.4621486"><ele>2195.6</ele><time>2026-03-30T14:21:00Z</time></trkpt>
      <trkpt lat="44.1559195" lon="7.4617573"><ele>2207.6</ele><time>2026-03-30T14:22:01Z</time></trkpt>
      <trkpt lat="44.1558898" lon="7.4621458"><ele>2211.5</ele><time>2026-03-30T14:22:35Z</time></trkpt>
      <trkpt lat="44.1556795" lon="7.4619035"><ele>2220.4</ele><time>2026-03-30T14:23:25Z</time></trkpt>
      <trkpt lat="44.1555695" lon="7.4623358"><ele>2230.4</ele><time>2026-03-30T14:24:06Z</time></trkpt>
      <trkpt lat="44.1551255" lon="7.4620889"><ele>2239.4</ele><time>2026-03-30T14:25:04Z</time></trkpt>
      <trkpt lat="44.1548178" lon="7.4622949"><ele>2240.1</ele><time>2026-03-30T14:25:42Z</time></trkpt>
      <trkpt lat="44.1545855" lon="7.4622518"><ele>2248.4</ele><time>2026-03-30T14:26:08Z</time></trkpt>
      <trkpt lat="44.1545658" lon="7.4625139"><ele>2248.4</ele><time>2026-03-30T14:26:37Z</time></trkpt>
      <trkpt lat="44.1544686" lon="7.4625273"><ele>2249.1</ele><time>2026-03-30T14:26:49Z</time></trkpt>
      <trkpt lat="44.154035" lon="7.4622936"><ele>2255.3</ele><time>2026-03-30T14:27:38Z</time></trkpt>
      <trkpt lat="44.1523138" lon="7.4620094"><ele>2273.0</ele><time>2026-03-30T14:30:30Z</time></trkpt>
      <trkpt lat="44.1512283" lon="7.4616106"><ele>2275.7</ele><time>2026-03-30T14:32:02Z</time></trkpt>
      <trkpt lat="44.1507103" lon="7.4612423"><ele>2279.9</ele><time>2026-03-30T14:32:26Z</time></trkpt>
      <trkpt lat="44.1496797" lon="7.4610838"><ele>2284.0</ele><time>2026-03-30T14:33:34Z</time></trkpt>
      <trkpt lat="44.1487994" lon="7.4602148"><ele>2298.8</ele><time>2026-03-30T14:35:30Z</time></trkpt>
      <trkpt lat="44.1485771" lon="7.4596671"><ele>2308.8</ele><time>2026-03-30T14:36:26Z</time></trkpt>
      <trkpt lat="44.1481123" lon="7.4590634"><ele>2305.3</ele><time>2026-03-30T14:37:25Z</time></trkpt>
      <trkpt lat="44.1481011" lon="7.4588041"><ele>2307.4</ele><time>2026-03-30T14:37:44Z</time></trkpt>
      <trkpt lat="44.1476336" lon="7.4582547"><ele>2321.6</ele><time>2026-03-30T14:42:29Z</time></trkpt>
      <trkpt lat="44.1476637" lon="7.457439"><ele>2330.1</ele><time>2026-03-30T14:43:48Z</time></trkpt>
      <trkpt lat="44.1475448" lon="7.457718"><ele>2334.8</ele><time>2026-03-30T14:44:43Z</time></trkpt>
      <trkpt lat="44.1474321" lon="7.4574754"><ele>2335.1</ele><time>2026-03-30T14:45:20Z</time></trkpt>
      <trkpt lat="44.1475173" lon="7.4570425"><ele>2337.3</ele><time>2026-03-30T14:46:12Z</time></trkpt>
      <trkpt lat="44.1469014" lon="7.457751"><ele>2358.9</ele><time>2026-03-30T14:48:24Z</time></trkpt>
      <trkpt lat="44.1466923" lon="7.4569698"><ele>2365.9</ele><time>2026-03-30T14:49:43Z</time></trkpt>
      <trkpt lat="44.1466272" lon="7.4573438"><ele>2374.0</ele><time>2026-03-30T14:50:24Z</time></trkpt>
      <trkpt lat="44.1464818" lon="7.4570396"><ele>2383.0</ele><time>2026-03-30T14:51:04Z</time></trkpt>
      <trkpt lat="44.1463716" lon="7.4561421"><ele>2396.2</ele><time>2026-03-30T14:52:32Z</time></trkpt>
      <trkpt lat="44.1461765" lon="7.4565879"><ele>2395.2</ele><time>2026-03-30T14:53:28Z</time></trkpt>
      <trkpt lat="44.1461078" lon="7.4564597"><ele>2395.3</ele><time>2026-03-30T14:55:12Z</time></trkpt>
      <trkpt lat="44.146016" lon="7.4560729"><ele>2395.3</ele><time>2026-03-30T14:55:46Z</time></trkpt>
      <trkpt lat="44.1461208" lon="7.45573"><ele>2404.4</ele><time>2026-03-30T14:56:21Z</time></trkpt>
      <trkpt lat="44.1458942" lon="7.4556349"><ele>2412.3</ele><time>2026-03-30T14:56:55Z</time></trkpt>
      <trkpt lat="44.1459409" lon="7.4551962"><ele>2421.6</ele><time>2026-03-30T14:57:36Z</time></trkpt>
      <trkpt lat="44.1455369" lon="7.4550902"><ele>2425.0</ele><time>2026-03-30T14:58:33Z</time></trkpt>
      <trkpt lat="44.1452252" lon="7.4547042"><ele>2429.5</ele><time>2026-03-30T14:59:32Z</time></trkpt>
      <trkpt lat="44.1450603" lon="7.454685"><ele>2436.5</ele><time>2026-03-30T14:59:49Z</time></trkpt>
      <trkpt lat="44.1451394" lon="7.4541719"><ele>2441.6</ele><time>2026-03-30T15:00:44Z</time></trkpt>
      <trkpt lat="44.144691" lon="7.4545308"><ele>2454.6</ele><time>2026-03-30T15:02:00Z</time></trkpt>
      <trkpt lat="44.1443773" lon="7.4544234"><ele>2462.7</ele><time>2026-03-30T15:02:46Z</time></trkpt>
      <trkpt lat="44.1442764" lon="7.4541988"><ele>2465.4</ele><time>2026-03-30T15:03:09Z</time></trkpt>
      <trkpt lat="44.1443855" lon="7.4538053"><ele>2477.6</ele><time>2026-03-30T15:03:48Z</time></trkpt>
      <trkpt lat="44.1439461" lon="7.4535763"><ele>2478.2</ele><time>2026-03-30T15:04:47Z</time></trkpt>
      <trkpt lat="44.1437309" lon="7.4528325"><ele>2495.3</ele><time>2026-03-30T15:06:53Z</time></trkpt>
      <trkpt lat="44.1434346" lon="7.4524379"><ele>2502.7</ele><time>2026-03-30T15:08:00Z</time></trkpt>
      <trkpt lat="44.1432575" lon="7.4526433"><ele>2511.0</ele><time>2026-03-30T15:08:43Z</time></trkpt>
      <trkpt lat="44.1429594" lon="7.4526319"><ele>2518.8</ele><time>2026-03-30T15:09:24Z</time></trkpt>
      <trkpt lat="44.1430569" lon="7.4513648"><ele>2534.5</ele><time>2026-03-30T15:11:26Z</time></trkpt>
      <trkpt lat="44.1427808" lon="7.4515291"><ele>2544.5</ele><time>2026-03-30T15:12:14Z</time></trkpt>
      <trkpt lat="44.1428122" lon="7.451311"><ele>2546.5</ele><time>2026-03-30T15:12:41Z</time></trkpt>
      <trkpt lat="44.1423323" lon="7.4513998"><ele>2558.7</ele><time>2026-03-30T15:13:53Z</time></trkpt>
      <trkpt lat="44.1414787" lon="7.4511557"><ele>2574.9</ele><time>2026-03-30T15:16:17Z</time></trkpt>
      <trkpt lat="44.1411793" lon="7.4507758"><ele>2584.1</ele><time>2026-03-30T15:17:26Z</time></trkpt>
      <trkpt lat="44.1399465" lon="7.4500085"><ele>2601.7</ele><time>2026-03-30T15:20:56Z</time></trkpt>
      <trkpt lat="44.1400299" lon="7.4507054"><ele>2613.4</ele><time>2026-03-30T15:22:36Z</time></trkpt>
      <trkpt lat="44.139882" lon="7.4506955"><ele>2618.7</ele><time>2026-03-30T15:23:12Z</time></trkpt>
      <trkpt lat="44.1400546" lon="7.4516156"><ele>2628.3</ele><time>2026-03-30T15:25:04Z</time></trkpt>
      <trkpt lat="44.1397495" lon="7.4516771"><ele>2637.8</ele><time>2026-03-30T15:26:00Z</time></trkpt>
      <trkpt lat="44.1400154" lon="7.4521862"><ele>2653.2</ele><time>2026-03-30T15:27:13Z</time></trkpt>
      <trkpt lat="44.1397422" lon="7.4524375"><ele>2657.6</ele><time>2026-03-30T15:28:57Z</time></trkpt>
      <trkpt lat="44.139301" lon="7.4518593"><ele>2663.6</ele><time>2026-03-30T15:31:14Z</time></trkpt>
      <trkpt lat="44.13867" lon="7.4504917"><ele>2695.0</ele><time>2026-03-30T15:35:58Z</time></trkpt>
      <trkpt lat="44.138494" lon="7.4507879"><ele>2706.7</ele><time>2026-03-30T15:37:25Z</time></trkpt>
      <trkpt lat="44.138537" lon="7.4513783"><ele>2691.7</ele><time>2026-03-30T15:39:10Z</time></trkpt>
      <trkpt lat="44.1383937" lon="7.4512688"><ele>2690.0</ele><time>2026-03-30T15:56:54Z</time></trkpt>
      <trkpt lat="44.1381511" lon="7.4518244"><ele>2676.3</ele><time>2026-03-30T16:01:25Z</time></trkpt>
      <trkpt lat="44.137721" lon="7.4518605"><ele>2666.1</ele><time>2026-03-30T16:01:32Z</time></trkpt>
      <trkpt lat="44.1374323" lon="7.4515402"><ele>2636.1</ele><time>2026-03-30T16:01:38Z</time></trkpt>
      <trkpt lat="44.1374459" lon="7.4521767"><ele>2624.5</ele><time>2026-03-30T16:01:46Z</time></trkpt>
      <trkpt lat="44.1370959" lon="7.4526645"><ele>2597.5</ele><time>2026-03-30T16:02:00Z</time></trkpt>
      <trkpt lat="44.1370054" lon="7.4530642"><ele>2589.9</ele><time>2026-03-30T16:02:07Z</time></trkpt>
      <trkpt lat="44.1365758" lon="7.4532984"><ele>2562.5</ele><time>2026-03-30T16:03:41Z</time></trkpt>
      <trkpt lat="44.1363885" lon="7.453815"><ele>2536.8</ele><time>2026-03-30T16:03:52Z</time></trkpt>
      <trkpt lat="44.1360708" lon="7.4538012"><ele>2530.2</ele><time>2026-03-30T16:04:00Z</time></trkpt>
      <trkpt lat="44.1359298" lon="7.4545149"><ele>2515.3</ele><time>2026-03-30T16:04:12Z</time></trkpt>
      <trkpt lat="44.1357411" lon="7.4546903"><ele>2509.8</ele><time>2026-03-30T16:04:16Z</time></trkpt>
      <trkpt lat="44.1353728" lon="7.4556517"><ele>2487.8</ele><time>2026-03-30T16:08:36Z</time></trkpt>
      <trkpt lat="44.1348387" lon="7.4564851"><ele>2473.0</ele><time>2026-03-30T16:08:44Z</time></trkpt>
      <trkpt lat="44.134341" lon="7.4586163"><ele>2439.6</ele><time>2026-03-30T16:09:04Z</time></trkpt>
      <trkpt lat="44.1338061" lon="7.4596822"><ele>2423.1</ele><time>2026-03-30T16:09:16Z</time></trkpt>
      <trkpt lat="44.1334228" lon="7.4599549"><ele>2411.1</ele><time>2026-03-30T16:09:39Z</time></trkpt>
      <trkpt lat="44.1333484" lon="7.4604586"><ele>2402.7</ele><time>2026-03-30T16:09:50Z</time></trkpt>
      <trkpt lat="44.1335295" lon="7.4607602"><ele>2394.9</ele><time>2026-03-30T16:11:20Z</time></trkpt>
      <trkpt lat="44.1334433" lon="7.4611787"><ele>2378.8</ele><time>2026-03-30T16:11:31Z</time></trkpt>
      <trkpt lat="44.1332528" lon="7.4612543"><ele>2370.7</ele><time>2026-03-30T16:11:36Z</time></trkpt>
      <trkpt lat="44.1328997" lon="7.4623192"><ele>2340.2</ele><time>2026-03-30T16:11:51Z</time></trkpt>
      <trkpt lat="44.132543" lon="7.4626348"><ele>2316.4</ele><time>2026-03-30T16:12:02Z</time></trkpt>
      <trkpt lat="44.1322789" lon="7.4646603"><ele>2280.6</ele><time>2026-03-30T16:12:25Z</time></trkpt>
      <trkpt lat="44.1319283" lon="7.4653697"><ele>2273.8</ele><time>2026-03-30T16:12:32Z</time></trkpt>
      <trkpt lat="44.1311155" lon="7.465993"><ele>2261.2</ele><time>2026-03-30T16:22:46Z</time></trkpt>
      <trkpt lat="44.1310923" lon="7.4665029"><ele>2266.4</ele><time>2026-03-30T16:23:47Z</time></trkpt>
      <trkpt lat="44.1308142" lon="7.4664391"><ele>2271.5</ele><time>2026-03-30T16:24:47Z</time></trkpt>
      <trkpt lat="44.130278" lon="7.4659246"><ele>2286.0</ele><time>2026-03-30T16:26:54Z</time></trkpt>
      <trkpt lat="44.130365" lon="7.4665057"><ele>2291.5</ele><time>2026-03-30T16:28:09Z</time></trkpt>
      <trkpt lat="44.1302119" lon="7.4663942"><ele>2299.8</ele><time>2026-03-30T16:28:49Z</time></trkpt>
      <trkpt lat="44.1302276" lon="7.4666521"><ele>2302.9</ele><time>2026-03-30T16:29:23Z</time></trkpt>
      <trkpt lat="44.1299465" lon="7.4670909"><ele>2324.4</ele><time>2026-03-30T16:31:02Z</time></trkpt>
      <trkpt lat="44.13009" lon="7.4678228"><ele>2325.8</ele><time>2026-03-30T16:34:35Z</time></trkpt>
      <trkpt lat="44.1298125" lon="7.4680958"><ele>2315.0</ele><time>2026-03-30T16:38:30Z</time></trkpt>
      <trkpt lat="44.1296297" lon="7.4686363"><ele>2307.7</ele><time>2026-03-30T16:38:37Z</time></trkpt>
      <trkpt lat="44.1289572" lon="7.4697967"><ele>2295.9</ele><time>2026-03-30T16:38:50Z</time></trkpt>
      <trkpt lat="44.1288343" lon="7.4711604"><ele>2288.3</ele><time>2026-03-30T16:39:05Z</time></trkpt>
      <trkpt lat="44.128685" lon="7.4713929"><ele>2282.7</ele><time>2026-03-30T16:39:09Z</time></trkpt>
      <trkpt lat="44.1279674" lon="7.4718677"><ele>2267.2</ele><time>2026-03-30T16:39:18Z</time></trkpt>
      <trkpt lat="44.1277138" lon="7.4717855"><ele>2263.0</ele><time>2026-03-30T16:39:21Z</time></trkpt>
      <trkpt lat="44.1271802" lon="7.4720597"><ele>2244.5</ele><time>2026-03-30T16:39:30Z</time></trkpt>
      <trkpt lat="44.1269409" lon="7.4718253"><ele>2238.2</ele><time>2026-03-30T16:39:34Z</time></trkpt>
      <trkpt lat="44.1264594" lon="7.4718481"><ele>2229.2</ele><time>2026-03-30T16:39:41Z</time></trkpt>
      <trkpt lat="44.1255749" lon="7.4713666"><ele>2221.7</ele><time>2026-03-30T16:39:53Z</time></trkpt>
      <trkpt lat="44.125189" lon="7.4720503"><ele>2197.5</ele><time>2026-03-30T16:43:17Z</time></trkpt>
      <trkpt lat="44.1249392" lon="7.4721318"><ele>2188.4</ele><time>2026-03-30T16:43:21Z</time></trkpt>
      <trkpt lat="44.1242921" lon="7.4727978"><ele>2162.5</ele><time>2026-03-30T16:43:34Z</time></trkpt>
      <trkpt lat="44.1235136" lon="7.4731234"><ele>2136.1</ele><time>2026-03-30T16:43:45Z</time></trkpt>
      <trkpt lat="44.1229913" lon="7.4730795"><ele>2126.4</ele><time>2026-03-30T16:43:50Z</time></trkpt>
      <trkpt lat="44.1223583" lon="7.4734974"><ele>2115.8</ele><time>2026-03-30T16:43:57Z</time></trkpt>
      <trkpt lat="44.1202069" lon="7.4735797"><ele>2098.4</ele><time>2026-03-30T16:44:21Z</time></trkpt>
      <trkpt lat="44.1199501" lon="7.473468"><ele>2095.7</ele><time>2026-03-30T16:44:25Z</time></trkpt>
      <trkpt lat="44.1195556" lon="7.474752"><ele>2076.0</ele><time>2026-03-30T16:47:01Z</time></trkpt>
      <trkpt lat="44.1187037" lon="7.4756877"><ele>2062.5</ele><time>2026-03-30T16:47:13Z</time></trkpt>
      <trkpt lat="44.1181613" lon="7.4750043"><ele>2018.2</ele><time>2026-03-30T16:47:32Z</time></trkpt>
      <trkpt lat="44.1180038" lon="7.4749624"><ele>2005.5</ele><time>2026-03-30T16:47:36Z</time></trkpt>
      <trkpt lat="44.1176928" lon="7.4752845"><ele>2000.1</ele><time>2026-03-30T16:47:45Z</time></trkpt>
      <trkpt lat="44.1177348" lon="7.4743935"><ele>1975.6</ele><time>2026-03-30T16:48:07Z</time></trkpt>
      <trkpt lat="44.1174604" lon="7.4746164"><ele>1962.2</ele><time>2026-03-30T16:50:44Z</time></trkpt>
      <trkpt lat="44.1170243" lon="7.4744887"><ele>1956.7</ele><time>2026-03-30T16:51:31Z</time></trkpt>
      <trkpt lat="44.1167359" lon="7.4747167"><ele>1932.9</ele><time>2026-03-30T16:51:56Z</time></trkpt>
      <trkpt lat="44.116417" lon="7.4747263"><ele>1918.5</ele><time>2026-03-30T16:52:09Z</time></trkpt>
      <trkpt lat="44.1156488" lon="7.4754267"><ele>1877.1</ele><time>2026-03-30T16:56:35Z</time></trkpt>
      <trkpt lat="44.1154915" lon="7.4753874"><ele>1873.4</ele><time>2026-03-30T16:56:42Z</time></trkpt>
      <trkpt lat="44.1150166" lon="7.4761407"><ele>1846.9</ele><time>2026-03-30T16:57:12Z</time></trkpt>
      <trkpt lat="44.1147635" lon="7.4758854"><ele>1837.3</ele><time>2026-03-30T16:57:54Z</time></trkpt>
      <trkpt lat="44.1145528" lon="7.4761396"><ele>1832.0</ele><time>2026-03-30T17:03:26Z</time></trkpt>
      <trkpt lat="44.1145071" lon="7.4768141"><ele>1844.6</ele><time>2026-03-30T17:07:47Z</time></trkpt>
      <trkpt lat="44.1151891" lon="7.4781806"><ele>1843.3</ele><time>2026-03-30T17:10:07Z</time></trkpt>
      <trkpt lat="44.1148134" lon="7.4791381"><ele>1823.0</ele><time>2026-03-30T17:10:53Z</time></trkpt>
      <trkpt lat="44.1147988" lon="7.4795593"><ele>1819.6</ele><time>2026-03-30T17:10:58Z</time></trkpt>
      <trkpt lat="44.1154215" lon="7.4809605"><ele>1807.4</ele><time>2026-03-30T17:11:14Z</time></trkpt>
      <trkpt lat="44.1160973" lon="7.481818"><ele>1796.3</ele><time>2026-03-30T17:11:27Z</time></trkpt>
      <trkpt lat="44.1167757" lon="7.4835713"><ele>1781.1</ele><time>2026-03-30T17:12:04Z</time></trkpt>
      <trkpt lat="44.1165362" lon="7.4858293"><ele>1773.2</ele><time>2026-03-30T17:17:08Z</time></trkpt>
      <trkpt lat="44.1164773" lon="7.4899191"><ele>1746.7</ele><time>2026-03-30T17:29:47Z</time></trkpt>
      <trkpt lat="44.1161933" lon="7.4909449"><ele>1746.0</ele><time>2026-03-30T17:30:39Z</time></trkpt>
      <trkpt lat="44.1154949" lon="7.4922777"><ele>1739.9</ele><time>2026-03-30T17:31:31Z</time></trkpt>
      <trkpt lat="44.115354" lon="7.493302"><ele>1737.6</ele><time>2026-03-30T17:31:55Z</time></trkpt>
      <trkpt lat="44.1150463" lon="7.4939755"><ele>1729.6</ele><time>2026-03-30T17:32:21Z</time></trkpt>
      <trkpt lat="44.1145894" lon="7.4947919"><ele>1726.6</ele><time>2026-03-30T17:32:45Z</time></trkpt>
      <trkpt lat="44.1142084" lon="7.494796"><ele>1725.5</ele><time>2026-03-30T17:32:57Z</time></trkpt>
      <trkpt lat="44.1132241" lon="7.495622"><ele>1710.9</ele><time>2026-03-30T17:34:55Z</time></trkpt>
      <trkpt lat="44.1126817" lon="7.4973613"><ele>1693.7</ele><time>2026-03-30T17:35:12Z</time></trkpt>
      <trkpt lat="44.1120649" lon="7.4978191"><ele>1685.2</ele><time>2026-03-30T17:35:20Z</time></trkpt>
      <trkpt lat="44.111805" lon="7.4983024"><ele>1678.3</ele><time>2026-03-30T17:35:27Z</time></trkpt>
      <trkpt lat="44.1118871" lon="7.4989054"><ele>1674.7</ele><time>2026-03-30T17:35:47Z</time></trkpt>
      <trkpt lat="44.1114268" lon="7.4984491"><ele>1661.4</ele><time>2026-03-30T17:36:36Z</time></trkpt>
      <trkpt lat="44.1111137" lon="7.4987516"><ele>1659.8</ele><time>2026-03-30T17:36:53Z</time></trkpt>
      <trkpt lat="44.1106672" lon="7.4988157"><ele>1655.4</ele><time>2026-03-30T17:37:04Z</time></trkpt>
      <trkpt lat="44.1097281" lon="7.4993705"><ele>1642.6</ele><time>2026-03-30T17:37:25Z</time></trkpt>
      <trkpt lat="44.1093689" lon="7.49932"><ele>1636.5</ele><time>2026-03-30T17:37:44Z</time></trkpt>
      <trkpt lat="44.1073946" lon="7.4997291"><ele>1617.7</ele><time>2026-03-30T17:41:04Z</time></trkpt>
      <trkpt lat="44.1067407" lon="7.5005219"><ele>1610.6</ele><time>2026-03-30T17:41:16Z</time></trkpt>
      <trkpt lat="44.1055429" lon="7.5012334"><ele>1598.9</ele><time>2026-03-30T17:41:32Z</time></trkpt>
      <trkpt lat="44.1052097" lon="7.5017911"><ele>1592.5</ele><time>2026-03-30T17:41:39Z</time></trkpt>
      <trkpt lat="44.1044021" lon="7.502678"><ele>1579.2</ele><time>2026-03-30T17:43:15Z</time></trkpt>
      <trkpt lat="44.1029816" lon="7.5032099"><ele>1567.8</ele><time>2026-03-30T17:43:55Z</time></trkpt>
      <trkpt lat="44.1018525" lon="7.5041277"><ele>1569.5</ele><time>2026-03-30T17:44:39Z</time></trkpt>
      <trkpt lat="44.1003221" lon="7.504622"><ele>1560.0</ele><time>2026-03-30T17:45:27Z</time></trkpt>
      <trkpt lat="44.0997465" lon="7.5052614"><ele>1555.8</ele><time>2026-03-30T17:45:57Z</time></trkpt>
      <trkpt lat="44.0997171" lon="7.5056879"><ele>1552.2</ele><time>2026-03-30T17:46:11Z</time></trkpt>
      <trkpt lat="44.0995098" lon="7.5058236"><ele>1550.1</ele><time>2026-03-30T17:47:24Z</time></trkpt>
      <trkpt lat="44.0994908" lon="7.5060895"><ele>1545.3</ele><time>2026-03-30T17:48:26Z</time></trkpt>
      <trkpt lat="44.0993569" lon="7.5061154"><ele>1538.6</ele><time>2026-03-30T17:48:53Z</time></trkpt>
      <trkpt lat="44.0994347" lon="7.5060447"><ele>1545.6</ele><time>2026-03-30T17:49:08Z</time></trkpt>
      <trkpt lat="44.099581" lon="7.5059121"><ele>1558.9</ele><time>2026-03-31T07:10:02Z</time></trkpt>
      <trkpt lat="44.0995922" lon="7.5057891"><ele>1557.8</ele><time>2026-03-31T07:10:12Z</time></trkpt>
      <trkpt lat="44.0993893" lon="7.5058787"><ele>1560.7</ele><time>2026-03-31T07:11:17Z</time></trkpt>
      <trkpt lat="44.0992143" lon="7.5057194"><ele>1558.5</ele><time>2026-03-31T07:12:27Z</time></trkpt>
      <trkpt lat="44.0987917" lon="7.5056974"><ele>1554.5</ele><time>2026-03-31T07:12:59Z</time></trkpt>
      <trkpt lat="44.0981236" lon="7.50594"><ele>1551.3</ele><time>2026-03-31T07:14:00Z</time></trkpt>
      <trkpt lat="44.0973361" lon="7.5068486"><ele>1547.0</ele><time>2026-03-31T07:16:11Z</time></trkpt>
      <trkpt lat="44.0963716" lon="7.5074872"><ele>1546.9</ele><time>2026-03-31T07:17:43Z</time></trkpt>
      <trkpt lat="44.096022" lon="7.507942"><ele>1554.4</ele><time>2026-03-31T07:21:04Z</time></trkpt>
      <trkpt lat="44.0957107" lon="7.5078839"><ele>1553.0</ele><time>2026-03-31T07:21:46Z</time></trkpt>
      <trkpt lat="44.0956817" lon="7.5067879"><ele>1574.8</ele><time>2026-03-31T07:23:20Z</time></trkpt>
      <trkpt lat="44.0961756" lon="7.5055779"><ele>1593.2</ele><time>2026-03-31T07:25:46Z</time></trkpt>
      <trkpt lat="44.0963336" lon="7.5047269"><ele>1611.8</ele><time>2026-03-31T07:27:14Z</time></trkpt>
      <trkpt lat="44.0966673" lon="7.504404"><ele>1617.5</ele><time>2026-03-31T07:28:13Z</time></trkpt>
      <trkpt lat="44.096575" lon="7.5032641"><ele>1636.6</ele><time>2026-03-31T07:30:12Z</time></trkpt>
      <trkpt lat="44.0968446" lon="7.5032179"><ele>1638.3</ele><time>2026-03-31T07:30:52Z</time></trkpt>
      <trkpt lat="44.096959" lon="7.5030185"><ele>1641.9</ele><time>2026-03-31T07:31:18Z</time></trkpt>
      <trkpt lat="44.096654" lon="7.5027529"><ele>1649.2</ele><time>2026-03-31T07:32:14Z</time></trkpt>
      <trkpt lat="44.0963653" lon="7.5027148"><ele>1651.6</ele><time>2026-03-31T07:32:54Z</time></trkpt>
      <trkpt lat="44.0961149" lon="7.5036723"><ele>1663.0</ele><time>2026-03-31T07:35:53Z</time></trkpt>
      <trkpt lat="44.0957003" lon="7.5035325"><ele>1667.5</ele><time>2026-03-31T07:36:48Z</time></trkpt>
      <trkpt lat="44.0954037" lon="7.5036634"><ele>1678.1</ele><time>2026-03-31T07:37:29Z</time></trkpt>
      <trkpt lat="44.0956194" lon="7.5024917"><ele>1697.2</ele><time>2026-03-31T07:39:14Z</time></trkpt>
      <trkpt lat="44.0951134" lon="7.5022023"><ele>1707.7</ele><time>2026-03-31T07:40:28Z</time></trkpt>
      <trkpt lat="44.0949876" lon="7.5013751"><ele>1721.7</ele><time>2026-03-31T07:41:53Z</time></trkpt>
      <trkpt lat="44.0953487" lon="7.500184"><ele>1739.2</ele><time>2026-03-31T07:43:54Z</time></trkpt>
      <trkpt lat="44.0951373" lon="7.498402"><ele>1752.2</ele><time>2026-03-31T07:46:12Z</time></trkpt>
      <trkpt lat="44.0940953" lon="7.4953483"><ele>1792.0</ele><time>2026-03-31T07:50:59Z</time></trkpt>
      <trkpt lat="44.0931868" lon="7.4934746"><ele>1811.4</ele><time>2026-03-31T07:54:06Z</time></trkpt>
      <trkpt lat="44.0933577" lon="7.4928896"><ele>1815.6</ele><time>2026-03-31T07:55:03Z</time></trkpt>
      <trkpt lat="44.0933358" lon="7.4925683"><ele>1823.3</ele><time>2026-03-31T07:55:31Z</time></trkpt>
      <trkpt lat="44.0928224" lon="7.4916111"><ele>1836.2</ele><time>2026-03-31T07:57:06Z</time></trkpt>
      <trkpt lat="44.0919644" lon="7.4907935"><ele>1853.1</ele><time>2026-03-31T07:58:59Z</time></trkpt>
      <trkpt lat="44.0917689" lon="7.4892507"><ele>1867.7</ele><time>2026-03-31T08:00:55Z</time></trkpt>
      <trkpt lat="44.0909408" lon="7.4877015"><ele>1881.6</ele><time>2026-03-31T08:03:22Z</time></trkpt>
      <trkpt lat="44.0911391" lon="7.4873345"><ele>1887.9</ele><time>2026-03-31T08:03:55Z</time></trkpt>
      <trkpt lat="44.0912471" lon="7.4867045"><ele>1896.0</ele><time>2026-03-31T08:04:44Z</time></trkpt>
      <trkpt lat="44.0911491" lon="7.4856799"><ele>1905.3</ele><time>2026-03-31T08:06:17Z</time></trkpt>
      <trkpt lat="44.0907691" lon="7.484973"><ele>1902.2</ele><time>2026-03-31T08:07:23Z</time></trkpt>
      <trkpt lat="44.0899505" lon="7.484212"><ele>1913.1</ele><time>2026-03-31T08:08:50Z</time></trkpt>
      <trkpt lat="44.0897032" lon="7.4833346"><ele>1914.1</ele><time>2026-03-31T08:09:48Z</time></trkpt>
      <trkpt lat="44.0892809" lon="7.4829323"><ele>1917.9</ele><time>2026-03-31T08:10:37Z</time></trkpt>
      <trkpt lat="44.0896273" lon="7.4821647"><ele>1926.7</ele><time>2026-03-31T08:12:22Z</time></trkpt>
      <trkpt lat="44.0900559" lon="7.4816279"><ele>1934.2</ele><time>2026-03-31T08:13:21Z</time></trkpt>
      <trkpt lat="44.0903493" lon="7.4807813"><ele>1943.8</ele><time>2026-03-31T08:14:42Z</time></trkpt>
      <trkpt lat="44.0903548" lon="7.4803715"><ele>1945.3</ele><time>2026-03-31T08:20:26Z</time></trkpt>
      <trkpt lat="44.0900072" lon="7.4801938"><ele>1952.1</ele><time>2026-03-31T08:21:09Z</time></trkpt>
      <trkpt lat="44.0898664" lon="7.4802652"><ele>1952.2</ele><time>2026-03-31T08:21:25Z</time></trkpt>
      <trkpt lat="44.0889861" lon="7.4810508"><ele>1964.5</ele><time>2026-03-31T08:23:05Z</time></trkpt>
      <trkpt lat="44.0885916" lon="7.4818462"><ele>1972.2</ele><time>2026-03-31T08:24:20Z</time></trkpt>
      <trkpt lat="44.0880149" lon="7.4813422"><ele>1980.1</ele><time>2026-03-31T08:25:28Z</time></trkpt>
      <trkpt lat="44.0870363" lon="7.4819109"><ele>2000.6</ele><time>2026-03-31T08:27:26Z</time></trkpt>
      <trkpt lat="44.0867665" lon="7.48184"><ele>2005.7</ele><time>2026-03-31T08:27:56Z</time></trkpt>
      <trkpt lat="44.086394" lon="7.481233"><ele>2012.1</ele><time>2026-03-31T08:28:58Z</time></trkpt>
      <trkpt lat="44.085679" lon="7.4790792"><ele>2027.3</ele><time>2026-03-31T08:34:59Z</time></trkpt>
      <trkpt lat="44.0852143" lon="7.478768"><ele>2035.7</ele><time>2026-03-31T08:35:56Z</time></trkpt>
      <trkpt lat="44.0846016" lon="7.4779295"><ele>2047.9</ele><time>2026-03-31T08:37:15Z</time></trkpt>
      <trkpt lat="44.0840054" lon="7.477415"><ele>2059.8</ele><time>2026-03-31T08:38:31Z</time></trkpt>
      <trkpt lat="44.0837466" lon="7.4768046"><ele>2062.5</ele><time>2026-03-31T08:39:19Z</time></trkpt>
      <trkpt lat="44.0833587" lon="7.4765417"><ele>2071.5</ele><time>2026-03-31T08:40:02Z</time></trkpt>
      <trkpt lat="44.08339" lon="7.4767767"><ele>2080.2</ele><time>2026-03-31T08:40:46Z</time></trkpt>
      <trkpt lat="44.0828308" lon="7.4759761"><ele>2084.8</ele><time>2026-03-31T08:42:19Z</time></trkpt>
      <trkpt lat="44.0827842" lon="7.4757173"><ele>2091.3</ele><time>2026-03-31T08:42:38Z</time></trkpt>
      <trkpt lat="44.0829533" lon="7.4755857"><ele>2095.3</ele><time>2026-03-31T08:42:55Z</time></trkpt>
      <trkpt lat="44.0828143" lon="7.4755315"><ele>2099.4</ele><time>2026-03-31T08:43:17Z</time></trkpt>
      <trkpt lat="44.0829428" lon="7.4754654"><ele>2102.3</ele><time>2026-03-31T08:43:38Z</time></trkpt>
      <trkpt lat="44.0828196" lon="7.4752439"><ele>2104.4</ele><time>2026-03-31T08:44:17Z</time></trkpt>
      <trkpt lat="44.0830199" lon="7.4752545"><ele>2116.2</ele><time>2026-03-31T08:44:52Z</time></trkpt>
      <trkpt lat="44.0829899" lon="7.474822"><ele>2121.7</ele><time>2026-03-31T08:46:23Z</time></trkpt>
      <trkpt lat="44.0831485" lon="7.4746252"><ele>2130.1</ele><time>2026-03-31T08:46:56Z</time></trkpt>
      <trkpt lat="44.0831517" lon="7.4736623"><ele>2136.1</ele><time>2026-03-31T08:48:20Z</time></trkpt>
      <trkpt lat="44.0836049" lon="7.4729353"><ele>2139.5</ele><time>2026-03-31T09:04:04Z</time></trkpt>
      <trkpt lat="44.0836278" lon="7.4723597"><ele>2144.0</ele><time>2026-03-31T09:04:41Z</time></trkpt>
      <trkpt lat="44.0838425" lon="7.4719432"><ele>2142.1</ele><time>2026-03-31T09:05:04Z</time></trkpt>
      <trkpt lat="44.0837418" lon="7.4702389"><ele>2140.5</ele><time>2026-03-31T09:06:38Z</time></trkpt>
      <trkpt lat="44.0840776" lon="7.4695391"><ele>2144.2</ele><time>2026-03-31T09:07:33Z</time></trkpt>
      <trkpt lat="44.0838289" lon="7.4686223"><ele>2153.1</ele><time>2026-03-31T09:08:54Z</time></trkpt>
      <trkpt lat="44.0840123" lon="7.4679763"><ele>2162.4</ele><time>2026-03-31T09:09:54Z</time></trkpt>
      <trkpt lat="44.0837109" lon="7.4671294"><ele>2174.5</ele><time>2026-03-31T09:11:22Z</time></trkpt>
      <trkpt lat="44.0840006" lon="7.4657354"><ele>2188.4</ele><time>2026-03-31T09:14:20Z</time></trkpt>
      <trkpt lat="44.0839655" lon="7.464315"><ele>2206.2</ele><time>2026-03-31T09:16:10Z</time></trkpt>
      <trkpt lat="44.0840227" lon="7.4641823"><ele>2208.9</ele><time>2026-03-31T09:16:43Z</time></trkpt>
      <trkpt lat="44.084583" lon="7.4640469"><ele>2218.3</ele><time>2026-03-31T09:19:23Z</time></trkpt>
      <trkpt lat="44.0848727" lon="7.4643369"><ele>2225.4</ele><time>2026-03-31T09:20:10Z</time></trkpt>
      <trkpt lat="44.0849729" lon="7.4640814"><ele>2230.7</ele><time>2026-03-31T09:20:41Z</time></trkpt>
      <trkpt lat="44.0850848" lon="7.4641371"><ele>2233.4</ele><time>2026-03-31T09:20:58Z</time></trkpt>
      <trkpt lat="44.0849751" lon="7.4635719"><ele>2243.7</ele><time>2026-03-31T09:21:57Z</time></trkpt>
      <trkpt lat="44.0851434" lon="7.4635275"><ele>2248.7</ele><time>2026-03-31T09:22:21Z</time></trkpt>
      <trkpt lat="44.0852903" lon="7.4628942"><ele>2257.5</ele><time>2026-03-31T09:23:20Z</time></trkpt>
      <trkpt lat="44.0850353" lon="7.4624113"><ele>2269.2</ele><time>2026-03-31T09:24:15Z</time></trkpt>
      <trkpt lat="44.0855077" lon="7.4623844"><ele>2279.6</ele><time>2026-03-31T09:25:19Z</time></trkpt>
      <trkpt lat="44.0852884" lon="7.4621445"><ele>2287.0</ele><time>2026-03-31T09:25:55Z</time></trkpt>
      <trkpt lat="44.0856094" lon="7.4621711"><ele>2295.9</ele><time>2026-03-31T09:26:42Z</time></trkpt>
      <trkpt lat="44.0855604" lon="7.4620174"><ele>2300.4</ele><time>2026-03-31T09:27:12Z</time></trkpt>
      <trkpt lat="44.0858133" lon="7.4621504"><ele>2304.5</ele><time>2026-03-31T09:27:50Z</time></trkpt>
      <trkpt lat="44.0861109" lon="7.4618901"><ele>2318.9</ele><time>2026-03-31T09:28:41Z</time></trkpt>
      <trkpt lat="44.0859807" lon="7.4618156"><ele>2321.0</ele><time>2026-03-31T09:29:06Z</time></trkpt>
      <trkpt lat="44.0860677" lon="7.4616493"><ele>2327.6</ele><time>2026-03-31T09:29:42Z</time></trkpt>
      <trkpt lat="44.0857927" lon="7.4615138"><ele>2332.7</ele><time>2026-03-31T09:30:20Z</time></trkpt>
      <trkpt lat="44.0860296" lon="7.4612649"><ele>2341.0</ele><time>2026-03-31T09:31:10Z</time></trkpt>
      <trkpt lat="44.0857744" lon="7.4611389"><ele>2347.8</ele><time>2026-03-31T09:31:59Z</time></trkpt>
      <trkpt lat="44.0862352" lon="7.4608377"><ele>2359.4</ele><time>2026-03-31T09:33:13Z</time></trkpt>
      <trkpt lat="44.0861608" lon="7.4607639"><ele>2361.5</ele><time>2026-03-31T09:33:26Z</time></trkpt>
      <trkpt lat="44.0862801" lon="7.4581247"><ele>2410.2</ele><time>2026-03-31T09:48:56Z</time></trkpt>
      <trkpt lat="44.0860902" lon="7.4561548"><ele>2426.7</ele><time>2026-03-31T09:51:26Z</time></trkpt>
      <trkpt lat="44.0861306" lon="7.4551378"><ele>2433.5</ele><time>2026-03-31T09:52:44Z</time></trkpt>
      <trkpt lat="44.085963" lon="7.4540396"><ele>2440.8</ele><time>2026-03-31T09:54:02Z</time></trkpt>
      <trkpt lat="44.0861348" lon="7.4527484"><ele>2441.7</ele><time>2026-03-31T09:55:21Z</time></trkpt>
      <trkpt lat="44.0860589" lon="7.4524134"><ele>2446.7</ele><time>2026-03-31T09:55:46Z</time></trkpt>
      <trkpt lat="44.0858965" lon="7.4523028"><ele>2449.5</ele><time>2026-03-31T09:56:09Z</time></trkpt>
      <trkpt lat="44.0860755" lon="7.4518577"><ele>2456.8</ele><time>2026-03-31T09:56:57Z</time></trkpt>
      <trkpt lat="44.0859419" lon="7.451781"><ele>2461.9</ele><time>2026-03-31T09:57:15Z</time></trkpt>
      <trkpt lat="44.0860257" lon="7.4515528"><ele>2466.7</ele><time>2026-03-31T09:57:41Z</time></trkpt>
      <trkpt lat="44.0859641" lon="7.4504234"><ele>2478.7</ele><time>2026-03-31T09:59:23Z</time></trkpt>
      <trkpt lat="44.0856556" lon="7.4486491"><ele>2486.5</ele><time>2026-03-31T10:01:38Z</time></trkpt>
      <trkpt lat="44.0857274" lon="7.4468054"><ele>2516.6</ele><time>2026-03-31T10:04:41Z</time></trkpt>
      <trkpt lat="44.0855179" lon="7.4467595"><ele>2523.2</ele><time>2026-03-31T10:05:13Z</time></trkpt>
      <trkpt lat="44.0856152" lon="7.44634"><ele>2530.6</ele><time>2026-03-31T10:06:03Z</time></trkpt>
      <trkpt lat="44.0848507" lon="7.4459241"><ele>2547.4</ele><time>2026-03-31T10:07:51Z</time></trkpt>
      <trkpt lat="44.0843519" lon="7.4461416"><ele>2561.6</ele><time>2026-03-31T10:09:09Z</time></trkpt>
      <trkpt lat="44.0847893" lon="7.4450346"><ele>2571.2</ele><time>2026-03-31T10:11:05Z</time></trkpt>
      <trkpt lat="44.0845745" lon="7.4441298"><ele>2559.8</ele><time>2026-03-31T10:26:12Z</time></trkpt>
      <trkpt lat="44.0846851" lon="7.4437868"><ele>2548.2</ele><time>2026-03-31T10:26:22Z</time></trkpt>
      <trkpt lat="44.0846182" lon="7.4436433"><ele>2546.3</ele><time>2026-03-31T10:26:30Z</time></trkpt>
      <trkpt lat="44.084764" lon="7.4435002"><ele>2538.5</ele><time>2026-03-31T10:26:47Z</time></trkpt>
      <trkpt lat="44.0847311" lon="7.4432163"><ele>2525.0</ele><time>2026-03-31T10:27:04Z</time></trkpt>
      <trkpt lat="44.0852495" lon="7.443178"><ele>2512.2</ele><time>2026-03-31T10:28:52Z</time></trkpt>
      <trkpt lat="44.0851208" lon="7.4430772"><ele>2506.1</ele><time>2026-03-31T10:29:00Z</time></trkpt>
      <trkpt lat="44.0851309" lon="7.4427829"><ele>2494.2</ele><time>2026-03-31T10:29:09Z</time></trkpt>
      <trkpt lat="44.0846581" lon="7.4419974"><ele>2466.2</ele><time>2026-03-31T10:31:20Z</time></trkpt>
      <trkpt lat="44.0845848" lon="7.4415695"><ele>2458.7</ele><time>2026-03-31T10:31:25Z</time></trkpt>
      <trkpt lat="44.0842642" lon="7.440931"><ele>2449.0</ele><time>2026-03-31T10:31:35Z</time></trkpt>
      <trkpt lat="44.084244" lon="7.4406014"><ele>2445.2</ele><time>2026-03-31T10:31:38Z</time></trkpt>
      <trkpt lat="44.0845342" lon="7.4399125"><ele>2436.2</ele><time>2026-03-31T10:31:52Z</time></trkpt>
      <trkpt lat="44.0841056" lon="7.4383853"><ele>2415.4</ele><time>2026-03-31T10:32:12Z</time></trkpt>
      <trkpt lat="44.0844957" lon="7.4374195"><ele>2411.3</ele><time>2026-03-31T10:32:32Z</time></trkpt>
      <trkpt lat="44.0845505" lon="7.4367958"><ele>2409.7</ele><time>2026-03-31T10:40:27Z</time></trkpt>
      <trkpt lat="44.0849463" lon="7.4362838"><ele>2423.8</ele><time>2026-03-31T10:41:32Z</time></trkpt>
      <trkpt lat="44.0854059" lon="7.43614"><ele>2438.6</ele><time>2026-03-31T10:42:36Z</time></trkpt>
      <trkpt lat="44.0851785" lon="7.4359138"><ele>2438.9</ele><time>2026-03-31T10:43:27Z</time></trkpt>
      <trkpt lat="44.0856833" lon="7.4358752"><ele>2451.4</ele><time>2026-03-31T10:44:33Z</time></trkpt>
      <trkpt lat="44.086863" lon="7.4350906"><ele>2466.4</ele><time>2026-03-31T10:47:02Z</time></trkpt>
      <trkpt lat="44.087741" lon="7.4337789"><ele>2475.6</ele><time>2026-03-31T10:49:07Z</time></trkpt>
      <trkpt lat="44.0882166" lon="7.4336998"><ele>2478.3</ele><time>2026-03-31T10:49:53Z</time></trkpt>
      <trkpt lat="44.0894581" lon="7.4327163"><ele>2494.3</ele><time>2026-03-31T10:56:42Z</time></trkpt>
      <trkpt lat="44.0902149" lon="7.4317355"><ele>2509.3</ele><time>2026-03-31T10:58:44Z</time></trkpt>
      <trkpt lat="44.0907884" lon="7.4315266"><ele>2524.3</ele><time>2026-03-31T11:00:07Z</time></trkpt>
      <trkpt lat="44.090661" lon="7.4313364"><ele>2530.9</ele><time>2026-03-31T11:00:39Z</time></trkpt>
      <trkpt lat="44.0909425" lon="7.4314081"><ele>2532.7</ele><time>2026-03-31T11:01:15Z</time></trkpt>
      <trkpt lat="44.090782" lon="7.4311592"><ele>2538.2</ele><time>2026-03-31T11:03:30Z</time></trkpt>
      <trkpt lat="44.0909605" lon="7.4311007"><ele>2542.2</ele><time>2026-03-31T11:04:00Z</time></trkpt>
      <trkpt lat="44.0910892" lon="7.4307376"><ele>2541.5</ele><time>2026-03-31T11:08:22Z</time></trkpt>
      <trkpt lat="44.0917734" lon="7.4302051"><ele>2546.2</ele><time>2026-03-31T11:09:47Z</time></trkpt>
      <trkpt lat="44.0919128" lon="7.4302363"><ele>2550.0</ele><time>2026-03-31T11:10:05Z</time></trkpt>
      <trkpt lat="44.0925671" lon="7.4294194"><ele>2552.4</ele><time>2026-03-31T11:11:46Z</time></trkpt>
      <trkpt lat="44.0935121" lon="7.4289099"><ele>2577.1</ele><time>2026-03-31T11:13:51Z</time></trkpt>
      <trkpt lat="44.0936031" lon="7.4292148"><ele>2583.4</ele><time>2026-03-31T11:14:33Z</time></trkpt>
      <trkpt lat="44.0938105" lon="7.4288848"><ele>2591.1</ele><time>2026-03-31T11:15:17Z</time></trkpt>
      <trkpt lat="44.0939798" lon="7.4289847"><ele>2597.0</ele><time>2026-03-31T11:15:43Z</time></trkpt>
      <trkpt lat="44.0942931" lon="7.4285948"><ele>2605.3</ele><time>2026-03-31T11:16:44Z</time></trkpt>
      <trkpt lat="44.0952942" lon="7.4280427"><ele>2631.5</ele><time>2026-03-31T11:19:15Z</time></trkpt>
      <trkpt lat="44.0954931" lon="7.4283111"><ele>2635.3</ele><time>2026-03-31T11:19:54Z</time></trkpt>
      <trkpt lat="44.0956303" lon="7.4279475"><ele>2644.8</ele><time>2026-03-31T11:21:41Z</time></trkpt>
      <trkpt lat="44.0957821" lon="7.4280947"><ele>2645.5</ele><time>2026-03-31T11:22:12Z</time></trkpt>
      <trkpt lat="44.0958952" lon="7.4285397"><ele>2657.1</ele><time>2026-03-31T11:23:32Z</time></trkpt>
      <trkpt lat="44.0961619" lon="7.4281508"><ele>2660.7</ele><time>2026-03-31T11:24:26Z</time></trkpt>
      <trkpt lat="44.0962101" lon="7.427851"><ele>2667.5</ele><time>2026-03-31T11:25:07Z</time></trkpt>
      <trkpt lat="44.0963367" lon="7.4280246"><ele>2672.3</ele><time>2026-03-31T11:25:45Z</time></trkpt>
      <trkpt lat="44.0963988" lon="7.4278077"><ele>2675.4</ele><time>2026-03-31T11:26:23Z</time></trkpt>
      <trkpt lat="44.0965613" lon="7.4279297"><ele>2685.2</ele><time>2026-03-31T11:27:09Z</time></trkpt>
      <trkpt lat="44.0968245" lon="7.4265936"><ele>2650.9</ele><time>2026-03-31T11:38:34Z</time></trkpt>
      <trkpt lat="44.0967546" lon="7.4264366"><ele>2632.7</ele><time>2026-03-31T11:41:30Z</time></trkpt>
      <trkpt lat="44.0969983" lon="7.4258782"><ele>2624.0</ele><time>2026-03-31T11:41:39Z</time></trkpt>
      <trkpt lat="44.0971741" lon="7.4258889"><ele>2617.7</ele><time>2026-03-31T11:41:43Z</time></trkpt>
      <trkpt lat="44.0972182" lon="7.4251035"><ele>2603.4</ele><time>2026-03-31T11:41:58Z</time></trkpt>
      <trkpt lat="44.0974674" lon="7.4248996"><ele>2596.9</ele><time>2026-03-31T11:43:09Z</time></trkpt>
      <trkpt lat="44.0975348" lon="7.4245825"><ele>2580.8</ele><time>2026-03-31T11:43:50Z</time></trkpt>
      <trkpt lat="44.0975109" lon="7.4240405"><ele>2566.5</ele><time>2026-03-31T11:44:03Z</time></trkpt>
      <trkpt lat="44.0977312" lon="7.4238715"><ele>2553.6</ele><time>2026-03-31T11:44:14Z</time></trkpt>
      <trkpt lat="44.097828" lon="7.4233482"><ele>2531.1</ele><time>2026-03-31T11:44:26Z</time></trkpt>
      <trkpt lat="44.0979568" lon="7.4232613"><ele>2523.8</ele><time>2026-03-31T11:44:30Z</time></trkpt>
      <trkpt lat="44.0979407" lon="7.4228336"><ele>2507.7</ele><time>2026-03-31T11:44:42Z</time></trkpt>
      <trkpt lat="44.0981129" lon="7.4227409"><ele>2492.8</ele><time>2026-03-31T11:47:15Z</time></trkpt>
      <trkpt lat="44.0982211" lon="7.4224228"><ele>2482.3</ele><time>2026-03-31T11:47:22Z</time></trkpt>
      <trkpt lat="44.0982187" lon="7.4208981"><ele>2465.8</ele><time>2026-03-31T11:47:38Z</time></trkpt>
      <trkpt lat="44.0984288" lon="7.4195253"><ele>2449.6</ele><time>2026-03-31T11:47:59Z</time></trkpt>
      <trkpt lat="44.0989713" lon="7.4180357"><ele>2428.7</ele><time>2026-03-31T11:48:20Z</time></trkpt>
      <trkpt lat="44.0995995" lon="7.4171598"><ele>2415.0</ele><time>2026-03-31T11:48:38Z</time></trkpt>
      <trkpt lat="44.0999106" lon="7.4161857"><ele>2390.3</ele><time>2026-03-31T11:49:10Z</time></trkpt>
      <trkpt lat="44.1003389" lon="7.4157219"><ele>2387.0</ele><time>2026-03-31T11:49:38Z</time></trkpt>
      <trkpt lat="44.1004337" lon="7.4153681"><ele>2385.2</ele><time>2026-03-31T11:49:51Z</time></trkpt>
      <trkpt lat="44.1004128" lon="7.4144457"><ele>2381.5</ele><time>2026-03-31T11:50:31Z</time></trkpt>
      <trkpt lat="44.1008716" lon="7.4133364"><ele>2377.5</ele><time>2026-03-31T11:51:04Z</time></trkpt>
      <trkpt lat="44.1008278" lon="7.4130805"><ele>2376.6</ele><time>2026-03-31T11:52:21Z</time></trkpt>
      <trkpt lat="44.1010313" lon="7.4121857"><ele>2367.4</ele><time>2026-03-31T11:52:35Z</time></trkpt>
      <trkpt lat="44.1009831" lon="7.4110963"><ele>2364.7</ele><time>2026-03-31T11:52:59Z</time></trkpt>
      <trkpt lat="44.1013684" lon="7.4094798"><ele>2363.1</ele><time>2026-03-31T11:53:30Z</time></trkpt>
      <trkpt lat="44.1013446" lon="7.4090623"><ele>2361.9</ele><time>2026-03-31T11:53:51Z</time></trkpt>
      <trkpt lat="44.1019408" lon="7.4090106"><ele>2356.4</ele><time>2026-03-31T11:55:18Z</time></trkpt>
      <trkpt lat="44.1021338" lon="7.408844"><ele>2355.3</ele><time>2026-03-31T11:55:22Z</time></trkpt>
      <trkpt lat="44.1019874" lon="7.4083882"><ele>2347.2</ele><time>2026-03-31T11:55:27Z</time></trkpt>
      <trkpt lat="44.1020484" lon="7.4078854"><ele>2341.3</ele><time>2026-03-31T11:55:34Z</time></trkpt>
      <trkpt lat="44.1023093" lon="7.4077461"><ele>2333.7</ele><time>2026-03-31T11:55:39Z</time></trkpt>
      <trkpt lat="44.1025666" lon="7.4070671"><ele>2317.1</ele><time>2026-03-31T11:55:47Z</time></trkpt>
      <trkpt lat="44.102754" lon="7.4069364"><ele>2310.7</ele><time>2026-03-31T11:55:57Z</time></trkpt>
      <trkpt lat="44.1024416" lon="7.4062841"><ele>2303.3</ele><time>2026-03-31T11:56:11Z</time></trkpt>
      <trkpt lat="44.1025864" lon="7.4062868"><ele>2296.3</ele><time>2026-03-31T11:56:14Z</time></trkpt>
      <trkpt lat="44.1027891" lon="7.4058846"><ele>2284.5</ele><time>2026-03-31T11:58:26Z</time></trkpt>
      <trkpt lat="44.1033227" lon="7.4044529"><ele>2263.7</ele><time>2026-03-31T11:59:00Z</time></trkpt>
      <trkpt lat="44.1036346" lon="7.4044401"><ele>2263.5</ele><time>2026-03-31T11:59:08Z</time></trkpt>
      <trkpt lat="44.1037154" lon="7.4038004"><ele>2252.7</ele><time>2026-03-31T11:59:22Z</time></trkpt>
      <trkpt lat="44.1041604" lon="7.4036229"><ele>2251.8</ele><time>2026-03-31T11:59:31Z</time></trkpt>
      <trkpt lat="44.1046129" lon="7.4030767"><ele>2242.1</ele><time>2026-03-31T12:02:17Z</time></trkpt>
      <trkpt lat="44.1047077" lon="7.401684"><ele>2245.0</ele><time>2026-03-31T12:03:11Z</time></trkpt>
      <trkpt lat="44.1041721" lon="7.400301"><ele>2226.0</ele><time>2026-03-31T12:04:46Z</time></trkpt>
      <trkpt lat="44.1043897" lon="7.4002112"><ele>2221.0</ele><time>2026-03-31T12:08:50Z</time></trkpt>
      <trkpt lat="44.1043943" lon="7.4004433"><ele>2223.5</ele><time>2026-03-31T12:09:17Z</time></trkpt>
      <trkpt lat="44.1046978" lon="7.4006282"><ele>2220.8</ele><time>2026-03-31T13:08:59Z</time></trkpt>
      <trkpt lat="44.1048207" lon="7.4005041"><ele>2213.7</ele><time>2026-03-31T13:09:16Z</time></trkpt>
      <trkpt lat="44.1052281" lon="7.4006617"><ele>2204.0</ele><time>2026-03-31T13:09:25Z</time></trkpt>
      <trkpt lat="44.1055664" lon="7.4003773"><ele>2203.0</ele><time>2026-03-31T13:10:36Z</time></trkpt>
      <trkpt lat="44.1056539" lon="7.3999999"><ele>2210.7</ele><time>2026-03-31T13:11:01Z</time></trkpt>
      <trkpt lat="44.1059039" lon="7.399687"><ele>2217.3</ele><time>2026-03-31T13:11:39Z</time></trkpt>
      <trkpt lat="44.1063381" lon="7.3996188"><ele>2230.4</ele><time>2026-03-31T13:12:35Z</time></trkpt>
      <trkpt lat="44.1064631" lon="7.39982"><ele>2236.8</ele><time>2026-03-31T13:12:55Z</time></trkpt>
      <trkpt lat="44.1066846" lon="7.3996843"><ele>2249.4</ele><time>2026-03-31T13:13:42Z</time></trkpt>
      <trkpt lat="44.1067254" lon="7.4000147"><ele>2259.0</ele><time>2026-03-31T13:14:14Z</time></trkpt>
      <trkpt lat="44.1069488" lon="7.3999067"><ele>2259.7</ele><time>2026-03-31T13:14:44Z</time></trkpt>
      <trkpt lat="44.1069019" lon="7.4005142"><ele>2278.4</ele><time>2026-03-31T13:15:32Z</time></trkpt>
      <trkpt lat="44.1074047" lon="7.4006163"><ele>2293.1</ele><time>2026-03-31T13:17:38Z</time></trkpt>
      <trkpt lat="44.1072267" lon="7.4009799"><ele>2306.5</ele><time>2026-03-31T13:18:11Z</time></trkpt>
      <trkpt lat="44.1074785" lon="7.400919"><ele>2308.6</ele><time>2026-03-31T13:18:37Z</time></trkpt>
      <trkpt lat="44.1073958" lon="7.4013353"><ele>2321.9</ele><time>2026-03-31T13:19:12Z</time></trkpt>
      <trkpt lat="44.1075352" lon="7.4013507"><ele>2325.9</ele><time>2026-03-31T13:19:29Z</time></trkpt>
      <trkpt lat="44.1077775" lon="7.4017619"><ele>2336.9</ele><time>2026-03-31T13:20:12Z</time></trkpt>
      <trkpt lat="44.1079419" lon="7.4024712"><ele>2351.1</ele><time>2026-03-31T13:21:07Z</time></trkpt>
      <trkpt lat="44.1085614" lon="7.4038693"><ele>2363.4</ele><time>2026-03-31T13:22:45Z</time></trkpt>
      <trkpt lat="44.1091363" lon="7.4048281"><ele>2379.3</ele><time>2026-03-31T13:24:07Z</time></trkpt>
      <trkpt lat="44.1095353" lon="7.4058066"><ele>2392.6</ele><time>2026-03-31T13:25:26Z</time></trkpt>
      <trkpt lat="44.109663" lon="7.405758"><ele>2396.5</ele><time>2026-03-31T13:25:41Z</time></trkpt>
      <trkpt lat="44.1096324" lon="7.4059899"><ele>2402.1</ele><time>2026-03-31T13:26:00Z</time></trkpt>
      <trkpt lat="44.1092862" lon="7.4061788"><ele>2410.4</ele><time>2026-03-31T13:26:42Z</time></trkpt>
      <trkpt lat="44.1100426" lon="7.4064831"><ele>2428.8</ele><time>2026-03-31T13:28:11Z</time></trkpt>
      <trkpt lat="44.1102575" lon="7.4062234"><ele>2438.5</ele><time>2026-03-31T13:28:55Z</time></trkpt>
      <trkpt lat="44.1106692" lon="7.4067965"><ele>2460.2</ele><time>2026-03-31T13:30:12Z</time></trkpt>
      <trkpt lat="44.1105183" lon="7.4070303"><ele>2463.1</ele><time>2026-03-31T13:30:36Z</time></trkpt>
      <trkpt lat="44.1108987" lon="7.4071724"><ele>2472.5</ele><time>2026-03-31T13:31:25Z</time></trkpt>
      <trkpt lat="44.1109691" lon="7.407348"><ele>2479.5</ele><time>2026-03-31T13:31:42Z</time></trkpt>
      <trkpt lat="44.1111392" lon="7.4071144"><ele>2484.2</ele><time>2026-03-31T13:32:07Z</time></trkpt>
      <trkpt lat="44.1112636" lon="7.4075274"><ele>2495.5</ele><time>2026-03-31T13:32:48Z</time></trkpt>
      <trkpt lat="44.1114638" lon="7.4072848"><ele>2503.2</ele><time>2026-03-31T13:33:25Z</time></trkpt>
      <trkpt lat="44.1115397" lon="7.4078623"><ele>2512.3</ele><time>2026-03-31T13:34:20Z</time></trkpt>
      <trkpt lat="44.1113829" lon="7.4080882"><ele>2517.7</ele><time>2026-03-31T13:34:45Z</time></trkpt>
      <trkpt lat="44.111861" lon="7.408154"><ele>2531.0</ele><time>2026-03-31T13:35:46Z</time></trkpt>
      <trkpt lat="44.1117146" lon="7.4084085"><ele>2535.0</ele><time>2026-03-31T13:36:08Z</time></trkpt>
      <trkpt lat="44.1124217" lon="7.4088154"><ele>2551.5</ele><time>2026-03-31T13:37:35Z</time></trkpt>
      <trkpt lat="44.1123856" lon="7.4090524"><ele>2557.6</ele><time>2026-03-31T13:37:53Z</time></trkpt>
      <trkpt lat="44.1121697" lon="7.4092668"><ele>2564.8</ele><time>2026-03-31T13:38:19Z</time></trkpt>
      <trkpt lat="44.1123407" lon="7.4093764"><ele>2568.3</ele><time>2026-03-31T13:38:48Z</time></trkpt>
      <trkpt lat="44.1126637" lon="7.4092701"><ele>2575.2</ele><time>2026-03-31T13:39:21Z</time></trkpt>
      <trkpt lat="44.1126472" lon="7.409696"><ele>2588.5</ele><time>2026-03-31T13:40:10Z</time></trkpt>
      <trkpt lat="44.1128971" lon="7.4096109"><ele>2594.9</ele><time>2026-03-31T13:40:48Z</time></trkpt>
      <trkpt lat="44.1131441" lon="7.4103708"><ele>2608.6</ele><time>2026-03-31T13:42:02Z</time></trkpt>
      <trkpt lat="44.1126169" lon="7.4108273"><ele>2623.4</ele><time>2026-03-31T13:43:04Z</time></trkpt>
      <trkpt lat="44.1131715" lon="7.4112591"><ele>2636.6</ele><time>2026-03-31T13:44:22Z</time></trkpt>
      <trkpt lat="44.1125056" lon="7.4114311"><ele>2658.8</ele><time>2026-03-31T13:45:55Z</time></trkpt>
      <trkpt lat="44.113067" lon="7.4117657"><ele>2673.1</ele><time>2026-03-31T13:47:25Z</time></trkpt>
      <trkpt lat="44.1128684" lon="7.4118545"><ele>2678.5</ele><time>2026-03-31T13:47:51Z</time></trkpt>
      <trkpt lat="44.1132051" lon="7.4120875"><ele>2687.6</ele><time>2026-03-31T13:48:38Z</time></trkpt>
      <trkpt lat="44.112888" lon="7.4125743"><ele>2702.9</ele><time>2026-03-31T13:49:36Z</time></trkpt>
      <trkpt lat="44.1132963" lon="7.4128878"><ele>2711.2</ele><time>2026-03-31T13:50:38Z</time></trkpt>
      <trkpt lat="44.1125257" lon="7.4132775"><ele>2733.0</ele><time>2026-03-31T13:53:06Z</time></trkpt>
      <trkpt lat="44.1127605" lon="7.4135359"><ele>2735.0</ele><time>2026-03-31T13:53:41Z</time></trkpt>
      <trkpt lat="44.1132701" lon="7.4137368"><ele>2749.0</ele><time>2026-03-31T13:54:36Z</time></trkpt>
      <trkpt lat="44.1130775" lon="7.4138736"><ele>2758.8</ele><time>2026-03-31T13:55:06Z</time></trkpt>
      <trkpt lat="44.1132483" lon="7.4139525"><ele>2756.8</ele><time>2026-03-31T13:55:34Z</time></trkpt>
      <trkpt lat="44.1131346" lon="7.4140258"><ele>2765.8</ele><time>2026-03-31T13:55:52Z</time></trkpt>
      <trkpt lat="44.1130938" lon="7.4145258"><ele>2782.3</ele><time>2026-03-31T13:57:01Z</time></trkpt>
      <trkpt lat="44.1127763" lon="7.4145571"><ele>2787.9</ele><time>2026-03-31T13:57:41Z</time></trkpt>
      <trkpt lat="44.1130569" lon="7.4148857"><ele>2799.0</ele><time>2026-03-31T13:59:09Z</time></trkpt>
      <trkpt lat="44.1128347" lon="7.4150699"><ele>2811.2</ele><time>2026-03-31T13:59:52Z</time></trkpt>
      <trkpt lat="44.1129458" lon="7.4151576"><ele>2814.2</ele><time>2026-03-31T14:00:16Z</time></trkpt>
      <trkpt lat="44.1127739" lon="7.4152853"><ele>2822.4</ele><time>2026-03-31T14:00:52Z</time></trkpt>
      <trkpt lat="44.1127178" lon="7.4159115"><ele>2837.6</ele><time>2026-03-31T14:02:06Z</time></trkpt>
      <trkpt lat="44.1130134" lon="7.4161631"><ele>2842.5</ele><time>2026-03-31T14:03:02Z</time></trkpt>
      <trkpt lat="44.1128716" lon="7.4162992"><ele>2847.2</ele><time>2026-03-31T14:03:25Z</time></trkpt>
      <trkpt lat="44.1129145" lon="7.4165398"><ele>2857.1</ele><time>2026-03-31T14:04:19Z</time></trkpt>
      <trkpt lat="44.1133556" lon="7.4162069"><ele>2869.8</ele><time>2026-03-31T14:05:39Z</time></trkpt>
      <trkpt lat="44.1132845" lon="7.4169319"><ele>2880.3</ele><time>2026-03-31T14:06:55Z</time></trkpt>
      <trkpt lat="44.113488" lon="7.4165942"><ele>2886.2</ele><time>2026-03-31T14:07:45Z</time></trkpt>
      <trkpt lat="44.1135417" lon="7.4169557"><ele>2890.7</ele><time>2026-03-31T14:08:34Z</time></trkpt>
      <trkpt lat="44.1138584" lon="7.4167991"><ele>2901.1</ele><time>2026-03-31T14:09:34Z</time></trkpt>
      <trkpt lat="44.1144192" lon="7.4172941"><ele>2928.9</ele><time>2026-03-31T14:11:05Z</time></trkpt>
      <trkpt lat="44.1143741" lon="7.4176676"><ele>2935.6</ele><time>2026-03-31T14:11:43Z</time></trkpt>
      <trkpt lat="44.1139635" lon="7.4180834"><ele>2950.4</ele><time>2026-03-31T14:12:54Z</time></trkpt>
      <trkpt lat="44.1140464" lon="7.4183029"><ele>2957.3</ele><time>2026-03-31T14:13:31Z</time></trkpt>
      <trkpt lat="44.1139002" lon="7.4192813"><ele>2981.5</ele><time>2026-03-31T14:15:26Z</time></trkpt>
      <trkpt lat="44.1142689" lon="7.4190461"><ele>2991.3</ele><time>2026-03-31T14:16:52Z</time></trkpt>
      <trkpt lat="44.1142421" lon="7.419415"><ele>3001.8</ele><time>2026-03-31T14:17:39Z</time></trkpt>
      <trkpt lat="44.1144835" lon="7.4192776"><ele>3012.3</ele><time>2026-03-31T14:18:31Z</time></trkpt>
      <trkpt lat="44.1146438" lon="7.4193805"><ele>3020.8</ele><time>2026-03-31T14:19:14Z</time></trkpt>
      <trkpt lat="44.1146248" lon="7.419887"><ele>3033.7</ele><time>2026-03-31T14:20:10Z</time></trkpt>
      <trkpt lat="44.1148768" lon="7.4196876"><ele>3047.6</ele><time>2026-03-31T14:28:26Z</time></trkpt>
      <trkpt lat="44.1145202" lon="7.4199629"><ele>3036.2</ele><time>2026-03-31T14:29:41Z</time></trkpt>
      <trkpt lat="44.1143309" lon="7.4196815"><ele>3021.4</ele><time>2026-03-31T14:29:48Z</time></trkpt>
      <trkpt lat="44.1138266" lon="7.4197403"><ele>2991.1</ele><time>2026-03-31T14:30:04Z</time></trkpt>
      <trkpt lat="44.1136432" lon="7.4189603"><ele>2969.5</ele><time>2026-03-31T14:30:16Z</time></trkpt>
      <trkpt lat="44.1134447" lon="7.4188193"><ele>2960.5</ele><time>2026-03-31T14:30:20Z</time></trkpt>
      <trkpt lat="44.1132372" lon="7.4189133"><ele>2950.5</ele><time>2026-03-31T14:30:24Z</time></trkpt>
      <trkpt lat="44.1131602" lon="7.4183839"><ele>2937.7</ele><time>2026-03-31T14:31:04Z</time></trkpt>
      <trkpt lat="44.1128884" lon="7.4181547"><ele>2924.3</ele><time>2026-03-31T14:31:13Z</time></trkpt>
      <trkpt lat="44.113" lon="7.4175278"><ele>2910.5</ele><time>2026-03-31T14:31:23Z</time></trkpt>
      <trkpt lat="44.1128663" lon="7.4171419"><ele>2892.5</ele><time>2026-03-31T14:31:32Z</time></trkpt>
      <trkpt lat="44.1132002" lon="7.4163117"><ele>2872.9</ele><time>2026-03-31T14:31:43Z</time></trkpt>
      <trkpt lat="44.1131243" lon="7.4159381"><ele>2859.2</ele><time>2026-03-31T14:31:51Z</time></trkpt>
      <trkpt lat="44.1127972" lon="7.4157505"><ele>2842.2</ele><time>2026-03-31T14:31:56Z</time></trkpt>
      <trkpt lat="44.112716" lon="7.4154534"><ele>2838.5</ele><time>2026-03-31T14:31:59Z</time></trkpt>
      <trkpt lat="44.1130026" lon="7.4150926"><ele>2826.6</ele><time>2026-03-31T14:33:38Z</time></trkpt>
      <trkpt lat="44.1128253" lon="7.4148621"><ele>2811.8</ele><time>2026-03-31T14:33:46Z</time></trkpt>
      <trkpt lat="44.1126934" lon="7.4142719"><ele>2798.9</ele><time>2026-03-31T14:33:55Z</time></trkpt>
      <trkpt lat="44.1130086" lon="7.4140497"><ele>2777.4</ele><time>2026-03-31T14:34:19Z</time></trkpt>
      <trkpt lat="44.1128969" lon="7.4134906"><ele>2757.2</ele><time>2026-03-31T14:34:41Z</time></trkpt>
      <trkpt lat="44.1134339" lon="7.4131579"><ele>2739.8</ele><time>2026-03-31T14:34:50Z</time></trkpt>
      <trkpt lat="44.1132624" lon="7.4130906"><ele>2732.6</ele><time>2026-03-31T14:34:53Z</time></trkpt>
      <trkpt lat="44.1131307" lon="7.4124168"><ele>2702.6</ele><time>2026-03-31T14:35:02Z</time></trkpt>
      <trkpt lat="44.1129652" lon="7.4122577"><ele>2700.1</ele><time>2026-03-31T14:35:06Z</time></trkpt>
      <trkpt lat="44.1132943" lon="7.4119712"><ele>2686.0</ele><time>2026-03-31T14:35:38Z</time></trkpt>
      <trkpt lat="44.1133849" lon="7.4109858"><ele>2638.7</ele><time>2026-03-31T14:35:53Z</time></trkpt>
      <trkpt lat="44.1130989" lon="7.4109554"><ele>2629.3</ele><time>2026-03-31T14:35:58Z</time></trkpt>
      <trkpt lat="44.1131848" lon="7.4105701"><ele>2618.0</ele><time>2026-03-31T14:36:05Z</time></trkpt>
      <trkpt lat="44.1129485" lon="7.409714"><ele>2602.9</ele><time>2026-03-31T14:36:31Z</time></trkpt>
      <trkpt lat="44.1130949" lon="7.4093918"><ele>2595.7</ele><time>2026-03-31T14:36:35Z</time></trkpt>
      <trkpt lat="44.1128604" lon="7.4087587"><ele>2577.7</ele><time>2026-03-31T14:36:50Z</time></trkpt>
      <trkpt lat="44.1125877" lon="7.4088572"><ele>2564.4</ele><time>2026-03-31T14:36:58Z</time></trkpt>
      <trkpt lat="44.1117565" lon="7.4081602"><ele>2535.0</ele><time>2026-03-31T14:37:18Z</time></trkpt>
      <trkpt lat="44.1115419" lon="7.4076654"><ele>2520.0</ele><time>2026-03-31T14:37:28Z</time></trkpt>
      <trkpt lat="44.1110877" lon="7.4075796"><ele>2498.1</ele><time>2026-03-31T14:37:39Z</time></trkpt>
      <trkpt lat="44.1109232" lon="7.4071454"><ele>2483.3</ele><time>2026-03-31T14:37:47Z</time></trkpt>
      <trkpt lat="44.110753" lon="7.4071246"><ele>2471.9</ele><time>2026-03-31T14:38:04Z</time></trkpt>
      <trkpt lat="44.1105647" lon="7.4068231"><ele>2465.8</ele><time>2026-03-31T14:38:21Z</time></trkpt>
      <trkpt lat="44.1097168" lon="7.4065987"><ele>2441.7</ele><time>2026-03-31T14:38:38Z</time></trkpt>
      <trkpt lat="44.1094079" lon="7.4060544"><ele>2413.2</ele><time>2026-03-31T14:38:53Z</time></trkpt>
      <trkpt lat="44.1081293" lon="7.4053978"><ele>2389.1</ele><time>2026-03-31T14:39:15Z</time></trkpt>
      <trkpt lat="44.1079945" lon="7.4045311"><ele>2351.7</ele><time>2026-03-31T14:39:33Z</time></trkpt>
      <trkpt lat="44.1074333" lon="7.4038167"><ele>2322.1</ele><time>2026-03-31T14:39:54Z</time></trkpt>
      <trkpt lat="44.107211" lon="7.4038893"><ele>2316.2</ele><time>2026-03-31T14:40:01Z</time></trkpt>
      <trkpt lat="44.1071044" lon="7.4035559"><ele>2298.6</ele><time>2026-03-31T14:40:12Z</time></trkpt>
      <trkpt lat="44.1067969" lon="7.4036064"><ele>2290.1</ele><time>2026-03-31T14:40:17Z</time></trkpt>
      <trkpt lat="44.1053835" lon="7.4031568"><ele>2263.2</ele><time>2026-03-31T14:40:59Z</time></trkpt>
      <trkpt lat="44.104985" lon="7.4031806"><ele>2255.3</ele><time>2026-03-31T14:41:06Z</time></trkpt>
      <trkpt lat="44.1047281" lon="7.4023914"><ele>2255.0</ele><time>2026-03-31T14:41:15Z</time></trkpt>
      <trkpt lat="44.1047626" lon="7.401331"><ele>2240.5</ele><time>2026-03-31T14:41:39Z</time></trkpt>
      <trkpt lat="44.1044622" lon="7.4004373"><ele>2229.1</ele><time>2026-03-31T14:44:00Z</time></trkpt>
      <trkpt lat="44.104544" lon="7.4004361"><ele>2231.6</ele><time>2026-04-01T05:48:17Z</time></trkpt>
      <trkpt lat="44.1046857" lon="7.4006861"><ele>2226.6</ele><time>2026-04-01T05:48:58Z</time></trkpt>
      <trkpt lat="44.104941" lon="7.4006498"><ele>2215.0</ele><time>2026-04-01T05:49:13Z</time></trkpt>
      <trkpt lat="44.104535" lon="7.3985577"><ele>2190.5</ele><time>2026-04-01T05:49:53Z</time></trkpt>
      <trkpt lat="44.1040502" lon="7.3971346"><ele>2187.5</ele><time>2026-04-01T05:50:37Z</time></trkpt>
      <trkpt lat="44.1033376" lon="7.3961255"><ele>2194.2</ele><time>2026-04-01T05:58:57Z</time></trkpt>
      <trkpt lat="44.1036282" lon="7.3959628"><ele>2206.4</ele><time>2026-04-01T05:59:44Z</time></trkpt>
      <trkpt lat="44.1033784" lon="7.3956405"><ele>2220.0</ele><time>2026-04-01T06:00:56Z</time></trkpt>
      <trkpt lat="44.103833" lon="7.3954579"><ele>2224.5</ele><time>2026-04-01T06:02:10Z</time></trkpt>
      <trkpt lat="44.103541" lon="7.3952483"><ele>2226.1</ele><time>2026-04-01T06:03:04Z</time></trkpt>
      <trkpt lat="44.1038753" lon="7.3951348"><ele>2241.3</ele><time>2026-04-01T06:03:58Z</time></trkpt>
      <trkpt lat="44.1036072" lon="7.394879"><ele>2250.3</ele><time>2026-04-01T06:04:56Z</time></trkpt>
      <trkpt lat="44.1039882" lon="7.3948335"><ele>2252.7</ele><time>2026-04-01T06:05:56Z</time></trkpt>
      <trkpt lat="44.1037144" lon="7.3946027"><ele>2256.6</ele><time>2026-04-01T06:06:54Z</time></trkpt>
      <trkpt lat="44.1039864" lon="7.3945022"><ele>2265.3</ele><time>2026-04-01T06:07:45Z</time></trkpt>
      <trkpt lat="44.1037858" lon="7.3943"><ele>2271.6</ele><time>2026-04-01T06:08:44Z</time></trkpt>
      <trkpt lat="44.1040383" lon="7.394235"><ele>2280.4</ele><time>2026-04-01T06:09:33Z</time></trkpt>
      <trkpt lat="44.1042292" lon="7.3943682"><ele>2291.6</ele><time>2026-04-01T06:10:15Z</time></trkpt>
      <trkpt lat="44.1040732" lon="7.3940817"><ele>2299.3</ele><time>2026-04-01T06:11:26Z</time></trkpt>
      <trkpt lat="44.1046713" lon="7.3944519"><ele>2318.6</ele><time>2026-04-01T06:13:36Z</time></trkpt>
      <trkpt lat="44.1051401" lon="7.3944016"><ele>2329.5</ele><time>2026-04-01T06:23:34Z</time></trkpt>
      <trkpt lat="44.1056256" lon="7.3945726"><ele>2334.9</ele><time>2026-04-01T06:25:12Z</time></trkpt>
      <trkpt lat="44.1054319" lon="7.3941571"><ele>2332.8</ele><time>2026-04-01T06:26:15Z</time></trkpt>
      <trkpt lat="44.106017" lon="7.3941662"><ele>2355.4</ele><time>2026-04-01T06:27:59Z</time></trkpt>
      <trkpt lat="44.1061314" lon="7.3935251"><ele>2368.2</ele><time>2026-04-01T06:29:38Z</time></trkpt>
      <trkpt lat="44.1063149" lon="7.3935967"><ele>2382.4</ele><time>2026-04-01T06:34:04Z</time></trkpt>
      <trkpt lat="44.1063332" lon="7.3933783"><ele>2387.7</ele><time>2026-04-01T06:35:07Z</time></trkpt>
      <trkpt lat="44.1065358" lon="7.393612"><ele>2396.5</ele><time>2026-04-01T06:37:12Z</time></trkpt>
      <trkpt lat="44.1067176" lon="7.3935704"><ele>2398.9</ele><time>2026-04-01T06:38:06Z</time></trkpt>
      <trkpt lat="44.1067056" lon="7.3932026"><ele>2406.0</ele><time>2026-04-01T06:38:48Z</time></trkpt>
      <trkpt lat="44.107087" lon="7.3934495"><ele>2411.2</ele><time>2026-04-01T06:39:57Z</time></trkpt>
      <trkpt lat="44.1074485" lon="7.3934293"><ele>2419.1</ele><time>2026-04-01T06:41:04Z</time></trkpt>
      <trkpt lat="44.107301" lon="7.3939289"><ele>2409.4</ele><time>2026-04-01T06:41:38Z</time></trkpt>
      <trkpt lat="44.10713" lon="7.3940609"><ele>2404.3</ele><time>2026-04-01T06:41:43Z</time></trkpt>
      <trkpt lat="44.1074698" lon="7.3934226"><ele>2416.1</ele><time>2026-04-01T06:43:02Z</time></trkpt>
      <trkpt lat="44.1077314" lon="7.3936786"><ele>2432.9</ele><time>2026-04-01T06:44:56Z</time></trkpt>
      <trkpt lat="44.1077444" lon="7.3934024"><ele>2433.7</ele><time>2026-04-01T06:45:43Z</time></trkpt>
      <trkpt lat="44.1081405" lon="7.3936407"><ele>2449.7</ele><time>2026-04-01T06:48:41Z</time></trkpt>
      <trkpt lat="44.1081126" lon="7.3933172"><ele>2451.7</ele><time>2026-04-01T06:49:31Z</time></trkpt>
      <trkpt lat="44.1083232" lon="7.3934615"><ele>2462.9</ele><time>2026-04-01T06:50:20Z</time></trkpt>
      <trkpt lat="44.1083818" lon="7.3932472"><ele>2465.6</ele><time>2026-04-01T06:51:01Z</time></trkpt>
      <trkpt lat="44.1084727" lon="7.3934607"><ele>2473.1</ele><time>2026-04-01T06:51:32Z</time></trkpt>
      <trkpt lat="44.1085246" lon="7.3931588"><ele>2475.4</ele><time>2026-04-01T06:52:29Z</time></trkpt>
      <trkpt lat="44.1089454" lon="7.3936146"><ele>2489.9</ele><time>2026-04-01T06:54:10Z</time></trkpt>
      <trkpt lat="44.1089314" lon="7.3932754"><ele>2488.9</ele><time>2026-04-01T06:54:55Z</time></trkpt>
      <trkpt lat="44.1091132" lon="7.3934856"><ele>2482.0</ele><time>2026-04-01T06:55:34Z</time></trkpt>
      <trkpt lat="44.1090869" lon="7.3931923"><ele>2498.8</ele><time>2026-04-01T06:56:08Z</time></trkpt>
      <trkpt lat="44.1093256" lon="7.3932785"><ele>2512.3</ele><time>2026-04-01T06:56:56Z</time></trkpt>
      <trkpt lat="44.109356" lon="7.3931451"><ele>2518.7</ele><time>2026-04-01T06:57:40Z</time></trkpt>
      <trkpt lat="44.1094981" lon="7.393298"><ele>2522.7</ele><time>2026-04-01T06:58:16Z</time></trkpt>
      <trkpt lat="44.1094923" lon="7.3930776"><ele>2528.1</ele><time>2026-04-01T06:59:01Z</time></trkpt>
      <trkpt lat="44.109745" lon="7.3934629"><ele>2533.2</ele><time>2026-04-01T07:00:08Z</time></trkpt>
      <trkpt lat="44.1097804" lon="7.3932343"><ele>2540.0</ele><time>2026-04-01T07:00:50Z</time></trkpt>
      <trkpt lat="44.1099227" lon="7.3933209"><ele>2543.0</ele><time>2026-04-01T07:01:44Z</time></trkpt>
      <trkpt lat="44.1098824" lon="7.3928512"><ele>2556.1</ele><time>2026-04-01T07:02:56Z</time></trkpt>
      <trkpt lat="44.1100586" lon="7.3929762"><ele>2557.4</ele><time>2026-04-01T07:04:06Z</time></trkpt>
      <trkpt lat="44.11018" lon="7.3925448"><ele>2566.1</ele><time>2026-04-01T07:05:35Z</time></trkpt>
      <trkpt lat="44.1103169" lon="7.3926935"><ele>2569.1</ele><time>2026-04-01T07:07:15Z</time></trkpt>
      <trkpt lat="44.1108806" lon="7.3922236"><ele>2573.6</ele><time>2026-04-01T07:08:57Z</time></trkpt>
      <trkpt lat="44.1116182" lon="7.3922492"><ele>2564.8</ele><time>2026-04-01T07:10:06Z</time></trkpt>
      <trkpt lat="44.1118633" lon="7.3923301"><ele>2564.8</ele><time>2026-04-01T07:10:24Z</time></trkpt>
      <trkpt lat="44.1119458" lon="7.3925939"><ele>2560.4</ele><time>2026-04-01T07:21:15Z</time></trkpt>
      <trkpt lat="44.113091" lon="7.3926626"><ele>2543.1</ele><time>2026-04-01T07:23:07Z</time></trkpt>
      <trkpt lat="44.1138219" lon="7.392949"><ele>2548.0</ele><time>2026-04-01T07:24:12Z</time></trkpt>
      <trkpt lat="44.1149187" lon="7.3930618"><ele>2538.7</ele><time>2026-04-01T07:26:24Z</time></trkpt>
      <trkpt lat="44.115306" lon="7.3932724"><ele>2555.2</ele><time>2026-04-01T07:27:14Z</time></trkpt>
      <trkpt lat="44.1168611" lon="7.3929111"><ele>2570.7</ele><time>2026-04-01T07:30:40Z</time></trkpt>
      <trkpt lat="44.1176717" lon="7.3922324"><ele>2588.5</ele><time>2026-04-01T07:33:08Z</time></trkpt>
      <trkpt lat="44.1182282" lon="7.3920785"><ele>2599.0</ele><time>2026-04-01T07:34:50Z</time></trkpt>
      <trkpt lat="44.1181975" lon="7.3917339"><ele>2602.5</ele><time>2026-04-01T07:35:31Z</time></trkpt>
      <trkpt lat="44.1183554" lon="7.391509"><ele>2604.4</ele><time>2026-04-01T07:36:06Z</time></trkpt>
      <trkpt lat="44.1189359" lon="7.3917201"><ele>2623.7</ele><time>2026-04-01T07:37:43Z</time></trkpt>
      <trkpt lat="44.1189658" lon="7.3909813"><ele>2638.7</ele><time>2026-04-01T07:39:04Z</time></trkpt>
      <trkpt lat="44.1194356" lon="7.3913785"><ele>2654.0</ele><time>2026-04-01T07:40:36Z</time></trkpt>
      <trkpt lat="44.1196473" lon="7.391219"><ele>2659.6</ele><time>2026-04-01T07:41:12Z</time></trkpt>
      <trkpt lat="44.1197583" lon="7.3915605"><ele>2668.4</ele><time>2026-04-01T07:41:55Z</time></trkpt>
      <trkpt lat="44.1201148" lon="7.3912872"><ele>2677.1</ele><time>2026-04-01T07:43:03Z</time></trkpt>
      <trkpt lat="44.1201385" lon="7.3915691"><ele>2686.1</ele><time>2026-04-01T07:43:43Z</time></trkpt>
      <trkpt lat="44.1205087" lon="7.3913318"><ele>2694.6</ele><time>2026-04-01T07:45:00Z</time></trkpt>
      <trkpt lat="44.1206185" lon="7.3916255"><ele>2700.7</ele><time>2026-04-01T07:45:47Z</time></trkpt>
      <trkpt lat="44.1213787" lon="7.3915246"><ele>2716.8</ele><time>2026-04-01T07:55:48Z</time></trkpt>
      <trkpt lat="44.1219675" lon="7.3916448"><ele>2737.5</ele><time>2026-04-01T07:57:52Z</time></trkpt>
      <trkpt lat="44.1219443" lon="7.3911241"><ele>2742.6</ele><time>2026-04-01T07:59:02Z</time></trkpt>
      <trkpt lat="44.1221661" lon="7.3911434"><ele>2751.8</ele><time>2026-04-01T07:59:44Z</time></trkpt>
      <trkpt lat="44.121958" lon="7.390651"><ele>2761.6</ele><time>2026-04-01T08:01:04Z</time></trkpt>
      <trkpt lat="44.1221338" lon="7.3906699"><ele>2768.2</ele><time>2026-04-01T08:01:37Z</time></trkpt>
      <trkpt lat="44.1220569" lon="7.390506"><ele>2770.8</ele><time>2026-04-01T08:02:03Z</time></trkpt>
      <trkpt lat="44.1222814" lon="7.3905307"><ele>2776.5</ele><time>2026-04-01T08:02:41Z</time></trkpt>
      <trkpt lat="44.1221067" lon="7.390341"><ele>2783.1</ele><time>2026-04-01T08:03:20Z</time></trkpt>
      <trkpt lat="44.122464" lon="7.3902745"><ele>2794.2</ele><time>2026-04-01T08:04:28Z</time></trkpt>
      <trkpt lat="44.1220674" lon="7.3900216"><ele>2807.5</ele><time>2026-04-01T08:06:06Z</time></trkpt>
      <trkpt lat="44.1222595" lon="7.3898768"><ele>2804.3</ele><time>2026-04-01T08:06:45Z</time></trkpt>
      <trkpt lat="44.1220128" lon="7.3898641"><ele>2815.7</ele><time>2026-04-01T08:07:21Z</time></trkpt>
      <trkpt lat="44.1221648" lon="7.3897212"><ele>2819.2</ele><time>2026-04-01T08:08:41Z</time></trkpt>
      <trkpt lat="44.1218746" lon="7.3896327"><ele>2832.5</ele><time>2026-04-01T08:09:58Z</time></trkpt>
      <trkpt lat="44.1203332" lon="7.3878308"><ele>2867.8</ele><time>2026-04-01T08:16:55Z</time></trkpt>
      <trkpt lat="44.1206481" lon="7.3878342"><ele>2873.6</ele><time>2026-04-01T08:18:33Z</time></trkpt>
      <trkpt lat="44.1204764" lon="7.3876649"><ele>2867.5</ele><time>2026-04-01T08:23:50Z</time></trkpt>
      <trkpt lat="44.1205977" lon="7.3876103"><ele>2877.9</ele><time>2026-04-01T08:24:47Z</time></trkpt>
      <trkpt lat="44.1200817" lon="7.3872759"><ele>2896.4</ele><time>2026-04-01T08:27:31Z</time></trkpt>
      <trkpt lat="44.1202991" lon="7.387164"><ele>2904.1</ele><time>2026-04-01T08:29:36Z</time></trkpt>
      <trkpt lat="44.1203586" lon="7.3867198"><ele>2934.2</ele><time>2026-04-01T08:43:03Z</time></trkpt>
      <trkpt lat="44.1205493" lon="7.3867427"><ele>2941.9</ele><time>2026-04-01T08:44:06Z</time></trkpt>
      <trkpt lat="44.1202962" lon="7.3866165"><ele>2945.1</ele><time>2026-04-01T08:59:03Z</time></trkpt>
      <trkpt lat="44.1223604" lon="7.3868075"><ele>2989.5</ele><time>2026-04-01T09:11:02Z</time></trkpt>
      <trkpt lat="44.1223583" lon="7.3871245"><ele>3002.4</ele><time>2026-04-01T09:12:00Z</time></trkpt>
      <trkpt lat="44.1233315" lon="7.3868022"><ele>3028.6</ele><time>2026-04-01T09:14:53Z</time></trkpt>
      <trkpt lat="44.1233128" lon="7.3872196"><ele>3037.6</ele><time>2026-04-01T09:15:48Z</time></trkpt>
      <trkpt lat="44.1236341" lon="7.3870087"><ele>3050.6</ele><time>2026-04-01T09:16:50Z</time></trkpt>
      <trkpt lat="44.1236095" lon="7.3873674"><ele>3058.4</ele><time>2026-04-01T09:17:42Z</time></trkpt>
      <trkpt lat="44.1238951" lon="7.3869729"><ele>3071.4</ele><time>2026-04-01T09:19:05Z</time></trkpt>
      <trkpt lat="44.124076" lon="7.3878352"><ele>3091.1</ele><time>2026-04-01T09:21:08Z</time></trkpt>
      <trkpt lat="44.1238357" lon="7.3874382"><ele>3074.0</ele><time>2026-04-01T09:34:00Z</time></trkpt>
      <trkpt lat="44.1237402" lon="7.3867247"><ele>3065.7</ele><time>2026-04-01T09:36:18Z</time></trkpt>
      <trkpt lat="44.1236139" lon="7.3866846"><ele>3057.9</ele><time>2026-04-01T09:36:22Z</time></trkpt>
      <trkpt lat="44.1231257" lon="7.386661"><ele>3031.4</ele><time>2026-04-01T09:36:34Z</time></trkpt>
      <trkpt lat="44.1223094" lon="7.3869319"><ele>3005.0</ele><time>2026-04-01T09:36:47Z</time></trkpt>
      <trkpt lat="44.1212846" lon="7.3866495"><ele>2966.8</ele><time>2026-04-01T09:37:06Z</time></trkpt>
      <trkpt lat="44.1210411" lon="7.3867988"><ele>2958.9</ele><time>2026-04-01T09:37:10Z</time></trkpt>
      <trkpt lat="44.1205427" lon="7.3867172"><ele>2946.8</ele><time>2026-04-01T09:37:58Z</time></trkpt>
      <trkpt lat="44.1202934" lon="7.3863755"><ele>2939.8</ele><time>2026-04-01T09:42:11Z</time></trkpt>
      <trkpt lat="44.1194678" lon="7.3860541"><ele>2922.5</ele><time>2026-04-01T09:42:35Z</time></trkpt>
      <trkpt lat="44.118985" lon="7.3849354"><ele>2898.4</ele><time>2026-04-01T09:43:03Z</time></trkpt>
      <trkpt lat="44.118369" lon="7.3847866"><ele>2865.3</ele><time>2026-04-01T09:43:30Z</time></trkpt>
      <trkpt lat="44.1175719" lon="7.3840431"><ele>2845.6</ele><time>2026-04-01T09:44:49Z</time></trkpt>
      <trkpt lat="44.1174163" lon="7.3841151"><ele>2836.3</ele><time>2026-04-01T09:45:36Z</time></trkpt>
      <trkpt lat="44.1174009" lon="7.3838146"><ele>2820.7</ele><time>2026-04-01T09:46:34Z</time></trkpt>
      <trkpt lat="44.1171151" lon="7.3835614"><ele>2801.0</ele><time>2026-04-01T09:47:56Z</time></trkpt>
      <trkpt lat="44.1173876" lon="7.3826312"><ele>2790.7</ele><time>2026-04-01T09:48:10Z</time></trkpt>
      <trkpt lat="44.117641" lon="7.3822366"><ele>2784.2</ele><time>2026-04-01T09:48:35Z</time></trkpt>
      <trkpt lat="44.1181238" lon="7.3821567"><ele>2778.5</ele><time>2026-04-01T09:48:54Z</time></trkpt>
      <trkpt lat="44.1184013" lon="7.3818923"><ele>2777.2</ele><time>2026-04-01T09:49:02Z</time></trkpt>
      <trkpt lat="44.1190064" lon="7.3805236"><ele>2766.0</ele><time>2026-04-01T09:49:35Z</time></trkpt>
      <trkpt lat="44.1191725" lon="7.3795868"><ele>2763.9</ele><time>2026-04-01T09:49:54Z</time></trkpt>
      <trkpt lat="44.1194789" lon="7.3791938"><ele>2756.7</ele><time>2026-04-01T09:51:08Z</time></trkpt>
      <trkpt lat="44.1197574" lon="7.3781932"><ele>2755.2</ele><time>2026-04-01T09:51:21Z</time></trkpt>
      <trkpt lat="44.1195144" lon="7.3773467"><ele>2742.3</ele><time>2026-04-01T09:51:35Z</time></trkpt>
      <trkpt lat="44.1187525" lon="7.3764607"><ele>2736.0</ele><time>2026-04-01T09:51:53Z</time></trkpt>
      <trkpt lat="44.1185415" lon="7.3765975"><ele>2723.7</ele><time>2026-04-01T09:52:09Z</time></trkpt>
      <trkpt lat="44.1181778" lon="7.3763737"><ele>2710.3</ele><time>2026-04-01T09:52:23Z</time></trkpt>
      <trkpt lat="44.118019" lon="7.3764653"><ele>2697.1</ele><time>2026-04-01T09:52:35Z</time></trkpt>
      <trkpt lat="44.1176567" lon="7.3757282"><ele>2680.1</ele><time>2026-04-01T09:53:00Z</time></trkpt>
      <trkpt lat="44.1165665" lon="7.37479"><ele>2664.4</ele><time>2026-04-01T09:53:25Z</time></trkpt>
      <trkpt lat="44.116249" lon="7.3741731"><ele>2660.3</ele><time>2026-04-01T09:54:13Z</time></trkpt>
      <trkpt lat="44.1160422" lon="7.3740649"><ele>2648.8</ele><time>2026-04-01T09:55:31Z</time></trkpt>
      <trkpt lat="44.1160942" lon="7.3738845"><ele>2637.7</ele><time>2026-04-01T09:55:44Z</time></trkpt>
      <trkpt lat="44.1158882" lon="7.373651"><ele>2613.6</ele><time>2026-04-01T09:56:03Z</time></trkpt>
      <trkpt lat="44.1163328" lon="7.3726023"><ele>2590.3</ele><time>2026-04-01T09:56:23Z</time></trkpt>
      <trkpt lat="44.1162915" lon="7.3721398"><ele>2589.8</ele><time>2026-04-01T09:56:28Z</time></trkpt>
      <trkpt lat="44.1159181" lon="7.3717885"><ele>2577.3</ele><time>2026-04-01T09:58:53Z</time></trkpt>
      <trkpt lat="44.115208" lon="7.3715847"><ele>2563.1</ele><time>2026-04-01T09:59:05Z</time></trkpt>
      <trkpt lat="44.1149904" lon="7.371369"><ele>2558.7</ele><time>2026-04-01T09:59:10Z</time></trkpt>
      <trkpt lat="44.115018" lon="7.3697642"><ele>2545.3</ele><time>2026-04-01T09:59:31Z</time></trkpt>
      <trkpt lat="44.1146944" lon="7.3686954"><ele>2539.2</ele><time>2026-04-01T09:59:41Z</time></trkpt>
      <trkpt lat="44.1143635" lon="7.3680636"><ele>2533.8</ele><time>2026-04-01T09:59:58Z</time></trkpt>
      <trkpt lat="44.1142456" lon="7.3682123"><ele>2518.4</ele><time>2026-04-01T10:00:44Z</time></trkpt>
      <trkpt lat="44.1140962" lon="7.367942"><ele>2512.0</ele><time>2026-04-01T10:00:49Z</time></trkpt>
      <trkpt lat="44.1138685" lon="7.3680286"><ele>2494.0</ele><time>2026-04-01T10:00:57Z</time></trkpt>
      <trkpt lat="44.113421" lon="7.3675587"><ele>2487.7</ele><time>2026-04-01T10:01:06Z</time></trkpt>
      <trkpt lat="44.1131747" lon="7.3670466"><ele>2484.9</ele><time>2026-04-01T10:01:18Z</time></trkpt>
      <trkpt lat="44.1131064" lon="7.3671217"><ele>2483.1</ele><time>2026-04-01T10:01:48Z</time></trkpt>
      <trkpt lat="44.1132276" lon="7.3674545"><ele>2476.7</ele><time>2026-04-01T10:02:21Z</time></trkpt>
      <trkpt lat="44.1131208" lon="7.3675131"><ele>2471.8</ele><time>2026-04-01T10:02:25Z</time></trkpt>
      <trkpt lat="44.1127901" lon="7.3674395"><ele>2460.5</ele><time>2026-04-01T10:02:35Z</time></trkpt>
      <trkpt lat="44.1125767" lon="7.3671755"><ele>2451.5</ele><time>2026-04-01T10:02:45Z</time></trkpt>
      <trkpt lat="44.1123953" lon="7.365862"><ele>2402.5</ele><time>2026-04-01T10:04:23Z</time></trkpt>
      <trkpt lat="44.1127228" lon="7.3656179"><ele>2387.7</ele><time>2026-04-01T10:04:33Z</time></trkpt>
      <trkpt lat="44.1124097" lon="7.3652251"><ele>2358.2</ele><time>2026-04-01T10:05:02Z</time></trkpt>
      <trkpt lat="44.1122681" lon="7.3647362"><ele>2327.9</ele><time>2026-04-01T10:05:13Z</time></trkpt>
      <trkpt lat="44.1124645" lon="7.3642765"><ele>2322.7</ele><time>2026-04-01T10:05:18Z</time></trkpt>
      <trkpt lat="44.1123987" lon="7.3637244"><ele>2323.3</ele><time>2026-04-01T10:05:25Z</time></trkpt>
      <trkpt lat="44.1123544" lon="7.3638413"><ele>2314.3</ele><time>2026-04-01T10:06:45Z</time></trkpt>
      <trkpt lat="44.1121547" lon="7.3636744"><ele>2306.3</ele><time>2026-04-01T10:06:52Z</time></trkpt>
      <trkpt lat="44.1118989" lon="7.362749"><ele>2294.1</ele><time>2026-04-01T10:07:03Z</time></trkpt>
      <trkpt lat="44.1116603" lon="7.3624223"><ele>2291.2</ele><time>2026-04-01T10:07:07Z</time></trkpt>
      <trkpt lat="44.1107464" lon="7.3618489"><ele>2280.6</ele><time>2026-04-01T10:07:19Z</time></trkpt>
      <trkpt lat="44.1103602" lon="7.3588546"><ele>2257.8</ele><time>2026-04-01T10:09:36Z</time></trkpt>
      <trkpt lat="44.1096117" lon="7.3575974"><ele>2246.6</ele><time>2026-04-01T10:09:55Z</time></trkpt>
      <trkpt lat="44.1089116" lon="7.3569927"><ele>2237.0</ele><time>2026-04-01T10:10:11Z</time></trkpt>
      <trkpt lat="44.1081362" lon="7.3560508"><ele>2223.0</ele><time>2026-04-01T10:10:28Z</time></trkpt>
      <trkpt lat="44.1079225" lon="7.3559016"><ele>2221.3</ele><time>2026-04-01T10:10:32Z</time></trkpt>
      <trkpt lat="44.1074677" lon="7.3559326"><ele>2218.9</ele><time>2026-04-01T10:11:09Z</time></trkpt>
      <trkpt lat="44.1076439" lon="7.3557218"><ele>2217.7</ele><time>2026-04-01T10:23:08Z</time></trkpt>
      <trkpt lat="44.1073174" lon="7.3554936"><ele>2225.9</ele><time>2026-04-01T10:24:07Z</time></trkpt>
      <trkpt lat="44.1076829" lon="7.3553009"><ele>2241.7</ele><time>2026-04-01T10:25:18Z</time></trkpt>
      <trkpt lat="44.1075463" lon="7.3551097"><ele>2247.0</ele><time>2026-04-01T10:26:12Z</time></trkpt>
      <trkpt lat="44.1078734" lon="7.3552036"><ele>2257.2</ele><time>2026-04-01T10:27:13Z</time></trkpt>
      <trkpt lat="44.1076497" lon="7.3548227"><ele>2264.7</ele><time>2026-04-01T10:28:22Z</time></trkpt>
      <trkpt lat="44.1077589" lon="7.3547531"><ele>2270.5</ele><time>2026-04-01T10:28:44Z</time></trkpt>
      <trkpt lat="44.1081722" lon="7.3548858"><ele>2278.6</ele><time>2026-04-01T10:29:57Z</time></trkpt>
      <trkpt lat="44.1084032" lon="7.355327"><ele>2290.2</ele><time>2026-04-01T10:31:12Z</time></trkpt>
      <trkpt lat="44.1085395" lon="7.35468"><ele>2298.3</ele><time>2026-04-01T10:32:46Z</time></trkpt>
      <trkpt lat="44.1087381" lon="7.3547878"><ele>2306.6</ele><time>2026-04-01T10:33:24Z</time></trkpt>
      <trkpt lat="44.1087486" lon="7.3545397"><ele>2307.5</ele><time>2026-04-01T10:34:08Z</time></trkpt>
      <trkpt lat="44.1091262" lon="7.3546838"><ele>2322.4</ele><time>2026-04-01T10:35:19Z</time></trkpt>
      <trkpt lat="44.1091179" lon="7.3543076"><ele>2326.5</ele><time>2026-04-01T10:36:09Z</time></trkpt>
      <trkpt lat="44.1093426" lon="7.3543282"><ele>2335.1</ele><time>2026-04-01T10:36:46Z</time></trkpt>
      <trkpt lat="44.1093243" lon="7.3540605"><ele>2337.7</ele><time>2026-04-01T10:37:16Z</time></trkpt>
      <trkpt lat="44.1096412" lon="7.3540082"><ele>2346.8</ele><time>2026-04-01T10:38:05Z</time></trkpt>
      <trkpt lat="44.1104518" lon="7.3534181"><ele>2366.3</ele><time>2026-04-01T10:40:00Z</time></trkpt>
      <trkpt lat="44.1111143" lon="7.3536564"><ele>2374.3</ele><time>2026-04-01T10:46:21Z</time></trkpt>
      <trkpt lat="44.1114032" lon="7.3534556"><ele>2390.1</ele><time>2026-04-01T10:47:30Z</time></trkpt>
      <trkpt lat="44.1119442" lon="7.3539564"><ele>2403.0</ele><time>2026-04-01T10:49:07Z</time></trkpt>
      <trkpt lat="44.1120523" lon="7.3536002"><ele>2412.6</ele><time>2026-04-01T10:50:06Z</time></trkpt>
      <trkpt lat="44.1121794" lon="7.353945"><ele>2418.6</ele><time>2026-04-01T10:50:50Z</time></trkpt>
      <trkpt lat="44.1122517" lon="7.3531515"><ele>2433.8</ele><time>2026-04-01T10:52:56Z</time></trkpt>
      <trkpt lat="44.1125457" lon="7.3535532"><ele>2441.2</ele><time>2026-04-01T10:54:11Z</time></trkpt>
      <trkpt lat="44.1126329" lon="7.3534486"><ele>2445.5</ele><time>2026-04-01T10:54:45Z</time></trkpt>
      <trkpt lat="44.1128626" lon="7.3536278"><ele>2454.3</ele><time>2026-04-01T10:55:35Z</time></trkpt>
      <trkpt lat="44.1130292" lon="7.3540022"><ele>2459.7</ele><time>2026-04-01T10:56:29Z</time></trkpt>
      <trkpt lat="44.112554" lon="7.3530879"><ele>2448.5</ele><time>2026-04-01T11:07:50Z</time></trkpt>
      <trkpt lat="44.1129287" lon="7.3527993"><ele>2434.3</ele><time>2026-04-01T11:08:08Z</time></trkpt>
      <trkpt lat="44.1128664" lon="7.3525612"><ele>2423.6</ele><time>2026-04-01T11:08:19Z</time></trkpt>
      <trkpt lat="44.1130309" lon="7.3524739"><ele>2417.1</ele><time>2026-04-01T11:08:24Z</time></trkpt>
      <trkpt lat="44.1132144" lon="7.3517272"><ele>2378.3</ele><time>2026-04-01T11:09:47Z</time></trkpt>
      <trkpt lat="44.1143052" lon="7.3517417"><ele>2353.5</ele><time>2026-04-01T11:10:02Z</time></trkpt>
      <trkpt lat="44.1156388" lon="7.3491769"><ele>2299.1</ele><time>2026-04-01T11:11:43Z</time></trkpt>
      <trkpt lat="44.1154526" lon="7.3483721"><ele>2290.6</ele><time>2026-04-01T11:11:51Z</time></trkpt>
      <trkpt lat="44.1147664" lon="7.347175"><ele>2276.5</ele><time>2026-04-01T11:12:27Z</time></trkpt>
      <trkpt lat="44.114687" lon="7.3463445"><ele>2264.5</ele><time>2026-04-01T11:12:40Z</time></trkpt>
      <trkpt lat="44.1154074" lon="7.3445741"><ele>2234.5</ele><time>2026-04-01T11:14:51Z</time></trkpt>
      <trkpt lat="44.1162967" lon="7.3429929"><ele>2196.4</ele><time>2026-04-01T11:15:10Z</time></trkpt>
      <trkpt lat="44.1167316" lon="7.3415762"><ele>2178.3</ele><time>2026-04-01T11:15:26Z</time></trkpt>
      <trkpt lat="44.1169854" lon="7.3394311"><ele>2159.8</ele><time>2026-04-01T11:15:57Z</time></trkpt>
      <trkpt lat="44.1171407" lon="7.3389006"><ele>2151.7</ele><time>2026-04-01T11:18:48Z</time></trkpt>
      <trkpt lat="44.1173708" lon="7.3383608"><ele>2139.9</ele><time>2026-04-01T11:18:59Z</time></trkpt>
      <trkpt lat="44.1176909" lon="7.3383033"><ele>2135.0</ele><time>2026-04-01T11:19:05Z</time></trkpt>
      <trkpt lat="44.1177411" lon="7.3381316"><ele>2128.2</ele><time>2026-04-01T11:19:09Z</time></trkpt>
      <trkpt lat="44.1180609" lon="7.3379682"><ele>2122.6</ele><time>2026-04-01T11:19:15Z</time></trkpt>
      <trkpt lat="44.1187687" lon="7.3366709"><ele>2115.6</ele><time>2026-04-01T11:19:38Z</time></trkpt>
      <trkpt lat="44.1190785" lon="7.3351924"><ele>2081.0</ele><time>2026-04-01T11:20:48Z</time></trkpt>
      <trkpt lat="44.1189835" lon="7.335021"><ele>2068.2</ele><time>2026-04-01T11:20:52Z</time></trkpt>
      <trkpt lat="44.119051" lon="7.3347142"><ele>2058.5</ele><time>2026-04-01T11:20:56Z</time></trkpt>
      <trkpt lat="44.1195976" lon="7.3340689"><ele>2051.0</ele><time>2026-04-01T11:21:55Z</time></trkpt>
      <trkpt lat="44.1201041" lon="7.3340527"><ele>2043.6</ele><time>2026-04-01T11:22:23Z</time></trkpt>
      <trkpt lat="44.1207154" lon="7.333789"><ele>2035.1</ele><time>2026-04-01T11:22:43Z</time></trkpt>
      <trkpt lat="44.1208081" lon="7.3335683"><ele>2028.2</ele><time>2026-04-01T11:22:48Z</time></trkpt>
      <trkpt lat="44.1213582" lon="7.3336189"><ele>2017.9</ele><time>2026-04-01T11:22:59Z</time></trkpt>
      <trkpt lat="44.1212706" lon="7.3334492"><ele>2013.8</ele><time>2026-04-01T11:23:32Z</time></trkpt>
      <trkpt lat="44.1213294" lon="7.3326657"><ele>1983.5</ele><time>2026-04-01T11:23:44Z</time></trkpt>
      <trkpt lat="44.1215384" lon="7.3321441"><ele>1976.9</ele><time>2026-04-01T11:24:06Z</time></trkpt>
      <trkpt lat="44.1212409" lon="7.3314596"><ele>1964.8</ele><time>2026-04-01T11:24:35Z</time></trkpt>
      <trkpt lat="44.1213894" lon="7.3312319"><ele>1961.1</ele><time>2026-04-01T11:26:20Z</time></trkpt>
      <trkpt lat="44.1224578" lon="7.330824"><ele>1976.4</ele><time>2026-04-01T11:46:33Z</time></trkpt>
      <trkpt lat="44.1225282" lon="7.3306609"><ele>1981.1</ele><time>2026-04-01T11:46:53Z</time></trkpt>
      <trkpt lat="44.1224508" lon="7.3303375"><ele>1987.1</ele><time>2026-04-01T11:47:30Z</time></trkpt>
      <trkpt lat="44.1226635" lon="7.3303195"><ele>1994.2</ele><time>2026-04-01T11:47:56Z</time></trkpt>
      <trkpt lat="44.1226768" lon="7.3300356"><ele>2001.5</ele><time>2026-04-01T11:48:34Z</time></trkpt>
      <trkpt lat="44.1233612" lon="7.3300828"><ele>2007.3</ele><time>2026-04-01T11:49:50Z</time></trkpt>
      <trkpt lat="44.1238479" lon="7.3297377"><ele>2018.5</ele><time>2026-04-01T11:51:01Z</time></trkpt>
      <trkpt lat="44.1240928" lon="7.3298474"><ele>2027.1</ele><time>2026-04-01T11:51:40Z</time></trkpt>
      <trkpt lat="44.1242319" lon="7.3301149"><ele>2026.7</ele><time>2026-04-01T11:52:11Z</time></trkpt>
      <trkpt lat="44.1242506" lon="7.3297814"><ele>2035.7</ele><time>2026-04-01T11:52:53Z</time></trkpt>
      <trkpt lat="44.1245428" lon="7.3295836"><ele>2044.5</ele><time>2026-04-01T11:54:03Z</time></trkpt>
      <trkpt lat="44.124538" lon="7.3294563"><ele>2048.1</ele><time>2026-04-01T11:54:19Z</time></trkpt>
      <trkpt lat="44.1248348" lon="7.3296881"><ele>2059.7</ele><time>2026-04-01T11:55:13Z</time></trkpt>
      <trkpt lat="44.124907" lon="7.3294634"><ele>2067.7</ele><time>2026-04-01T11:56:03Z</time></trkpt>
      <trkpt lat="44.1251543" lon="7.3294614"><ele>2075.3</ele><time>2026-04-01T11:57:17Z</time></trkpt>
      <trkpt lat="44.1256905" lon="7.3299349"><ele>2085.0</ele><time>2026-04-01T11:59:14Z</time></trkpt>
      <trkpt lat="44.1261421" lon="7.3300655"><ele>2106.3</ele><time>2026-04-01T12:01:15Z</time></trkpt>
      <trkpt lat="44.1262359" lon="7.3303248"><ele>2119.0</ele><time>2026-04-01T12:02:11Z</time></trkpt>
      <trkpt lat="44.1261811" lon="7.3307377"><ele>2110.9</ele><time>2026-04-01T12:05:19Z</time></trkpt>
      <trkpt lat="44.126299" lon="7.3308398"><ele>2113.6</ele><time>2026-04-01T12:05:35Z</time></trkpt>
      <trkpt lat="44.126175" lon="7.3307919"><ele>2116.4</ele><time>2026-04-01T12:05:54Z</time></trkpt>
      <trkpt lat="44.1262346" lon="7.3313763"><ele>2118.4</ele><time>2026-04-01T13:15:35Z</time></trkpt>
      <trkpt lat="44.1260065" lon="7.3317295"><ele>2115.2</ele><time>2026-04-01T13:15:47Z</time></trkpt>
      <trkpt lat="44.1260364" lon="7.3319329"><ele>2114.6</ele><time>2026-04-01T13:16:00Z</time></trkpt>
      <trkpt lat="44.1263237" lon="7.3320219"><ele>2110.6</ele><time>2026-04-01T13:16:25Z</time></trkpt>
      <trkpt lat="44.1264234" lon="7.3324087"><ele>2114.7</ele><time>2026-04-01T13:16:50Z</time></trkpt>
      <trkpt lat="44.1267652" lon="7.3324613"><ele>2113.4</ele><time>2026-04-01T13:17:29Z</time></trkpt>
      <trkpt lat="44.1261684" lon="7.3327624"><ele>2116.4</ele><time>2026-04-01T13:22:52Z</time></trkpt>
      <trkpt lat="44.1260024" lon="7.3345176"><ele>2126.8</ele><time>2026-04-01T13:24:56Z</time></trkpt>
      <trkpt lat="44.1257195" lon="7.3348011"><ele>2140.7</ele><time>2026-04-01T13:25:41Z</time></trkpt>
      <trkpt lat="44.1251088" lon="7.3362297"><ele>2170.2</ele><time>2026-04-01T13:28:39Z</time></trkpt>
      <trkpt lat="44.1254877" lon="7.3361325"><ele>2175.1</ele><time>2026-04-01T13:29:31Z</time></trkpt>
      <trkpt lat="44.1252267" lon="7.3366888"><ele>2188.8</ele><time>2026-04-01T13:30:30Z</time></trkpt>
      <trkpt lat="44.1255443" lon="7.336633"><ele>2197.3</ele><time>2026-04-01T13:31:13Z</time></trkpt>
      <trkpt lat="44.125353" lon="7.3370074"><ele>2208.4</ele><time>2026-04-01T13:31:53Z</time></trkpt>
      <trkpt lat="44.1255895" lon="7.3369975"><ele>2216.0</ele><time>2026-04-01T13:32:42Z</time></trkpt>
      <trkpt lat="44.1252442" lon="7.3376431"><ele>2235.4</ele><time>2026-04-01T13:34:02Z</time></trkpt>
      <trkpt lat="44.1254846" lon="7.3375981"><ele>2234.9</ele><time>2026-04-01T13:34:34Z</time></trkpt>
      <trkpt lat="44.1251563" lon="7.3378872"><ele>2250.6</ele><time>2026-04-01T13:35:32Z</time></trkpt>
      <trkpt lat="44.1255697" lon="7.3379587"><ele>2257.7</ele><time>2026-04-01T13:36:30Z</time></trkpt>
      <trkpt lat="44.1250631" lon="7.338396"><ele>2272.6</ele><time>2026-04-01T13:37:58Z</time></trkpt>
      <trkpt lat="44.1252425" lon="7.3384228"><ele>2275.1</ele><time>2026-04-01T13:38:24Z</time></trkpt>
      <trkpt lat="44.1250223" lon="7.3387194"><ele>2287.2</ele><time>2026-04-01T13:39:18Z</time></trkpt>
      <trkpt lat="44.1252089" lon="7.3386959"><ele>2292.9</ele><time>2026-04-01T13:39:52Z</time></trkpt>
      <trkpt lat="44.1250285" lon="7.3390539"><ele>2304.1</ele><time>2026-04-01T13:40:44Z</time></trkpt>
      <trkpt lat="44.125204" lon="7.339085"><ele>2308.5</ele><time>2026-04-01T13:41:27Z</time></trkpt>
      <trkpt lat="44.1245589" lon="7.3397546"><ele>2324.5</ele><time>2026-04-01T13:43:01Z</time></trkpt>
      <trkpt lat="44.1244358" lon="7.3404427"><ele>2323.7</ele><time>2026-04-01T13:43:55Z</time></trkpt>
      <trkpt lat="44.1244823" lon="7.340907"><ele>2333.7</ele><time>2026-04-01T13:45:10Z</time></trkpt>
      <trkpt lat="44.1247214" lon="7.3410474"><ele>2338.6</ele><time>2026-04-01T13:45:45Z</time></trkpt>
      <trkpt lat="44.1250663" lon="7.3418324"><ele>2332.5</ele><time>2026-04-01T13:46:35Z</time></trkpt>
      <trkpt lat="44.1252805" lon="7.3428195"><ele>2348.3</ele><time>2026-04-01T13:47:46Z</time></trkpt>
      <trkpt lat="44.1257718" lon="7.342259"><ele>2367.1</ele><time>2026-04-01T13:49:04Z</time></trkpt>
      <trkpt lat="44.1257186" lon="7.3428939"><ele>2376.9</ele><time>2026-04-01T13:50:02Z</time></trkpt>
      <trkpt lat="44.1259924" lon="7.3425205"><ele>2385.3</ele><time>2026-04-01T13:50:52Z</time></trkpt>
      <trkpt lat="44.1262727" lon="7.3424192"><ele>2392.9</ele><time>2026-04-01T13:51:37Z</time></trkpt>
      <trkpt lat="44.1260904" lon="7.3428591"><ele>2413.3</ele><time>2026-04-01T13:52:29Z</time></trkpt>
      <trkpt lat="44.1262922" lon="7.3428398"><ele>2417.1</ele><time>2026-04-01T13:53:37Z</time></trkpt>
      <trkpt lat="44.1260785" lon="7.3435186"><ele>2432.3</ele><time>2026-04-01T13:54:58Z</time></trkpt>
      <trkpt lat="44.1264314" lon="7.3433024"><ele>2439.0</ele><time>2026-04-01T13:56:07Z</time></trkpt>
      <trkpt lat="44.1263721" lon="7.3436131"><ele>2445.9</ele><time>2026-04-01T13:56:52Z</time></trkpt>
      <trkpt lat="44.126695" lon="7.3433292"><ele>2458.8</ele><time>2026-04-01T13:57:50Z</time></trkpt>
      <trkpt lat="44.1265022" lon="7.3440677"><ele>2475.2</ele><time>2026-04-01T13:59:01Z</time></trkpt>
      <trkpt lat="44.1267204" lon="7.3440489"><ele>2484.4</ele><time>2026-04-01T13:59:44Z</time></trkpt>
      <trkpt lat="44.1265323" lon="7.3444176"><ele>2491.9</ele><time>2026-04-01T14:00:30Z</time></trkpt>
      <trkpt lat="44.1269686" lon="7.3442455"><ele>2504.1</ele><time>2026-04-01T14:01:26Z</time></trkpt>
      <trkpt lat="44.126814" lon="7.3447163"><ele>2511.5</ele><time>2026-04-01T14:02:17Z</time></trkpt>
      <trkpt lat="44.1271494" lon="7.3446629"><ele>2518.1</ele><time>2026-04-01T14:02:58Z</time></trkpt>
      <trkpt lat="44.1271611" lon="7.3451791"><ele>2528.5</ele><time>2026-04-01T14:03:48Z</time></trkpt>
      <trkpt lat="44.1277437" lon="7.3463088"><ele>2558.2</ele><time>2026-04-01T14:05:55Z</time></trkpt>
      <trkpt lat="44.12803" lon="7.3449371"><ele>2580.9</ele><time>2026-04-01T14:07:55Z</time></trkpt>
      <trkpt lat="44.1282128" lon="7.3453545"><ele>2591.0</ele><time>2026-04-01T14:08:56Z</time></trkpt>
      <trkpt lat="44.1282568" lon="7.3449477"><ele>2594.2</ele><time>2026-04-01T14:09:43Z</time></trkpt>
      <trkpt lat="44.1281205" lon="7.3440726"><ele>2604.2</ele><time>2026-04-01T14:11:29Z</time></trkpt>
      <trkpt lat="44.128041" lon="7.3440902"><ele>2588.7</ele><time>2026-04-01T14:11:41Z</time></trkpt>
      <trkpt lat="44.1282157" lon="7.3445782"><ele>2586.8</ele><time>2026-04-01T14:12:27Z</time></trkpt>
      <trkpt lat="44.1282742" lon="7.3453063"><ele>2598.3</ele><time>2026-04-01T14:13:02Z</time></trkpt>
      <trkpt lat="44.1287599" lon="7.346907"><ele>2618.0</ele><time>2026-04-01T14:16:16Z</time></trkpt>
      <trkpt lat="44.129085" lon="7.3471676"><ele>2632.7</ele><time>2026-04-01T14:21:28Z</time></trkpt>
      <trkpt lat="44.1292551" lon="7.3472531"><ele>2636.5</ele><time>2026-04-01T14:21:58Z</time></trkpt>
      <trkpt lat="44.1292496" lon="7.346966"><ele>2638.4</ele><time>2026-04-01T14:22:39Z</time></trkpt>
      <trkpt lat="44.1295605" lon="7.3470252"><ele>2642.3</ele><time>2026-04-01T14:23:26Z</time></trkpt>
      <trkpt lat="44.1294799" lon="7.3467944"><ele>2644.0</ele><time>2026-04-01T14:23:53Z</time></trkpt>
      <trkpt lat="44.1296729" lon="7.3468176"><ele>2653.7</ele><time>2026-04-01T14:24:27Z</time></trkpt>
      <trkpt lat="44.129491" lon="7.3465267"><ele>2657.5</ele><time>2026-04-01T14:25:14Z</time></trkpt>
      <trkpt lat="44.129665" lon="7.3465173"><ele>2659.3</ele><time>2026-04-01T14:25:48Z</time></trkpt>
      <trkpt lat="44.1295327" lon="7.346391"><ele>2674.4</ele><time>2026-04-01T14:27:04Z</time></trkpt>
      <trkpt lat="44.1298781" lon="7.3459409"><ele>2704.4</ele><time>2026-04-01T14:36:26Z</time></trkpt>
      <trkpt lat="44.1300475" lon="7.3460149"><ele>2740.1</ele><time>2026-04-01T14:38:48Z</time></trkpt>
      <trkpt lat="44.1300903" lon="7.3458096"><ele>2734.8</ele><time>2026-04-01T14:39:36Z</time></trkpt>
      <trkpt lat="44.130465" lon="7.3460364"><ele>2754.2</ele><time>2026-04-01T14:51:12Z</time></trkpt>
      <trkpt lat="44.1308023" lon="7.345966"><ele>2762.3</ele><time>2026-04-01T14:52:30Z</time></trkpt>
      <trkpt lat="44.1306098" lon="7.3462404"><ele>2769.9</ele><time>2026-04-01T14:53:29Z</time></trkpt>
      <trkpt lat="44.1309253" lon="7.3462484"><ele>2776.8</ele><time>2026-04-01T14:54:49Z</time></trkpt>
      <trkpt lat="44.1307163" lon="7.3466423"><ele>2788.4</ele><time>2026-04-01T14:56:04Z</time></trkpt>
      <trkpt lat="44.1311731" lon="7.3466443"><ele>2798.2</ele><time>2026-04-01T14:57:24Z</time></trkpt>
      <trkpt lat="44.1311005" lon="7.3469269"><ele>2804.4</ele><time>2026-04-01T14:58:14Z</time></trkpt>
      <trkpt lat="44.1314741" lon="7.3472798"><ele>2816.3</ele><time>2026-04-01T14:59:33Z</time></trkpt>
      <trkpt lat="44.1319351" lon="7.34726"><ele>2828.7</ele><time>2026-04-01T15:01:12Z</time></trkpt>
      <trkpt lat="44.1316195" lon="7.3479702"><ele>2840.9</ele><time>2026-04-01T15:03:59Z</time></trkpt>
      <trkpt lat="44.1319819" lon="7.3479428"><ele>2849.0</ele><time>2026-04-01T15:05:21Z</time></trkpt>
      <trkpt lat="44.1320762" lon="7.348292"><ele>2854.2</ele><time>2026-04-01T15:06:05Z</time></trkpt>
      <trkpt lat="44.1323028" lon="7.3481563"><ele>2861.9</ele><time>2026-04-01T15:06:59Z</time></trkpt>
      <trkpt lat="44.1322592" lon="7.3490202"><ele>2876.4</ele><time>2026-04-01T15:08:48Z</time></trkpt>
      <trkpt lat="44.1327982" lon="7.3486088"><ele>2895.5</ele><time>2026-04-01T15:12:21Z</time></trkpt>
      <trkpt lat="44.1326091" lon="7.3487095"><ele>2895.1</ele><time>2026-04-01T15:19:17Z</time></trkpt>
      <trkpt lat="44.1326684" lon="7.3482714"><ele>2876.1</ele><time>2026-04-01T15:19:33Z</time></trkpt>
      <trkpt lat="44.1330394" lon="7.3481368"><ele>2851.6</ele><time>2026-04-01T15:21:18Z</time></trkpt>
      <trkpt lat="44.13295" lon="7.3474428"><ele>2820.2</ele><time>2026-04-01T15:21:43Z</time></trkpt>
      <trkpt lat="44.1326313" lon="7.3470646"><ele>2807.7</ele><time>2026-04-01T15:23:39Z</time></trkpt>
      <trkpt lat="44.1325059" lon="7.3465192"><ele>2782.2</ele><time>2026-04-01T15:24:20Z</time></trkpt>
      <trkpt lat="44.13259" lon="7.3463603"><ele>2771.3</ele><time>2026-04-01T15:24:55Z</time></trkpt>
      <trkpt lat="44.1326665" lon="7.3464553"><ele>2772.4</ele><time>2026-04-01T15:25:06Z</time></trkpt>
      <trkpt lat="44.1326068" lon="7.3470111"><ele>2800.6</ele><time>2026-04-01T15:32:07Z</time></trkpt>
      <trkpt lat="44.1329805" lon="7.3474501"><ele>2809.7</ele><time>2026-04-01T15:34:28Z</time></trkpt>
      <trkpt lat="44.1330593" lon="7.3477688"><ele>2816.7</ele><time>2026-04-01T15:35:41Z</time></trkpt>
      <trkpt lat="44.1326936" lon="7.347708"><ele>2834.0</ele><time>2026-04-01T15:40:36Z</time></trkpt>
      <trkpt lat="44.1328355" lon="7.3479015"><ele>2841.4</ele><time>2026-04-01T15:41:51Z</time></trkpt>
      <trkpt lat="44.1323031" lon="7.3478555"><ele>2854.8</ele><time>2026-04-01T15:44:12Z</time></trkpt>
      <trkpt lat="44.1322756" lon="7.3490523"><ele>2882.9</ele><time>2026-04-01T15:47:46Z</time></trkpt>
      <trkpt lat="44.1324822" lon="7.3487765"><ele>2885.6</ele><time>2026-04-01T15:48:30Z</time></trkpt>
      <trkpt lat="44.1325198" lon="7.3488784"><ele>2888.1</ele><time>2026-04-01T15:48:48Z</time></trkpt>
      <trkpt lat="44.132829" lon="7.3486139"><ele>2896.7</ele><time>2026-04-01T15:50:21Z</time></trkpt>
      <trkpt lat="44.1329798" lon="7.3486679"><ele>2879.7</ele><time>2026-04-01T16:00:22Z</time></trkpt>
      <trkpt lat="44.1329241" lon="7.3484996"><ele>2868.7</ele><time>2026-04-01T16:02:37Z</time></trkpt>
      <trkpt lat="44.1330596" lon="7.348405"><ele>2856.6</ele><time>2026-04-01T16:05:17Z</time></trkpt>
      <trkpt lat="44.1332294" lon="7.3474043"><ele>2796.5</ele><time>2026-04-01T16:08:26Z</time></trkpt>
      <trkpt lat="44.1335358" lon="7.3464909"><ele>2771.6</ele><time>2026-04-01T16:10:49Z</time></trkpt>
      <trkpt lat="44.1335842" lon="7.3468251"><ele>2744.9</ele><time>2026-04-01T16:10:53Z</time></trkpt>
      <trkpt lat="44.133402" lon="7.3463056"><ele>2702.5</ele><time>2026-04-01T16:11:15Z</time></trkpt>
      <trkpt lat="44.1335811" lon="7.3463364"><ele>2696.4</ele><time>2026-04-01T16:11:21Z</time></trkpt>
      <trkpt lat="44.1335121" lon="7.3460355"><ele>2685.9</ele><time>2026-04-01T16:13:09Z</time></trkpt>
      <trkpt lat="44.1333276" lon="7.3458417"><ele>2682.2</ele><time>2026-04-01T16:13:14Z</time></trkpt>
      <trkpt lat="44.1332217" lon="7.345385"><ele>2670.1</ele><time>2026-04-01T16:13:22Z</time></trkpt>
      <trkpt lat="44.1327424" lon="7.344798"><ele>2644.6</ele><time>2026-04-01T16:13:47Z</time></trkpt>
      <trkpt lat="44.131988" lon="7.3441815"><ele>2615.4</ele><time>2026-04-01T16:14:02Z</time></trkpt>
      <trkpt lat="44.1318696" lon="7.3438807"><ele>2607.5</ele><time>2026-04-01T16:14:06Z</time></trkpt>
      <trkpt lat="44.1315766" lon="7.3438098"><ele>2600.6</ele><time>2026-04-01T16:14:10Z</time></trkpt>
      <trkpt lat="44.1314778" lon="7.3432305"><ele>2583.3</ele><time>2026-04-01T16:14:18Z</time></trkpt>
      <trkpt lat="44.1313366" lon="7.3431237"><ele>2576.5</ele><time>2026-04-01T16:14:23Z</time></trkpt>
      <trkpt lat="44.1314235" lon="7.3430144"><ele>2570.4</ele><time>2026-04-01T16:15:55Z</time></trkpt>
      <trkpt lat="44.1313027" lon="7.3425394"><ele>2547.4</ele><time>2026-04-01T16:16:03Z</time></trkpt>
      <trkpt lat="44.1313428" lon="7.3414448"><ele>2489.9</ele><time>2026-04-01T16:16:23Z</time></trkpt>
      <trkpt lat="44.1311831" lon="7.3407622"><ele>2465.6</ele><time>2026-04-01T16:16:33Z</time></trkpt>
      <trkpt lat="44.1312891" lon="7.340572"><ele>2454.8</ele><time>2026-04-01T16:16:38Z</time></trkpt>
      <trkpt lat="44.1308348" lon="7.340323"><ele>2431.8</ele><time>2026-04-01T16:17:20Z</time></trkpt>
      <trkpt lat="44.1311781" lon="7.3391983"><ele>2367.5</ele><time>2026-04-01T16:17:49Z</time></trkpt>
      <trkpt lat="44.1310645" lon="7.3390011"><ele>2354.2</ele><time>2026-04-01T16:17:57Z</time></trkpt>
      <trkpt lat="44.131116" lon="7.3386576"><ele>2338.4</ele><time>2026-04-01T16:18:11Z</time></trkpt>
      <trkpt lat="44.1312755" lon="7.3385125"><ele>2333.6</ele><time>2026-04-01T16:18:18Z</time></trkpt>
      <trkpt lat="44.1310431" lon="7.3380628"><ele>2311.5</ele><time>2026-04-01T16:18:36Z</time></trkpt>
      <trkpt lat="44.1312769" lon="7.3367322"><ele>2269.4</ele><time>2026-04-01T16:20:02Z</time></trkpt>
      <trkpt lat="44.1290323" lon="7.3349392"><ele>2221.4</ele><time>2026-04-01T16:20:52Z</time></trkpt>
      <trkpt lat="44.1292654" lon="7.3345105"><ele>2207.3</ele><time>2026-04-01T16:21:09Z</time></trkpt>
      <trkpt lat="44.1291575" lon="7.3338662"><ele>2193.1</ele><time>2026-04-01T16:21:26Z</time></trkpt>
      <trkpt lat="44.1294972" lon="7.3332958"><ele>2182.8</ele><time>2026-04-01T16:21:37Z</time></trkpt>
      <trkpt lat="44.1296989" lon="7.3324696"><ele>2171.4</ele><time>2026-04-01T16:22:14Z</time></trkpt>
      <trkpt lat="44.1296447" lon="7.3316906"><ele>2165.9</ele><time>2026-04-01T16:22:22Z</time></trkpt>
      <trkpt lat="44.1294112" lon="7.3313084"><ele>2163.1</ele><time>2026-04-01T16:22:33Z</time></trkpt>
      <trkpt lat="44.1288323" lon="7.3312458"><ele>2149.8</ele><time>2026-04-01T16:22:46Z</time></trkpt>
      <trkpt lat="44.1284398" lon="7.3310076"><ele>2143.9</ele><time>2026-04-01T16:22:53Z</time></trkpt>
      <trkpt lat="44.1270108" lon="7.331027"><ele>2125.8</ele><time>2026-04-01T16:23:22Z</time></trkpt>
      <trkpt lat="44.1263089" lon="7.3308645"><ele>2120.3</ele><time>2026-04-01T16:23:54Z</time></trkpt>
      <trkpt lat="44.1262492" lon="7.330992"><ele>2138.1</ele><time>2026-04-02T06:03:44Z</time></trkpt>
      <trkpt lat="44.1265348" lon="7.3309342"><ele>2127.6</ele><time>2026-04-02T06:05:34Z</time></trkpt>
      <trkpt lat="44.1272612" lon="7.3313128"><ele>2121.3</ele><time>2026-04-02T06:06:51Z</time></trkpt>
      <trkpt lat="44.128051" lon="7.331228"><ele>2119.2</ele><time>2026-04-02T06:08:05Z</time></trkpt>
      <trkpt lat="44.1291885" lon="7.3320232"><ele>2134.5</ele><time>2026-04-02T06:10:21Z</time></trkpt>
      <trkpt lat="44.1291613" lon="7.3322539"><ele>2140.6</ele><time>2026-04-02T06:10:53Z</time></trkpt>
      <trkpt lat="44.1294737" lon="7.3321815"><ele>2147.0</ele><time>2026-04-02T06:11:49Z</time></trkpt>
      <trkpt lat="44.129295" lon="7.332605"><ele>2159.3</ele><time>2026-04-02T06:12:42Z</time></trkpt>
      <trkpt lat="44.1289433" lon="7.3328491"><ele>2175.1</ele><time>2026-04-02T06:13:47Z</time></trkpt>
      <trkpt lat="44.129199" lon="7.3331919"><ele>2179.2</ele><time>2026-04-02T06:15:48Z</time></trkpt>
      <trkpt lat="44.1290552" lon="7.3336741"><ele>2190.8</ele><time>2026-04-02T06:17:17Z</time></trkpt>
      <trkpt lat="44.1291509" lon="7.3337626"><ele>2193.8</ele><time>2026-04-02T06:17:37Z</time></trkpt>
      <trkpt lat="44.1291592" lon="7.3341913"><ele>2203.5</ele><time>2026-04-02T06:18:31Z</time></trkpt>
      <trkpt lat="44.129693" lon="7.3348503"><ele>2206.5</ele><time>2026-04-02T06:21:15Z</time></trkpt>
      <trkpt lat="44.132458" lon="7.3351682"><ele>2234.3</ele><time>2026-04-02T06:27:00Z</time></trkpt>
      <trkpt lat="44.1329176" lon="7.3355964"><ele>2243.2</ele><time>2026-04-02T06:28:30Z</time></trkpt>
      <trkpt lat="44.1330123" lon="7.3353895"><ele>2252.4</ele><time>2026-04-02T06:29:06Z</time></trkpt>
      <trkpt lat="44.1331723" lon="7.3357194"><ele>2259.8</ele><time>2026-04-02T06:29:49Z</time></trkpt>
      <trkpt lat="44.1333518" lon="7.3351807"><ele>2275.1</ele><time>2026-04-02T06:31:00Z</time></trkpt>
      <trkpt lat="44.1331796" lon="7.3348176"><ele>2281.2</ele><time>2026-04-02T06:31:50Z</time></trkpt>
      <trkpt lat="44.1329885" lon="7.3336259"><ele>2301.3</ele><time>2026-04-02T06:34:13Z</time></trkpt>
      <trkpt lat="44.1332335" lon="7.3331925"><ele>2314.1</ele><time>2026-04-02T06:41:21Z</time></trkpt>
      <trkpt lat="44.1335259" lon="7.3330422"><ele>2326.3</ele><time>2026-04-02T06:43:48Z</time></trkpt>
      <trkpt lat="44.1334258" lon="7.332718"><ele>2343.4</ele><time>2026-04-02T06:46:33Z</time></trkpt>
      <trkpt lat="44.133669" lon="7.3327276"><ele>2345.8</ele><time>2026-04-02T06:49:21Z</time></trkpt>
      <trkpt lat="44.1335336" lon="7.3324754"><ele>2351.3</ele><time>2026-04-02T06:50:04Z</time></trkpt>
      <trkpt lat="44.133889" lon="7.3324485"><ele>2357.7</ele><time>2026-04-02T06:51:10Z</time></trkpt>
      <trkpt lat="44.1340006" lon="7.3327151"><ele>2362.9</ele><time>2026-04-02T06:51:59Z</time></trkpt>
      <trkpt lat="44.1343519" lon="7.3326608"><ele>2378.5</ele><time>2026-04-02T06:53:32Z</time></trkpt>
      <trkpt lat="44.1347216" lon="7.3319466"><ele>2394.6</ele><time>2026-04-02T06:55:28Z</time></trkpt>
      <trkpt lat="44.1358338" lon="7.3310377"><ele>2423.0</ele><time>2026-04-02T06:59:04Z</time></trkpt>
      <trkpt lat="44.1370641" lon="7.331696"><ele>2441.4</ele><time>2026-04-02T07:02:23Z</time></trkpt>
      <trkpt lat="44.137549" lon="7.331706"><ele>2456.8</ele><time>2026-04-02T07:04:04Z</time></trkpt>
      <trkpt lat="44.1376446" lon="7.3320365"><ele>2463.5</ele><time>2026-04-02T07:04:52Z</time></trkpt>
      <trkpt lat="44.1378055" lon="7.3319794"><ele>2472.3</ele><time>2026-04-02T07:05:27Z</time></trkpt>
      <trkpt lat="44.1378744" lon="7.3317571"><ele>2477.1</ele><time>2026-04-02T07:06:08Z</time></trkpt>
      <trkpt lat="44.138084" lon="7.3322232"><ele>2486.0</ele><time>2026-04-02T07:10:21Z</time></trkpt>
      <trkpt lat="44.1379159" lon="7.3327123"><ele>2498.6</ele><time>2026-04-02T07:11:35Z</time></trkpt>
      <trkpt lat="44.1381418" lon="7.3326995"><ele>2504.6</ele><time>2026-04-02T07:12:19Z</time></trkpt>
      <trkpt lat="44.1381465" lon="7.333048"><ele>2509.4</ele><time>2026-04-02T07:13:49Z</time></trkpt>
      <trkpt lat="44.1382897" lon="7.3328475"><ele>2521.2</ele><time>2026-04-02T07:14:40Z</time></trkpt>
      <trkpt lat="44.1382461" lon="7.3332081"><ele>2523.9</ele><time>2026-04-02T07:16:07Z</time></trkpt>
      <trkpt lat="44.1386958" lon="7.3328768"><ele>2541.5</ele><time>2026-04-02T07:17:56Z</time></trkpt>
      <trkpt lat="44.13869" lon="7.3333473"><ele>2543.1</ele><time>2026-04-02T07:18:52Z</time></trkpt>
      <trkpt lat="44.1391345" lon="7.3333585"><ele>2558.9</ele><time>2026-04-02T07:30:42Z</time></trkpt>
      <trkpt lat="44.1391037" lon="7.3336678"><ele>2563.7</ele><time>2026-04-02T07:31:24Z</time></trkpt>
      <trkpt lat="44.1393608" lon="7.3335546"><ele>2571.5</ele><time>2026-04-02T07:32:07Z</time></trkpt>
      <trkpt lat="44.1393174" lon="7.3340024"><ele>2581.6</ele><time>2026-04-02T07:33:35Z</time></trkpt>
      <trkpt lat="44.1394821" lon="7.333959"><ele>2589.6</ele><time>2026-04-02T07:34:01Z</time></trkpt>
      <trkpt lat="44.1394246" lon="7.334138"><ele>2591.8</ele><time>2026-04-02T07:34:25Z</time></trkpt>
      <trkpt lat="44.1396154" lon="7.3341478"><ele>2595.7</ele><time>2026-04-02T07:35:06Z</time></trkpt>
      <trkpt lat="44.1395201" lon="7.3343747"><ele>2598.7</ele><time>2026-04-02T07:35:33Z</time></trkpt>
      <trkpt lat="44.1402207" lon="7.3338408"><ele>2622.5</ele><time>2026-04-02T07:38:28Z</time></trkpt>
      <trkpt lat="44.1404234" lon="7.334268"><ele>2632.4</ele><time>2026-04-02T07:39:28Z</time></trkpt>
      <trkpt lat="44.1406817" lon="7.3343029"><ele>2641.2</ele><time>2026-04-02T07:40:13Z</time></trkpt>
      <trkpt lat="44.1409128" lon="7.3360904"><ele>2665.8</ele><time>2026-04-02T07:46:57Z</time></trkpt>
      <trkpt lat="44.140614" lon="7.3363233"><ele>2670.7</ele><time>2026-04-02T07:47:49Z</time></trkpt>
      <trkpt lat="44.1401381" lon="7.3363632"><ele>2680.2</ele><time>2026-04-02T07:49:04Z</time></trkpt>
      <trkpt lat="44.1401677" lon="7.3366046"><ele>2687.1</ele><time>2026-04-02T07:50:15Z</time></trkpt>
      <trkpt lat="44.1409898" lon="7.3374258"><ele>2700.7</ele><time>2026-04-02T07:55:56Z</time></trkpt>
      <trkpt lat="44.1415386" lon="7.3391551"><ele>2725.5</ele><time>2026-04-02T07:59:33Z</time></trkpt>
      <trkpt lat="44.1416449" lon="7.3390296"><ele>2728.8</ele><time>2026-04-02T07:59:55Z</time></trkpt>
      <trkpt lat="44.1417522" lon="7.3395309"><ele>2733.7</ele><time>2026-04-02T08:01:01Z</time></trkpt>
      <trkpt lat="44.1430083" lon="7.3417107"><ele>2769.6</ele><time>2026-04-02T08:06:19Z</time></trkpt>
      <trkpt lat="44.1434146" lon="7.3420206"><ele>2779.3</ele><time>2026-04-02T08:07:38Z</time></trkpt>
      <trkpt lat="44.1436454" lon="7.3416061"><ele>2787.5</ele><time>2026-04-02T08:08:42Z</time></trkpt>
      <trkpt lat="44.1438991" lon="7.3422345"><ele>2799.5</ele><time>2026-04-02T08:10:17Z</time></trkpt>
      <trkpt lat="44.1441907" lon="7.3415327"><ele>2814.8</ele><time>2026-04-02T08:12:07Z</time></trkpt>
      <trkpt lat="44.144595" lon="7.3423109"><ele>2831.6</ele><time>2026-04-02T08:14:06Z</time></trkpt>
      <trkpt lat="44.1446507" lon="7.3419301"><ele>2836.0</ele><time>2026-04-02T08:14:56Z</time></trkpt>
      <trkpt lat="44.1447741" lon="7.3420819"><ele>2842.2</ele><time>2026-04-02T08:15:36Z</time></trkpt>
      <trkpt lat="44.14478" lon="7.3417471"><ele>2847.6</ele><time>2026-04-02T08:16:13Z</time></trkpt>
      <trkpt lat="44.1449831" lon="7.3420084"><ele>2855.6</ele><time>2026-04-02T08:17:00Z</time></trkpt>
      <trkpt lat="44.1456726" lon="7.3419559"><ele>2866.3</ele><time>2026-04-02T08:19:00Z</time></trkpt>
      <trkpt lat="44.1455555" lon="7.3416403"><ele>2864.6</ele><time>2026-04-02T08:19:57Z</time></trkpt>
      <trkpt lat="44.1457409" lon="7.341711"><ele>2876.7</ele><time>2026-04-02T08:20:53Z</time></trkpt>
      <trkpt lat="44.1455725" lon="7.3415577"><ele>2875.7</ele><time>2026-04-02T08:25:41Z</time></trkpt>
      <trkpt lat="44.1456012" lon="7.3414411"><ele>2879.2</ele><time>2026-04-02T08:27:22Z</time></trkpt>
      <trkpt lat="44.1458674" lon="7.3414963"><ele>2890.6</ele><time>2026-04-02T08:28:21Z</time></trkpt>
      <trkpt lat="44.1455245" lon="7.3411725"><ele>2896.5</ele><time>2026-04-02T08:33:25Z</time></trkpt>
      <trkpt lat="44.1457754" lon="7.3411872"><ele>2903.0</ele><time>2026-04-02T08:34:29Z</time></trkpt>
      <trkpt lat="44.1459243" lon="7.3409714"><ele>2905.6</ele><time>2026-04-02T08:35:19Z</time></trkpt>
      <trkpt lat="44.1453333" lon="7.3406378"><ele>2929.1</ele><time>2026-04-02T08:45:07Z</time></trkpt>
      <trkpt lat="44.145827" lon="7.3410121"><ele>2909.0</ele><time>2026-04-02T08:56:11Z</time></trkpt>
      <trkpt lat="44.1466287" lon="7.3404015"><ele>2893.1</ele><time>2026-04-02T08:58:52Z</time></trkpt>
      <trkpt lat="44.1465561" lon="7.3405429"><ele>2890.8</ele><time>2026-04-02T09:00:05Z</time></trkpt>
      <trkpt lat="44.1466743" lon="7.3407827"><ele>2883.5</ele><time>2026-04-02T09:00:35Z</time></trkpt>
      <trkpt lat="44.1467759" lon="7.3408235"><ele>2881.6</ele><time>2026-04-02T09:00:42Z</time></trkpt>
      <trkpt lat="44.1467985" lon="7.3405891"><ele>2875.1</ele><time>2026-04-02T09:01:14Z</time></trkpt>
      <trkpt lat="44.147095" lon="7.3404385"><ele>2861.3</ele><time>2026-04-02T09:02:26Z</time></trkpt>
      <trkpt lat="44.1472582" lon="7.3406636"><ele>2838.0</ele><time>2026-04-02T09:04:57Z</time></trkpt>
      <trkpt lat="44.1472704" lon="7.3409645"><ele>2828.4</ele><time>2026-04-02T09:08:01Z</time></trkpt>
      <trkpt lat="44.1475838" lon="7.3411461"><ele>2808.0</ele><time>2026-04-02T09:08:17Z</time></trkpt>
      <trkpt lat="44.147952" lon="7.3407489"><ele>2793.7</ele><time>2026-04-02T09:08:28Z</time></trkpt>
      <trkpt lat="44.1482018" lon="7.3411193"><ele>2762.6</ele><time>2026-04-02T09:10:49Z</time></trkpt>
      <trkpt lat="44.1481251" lon="7.3415986"><ele>2748.6</ele><time>2026-04-02T09:11:17Z</time></trkpt>
      <trkpt lat="44.1482785" lon="7.3413114"><ele>2740.0</ele><time>2026-04-02T09:12:32Z</time></trkpt>
      <trkpt lat="44.1487877" lon="7.3411612"><ele>2717.4</ele><time>2026-04-02T09:12:47Z</time></trkpt>
      <trkpt lat="44.1487152" lon="7.3413007"><ele>2712.3</ele><time>2026-04-02T09:12:51Z</time></trkpt>
      <trkpt lat="44.1491363" lon="7.341579"><ele>2700.1</ele><time>2026-04-02T09:13:01Z</time></trkpt>
      <trkpt lat="44.1492958" lon="7.3421414"><ele>2681.1</ele><time>2026-04-02T09:13:09Z</time></trkpt>
      <trkpt lat="44.149518" lon="7.3423043"><ele>2675.9</ele><time>2026-04-02T09:13:14Z</time></trkpt>
      <trkpt lat="44.1496636" lon="7.3426655"><ele>2651.6</ele><time>2026-04-02T09:23:33Z</time></trkpt>
      <trkpt lat="44.1500246" lon="7.3424586"><ele>2637.3</ele><time>2026-04-02T09:23:49Z</time></trkpt>
      <trkpt lat="44.150609" lon="7.3425163"><ele>2610.5</ele><time>2026-04-02T09:24:07Z</time></trkpt>
      <trkpt lat="44.1509079" lon="7.3423939"><ele>2596.3</ele><time>2026-04-02T09:24:19Z</time></trkpt>
      <trkpt lat="44.1510756" lon="7.3419438"><ele>2589.2</ele><time>2026-04-02T09:24:44Z</time></trkpt>
      <trkpt lat="44.1514549" lon="7.3414879"><ele>2554.2</ele><time>2026-04-02T09:26:53Z</time></trkpt>
      <trkpt lat="44.1523589" lon="7.3408452"><ele>2497.7</ele><time>2026-04-02T09:27:15Z</time></trkpt>
      <trkpt lat="44.1523797" lon="7.3406222"><ele>2493.6</ele><time>2026-04-02T09:28:19Z</time></trkpt>
      <trkpt lat="44.1529995" lon="7.340213"><ele>2459.2</ele><time>2026-04-02T09:30:10Z</time></trkpt>
      <trkpt lat="44.1534475" lon="7.3395759"><ele>2424.9</ele><time>2026-04-02T09:30:21Z</time></trkpt>
      <trkpt lat="44.1539305" lon="7.3399174"><ele>2416.4</ele><time>2026-04-02T09:30:30Z</time></trkpt>
      <trkpt lat="44.1543222" lon="7.3395662"><ele>2391.7</ele><time>2026-04-02T09:30:41Z</time></trkpt>
      <trkpt lat="44.1553118" lon="7.3396219"><ele>2369.4</ele><time>2026-04-02T09:31:27Z</time></trkpt>
      <trkpt lat="44.155343" lon="7.3392375"><ele>2360.0</ele><time>2026-04-02T09:34:10Z</time></trkpt>
      <trkpt lat="44.1556807" lon="7.3388414"><ele>2331.3</ele><time>2026-04-02T09:34:24Z</time></trkpt>
      <trkpt lat="44.1556088" lon="7.3386472"><ele>2323.8</ele><time>2026-04-02T09:34:30Z</time></trkpt>
      <trkpt lat="44.1557558" lon="7.3384074"><ele>2306.5</ele><time>2026-04-02T09:34:40Z</time></trkpt>
      <trkpt lat="44.1558523" lon="7.3377585"><ele>2274.3</ele><time>2026-04-02T09:35:25Z</time></trkpt>
      <trkpt lat="44.1559528" lon="7.3377083"><ele>2271.9</ele><time>2026-04-02T09:35:51Z</time></trkpt>
      <trkpt lat="44.155913" lon="7.3372064"><ele>2262.1</ele><time>2026-04-02T09:40:01Z</time></trkpt>
      <trkpt lat="44.1562581" lon="7.336955"><ele>2232.0</ele><time>2026-04-02T09:40:13Z</time></trkpt>
      <trkpt lat="44.1564262" lon="7.3365491"><ele>2208.4</ele><time>2026-04-02T09:40:23Z</time></trkpt>
      <trkpt lat="44.1562607" lon="7.3362314"><ele>2193.6</ele><time>2026-04-02T09:40:35Z</time></trkpt>
      <trkpt lat="44.1564233" lon="7.3360165"><ele>2182.2</ele><time>2026-04-02T09:40:45Z</time></trkpt>
      <trkpt lat="44.1563592" lon="7.3357083"><ele>2175.0</ele><time>2026-04-02T09:40:56Z</time></trkpt>
      <trkpt lat="44.1566635" lon="7.3356439"><ele>2140.6</ele><time>2026-04-02T09:44:22Z</time></trkpt>
      <trkpt lat="44.156307" lon="7.3343346"><ele>2127.9</ele><time>2026-04-02T09:45:09Z</time></trkpt>
      <trkpt lat="44.1563988" lon="7.3340697"><ele>2103.8</ele><time>2026-04-02T09:45:17Z</time></trkpt>
      <trkpt lat="44.1561572" lon="7.3336011"><ele>2099.4</ele><time>2026-04-02T09:45:24Z</time></trkpt>
      <trkpt lat="44.1561126" lon="7.3332038"><ele>2096.2</ele><time>2026-04-02T09:45:30Z</time></trkpt>
      <trkpt lat="44.1557484" lon="7.3327094"><ele>2092.4</ele><time>2026-04-02T09:45:40Z</time></trkpt>
      <trkpt lat="44.1554356" lon="7.3311075"><ele>2078.6</ele><time>2026-04-02T09:46:05Z</time></trkpt>
      <trkpt lat="44.1554894" lon="7.330693"><ele>2053.1</ele><time>2026-04-02T10:28:46Z</time></trkpt>
      <trkpt lat="44.1547984" lon="7.3286348"><ele>2082.1</ele><time>2026-04-02T10:34:46Z</time></trkpt>
      <trkpt lat="44.1542937" lon="7.3298338"><ele>2103.0</ele><time>2026-04-02T10:37:37Z</time></trkpt>
      <trkpt lat="44.1538384" lon="7.3286753"><ele>2133.0</ele><time>2026-04-02T10:40:18Z</time></trkpt>
      <trkpt lat="44.1537232" lon="7.3291231"><ele>2134.4</ele><time>2026-04-02T10:41:15Z</time></trkpt>
      <trkpt lat="44.1534565" lon="7.3287082"><ele>2147.4</ele><time>2026-04-02T10:42:36Z</time></trkpt>
      <trkpt lat="44.1533648" lon="7.3292233"><ele>2153.8</ele><time>2026-04-02T10:43:31Z</time></trkpt>
      <trkpt lat="44.15312" lon="7.3286344"><ele>2168.3</ele><time>2026-04-02T10:44:50Z</time></trkpt>
      <trkpt lat="44.1534436" lon="7.327569"><ele>2189.5</ele><time>2026-04-02T10:47:26Z</time></trkpt>
      <trkpt lat="44.1533106" lon="7.3275852"><ele>2194.8</ele><time>2026-04-02T10:48:01Z</time></trkpt>
      <trkpt lat="44.1533071" lon="7.3273209"><ele>2191.6</ele><time>2026-04-02T10:48:38Z</time></trkpt>
      <trkpt lat="44.1536139" lon="7.3264208"><ele>2169.1</ele><time>2026-04-02T10:49:31Z</time></trkpt>
      <trkpt lat="44.1537449" lon="7.3249318"><ele>2179.7</ele><time>2026-04-02T10:51:23Z</time></trkpt>
      <trkpt lat="44.1536695" lon="7.3238185"><ele>2198.0</ele><time>2026-04-02T10:53:06Z</time></trkpt>
      <trkpt lat="44.1537296" lon="7.3236928"><ele>2206.3</ele><time>2026-04-02T10:53:24Z</time></trkpt>
      <trkpt lat="44.1539243" lon="7.3238495"><ele>2214.1</ele><time>2026-04-02T10:53:58Z</time></trkpt>
      <trkpt lat="44.1538125" lon="7.3234422"><ele>2223.2</ele><time>2026-04-02T10:54:58Z</time></trkpt>
      <trkpt lat="44.1533938" lon="7.3229112"><ele>2230.8</ele><time>2026-04-02T10:57:52Z</time></trkpt>
      <trkpt lat="44.1540224" lon="7.322903"><ele>2250.2</ele><time>2026-04-02T10:59:35Z</time></trkpt>
      <trkpt lat="44.1533945" lon="7.3224277"><ele>2266.5</ele><time>2026-04-02T11:01:26Z</time></trkpt>
      <trkpt lat="44.1539527" lon="7.3223057"><ele>2278.4</ele><time>2026-04-02T11:03:16Z</time></trkpt>
      <trkpt lat="44.1537713" lon="7.3220786"><ele>2282.7</ele><time>2026-04-02T11:04:16Z</time></trkpt>
      <trkpt lat="44.1542893" lon="7.3221162"><ele>2298.9</ele><time>2026-04-02T11:06:57Z</time></trkpt>
      <trkpt lat="44.1541706" lon="7.321937"><ele>2302.7</ele><time>2026-04-02T11:07:40Z</time></trkpt>
      <trkpt lat="44.1544144" lon="7.321953"><ele>2311.6</ele><time>2026-04-02T11:08:34Z</time></trkpt>
      <trkpt lat="44.1543385" lon="7.3217515"><ele>2320.0</ele><time>2026-04-02T11:09:12Z</time></trkpt>
      <trkpt lat="44.1546173" lon="7.3218354"><ele>2332.1</ele><time>2026-04-02T11:10:32Z</time></trkpt>
      <trkpt lat="44.1546905" lon="7.3217545"><ele>2334.9</ele><time>2026-04-02T11:10:50Z</time></trkpt>
      <trkpt lat="44.154617" lon="7.3214203"><ele>2344.2</ele><time>2026-04-02T11:11:55Z</time></trkpt>
      <trkpt lat="44.1546921" lon="7.3214821"><ele>2343.6</ele><time>2026-04-02T11:12:07Z</time></trkpt>
      <trkpt lat="44.1548173" lon="7.3211601"><ele>2358.8</ele><time>2026-04-02T11:13:37Z</time></trkpt>
      <trkpt lat="44.1547031" lon="7.3209865"><ele>2366.7</ele><time>2026-04-02T11:14:21Z</time></trkpt>
      <trkpt lat="44.1548425" lon="7.3205955"><ele>2373.6</ele><time>2026-04-02T11:15:32Z</time></trkpt>
      <trkpt lat="44.1539899" lon="7.3199359"><ele>2399.3</ele><time>2026-04-02T11:18:11Z</time></trkpt>
      <trkpt lat="44.1544142" lon="7.3196127"><ele>2410.7</ele><time>2026-04-02T11:21:25Z</time></trkpt>
      <trkpt lat="44.1542249" lon="7.3195248"><ele>2420.3</ele><time>2026-04-02T11:22:14Z</time></trkpt>
      <trkpt lat="44.1544111" lon="7.3193188"><ele>2428.1</ele><time>2026-04-02T11:23:12Z</time></trkpt>
      <trkpt lat="44.1541386" lon="7.3192771"><ele>2435.1</ele><time>2026-04-02T11:23:59Z</time></trkpt>
      <trkpt lat="44.1544756" lon="7.3189516"><ele>2443.3</ele><time>2026-04-02T11:25:14Z</time></trkpt>
      <trkpt lat="44.154307" lon="7.3188282"><ele>2450.2</ele><time>2026-04-02T11:26:02Z</time></trkpt>
      <trkpt lat="44.1549926" lon="7.3179715"><ele>2470.2</ele><time>2026-04-02T11:28:54Z</time></trkpt>
      <trkpt lat="44.1543608" lon="7.3179968"><ele>2489.2</ele><time>2026-04-02T11:30:54Z</time></trkpt>
      <trkpt lat="44.155268" lon="7.3168805"><ele>2515.4</ele><time>2026-04-02T11:34:33Z</time></trkpt>
      <trkpt lat="44.155469" lon="7.3164474"><ele>2523.4</ele><time>2026-04-02T11:35:44Z</time></trkpt>
      <trkpt lat="44.1562576" lon="7.315636"><ele>2548.0</ele><time>2026-04-02T11:39:02Z</time></trkpt>
      <trkpt lat="44.155739" lon="7.3155092"><ele>2556.4</ele><time>2026-04-02T11:41:50Z</time></trkpt>
      <trkpt lat="44.1562964" lon="7.3150033"><ele>2573.5</ele><time>2026-04-02T11:50:40Z</time></trkpt>
      <trkpt lat="44.1557047" lon="7.3148816"><ele>2584.2</ele><time>2026-04-02T11:52:22Z</time></trkpt>
      <trkpt lat="44.1560618" lon="7.3144212"><ele>2597.9</ele><time>2026-04-02T11:54:04Z</time></trkpt>
      <trkpt lat="44.1552134" lon="7.3144687"><ele>2612.8</ele><time>2026-04-02T11:56:34Z</time></trkpt>
      <trkpt lat="44.1557257" lon="7.3136626"><ele>2628.4</ele><time>2026-04-02T11:59:08Z</time></trkpt>
      <trkpt lat="44.1548007" lon="7.3139556"><ele>2647.0</ele><time>2026-04-02T12:02:20Z</time></trkpt>
      <trkpt lat="44.1545759" lon="7.3138836"><ele>2651.8</ele><time>2026-04-02T12:03:02Z</time></trkpt>
      <trkpt lat="44.1548492" lon="7.3137037"><ele>2664.3</ele><time>2026-04-02T12:03:59Z</time></trkpt>
      <trkpt lat="44.1551481" lon="7.3131307"><ele>2675.4</ele><time>2026-04-02T12:05:58Z</time></trkpt>
      <trkpt lat="44.1552009" lon="7.3129535"><ele>2678.7</ele><time>2026-04-02T12:06:31Z</time></trkpt>
      <trkpt lat="44.1548186" lon="7.3131079"><ele>2689.8</ele><time>2026-04-02T12:08:24Z</time></trkpt>
      <trkpt lat="44.1552075" lon="7.3123189"><ele>2704.4</ele><time>2026-04-02T12:11:21Z</time></trkpt>
      <trkpt lat="44.1555741" lon="7.3121028"><ele>2715.6</ele><time>2026-04-02T12:13:16Z</time></trkpt>
      <trkpt lat="44.155232" lon="7.3118457"><ele>2717.8</ele><time>2026-04-02T12:14:54Z</time></trkpt>
      <trkpt lat="44.1555985" lon="7.3116501"><ele>2740.5</ele><time>2026-04-02T12:16:43Z</time></trkpt>
      <trkpt lat="44.155146" lon="7.3114417"><ele>2738.9</ele><time>2026-04-02T12:18:18Z</time></trkpt>
      <trkpt lat="44.1555288" lon="7.3111884"><ele>2759.9</ele><time>2026-04-02T12:19:52Z</time></trkpt>
      <trkpt lat="44.1553371" lon="7.3110897"><ele>2767.4</ele><time>2026-04-02T12:20:48Z</time></trkpt>
      <trkpt lat="44.1556561" lon="7.3108373"><ele>2778.0</ele><time>2026-04-02T12:22:11Z</time></trkpt>
      <trkpt lat="44.1553894" lon="7.3107037"><ele>2783.4</ele><time>2026-04-02T12:22:59Z</time></trkpt>
      <trkpt lat="44.155598" lon="7.3105783"><ele>2788.7</ele><time>2026-04-02T12:23:51Z</time></trkpt>
      <trkpt lat="44.1554279" lon="7.3105104"><ele>2790.6</ele><time>2026-04-02T12:24:24Z</time></trkpt>
      <trkpt lat="44.1556366" lon="7.3103941"><ele>2796.4</ele><time>2026-04-02T12:25:17Z</time></trkpt>
      <trkpt lat="44.1553298" lon="7.310262"><ele>2792.8</ele><time>2026-04-02T12:26:16Z</time></trkpt>
      <trkpt lat="44.1554699" lon="7.310166"><ele>2800.9</ele><time>2026-04-02T12:26:48Z</time></trkpt>
      <trkpt lat="44.1553107" lon="7.3100546"><ele>2800.8</ele><time>2026-04-02T12:27:44Z</time></trkpt>
      <trkpt lat="44.155436" lon="7.3099587"><ele>2805.5</ele><time>2026-04-02T12:27:58Z</time></trkpt>
      <trkpt lat="44.1553319" lon="7.3097792"><ele>2811.7</ele><time>2026-04-02T12:28:35Z</time></trkpt>
      <trkpt lat="44.15507" lon="7.3095505"><ele>2821.8</ele><time>2026-04-02T12:29:34Z</time></trkpt>
      <trkpt lat="44.1547206" lon="7.3095233"><ele>2818.6</ele><time>2026-04-02T12:30:55Z</time></trkpt>
      <trkpt lat="44.1551112" lon="7.309121"><ele>2836.0</ele><time>2026-04-02T12:32:35Z</time></trkpt>
      <trkpt lat="44.1549336" lon="7.3090917"><ele>2837.6</ele><time>2026-04-02T12:33:20Z</time></trkpt>
      <trkpt lat="44.1550733" lon="7.3088688"><ele>2853.2</ele><time>2026-04-02T12:35:17Z</time></trkpt>
      <trkpt lat="44.1547151" lon="7.3084023"><ele>2860.8</ele><time>2026-04-02T12:36:58Z</time></trkpt>
      <trkpt lat="44.1549177" lon="7.3080323"><ele>2867.6</ele><time>2026-04-02T12:38:11Z</time></trkpt>
      <trkpt lat="44.15466" lon="7.3079544"><ele>2877.4</ele><time>2026-04-02T12:39:50Z</time></trkpt>
      <trkpt lat="44.1548414" lon="7.3077696"><ele>2884.6</ele><time>2026-04-02T12:40:36Z</time></trkpt>
      <trkpt lat="44.1549052" lon="7.3075967"><ele>2895.1</ele><time>2026-04-02T12:41:16Z</time></trkpt>
      <trkpt lat="44.1547491" lon="7.3074921"><ele>2892.2</ele><time>2026-04-02T12:42:47Z</time></trkpt>
      <trkpt lat="44.1553425" lon="7.306276"><ele>2879.8</ele><time>2026-04-02T13:02:00Z</time></trkpt>
      <trkpt lat="44.1565006" lon="7.3059515"><ele>2866.0</ele><time>2026-04-02T13:02:44Z</time></trkpt>
      <trkpt lat="44.1570439" lon="7.305276"><ele>2860.2</ele><time>2026-04-02T13:03:10Z</time></trkpt>
      <trkpt lat="44.1574617" lon="7.3051902"><ele>2856.1</ele><time>2026-04-02T13:03:31Z</time></trkpt>
      <trkpt lat="44.1577332" lon="7.3048584"><ele>2837.4</ele><time>2026-04-02T13:04:49Z</time></trkpt>
      <trkpt lat="44.1589282" lon="7.3045685"><ele>2823.2</ele><time>2026-04-02T13:05:11Z</time></trkpt>
      <trkpt lat="44.1596955" lon="7.3047684"><ele>2816.9</ele><time>2026-04-02T13:06:25Z</time></trkpt>
      <trkpt lat="44.1610528" lon="7.304002"><ele>2793.1</ele><time>2026-04-02T13:10:18Z</time></trkpt>
      <trkpt lat="44.1611248" lon="7.3035649"><ele>2775.2</ele><time>2026-04-02T13:10:35Z</time></trkpt>
      <trkpt lat="44.1615835" lon="7.3033086"><ele>2754.3</ele><time>2026-04-02T13:11:23Z</time></trkpt>
      <trkpt lat="44.161794" lon="7.3029376"><ele>2740.6</ele><time>2026-04-02T13:11:41Z</time></trkpt>
      <trkpt lat="44.1621801" lon="7.3029473"><ele>2724.5</ele><time>2026-04-02T13:11:52Z</time></trkpt>
      <trkpt lat="44.1622332" lon="7.3026665"><ele>2703.9</ele><time>2026-04-02T13:12:05Z</time></trkpt>
      <trkpt lat="44.1624684" lon="7.302584"><ele>2698.3</ele><time>2026-04-02T13:12:32Z</time></trkpt>
      <trkpt lat="44.1623195" lon="7.3024505"><ele>2693.7</ele><time>2026-04-02T13:13:31Z</time></trkpt>
      <trkpt lat="44.1623943" lon="7.30159"><ele>2673.3</ele><time>2026-04-02T13:13:41Z</time></trkpt>
      <trkpt lat="44.1622305" lon="7.3011233"><ele>2656.5</ele><time>2026-04-02T13:13:50Z</time></trkpt>
      <trkpt lat="44.1631066" lon="7.3008647"><ele>2631.0</ele><time>2026-04-02T13:14:22Z</time></trkpt>
      <trkpt lat="44.16319" lon="7.3007556"><ele>2623.1</ele><time>2026-04-02T13:14:25Z</time></trkpt>
      <trkpt lat="44.1631149" lon="7.3005177"><ele>2612.6</ele><time>2026-04-02T13:14:29Z</time></trkpt>
      <trkpt lat="44.1636285" lon="7.2998484"><ele>2594.7</ele><time>2026-04-02T13:14:47Z</time></trkpt>
      <trkpt lat="44.1632942" lon="7.2992242"><ele>2570.0</ele><time>2026-04-02T13:16:37Z</time></trkpt>
      <trkpt lat="44.1632658" lon="7.2985841"><ele>2556.7</ele><time>2026-04-02T13:16:43Z</time></trkpt>
      <trkpt lat="44.1634291" lon="7.29744"><ele>2524.8</ele><time>2026-04-02T13:18:24Z</time></trkpt>
      <trkpt lat="44.1633561" lon="7.2967755"><ele>2513.0</ele><time>2026-04-02T13:18:29Z</time></trkpt>
      <trkpt lat="44.1634739" lon="7.2955443"><ele>2502.7</ele><time>2026-04-02T13:18:41Z</time></trkpt>
      <trkpt lat="44.1634656" lon="7.2957209"><ele>2493.7</ele><time>2026-04-02T13:21:04Z</time></trkpt>
      <trkpt lat="44.1633685" lon="7.295729"><ele>2490.2</ele><time>2026-04-02T13:21:27Z</time></trkpt>
      <trkpt lat="44.1634937" lon="7.2956724"><ele>2494.5</ele><time>2026-04-02T13:22:33Z</time></trkpt>
      <trkpt lat="44.1635728" lon="7.2957554"><ele>2481.0</ele><time>2026-04-03T06:13:27Z</time></trkpt>
      <trkpt lat="44.1640718" lon="7.2963442"><ele>2472.0</ele><time>2026-04-03T06:14:20Z</time></trkpt>
      <trkpt lat="44.1645255" lon="7.2962638"><ele>2465.5</ele><time>2026-04-03T06:14:30Z</time></trkpt>
      <trkpt lat="44.1647523" lon="7.2960482"><ele>2465.4</ele><time>2026-04-03T06:14:43Z</time></trkpt>
      <trkpt lat="44.1650694" lon="7.2952432"><ele>2442.3</ele><time>2026-04-03T06:15:02Z</time></trkpt>
      <trkpt lat="44.1650717" lon="7.2949634"><ele>2436.3</ele><time>2026-04-03T06:15:07Z</time></trkpt>
      <trkpt lat="44.1653932" lon="7.2944668"><ele>2430.1</ele><time>2026-04-03T06:15:17Z</time></trkpt>
      <trkpt lat="44.1653754" lon="7.2939269"><ele>2416.8</ele><time>2026-04-03T06:15:29Z</time></trkpt>
      <trkpt lat="44.1651408" lon="7.2931161"><ele>2397.6</ele><time>2026-04-03T06:15:44Z</time></trkpt>
      <trkpt lat="44.1652811" lon="7.2925807"><ele>2380.9</ele><time>2026-04-03T06:16:32Z</time></trkpt>
      <trkpt lat="44.165707" lon="7.2921781"><ele>2373.4</ele><time>2026-04-03T06:16:45Z</time></trkpt>
      <trkpt lat="44.1658157" lon="7.2918899"><ele>2365.4</ele><time>2026-04-03T06:16:52Z</time></trkpt>
      <trkpt lat="44.1654372" lon="7.2910746"><ele>2335.6</ele><time>2026-04-03T06:17:10Z</time></trkpt>
      <trkpt lat="44.1651106" lon="7.2911816"><ele>2312.4</ele><time>2026-04-03T06:17:32Z</time></trkpt>
      <trkpt lat="44.1646933" lon="7.2909293"><ele>2313.7</ele><time>2026-04-03T06:18:03Z</time></trkpt>
      <trkpt lat="44.1644764" lon="7.290375"><ele>2295.4</ele><time>2026-04-03T06:18:40Z</time></trkpt>
      <trkpt lat="44.164129" lon="7.2901295"><ele>2280.7</ele><time>2026-04-03T06:18:57Z</time></trkpt>
      <trkpt lat="44.1640958" lon="7.2899261"><ele>2273.0</ele><time>2026-04-03T06:19:02Z</time></trkpt>
      <trkpt lat="44.1636239" lon="7.2893428"><ele>2240.8</ele><time>2026-04-03T06:19:28Z</time></trkpt>
      <trkpt lat="44.1632954" lon="7.2892506"><ele>2217.7</ele><time>2026-04-03T06:20:57Z</time></trkpt>
      <trkpt lat="44.1631702" lon="7.2888587"><ele>2208.1</ele><time>2026-04-03T06:21:04Z</time></trkpt>
      <trkpt lat="44.1627182" lon="7.2886517"><ele>2166.9</ele><time>2026-04-03T06:21:28Z</time></trkpt>
      <trkpt lat="44.1625058" lon="7.2881515"><ele>2145.1</ele><time>2026-04-03T06:21:42Z</time></trkpt>
      <trkpt lat="44.1620347" lon="7.2883794"><ele>2109.8</ele><time>2026-04-03T06:22:02Z</time></trkpt>
      <trkpt lat="44.1619381" lon="7.2881751"><ele>2106.0</ele><time>2026-04-03T06:22:06Z</time></trkpt>
      <trkpt lat="44.1612281" lon="7.2879632"><ele>2092.9</ele><time>2026-04-03T06:23:19Z</time></trkpt>
      <trkpt lat="44.1612628" lon="7.2874283"><ele>2079.0</ele><time>2026-04-03T06:23:26Z</time></trkpt>
      <trkpt lat="44.1609653" lon="7.2865494"><ele>2054.7</ele><time>2026-04-03T06:23:41Z</time></trkpt>
      <trkpt lat="44.1602145" lon="7.2863167"><ele>2040.7</ele><time>2026-04-03T06:23:54Z</time></trkpt>
      <trkpt lat="44.1600163" lon="7.2860759"><ele>2036.2</ele><time>2026-04-03T06:23:59Z</time></trkpt>
      <trkpt lat="44.1600756" lon="7.2849802"><ele>1995.9</ele><time>2026-04-03T06:24:17Z</time></trkpt>
      <trkpt lat="44.1598468" lon="7.2844168"><ele>1981.2</ele><time>2026-04-03T06:24:47Z</time></trkpt>
      <trkpt lat="44.1599457" lon="7.2843538"><ele>1977.9</ele><time>2026-04-03T06:25:08Z</time></trkpt>
      <trkpt lat="44.1598937" lon="7.2829787"><ele>1944.7</ele><time>2026-04-03T06:25:32Z</time></trkpt>
      <trkpt lat="44.1596925" lon="7.2822023"><ele>1896.4</ele><time>2026-04-03T06:26:48Z</time></trkpt>
      <trkpt lat="44.1598246" lon="7.2822986"><ele>1887.2</ele><time>2026-04-03T06:27:25Z</time></trkpt>
      <trkpt lat="44.1596542" lon="7.2818548"><ele>1868.5</ele><time>2026-04-03T06:30:30Z</time></trkpt>
      <trkpt lat="44.1597226" lon="7.2813907"><ele>1858.9</ele><time>2026-04-03T06:30:46Z</time></trkpt>
      <trkpt lat="44.1598124" lon="7.2814046"><ele>1856.1</ele><time>2026-04-03T06:31:46Z</time></trkpt>
      <trkpt lat="44.1597951" lon="7.2815243"><ele>1868.6</ele><time>2026-04-03T06:36:06Z</time></trkpt>
      <trkpt lat="44.1588723" lon="7.2812015"><ele>1858.4</ele><time>2026-04-03T06:38:53Z</time></trkpt>
      <trkpt lat="44.1582826" lon="7.2804888"><ele>1848.6</ele><time>2026-04-03T06:39:10Z</time></trkpt>
      <trkpt lat="44.1582734" lon="7.2802426"><ele>1846.7</ele><time>2026-04-03T06:39:13Z</time></trkpt>
      <trkpt lat="44.1588141" lon="7.2789851"><ele>1846.4</ele><time>2026-04-03T06:39:56Z</time></trkpt>
      <trkpt lat="44.1582243" lon="7.2784304"><ele>1835.1</ele><time>2026-04-03T06:41:36Z</time></trkpt>
      <trkpt lat="44.1586311" lon="7.2769989"><ele>1825.0</ele><time>2026-04-03T06:42:04Z</time></trkpt>
      <trkpt lat="44.159357" lon="7.2758042"><ele>1817.8</ele><time>2026-04-03T06:42:57Z</time></trkpt>
      <trkpt lat="44.1584525" lon="7.275266"><ele>1831.7</ele><time>2026-04-03T06:52:51Z</time></trkpt>
      <trkpt lat="44.1581547" lon="7.2746374"><ele>1848.2</ele><time>2026-04-03T06:54:04Z</time></trkpt>
      <trkpt lat="44.1577213" lon="7.274526"><ele>1851.0</ele><time>2026-04-03T06:55:05Z</time></trkpt>
      <trkpt lat="44.1576997" lon="7.274198"><ele>1862.4</ele><time>2026-04-03T06:55:58Z</time></trkpt>
      <trkpt lat="44.1573289" lon="7.2743926"><ele>1865.9</ele><time>2026-04-03T06:58:21Z</time></trkpt>
      <trkpt lat="44.1567844" lon="7.2740584"><ele>1883.9</ele><time>2026-04-03T07:00:00Z</time></trkpt>
      <trkpt lat="44.1566047" lon="7.2746429"><ele>1895.4</ele><time>2026-04-03T07:01:18Z</time></trkpt>
      <trkpt lat="44.15615" lon="7.2742796"><ele>1905.4</ele><time>2026-04-03T07:02:44Z</time></trkpt>
      <trkpt lat="44.1559994" lon="7.2738871"><ele>1914.5</ele><time>2026-04-03T07:03:39Z</time></trkpt>
      <trkpt lat="44.1557732" lon="7.2742058"><ele>1922.4</ele><time>2026-04-03T07:04:28Z</time></trkpt>
      <trkpt lat="44.1554931" lon="7.2737632"><ele>1929.8</ele><time>2026-04-03T07:05:43Z</time></trkpt>
      <trkpt lat="44.1554263" lon="7.2742685"><ele>1946.2</ele><time>2026-04-03T07:06:48Z</time></trkpt>
      <trkpt lat="44.1550926" lon="7.2738276"><ele>1952.3</ele><time>2026-04-03T07:08:14Z</time></trkpt>
      <trkpt lat="44.1549621" lon="7.2741063"><ele>1964.0</ele><time>2026-04-03T07:08:56Z</time></trkpt>
      <trkpt lat="44.1547982" lon="7.2733944"><ele>1974.2</ele><time>2026-04-03T07:10:27Z</time></trkpt>
      <trkpt lat="44.1545202" lon="7.273728"><ele>1985.4</ele><time>2026-04-03T07:11:19Z</time></trkpt>
      <trkpt lat="44.154453" lon="7.2742195"><ele>1995.5</ele><time>2026-04-03T07:12:19Z</time></trkpt>
      <trkpt lat="44.1543023" lon="7.2739078"><ele>1997.3</ele><time>2026-04-03T07:13:05Z</time></trkpt>
      <trkpt lat="44.1542402" lon="7.2741205"><ele>2004.3</ele><time>2026-04-03T07:13:51Z</time></trkpt>
      <trkpt lat="44.1541352" lon="7.2737689"><ele>2011.0</ele><time>2026-04-03T07:14:38Z</time></trkpt>
      <trkpt lat="44.154101" lon="7.2747248"><ele>2025.7</ele><time>2026-04-03T07:16:24Z</time></trkpt>
      <trkpt lat="44.1537772" lon="7.2741315"><ele>2035.0</ele><time>2026-04-03T07:17:55Z</time></trkpt>
      <trkpt lat="44.1537125" lon="7.2745791"><ele>2041.6</ele><time>2026-04-03T07:18:49Z</time></trkpt>
      <trkpt lat="44.1536136" lon="7.2744597"><ele>2045.6</ele><time>2026-04-03T07:19:20Z</time></trkpt>
      <trkpt lat="44.1535454" lon="7.2746186"><ele>2050.8</ele><time>2026-04-03T07:19:56Z</time></trkpt>
      <trkpt lat="44.1534856" lon="7.2743134"><ele>2055.7</ele><time>2026-04-03T07:20:36Z</time></trkpt>
      <trkpt lat="44.1534003" lon="7.2745444"><ele>2061.0</ele><time>2026-04-03T07:21:07Z</time></trkpt>
      <trkpt lat="44.1535145" lon="7.2748838"><ele>2068.2</ele><time>2026-04-03T07:21:58Z</time></trkpt>
      <trkpt lat="44.1531192" lon="7.2746345"><ele>2075.3</ele><time>2026-04-03T07:23:51Z</time></trkpt>
      <trkpt lat="44.1532382" lon="7.2750054"><ele>2086.5</ele><time>2026-04-03T07:24:52Z</time></trkpt>
      <trkpt lat="44.1529361" lon="7.2747729"><ele>2093.1</ele><time>2026-04-03T07:25:59Z</time></trkpt>
      <trkpt lat="44.1529165" lon="7.2749355"><ele>2097.8</ele><time>2026-04-03T07:26:26Z</time></trkpt>
      <trkpt lat="44.1527658" lon="7.2748686"><ele>2100.9</ele><time>2026-04-03T07:27:04Z</time></trkpt>
      <trkpt lat="44.1527945" lon="7.275042"><ele>2108.4</ele><time>2026-04-03T07:28:12Z</time></trkpt>
      <trkpt lat="44.1523215" lon="7.2752226"><ele>2123.7</ele><time>2026-04-03T07:29:36Z</time></trkpt>
      <trkpt lat="44.1519271" lon="7.2761096"><ele>2134.3</ele><time>2026-04-03T07:31:22Z</time></trkpt>
      <trkpt lat="44.151701" lon="7.2764356"><ele>2139.3</ele><time>2026-04-03T07:32:07Z</time></trkpt>
      <trkpt lat="44.1514799" lon="7.2764958"><ele>2142.6</ele><time>2026-04-03T07:32:38Z</time></trkpt>
      <trkpt lat="44.1513093" lon="7.2768626"><ele>2149.1</ele><time>2026-04-03T07:33:20Z</time></trkpt>
      <trkpt lat="44.1511669" lon="7.2766475"><ele>2153.2</ele><time>2026-04-03T07:33:49Z</time></trkpt>
      <trkpt lat="44.1509597" lon="7.2769825"><ele>2158.9</ele><time>2026-04-03T07:34:33Z</time></trkpt>
      <trkpt lat="44.150681" lon="7.2768087"><ele>2160.0</ele><time>2026-04-03T07:35:25Z</time></trkpt>
      <trkpt lat="44.1506593" lon="7.2771623"><ele>2170.9</ele><time>2026-04-03T07:36:00Z</time></trkpt>
      <trkpt lat="44.1502272" lon="7.2767149"><ele>2182.8</ele><time>2026-04-03T07:37:15Z</time></trkpt>
      <trkpt lat="44.1501993" lon="7.2772865"><ele>2190.0</ele><time>2026-04-03T07:38:10Z</time></trkpt>
      <trkpt lat="44.1497667" lon="7.2773217"><ele>2190.3</ele><time>2026-04-03T07:39:21Z</time></trkpt>
      <trkpt lat="44.1497535" lon="7.2778363"><ele>2204.0</ele><time>2026-04-03T07:40:11Z</time></trkpt>
      <trkpt lat="44.1490945" lon="7.2772416"><ele>2227.0</ele><time>2026-04-03T07:41:59Z</time></trkpt>
      <trkpt lat="44.1490033" lon="7.2777516"><ele>2229.6</ele><time>2026-04-03T07:42:47Z</time></trkpt>
      <trkpt lat="44.1490909" lon="7.2783202"><ele>2240.0</ele><time>2026-04-03T07:43:42Z</time></trkpt>
      <trkpt lat="44.1485844" lon="7.2777783"><ele>2258.7</ele><time>2026-04-03T07:45:15Z</time></trkpt>
      <trkpt lat="44.1486495" lon="7.2785588"><ele>2263.5</ele><time>2026-04-03T07:46:28Z</time></trkpt>
      <trkpt lat="44.1483936" lon="7.2782815"><ele>2271.2</ele><time>2026-04-03T07:47:11Z</time></trkpt>
      <trkpt lat="44.1481726" lon="7.2785664"><ele>2281.4</ele><time>2026-04-03T07:53:31Z</time></trkpt>
      <trkpt lat="44.1478635" lon="7.278647"><ele>2283.1</ele><time>2026-04-03T07:54:03Z</time></trkpt>
      <trkpt lat="44.147692" lon="7.2792751"><ele>2276.8</ele><time>2026-04-03T07:56:19Z</time></trkpt>
      <trkpt lat="44.1473554" lon="7.2794877"><ele>2279.4</ele><time>2026-04-03T07:56:50Z</time></trkpt>
      <trkpt lat="44.1472923" lon="7.279827"><ele>2279.3</ele><time>2026-04-03T07:57:26Z</time></trkpt>
      <trkpt lat="44.1470392" lon="7.2795009"><ele>2291.4</ele><time>2026-04-03T07:58:14Z</time></trkpt>
      <trkpt lat="44.1469757" lon="7.2803376"><ele>2304.0</ele><time>2026-04-03T07:59:48Z</time></trkpt>
      <trkpt lat="44.1466964" lon="7.2799948"><ele>2312.9</ele><time>2026-04-03T08:00:37Z</time></trkpt>
      <trkpt lat="44.1463355" lon="7.2806117"><ele>2324.7</ele><time>2026-04-03T08:01:57Z</time></trkpt>
      <trkpt lat="44.1462051" lon="7.2801365"><ele>2332.5</ele><time>2026-04-03T08:03:16Z</time></trkpt>
      <trkpt lat="44.1460066" lon="7.2806908"><ele>2341.8</ele><time>2026-04-03T08:04:20Z</time></trkpt>
      <trkpt lat="44.1459365" lon="7.2804722"><ele>2346.7</ele><time>2026-04-03T08:04:45Z</time></trkpt>
      <trkpt lat="44.1458368" lon="7.2807525"><ele>2354.1</ele><time>2026-04-03T08:05:21Z</time></trkpt>
      <trkpt lat="44.1457502" lon="7.2805186"><ele>2358.9</ele><time>2026-04-03T08:06:03Z</time></trkpt>
      <trkpt lat="44.1450365" lon="7.2816133"><ele>2382.0</ele><time>2026-04-03T08:09:20Z</time></trkpt>
      <trkpt lat="44.1447664" lon="7.2813532"><ele>2388.6</ele><time>2026-04-03T08:10:20Z</time></trkpt>
      <trkpt lat="44.1445932" lon="7.2817749"><ele>2397.1</ele><time>2026-04-03T08:11:21Z</time></trkpt>
      <trkpt lat="44.1443915" lon="7.2816573"><ele>2404.3</ele><time>2026-04-03T08:11:58Z</time></trkpt>
      <trkpt lat="44.1442967" lon="7.2820038"><ele>2414.6</ele><time>2026-04-03T08:12:39Z</time></trkpt>
      <trkpt lat="44.1441093" lon="7.2819432"><ele>2418.3</ele><time>2026-04-03T08:13:11Z</time></trkpt>
      <trkpt lat="44.1439521" lon="7.2822794"><ele>2429.9</ele><time>2026-04-03T08:14:09Z</time></trkpt>
      <trkpt lat="44.1437474" lon="7.282163"><ele>2434.2</ele><time>2026-04-03T08:14:48Z</time></trkpt>
      <trkpt lat="44.1432721" lon="7.2828536"><ele>2450.0</ele><time>2026-04-03T08:16:43Z</time></trkpt>
      <trkpt lat="44.1431291" lon="7.2826522"><ele>2461.0</ele><time>2026-04-03T08:17:23Z</time></trkpt>
      <trkpt lat="44.1432098" lon="7.282434"><ele>2468.0</ele><time>2026-04-03T08:17:57Z</time></trkpt>
      <trkpt lat="44.1430537" lon="7.281361"><ele>2482.4</ele><time>2026-04-03T08:20:14Z</time></trkpt>
      <trkpt lat="44.1426042" lon="7.2817155"><ele>2488.1</ele><time>2026-04-03T08:26:24Z</time></trkpt>
      <trkpt lat="44.1426581" lon="7.2813796"><ele>2500.4</ele><time>2026-04-03T08:27:26Z</time></trkpt>
      <trkpt lat="44.14233" lon="7.2815457"><ele>2507.1</ele><time>2026-04-03T08:28:38Z</time></trkpt>
      <trkpt lat="44.1424521" lon="7.2810716"><ele>2519.7</ele><time>2026-04-03T08:30:21Z</time></trkpt>
      <trkpt lat="44.1421576" lon="7.2813526"><ele>2527.2</ele><time>2026-04-03T08:31:40Z</time></trkpt>
      <trkpt lat="44.142233" lon="7.2810142"><ele>2534.2</ele><time>2026-04-03T08:32:46Z</time></trkpt>
      <trkpt lat="44.1420052" lon="7.2812996"><ele>2539.5</ele><time>2026-04-03T08:33:49Z</time></trkpt>
      <trkpt lat="44.1419908" lon="7.2808121"><ele>2549.3</ele><time>2026-04-03T08:35:54Z</time></trkpt>
      <trkpt lat="44.1418294" lon="7.2811787"><ele>2561.3</ele><time>2026-04-03T08:38:24Z</time></trkpt>
      <trkpt lat="44.1418441" lon="7.2809575"><ele>2566.2</ele><time>2026-04-03T08:39:49Z</time></trkpt>
      <trkpt lat="44.1414955" lon="7.2808246"><ele>2587.9</ele><time>2026-04-03T08:58:24Z</time></trkpt>
      <trkpt lat="44.1413928" lon="7.2806386"><ele>2613.5</ele><time>2026-04-03T09:01:35Z</time></trkpt>
      <trkpt lat="44.141112" lon="7.2807028"><ele>2630.1</ele><time>2026-04-03T09:04:13Z</time></trkpt>
      <trkpt lat="44.1410835" lon="7.2805186"><ele>2640.6</ele><time>2026-04-03T09:05:18Z</time></trkpt>
      <trkpt lat="44.1408835" lon="7.2806191"><ele>2662.5</ele><time>2026-04-03T09:07:46Z</time></trkpt>
      <trkpt lat="44.1408459" lon="7.2799306"><ele>2650.3</ele><time>2026-04-03T09:56:26Z</time></trkpt>
      <trkpt lat="44.1410654" lon="7.2796524"><ele>2644.2</ele><time>2026-04-03T09:57:23Z</time></trkpt>
      <trkpt lat="44.1407457" lon="7.2799374"><ele>2648.1</ele><time>2026-04-03T10:02:28Z</time></trkpt>
      <trkpt lat="44.1404705" lon="7.2798077"><ele>2634.1</ele><time>2026-04-03T10:02:41Z</time></trkpt>
      <trkpt lat="44.1404471" lon="7.2795205"><ele>2612.6</ele><time>2026-04-03T10:20:31Z</time></trkpt>
      <trkpt lat="44.1407735" lon="7.2793304"><ele>2604.0</ele><time>2026-04-03T10:21:29Z</time></trkpt>
      <trkpt lat="44.1407147" lon="7.2789849"><ele>2594.6</ele><time>2026-04-03T10:21:44Z</time></trkpt>
      <trkpt lat="44.1405615" lon="7.2790435"><ele>2580.9</ele><time>2026-04-03T10:24:01Z</time></trkpt>
      <trkpt lat="44.1407699" lon="7.2788852"><ele>2573.5</ele><time>2026-04-03T10:27:28Z</time></trkpt>
      <trkpt lat="44.1407259" lon="7.278738"><ele>2565.1</ele><time>2026-04-03T10:28:08Z</time></trkpt>
      <trkpt lat="44.1409571" lon="7.2783879"><ele>2552.7</ele><time>2026-04-03T10:28:20Z</time></trkpt>
      <trkpt lat="44.1407887" lon="7.2780764"><ele>2532.7</ele><time>2026-04-03T10:28:34Z</time></trkpt>
      <trkpt lat="44.1405735" lon="7.2783259"><ele>2521.8</ele><time>2026-04-03T10:41:31Z</time></trkpt>
      <trkpt lat="44.1412479" lon="7.2772552"><ele>2507.3</ele><time>2026-04-03T10:45:37Z</time></trkpt>
      <trkpt lat="44.1413976" lon="7.2760907"><ele>2487.1</ele><time>2026-04-03T10:45:48Z</time></trkpt>
      <trkpt lat="44.1418776" lon="7.2744384"><ele>2469.2</ele><time>2026-04-03T10:46:02Z</time></trkpt>
      <trkpt lat="44.1420855" lon="7.2744628"><ele>2461.8</ele><time>2026-04-03T11:17:19Z</time></trkpt>
      <trkpt lat="44.1426624" lon="7.2739544"><ele>2451.1</ele><time>2026-04-03T11:17:30Z</time></trkpt>
      <trkpt lat="44.142727" lon="7.273003"><ele>2434.0</ele><time>2026-04-03T11:17:38Z</time></trkpt>
      <trkpt lat="44.1424878" lon="7.2720925"><ele>2430.6</ele><time>2026-04-03T11:17:47Z</time></trkpt>
      <trkpt lat="44.1425458" lon="7.271666"><ele>2429.4</ele><time>2026-04-03T11:17:54Z</time></trkpt>
      <trkpt lat="44.143891" lon="7.2708345"><ele>2416.4</ele><time>2026-04-03T11:18:27Z</time></trkpt>
      <trkpt lat="44.1440709" lon="7.2705909"><ele>2415.0</ele><time>2026-04-03T11:18:31Z</time></trkpt>
      <trkpt lat="44.1439864" lon="7.2702606"><ele>2406.8</ele><time>2026-04-03T11:18:35Z</time></trkpt>
      <trkpt lat="44.1439764" lon="7.2667059"><ele>2379.9</ele><time>2026-04-03T11:19:18Z</time></trkpt>
      <trkpt lat="44.1436448" lon="7.2660433"><ele>2378.4</ele><time>2026-04-03T11:20:39Z</time></trkpt>
      <trkpt lat="44.1439969" lon="7.2662077"><ele>2386.0</ele><time>2026-04-03T11:33:51Z</time></trkpt>
      <trkpt lat="44.1439208" lon="7.2657414"><ele>2389.9</ele><time>2026-04-03T11:34:46Z</time></trkpt>
      <trkpt lat="44.1440979" lon="7.2656974"><ele>2393.1</ele><time>2026-04-03T11:35:19Z</time></trkpt>
      <trkpt lat="44.1443025" lon="7.2650898"><ele>2407.2</ele><time>2026-04-03T11:36:51Z</time></trkpt>
      <trkpt lat="44.1448242" lon="7.2644623"><ele>2423.8</ele><time>2026-04-03T11:38:40Z</time></trkpt>
      <trkpt lat="44.1450792" lon="7.2637536"><ele>2435.1</ele><time>2026-04-03T11:40:02Z</time></trkpt>
      <trkpt lat="44.1452258" lon="7.2626713"><ele>2456.2</ele><time>2026-04-03T11:42:02Z</time></trkpt>
      <trkpt lat="44.1449553" lon="7.2619999"><ele>2470.0</ele><time>2026-04-03T11:43:20Z</time></trkpt>
      <trkpt lat="44.1455878" lon="7.2621024"><ele>2482.3</ele><time>2026-04-03T11:45:15Z</time></trkpt>
      <trkpt lat="44.1454843" lon="7.261859"><ele>2493.5</ele><time>2026-04-03T11:46:03Z</time></trkpt>
      <trkpt lat="44.1460783" lon="7.2621016"><ele>2510.9</ele><time>2026-04-03T11:48:06Z</time></trkpt>
      <trkpt lat="44.1458578" lon="7.2614034"><ele>2528.4</ele><time>2026-04-03T11:50:01Z</time></trkpt>
      <trkpt lat="44.145993" lon="7.2613899"><ele>2531.0</ele><time>2026-04-03T11:50:28Z</time></trkpt>
      <trkpt lat="44.1459956" lon="7.2612043"><ele>2537.6</ele><time>2026-04-03T11:51:03Z</time></trkpt>
      <trkpt lat="44.1465638" lon="7.2613873"><ele>2556.2</ele><time>2026-04-03T11:54:30Z</time></trkpt>
      <trkpt lat="44.1466212" lon="7.2610459"><ele>2565.3</ele><time>2026-04-03T11:55:27Z</time></trkpt>
      <trkpt lat="44.1468174" lon="7.2612097"><ele>2570.6</ele><time>2026-04-03T11:56:13Z</time></trkpt>
      <trkpt lat="44.1467774" lon="7.2608498"><ele>2581.1</ele><time>2026-04-03T11:57:00Z</time></trkpt>
      <trkpt lat="44.1471143" lon="7.2612106"><ele>2581.5</ele><time>2026-04-03T11:59:46Z</time></trkpt>
      <trkpt lat="44.1471544" lon="7.2609845"><ele>2579.4</ele><time>2026-04-03T12:07:03Z</time></trkpt>
      <trkpt lat="44.1478096" lon="7.2608406"><ele>2562.0</ele><time>2026-04-03T12:07:11Z</time></trkpt>
      <trkpt lat="44.147938" lon="7.2607498"><ele>2561.2</ele><time>2026-04-03T12:07:14Z</time></trkpt>
      <trkpt lat="44.1479385" lon="7.2604725"><ele>2557.5</ele><time>2026-04-03T12:07:18Z</time></trkpt>
      <trkpt lat="44.1481123" lon="7.2604916"><ele>2557.1</ele><time>2026-04-03T12:07:19Z</time></trkpt>
      <trkpt lat="44.1482512" lon="7.2600047"><ele>2551.5</ele><time>2026-04-03T12:07:24Z</time></trkpt>
      <trkpt lat="44.1487195" lon="7.2592728"><ele>2534.9</ele><time>2026-04-03T12:07:31Z</time></trkpt>
      <trkpt lat="44.1496938" lon="7.2591573"><ele>2507.6</ele><time>2026-04-03T12:09:40Z</time></trkpt>
      <trkpt lat="44.1498628" lon="7.2589347"><ele>2490.1</ele><time>2026-04-03T12:09:50Z</time></trkpt>
      <trkpt lat="44.1501311" lon="7.2589676"><ele>2485.4</ele><time>2026-04-03T12:10:00Z</time></trkpt>
      <trkpt lat="44.1500009" lon="7.2588557"><ele>2474.1</ele><time>2026-04-03T12:10:52Z</time></trkpt>
      <trkpt lat="44.1501332" lon="7.2587873"><ele>2470.7</ele><time>2026-04-03T12:10:55Z</time></trkpt>
      <trkpt lat="44.1508984" lon="7.25868"><ele>2458.1</ele><time>2026-04-03T12:11:07Z</time></trkpt>
      <trkpt lat="44.1513736" lon="7.2581957"><ele>2448.9</ele><time>2026-04-03T12:11:21Z</time></trkpt>
      <trkpt lat="44.1509564" lon="7.2578043"><ele>2419.6</ele><time>2026-04-03T12:13:01Z</time></trkpt>
      <trkpt lat="44.1501857" lon="7.2520953"><ele>2378.5</ele><time>2026-04-03T12:14:21Z</time></trkpt>
      <trkpt lat="44.1499579" lon="7.2512543"><ele>2372.3</ele><time>2026-04-03T12:14:31Z</time></trkpt>
      <trkpt lat="44.1495365" lon="7.2505591"><ele>2366.2</ele><time>2026-04-03T12:14:46Z</time></trkpt>
      <trkpt lat="44.1498286" lon="7.2493159"><ele>2359.7</ele><time>2026-04-03T12:15:22Z</time></trkpt>
      <trkpt lat="44.1501112" lon="7.2489627"><ele>2356.2</ele><time>2026-04-03T12:15:40Z</time></trkpt>
      <trkpt lat="44.1507344" lon="7.2495498"><ele>2351.3</ele><time>2026-04-03T12:16:14Z</time></trkpt>
      <trkpt lat="44.151283" lon="7.2493527"><ele>2345.9</ele><time>2026-04-03T12:16:28Z</time></trkpt>
      <trkpt lat="44.1514237" lon="7.2488814"><ele>2332.5</ele><time>2026-04-03T12:16:34Z</time></trkpt>
      <trkpt lat="44.151455" lon="7.2476619"><ele>2308.4</ele><time>2026-04-03T12:16:46Z</time></trkpt>
      <trkpt lat="44.1518079" lon="7.2468779"><ele>2306.9</ele><time>2026-04-03T12:17:20Z</time></trkpt>
      <trkpt lat="44.1524978" lon="7.2462694"><ele>2311.0</ele><time>2026-04-03T12:27:36Z</time></trkpt>
      <trkpt lat="44.1526745" lon="7.2464753"><ele>2316.7</ele><time>2026-04-03T12:28:12Z</time></trkpt>
      <trkpt lat="44.1530074" lon="7.2463309"><ele>2326.1</ele><time>2026-04-03T12:29:12Z</time></trkpt>
      <trkpt lat="44.1533572" lon="7.2456263"><ele>2336.6</ele><time>2026-04-03T12:30:35Z</time></trkpt>
      <trkpt lat="44.1554696" lon="7.2448755"><ele>2369.6</ele><time>2026-04-03T12:35:02Z</time></trkpt>
      <trkpt lat="44.1556574" lon="7.2445192"><ele>2372.7</ele><time>2026-04-03T12:35:47Z</time></trkpt>
      <trkpt lat="44.1557367" lon="7.244924"><ele>2381.0</ele><time>2026-04-03T12:36:35Z</time></trkpt>
      <trkpt lat="44.1558293" lon="7.2444919"><ele>2387.3</ele><time>2026-04-03T12:37:26Z</time></trkpt>
      <trkpt lat="44.155924" lon="7.2446155"><ele>2390.4</ele><time>2026-04-03T12:37:53Z</time></trkpt>
      <trkpt lat="44.156018" lon="7.2443467"><ele>2395.4</ele><time>2026-04-03T12:38:30Z</time></trkpt>
      <trkpt lat="44.156133" lon="7.244548"><ele>2399.5</ele><time>2026-04-03T12:39:00Z</time></trkpt>
      <trkpt lat="44.1562565" lon="7.2443575"><ele>2401.8</ele><time>2026-04-03T12:39:29Z</time></trkpt>
      <trkpt lat="44.156393" lon="7.2444589"><ele>2406.1</ele><time>2026-04-03T12:40:00Z</time></trkpt>
      <trkpt lat="44.1565709" lon="7.2442744"><ele>2411.5</ele><time>2026-04-03T12:40:31Z</time></trkpt>
      <trkpt lat="44.15662" lon="7.2445268"><ele>2412.8</ele><time>2026-04-03T12:41:01Z</time></trkpt>
      <trkpt lat="44.1570577" lon="7.2443288"><ele>2428.6</ele><time>2026-04-03T12:42:05Z</time></trkpt>
      <trkpt lat="44.1571063" lon="7.2446419"><ele>2432.2</ele><time>2026-04-03T12:43:25Z</time></trkpt>
      <trkpt lat="44.157373" lon="7.2443165"><ele>2439.6</ele><time>2026-04-03T12:44:18Z</time></trkpt>
      <trkpt lat="44.1574382" lon="7.2446856"><ele>2444.9</ele><time>2026-04-03T12:44:58Z</time></trkpt>
      <trkpt lat="44.1576116" lon="7.2443321"><ele>2454.1</ele><time>2026-04-03T12:45:42Z</time></trkpt>
      <trkpt lat="44.1577175" lon="7.2445236"><ele>2458.6</ele><time>2026-04-03T12:46:07Z</time></trkpt>
      <trkpt lat="44.1578309" lon="7.2442503"><ele>2463.7</ele><time>2026-04-03T12:46:44Z</time></trkpt>
      <trkpt lat="44.1579489" lon="7.2445189"><ele>2468.2</ele><time>2026-04-03T12:47:14Z</time></trkpt>
      <trkpt lat="44.158057" lon="7.2444277"><ele>2472.1</ele><time>2026-04-03T12:47:51Z</time></trkpt>
      <trkpt lat="44.1580507" lon="7.2449042"><ele>2483.3</ele><time>2026-04-03T12:48:52Z</time></trkpt>
      <trkpt lat="44.1581324" lon="7.2449489"><ele>2485.5</ele><time>2026-04-03T12:49:09Z</time></trkpt>
      <trkpt lat="44.1589261" lon="7.2447251"><ele>2497.9</ele><time>2026-04-03T12:51:07Z</time></trkpt>
      <trkpt lat="44.1594166" lon="7.2443327"><ele>2491.0</ele><time>2026-04-03T12:51:51Z</time></trkpt>
      <trkpt lat="44.1600775" lon="7.2440647"><ele>2495.1</ele><time>2026-04-03T12:52:52Z</time></trkpt>
      <trkpt lat="44.160438" lon="7.2441576"><ele>2500.5</ele><time>2026-04-03T12:57:44Z</time></trkpt>
      <trkpt lat="44.1604935" lon="7.2446017"><ele>2506.0</ele><time>2026-04-03T12:58:31Z</time></trkpt>
      <trkpt lat="44.1607175" lon="7.2445544"><ele>2512.8</ele><time>2026-04-03T12:59:03Z</time></trkpt>
      <trkpt lat="44.1609161" lon="7.2440838"><ele>2522.3</ele><time>2026-04-03T12:59:55Z</time></trkpt>
      <trkpt lat="44.161166" lon="7.2444102"><ele>2524.9</ele><time>2026-04-03T13:00:38Z</time></trkpt>
      <trkpt lat="44.1612013" lon="7.2447258"><ele>2529.0</ele><time>2026-04-03T13:01:08Z</time></trkpt>
      <trkpt lat="44.161401" lon="7.2444931"><ele>2533.0</ele><time>2026-04-03T13:01:47Z</time></trkpt>
      <trkpt lat="44.1613714" lon="7.2441151"><ele>2542.5</ele><time>2026-04-03T13:02:20Z</time></trkpt>
      <trkpt lat="44.1617902" lon="7.2444319"><ele>2549.6</ele><time>2026-04-03T13:03:21Z</time></trkpt>
      <trkpt lat="44.1619086" lon="7.244707"><ele>2555.7</ele><time>2026-04-03T13:03:50Z</time></trkpt>
      <trkpt lat="44.1622375" lon="7.2444245"><ele>2562.9</ele><time>2026-04-03T13:04:40Z</time></trkpt>
      <trkpt lat="44.1622594" lon="7.2440448"><ele>2566.4</ele><time>2026-04-03T13:05:16Z</time></trkpt>
      <trkpt lat="44.1629523" lon="7.2435124"><ele>2580.4</ele><time>2026-04-03T13:06:56Z</time></trkpt>
      <trkpt lat="44.1630707" lon="7.2438135"><ele>2586.8</ele><time>2026-04-03T13:07:48Z</time></trkpt>
      <trkpt lat="44.1633593" lon="7.2433918"><ele>2591.9</ele><time>2026-04-03T13:08:40Z</time></trkpt>
      <trkpt lat="44.1639057" lon="7.2429949"><ele>2601.5</ele><time>2026-04-03T13:10:04Z</time></trkpt>
      <trkpt lat="44.1651517" lon="7.2424033"><ele>2623.0</ele><time>2026-04-03T13:12:58Z</time></trkpt>
      <trkpt lat="44.1654379" lon="7.2424372"><ele>2626.4</ele><time>2026-04-03T13:13:34Z</time></trkpt>
      <trkpt lat="44.1657191" lon="7.2427975"><ele>2635.7</ele><time>2026-04-03T13:14:22Z</time></trkpt>
      <trkpt lat="44.1659536" lon="7.2421795"><ele>2641.6</ele><time>2026-04-03T13:15:33Z</time></trkpt>
      <trkpt lat="44.1662943" lon="7.2424996"><ele>2652.6</ele><time>2026-04-03T13:16:29Z</time></trkpt>
      <trkpt lat="44.1664103" lon="7.2429476"><ele>2660.5</ele><time>2026-04-03T13:17:17Z</time></trkpt>
      <trkpt lat="44.1675271" lon="7.2425599"><ele>2679.8</ele><time>2026-04-03T13:19:42Z</time></trkpt>
      <trkpt lat="44.1686673" lon="7.2425642"><ele>2701.0</ele><time>2026-04-03T13:22:21Z</time></trkpt>
      <trkpt lat="44.1689408" lon="7.2427735"><ele>2709.2</ele><time>2026-04-03T13:23:09Z</time></trkpt>
      <trkpt lat="44.1689821" lon="7.2431796"><ele>2717.5</ele><time>2026-04-03T13:31:16Z</time></trkpt>
      <trkpt lat="44.1691687" lon="7.2428827"><ele>2719.5</ele><time>2026-04-03T13:31:58Z</time></trkpt>
      <trkpt lat="44.1691748" lon="7.2421277"><ele>2727.7</ele><time>2026-04-03T13:33:12Z</time></trkpt>
      <trkpt lat="44.1692762" lon="7.2420096"><ele>2731.0</ele><time>2026-04-03T13:33:36Z</time></trkpt>
      <trkpt lat="44.1697559" lon="7.2428712"><ele>2749.6</ele><time>2026-04-03T13:36:00Z</time></trkpt>
      <trkpt lat="44.1699198" lon="7.2435035"><ele>2758.9</ele><time>2026-04-03T13:37:10Z</time></trkpt>
      <trkpt lat="44.1702938" lon="7.2424815"><ele>2775.6</ele><time>2026-04-03T13:39:16Z</time></trkpt>
      <trkpt lat="44.1704244" lon="7.2425112"><ele>2780.0</ele><time>2026-04-03T13:39:37Z</time></trkpt>
      <trkpt lat="44.1707082" lon="7.2435193"><ele>2796.9</ele><time>2026-04-03T13:41:42Z</time></trkpt>
      <trkpt lat="44.1709465" lon="7.2432237"><ele>2802.8</ele><time>2026-04-03T13:42:31Z</time></trkpt>
      <trkpt lat="44.171666" lon="7.2434354"><ele>2812.8</ele><time>2026-04-03T13:44:06Z</time></trkpt>
      <trkpt lat="44.1717446" lon="7.2436093"><ele>2811.3</ele><time>2026-04-03T13:44:36Z</time></trkpt>
      <trkpt lat="44.171731" lon="7.2434345"><ele>2816.1</ele><time>2026-04-03T14:02:37Z</time></trkpt>
      <trkpt lat="44.1720671" lon="7.2435602"><ele>2778.7</ele><time>2026-04-03T14:10:54Z</time></trkpt>
      <trkpt lat="44.1731248" lon="7.243179"><ele>2701.8</ele><time>2026-04-03T14:14:03Z</time></trkpt>
      <trkpt lat="44.1735634" lon="7.2435189"><ele>2695.5</ele><time>2026-04-03T14:14:17Z</time></trkpt>
      <trkpt lat="44.1739827" lon="7.2435972"><ele>2690.1</ele><time>2026-04-03T14:14:25Z</time></trkpt>
      <trkpt lat="44.174412" lon="7.2429766"><ele>2671.2</ele><time>2026-04-03T14:14:36Z</time></trkpt>
      <trkpt lat="44.1757496" lon="7.2426792"><ele>2648.1</ele><time>2026-04-03T14:15:12Z</time></trkpt>
      <trkpt lat="44.1756493" lon="7.2424319"><ele>2635.0</ele><time>2026-04-03T14:15:21Z</time></trkpt>
      <trkpt lat="44.1758928" lon="7.2425038"><ele>2626.2</ele><time>2026-04-03T14:15:30Z</time></trkpt>
      <trkpt lat="44.1761373" lon="7.241884"><ele>2616.4</ele><time>2026-04-03T14:15:45Z</time></trkpt>
      <trkpt lat="44.1760522" lon="7.2426573"><ele>2600.6</ele><time>2026-04-03T14:17:54Z</time></trkpt>
      <trkpt lat="44.1762394" lon="7.2427101"><ele>2594.0</ele><time>2026-04-03T14:18:00Z</time></trkpt>
      <trkpt lat="44.1762657" lon="7.2425276"><ele>2585.6</ele><time>2026-04-03T14:19:32Z</time></trkpt>
      <trkpt lat="44.176357" lon="7.2425537"><ele>2578.3</ele><time>2026-04-03T14:19:55Z</time></trkpt>
      <trkpt lat="44.1766021" lon="7.2431926"><ele>2556.8</ele><time>2026-04-03T14:21:36Z</time></trkpt>
      <trkpt lat="44.1766507" lon="7.2429782"><ele>2552.6</ele><time>2026-04-03T14:21:42Z</time></trkpt>
      <trkpt lat="44.1769089" lon="7.2430442"><ele>2539.7</ele><time>2026-04-03T14:21:50Z</time></trkpt>
      <trkpt lat="44.17704" lon="7.244087"><ele>2506.3</ele><time>2026-04-03T14:22:14Z</time></trkpt>
      <trkpt lat="44.1772251" lon="7.2446796"><ele>2497.5</ele><time>2026-04-03T14:22:35Z</time></trkpt>
      <trkpt lat="44.1776216" lon="7.2453334"><ele>2489.0</ele><time>2026-04-03T14:22:50Z</time></trkpt>
      <trkpt lat="44.1779521" lon="7.2452909"><ele>2477.2</ele><time>2026-04-03T14:26:24Z</time></trkpt>
      <trkpt lat="44.1781778" lon="7.2451069"><ele>2463.9</ele><time>2026-04-03T14:26:30Z</time></trkpt>
      <trkpt lat="44.17816" lon="7.2449484"><ele>2450.8</ele><time>2026-04-03T14:26:34Z</time></trkpt>
      <trkpt lat="44.178399" lon="7.245111"><ele>2448.4</ele><time>2026-04-03T14:26:38Z</time></trkpt>
      <trkpt lat="44.1791427" lon="7.245048"><ele>2401.8</ele><time>2026-04-03T14:28:18Z</time></trkpt>
      <trkpt lat="44.1794087" lon="7.2446404"><ele>2375.9</ele><time>2026-04-03T14:28:26Z</time></trkpt>
      <trkpt lat="44.1793834" lon="7.2444995"><ele>2373.3</ele><time>2026-04-03T14:28:27Z</time></trkpt>
      <trkpt lat="44.1797876" lon="7.2446021"><ele>2351.5</ele><time>2026-04-03T14:28:36Z</time></trkpt>
      <trkpt lat="44.1798475" lon="7.2428933"><ele>2324.3</ele><time>2026-04-03T14:29:19Z</time></trkpt>
      <trkpt lat="44.1800168" lon="7.2426051"><ele>2311.6</ele><time>2026-04-03T14:33:09Z</time></trkpt>
      <trkpt lat="44.180671" lon="7.2423804"><ele>2301.2</ele><time>2026-04-03T14:33:19Z</time></trkpt>
      <trkpt lat="44.1810811" lon="7.2415948"><ele>2289.0</ele><time>2026-04-03T14:33:26Z</time></trkpt>
      <trkpt lat="44.1819251" lon="7.2409045"><ele>2269.4</ele><time>2026-04-03T14:33:38Z</time></trkpt>
      <trkpt lat="44.1826539" lon="7.2407057"><ele>2252.6</ele><time>2026-04-03T14:33:50Z</time></trkpt>
      <trkpt lat="44.183162" lon="7.2403782"><ele>2240.0</ele><time>2026-04-03T14:33:59Z</time></trkpt>
      <trkpt lat="44.1841186" lon="7.2403024"><ele>2228.4</ele><time>2026-04-03T14:34:33Z</time></trkpt>
      <trkpt lat="44.1842997" lon="7.2397842"><ele>2217.5</ele><time>2026-04-03T14:35:49Z</time></trkpt>
      <trkpt lat="44.185016" lon="7.23886"><ele>2196.8</ele><time>2026-04-03T14:36:02Z</time></trkpt>
      <trkpt lat="44.1852803" lon="7.238265"><ele>2189.6</ele><time>2026-04-03T14:36:07Z</time></trkpt>
      <trkpt lat="44.185695" lon="7.2378215"><ele>2179.9</ele><time>2026-04-03T14:36:14Z</time></trkpt>
      <trkpt lat="44.1860678" lon="7.2371016"><ele>2158.1</ele><time>2026-04-03T14:36:27Z</time></trkpt>
      <trkpt lat="44.1866431" lon="7.2365542"><ele>2135.4</ele><time>2026-04-03T14:36:37Z</time></trkpt>
      <trkpt lat="44.1871961" lon="7.2355849"><ele>2118.0</ele><time>2026-04-03T14:37:09Z</time></trkpt>
      <trkpt lat="44.1872048" lon="7.234995"><ele>2099.4</ele><time>2026-04-03T14:39:01Z</time></trkpt>
      <trkpt lat="44.187405" lon="7.2341958"><ele>2085.7</ele><time>2026-04-03T14:39:09Z</time></trkpt>
      <trkpt lat="44.1877405" lon="7.233675"><ele>2083.8</ele><time>2026-04-03T14:39:19Z</time></trkpt>
      <trkpt lat="44.1878761" lon="7.2327218"><ele>2074.8</ele><time>2026-04-03T14:39:42Z</time></trkpt>
      <trkpt lat="44.1883543" lon="7.2321478"><ele>2065.7</ele><time>2026-04-03T14:40:06Z</time></trkpt>
      <trkpt lat="44.1891861" lon="7.2307078"><ele>2045.5</ele><time>2026-04-03T14:40:47Z</time></trkpt>
      <trkpt lat="44.1896429" lon="7.2305551"><ele>2034.5</ele><time>2026-04-03T14:43:26Z</time></trkpt>
      <trkpt lat="44.1901436" lon="7.2301672"><ele>2016.9</ele><time>2026-04-03T14:43:34Z</time></trkpt>
      <trkpt lat="44.1901781" lon="7.2299601"><ele>2017.0</ele><time>2026-04-03T14:43:58Z</time></trkpt>
      <trkpt lat="44.1902184" lon="7.2301452"><ele>2011.5</ele><time>2026-04-03T14:44:17Z</time></trkpt>
      <trkpt lat="44.1910624" lon="7.230145"><ele>1985.5</ele><time>2026-04-03T14:44:50Z</time></trkpt>
      <trkpt lat="44.1911626" lon="7.230021"><ele>1974.8</ele><time>2026-04-03T14:45:03Z</time></trkpt>
      <trkpt lat="44.1914735" lon="7.2302799"><ele>1962.9</ele><time>2026-04-03T14:45:57Z</time></trkpt>
      <trkpt lat="44.1916212" lon="7.2300889"><ele>1954.6</ele><time>2026-04-03T14:46:14Z</time></trkpt>
      <trkpt lat="44.1920412" lon="7.2300161"><ele>1936.7</ele><time>2026-04-03T14:46:22Z</time></trkpt>
      <trkpt lat="44.1927941" lon="7.2303771"><ele>1893.8</ele><time>2026-04-03T14:46:39Z</time></trkpt>
      <trkpt lat="44.1931729" lon="7.2309861"><ele>1879.1</ele><time>2026-04-03T14:49:47Z</time></trkpt>
      <trkpt lat="44.1939909" lon="7.2315464"><ele>1852.8</ele><time>2026-04-03T14:50:09Z</time></trkpt>
      <trkpt lat="44.1945599" lon="7.232286"><ele>1831.7</ele><time>2026-04-03T14:50:24Z</time></trkpt>
      <trkpt lat="44.1961341" lon="7.2335262"><ele>1784.5</ele><time>2026-04-03T14:51:00Z</time></trkpt>
      <trkpt lat="44.1967937" lon="7.2334404"><ele>1765.5</ele><time>2026-04-03T14:51:07Z</time></trkpt>
      <trkpt lat="44.1974878" lon="7.2337589"><ele>1763.4</ele><time>2026-04-03T14:51:22Z</time></trkpt>
      <trkpt lat="44.1984026" lon="7.2338285"><ele>1765.6</ele><time>2026-04-03T14:52:22Z</time></trkpt>
      <trkpt lat="44.1987414" lon="7.2331292"><ele>1771.7</ele><time>2026-04-03T14:53:04Z</time></trkpt>
      <trkpt lat="44.1987571" lon="7.2327892"><ele>1763.4</ele><time>2026-04-03T14:56:35Z</time></trkpt>
      <trkpt lat="44.198228" lon="7.2319452"><ele>1796.4</ele><time>2026-04-04T05:20:02Z</time></trkpt>
      <trkpt lat="44.1979566" lon="7.2314604"><ele>1772.0</ele><time>2026-04-04T05:20:51Z</time></trkpt>
      <trkpt lat="44.1977917" lon="7.2304826"><ele>1787.5</ele><time>2026-04-04T05:22:15Z</time></trkpt>
      <trkpt lat="44.1980299" lon="7.2299196"><ele>1789.7</ele><time>2026-04-04T05:23:05Z</time></trkpt>
      <trkpt lat="44.1979756" lon="7.2293972"><ele>1794.1</ele><time>2026-04-04T05:23:46Z</time></trkpt>
      <trkpt lat="44.1985188" lon="7.2292001"><ele>1804.4</ele><time>2026-04-04T05:24:54Z</time></trkpt>
      <trkpt lat="44.1981269" lon="7.2281676"><ele>1806.2</ele><time>2026-04-04T05:26:13Z</time></trkpt>
      <trkpt lat="44.1977007" lon="7.2275474"><ele>1811.1</ele><time>2026-04-04T05:27:11Z</time></trkpt>
      <trkpt lat="44.1974732" lon="7.226398"><ele>1825.8</ele><time>2026-04-04T05:28:58Z</time></trkpt>
      <trkpt lat="44.1978226" lon="7.2263746"><ele>1826.8</ele><time>2026-04-04T05:34:29Z</time></trkpt>
      <trkpt lat="44.1976573" lon="7.2259908"><ele>1834.2</ele><time>2026-04-04T05:35:18Z</time></trkpt>
      <trkpt lat="44.197798" lon="7.2259324"><ele>1833.3</ele><time>2026-04-04T05:36:02Z</time></trkpt>
      <trkpt lat="44.1976128" lon="7.2256012"><ele>1842.1</ele><time>2026-04-04T05:36:48Z</time></trkpt>
      <trkpt lat="44.1981775" lon="7.2256928"><ele>1855.2</ele><time>2026-04-04T05:38:15Z</time></trkpt>
      <trkpt lat="44.1977973" lon="7.2251492"><ele>1867.3</ele><time>2026-04-04T05:39:34Z</time></trkpt>
      <trkpt lat="44.198151" lon="7.2252174"><ele>1872.4</ele><time>2026-04-04T05:40:31Z</time></trkpt>
      <trkpt lat="44.1978657" lon="7.2247072"><ele>1883.6</ele><time>2026-04-04T05:42:17Z</time></trkpt>
      <trkpt lat="44.19829" lon="7.2246571"><ele>1897.6</ele><time>2026-04-04T05:43:26Z</time></trkpt>
      <trkpt lat="44.1977672" lon="7.224026"><ele>1905.6</ele><time>2026-04-04T05:45:08Z</time></trkpt>
      <trkpt lat="44.1986791" lon="7.2241545"><ele>1930.0</ele><time>2026-04-04T05:47:30Z</time></trkpt>
      <trkpt lat="44.1984692" lon="7.2239335"><ele>1932.9</ele><time>2026-04-04T05:48:13Z</time></trkpt>
      <trkpt lat="44.198643" lon="7.2238983"><ele>1937.2</ele><time>2026-04-04T05:48:49Z</time></trkpt>
      <trkpt lat="44.1989232" lon="7.2240792"><ele>1953.0</ele><time>2026-04-04T05:49:31Z</time></trkpt>
      <trkpt lat="44.1986142" lon="7.2236198"><ele>1949.7</ele><time>2026-04-04T05:50:37Z</time></trkpt>
      <trkpt lat="44.1990355" lon="7.2237347"><ele>1967.6</ele><time>2026-04-04T06:00:22Z</time></trkpt>
      <trkpt lat="44.1991928" lon="7.2236207"><ele>1978.9</ele><time>2026-04-04T06:03:25Z</time></trkpt>
      <trkpt lat="44.2001721" lon="7.2241665"><ele>2006.0</ele><time>2026-04-04T06:10:16Z</time></trkpt>
      <trkpt lat="44.1999526" lon="7.2237703"><ele>2013.0</ele><time>2026-04-04T06:11:06Z</time></trkpt>
      <trkpt lat="44.2004739" lon="7.2239883"><ele>2029.1</ele><time>2026-04-04T06:12:34Z</time></trkpt>
      <trkpt lat="44.2004506" lon="7.2237936"><ele>2029.6</ele><time>2026-04-04T06:12:56Z</time></trkpt>
      <trkpt lat="44.200736" lon="7.2240936"><ele>2040.5</ele><time>2026-04-04T06:15:51Z</time></trkpt>
      <trkpt lat="44.2008272" lon="7.2240348"><ele>2041.4</ele><time>2026-04-04T06:16:35Z</time></trkpt>
      <trkpt lat="44.2007834" lon="7.2238525"><ele>2044.7</ele><time>2026-04-04T06:16:54Z</time></trkpt>
      <trkpt lat="44.201139" lon="7.22399"><ele>2057.2</ele><time>2026-04-04T06:18:13Z</time></trkpt>
      <trkpt lat="44.2015142" lon="7.2234532"><ele>2068.3</ele><time>2026-04-04T06:19:44Z</time></trkpt>
      <trkpt lat="44.2020263" lon="7.2230814"><ele>2078.5</ele><time>2026-04-04T06:21:09Z</time></trkpt>
      <trkpt lat="44.2022988" lon="7.2226168"><ele>2087.4</ele><time>2026-04-04T06:22:11Z</time></trkpt>
      <trkpt lat="44.2033022" lon="7.2222498"><ele>2102.3</ele><time>2026-04-04T06:24:30Z</time></trkpt>
      <trkpt lat="44.2037408" lon="7.2223846"><ele>2115.0</ele><time>2026-04-04T06:25:47Z</time></trkpt>
      <trkpt lat="44.2042661" lon="7.222127"><ele>2124.2</ele><time>2026-04-04T06:27:12Z</time></trkpt>
      <trkpt lat="44.2042499" lon="7.2224507"><ele>2135.5</ele><time>2026-04-04T06:28:43Z</time></trkpt>
      <trkpt lat="44.204773" lon="7.2229064"><ele>2152.0</ele><time>2026-04-04T06:30:27Z</time></trkpt>
      <trkpt lat="44.2049731" lon="7.2227953"><ele>2155.7</ele><time>2026-04-04T06:31:04Z</time></trkpt>
      <trkpt lat="44.2050175" lon="7.222973"><ele>2158.8</ele><time>2026-04-04T06:31:27Z</time></trkpt>
      <trkpt lat="44.2053566" lon="7.2227794"><ele>2165.4</ele><time>2026-04-04T06:32:29Z</time></trkpt>
      <trkpt lat="44.2061627" lon="7.2231359"><ele>2172.3</ele><time>2026-04-04T06:34:09Z</time></trkpt>
      <trkpt lat="44.2073057" lon="7.223057"><ele>2176.5</ele><time>2026-04-04T06:35:51Z</time></trkpt>
      <trkpt lat="44.2083323" lon="7.2227088"><ele>2182.6</ele><time>2026-04-04T06:38:10Z</time></trkpt>
      <trkpt lat="44.2093862" lon="7.2226326"><ele>2192.7</ele><time>2026-04-04T06:40:32Z</time></trkpt>
      <trkpt lat="44.2098504" lon="7.2226811"><ele>2201.8</ele><time>2026-04-04T06:41:38Z</time></trkpt>
      <trkpt lat="44.2101946" lon="7.2230133"><ele>2214.2</ele><time>2026-04-04T06:42:46Z</time></trkpt>
      <trkpt lat="44.2104883" lon="7.2230483"><ele>2218.2</ele><time>2026-04-04T06:43:25Z</time></trkpt>
      <trkpt lat="44.2108349" lon="7.2225991"><ele>2226.5</ele><time>2026-04-04T06:44:25Z</time></trkpt>
      <trkpt lat="44.211423" lon="7.2222493"><ele>2232.0</ele><time>2026-04-04T06:46:09Z</time></trkpt>
      <trkpt lat="44.2112685" lon="7.2219829"><ele>2248.7</ele><time>2026-04-04T06:46:53Z</time></trkpt>
      <trkpt lat="44.211759" lon="7.221559"><ele>2259.9</ele><time>2026-04-04T06:49:00Z</time></trkpt>
      <trkpt lat="44.2116268" lon="7.2216096"><ele>2265.6</ele><time>2026-04-04T06:54:41Z</time></trkpt>
      <trkpt lat="44.2119938" lon="7.2217752"><ele>2270.7</ele><time>2026-04-04T06:57:13Z</time></trkpt>
      <trkpt lat="44.2121878" lon="7.2224004"><ele>2284.4</ele><time>2026-04-04T06:58:48Z</time></trkpt>
      <trkpt lat="44.2123509" lon="7.2221728"><ele>2288.3</ele><time>2026-04-04T06:59:26Z</time></trkpt>
      <trkpt lat="44.2123547" lon="7.2223723"><ele>2295.4</ele><time>2026-04-04T07:00:10Z</time></trkpt>
      <trkpt lat="44.2126475" lon="7.2221808"><ele>2299.6</ele><time>2026-04-04T07:01:06Z</time></trkpt>
      <trkpt lat="44.2126858" lon="7.2224436"><ele>2310.9</ele><time>2026-04-04T07:02:05Z</time></trkpt>
      <trkpt lat="44.212857" lon="7.2222618"><ele>2314.2</ele><time>2026-04-04T07:02:48Z</time></trkpt>
      <trkpt lat="44.2128858" lon="7.2224881"><ele>2324.5</ele><time>2026-04-04T07:03:39Z</time></trkpt>
      <trkpt lat="44.2130432" lon="7.2224057"><ele>2328.6</ele><time>2026-04-04T07:04:23Z</time></trkpt>
      <trkpt lat="44.2131026" lon="7.2226248"><ele>2338.2</ele><time>2026-04-04T07:05:43Z</time></trkpt>
      <trkpt lat="44.213278" lon="7.2225009"><ele>2343.5</ele><time>2026-04-04T07:06:28Z</time></trkpt>
      <trkpt lat="44.2132428" lon="7.2227647"><ele>2346.2</ele><time>2026-04-04T07:06:58Z</time></trkpt>
      <trkpt lat="44.213471" lon="7.2228129"><ele>2358.7</ele><time>2026-04-04T07:08:07Z</time></trkpt>
      <trkpt lat="44.2132603" lon="7.2230584"><ele>2365.4</ele><time>2026-04-04T07:08:51Z</time></trkpt>
      <trkpt lat="44.2133491" lon="7.2230913"><ele>2368.8</ele><time>2026-04-04T07:09:10Z</time></trkpt>
      <trkpt lat="44.2136433" lon="7.2228618"><ele>2373.2</ele><time>2026-04-04T07:09:49Z</time></trkpt>
      <trkpt lat="44.2137146" lon="7.2222448"><ele>2382.9</ele><time>2026-04-04T07:11:02Z</time></trkpt>
      <trkpt lat="44.213937" lon="7.2225654"><ele>2388.9</ele><time>2026-04-04T07:12:03Z</time></trkpt>
      <trkpt lat="44.2139457" lon="7.2218904"><ele>2405.5</ele><time>2026-04-04T07:13:23Z</time></trkpt>
      <trkpt lat="44.2142793" lon="7.2222133"><ele>2413.6</ele><time>2026-04-04T07:14:35Z</time></trkpt>
      <trkpt lat="44.214405" lon="7.2225769"><ele>2416.8</ele><time>2026-04-04T07:15:23Z</time></trkpt>
      <trkpt lat="44.2144916" lon="7.2223963"><ele>2426.9</ele><time>2026-04-04T07:15:54Z</time></trkpt>
      <trkpt lat="44.2146095" lon="7.22252"><ele>2430.3</ele><time>2026-04-04T07:16:37Z</time></trkpt>
      <trkpt lat="44.2146663" lon="7.2222693"><ele>2437.2</ele><time>2026-04-04T07:17:04Z</time></trkpt>
      <trkpt lat="44.2148072" lon="7.2224214"><ele>2439.5</ele><time>2026-04-04T07:17:41Z</time></trkpt>
      <trkpt lat="44.2153132" lon="7.2223506"><ele>2448.2</ele><time>2026-04-04T07:18:58Z</time></trkpt>
      <trkpt lat="44.2156098" lon="7.2225777"><ele>2462.9</ele><time>2026-04-04T07:20:11Z</time></trkpt>
      <trkpt lat="44.2157033" lon="7.2224374"><ele>2469.4</ele><time>2026-04-04T07:20:41Z</time></trkpt>
      <trkpt lat="44.215724" lon="7.2225609"><ele>2469.8</ele><time>2026-04-04T07:21:06Z</time></trkpt>
      <trkpt lat="44.216171" lon="7.2225328"><ele>2482.7</ele><time>2026-04-04T07:22:29Z</time></trkpt>
      <trkpt lat="44.2164591" lon="7.222381"><ele>2481.9</ele><time>2026-04-04T07:40:16Z</time></trkpt>
      <trkpt lat="44.2177545" lon="7.22235"><ele>2487.5</ele><time>2026-04-04T07:42:35Z</time></trkpt>
      <trkpt lat="44.2188284" lon="7.2220878"><ele>2495.0</ele><time>2026-04-04T07:44:17Z</time></trkpt>
      <trkpt lat="44.219458" lon="7.2223721"><ele>2507.6</ele><time>2026-04-04T07:45:52Z</time></trkpt>
      <trkpt lat="44.2206774" lon="7.2218074"><ele>2525.4</ele><time>2026-04-04T07:48:42Z</time></trkpt>
      <trkpt lat="44.2212436" lon="7.2217241"><ele>2538.1</ele><time>2026-04-04T07:50:05Z</time></trkpt>
      <trkpt lat="44.221217" lon="7.2215454"><ele>2542.6</ele><time>2026-04-04T07:50:30Z</time></trkpt>
      <trkpt lat="44.221343" lon="7.2214465"><ele>2544.9</ele><time>2026-04-04T07:50:54Z</time></trkpt>
      <trkpt lat="44.2218781" lon="7.2215936"><ele>2557.7</ele><time>2026-04-04T07:52:22Z</time></trkpt>
      <trkpt lat="44.2221288" lon="7.2210919"><ele>2572.1</ele><time>2026-04-04T07:53:45Z</time></trkpt>
      <trkpt lat="44.2228088" lon="7.2209976"><ele>2577.5</ele><time>2026-04-04T07:55:03Z</time></trkpt>
      <trkpt lat="44.2237459" lon="7.2205469"><ele>2588.7</ele><time>2026-04-04T07:56:52Z</time></trkpt>
      <trkpt lat="44.2242909" lon="7.2207616"><ele>2601.0</ele><time>2026-04-04T07:58:16Z</time></trkpt>
      <trkpt lat="44.2249266" lon="7.2213245"><ele>2617.0</ele><time>2026-04-04T08:00:07Z</time></trkpt>
      <trkpt lat="44.2259762" lon="7.2213101"><ele>2634.7</ele><time>2026-04-04T08:02:31Z</time></trkpt>
      <trkpt lat="44.2266741" lon="7.2208954"><ele>2651.0</ele><time>2026-04-04T08:04:29Z</time></trkpt>
      <trkpt lat="44.2265868" lon="7.2202921"><ele>2660.3</ele><time>2026-04-04T08:05:49Z</time></trkpt>
      <trkpt lat="44.2271086" lon="7.2203285"><ele>2671.7</ele><time>2026-04-04T08:07:04Z</time></trkpt>
      <trkpt lat="44.2271968" lon="7.2204457"><ele>2672.7</ele><time>2026-04-04T08:07:45Z</time></trkpt>
      <trkpt lat="44.2271677" lon="7.220813"><ele>2681.4</ele><time>2026-04-04T08:08:36Z</time></trkpt>
      <trkpt lat="44.2273469" lon="7.2209049"><ele>2684.6</ele><time>2026-04-04T08:09:11Z</time></trkpt>
      <trkpt lat="44.2281687" lon="7.2209588"><ele>2697.1</ele><time>2026-04-04T08:11:03Z</time></trkpt>
      <trkpt lat="44.2284187" lon="7.2212617"><ele>2705.4</ele><time>2026-04-04T08:11:50Z</time></trkpt>
      <trkpt lat="44.2285205" lon="7.2211803"><ele>2707.6</ele><time>2026-04-04T08:13:27Z</time></trkpt>
      <trkpt lat="44.2286551" lon="7.2213126"><ele>2710.4</ele><time>2026-04-04T08:22:46Z</time></trkpt>
      <trkpt lat="44.228893" lon="7.2211569"><ele>2717.6</ele><time>2026-04-04T08:23:40Z</time></trkpt>
      <trkpt lat="44.2289538" lon="7.2204677"><ele>2730.9</ele><time>2026-04-04T08:25:13Z</time></trkpt>
      <trkpt lat="44.2293182" lon="7.2208781"><ele>2741.7</ele><time>2026-04-04T08:26:46Z</time></trkpt>
      <trkpt lat="44.229341" lon="7.2205752"><ele>2751.3</ele><time>2026-04-04T08:27:24Z</time></trkpt>
      <trkpt lat="44.2296978" lon="7.2208717"><ele>2761.7</ele><time>2026-04-04T08:28:48Z</time></trkpt>
      <trkpt lat="44.2296511" lon="7.2204452"><ele>2774.7</ele><time>2026-04-04T08:29:47Z</time></trkpt>
      <trkpt lat="44.2298344" lon="7.2206476"><ele>2779.3</ele><time>2026-04-04T08:30:30Z</time></trkpt>
      <trkpt lat="44.229862" lon="7.2201656"><ele>2792.9</ele><time>2026-04-04T08:31:58Z</time></trkpt>
      <trkpt lat="44.2301589" lon="7.2206489"><ele>2806.4</ele><time>2026-04-04T08:33:14Z</time></trkpt>
      <trkpt lat="44.2303051" lon="7.2207124"><ele>2813.8</ele><time>2026-04-04T08:34:06Z</time></trkpt>
      <trkpt lat="44.2303911" lon="7.2205536"><ele>2819.6</ele><time>2026-04-04T08:34:52Z</time></trkpt>
      <trkpt lat="44.2305582" lon="7.2208585"><ele>2827.0</ele><time>2026-04-04T08:35:39Z</time></trkpt>
      <trkpt lat="44.2306221" lon="7.2205057"><ele>2831.7</ele><time>2026-04-04T08:38:55Z</time></trkpt>
      <trkpt lat="44.2308556" lon="7.2210562"><ele>2845.2</ele><time>2026-04-04T08:40:21Z</time></trkpt>
      <trkpt lat="44.230907" lon="7.2208834"><ele>2849.5</ele><time>2026-04-04T08:40:51Z</time></trkpt>
      <trkpt lat="44.2310764" lon="7.2210117"><ele>2858.9</ele><time>2026-04-04T08:42:06Z</time></trkpt>
      <trkpt lat="44.2311584" lon="7.2213853"><ele>2868.8</ele><time>2026-04-04T08:43:46Z</time></trkpt>
      <trkpt lat="44.2317119" lon="7.2209383"><ele>2866.8</ele><time>2026-04-04T09:00:07Z</time></trkpt>
      <trkpt lat="44.2318512" lon="7.2211028"><ele>2862.2</ele><time>2026-04-04T09:00:12Z</time></trkpt>
      <trkpt lat="44.2319165" lon="7.2215827"><ele>2859.5</ele><time>2026-04-04T09:00:19Z</time></trkpt>
      <trkpt lat="44.2325149" lon="7.221333"><ele>2833.1</ele><time>2026-04-04T09:00:44Z</time></trkpt>
      <trkpt lat="44.2324361" lon="7.2208596"><ele>2821.6</ele><time>2026-04-04T09:00:49Z</time></trkpt>
      <trkpt lat="44.2326591" lon="7.219955"><ele>2809.3</ele><time>2026-04-04T09:01:02Z</time></trkpt>
      <trkpt lat="44.2331548" lon="7.2196818"><ele>2795.2</ele><time>2026-04-04T09:01:14Z</time></trkpt>
      <trkpt lat="44.233683" lon="7.2201495"><ele>2783.3</ele><time>2026-04-04T09:01:21Z</time></trkpt>
      <trkpt lat="44.2342167" lon="7.2198434"><ele>2774.4</ele><time>2026-04-04T09:01:29Z</time></trkpt>
      <trkpt lat="44.2344652" lon="7.2198592"><ele>2771.3</ele><time>2026-04-04T09:01:36Z</time></trkpt>
      <trkpt lat="44.234693" lon="7.2203322"><ele>2762.7</ele><time>2026-04-04T09:03:06Z</time></trkpt>
      <trkpt lat="44.2350951" lon="7.2203118"><ele>2752.4</ele><time>2026-04-04T09:03:14Z</time></trkpt>
      <trkpt lat="44.2351267" lon="7.2206909"><ele>2742.5</ele><time>2026-04-04T09:03:21Z</time></trkpt>
      <trkpt lat="44.235464" lon="7.2206785"><ele>2738.4</ele><time>2026-04-04T09:03:33Z</time></trkpt>
      <trkpt lat="44.236503" lon="7.2198312"><ele>2713.6</ele><time>2026-04-04T09:04:59Z</time></trkpt>
      <trkpt lat="44.2359573" lon="7.2188779"><ele>2697.9</ele><time>2026-04-04T09:05:11Z</time></trkpt>
      <trkpt lat="44.2369526" lon="7.2186989"><ele>2681.2</ele><time>2026-04-04T09:05:36Z</time></trkpt>
      <trkpt lat="44.2376617" lon="7.2182712"><ele>2674.7</ele><time>2026-04-04T09:05:47Z</time></trkpt>
      <trkpt lat="44.2381915" lon="7.2182128"><ele>2666.9</ele><time>2026-04-04T09:06:44Z</time></trkpt>
      <trkpt lat="44.2389667" lon="7.2178108"><ele>2641.9</ele><time>2026-04-04T09:06:59Z</time></trkpt>
      <trkpt lat="44.2392621" lon="7.217602"><ele>2636.3</ele><time>2026-04-04T09:07:03Z</time></trkpt>
      <trkpt lat="44.2401203" lon="7.2163789"><ele>2625.6</ele><time>2026-04-04T09:08:45Z</time></trkpt>
      <trkpt lat="44.2405473" lon="7.2161227"><ele>2624.2</ele><time>2026-04-04T09:09:01Z</time></trkpt>
      <trkpt lat="44.2409249" lon="7.2161343"><ele>2625.6</ele><time>2026-04-04T09:09:14Z</time></trkpt>
      <trkpt lat="44.2412665" lon="7.2158299"><ele>2625.4</ele><time>2026-04-04T09:09:47Z</time></trkpt>
      <trkpt lat="44.2414845" lon="7.2160153"><ele>2619.0</ele><time>2026-04-04T09:40:25Z</time></trkpt>
      <trkpt lat="44.2417718" lon="7.2159766"><ele>2597.4</ele><time>2026-04-04T09:40:43Z</time></trkpt>
      <trkpt lat="44.2418591" lon="7.2161867"><ele>2573.5</ele><time>2026-04-04T09:40:54Z</time></trkpt>
      <trkpt lat="44.2416248" lon="7.216827"><ele>2557.1</ele><time>2026-04-04T09:41:13Z</time></trkpt>
      <trkpt lat="44.2418876" lon="7.2169322"><ele>2548.1</ele><time>2026-04-04T09:43:03Z</time></trkpt>
      <trkpt lat="44.2424449" lon="7.2165433"><ele>2531.6</ele><time>2026-04-04T09:43:15Z</time></trkpt>
      <trkpt lat="44.2427364" lon="7.2167456"><ele>2516.3</ele><time>2026-04-04T09:43:23Z</time></trkpt>
      <trkpt lat="44.2445211" lon="7.2170198"><ele>2488.2</ele><time>2026-04-04T09:44:08Z</time></trkpt>
      <trkpt lat="44.2464093" lon="7.2161638"><ele>2467.4</ele><time>2026-04-04T09:45:11Z</time></trkpt>
      <trkpt lat="44.2473893" lon="7.2165077"><ele>2466.8</ele><time>2026-04-04T09:47:06Z</time></trkpt>
      <trkpt lat="44.2494751" lon="7.2163903"><ele>2468.3</ele><time>2026-04-04T09:49:49Z</time></trkpt>
      <trkpt lat="44.2499374" lon="7.2167608"><ele>2474.4</ele><time>2026-04-04T09:58:29Z</time></trkpt>
      <trkpt lat="44.2490036" lon="7.2171278"><ele>2503.7</ele><time>2026-04-04T10:00:53Z</time></trkpt>
      <trkpt lat="44.2507008" lon="7.2182632"><ele>2473.9</ele><time>2026-04-04T10:03:45Z</time></trkpt>
      <trkpt lat="44.2515716" lon="7.2203147"><ele>2512.8</ele><time>2026-04-04T10:07:38Z</time></trkpt>
      <trkpt lat="44.2518605" lon="7.221425"><ele>2534.1</ele><time>2026-04-04T10:10:09Z</time></trkpt>
      <trkpt lat="44.2519157" lon="7.2238533"><ele>2575.2</ele><time>2026-04-04T10:14:49Z</time></trkpt>
      <trkpt lat="44.2519939" lon="7.2238826"><ele>2578.8</ele><time>2026-04-04T10:15:18Z</time></trkpt>
      <trkpt lat="44.2528288" lon="7.2223543"><ele>2607.9</ele><time>2026-04-04T10:18:26Z</time></trkpt>
      <trkpt lat="44.2530071" lon="7.223345"><ele>2624.3</ele><time>2026-04-04T10:20:39Z</time></trkpt>
      <trkpt lat="44.2529472" lon="7.2239183"><ele>2629.6</ele><time>2026-04-04T10:21:47Z</time></trkpt>
      <trkpt lat="44.2533279" lon="7.224637"><ele>2642.2</ele><time>2026-04-04T10:24:32Z</time></trkpt>
      <trkpt lat="44.2534111" lon="7.2245351"><ele>2644.6</ele><time>2026-04-04T10:25:07Z</time></trkpt>
      <trkpt lat="44.2538113" lon="7.2250138"><ele>2653.9</ele><time>2026-04-04T10:26:51Z</time></trkpt>
      <trkpt lat="44.254108" lon="7.2250843"><ele>2663.4</ele><time>2026-04-04T10:27:47Z</time></trkpt>
      <trkpt lat="44.2539792" lon="7.2263336"><ele>2633.1</ele><time>2026-04-04T10:45:45Z</time></trkpt>
      <trkpt lat="44.2537812" lon="7.2267953"><ele>2618.0</ele><time>2026-04-04T10:45:49Z</time></trkpt>
      <trkpt lat="44.2535247" lon="7.2266091"><ele>2607.0</ele><time>2026-04-04T10:45:50Z</time></trkpt>
      <trkpt lat="44.2532598" lon="7.2267988"><ele>2604.0</ele><time>2026-04-04T10:45:53Z</time></trkpt>
      <trkpt lat="44.2532973" lon="7.2269297"><ele>2602.2</ele><time>2026-04-04T10:45:54Z</time></trkpt>
      <trkpt lat="44.2534015" lon="7.2268646"><ele>2595.2</ele><time>2026-04-04T10:47:01Z</time></trkpt>
      <trkpt lat="44.2534708" lon="7.2274856"><ele>2582.9</ele><time>2026-04-04T10:47:30Z</time></trkpt>
      <trkpt lat="44.2539539" lon="7.2290108"><ele>2560.3</ele><time>2026-04-04T10:47:53Z</time></trkpt>
      <trkpt lat="44.2540595" lon="7.2300141"><ele>2544.1</ele><time>2026-04-04T10:48:02Z</time></trkpt>
      <trkpt lat="44.2539897" lon="7.2315014"><ele>2521.7</ele><time>2026-04-04T10:48:15Z</time></trkpt>
      <trkpt lat="44.2538554" lon="7.2323608"><ele>2512.3</ele><time>2026-04-04T10:48:22Z</time></trkpt>
      <trkpt lat="44.2536533" lon="7.2325366"><ele>2510.5</ele><time>2026-04-04T10:48:26Z</time></trkpt>
      <trkpt lat="44.2528358" lon="7.2324185"><ele>2500.8</ele><time>2026-04-04T10:48:35Z</time></trkpt>
      <trkpt lat="44.2519483" lon="7.2327555"><ele>2451.2</ele><time>2026-04-04T10:48:44Z</time></trkpt>
      <trkpt lat="44.2494232" lon="7.2324362"><ele>2271.8</ele><time>2026-04-04T10:51:04Z</time></trkpt>
      <trkpt lat="44.2488603" lon="7.2328517"><ele>2235.3</ele><time>2026-04-04T10:51:12Z</time></trkpt>
      <trkpt lat="44.2482765" lon="7.2330057"><ele>2177.4</ele><time>2026-04-04T10:51:20Z</time></trkpt>
      <trkpt lat="44.2478678" lon="7.2333603"><ele>2167.3</ele><time>2026-04-04T10:51:24Z</time></trkpt>
      <trkpt lat="44.2474859" lon="7.2334362"><ele>2158.3</ele><time>2026-04-04T10:51:31Z</time></trkpt>
      <trkpt lat="44.2474435" lon="7.233263"><ele>2151.2</ele><time>2026-04-04T10:53:48Z</time></trkpt>
      <trkpt lat="44.2470722" lon="7.2339938"><ele>2142.8</ele><time>2026-04-04T10:56:17Z</time></trkpt>
      <trkpt lat="44.2461078" lon="7.2345487"><ele>2114.2</ele><time>2026-04-04T10:56:35Z</time></trkpt>
      <trkpt lat="44.2464318" lon="7.2349639"><ele>2103.8</ele><time>2026-04-04T10:59:54Z</time></trkpt>
      <trkpt lat="44.2461718" lon="7.2352218"><ele>2097.1</ele><time>2026-04-04T10:59:59Z</time></trkpt>
      <trkpt lat="44.2462914" lon="7.2353973"><ele>2087.4</ele><time>2026-04-04T11:00:28Z</time></trkpt>
      <trkpt lat="44.2460691" lon="7.2359004"><ele>2049.7</ele><time>2026-04-04T11:02:01Z</time></trkpt>
      <trkpt lat="44.2460109" lon="7.2366247"><ele>2012.7</ele><time>2026-04-04T11:02:15Z</time></trkpt>
      <trkpt lat="44.2471315" lon="7.2389244"><ele>1952.3</ele><time>2026-04-04T11:02:58Z</time></trkpt>
      <trkpt lat="44.2473926" lon="7.2417307"><ele>1923.6</ele><time>2026-04-04T11:04:40Z</time></trkpt>
      <trkpt lat="44.2473683" lon="7.2420765"><ele>1919.0</ele><time>2026-04-04T11:04:44Z</time></trkpt>
      <trkpt lat="44.2470058" lon="7.2428924"><ele>1901.7</ele><time>2026-04-04T11:04:52Z</time></trkpt>
      <trkpt lat="44.2470046" lon="7.2436446"><ele>1893.8</ele><time>2026-04-04T11:04:57Z</time></trkpt>
      <trkpt lat="44.2468489" lon="7.2443317"><ele>1882.8</ele><time>2026-04-04T11:05:04Z</time></trkpt>
      <trkpt lat="44.2468544" lon="7.2470852"><ele>1873.0</ele><time>2026-04-04T11:07:37Z</time></trkpt>
      <trkpt lat="44.2463282" lon="7.2474081"><ele>1884.7</ele><time>2026-04-04T11:09:32Z</time></trkpt>
      <trkpt lat="44.2460808" lon="7.2479654"><ele>1898.3</ele><time>2026-04-04T11:10:36Z</time></trkpt>
      <trkpt lat="44.2461266" lon="7.2480842"><ele>1889.4</ele><time>2026-04-04T11:12:46Z</time></trkpt>
      <trkpt lat="44.2461105" lon="7.2478108"><ele>1882.6</ele><time>2026-04-04T11:12:49Z</time></trkpt>
      <trkpt lat="44.2460522" lon="7.2479003"><ele>1895.8</ele><time>2026-04-04T11:18:57Z</time></trkpt>
      <trkpt lat="44.2460607" lon="7.2475906"><ele>1922.7</ele><time>2026-04-05T04:45:55Z</time></trkpt>
      <trkpt lat="44.2461507" lon="7.2477184"><ele>1898.8</ele><time>2026-04-05T04:45:58Z</time></trkpt>
      <trkpt lat="44.2463022" lon="7.247273"><ele>1894.4</ele><time>2026-04-05T04:46:34Z</time></trkpt>
      <trkpt lat="44.2461561" lon="7.2471224"><ele>1877.7</ele><time>2026-04-05T04:46:59Z</time></trkpt>
      <trkpt lat="44.2453451" lon="7.2440928"><ele>1863.3</ele><time>2026-04-05T04:53:04Z</time></trkpt>
      <trkpt lat="44.2449202" lon="7.2437182"><ele>1867.8</ele><time>2026-04-05T04:53:43Z</time></trkpt>
      <trkpt lat="44.2446202" lon="7.2430468"><ele>1886.9</ele><time>2026-04-05T04:54:56Z</time></trkpt>
      <trkpt lat="44.2446654" lon="7.2432234"><ele>1897.8</ele><time>2026-04-05T04:55:07Z</time></trkpt>
      <trkpt lat="44.2445672" lon="7.2432321"><ele>1887.5</ele><time>2026-04-05T04:55:27Z</time></trkpt>
      <trkpt lat="44.2442054" lon="7.2424935"><ele>1901.3</ele><time>2026-04-05T04:57:04Z</time></trkpt>
      <trkpt lat="44.2439913" lon="7.2424264"><ele>1903.2</ele><time>2026-04-05T04:57:37Z</time></trkpt>
      <trkpt lat="44.2437874" lon="7.2418377"><ele>1913.8</ele><time>2026-04-05T04:58:48Z</time></trkpt>
      <trkpt lat="44.2436872" lon="7.2423407"><ele>1916.1</ele><time>2026-04-05T04:59:58Z</time></trkpt>
      <trkpt lat="44.2435298" lon="7.2418306"><ele>1929.8</ele><time>2026-04-05T05:00:54Z</time></trkpt>
      <trkpt lat="44.243389" lon="7.242314"><ele>1933.9</ele><time>2026-04-05T05:01:57Z</time></trkpt>
      <trkpt lat="44.243312" lon="7.2420355"><ele>1942.7</ele><time>2026-04-05T05:02:34Z</time></trkpt>
      <trkpt lat="44.2432159" lon="7.2424094"><ele>1945.5</ele><time>2026-04-05T05:03:17Z</time></trkpt>
      <trkpt lat="44.2432797" lon="7.2428615"><ele>1954.5</ele><time>2026-04-05T05:04:04Z</time></trkpt>
      <trkpt lat="44.2427559" lon="7.2420379"><ele>1971.3</ele><time>2026-04-05T05:08:56Z</time></trkpt>
      <trkpt lat="44.2428751" lon="7.2431177"><ele>1983.3</ele><time>2026-04-05T05:11:53Z</time></trkpt>
      <trkpt lat="44.2423588" lon="7.2427774"><ele>1996.9</ele><time>2026-04-05T05:13:42Z</time></trkpt>
      <trkpt lat="44.242571" lon="7.2439043"><ele>2017.2</ele><time>2026-04-05T05:15:44Z</time></trkpt>
      <trkpt lat="44.2421624" lon="7.2434812"><ele>2025.3</ele><time>2026-04-05T05:17:18Z</time></trkpt>
      <trkpt lat="44.2422344" lon="7.2449459"><ele>2038.7</ele><time>2026-04-05T05:19:25Z</time></trkpt>
      <trkpt lat="44.2417129" lon="7.2458047"><ele>2044.6</ele><time>2026-04-05T05:20:54Z</time></trkpt>
      <trkpt lat="44.2413423" lon="7.2461575"><ele>2036.8</ele><time>2026-04-05T05:21:20Z</time></trkpt>
      <trkpt lat="44.2411536" lon="7.2469505"><ele>2034.2</ele><time>2026-04-05T05:22:01Z</time></trkpt>
      <trkpt lat="44.2406801" lon="7.2474397"><ele>2036.0</ele><time>2026-04-05T05:24:58Z</time></trkpt>
      <trkpt lat="44.2396364" lon="7.2490776"><ele>2056.4</ele><time>2026-04-05T05:27:53Z</time></trkpt>
      <trkpt lat="44.2392134" lon="7.2500918"><ele>2061.6</ele><time>2026-04-05T05:29:17Z</time></trkpt>
      <trkpt lat="44.2384995" lon="7.2508546"><ele>2060.9</ele><time>2026-04-05T05:30:30Z</time></trkpt>
      <trkpt lat="44.2385363" lon="7.2523042"><ele>2074.8</ele><time>2026-04-05T05:32:43Z</time></trkpt>
      <trkpt lat="44.2380359" lon="7.2536475"><ele>2075.0</ele><time>2026-04-05T05:34:41Z</time></trkpt>
      <trkpt lat="44.2383448" lon="7.2541051"><ele>2086.8</ele><time>2026-04-05T05:35:43Z</time></trkpt>
      <trkpt lat="44.2380265" lon="7.2543752"><ele>2103.3</ele><time>2026-04-05T05:37:16Z</time></trkpt>
      <trkpt lat="44.2382411" lon="7.2546206"><ele>2109.0</ele><time>2026-04-05T05:38:02Z</time></trkpt>
      <trkpt lat="44.2379198" lon="7.2546857"><ele>2113.7</ele><time>2026-04-05T05:38:52Z</time></trkpt>
      <trkpt lat="44.2382254" lon="7.2549674"><ele>2121.4</ele><time>2026-04-05T05:39:52Z</time></trkpt>
      <trkpt lat="44.2376645" lon="7.255108"><ele>2132.8</ele><time>2026-04-05T05:41:19Z</time></trkpt>
      <trkpt lat="44.2373449" lon="7.2549661"><ele>2137.9</ele><time>2026-04-05T05:42:08Z</time></trkpt>
      <trkpt lat="44.2371254" lon="7.2546646"><ele>2145.8</ele><time>2026-04-05T05:43:00Z</time></trkpt>
      <trkpt lat="44.2360381" lon="7.255113"><ele>2178.4</ele><time>2026-04-05T05:46:20Z</time></trkpt>
      <trkpt lat="44.2361783" lon="7.2552858"><ele>2186.1</ele><time>2026-04-05T05:47:00Z</time></trkpt>
      <trkpt lat="44.2358545" lon="7.25529"><ele>2187.8</ele><time>2026-04-05T05:47:48Z</time></trkpt>
      <trkpt lat="44.2359107" lon="7.2554702"><ele>2191.1</ele><time>2026-04-05T05:48:07Z</time></trkpt>
      <trkpt lat="44.2362255" lon="7.2556583"><ele>2198.5</ele><time>2026-04-05T05:48:53Z</time></trkpt>
      <trkpt lat="44.2360371" lon="7.2559318"><ele>2205.7</ele><time>2026-04-05T05:49:30Z</time></trkpt>
      <trkpt lat="44.2361776" lon="7.2560907"><ele>2207.8</ele><time>2026-04-05T05:49:56Z</time></trkpt>
      <trkpt lat="44.2360325" lon="7.2562631"><ele>2214.4</ele><time>2026-04-05T05:50:32Z</time></trkpt>
      <trkpt lat="44.2361615" lon="7.2563493"><ele>2217.5</ele><time>2026-04-05T05:50:50Z</time></trkpt>
      <trkpt lat="44.2359806" lon="7.2564355"><ele>2221.3</ele><time>2026-04-05T05:51:18Z</time></trkpt>
      <trkpt lat="44.236172" lon="7.2566021"><ele>2227.0</ele><time>2026-04-05T05:51:54Z</time></trkpt>
      <trkpt lat="44.2361381" lon="7.2567287"><ele>2235.2</ele><time>2026-04-05T05:52:31Z</time></trkpt>
      <trkpt lat="44.2354893" lon="7.2566998"><ele>2251.1</ele><time>2026-04-05T05:54:10Z</time></trkpt>
      <trkpt lat="44.2355847" lon="7.2569598"><ele>2255.8</ele><time>2026-04-05T05:54:43Z</time></trkpt>
      <trkpt lat="44.235345" lon="7.2570821"><ele>2263.1</ele><time>2026-04-05T05:55:22Z</time></trkpt>
      <trkpt lat="44.2353719" lon="7.2573885"><ele>2271.8</ele><time>2026-04-05T05:55:51Z</time></trkpt>
      <trkpt lat="44.2350925" lon="7.2573"><ele>2278.2</ele><time>2026-04-05T05:56:34Z</time></trkpt>
      <trkpt lat="44.2351351" lon="7.2574948"><ele>2281.9</ele><time>2026-04-05T05:56:53Z</time></trkpt>
      <trkpt lat="44.2350084" lon="7.2574149"><ele>2286.5</ele><time>2026-04-05T05:57:16Z</time></trkpt>
      <trkpt lat="44.2350866" lon="7.2576439"><ele>2291.3</ele><time>2026-04-05T05:57:40Z</time></trkpt>
      <trkpt lat="44.2349409" lon="7.2576169"><ele>2297.6</ele><time>2026-04-05T05:58:15Z</time></trkpt>
      <trkpt lat="44.2350314" lon="7.2580647"><ele>2304.8</ele><time>2026-04-05T05:59:00Z</time></trkpt>
      <trkpt lat="44.2349706" lon="7.2582318"><ele>2307.1</ele><time>2026-04-05T05:59:18Z</time></trkpt>
      <trkpt lat="44.2347996" lon="7.2581331"><ele>2312.5</ele><time>2026-04-05T05:59:48Z</time></trkpt>
      <trkpt lat="44.2348415" lon="7.258444"><ele>2319.7</ele><time>2026-04-05T06:00:20Z</time></trkpt>
      <trkpt lat="44.2347255" lon="7.2583388"><ele>2323.4</ele><time>2026-04-05T06:00:42Z</time></trkpt>
      <trkpt lat="44.2342056" lon="7.258758"><ele>2338.2</ele><time>2026-04-05T06:02:04Z</time></trkpt>
      <trkpt lat="44.2331029" lon="7.2601019"><ele>2344.7</ele><time>2026-04-05T06:04:28Z</time></trkpt>
      <trkpt lat="44.2327452" lon="7.2602315"><ele>2353.2</ele><time>2026-04-05T06:05:17Z</time></trkpt>
      <trkpt lat="44.2328223" lon="7.2604807"><ele>2356.5</ele><time>2026-04-05T06:05:38Z</time></trkpt>
      <trkpt lat="44.2325976" lon="7.2604099"><ele>2361.7</ele><time>2026-04-05T06:06:07Z</time></trkpt>
      <trkpt lat="44.2329536" lon="7.261023"><ele>2368.8</ele><time>2026-04-05T06:07:13Z</time></trkpt>
      <trkpt lat="44.232046" lon="7.2609077"><ele>2387.0</ele><time>2026-04-05T06:09:01Z</time></trkpt>
      <trkpt lat="44.2315408" lon="7.2611398"><ele>2397.2</ele><time>2026-04-05T06:10:03Z</time></trkpt>
      <trkpt lat="44.2314622" lon="7.2614893"><ele>2403.8</ele><time>2026-04-05T06:10:52Z</time></trkpt>
      <trkpt lat="44.2312367" lon="7.2613876"><ele>2410.0</ele><time>2026-04-05T06:11:21Z</time></trkpt>
      <trkpt lat="44.2312719" lon="7.2617093"><ele>2415.8</ele><time>2026-04-05T06:11:53Z</time></trkpt>
      <trkpt lat="44.2311322" lon="7.2619076"><ele>2423.4</ele><time>2026-04-05T06:12:56Z</time></trkpt>
      <trkpt lat="44.2312535" lon="7.2620992"><ele>2427.3</ele><time>2026-04-05T06:13:20Z</time></trkpt>
      <trkpt lat="44.231569" lon="7.2621389"><ele>2435.6</ele><time>2026-04-05T06:14:14Z</time></trkpt>
      <trkpt lat="44.231559" lon="7.2622639"><ele>2436.5</ele><time>2026-04-05T06:14:39Z</time></trkpt>
      <trkpt lat="44.2313364" lon="7.2623199"><ele>2441.9</ele><time>2026-04-05T06:21:13Z</time></trkpt>
      <trkpt lat="44.2315432" lon="7.2626739"><ele>2444.5</ele><time>2026-04-05T06:22:12Z</time></trkpt>
      <trkpt lat="44.23119" lon="7.2626598"><ele>2458.3</ele><time>2026-04-05T06:23:08Z</time></trkpt>
      <trkpt lat="44.2306063" lon="7.2630434"><ele>2475.6</ele><time>2026-04-05T06:24:44Z</time></trkpt>
      <trkpt lat="44.2298567" lon="7.263114"><ele>2487.2</ele><time>2026-04-05T06:26:28Z</time></trkpt>
      <trkpt lat="44.2298148" lon="7.2632969"><ele>2490.2</ele><time>2026-04-05T06:26:55Z</time></trkpt>
      <trkpt lat="44.2295682" lon="7.2629469"><ele>2500.4</ele><time>2026-04-05T06:28:06Z</time></trkpt>
      <trkpt lat="44.2291851" lon="7.2642923"><ele>2519.2</ele><time>2026-04-05T06:30:39Z</time></trkpt>
      <trkpt lat="44.229261" lon="7.2648487"><ele>2527.0</ele><time>2026-04-05T06:40:47Z</time></trkpt>
      <trkpt lat="44.2290607" lon="7.2650908"><ele>2535.0</ele><time>2026-04-05T06:41:53Z</time></trkpt>
      <trkpt lat="44.2294713" lon="7.2651643"><ele>2554.9</ele><time>2026-04-05T06:43:53Z</time></trkpt>
      <trkpt lat="44.2295622" lon="7.2653225"><ele>2559.0</ele><time>2026-04-05T06:45:03Z</time></trkpt>
      <trkpt lat="44.2295337" lon="7.2656845"><ele>2574.8</ele><time>2026-04-05T06:46:45Z</time></trkpt>
      <trkpt lat="44.2293621" lon="7.2658823"><ele>2581.0</ele><time>2026-04-05T06:47:37Z</time></trkpt>
      <trkpt lat="44.2295939" lon="7.2660212"><ele>2590.3</ele><time>2026-04-05T06:48:47Z</time></trkpt>
      <trkpt lat="44.2295608" lon="7.2662599"><ele>2593.1</ele><time>2026-04-05T06:50:06Z</time></trkpt>
      <trkpt lat="44.2296968" lon="7.2663762"><ele>2606.4</ele><time>2026-04-05T06:51:29Z</time></trkpt>
      <trkpt lat="44.2293982" lon="7.2666454"><ele>2628.7</ele><time>2026-04-05T06:56:43Z</time></trkpt>
      <trkpt lat="44.2297055" lon="7.2668257"><ele>2653.8</ele><time>2026-04-05T07:03:36Z</time></trkpt>
      <trkpt lat="44.2300631" lon="7.2675414"><ele>2680.6</ele><time>2026-04-05T07:09:11Z</time></trkpt>
      <trkpt lat="44.2307824" lon="7.2680191"><ele>2742.5</ele><time>2026-04-05T07:18:23Z</time></trkpt>
      <trkpt lat="44.2308346" lon="7.2675783"><ele>2725.6</ele><time>2026-04-05T07:40:21Z</time></trkpt>
      <trkpt lat="44.2311994" lon="7.2673805"><ele>2714.3</ele><time>2026-04-05T07:40:33Z</time></trkpt>
      <trkpt lat="44.2312783" lon="7.2670595"><ele>2709.0</ele><time>2026-04-05T07:41:00Z</time></trkpt>
      <trkpt lat="44.2317788" lon="7.2665028"><ele>2693.3</ele><time>2026-04-05T07:45:52Z</time></trkpt>
      <trkpt lat="44.2327229" lon="7.2661169"><ele>2677.2</ele><time>2026-04-05T07:46:08Z</time></trkpt>
      <trkpt lat="44.2336823" lon="7.2653246"><ele>2652.6</ele><time>2026-04-05T07:46:40Z</time></trkpt>
      <trkpt lat="44.2338087" lon="7.2654798"><ele>2649.2</ele><time>2026-04-05T07:46:43Z</time></trkpt>
      <trkpt lat="44.2341256" lon="7.2652338"><ele>2638.8</ele><time>2026-04-05T07:46:49Z</time></trkpt>
      <trkpt lat="44.2343316" lon="7.265477"><ele>2616.2</ele><time>2026-04-05T07:47:03Z</time></trkpt>
      <trkpt lat="44.2353047" lon="7.2645765"><ele>2576.8</ele><time>2026-04-05T07:49:01Z</time></trkpt>
      <trkpt lat="44.2354689" lon="7.2647012"><ele>2569.2</ele><time>2026-04-05T07:49:07Z</time></trkpt>
      <trkpt lat="44.236208" lon="7.263981"><ele>2545.3</ele><time>2026-04-05T07:49:25Z</time></trkpt>
      <trkpt lat="44.2368172" lon="7.2641348"><ele>2533.3</ele><time>2026-04-05T07:49:47Z</time></trkpt>
      <trkpt lat="44.2367603" lon="7.2647361"><ele>2509.4</ele><time>2026-04-05T07:49:56Z</time></trkpt>
      <trkpt lat="44.2368653" lon="7.2653357"><ele>2501.4</ele><time>2026-04-05T07:50:03Z</time></trkpt>
      <trkpt lat="44.2363792" lon="7.2656182"><ele>2491.8</ele><time>2026-04-05T07:53:38Z</time></trkpt>
      <trkpt lat="44.2365114" lon="7.2662197"><ele>2466.2</ele><time>2026-04-05T07:53:52Z</time></trkpt>
      <trkpt lat="44.2379583" lon="7.265363"><ele>2413.1</ele><time>2026-04-05T07:56:37Z</time></trkpt>
      <trkpt lat="44.2381693" lon="7.2656653"><ele>2390.8</ele><time>2026-04-05T07:56:45Z</time></trkpt>
      <trkpt lat="44.2385171" lon="7.2656714"><ele>2379.8</ele><time>2026-04-05T07:56:50Z</time></trkpt>
      <trkpt lat="44.2390011" lon="7.2653591"><ele>2366.3</ele><time>2026-04-05T07:57:01Z</time></trkpt>
      <trkpt lat="44.2393851" lon="7.2647619"><ele>2349.3</ele><time>2026-04-05T07:57:17Z</time></trkpt>
      <trkpt lat="44.2398911" lon="7.264533"><ele>2336.5</ele><time>2026-04-05T07:57:34Z</time></trkpt>
      <trkpt lat="44.2400197" lon="7.265041"><ele>2298.4</ele><time>2026-04-05T08:00:01Z</time></trkpt>
      <trkpt lat="44.2403733" lon="7.2650382"><ele>2298.2</ele><time>2026-04-05T08:00:07Z</time></trkpt>
      <trkpt lat="44.240407" lon="7.2652942"><ele>2285.0</ele><time>2026-04-05T08:00:14Z</time></trkpt>
      <trkpt lat="44.2401183" lon="7.2657026"><ele>2264.0</ele><time>2026-04-05T08:00:23Z</time></trkpt>
      <trkpt lat="44.2402429" lon="7.2658156"><ele>2257.2</ele><time>2026-04-05T08:00:26Z</time></trkpt>
      <trkpt lat="44.2401878" lon="7.2660936"><ele>2246.6</ele><time>2026-04-05T08:00:29Z</time></trkpt>
      <trkpt lat="44.2399415" lon="7.2663058"><ele>2239.5</ele><time>2026-04-05T08:00:33Z</time></trkpt>
      <trkpt lat="44.2398637" lon="7.2666654"><ele>2238.2</ele><time>2026-04-05T08:00:37Z</time></trkpt>
      <trkpt lat="44.2399951" lon="7.2675526"><ele>2227.0</ele><time>2026-04-05T08:00:57Z</time></trkpt>
      <trkpt lat="44.2401516" lon="7.2675932"><ele>2222.3</ele><time>2026-04-05T08:05:10Z</time></trkpt>
      <trkpt lat="44.2404041" lon="7.2684299"><ele>2179.5</ele><time>2026-04-05T08:05:25Z</time></trkpt>
      <trkpt lat="44.2405294" lon="7.2684539"><ele>2171.4</ele><time>2026-04-05T08:05:29Z</time></trkpt>
      <trkpt lat="44.2400099" lon="7.2693068"><ele>2142.6</ele><time>2026-04-05T08:06:29Z</time></trkpt>
      <trkpt lat="44.2395149" lon="7.2696115"><ele>2135.0</ele><time>2026-04-05T08:06:43Z</time></trkpt>
      <trkpt lat="44.2394397" lon="7.2702826"><ele>2100.5</ele><time>2026-04-05T08:06:57Z</time></trkpt>
      <trkpt lat="44.2390255" lon="7.2706624"><ele>2096.0</ele><time>2026-04-05T08:07:06Z</time></trkpt>
      <trkpt lat="44.2392149" lon="7.2709267"><ele>2086.4</ele><time>2026-04-05T08:07:13Z</time></trkpt>
      <trkpt lat="44.2389623" lon="7.2714671"><ele>2075.3</ele><time>2026-04-05T08:07:21Z</time></trkpt>
      <trkpt lat="44.2389325" lon="7.2721449"><ele>2064.0</ele><time>2026-04-05T08:07:30Z</time></trkpt>
      <trkpt lat="44.2390467" lon="7.2724592"><ele>2064.7</ele><time>2026-04-05T08:07:34Z</time></trkpt>
      <trkpt lat="44.2391855" lon="7.2723278"><ele>2052.9</ele><time>2026-04-05T08:09:29Z</time></trkpt>
      <trkpt lat="44.2402203" lon="7.2722158"><ele>2031.0</ele><time>2026-04-05T08:09:49Z</time></trkpt>
      <trkpt lat="44.2403939" lon="7.2723799"><ele>2019.6</ele><time>2026-04-05T08:09:54Z</time></trkpt>
      <trkpt lat="44.2406428" lon="7.2722859"><ele>2007.8</ele><time>2026-04-05T08:10:02Z</time></trkpt>
      <trkpt lat="44.2405948" lon="7.2721171"><ele>1999.9</ele><time>2026-04-05T08:10:06Z</time></trkpt>
      <trkpt lat="44.2406913" lon="7.2720267"><ele>1992.9</ele><time>2026-04-05T08:10:09Z</time></trkpt>
      <trkpt lat="44.2409064" lon="7.2721821"><ele>1986.2</ele><time>2026-04-05T08:10:17Z</time></trkpt>
      <trkpt lat="44.2411125" lon="7.2716221"><ele>1969.9</ele><time>2026-04-05T08:11:55Z</time></trkpt>
      <trkpt lat="44.2412355" lon="7.2716985"><ele>1965.9</ele><time>2026-04-05T08:12:11Z</time></trkpt>
      <trkpt lat="44.2421742" lon="7.2709355"><ele>1947.2</ele><time>2026-04-05T08:12:25Z</time></trkpt>
      <trkpt lat="44.2460794" lon="7.2708032"><ele>1882.6</ele><time>2026-04-05T08:15:05Z</time></trkpt>
      <trkpt lat="44.2470667" lon="7.2700874"><ele>1850.7</ele><time>2026-04-05T08:22:50Z</time></trkpt>
      <trkpt lat="44.2475948" lon="7.2703001"><ele>1824.5</ele><time>2026-04-05T08:23:17Z</time></trkpt>
      <trkpt lat="44.2477777" lon="7.2706326"><ele>1806.0</ele><time>2026-04-05T08:23:57Z</time></trkpt>
      <trkpt lat="44.2481223" lon="7.2704727"><ele>1801.9</ele><time>2026-04-05T08:24:42Z</time></trkpt>
      <trkpt lat="44.2482516" lon="7.2702889"><ele>1803.0</ele><time>2026-04-05T08:25:24Z</time></trkpt>
      <trkpt lat="44.2482296" lon="7.2700607"><ele>1800.2</ele><time>2026-04-05T08:26:17Z</time></trkpt>
      <trkpt lat="44.2478672" lon="7.2697483"><ele>1795.5</ele><time>2026-04-05T08:26:25Z</time></trkpt>
      <trkpt lat="44.2481202" lon="7.2696426"><ele>1787.4</ele><time>2026-04-05T08:26:33Z</time></trkpt>
      <trkpt lat="44.2478561" lon="7.2693272"><ele>1782.1</ele><time>2026-04-05T08:26:41Z</time></trkpt>
      <trkpt lat="44.2480499" lon="7.2694171"><ele>1770.0</ele><time>2026-04-05T08:26:53Z</time></trkpt>
      <trkpt lat="44.2478884" lon="7.2688059"><ele>1761.6</ele><time>2026-04-05T08:27:11Z</time></trkpt>
      <trkpt lat="44.2479183" lon="7.2685018"><ele>1756.8</ele><time>2026-04-05T08:27:17Z</time></trkpt>
      <trkpt lat="44.2483366" lon="7.26869"><ele>1734.8</ele><time>2026-04-05T08:29:57Z</time></trkpt>
      <trkpt lat="44.2484638" lon="7.2679406"><ele>1698.9</ele><time>2026-04-05T08:30:33Z</time></trkpt>
      <trkpt lat="44.2484088" lon="7.2672209"><ele>1685.7</ele><time>2026-04-05T08:30:57Z</time></trkpt>
      <trkpt lat="44.2481848" lon="7.2665042"><ele>1672.8</ele><time>2026-04-05T08:31:23Z</time></trkpt>
      <trkpt lat="44.2482075" lon="7.2661237"><ele>1668.3</ele><time>2026-04-05T08:31:29Z</time></trkpt>
      <trkpt lat="44.2487569" lon="7.26629"><ele>1665.9</ele><time>2026-04-05T08:31:51Z</time></trkpt>
      <trkpt lat="44.2498379" lon="7.2675224"><ele>1654.6</ele><time>2026-04-05T08:38:49Z</time></trkpt>
      <trkpt lat="44.2505894" lon="7.2687087"><ele>1642.8</ele><time>2026-04-05T08:39:05Z</time></trkpt>
      <trkpt lat="44.2506685" lon="7.269253"><ele>1640.0</ele><time>2026-04-05T08:39:12Z</time></trkpt>
      <trkpt lat="44.2511095" lon="7.2696121"><ele>1636.7</ele><time>2026-04-05T08:39:22Z</time></trkpt>
      <trkpt lat="44.251406" lon="7.2702934"><ele>1633.2</ele><time>2026-04-05T08:39:42Z</time></trkpt>
      <trkpt lat="44.2515354" lon="7.2715503"><ele>1622.7</ele><time>2026-04-05T08:39:58Z</time></trkpt>
      <trkpt lat="44.2514193" lon="7.2722502"><ele>1617.9</ele><time>2026-04-05T08:40:08Z</time></trkpt>
      <trkpt lat="44.2507633" lon="7.2739917"><ele>1600.7</ele><time>2026-04-05T08:40:28Z</time></trkpt>
      <trkpt lat="44.2503049" lon="7.2748315"><ele>1590.3</ele><time>2026-04-05T08:40:36Z</time></trkpt>
      <trkpt lat="44.2497333" lon="7.2767524"><ele>1564.9</ele><time>2026-04-05T08:40:52Z</time></trkpt>
      <trkpt lat="44.2489815" lon="7.2784556"><ele>1543.0</ele><time>2026-04-05T08:41:05Z</time></trkpt>
      <trkpt lat="44.2487159" lon="7.2794225"><ele>1533.3</ele><time>2026-04-05T08:41:12Z</time></trkpt>
      <trkpt lat="44.248532" lon="7.2813109"><ele>1523.2</ele><time>2026-04-05T08:41:29Z</time></trkpt>
      <trkpt lat="44.2483623" lon="7.2816839"><ele>1522.0</ele><time>2026-04-05T08:41:38Z</time></trkpt>
      <trkpt lat="44.2484658" lon="7.2821559"><ele>1516.8</ele><time>2026-04-05T08:41:46Z</time></trkpt>
      <trkpt lat="44.2483361" lon="7.2826688"><ele>1516.5</ele><time>2026-04-05T08:41:58Z</time></trkpt>
      <trkpt lat="44.2484211" lon="7.2829374"><ele>1513.8</ele><time>2026-04-05T08:42:06Z</time></trkpt>
      <trkpt lat="44.248089" lon="7.2834316"><ele>1511.7</ele><time>2026-04-05T08:42:20Z</time></trkpt>
      <trkpt lat="44.2478638" lon="7.2843687"><ele>1508.2</ele><time>2026-04-05T08:42:38Z</time></trkpt>
      <trkpt lat="44.2478839" lon="7.2847293"><ele>1508.2</ele><time>2026-04-05T08:42:42Z</time></trkpt>
      <trkpt lat="44.2481743" lon="7.2851236"><ele>1505.3</ele><time>2026-04-05T08:42:55Z</time></trkpt>
      <trkpt lat="44.2485305" lon="7.2872468"><ele>1481.5</ele><time>2026-04-05T08:43:37Z</time></trkpt>
      <trkpt lat="44.2486566" lon="7.2890232"><ele>1451.4</ele><time>2026-04-05T08:44:40Z</time></trkpt>
      <trkpt lat="44.2488855" lon="7.2897183"><ele>1441.4</ele><time>2026-04-05T08:44:48Z</time></trkpt>
      <trkpt lat="44.248794" lon="7.2904891"><ele>1432.8</ele><time>2026-04-05T08:45:03Z</time></trkpt>
      <trkpt lat="44.2490046" lon="7.2912974"><ele>1421.0</ele><time>2026-04-05T08:45:29Z</time></trkpt>
      <trkpt lat="44.2489118" lon="7.2917589"><ele>1410.1</ele><time>2026-04-05T08:45:35Z</time></trkpt>
      <trkpt lat="44.249038" lon="7.2923356"><ele>1400.5</ele><time>2026-04-05T08:45:40Z</time></trkpt>
      <trkpt lat="44.2489949" lon="7.2926591"><ele>1395.7</ele><time>2026-04-05T08:45:44Z</time></trkpt>
      <trkpt lat="44.2485274" lon="7.2932645"><ele>1389.5</ele><time>2026-04-05T08:45:59Z</time></trkpt>
      <trkpt lat="44.2484785" lon="7.2935468"><ele>1387.5</ele><time>2026-04-05T08:46:05Z</time></trkpt>
      <trkpt lat="44.2485733" lon="7.293986"><ele>1380.7</ele><time>2026-04-05T08:46:11Z</time></trkpt>
      <trkpt lat="44.2487795" lon="7.2940064"><ele>1379.1</ele><time>2026-04-05T08:46:15Z</time></trkpt>
      <trkpt lat="44.2490724" lon="7.2945654"><ele>1377.6</ele><time>2026-04-05T08:46:24Z</time></trkpt>
      <trkpt lat="44.2492817" lon="7.2960817"><ele>1360.2</ele><time>2026-04-05T08:47:11Z</time></trkpt>
      <trkpt lat="44.249562" lon="7.2967916"><ele>1346.8</ele><time>2026-04-05T08:47:52Z</time></trkpt>
      <trkpt lat="44.2496855" lon="7.2983294"><ele>1341.9</ele><time>2026-04-05T08:52:06Z</time></trkpt>
      <trkpt lat="44.2495829" lon="7.2986707"><ele>1337.5</ele><time>2026-04-05T08:52:27Z</time></trkpt>
      <trkpt lat="44.2498516" lon="7.3002247"><ele>1320.2</ele><time>2026-04-05T08:53:48Z</time></trkpt>
      <trkpt lat="44.249807" lon="7.3007095"><ele>1317.0</ele><time>2026-04-05T08:54:14Z</time></trkpt>
      <trkpt lat="44.2499269" lon="7.3014632"><ele>1310.6</ele><time>2026-04-05T08:54:51Z</time></trkpt>
      <trkpt lat="44.2496822" lon="7.3022879"><ele>1300.8</ele><time>2026-04-05T08:55:38Z</time></trkpt>
      <trkpt lat="44.2498168" lon="7.303156"><ele>1294.9</ele><time>2026-04-05T08:56:21Z</time></trkpt>
      <trkpt lat="44.2496049" lon="7.3038694"><ele>1291.6</ele><time>2026-04-05T08:56:57Z</time></trkpt>
      <trkpt lat="44.2495565" lon="7.3047865"><ele>1284.1</ele><time>2026-04-05T08:57:42Z</time></trkpt>
      <trkpt lat="44.249657" lon="7.3050375"><ele>1275.1</ele><time>2026-04-05T08:58:12Z</time></trkpt>
      <trkpt lat="44.2495416" lon="7.3052699"><ele>1269.3</ele><time>2026-04-05T08:58:30Z</time></trkpt>
      <trkpt lat="44.2494943" lon="7.3050997"><ele>1267.8</ele><time>2026-04-05T08:58:41Z</time></trkpt>
      <trkpt lat="44.2494137" lon="7.3051823"><ele>1265.1</ele><time>2026-04-05T08:58:49Z</time></trkpt>
      <trkpt lat="44.249254" lon="7.3067162"><ele>1254.3</ele><time>2026-04-05T09:00:11Z</time></trkpt>
      <trkpt lat="44.2489962" lon="7.3070474"><ele>1237.5</ele><time>2026-04-05T09:00:54Z</time></trkpt>
      <trkpt lat="44.2488814" lon="7.3069749"><ele>1239.6</ele><time>2026-04-05T09:01:05Z</time></trkpt>
      <trkpt lat="44.2485623" lon="7.3075935"><ele>1230.7</ele><time>2026-04-05T09:01:46Z</time></trkpt>
      <trkpt lat="44.2479035" lon="7.3080737"><ele>1214.0</ele><time>2026-04-05T09:02:40Z</time></trkpt>
      <trkpt lat="44.2475976" lon="7.3090829"><ele>1203.7</ele><time>2026-04-05T09:03:33Z</time></trkpt>
      <trkpt lat="44.2470838" lon="7.3097616"><ele>1197.7</ele><time>2026-04-05T09:04:23Z</time></trkpt>
      <trkpt lat="44.2469753" lon="7.3110367"><ele>1189.8</ele><time>2026-04-05T09:05:40Z</time></trkpt>
      <trkpt lat="44.2471318" lon="7.3117025"><ele>1180.1</ele><time>2026-04-05T09:06:19Z</time></trkpt>
      <trkpt lat="44.2473751" lon="7.3119242"><ele>1175.2</ele><time>2026-04-05T09:06:44Z</time></trkpt>
      <trkpt lat="44.2474857" lon="7.3133539"><ele>1162.9</ele><time>2026-04-05T09:08:09Z</time></trkpt>
      <trkpt lat="44.247114" lon="7.3145118"><ele>1150.0</ele><time>2026-04-05T09:09:21Z</time></trkpt>
      <trkpt lat="44.2471177" lon="7.3148504"><ele>1146.3</ele><time>2026-04-05T09:09:44Z</time></trkpt>
      <trkpt lat="44.2467756" lon="7.3150223"><ele>1135.4</ele><time>2026-04-05T09:10:20Z</time></trkpt>
      <trkpt lat="44.2463524" lon="7.3155803"><ele>1122.7</ele><time>2026-04-05T09:11:14Z</time></trkpt>
      <trkpt lat="44.2459583" lon="7.3167494"><ele>1104.6</ele><time>2026-04-05T09:12:49Z</time></trkpt>
      <trkpt lat="44.245522" lon="7.3173656"><ele>1095.5</ele><time>2026-04-05T09:13:52Z</time></trkpt>
      <trkpt lat="44.2450761" lon="7.318932"><ele>1056.5</ele><time>2026-04-05T09:16:18Z</time></trkpt>
      <trkpt lat="44.2449963" lon="7.3186034"><ele>1057.3</ele><time>2026-04-05T09:16:51Z</time></trkpt>
      <trkpt lat="44.244538" lon="7.3198532"><ele>1029.4</ele><time>2026-04-05T09:18:38Z</time></trkpt>
      <trkpt lat="44.2444032" lon="7.3197092"><ele>1025.7</ele><time>2026-04-05T09:18:59Z</time></trkpt>
      <trkpt lat="44.2440146" lon="7.3200356"><ele>1014.3</ele><time>2026-04-05T09:19:39Z</time></trkpt>
      <trkpt lat="44.2439312" lon="7.320324"><ele>1009.7</ele><time>2026-04-05T09:20:00Z</time></trkpt>
      <trkpt lat="44.2436031" lon="7.3202026"><ele>997.8</ele><time>2026-04-05T09:20:46Z</time></trkpt>
      <trkpt lat="44.2434834" lon="7.3203109"><ele>995.6</ele><time>2026-04-05T09:20:59Z</time></trkpt>
      <trkpt lat="44.2433947" lon="7.3201806"><ele>992.5</ele><time>2026-04-05T09:21:12Z</time></trkpt>
      <trkpt lat="44.2429949" lon="7.3204128"><ele>990.2</ele><time>2026-04-05T09:21:53Z</time></trkpt>
      <trkpt lat="44.2429865" lon="7.3202135"><ele>987.9</ele><time>2026-04-05T09:22:31Z</time></trkpt>
    </trkseg>
  </trk>
</gpx>
