<?xml version="1.0" encoding="UTF-8"?>
<gpx version="1.1" creator="lesgrandsraidsaski.com" xmlns="http://www.topografix.com/GPX/1/1">
  <metadata>
    <desc>Trace dérivée (simplifiée RDP epsilon=4m) — voir data/gpx-sources/argentera-2024.original.gpx pour la trace complète</desc>
  </metadata>
  <trk>
    <name>Argentera 2024</name>
    <trkseg>
      <trkpt lat="44.1584644" lon="7.5603226"><ele>1846.7</ele><time>2024-03-18T09:37:17Z</time></trkpt>
      <trkpt lat="44.1582978" lon="7.5605329"><ele>1841.8</ele><time>2024-03-18T09:39:58Z</time></trkpt>
      <trkpt lat="44.1574418" lon="7.5621679"><ele>1823.8</ele><time>2024-03-18T09:40:34Z</time></trkpt>
      <trkpt lat="44.1567093" lon="7.5632879"><ele>1811.8</ele><time>2024-03-18T09:40:54Z</time></trkpt>
      <trkpt lat="44.1563787" lon="7.5637242"><ele>1811.2</ele><time>2024-03-18T09:41:14Z</time></trkpt>
      <trkpt lat="44.1561811" lon="7.563576"><ele>1807.5</ele><time>2024-03-18T09:42:52Z</time></trkpt>
      <trkpt lat="44.1563489" lon="7.5637237"><ele>1808.6</ele><time>2024-03-18T10:00:00Z</time></trkpt>
      <trkpt lat="44.1562146" lon="7.5639196"><ele>1809.0</ele><time>2024-03-18T10:10:26Z</time></trkpt>
      <trkpt lat="44.155771" lon="7.5639279"><ele>1812.0</ele><time>2024-03-18T10:12:48Z</time></trkpt>
      <trkpt lat="44.1553978" lon="7.5638089"><ele>1812.7</ele><time>2024-03-18T10:13:32Z</time></trkpt>
      <trkpt lat="44.1547344" lon="7.5638415"><ele>1818.7</ele><time>2024-03-18T10:14:42Z</time></trkpt>
      <trkpt lat="44.1538801" lon="7.5643234"><ele>1830.0</ele><time>2024-03-18T10:16:20Z</time></trkpt>
      <trkpt lat="44.1523113" lon="7.565521"><ele>1843.4</ele><time>2024-03-18T10:19:10Z</time></trkpt>
      <trkpt lat="44.1519685" lon="7.5655587"><ele>1847.8</ele><time>2024-03-18T10:19:44Z</time></trkpt>
      <trkpt lat="44.1517613" lon="7.5654491"><ele>1851.0</ele><time>2024-03-18T10:20:08Z</time></trkpt>
      <trkpt lat="44.1515301" lon="7.5651696"><ele>1852.4</ele><time>2024-03-18T10:20:36Z</time></trkpt>
      <trkpt lat="44.1509288" lon="7.5639979"><ele>1860.5</ele><time>2024-03-18T10:22:12Z</time></trkpt>
      <trkpt lat="44.150519" lon="7.5633947"><ele>1864.0</ele><time>2024-03-18T10:23:08Z</time></trkpt>
      <trkpt lat="44.1499806" lon="7.562277"><ele>1870.1</ele><time>2024-03-18T10:24:36Z</time></trkpt>
      <trkpt lat="44.1496762" lon="7.5619519"><ele>1871.7</ele><time>2024-03-18T10:25:12Z</time></trkpt>
      <trkpt lat="44.1493628" lon="7.5618442"><ele>1880.8</ele><time>2024-03-18T10:28:16Z</time></trkpt>
      <trkpt lat="44.1491762" lon="7.561498"><ele>1881.4</ele><time>2024-03-18T10:29:02Z</time></trkpt>
      <trkpt lat="44.1490603" lon="7.5610802"><ele>1885.0</ele><time>2024-03-18T10:29:46Z</time></trkpt>
      <trkpt lat="44.1492382" lon="7.5606979"><ele>1891.8</ele><time>2024-03-18T10:30:40Z</time></trkpt>
      <trkpt lat="44.1492608" lon="7.5602647"><ele>1898.7</ele><time>2024-03-18T10:31:26Z</time></trkpt>
      <trkpt lat="44.1491133" lon="7.5596731"><ele>1910.3</ele><time>2024-03-18T10:32:42Z</time></trkpt>
      <trkpt lat="44.1485394" lon="7.5591814"><ele>1914.2</ele><time>2024-03-18T10:34:02Z</time></trkpt>
      <trkpt lat="44.1479882" lon="7.5584743"><ele>1905.5</ele><time>2024-03-18T10:34:58Z</time></trkpt>
      <trkpt lat="44.1473101" lon="7.5571122"><ele>1908.4</ele><time>2024-03-18T10:37:20Z</time></trkpt>
      <trkpt lat="44.1472537" lon="7.5567391"><ele>1912.0</ele><time>2024-03-18T10:37:58Z</time></trkpt>
      <trkpt lat="44.147464" lon="7.5558474"><ele>1925.6</ele><time>2024-03-18T10:39:36Z</time></trkpt>
      <trkpt lat="44.1475991" lon="7.5545268"><ele>1939.3</ele><time>2024-03-18T10:41:51Z</time></trkpt>
      <trkpt lat="44.1473188" lon="7.5547054"><ele>1948.7</ele><time>2024-03-18T10:43:17Z</time></trkpt>
      <trkpt lat="44.1472532" lon="7.5543835"><ele>1952.0</ele><time>2024-03-18T10:44:05Z</time></trkpt>
      <trkpt lat="44.1470372" lon="7.5547999"><ele>1959.0</ele><time>2024-03-18T10:45:11Z</time></trkpt>
      <trkpt lat="44.1465835" lon="7.5552711"><ele>1974.4</ele><time>2024-03-18T10:46:57Z</time></trkpt>
      <trkpt lat="44.1465868" lon="7.554275"><ele>1984.1</ele><time>2024-03-18T10:49:13Z</time></trkpt>
      <trkpt lat="44.1463428" lon="7.5545087"><ele>1990.9</ele><time>2024-03-18T10:50:17Z</time></trkpt>
      <trkpt lat="44.1460819" lon="7.5543823"><ele>1994.4</ele><time>2024-03-18T10:51:09Z</time></trkpt>
      <trkpt lat="44.1461932" lon="7.5540187"><ele>1999.6</ele><time>2024-03-18T10:51:59Z</time></trkpt>
      <trkpt lat="44.1461117" lon="7.5520912"><ele>2022.7</ele><time>2024-03-18T10:55:37Z</time></trkpt>
      <trkpt lat="44.1458923" lon="7.5513839"><ele>2033.2</ele><time>2024-03-18T10:57:13Z</time></trkpt>
      <trkpt lat="44.1457695" lon="7.5507329"><ele>2039.6</ele><time>2024-03-18T10:58:25Z</time></trkpt>
      <trkpt lat="44.1457542" lon="7.5501666"><ele>2045.8</ele><time>2024-03-18T10:59:25Z</time></trkpt>
      <trkpt lat="44.1454822" lon="7.5489756"><ele>2058.9</ele><time>2024-03-18T11:01:39Z</time></trkpt>
      <trkpt lat="44.1454048" lon="7.5482205"><ele>2067.2</ele><time>2024-03-18T11:03:07Z</time></trkpt>
      <trkpt lat="44.1454824" lon="7.5479368"><ele>2071.8</ele><time>2024-03-18T11:03:45Z</time></trkpt>
      <trkpt lat="44.1451268" lon="7.5474615"><ele>2084.9</ele><time>2024-03-18T11:05:09Z</time></trkpt>
      <trkpt lat="44.1451588" lon="7.5473213"><ele>2087.4</ele><time>2024-03-18T11:05:27Z</time></trkpt>
      <trkpt lat="44.1453762" lon="7.5471299"><ele>2093.4</ele><time>2024-03-18T11:06:13Z</time></trkpt>
      <trkpt lat="44.1455519" lon="7.5465103"><ele>2103.6</ele><time>2024-03-18T11:13:21Z</time></trkpt>
      <trkpt lat="44.145501" lon="7.5460969"><ele>2107.4</ele><time>2024-03-18T11:14:09Z</time></trkpt>
      <trkpt lat="44.145132" lon="7.5448687"><ele>2116.9</ele><time>2024-03-18T11:16:23Z</time></trkpt>
      <trkpt lat="44.1448887" lon="7.5445803"><ele>2113.0</ele><time>2024-03-18T11:27:59Z</time></trkpt>
      <trkpt lat="44.1450467" lon="7.542559"><ele>2082.1</ele><time>2024-03-18T11:28:21Z</time></trkpt>
      <trkpt lat="44.1450241" lon="7.5422919"><ele>2078.9</ele><time>2024-03-18T11:28:25Z</time></trkpt>
      <trkpt lat="44.1447195" lon="7.5414798"><ele>2061.4</ele><time>2024-03-18T11:28:33Z</time></trkpt>
      <trkpt lat="44.1441677" lon="7.5404723"><ele>2046.7</ele><time>2024-03-18T11:28:49Z</time></trkpt>
      <trkpt lat="44.1437107" lon="7.539187"><ele>2026.3</ele><time>2024-03-18T11:29:11Z</time></trkpt>
      <trkpt lat="44.1434149" lon="7.5390879"><ele>2021.8</ele><time>2024-03-18T11:29:17Z</time></trkpt>
      <trkpt lat="44.1434516" lon="7.5391092"><ele>2015.9</ele><time>2024-03-18T11:30:23Z</time></trkpt>
      <trkpt lat="44.1428339" lon="7.5376503"><ele>1990.5</ele><time>2024-03-18T11:30:55Z</time></trkpt>
      <trkpt lat="44.1422098" lon="7.5367372"><ele>1976.2</ele><time>2024-03-18T11:31:15Z</time></trkpt>
      <trkpt lat="44.1419347" lon="7.5361967"><ele>1968.9</ele><time>2024-03-18T11:31:29Z</time></trkpt>
      <trkpt lat="44.1417705" lon="7.5360756"><ele>1962.0</ele><time>2024-03-18T11:31:33Z</time></trkpt>
      <trkpt lat="44.1416703" lon="7.5356864"><ele>1950.8</ele><time>2024-03-18T11:31:41Z</time></trkpt>
      <trkpt lat="44.1408178" lon="7.5348434"><ele>1896.0</ele><time>2024-03-18T11:31:55Z</time></trkpt>
      <trkpt lat="44.1405724" lon="7.5344672"><ele>1882.6</ele><time>2024-03-18T11:31:59Z</time></trkpt>
      <trkpt lat="44.1399017" lon="7.5338063"><ele>1861.9</ele><time>2024-03-18T11:32:15Z</time></trkpt>
      <trkpt lat="44.1395336" lon="7.5335401"><ele>1852.3</ele><time>2024-03-18T11:32:23Z</time></trkpt>
      <trkpt lat="44.139173" lon="7.5330801"><ele>1852.0</ele><time>2024-03-18T11:57:22Z</time></trkpt>
      <trkpt lat="44.1387271" lon="7.5329201"><ele>1850.6</ele><time>2024-03-18T11:58:22Z</time></trkpt>
      <trkpt lat="44.137373" lon="7.5327245"><ele>1840.8</ele><time>2024-03-18T12:01:04Z</time></trkpt>
      <trkpt lat="44.1371692" lon="7.532833"><ele>1841.2</ele><time>2024-03-18T12:01:30Z</time></trkpt>
      <trkpt lat="44.1369896" lon="7.5330531"><ele>1840.9</ele><time>2024-03-18T12:01:58Z</time></trkpt>
      <trkpt lat="44.1367008" lon="7.5336911"><ele>1840.1</ele><time>2024-03-18T12:03:04Z</time></trkpt>
      <trkpt lat="44.1363336" lon="7.5341716"><ele>1842.2</ele><time>2024-03-18T12:04:00Z</time></trkpt>
      <trkpt lat="44.1360753" lon="7.5344691"><ele>1841.7</ele><time>2024-03-18T12:04:38Z</time></trkpt>
      <trkpt lat="44.1357386" lon="7.534675"><ele>1839.9</ele><time>2024-03-18T12:05:18Z</time></trkpt>
      <trkpt lat="44.1352866" lon="7.5348513"><ele>1838.3</ele><time>2024-03-18T12:06:08Z</time></trkpt>
      <trkpt lat="44.1339972" lon="7.5350291"><ele>1841.2</ele><time>2024-03-18T12:08:32Z</time></trkpt>
      <trkpt lat="44.1332591" lon="7.5355025"><ele>1836.2</ele><time>2024-03-18T12:10:03Z</time></trkpt>
      <trkpt lat="44.1327628" lon="7.5357617"><ele>1837.7</ele><time>2024-03-18T12:10:39Z</time></trkpt>
      <trkpt lat="44.1326888" lon="7.5357155"><ele>1836.6</ele><time>2024-03-18T12:10:54Z</time></trkpt>
      <trkpt lat="44.1327114" lon="7.5358393"><ele>1840.2</ele><time>2024-03-18T12:11:21Z</time></trkpt>
      <trkpt lat="44.1326665" lon="7.5359127"><ele>1840.7</ele><time>2024-03-18T12:11:27Z</time></trkpt>
      <trkpt lat="44.1322648" lon="7.5361043"><ele>1839.5</ele><time>2024-03-18T12:12:13Z</time></trkpt>
      <trkpt lat="44.1317442" lon="7.5359314"><ele>1834.9</ele><time>2024-03-18T12:13:07Z</time></trkpt>
      <trkpt lat="44.1314377" lon="7.5356738"><ele>1835.1</ele><time>2024-03-18T12:13:43Z</time></trkpt>
      <trkpt lat="44.1312108" lon="7.5350805"><ele>1835.8</ele><time>2024-03-18T12:14:32Z</time></trkpt>
      <trkpt lat="44.1306524" lon="7.5348525"><ele>1827.6</ele><time>2024-03-18T12:15:32Z</time></trkpt>
      <trkpt lat="44.1304838" lon="7.5346224"><ele>1829.9</ele><time>2024-03-18T12:15:54Z</time></trkpt>
      <trkpt lat="44.1299508" lon="7.5331168"><ele>1836.6</ele><time>2024-03-18T12:18:09Z</time></trkpt>
      <trkpt lat="44.129852" lon="7.5326846"><ele>1838.9</ele><time>2024-03-18T12:19:18Z</time></trkpt>
      <trkpt lat="44.1297654" lon="7.5317146"><ele>1844.2</ele><time>2024-03-18T12:20:26Z</time></trkpt>
      <trkpt lat="44.1294763" lon="7.5314852"><ele>1837.5</ele><time>2024-03-18T12:21:11Z</time></trkpt>
      <trkpt lat="44.1291393" lon="7.5308534"><ele>1836.0</ele><time>2024-03-18T12:22:19Z</time></trkpt>
      <trkpt lat="44.1287118" lon="7.5297994"><ele>1840.4</ele><time>2024-03-18T12:24:04Z</time></trkpt>
      <trkpt lat="44.1285507" lon="7.528754"><ele>1844.5</ele><time>2024-03-18T12:25:30Z</time></trkpt>
      <trkpt lat="44.1278692" lon="7.5277476"><ele>1845.7</ele><time>2024-03-18T12:27:38Z</time></trkpt>
      <trkpt lat="44.1276091" lon="7.5272155"><ele>1851.3</ele><time>2024-03-18T12:28:30Z</time></trkpt>
      <trkpt lat="44.1274883" lon="7.5264746"><ele>1862.4</ele><time>2024-03-18T13:24:31Z</time></trkpt>
      <trkpt lat="44.127191" lon="7.5262297"><ele>1868.4</ele><time>2024-03-18T13:25:09Z</time></trkpt>
      <trkpt lat="44.1263545" lon="7.5260689"><ele>1874.5</ele><time>2024-03-18T13:26:54Z</time></trkpt>
      <trkpt lat="44.1261483" lon="7.5258832"><ele>1871.8</ele><time>2024-03-18T13:27:33Z</time></trkpt>
      <trkpt lat="44.1262038" lon="7.5253945"><ele>1873.0</ele><time>2024-03-18T13:28:06Z</time></trkpt>
      <trkpt lat="44.126332" lon="7.5250692"><ele>1871.9</ele><time>2024-03-18T13:28:37Z</time></trkpt>
      <trkpt lat="44.1268445" lon="7.5241932"><ele>1879.7</ele><time>2024-03-18T13:30:09Z</time></trkpt>
      <trkpt lat="44.1271523" lon="7.5234956"><ele>1889.4</ele><time>2024-03-18T13:31:18Z</time></trkpt>
      <trkpt lat="44.127184" lon="7.5232042"><ele>1886.7</ele><time>2024-03-18T13:31:44Z</time></trkpt>
      <trkpt lat="44.1271176" lon="7.5228604"><ele>1885.7</ele><time>2024-03-18T13:32:15Z</time></trkpt>
      <trkpt lat="44.1271583" lon="7.5226915"><ele>1887.1</ele><time>2024-03-18T13:32:28Z</time></trkpt>
      <trkpt lat="44.1276487" lon="7.5221964"><ele>1893.2</ele><time>2024-03-18T13:33:40Z</time></trkpt>
      <trkpt lat="44.1278841" lon="7.5216552"><ele>1891.4</ele><time>2024-03-18T13:34:32Z</time></trkpt>
      <trkpt lat="44.1279738" lon="7.5211724"><ele>1892.4</ele><time>2024-03-18T13:35:14Z</time></trkpt>
      <trkpt lat="44.127972" lon="7.5208273"><ele>1893.5</ele><time>2024-03-18T13:35:42Z</time></trkpt>
      <trkpt lat="44.1281188" lon="7.5199661"><ele>1893.9</ele><time>2024-03-18T13:37:00Z</time></trkpt>
      <trkpt lat="44.1281057" lon="7.5196679"><ele>1900.5</ele><time>2024-03-18T13:37:51Z</time></trkpt>
      <trkpt lat="44.127684" lon="7.5196126"><ele>1902.0</ele><time>2024-03-18T13:38:46Z</time></trkpt>
      <trkpt lat="44.1276125" lon="7.5194064"><ele>1905.4</ele><time>2024-03-18T13:39:06Z</time></trkpt>
      <trkpt lat="44.1279151" lon="7.5181271"><ele>1912.0</ele><time>2024-03-18T13:41:04Z</time></trkpt>
      <trkpt lat="44.1279137" lon="7.5176446"><ele>1911.7</ele><time>2024-03-18T13:41:49Z</time></trkpt>
      <trkpt lat="44.127979" lon="7.5174469"><ele>1913.0</ele><time>2024-03-18T13:42:05Z</time></trkpt>
      <trkpt lat="44.1275041" lon="7.5171839"><ele>1921.6</ele><time>2024-03-18T13:52:57Z</time></trkpt>
      <trkpt lat="44.1273262" lon="7.5169038"><ele>1928.3</ele><time>2024-03-18T13:53:33Z</time></trkpt>
      <trkpt lat="44.127547" lon="7.5167391"><ele>1931.1</ele><time>2024-03-18T13:54:13Z</time></trkpt>
      <trkpt lat="44.1278452" lon="7.5161946"><ele>1942.3</ele><time>2024-03-18T13:55:36Z</time></trkpt>
      <trkpt lat="44.1276141" lon="7.516179"><ele>1947.3</ele><time>2024-03-18T13:56:18Z</time></trkpt>
      <trkpt lat="44.1274725" lon="7.5160607"><ele>1950.8</ele><time>2024-03-18T13:56:42Z</time></trkpt>
      <trkpt lat="44.1276969" lon="7.5153716"><ele>1957.5</ele><time>2024-03-18T13:58:30Z</time></trkpt>
      <trkpt lat="44.1277352" lon="7.5148438"><ele>1965.1</ele><time>2024-03-18T13:59:34Z</time></trkpt>
      <trkpt lat="44.1279217" lon="7.5145801"><ele>1972.4</ele><time>2024-03-18T14:00:14Z</time></trkpt>
      <trkpt lat="44.1280597" lon="7.5142289"><ele>1976.5</ele><time>2024-03-18T14:01:03Z</time></trkpt>
      <trkpt lat="44.1277986" lon="7.5142333"><ele>1985.0</ele><time>2024-03-18T14:01:57Z</time></trkpt>
      <trkpt lat="44.1277547" lon="7.5141595"><ele>1985.5</ele><time>2024-03-18T14:02:11Z</time></trkpt>
      <trkpt lat="44.1280006" lon="7.513963"><ele>1991.4</ele><time>2024-03-18T14:02:55Z</time></trkpt>
      <trkpt lat="44.1282869" lon="7.5135796"><ele>1993.1</ele><time>2024-03-18T14:03:47Z</time></trkpt>
      <trkpt lat="44.1282703" lon="7.513187"><ele>1997.3</ele><time>2024-03-18T14:04:39Z</time></trkpt>
      <trkpt lat="44.1283306" lon="7.5130672"><ele>1998.6</ele><time>2024-03-18T14:04:55Z</time></trkpt>
      <trkpt lat="44.1285834" lon="7.5127809"><ele>2001.7</ele><time>2024-03-18T14:05:45Z</time></trkpt>
      <trkpt lat="44.128761" lon="7.5127324"><ele>2004.7</ele><time>2024-03-18T14:06:03Z</time></trkpt>
      <trkpt lat="44.1289764" lon="7.5115604"><ele>2000.6</ele><time>2024-03-18T14:07:46Z</time></trkpt>
      <trkpt lat="44.1290158" lon="7.5108684"><ele>2008.0</ele><time>2024-03-18T14:08:54Z</time></trkpt>
      <trkpt lat="44.1292201" lon="7.5103336"><ele>2020.6</ele><time>2024-03-18T14:10:12Z</time></trkpt>
      <trkpt lat="44.1294237" lon="7.5100554"><ele>2024.0</ele><time>2024-03-18T14:11:02Z</time></trkpt>
      <trkpt lat="44.1297333" lon="7.5099719"><ele>2030.1</ele><time>2024-03-18T14:11:55Z</time></trkpt>
      <trkpt lat="44.1295446" lon="7.5097304"><ele>2036.9</ele><time>2024-03-18T14:13:09Z</time></trkpt>
      <trkpt lat="44.1295164" lon="7.5095074"><ele>2040.1</ele><time>2024-03-18T14:13:40Z</time></trkpt>
      <trkpt lat="44.1296903" lon="7.5095878"><ele>2040.8</ele><time>2024-03-18T14:14:16Z</time></trkpt>
      <trkpt lat="44.129623" lon="7.5092935"><ele>2047.0</ele><time>2024-03-18T14:15:00Z</time></trkpt>
      <trkpt lat="44.1297054" lon="7.5091386"><ele>2050.9</ele><time>2024-03-18T14:15:56Z</time></trkpt>
      <trkpt lat="44.1299997" lon="7.50915"><ele>2058.8</ele><time>2024-03-18T14:16:54Z</time></trkpt>
      <trkpt lat="44.1301012" lon="7.508711"><ele>2060.0</ele><time>2024-03-18T14:17:49Z</time></trkpt>
      <trkpt lat="44.1305284" lon="7.5076704"><ele>2058.8</ele><time>2024-03-18T14:19:36Z</time></trkpt>
      <trkpt lat="44.1306732" lon="7.5070164"><ele>2055.2</ele><time>2024-03-18T14:20:30Z</time></trkpt>
      <trkpt lat="44.1308799" lon="7.5067967"><ele>2066.7</ele><time>2024-03-18T14:20:58Z</time></trkpt>
      <trkpt lat="44.1310823" lon="7.5067271"><ele>2072.5</ele><time>2024-03-18T14:21:22Z</time></trkpt>
      <trkpt lat="44.1311173" lon="7.5065929"><ele>2072.0</ele><time>2024-03-18T14:21:34Z</time></trkpt>
      <trkpt lat="44.1312544" lon="7.5066029"><ele>2075.6</ele><time>2024-03-18T14:21:56Z</time></trkpt>
      <trkpt lat="44.1314146" lon="7.5064266"><ele>2078.7</ele><time>2024-03-18T14:22:26Z</time></trkpt>
      <trkpt lat="44.1322365" lon="7.5062754"><ele>2093.3</ele><time>2024-03-18T14:24:40Z</time></trkpt>
      <trkpt lat="44.1321976" lon="7.5061193"><ele>2095.8</ele><time>2024-03-18T14:25:10Z</time></trkpt>
      <trkpt lat="44.1323348" lon="7.5061021"><ele>2099.5</ele><time>2024-03-18T14:25:38Z</time></trkpt>
      <trkpt lat="44.1322277" lon="7.5059216"><ele>2100.9</ele><time>2024-03-18T14:26:04Z</time></trkpt>
      <trkpt lat="44.1323654" lon="7.5059212"><ele>2104.8</ele><time>2024-03-18T14:26:46Z</time></trkpt>
      <trkpt lat="44.1323011" lon="7.5057785"><ele>2107.6</ele><time>2024-03-18T14:27:14Z</time></trkpt>
      <trkpt lat="44.1323681" lon="7.5057385"><ele>2110.8</ele><time>2024-03-18T14:27:30Z</time></trkpt>
      <trkpt lat="44.1323032" lon="7.505502"><ele>2116.1</ele><time>2024-03-18T14:28:04Z</time></trkpt>
      <trkpt lat="44.1323295" lon="7.5052685"><ele>2119.4</ele><time>2024-03-18T14:28:48Z</time></trkpt>
      <trkpt lat="44.1321958" lon="7.5047444"><ele>2128.1</ele><time>2024-03-18T14:50:42Z</time></trkpt>
      <trkpt lat="44.1322004" lon="7.5044471"><ele>2131.9</ele><time>2024-03-18T14:51:26Z</time></trkpt>
      <trkpt lat="44.1320186" lon="7.5043312"><ele>2134.8</ele><time>2024-03-18T14:52:04Z</time></trkpt>
      <trkpt lat="44.1321085" lon="7.5041198"><ele>2136.5</ele><time>2024-03-18T14:52:38Z</time></trkpt>
      <trkpt lat="44.1318903" lon="7.5040765"><ele>2138.0</ele><time>2024-03-18T14:53:18Z</time></trkpt>
      <trkpt lat="44.1319741" lon="7.5039671"><ele>2142.1</ele><time>2024-03-18T14:53:38Z</time></trkpt>
      <trkpt lat="44.1319077" lon="7.5039399"><ele>2144.7</ele><time>2024-03-18T14:53:54Z</time></trkpt>
      <trkpt lat="44.1317335" lon="7.5035378"><ele>2150.1</ele><time>2024-03-18T14:54:58Z</time></trkpt>
      <trkpt lat="44.1316279" lon="7.5029701"><ele>2157.4</ele><time>2024-03-18T14:56:20Z</time></trkpt>
      <trkpt lat="44.1311074" lon="7.5018762"><ele>2176.7</ele><time>2024-03-18T14:59:20Z</time></trkpt>
      <trkpt lat="44.1307862" lon="7.5017252"><ele>2183.2</ele><time>2024-03-18T15:00:34Z</time></trkpt>
      <trkpt lat="44.1306623" lon="7.5017474"><ele>2186.6</ele><time>2024-03-18T15:01:00Z</time></trkpt>
      <trkpt lat="44.1306776" lon="7.5015829"><ele>2189.5</ele><time>2024-03-18T15:01:42Z</time></trkpt>
      <trkpt lat="44.1303945" lon="7.5006222"><ele>2196.8</ele><time>2024-03-18T15:03:50Z</time></trkpt>
      <trkpt lat="44.1299581" lon="7.4997392"><ele>2209.3</ele><time>2024-03-18T15:06:12Z</time></trkpt>
      <trkpt lat="44.1300526" lon="7.499394"><ele>2215.6</ele><time>2024-03-18T15:07:02Z</time></trkpt>
      <trkpt lat="44.1301646" lon="7.4992936"><ele>2220.2</ele><time>2024-03-18T15:07:30Z</time></trkpt>
      <trkpt lat="44.1301553" lon="7.4991378"><ele>2220.4</ele><time>2024-03-18T15:13:44Z</time></trkpt>
      <trkpt lat="44.1301096" lon="7.4990076"><ele>2221.4</ele><time>2024-03-18T15:18:47Z</time></trkpt>
      <trkpt lat="44.1299168" lon="7.4989006"><ele>2221.1</ele><time>2024-03-18T15:20:01Z</time></trkpt>
      <trkpt lat="44.1298841" lon="7.4987207"><ele>2224.2</ele><time>2024-03-18T15:20:20Z</time></trkpt>
      <trkpt lat="44.1299684" lon="7.4983129"><ele>2234.2</ele><time>2024-03-18T15:21:16Z</time></trkpt>
      <trkpt lat="44.1298089" lon="7.4980785"><ele>2239.2</ele><time>2024-03-18T15:21:55Z</time></trkpt>
      <trkpt lat="44.129825" lon="7.4979679"><ele>2242.8</ele><time>2024-03-18T15:22:15Z</time></trkpt>
      <trkpt lat="44.130099" lon="7.4974828"><ele>2250.5</ele><time>2024-03-18T15:23:28Z</time></trkpt>
      <trkpt lat="44.1302544" lon="7.4973699"><ele>2254.3</ele><time>2024-03-18T15:24:05Z</time></trkpt>
      <trkpt lat="44.1308767" lon="7.4954104"><ele>2272.2</ele><time>2024-03-18T15:28:26Z</time></trkpt>
      <trkpt lat="44.1309501" lon="7.4946596"><ele>2279.7</ele><time>2024-03-18T15:29:58Z</time></trkpt>
      <trkpt lat="44.1309096" lon="7.4941723"><ele>2286.2</ele><time>2024-03-18T15:30:54Z</time></trkpt>
      <trkpt lat="44.1303319" lon="7.4932118"><ele>2300.7</ele><time>2024-03-18T15:33:22Z</time></trkpt>
      <trkpt lat="44.1300815" lon="7.4922127"><ele>2313.3</ele><time>2024-03-18T15:34:37Z</time></trkpt>
      <trkpt lat="44.1301469" lon="7.4920662"><ele>2312.1</ele><time>2024-03-18T15:34:56Z</time></trkpt>
      <trkpt lat="44.1298714" lon="7.4909005"><ele>2323.5</ele><time>2024-03-18T15:38:20Z</time></trkpt>
      <trkpt lat="44.1300919" lon="7.4899389"><ele>2341.8</ele><time>2024-03-18T15:40:49Z</time></trkpt>
      <trkpt lat="44.1300524" lon="7.4898514"><ele>2345.2</ele><time>2024-03-18T15:41:08Z</time></trkpt>
      <trkpt lat="44.1299453" lon="7.4899204"><ele>2342.6</ele><time>2024-03-18T15:41:27Z</time></trkpt>
      <trkpt lat="44.1296095" lon="7.4902678"><ele>2350.6</ele><time>2024-03-18T15:42:41Z</time></trkpt>
      <trkpt lat="44.129667" lon="7.4899417"><ele>2359.1</ele><time>2024-03-18T15:43:56Z</time></trkpt>
      <trkpt lat="44.1295419" lon="7.4900668"><ele>2363.9</ele><time>2024-03-18T15:44:52Z</time></trkpt>
      <trkpt lat="44.1295412" lon="7.4899922"><ele>2365.4</ele><time>2024-03-18T15:45:48Z</time></trkpt>
      <trkpt lat="44.1296769" lon="7.4895017"><ele>2379.0</ele><time>2024-03-18T15:47:20Z</time></trkpt>
      <trkpt lat="44.1294236" lon="7.4897784"><ele>2386.3</ele><time>2024-03-18T15:48:35Z</time></trkpt>
      <trkpt lat="44.1294941" lon="7.4894165"><ele>2393.2</ele><time>2024-03-18T15:49:30Z</time></trkpt>
      <trkpt lat="44.1292354" lon="7.4892554"><ele>2394.9</ele><time>2024-03-18T15:51:23Z</time></trkpt>
      <trkpt lat="44.1291887" lon="7.4894478"><ele>2394.9</ele><time>2024-03-18T15:56:40Z</time></trkpt>
      <trkpt lat="44.1291993" lon="7.4893046"><ele>2397.2</ele><time>2024-03-18T16:14:21Z</time></trkpt>
      <trkpt lat="44.1289281" lon="7.4886929"><ele>2408.2</ele><time>2024-03-18T16:34:08Z</time></trkpt>
      <trkpt lat="44.1291594" lon="7.4889936"><ele>2409.1</ele><time>2024-03-18T16:34:45Z</time></trkpt>
      <trkpt lat="44.1293379" lon="7.4890921"><ele>2411.9</ele><time>2024-03-18T16:35:22Z</time></trkpt>
      <trkpt lat="44.1289547" lon="7.4887015"><ele>2405.3</ele><time>2024-03-18T16:36:18Z</time></trkpt>
      <trkpt lat="44.1288092" lon="7.4882376"><ele>2399.4</ele><time>2024-03-18T16:36:37Z</time></trkpt>
      <trkpt lat="44.1285018" lon="7.4871819"><ele>2385.1</ele><time>2024-03-18T16:37:51Z</time></trkpt>
      <trkpt lat="44.127925" lon="7.4845452"><ele>2318.6</ele><time>2024-03-18T16:49:00Z</time></trkpt>
      <trkpt lat="44.1276548" lon="7.4844963"><ele>2306.8</ele><time>2024-03-18T16:51:47Z</time></trkpt>
      <trkpt lat="44.1271612" lon="7.4826707"><ele>2239.6</ele><time>2024-03-18T16:52:06Z</time></trkpt>
      <trkpt lat="44.1270524" lon="7.4810831"><ele>2221.3</ele><time>2024-03-18T16:52:25Z</time></trkpt>
      <trkpt lat="44.1268887" lon="7.4802339"><ele>2219.6</ele><time>2024-03-18T17:01:45Z</time></trkpt>
      <trkpt lat="44.1269632" lon="7.4792847"><ele>2232.0</ele><time>2024-03-18T17:03:55Z</time></trkpt>
      <trkpt lat="44.1268826" lon="7.4788835"><ele>2233.9</ele><time>2024-03-18T17:04:33Z</time></trkpt>
      <trkpt lat="44.1270338" lon="7.4781842"><ele>2238.9</ele><time>2024-03-18T17:11:23Z</time></trkpt>
      <trkpt lat="44.1274571" lon="7.4793094"><ele>2228.1</ele><time>2024-03-18T17:30:36Z</time></trkpt>
      <trkpt lat="44.1275763" lon="7.4806869"><ele>2240.9</ele><time>2024-03-18T17:31:49Z</time></trkpt>
      <trkpt lat="44.1275461" lon="7.4825251"><ele>2255.8</ele><time>2024-03-18T17:41:42Z</time></trkpt>
      <trkpt lat="44.1277371" lon="7.4813444"><ele>2252.6</ele><time>2024-03-18T17:43:33Z</time></trkpt>
      <trkpt lat="44.1278756" lon="7.4793901"><ele>2255.5</ele><time>2024-03-18T17:46:02Z</time></trkpt>
      <trkpt lat="44.1280069" lon="7.4786618"><ele>2259.8</ele><time>2024-03-18T17:46:58Z</time></trkpt>
      <trkpt lat="44.1282654" lon="7.4782702"><ele>2261.8</ele><time>2024-03-18T17:47:36Z</time></trkpt>
      <trkpt lat="44.1291682" lon="7.4759901"><ele>2249.4</ele><time>2024-03-18T17:50:04Z</time></trkpt>
      <trkpt lat="44.1296998" lon="7.4733868"><ele>2259.1</ele><time>2024-03-18T17:53:48Z</time></trkpt>
      <trkpt lat="44.1297396" lon="7.4727525"><ele>2267.3</ele><time>2024-03-18T17:54:43Z</time></trkpt>
      <trkpt lat="44.1296385" lon="7.4719672"><ele>2276.6</ele><time>2024-03-18T17:55:57Z</time></trkpt>
      <trkpt lat="44.1297376" lon="7.4717964"><ele>2278.5</ele><time>2024-03-18T17:56:16Z</time></trkpt>
      <trkpt lat="44.129739" lon="7.4715945"><ele>2281.6</ele><time>2024-03-18T17:56:34Z</time></trkpt>
      <trkpt lat="44.129528" lon="7.4712446"><ele>2289.0</ele><time>2024-03-18T17:57:12Z</time></trkpt>
      <trkpt lat="44.1295552" lon="7.4708404"><ele>2295.3</ele><time>2024-03-18T17:57:49Z</time></trkpt>
      <trkpt lat="44.1294557" lon="7.4701337"><ele>2301.1</ele><time>2024-03-18T17:58:45Z</time></trkpt>
      <trkpt lat="44.1297623" lon="7.4686532"><ele>2307.8</ele><time>2024-03-18T18:00:54Z</time></trkpt>
      <trkpt lat="44.1297502" lon="7.4684059"><ele>2311.3</ele><time>2024-03-18T18:01:13Z</time></trkpt>
      <trkpt lat="44.1296066" lon="7.468067"><ele>2313.9</ele><time>2024-03-18T18:01:50Z</time></trkpt>
      <trkpt lat="44.1297351" lon="7.46773"><ele>2320.5</ele><time>2024-03-18T18:02:26Z</time></trkpt>
      <trkpt lat="44.1298441" lon="7.4676317"><ele>2324.2</ele><time>2024-03-18T18:02:44Z</time></trkpt>
      <trkpt lat="44.1298354" lon="7.4672317"><ele>2329.8</ele><time>2024-03-18T18:03:22Z</time></trkpt>
      <trkpt lat="44.1300412" lon="7.4667295"><ele>2331.5</ele><time>2024-03-18T18:04:18Z</time></trkpt>
      <trkpt lat="44.1300885" lon="7.4663803"><ele>2297.4</ele><time>2024-03-18T18:18:11Z</time></trkpt>
      <trkpt lat="44.1302841" lon="7.4664681"><ele>2296.2</ele><time>2024-03-18T18:22:30Z</time></trkpt>
      <trkpt lat="44.1310562" lon="7.4664562"><ele>2270.6</ele><time>2024-03-18T18:29:58Z</time></trkpt>
      <trkpt lat="44.1310785" lon="7.4660453"><ele>2271.8</ele><time>2024-03-19T06:33:17Z</time></trkpt>
      <trkpt lat="44.1312205" lon="7.4660899"><ele>2278.7</ele><time>2024-03-19T06:33:28Z</time></trkpt>
      <trkpt lat="44.1317253" lon="7.4655793"><ele>2269.4</ele><time>2024-03-19T06:34:41Z</time></trkpt>
      <trkpt lat="44.1319209" lon="7.4656085"><ele>2276.3</ele><time>2024-03-19T06:37:27Z</time></trkpt>
      <trkpt lat="44.1322881" lon="7.4654023"><ele>2281.3</ele><time>2024-03-19T06:38:23Z</time></trkpt>
      <trkpt lat="44.1323499" lon="7.4652682"><ele>2284.9</ele><time>2024-03-19T06:38:41Z</time></trkpt>
      <trkpt lat="44.1325359" lon="7.4651852"><ele>2290.2</ele><time>2024-03-19T06:39:18Z</time></trkpt>
      <trkpt lat="44.132701" lon="7.4646256"><ele>2299.9</ele><time>2024-03-19T06:40:33Z</time></trkpt>
      <trkpt lat="44.1331988" lon="7.4644627"><ele>2312.0</ele><time>2024-03-19T06:42:38Z</time></trkpt>
      <trkpt lat="44.1331387" lon="7.4642409"><ele>2317.0</ele><time>2024-03-19T06:43:16Z</time></trkpt>
      <trkpt lat="44.133177" lon="7.4640621"><ele>2323.1</ele><time>2024-03-19T06:43:53Z</time></trkpt>
      <trkpt lat="44.1333599" lon="7.4638563"><ele>2331.0</ele><time>2024-03-19T06:44:40Z</time></trkpt>
      <trkpt lat="44.1336215" lon="7.4632537"><ele>2343.4</ele><time>2024-03-19T06:52:28Z</time></trkpt>
      <trkpt lat="44.1336169" lon="7.4631771"><ele>2344.5</ele><time>2024-03-19T06:52:38Z</time></trkpt>
      <trkpt lat="44.1334933" lon="7.4632054"><ele>2347.6</ele><time>2024-03-19T06:52:58Z</time></trkpt>
      <trkpt lat="44.1335304" lon="7.4630388"><ele>2351.9</ele><time>2024-03-19T06:53:26Z</time></trkpt>
      <trkpt lat="44.1334612" lon="7.4629335"><ele>2355.6</ele><time>2024-03-19T06:53:45Z</time></trkpt>
      <trkpt lat="44.1335972" lon="7.4627114"><ele>2361.7</ele><time>2024-03-19T06:54:24Z</time></trkpt>
      <trkpt lat="44.1335209" lon="7.4624996"><ele>2364.8</ele><time>2024-03-19T06:55:12Z</time></trkpt>
      <trkpt lat="44.1335321" lon="7.4620386"><ele>2375.1</ele><time>2024-03-19T06:56:30Z</time></trkpt>
      <trkpt lat="44.1337106" lon="7.4614705"><ele>2388.8</ele><time>2024-03-19T06:57:56Z</time></trkpt>
      <trkpt lat="44.1336851" lon="7.460621"><ele>2401.3</ele><time>2024-03-19T06:59:42Z</time></trkpt>
      <trkpt lat="44.1337609" lon="7.4602368"><ele>2410.0</ele><time>2024-03-19T07:00:40Z</time></trkpt>
      <trkpt lat="44.1336765" lon="7.4601478"><ele>2414.1</ele><time>2024-03-19T07:08:02Z</time></trkpt>
      <trkpt lat="44.1336979" lon="7.4583493"><ele>2418.5</ele><time>2024-03-19T07:12:35Z</time></trkpt>
      <trkpt lat="44.1335503" lon="7.4582426"><ele>2419.2</ele><time>2024-03-19T07:12:54Z</time></trkpt>
      <trkpt lat="44.1333102" lon="7.4576625"><ele>2419.3</ele><time>2024-03-19T07:13:31Z</time></trkpt>
      <trkpt lat="44.1334062" lon="7.4563583"><ele>2434.0</ele><time>2024-03-19T07:16:13Z</time></trkpt>
      <trkpt lat="44.1333037" lon="7.4564835"><ele>2435.4</ele><time>2024-03-19T07:16:59Z</time></trkpt>
      <trkpt lat="44.1333065" lon="7.4564213"><ele>2435.1</ele><time>2024-03-19T07:17:09Z</time></trkpt>
      <trkpt lat="44.133418" lon="7.4561214"><ele>2439.8</ele><time>2024-03-19T07:17:47Z</time></trkpt>
      <trkpt lat="44.133501" lon="7.4555366"><ele>2446.0</ele><time>2024-03-19T07:19:03Z</time></trkpt>
      <trkpt lat="44.1334516" lon="7.4551295"><ele>2451.5</ele><time>2024-03-19T07:20:03Z</time></trkpt>
      <trkpt lat="44.1335012" lon="7.4548073"><ele>2458.3</ele><time>2024-03-19T07:20:59Z</time></trkpt>
      <trkpt lat="44.1333769" lon="7.4547919"><ele>2459.0</ele><time>2024-03-19T07:21:29Z</time></trkpt>
      <trkpt lat="44.1331922" lon="7.4549362"><ele>2464.0</ele><time>2024-03-19T07:22:17Z</time></trkpt>
      <trkpt lat="44.1333793" lon="7.4541871"><ele>2480.0</ele><time>2024-03-19T07:24:31Z</time></trkpt>
      <trkpt lat="44.1333314" lon="7.453673"><ele>2489.6</ele><time>2024-03-19T07:26:05Z</time></trkpt>
      <trkpt lat="44.1330389" lon="7.4538896"><ele>2494.7</ele><time>2024-03-19T07:27:58Z</time></trkpt>
      <trkpt lat="44.1328418" lon="7.4542413"><ele>2502.4</ele><time>2024-03-19T07:29:14Z</time></trkpt>
      <trkpt lat="44.132776" lon="7.4538089"><ele>2511.8</ele><time>2024-03-19T07:30:39Z</time></trkpt>
      <trkpt lat="44.1321129" lon="7.4549468"><ele>2537.5</ele><time>2024-03-19T07:34:28Z</time></trkpt>
      <trkpt lat="44.1316636" lon="7.4553767"><ele>2549.2</ele><time>2024-03-19T07:56:45Z</time></trkpt>
      <trkpt lat="44.1312592" lon="7.4556034"><ele>2556.1</ele><time>2024-03-19T07:58:20Z</time></trkpt>
      <trkpt lat="44.1313094" lon="7.4553111"><ele>2564.2</ele><time>2024-03-19T07:59:10Z</time></trkpt>
      <trkpt lat="44.1312766" lon="7.4546998"><ele>2569.0</ele><time>2024-03-19T08:00:48Z</time></trkpt>
      <trkpt lat="44.1308656" lon="7.4552977"><ele>2584.1</ele><time>2024-03-19T08:02:44Z</time></trkpt>
      <trkpt lat="44.1307697" lon="7.4553743"><ele>2587.5</ele><time>2024-03-19T08:03:04Z</time></trkpt>
      <trkpt lat="44.1307352" lon="7.4551783"><ele>2588.6</ele><time>2024-03-19T08:04:20Z</time></trkpt>
      <trkpt lat="44.1306199" lon="7.4551064"><ele>2593.0</ele><time>2024-03-19T08:04:50Z</time></trkpt>
      <trkpt lat="44.1303022" lon="7.4556672"><ele>2604.7</ele><time>2024-03-19T08:06:38Z</time></trkpt>
      <trkpt lat="44.1299843" lon="7.455836"><ele>2612.0</ele><time>2024-03-19T08:07:46Z</time></trkpt>
      <trkpt lat="44.1299454" lon="7.455352"><ele>2619.6</ele><time>2024-03-19T08:09:42Z</time></trkpt>
      <trkpt lat="44.1297378" lon="7.4545887"><ele>2634.7</ele><time>2024-03-19T08:11:48Z</time></trkpt>
      <trkpt lat="44.1297273" lon="7.4542306"><ele>2642.3</ele><time>2024-03-19T08:12:44Z</time></trkpt>
      <trkpt lat="44.1296691" lon="7.454069"><ele>2644.8</ele><time>2024-03-19T08:13:12Z</time></trkpt>
      <trkpt lat="44.1290856" lon="7.4546784"><ele>2661.0</ele><time>2024-03-19T08:15:44Z</time></trkpt>
      <trkpt lat="44.1287485" lon="7.4547989"><ele>2665.2</ele><time>2024-03-19T08:16:50Z</time></trkpt>
      <trkpt lat="44.1283992" lon="7.4546192"><ele>2672.5</ele><time>2024-03-19T08:18:18Z</time></trkpt>
      <trkpt lat="44.1280244" lon="7.4536968"><ele>2694.1</ele><time>2024-03-19T08:22:26Z</time></trkpt>
      <trkpt lat="44.1280162" lon="7.4542385"><ele>2708.5</ele><time>2024-03-19T08:24:42Z</time></trkpt>
      <trkpt lat="44.1277902" lon="7.4538206"><ele>2719.1</ele><time>2024-03-19T08:26:46Z</time></trkpt>
      <trkpt lat="44.1277326" lon="7.4539277"><ele>2722.6</ele><time>2024-03-19T08:27:36Z</time></trkpt>
      <trkpt lat="44.1278132" lon="7.4536596"><ele>2716.1</ele><time>2024-03-19T08:28:42Z</time></trkpt>
      <trkpt lat="44.1282295" lon="7.4539266"><ele>2683.8</ele><time>2024-03-19T09:02:16Z</time></trkpt>
      <trkpt lat="44.1286525" lon="7.4547476"><ele>2666.1</ele><time>2024-03-19T09:02:26Z</time></trkpt>
      <trkpt lat="44.1290405" lon="7.4546857"><ele>2657.4</ele><time>2024-03-19T09:02:36Z</time></trkpt>
      <trkpt lat="44.1290807" lon="7.4545485"><ele>2657.2</ele><time>2024-03-19T09:10:16Z</time></trkpt>
      <trkpt lat="44.1291809" lon="7.4545202"><ele>2657.0</ele><time>2024-03-19T09:10:46Z</time></trkpt>
      <trkpt lat="44.1291231" lon="7.4544995"><ele>2654.6</ele><time>2024-03-19T10:25:21Z</time></trkpt>
      <trkpt lat="44.1289929" lon="7.4547488"><ele>2657.0</ele><time>2024-03-19T10:25:39Z</time></trkpt>
      <trkpt lat="44.1286831" lon="7.4548222"><ele>2665.0</ele><time>2024-03-19T10:30:31Z</time></trkpt>
      <trkpt lat="44.1283419" lon="7.4545817"><ele>2683.1</ele><time>2024-03-19T10:31:19Z</time></trkpt>
      <trkpt lat="44.1280136" lon="7.4537892"><ele>2693.0</ele><time>2024-03-19T10:33:28Z</time></trkpt>
      <trkpt lat="44.1279838" lon="7.4542768"><ele>2700.5</ele><time>2024-03-19T10:34:28Z</time></trkpt>
      <trkpt lat="44.1277211" lon="7.4536639"><ele>2710.5</ele><time>2024-03-19T10:46:19Z</time></trkpt>
      <trkpt lat="44.127558" lon="7.4535838"><ele>2697.8</ele><time>2024-03-19T10:46:29Z</time></trkpt>
      <trkpt lat="44.1275687" lon="7.4535147"><ele>2699.7</ele><time>2024-03-19T10:47:34Z</time></trkpt>
      <trkpt lat="44.1273214" lon="7.4533095"><ele>2678.9</ele><time>2024-03-19T10:47:44Z</time></trkpt>
      <trkpt lat="44.1271188" lon="7.4529728"><ele>2656.2</ele><time>2024-03-19T10:47:54Z</time></trkpt>
      <trkpt lat="44.12717" lon="7.4530006"><ele>2646.2</ele><time>2024-03-19T10:55:08Z</time></trkpt>
      <trkpt lat="44.1268442" lon="7.4528301"><ele>2616.0</ele><time>2024-03-19T10:55:17Z</time></trkpt>
      <trkpt lat="44.1266026" lon="7.4532348"><ele>2607.6</ele><time>2024-03-19T10:55:26Z</time></trkpt>
      <trkpt lat="44.1262183" lon="7.45302"><ele>2578.1</ele><time>2024-03-19T10:55:45Z</time></trkpt>
      <trkpt lat="44.1258234" lon="7.4525994"><ele>2539.7</ele><time>2024-03-19T10:55:55Z</time></trkpt>
      <trkpt lat="44.1258684" lon="7.4523921"><ele>2535.8</ele><time>2024-03-19T10:56:05Z</time></trkpt>
      <trkpt lat="44.1257935" lon="7.4522021"><ele>2527.2</ele><time>2024-03-19T10:58:50Z</time></trkpt>
      <trkpt lat="44.125929" lon="7.451464"><ele>2518.1</ele><time>2024-03-19T10:59:00Z</time></trkpt>
      <trkpt lat="44.1256707" lon="7.4508478"><ele>2494.8</ele><time>2024-03-19T10:59:20Z</time></trkpt>
      <trkpt lat="44.1253584" lon="7.4506636"><ele>2480.0</ele><time>2024-03-19T11:00:10Z</time></trkpt>
      <trkpt lat="44.1252621" lon="7.4507135"><ele>2473.0</ele><time>2024-03-19T11:00:39Z</time></trkpt>
      <trkpt lat="44.1253774" lon="7.4505838"><ele>2464.7</ele><time>2024-03-19T11:07:14Z</time></trkpt>
      <trkpt lat="44.1251138" lon="7.4506465"><ele>2462.8</ele><time>2024-03-19T11:07:34Z</time></trkpt>
      <trkpt lat="44.1247937" lon="7.4500451"><ele>2467.2</ele><time>2024-03-19T11:08:34Z</time></trkpt>
      <trkpt lat="44.124764" lon="7.4498366"><ele>2462.4</ele><time>2024-03-19T11:08:54Z</time></trkpt>
      <trkpt lat="44.1248092" lon="7.4496381"><ele>2464.6</ele><time>2024-03-19T11:09:23Z</time></trkpt>
      <trkpt lat="44.1245189" lon="7.4493102"><ele>2467.4</ele><time>2024-03-19T11:09:33Z</time></trkpt>
      <trkpt lat="44.1243114" lon="7.449449"><ele>2468.2</ele><time>2024-03-19T11:10:01Z</time></trkpt>
      <trkpt lat="44.1241641" lon="7.4486036"><ele>2459.0</ele><time>2024-03-19T11:12:10Z</time></trkpt>
      <trkpt lat="44.1237927" lon="7.4481316"><ele>2452.7</ele><time>2024-03-19T11:12:28Z</time></trkpt>
      <trkpt lat="44.1234952" lon="7.447175"><ele>2437.2</ele><time>2024-03-19T11:13:16Z</time></trkpt>
      <trkpt lat="44.1230943" lon="7.4469911"><ele>2429.0</ele><time>2024-03-19T11:13:26Z</time></trkpt>
      <trkpt lat="44.1229166" lon="7.4471126"><ele>2429.1</ele><time>2024-03-19T11:13:36Z</time></trkpt>
      <trkpt lat="44.1227065" lon="7.4471019"><ele>2429.6</ele><time>2024-03-19T11:13:45Z</time></trkpt>
      <trkpt lat="44.1226119" lon="7.4466331"><ele>2419.3</ele><time>2024-03-19T11:54:47Z</time></trkpt>
      <trkpt lat="44.1225307" lon="7.4454295"><ele>2423.8</ele><time>2024-03-19T11:56:56Z</time></trkpt>
      <trkpt lat="44.1225999" lon="7.4448904"><ele>2424.9</ele><time>2024-03-19T12:01:17Z</time></trkpt>
      <trkpt lat="44.1228432" lon="7.4439578"><ele>2428.9</ele><time>2024-03-19T12:03:02Z</time></trkpt>
      <trkpt lat="44.1232839" lon="7.4433493"><ele>2430.6</ele><time>2024-03-19T12:04:28Z</time></trkpt>
      <trkpt lat="44.1233416" lon="7.4431337"><ele>2427.7</ele><time>2024-03-19T12:04:48Z</time></trkpt>
      <trkpt lat="44.1233127" lon="7.4428258"><ele>2422.6</ele><time>2024-03-19T12:05:08Z</time></trkpt>
      <trkpt lat="44.1231578" lon="7.4424513"><ele>2419.3</ele><time>2024-03-19T12:05:36Z</time></trkpt>
      <trkpt lat="44.1231481" lon="7.4410081"><ele>2425.2</ele><time>2024-03-19T12:07:30Z</time></trkpt>
      <trkpt lat="44.1229451" lon="7.4390777"><ele>2424.1</ele><time>2024-03-19T12:09:44Z</time></trkpt>
      <trkpt lat="44.1231683" lon="7.4375276"><ele>2421.1</ele><time>2024-03-19T12:11:42Z</time></trkpt>
      <trkpt lat="44.1231826" lon="7.4367958"><ele>2421.6</ele><time>2024-03-19T12:12:39Z</time></trkpt>
      <trkpt lat="44.1226094" lon="7.4351604"><ele>2423.3</ele><time>2024-03-19T12:14:59Z</time></trkpt>
      <trkpt lat="44.1228888" lon="7.4344255"><ele>2424.3</ele><time>2024-03-19T12:15:57Z</time></trkpt>
      <trkpt lat="44.1232478" lon="7.4337402"><ele>2421.8</ele><time>2024-03-19T12:16:55Z</time></trkpt>
      <trkpt lat="44.1231684" lon="7.4336933"><ele>2425.2</ele><time>2024-03-19T12:17:05Z</time></trkpt>
      <trkpt lat="44.1231608" lon="7.4335954"><ele>2426.7</ele><time>2024-03-19T12:17:15Z</time></trkpt>
      <trkpt lat="44.1233202" lon="7.433549"><ele>2429.1</ele><time>2024-03-19T12:17:35Z</time></trkpt>
      <trkpt lat="44.1232629" lon="7.4333517"><ele>2431.7</ele><time>2024-03-19T12:17:54Z</time></trkpt>
      <trkpt lat="44.1230724" lon="7.4333607"><ele>2436.8</ele><time>2024-03-19T12:18:31Z</time></trkpt>
      <trkpt lat="44.1230133" lon="7.433233"><ele>2439.4</ele><time>2024-03-19T12:18:50Z</time></trkpt>
      <trkpt lat="44.1231838" lon="7.432566"><ele>2442.2</ele><time>2024-03-19T12:19:58Z</time></trkpt>
      <trkpt lat="44.1232783" lon="7.4324717"><ele>2440.4</ele><time>2024-03-19T12:20:17Z</time></trkpt>
      <trkpt lat="44.123435" lon="7.4325551"><ele>2446.8</ele><time>2024-03-19T12:20:45Z</time></trkpt>
      <trkpt lat="44.1235607" lon="7.4327589"><ele>2455.8</ele><time>2024-03-19T12:21:14Z</time></trkpt>
      <trkpt lat="44.1235971" lon="7.4326896"><ele>2456.5</ele><time>2024-03-19T12:21:23Z</time></trkpt>
      <trkpt lat="44.1235988" lon="7.4324276"><ele>2459.0</ele><time>2024-03-19T12:21:51Z</time></trkpt>
      <trkpt lat="44.1234025" lon="7.4317292"><ele>2464.7</ele><time>2024-03-19T12:23:17Z</time></trkpt>
      <trkpt lat="44.1238517" lon="7.4317407"><ele>2473.8</ele><time>2024-03-19T12:24:42Z</time></trkpt>
      <trkpt lat="44.1233628" lon="7.4311384"><ele>2494.9</ele><time>2024-03-19T12:26:55Z</time></trkpt>
      <trkpt lat="44.1232687" lon="7.4309133"><ele>2496.4</ele><time>2024-03-19T12:27:32Z</time></trkpt>
      <trkpt lat="44.1232632" lon="7.4308604"><ele>2498.1</ele><time>2024-03-19T12:27:43Z</time></trkpt>
      <trkpt lat="44.1234089" lon="7.4308929"><ele>2500.5</ele><time>2024-03-19T12:28:13Z</time></trkpt>
      <trkpt lat="44.1236315" lon="7.4308073"><ele>2505.9</ele><time>2024-03-19T12:29:03Z</time></trkpt>
      <trkpt lat="44.1234464" lon="7.4306855"><ele>2511.0</ele><time>2024-03-19T12:29:43Z</time></trkpt>
      <trkpt lat="44.1233337" lon="7.4303784"><ele>2516.1</ele><time>2024-03-19T12:30:40Z</time></trkpt>
      <trkpt lat="44.1235098" lon="7.4304792"><ele>2523.4</ele><time>2024-03-19T12:31:19Z</time></trkpt>
      <trkpt lat="44.1239427" lon="7.4303679"><ele>2527.6</ele><time>2024-03-19T12:33:25Z</time></trkpt>
      <trkpt lat="44.1238942" lon="7.430472"><ele>2515.5</ele><time>2024-03-19T12:33:45Z</time></trkpt>
      <trkpt lat="44.1235367" lon="7.4301119"><ele>2536.8</ele><time>2024-03-19T12:35:01Z</time></trkpt>
      <trkpt lat="44.1235099" lon="7.430051"><ele>2538.0</ele><time>2024-03-19T12:35:11Z</time></trkpt>
      <trkpt lat="44.1235534" lon="7.4300295"><ele>2538.6</ele><time>2024-03-19T12:35:20Z</time></trkpt>
      <trkpt lat="44.1238365" lon="7.4300684"><ele>2548.3</ele><time>2024-03-19T12:36:17Z</time></trkpt>
      <trkpt lat="44.1236753" lon="7.4298925"><ele>2556.3</ele><time>2024-03-19T12:36:56Z</time></trkpt>
      <trkpt lat="44.123672" lon="7.4297616"><ele>2558.4</ele><time>2024-03-19T12:37:16Z</time></trkpt>
      <trkpt lat="44.1233876" lon="7.4294391"><ele>2568.0</ele><time>2024-03-19T12:39:22Z</time></trkpt>
      <trkpt lat="44.1233726" lon="7.4292045"><ele>2568.0</ele><time>2024-03-19T12:54:22Z</time></trkpt>
      <trkpt lat="44.1236908" lon="7.4287483"><ele>2555.6</ele><time>2024-03-19T12:54:31Z</time></trkpt>
      <trkpt lat="44.1237346" lon="7.4283729"><ele>2542.9</ele><time>2024-03-19T12:54:59Z</time></trkpt>
      <trkpt lat="44.1235493" lon="7.4281326"><ele>2536.4</ele><time>2024-03-19T12:55:09Z</time></trkpt>
      <trkpt lat="44.1238644" lon="7.4270789"><ele>2519.5</ele><time>2024-03-19T12:55:18Z</time></trkpt>
      <trkpt lat="44.1242086" lon="7.4269112"><ele>2512.4</ele><time>2024-03-19T12:55:24Z</time></trkpt>
      <trkpt lat="44.1238059" lon="7.425978"><ele>2490.8</ele><time>2024-03-19T12:55:34Z</time></trkpt>
      <trkpt lat="44.1237964" lon="7.4251699"><ele>2472.6</ele><time>2024-03-19T12:55:44Z</time></trkpt>
      <trkpt lat="44.1235449" lon="7.4248356"><ele>2454.9</ele><time>2024-03-19T12:57:16Z</time></trkpt>
      <trkpt lat="44.1234573" lon="7.4245996"><ele>2454.5</ele><time>2024-03-19T12:57:22Z</time></trkpt>
      <trkpt lat="44.1232333" lon="7.422826"><ele>2430.0</ele><time>2024-03-19T12:58:12Z</time></trkpt>
      <trkpt lat="44.1232823" lon="7.4224073"><ele>2420.7</ele><time>2024-03-19T12:58:22Z</time></trkpt>
      <trkpt lat="44.1234121" lon="7.4221333"><ele>2421.0</ele><time>2024-03-19T12:58:47Z</time></trkpt>
      <trkpt lat="44.1236454" lon="7.4219381"><ele>2417.0</ele><time>2024-03-19T12:59:07Z</time></trkpt>
      <trkpt lat="44.1237541" lon="7.4216339"><ele>2413.8</ele><time>2024-03-19T12:59:17Z</time></trkpt>
      <trkpt lat="44.1239688" lon="7.4214669"><ele>2411.5</ele><time>2024-03-19T12:59:27Z</time></trkpt>
      <trkpt lat="44.1240081" lon="7.4213017"><ele>2412.0</ele><time>2024-03-19T13:04:27Z</time></trkpt>
      <trkpt lat="44.1240331" lon="7.420879"><ele>2419.1</ele><time>2024-03-19T13:05:42Z</time></trkpt>
      <trkpt lat="44.1239035" lon="7.4210908"><ele>2425.1</ele><time>2024-03-19T13:06:42Z</time></trkpt>
      <trkpt lat="44.1237517" lon="7.4211726"><ele>2429.4</ele><time>2024-03-19T13:07:22Z</time></trkpt>
      <trkpt lat="44.123919" lon="7.4207519"><ele>2444.2</ele><time>2024-03-19T13:08:22Z</time></trkpt>
      <trkpt lat="44.1241115" lon="7.4204764"><ele>2446.4</ele><time>2024-03-19T13:09:12Z</time></trkpt>
      <trkpt lat="44.124146" lon="7.4203026"><ele>2447.8</ele><time>2024-03-19T13:09:37Z</time></trkpt>
      <trkpt lat="44.1241235" lon="7.4196922"><ele>2454.5</ele><time>2024-03-19T13:11:22Z</time></trkpt>
      <trkpt lat="44.1239773" lon="7.4191418"><ele>2458.9</ele><time>2024-03-19T13:12:42Z</time></trkpt>
      <trkpt lat="44.123929" lon="7.4185734"><ele>2453.6</ele><time>2024-03-19T13:13:12Z</time></trkpt>
      <trkpt lat="44.12398" lon="7.417775"><ele>2444.3</ele><time>2024-03-19T13:13:47Z</time></trkpt>
      <trkpt lat="44.1239124" lon="7.4169733"><ele>2451.3</ele><time>2024-03-19T13:15:22Z</time></trkpt>
      <trkpt lat="44.1244956" lon="7.4157276"><ele>2465.3</ele><time>2024-03-19T13:20:32Z</time></trkpt>
      <trkpt lat="44.1235652" lon="7.4150084"><ele>2441.4</ele><time>2024-03-19T13:21:12Z</time></trkpt>
      <trkpt lat="44.1233833" lon="7.4140796"><ele>2449.8</ele><time>2024-03-19T13:24:37Z</time></trkpt>
      <trkpt lat="44.1234456" lon="7.4138065"><ele>2449.4</ele><time>2024-03-19T13:25:27Z</time></trkpt>
      <trkpt lat="44.1236595" lon="7.4133606"><ele>2452.8</ele><time>2024-03-19T13:26:57Z</time></trkpt>
      <trkpt lat="44.1239143" lon="7.4131028"><ele>2462.6</ele><time>2024-03-19T13:27:57Z</time></trkpt>
      <trkpt lat="44.1237649" lon="7.413129"><ele>2466.8</ele><time>2024-03-19T13:28:17Z</time></trkpt>
      <trkpt lat="44.1241908" lon="7.4120636"><ele>2466.6</ele><time>2024-03-19T13:30:02Z</time></trkpt>
      <trkpt lat="44.1243649" lon="7.4118472"><ele>2471.4</ele><time>2024-03-19T13:30:37Z</time></trkpt>
      <trkpt lat="44.1247088" lon="7.4110934"><ele>2477.1</ele><time>2024-03-19T13:32:22Z</time></trkpt>
      <trkpt lat="44.1257226" lon="7.4095626"><ele>2504.9</ele><time>2024-03-19T13:37:02Z</time></trkpt>
      <trkpt lat="44.1258755" lon="7.4094782"><ele>2507.8</ele><time>2024-03-19T13:37:32Z</time></trkpt>
      <trkpt lat="44.1259209" lon="7.4093279"><ele>2508.5</ele><time>2024-03-19T13:46:52Z</time></trkpt>
      <trkpt lat="44.12602" lon="7.4080696"><ele>2522.8</ele><time>2024-03-19T13:49:27Z</time></trkpt>
      <trkpt lat="44.1258216" lon="7.4083191"><ele>2528.8</ele><time>2024-03-19T13:50:42Z</time></trkpt>
      <trkpt lat="44.1258546" lon="7.4079536"><ele>2535.5</ele><time>2024-03-19T13:51:32Z</time></trkpt>
      <trkpt lat="44.1255827" lon="7.4082686"><ele>2542.7</ele><time>2024-03-19T13:52:32Z</time></trkpt>
      <trkpt lat="44.12563" lon="7.4077625"><ele>2551.4</ele><time>2024-03-19T13:53:37Z</time></trkpt>
      <trkpt lat="44.1254174" lon="7.4073074"><ele>2555.4</ele><time>2024-03-19T13:54:42Z</time></trkpt>
      <trkpt lat="44.1253802" lon="7.4070162"><ele>2556.3</ele><time>2024-03-19T13:54:57Z</time></trkpt>
      <trkpt lat="44.1253099" lon="7.4070022"><ele>2555.1</ele><time>2024-03-19T13:55:17Z</time></trkpt>
      <trkpt lat="44.1252929" lon="7.406898"><ele>2557.3</ele><time>2024-03-19T13:55:32Z</time></trkpt>
      <trkpt lat="44.1252277" lon="7.4069462"><ele>2559.9</ele><time>2024-03-19T13:55:47Z</time></trkpt>
      <trkpt lat="44.1252323" lon="7.4068627"><ele>2559.8</ele><time>2024-03-19T13:55:57Z</time></trkpt>
      <trkpt lat="44.1254659" lon="7.4063284"><ele>2565.5</ele><time>2024-03-19T13:56:57Z</time></trkpt>
      <trkpt lat="44.1257862" lon="7.4062012"><ele>2573.3</ele><time>2024-03-19T13:58:42Z</time></trkpt>
      <trkpt lat="44.1255995" lon="7.4060504"><ele>2577.9</ele><time>2024-03-19T13:59:42Z</time></trkpt>
      <trkpt lat="44.1257322" lon="7.4060138"><ele>2582.6</ele><time>2024-03-19T14:00:07Z</time></trkpt>
      <trkpt lat="44.1256081" lon="7.4059251"><ele>2583.8</ele><time>2024-03-19T14:00:32Z</time></trkpt>
      <trkpt lat="44.1257966" lon="7.4058306"><ele>2592.0</ele><time>2024-03-19T14:01:07Z</time></trkpt>
      <trkpt lat="44.1256065" lon="7.4057213"><ele>2594.2</ele><time>2024-03-19T14:01:57Z</time></trkpt>
      <trkpt lat="44.1259021" lon="7.4056005"><ele>2602.1</ele><time>2024-03-19T14:02:47Z</time></trkpt>
      <trkpt lat="44.1261097" lon="7.4053929"><ele>2609.0</ele><time>2024-03-19T14:03:32Z</time></trkpt>
      <trkpt lat="44.1261158" lon="7.4053264"><ele>2610.3</ele><time>2024-03-19T14:03:42Z</time></trkpt>
      <trkpt lat="44.1259924" lon="7.4052586"><ele>2610.1</ele><time>2024-03-19T14:04:02Z</time></trkpt>
      <trkpt lat="44.1259161" lon="7.4048027"><ele>2613.0</ele><time>2024-03-19T14:21:03Z</time></trkpt>
      <trkpt lat="44.1266831" lon="7.403809"><ele>2595.0</ele><time>2024-03-19T14:21:18Z</time></trkpt>
      <trkpt lat="44.127378" lon="7.4031188"><ele>2581.7</ele><time>2024-03-19T14:21:38Z</time></trkpt>
      <trkpt lat="44.1276629" lon="7.4028554"><ele>2578.5</ele><time>2024-03-19T14:21:43Z</time></trkpt>
      <trkpt lat="44.1283545" lon="7.4024307"><ele>2566.8</ele><time>2024-03-19T14:21:58Z</time></trkpt>
      <trkpt lat="44.1287826" lon="7.4023647"><ele>2557.1</ele><time>2024-03-19T14:22:43Z</time></trkpt>
      <trkpt lat="44.1293962" lon="7.4019356"><ele>2544.2</ele><time>2024-03-19T14:22:58Z</time></trkpt>
      <trkpt lat="44.130022" lon="7.4020308"><ele>2519.6</ele><time>2024-03-19T14:23:13Z</time></trkpt>
      <trkpt lat="44.1302013" lon="7.401939"><ele>2516.9</ele><time>2024-03-19T14:23:18Z</time></trkpt>
      <trkpt lat="44.1306969" lon="7.4022293"><ele>2501.8</ele><time>2024-03-19T14:23:28Z</time></trkpt>
      <trkpt lat="44.1309282" lon="7.4024992"><ele>2497.2</ele><time>2024-03-19T14:23:34Z</time></trkpt>
      <trkpt lat="44.1311329" lon="7.4028787"><ele>2493.4</ele><time>2024-03-19T14:24:04Z</time></trkpt>
      <trkpt lat="44.131599" lon="7.4031332"><ele>2478.5</ele><time>2024-03-19T14:26:39Z</time></trkpt>
      <trkpt lat="44.131685" lon="7.4030769"><ele>2475.5</ele><time>2024-03-19T14:28:24Z</time></trkpt>
      <trkpt lat="44.1319484" lon="7.4031888"><ele>2464.4</ele><time>2024-03-19T14:28:29Z</time></trkpt>
      <trkpt lat="44.1320562" lon="7.4034049"><ele>2462.3</ele><time>2024-03-19T14:28:39Z</time></trkpt>
      <trkpt lat="44.1323988" lon="7.4029347"><ele>2439.5</ele><time>2024-03-19T14:28:49Z</time></trkpt>
      <trkpt lat="44.1326402" lon="7.4028304"><ele>2427.6</ele><time>2024-03-19T14:28:54Z</time></trkpt>
      <trkpt lat="44.1329116" lon="7.402523"><ele>2403.2</ele><time>2024-03-19T14:28:59Z</time></trkpt>
      <trkpt lat="44.1332701" lon="7.4015102"><ele>2379.6</ele><time>2024-03-19T14:29:09Z</time></trkpt>
      <trkpt lat="44.1336741" lon="7.4011845"><ele>2372.2</ele><time>2024-03-19T14:29:14Z</time></trkpt>
      <trkpt lat="44.1341709" lon="7.4011285"><ele>2370.3</ele><time>2024-03-19T14:29:24Z</time></trkpt>
      <trkpt lat="44.1344382" lon="7.4009707"><ele>2357.2</ele><time>2024-03-19T14:29:34Z</time></trkpt>
      <trkpt lat="44.1347259" lon="7.4002537"><ele>2348.5</ele><time>2024-03-19T14:30:24Z</time></trkpt>
      <trkpt lat="44.1348272" lon="7.3994705"><ele>2342.0</ele><time>2024-03-19T14:30:44Z</time></trkpt>
      <trkpt lat="44.135034" lon="7.3987149"><ele>2338.4</ele><time>2024-03-19T14:31:29Z</time></trkpt>
      <trkpt lat="44.1350714" lon="7.3983708"><ele>2332.9</ele><time>2024-03-19T14:31:34Z</time></trkpt>
      <trkpt lat="44.1354913" lon="7.3978904"><ele>2326.1</ele><time>2024-03-19T14:31:44Z</time></trkpt>
      <trkpt lat="44.1358844" lon="7.3977058"><ele>2320.4</ele><time>2024-03-19T14:33:23Z</time></trkpt>
      <trkpt lat="44.1363065" lon="7.3973874"><ele>2314.3</ele><time>2024-03-19T14:33:49Z</time></trkpt>
      <trkpt lat="44.1364461" lon="7.397148"><ele>2315.9</ele><time>2024-03-19T14:34:39Z</time></trkpt>
      <trkpt lat="44.1363294" lon="7.3966895"><ele>2319.7</ele><time>2024-03-19T14:49:34Z</time></trkpt>
      <trkpt lat="44.136287" lon="7.3962006"><ele>2323.1</ele><time>2024-03-19T14:50:59Z</time></trkpt>
      <trkpt lat="44.1361085" lon="7.3963468"><ele>2331.2</ele><time>2024-03-19T14:51:34Z</time></trkpt>
      <trkpt lat="44.1359888" lon="7.3968866"><ele>2344.1</ele><time>2024-03-19T14:52:44Z</time></trkpt>
      <trkpt lat="44.1358381" lon="7.3970927"><ele>2349.6</ele><time>2024-03-19T14:53:24Z</time></trkpt>
      <trkpt lat="44.1358058" lon="7.3968498"><ele>2352.6</ele><time>2024-03-19T14:54:24Z</time></trkpt>
      <trkpt lat="44.1356494" lon="7.396452"><ele>2358.0</ele><time>2024-03-19T14:55:34Z</time></trkpt>
      <trkpt lat="44.1356323" lon="7.3967413"><ele>2363.8</ele><time>2024-03-19T14:56:14Z</time></trkpt>
      <trkpt lat="44.1355712" lon="7.3968095"><ele>2367.2</ele><time>2024-03-19T14:56:34Z</time></trkpt>
      <trkpt lat="44.1354669" lon="7.3964743"><ele>2371.2</ele><time>2024-03-19T14:57:29Z</time></trkpt>
      <trkpt lat="44.1353713" lon="7.3966899"><ele>2377.2</ele><time>2024-03-19T14:58:09Z</time></trkpt>
      <trkpt lat="44.1350196" lon="7.3969218"><ele>2388.1</ele><time>2024-03-19T14:59:29Z</time></trkpt>
      <trkpt lat="44.1345496" lon="7.3970572"><ele>2399.2</ele><time>2024-03-19T15:01:04Z</time></trkpt>
      <trkpt lat="44.134715" lon="7.396588"><ele>2410.2</ele><time>2024-03-19T15:02:09Z</time></trkpt>
      <trkpt lat="44.1348253" lon="7.3958586"><ele>2422.3</ele><time>2024-03-19T15:03:59Z</time></trkpt>
      <trkpt lat="44.1347805" lon="7.394898"><ele>2436.4</ele><time>2024-03-19T15:06:24Z</time></trkpt>
      <trkpt lat="44.1349044" lon="7.3942282"><ele>2447.5</ele><time>2024-03-19T15:07:59Z</time></trkpt>
      <trkpt lat="44.1345232" lon="7.3948306"><ele>2460.1</ele><time>2024-03-19T15:09:54Z</time></trkpt>
      <trkpt lat="44.1343489" lon="7.3954482"><ele>2468.9</ele><time>2024-03-19T15:11:24Z</time></trkpt>
      <trkpt lat="44.1337395" lon="7.3957576"><ele>2481.6</ele><time>2024-03-19T15:13:19Z</time></trkpt>
      <trkpt lat="44.1336742" lon="7.3954818"><ele>2484.9</ele><time>2024-03-19T15:13:59Z</time></trkpt>
      <trkpt lat="44.1338008" lon="7.3952205"><ele>2494.0</ele><time>2024-03-19T15:14:44Z</time></trkpt>
      <trkpt lat="44.1336814" lon="7.3948042"><ele>2499.7</ele><time>2024-03-19T15:15:44Z</time></trkpt>
      <trkpt lat="44.1334049" lon="7.3942681"><ele>2507.6</ele><time>2024-03-19T15:17:04Z</time></trkpt>
      <trkpt lat="44.1331239" lon="7.3942959"><ele>2510.4</ele><time>2024-03-19T15:17:49Z</time></trkpt>
      <trkpt lat="44.1331624" lon="7.3937604"><ele>2517.3</ele><time>2024-03-19T15:18:54Z</time></trkpt>
      <trkpt lat="44.1328626" lon="7.3930882"><ele>2527.6</ele><time>2024-03-19T15:20:39Z</time></trkpt>
      <trkpt lat="44.1329689" lon="7.3927191"><ele>2535.4</ele><time>2024-03-19T15:23:29Z</time></trkpt>
      <trkpt lat="44.1332701" lon="7.3923577"><ele>2524.8</ele><time>2024-03-19T15:23:44Z</time></trkpt>
      <trkpt lat="44.1331993" lon="7.3926274"><ele>2526.1</ele><time>2024-03-19T15:24:59Z</time></trkpt>
      <trkpt lat="44.1332924" lon="7.3923481"><ele>2526.9</ele><time>2024-03-19T15:25:29Z</time></trkpt>
      <trkpt lat="44.1331793" lon="7.3920824"><ele>2521.2</ele><time>2024-03-19T15:40:51Z</time></trkpt>
      <trkpt lat="44.1331573" lon="7.3918276"><ele>2524.4</ele><time>2024-03-19T15:41:26Z</time></trkpt>
      <trkpt lat="44.1329926" lon="7.39174"><ele>2526.1</ele><time>2024-03-19T15:42:01Z</time></trkpt>
      <trkpt lat="44.1327936" lon="7.3918366"><ele>2530.1</ele><time>2024-03-19T15:42:41Z</time></trkpt>
      <trkpt lat="44.1324874" lon="7.3918523"><ele>2537.3</ele><time>2024-03-19T15:43:36Z</time></trkpt>
      <trkpt lat="44.132265" lon="7.3922212"><ele>2549.5</ele><time>2024-03-19T15:44:46Z</time></trkpt>
      <trkpt lat="44.1320921" lon="7.3920991"><ele>2552.8</ele><time>2024-03-19T15:45:21Z</time></trkpt>
      <trkpt lat="44.1320146" lon="7.3919062"><ele>2554.4</ele><time>2024-03-19T15:45:51Z</time></trkpt>
      <trkpt lat="44.1318772" lon="7.392429"><ele>2565.2</ele><time>2024-03-19T15:47:06Z</time></trkpt>
      <trkpt lat="44.1316074" lon="7.3930058"><ele>2579.1</ele><time>2024-03-19T15:48:46Z</time></trkpt>
      <trkpt lat="44.1314776" lon="7.3925279"><ele>2583.4</ele><time>2024-03-19T15:50:16Z</time></trkpt>
      <trkpt lat="44.131282" lon="7.3929482"><ele>2594.3</ele><time>2024-03-19T15:52:01Z</time></trkpt>
      <trkpt lat="44.1312498" lon="7.39267"><ele>2596.3</ele><time>2024-03-19T15:53:06Z</time></trkpt>
      <trkpt lat="44.1311809" lon="7.3926048"><ele>2602.3</ele><time>2024-03-19T15:54:56Z</time></trkpt>
      <trkpt lat="44.1310509" lon="7.3928041"><ele>2606.3</ele><time>2024-03-19T15:55:36Z</time></trkpt>
      <trkpt lat="44.1309527" lon="7.3922701"><ele>2612.5</ele><time>2024-03-19T15:56:51Z</time></trkpt>
      <trkpt lat="44.1309615" lon="7.3919824"><ele>2616.3</ele><time>2024-03-19T15:57:36Z</time></trkpt>
      <trkpt lat="44.1306564" lon="7.3924422"><ele>2621.8</ele><time>2024-03-19T15:59:06Z</time></trkpt>
      <trkpt lat="44.1306815" lon="7.3912984"><ele>2641.4</ele><time>2024-03-19T16:03:21Z</time></trkpt>
      <trkpt lat="44.1304221" lon="7.3915083"><ele>2646.8</ele><time>2024-03-19T16:04:51Z</time></trkpt>
      <trkpt lat="44.1303815" lon="7.3912437"><ele>2649.3</ele><time>2024-03-19T16:05:26Z</time></trkpt>
      <trkpt lat="44.1304183" lon="7.3910053"><ele>2653.1</ele><time>2024-03-19T16:06:06Z</time></trkpt>
      <trkpt lat="44.1302786" lon="7.3910411"><ele>2655.7</ele><time>2024-03-19T16:06:41Z</time></trkpt>
      <trkpt lat="44.1303348" lon="7.3908007"><ele>2660.7</ele><time>2024-03-19T16:07:16Z</time></trkpt>
      <trkpt lat="44.1302012" lon="7.3908469"><ele>2662.2</ele><time>2024-03-19T16:07:41Z</time></trkpt>
      <trkpt lat="44.1304117" lon="7.3903381"><ele>2667.8</ele><time>2024-03-19T16:09:21Z</time></trkpt>
      <trkpt lat="44.1303537" lon="7.3901785"><ele>2680.2</ele><time>2024-03-19T16:11:36Z</time></trkpt>
      <trkpt lat="44.1304122" lon="7.3900332"><ele>2686.3</ele><time>2024-03-19T16:12:06Z</time></trkpt>
      <trkpt lat="44.1304347" lon="7.3895191"><ele>2690.0</ele><time>2024-03-19T16:16:31Z</time></trkpt>
      <trkpt lat="44.1307132" lon="7.3892957"><ele>2698.6</ele><time>2024-03-19T16:18:06Z</time></trkpt>
      <trkpt lat="44.1308505" lon="7.3892719"><ele>2701.1</ele><time>2024-03-19T16:18:26Z</time></trkpt>
      <trkpt lat="44.1308853" lon="7.3893578"><ele>2702.9</ele><time>2024-03-19T16:24:11Z</time></trkpt>
      <trkpt lat="44.1308289" lon="7.3892977"><ele>2716.8</ele><time>2024-03-20T06:27:47Z</time></trkpt>
      <trkpt lat="44.1308809" lon="7.3893065"><ele>2709.4</ele><time>2024-03-20T06:28:33Z</time></trkpt>
      <trkpt lat="44.1305201" lon="7.3890206"><ele>2699.6</ele><time>2024-03-20T06:31:13Z</time></trkpt>
      <trkpt lat="44.130333" lon="7.3889764"><ele>2702.8</ele><time>2024-03-20T06:31:38Z</time></trkpt>
      <trkpt lat="44.1299998" lon="7.3896908"><ele>2721.5</ele><time>2024-03-20T06:36:03Z</time></trkpt>
      <trkpt lat="44.1295541" lon="7.3897895"><ele>2731.1</ele><time>2024-03-20T06:37:28Z</time></trkpt>
      <trkpt lat="44.1292709" lon="7.3901521"><ele>2738.0</ele><time>2024-03-20T06:38:33Z</time></trkpt>
      <trkpt lat="44.1292831" lon="7.3898963"><ele>2739.8</ele><time>2024-03-20T06:40:33Z</time></trkpt>
      <trkpt lat="44.1291624" lon="7.3900289"><ele>2740.2</ele><time>2024-03-20T06:40:58Z</time></trkpt>
      <trkpt lat="44.129135" lon="7.389758"><ele>2747.4</ele><time>2024-03-20T06:41:53Z</time></trkpt>
      <trkpt lat="44.128882" lon="7.389911"><ele>2749.1</ele><time>2024-03-20T06:42:43Z</time></trkpt>
      <trkpt lat="44.1288097" lon="7.3901141"><ele>2756.4</ele><time>2024-03-20T06:43:13Z</time></trkpt>
      <trkpt lat="44.1286404" lon="7.3898688"><ele>2762.3</ele><time>2024-03-20T06:43:48Z</time></trkpt>
      <trkpt lat="44.1286617" lon="7.3894642"><ele>2769.5</ele><time>2024-03-20T06:44:38Z</time></trkpt>
      <trkpt lat="44.1284409" lon="7.3894863"><ele>2773.3</ele><time>2024-03-20T06:45:23Z</time></trkpt>
      <trkpt lat="44.1286414" lon="7.3889825"><ele>2788.3</ele><time>2024-03-20T06:46:38Z</time></trkpt>
      <trkpt lat="44.1284036" lon="7.3891373"><ele>2791.6</ele><time>2024-03-20T06:48:18Z</time></trkpt>
      <trkpt lat="44.1283912" lon="7.3890427"><ele>2791.5</ele><time>2024-03-20T06:48:28Z</time></trkpt>
      <trkpt lat="44.1286147" lon="7.388742"><ele>2798.1</ele><time>2024-03-20T06:49:08Z</time></trkpt>
      <trkpt lat="44.1288211" lon="7.3887331"><ele>2802.7</ele><time>2024-03-20T07:19:20Z</time></trkpt>
      <trkpt lat="44.1285688" lon="7.3879746"><ele>2783.9</ele><time>2024-03-20T07:36:31Z</time></trkpt>
      <trkpt lat="44.1284543" lon="7.3874041"><ele>2774.3</ele><time>2024-03-20T07:36:36Z</time></trkpt>
      <trkpt lat="44.1285004" lon="7.3860321"><ele>2757.5</ele><time>2024-03-20T07:36:51Z</time></trkpt>
      <trkpt lat="44.1284683" lon="7.3855699"><ele>2753.0</ele><time>2024-03-20T07:39:46Z</time></trkpt>
      <trkpt lat="44.1283131" lon="7.3849568"><ele>2742.7</ele><time>2024-03-20T07:39:56Z</time></trkpt>
      <trkpt lat="44.1284567" lon="7.3844351"><ele>2733.7</ele><time>2024-03-20T07:40:01Z</time></trkpt>
      <trkpt lat="44.1287284" lon="7.3838334"><ele>2729.1</ele><time>2024-03-20T07:40:11Z</time></trkpt>
      <trkpt lat="44.1288269" lon="7.3826878"><ele>2710.6</ele><time>2024-03-20T07:42:06Z</time></trkpt>
      <trkpt lat="44.1286881" lon="7.382252"><ele>2705.1</ele><time>2024-03-20T07:42:16Z</time></trkpt>
      <trkpt lat="44.1285777" lon="7.3815106"><ele>2689.2</ele><time>2024-03-20T07:43:12Z</time></trkpt>
      <trkpt lat="44.1287216" lon="7.381125"><ele>2679.3</ele><time>2024-03-20T07:43:17Z</time></trkpt>
      <trkpt lat="44.128942" lon="7.3810212"><ele>2664.6</ele><time>2024-03-20T07:43:22Z</time></trkpt>
      <trkpt lat="44.1288403" lon="7.3808735"><ele>2661.1</ele><time>2024-03-20T07:43:32Z</time></trkpt>
      <trkpt lat="44.1294962" lon="7.3807157"><ele>2641.1</ele><time>2024-03-20T07:43:47Z</time></trkpt>
      <trkpt lat="44.1297566" lon="7.3803532"><ele>2626.4</ele><time>2024-03-20T07:43:57Z</time></trkpt>
      <trkpt lat="44.1296772" lon="7.3802104"><ele>2621.5</ele><time>2024-03-20T07:44:02Z</time></trkpt>
      <trkpt lat="44.1295372" lon="7.380218"><ele>2614.8</ele><time>2024-03-20T07:45:07Z</time></trkpt>
      <trkpt lat="44.1283994" lon="7.3797119"><ele>2601.9</ele><time>2024-03-20T07:45:37Z</time></trkpt>
      <trkpt lat="44.1281073" lon="7.3794796"><ele>2597.3</ele><time>2024-03-20T07:45:42Z</time></trkpt>
      <trkpt lat="44.1278994" lon="7.3791979"><ele>2592.1</ele><time>2024-03-20T07:45:47Z</time></trkpt>
      <trkpt lat="44.1279298" lon="7.3792363"><ele>2581.9</ele><time>2024-03-20T07:46:17Z</time></trkpt>
      <trkpt lat="44.1281173" lon="7.3786929"><ele>2553.0</ele><time>2024-03-20T07:46:27Z</time></trkpt>
      <trkpt lat="44.1281662" lon="7.3782386"><ele>2537.0</ele><time>2024-03-20T07:46:32Z</time></trkpt>
      <trkpt lat="44.1282832" lon="7.3779714"><ele>2522.6</ele><time>2024-03-20T07:47:37Z</time></trkpt>
      <trkpt lat="44.1283777" lon="7.377212"><ele>2498.8</ele><time>2024-03-20T07:47:52Z</time></trkpt>
      <trkpt lat="44.1287115" lon="7.3755619"><ele>2448.5</ele><time>2024-03-20T07:48:07Z</time></trkpt>
      <trkpt lat="44.1287025" lon="7.3749728"><ele>2436.5</ele><time>2024-03-20T07:49:22Z</time></trkpt>
      <trkpt lat="44.1280598" lon="7.374856"><ele>2424.2</ele><time>2024-03-20T07:49:37Z</time></trkpt>
      <trkpt lat="44.1279097" lon="7.374661"><ele>2413.5</ele><time>2024-03-20T07:49:42Z</time></trkpt>
      <trkpt lat="44.1282159" lon="7.3737592"><ele>2384.7</ele><time>2024-03-20T07:49:52Z</time></trkpt>
      <trkpt lat="44.12924" lon="7.3718793"><ele>2322.1</ele><time>2024-03-20T07:50:12Z</time></trkpt>
      <trkpt lat="44.1297559" lon="7.3711023"><ele>2294.7</ele><time>2024-03-20T07:50:22Z</time></trkpt>
      <trkpt lat="44.1302271" lon="7.3709153"><ele>2278.7</ele><time>2024-03-20T07:52:42Z</time></trkpt>
      <trkpt lat="44.1303685" lon="7.3707476"><ele>2271.1</ele><time>2024-03-20T07:52:47Z</time></trkpt>
      <trkpt lat="44.1304017" lon="7.3703844"><ele>2258.4</ele><time>2024-03-20T07:52:52Z</time></trkpt>
      <trkpt lat="44.1308152" lon="7.3698508"><ele>2233.3</ele><time>2024-03-20T07:53:02Z</time></trkpt>
      <trkpt lat="44.1315321" lon="7.3690719"><ele>2174.9</ele><time>2024-03-20T07:53:17Z</time></trkpt>
      <trkpt lat="44.1318914" lon="7.3690242"><ele>2152.8</ele><time>2024-03-20T07:53:22Z</time></trkpt>
      <trkpt lat="44.132146" lon="7.3687617"><ele>2134.5</ele><time>2024-03-20T07:53:27Z</time></trkpt>
      <trkpt lat="44.1329146" lon="7.3682212"><ele>2088.2</ele><time>2024-03-20T07:53:52Z</time></trkpt>
      <trkpt lat="44.133077" lon="7.3679411"><ele>2076.1</ele><time>2024-03-20T07:56:07Z</time></trkpt>
      <trkpt lat="44.1334411" lon="7.3677528"><ele>2052.9</ele><time>2024-03-20T07:56:17Z</time></trkpt>
      <trkpt lat="44.1336075" lon="7.3674986"><ele>2043.6</ele><time>2024-03-20T07:56:22Z</time></trkpt>
      <trkpt lat="44.1342083" lon="7.3673624"><ele>2013.6</ele><time>2024-03-20T07:56:32Z</time></trkpt>
      <trkpt lat="44.1344044" lon="7.367064"><ele>2001.9</ele><time>2024-03-20T07:56:37Z</time></trkpt>
      <trkpt lat="44.1344851" lon="7.3667087"><ele>1982.0</ele><time>2024-03-20T07:56:47Z</time></trkpt>
      <trkpt lat="44.1343345" lon="7.3664349"><ele>1973.9</ele><time>2024-03-20T07:56:52Z</time></trkpt>
      <trkpt lat="44.1343554" lon="7.366009"><ele>1958.9</ele><time>2024-03-20T07:56:57Z</time></trkpt>
      <trkpt lat="44.134241" lon="7.3656662"><ele>1960.5</ele><time>2024-03-20T07:57:02Z</time></trkpt>
      <trkpt lat="44.1343176" lon="7.3656302"><ele>1955.5</ele><time>2024-03-20T08:02:12Z</time></trkpt>
      <trkpt lat="44.1343189" lon="7.3651327"><ele>1950.0</ele><time>2024-03-20T08:02:17Z</time></trkpt>
      <trkpt lat="44.1340643" lon="7.3647829"><ele>1941.9</ele><time>2024-03-20T08:02:22Z</time></trkpt>
      <trkpt lat="44.1341124" lon="7.3645653"><ele>1934.0</ele><time>2024-03-20T08:02:27Z</time></trkpt>
      <trkpt lat="44.1343096" lon="7.3644323"><ele>1930.1</ele><time>2024-03-20T08:02:32Z</time></trkpt>
      <trkpt lat="44.1344993" lon="7.3640065"><ele>1908.8</ele><time>2024-03-20T08:02:42Z</time></trkpt>
      <trkpt lat="44.1336702" lon="7.362917"><ele>1874.4</ele><time>2024-03-20T08:02:57Z</time></trkpt>
      <trkpt lat="44.1339789" lon="7.3624123"><ele>1873.5</ele><time>2024-03-20T08:03:02Z</time></trkpt>
      <trkpt lat="44.1342794" lon="7.3623726"><ele>1868.1</ele><time>2024-03-20T08:03:07Z</time></trkpt>
      <trkpt lat="44.1351066" lon="7.3625813"><ele>1855.2</ele><time>2024-03-20T08:06:43Z</time></trkpt>
      <trkpt lat="44.1356092" lon="7.3625517"><ele>1849.5</ele><time>2024-03-20T08:06:58Z</time></trkpt>
      <trkpt lat="44.1363999" lon="7.3621596"><ele>1838.7</ele><time>2024-03-20T08:07:13Z</time></trkpt>
      <trkpt lat="44.1369128" lon="7.3616548"><ele>1831.1</ele><time>2024-03-20T08:07:23Z</time></trkpt>
      <trkpt lat="44.1381078" lon="7.3615319"><ele>1823.0</ele><time>2024-03-20T08:07:48Z</time></trkpt>
      <trkpt lat="44.1386837" lon="7.3613565"><ele>1819.0</ele><time>2024-03-20T08:07:58Z</time></trkpt>
      <trkpt lat="44.1389704" lon="7.3611772"><ele>1817.2</ele><time>2024-03-20T08:08:03Z</time></trkpt>
      <trkpt lat="44.1393496" lon="7.3611765"><ele>1813.6</ele><time>2024-03-20T08:08:08Z</time></trkpt>
      <trkpt lat="44.1399678" lon="7.361828"><ele>1808.2</ele><time>2024-03-20T08:08:23Z</time></trkpt>
      <trkpt lat="44.1403911" lon="7.3624279"><ele>1805.5</ele><time>2024-03-20T08:08:38Z</time></trkpt>
      <trkpt lat="44.1406672" lon="7.3632085"><ele>1803.2</ele><time>2024-03-20T08:09:38Z</time></trkpt>
      <trkpt lat="44.1406784" lon="7.3630884"><ele>1803.1</ele><time>2024-03-20T08:13:33Z</time></trkpt>
      <trkpt lat="44.1409005" lon="7.3627604"><ele>1804.9</ele><time>2024-03-20T08:13:53Z</time></trkpt>
      <trkpt lat="44.1409833" lon="7.3623742"><ele>1799.1</ele><time>2024-03-20T08:14:03Z</time></trkpt>
      <trkpt lat="44.1414093" lon="7.3623088"><ele>1795.1</ele><time>2024-03-20T08:14:13Z</time></trkpt>
      <trkpt lat="44.1415572" lon="7.3624052"><ele>1793.7</ele><time>2024-03-20T08:14:18Z</time></trkpt>
      <trkpt lat="44.14173" lon="7.362395"><ele>1792.9</ele><time>2024-03-20T08:14:28Z</time></trkpt>
      <trkpt lat="44.1420491" lon="7.3622496"><ele>1796.0</ele><time>2024-03-20T08:28:53Z</time></trkpt>
      <trkpt lat="44.142484" lon="7.3624105"><ele>1803.2</ele><time>2024-03-20T08:30:03Z</time></trkpt>
      <trkpt lat="44.1427518" lon="7.3621436"><ele>1801.9</ele><time>2024-03-20T08:30:43Z</time></trkpt>
      <trkpt lat="44.1428608" lon="7.3618388"><ele>1802.9</ele><time>2024-03-20T08:31:13Z</time></trkpt>
      <trkpt lat="44.1430256" lon="7.361695"><ele>1806.3</ele><time>2024-03-20T08:31:39Z</time></trkpt>
      <trkpt lat="44.1430351" lon="7.3616016"><ele>1807.7</ele><time>2024-03-20T08:31:50Z</time></trkpt>
      <trkpt lat="44.1431042" lon="7.3618549"><ele>1807.6</ele><time>2024-03-20T08:33:06Z</time></trkpt>
      <trkpt lat="44.1430109" lon="7.361499"><ele>1809.6</ele><time>2024-03-20T08:47:57Z</time></trkpt>
      <trkpt lat="44.1430721" lon="7.3613874"><ele>1810.8</ele><time>2024-03-20T08:48:12Z</time></trkpt>
      <trkpt lat="44.1433232" lon="7.361617"><ele>1818.3</ele><time>2024-03-20T08:49:47Z</time></trkpt>
      <trkpt lat="44.1434798" lon="7.3618914"><ele>1820.9</ele><time>2024-03-20T08:50:37Z</time></trkpt>
      <trkpt lat="44.1435547" lon="7.3621809"><ele>1828.0</ele><time>2024-03-20T08:51:47Z</time></trkpt>
      <trkpt lat="44.1437903" lon="7.3619591"><ele>1836.2</ele><time>2024-03-20T08:52:47Z</time></trkpt>
      <trkpt lat="44.1439445" lon="7.3619344"><ele>1839.3</ele><time>2024-03-20T08:53:22Z</time></trkpt>
      <trkpt lat="44.1438548" lon="7.3616866"><ele>1848.7</ele><time>2024-03-20T08:54:47Z</time></trkpt>
      <trkpt lat="44.1439436" lon="7.3614457"><ele>1847.1</ele><time>2024-03-20T08:55:17Z</time></trkpt>
      <trkpt lat="44.143933" lon="7.3611929"><ele>1848.0</ele><time>2024-03-20T08:55:42Z</time></trkpt>
      <trkpt lat="44.1437185" lon="7.3608342"><ele>1848.2</ele><time>2024-03-20T08:56:42Z</time></trkpt>
      <trkpt lat="44.1443447" lon="7.3608624"><ele>1862.8</ele><time>2024-03-20T08:58:42Z</time></trkpt>
      <trkpt lat="44.1436696" lon="7.3600948"><ele>1884.9</ele><time>2024-03-20T09:01:52Z</time></trkpt>
      <trkpt lat="44.1437871" lon="7.3600467"><ele>1885.2</ele><time>2024-03-20T09:02:47Z</time></trkpt>
      <trkpt lat="44.1437824" lon="7.359842"><ele>1891.5</ele><time>2024-03-20T09:03:22Z</time></trkpt>
      <trkpt lat="44.1439791" lon="7.3596378"><ele>1897.3</ele><time>2024-03-20T09:04:07Z</time></trkpt>
      <trkpt lat="44.144194" lon="7.359104"><ele>1908.6</ele><time>2024-03-20T09:05:27Z</time></trkpt>
      <trkpt lat="44.1443603" lon="7.3584878"><ele>1916.3</ele><time>2024-03-20T09:06:52Z</time></trkpt>
      <trkpt lat="44.1444179" lon="7.3577429"><ele>1929.0</ele><time>2024-03-20T09:08:27Z</time></trkpt>
      <trkpt lat="44.1445689" lon="7.3577109"><ele>1931.5</ele><time>2024-03-20T09:08:57Z</time></trkpt>
      <trkpt lat="44.1446882" lon="7.3572768"><ele>1939.8</ele><time>2024-03-20T09:10:02Z</time></trkpt>
      <trkpt lat="44.1452681" lon="7.3575706"><ele>1949.9</ele><time>2024-03-20T09:11:57Z</time></trkpt>
      <trkpt lat="44.1452723" lon="7.357261"><ele>1955.2</ele><time>2024-03-20T09:12:42Z</time></trkpt>
      <trkpt lat="44.1453499" lon="7.356995"><ele>1963.4</ele><time>2024-03-20T09:13:22Z</time></trkpt>
      <trkpt lat="44.1458398" lon="7.3572223"><ele>1969.2</ele><time>2024-03-20T09:15:02Z</time></trkpt>
      <trkpt lat="44.1458582" lon="7.3567346"><ele>1981.2</ele><time>2024-03-20T09:16:12Z</time></trkpt>
      <trkpt lat="44.1462649" lon="7.3569293"><ele>1990.4</ele><time>2024-03-20T09:17:32Z</time></trkpt>
      <trkpt lat="44.1462981" lon="7.3567865"><ele>1994.5</ele><time>2024-03-20T09:17:52Z</time></trkpt>
      <trkpt lat="44.1460585" lon="7.3561678"><ele>1999.5</ele><time>2024-03-20T09:19:12Z</time></trkpt>
      <trkpt lat="44.1466811" lon="7.3563407"><ele>2010.6</ele><time>2024-03-20T09:22:37Z</time></trkpt>
      <trkpt lat="44.1470552" lon="7.3566347"><ele>2016.9</ele><time>2024-03-20T09:24:02Z</time></trkpt>
      <trkpt lat="44.1470097" lon="7.356087"><ele>2026.1</ele><time>2024-03-20T09:25:42Z</time></trkpt>
      <trkpt lat="44.1469004" lon="7.3558887"><ele>2034.6</ele><time>2024-03-20T09:26:12Z</time></trkpt>
      <trkpt lat="44.1469989" lon="7.3558892"><ele>2036.3</ele><time>2024-03-20T09:26:32Z</time></trkpt>
      <trkpt lat="44.14753" lon="7.3561166"><ele>2045.9</ele><time>2024-03-20T09:28:12Z</time></trkpt>
      <trkpt lat="44.1479526" lon="7.3566012"><ele>2056.8</ele><time>2024-03-20T09:29:42Z</time></trkpt>
      <trkpt lat="44.1480192" lon="7.3561767"><ele>2064.4</ele><time>2024-03-20T09:30:32Z</time></trkpt>
      <trkpt lat="44.1478923" lon="7.3556697"><ele>2070.8</ele><time>2024-03-20T09:31:32Z</time></trkpt>
      <trkpt lat="44.1480819" lon="7.35572"><ele>2075.8</ele><time>2024-03-20T09:32:07Z</time></trkpt>
      <trkpt lat="44.1486427" lon="7.356146"><ele>2094.4</ele><time>2024-03-20T09:33:47Z</time></trkpt>
      <trkpt lat="44.1486766" lon="7.3556782"><ele>2098.8</ele><time>2024-03-20T09:34:37Z</time></trkpt>
      <trkpt lat="44.1486328" lon="7.3554706"><ele>2103.4</ele><time>2024-03-20T09:34:57Z</time></trkpt>
      <trkpt lat="44.1487151" lon="7.355395"><ele>2101.7</ele><time>2024-03-20T09:36:12Z</time></trkpt>
      <trkpt lat="44.1490938" lon="7.3555652"><ele>2114.1</ele><time>2024-03-20T09:37:27Z</time></trkpt>
      <trkpt lat="44.1490639" lon="7.3550759"><ele>2120.3</ele><time>2024-03-20T09:38:27Z</time></trkpt>
      <trkpt lat="44.1489343" lon="7.3547401"><ele>2122.9</ele><time>2024-03-20T09:39:12Z</time></trkpt>
      <trkpt lat="44.1493676" lon="7.3548895"><ele>2140.0</ele><time>2024-03-20T09:40:52Z</time></trkpt>
      <trkpt lat="44.1493971" lon="7.3555671"><ele>2141.3</ele><time>2024-03-20T09:48:57Z</time></trkpt>
      <trkpt lat="44.1495163" lon="7.3561168"><ele>2144.2</ele><time>2024-03-20T09:50:42Z</time></trkpt>
      <trkpt lat="44.1499542" lon="7.3566838"><ele>2157.5</ele><time>2024-03-20T09:52:52Z</time></trkpt>
      <trkpt lat="44.1498912" lon="7.3560482"><ele>2167.3</ele><time>2024-03-20T09:54:27Z</time></trkpt>
      <trkpt lat="44.1503823" lon="7.3557111"><ele>2180.3</ele><time>2024-03-20T09:56:12Z</time></trkpt>
      <trkpt lat="44.1502981" lon="7.3553331"><ele>2186.5</ele><time>2024-03-20T09:57:17Z</time></trkpt>
      <trkpt lat="44.1506159" lon="7.3554412"><ele>2195.3</ele><time>2024-03-20T10:10:58Z</time></trkpt>
      <trkpt lat="44.1505592" lon="7.3550692"><ele>2202.1</ele><time>2024-03-20T10:12:08Z</time></trkpt>
      <trkpt lat="44.1508948" lon="7.3545093"><ele>2209.1</ele><time>2024-03-20T10:13:44Z</time></trkpt>
      <trkpt lat="44.1508902" lon="7.3540978"><ele>2212.5</ele><time>2024-03-20T10:14:41Z</time></trkpt>
      <trkpt lat="44.151275" lon="7.3543247"><ele>2222.1</ele><time>2024-03-20T10:16:01Z</time></trkpt>
      <trkpt lat="44.1513055" lon="7.3542611"><ele>2224.2</ele><time>2024-03-20T10:16:11Z</time></trkpt>
      <trkpt lat="44.1512963" lon="7.3540929"><ele>2225.3</ele><time>2024-03-20T10:16:31Z</time></trkpt>
      <trkpt lat="44.1510397" lon="7.3535158"><ele>2237.9</ele><time>2024-03-20T10:18:06Z</time></trkpt>
      <trkpt lat="44.1518972" lon="7.353844"><ele>2253.9</ele><time>2024-03-20T10:20:46Z</time></trkpt>
      <trkpt lat="44.1520746" lon="7.3540572"><ele>2259.2</ele><time>2024-03-20T10:21:31Z</time></trkpt>
      <trkpt lat="44.1520246" lon="7.353775"><ele>2261.2</ele><time>2024-03-20T10:22:06Z</time></trkpt>
      <trkpt lat="44.1517931" lon="7.3532541"><ele>2270.6</ele><time>2024-03-20T10:23:21Z</time></trkpt>
      <trkpt lat="44.1524738" lon="7.3535007"><ele>2285.1</ele><time>2024-03-20T10:25:31Z</time></trkpt>
      <trkpt lat="44.1526213" lon="7.3536288"><ele>2290.2</ele><time>2024-03-20T10:26:06Z</time></trkpt>
      <trkpt lat="44.1526128" lon="7.353422"><ele>2289.1</ele><time>2024-03-20T10:26:31Z</time></trkpt>
      <trkpt lat="44.1523112" lon="7.3529921"><ele>2294.9</ele><time>2024-03-20T10:28:21Z</time></trkpt>
      <trkpt lat="44.1530317" lon="7.3530304"><ele>2313.4</ele><time>2024-03-20T10:30:36Z</time></trkpt>
      <trkpt lat="44.153273" lon="7.3532325"><ele>2319.4</ele><time>2024-03-20T10:31:26Z</time></trkpt>
      <trkpt lat="44.1533212" lon="7.35295"><ele>2320.9</ele><time>2024-03-20T10:32:01Z</time></trkpt>
      <trkpt lat="44.1531396" lon="7.3525662"><ele>2321.5</ele><time>2024-03-20T10:32:56Z</time></trkpt>
      <trkpt lat="44.1534599" lon="7.3525816"><ele>2328.3</ele><time>2024-03-20T10:33:51Z</time></trkpt>
      <trkpt lat="44.1539005" lon="7.3527785"><ele>2346.8</ele><time>2024-03-20T10:34:56Z</time></trkpt>
      <trkpt lat="44.1538903" lon="7.3526116"><ele>2344.2</ele><time>2024-03-20T10:35:11Z</time></trkpt>
      <trkpt lat="44.1536248" lon="7.3521973"><ele>2349.8</ele><time>2024-03-20T10:36:16Z</time></trkpt>
      <trkpt lat="44.1544359" lon="7.3523458"><ele>2368.7</ele><time>2024-03-20T10:38:26Z</time></trkpt>
      <trkpt lat="44.1548642" lon="7.352301"><ele>2383.0</ele><time>2024-03-20T10:39:31Z</time></trkpt>
      <trkpt lat="44.1548847" lon="7.3522525"><ele>2382.9</ele><time>2024-03-20T10:39:36Z</time></trkpt>
      <trkpt lat="44.1545591" lon="7.3517626"><ele>2392.5</ele><time>2024-03-20T10:41:11Z</time></trkpt>
      <trkpt lat="44.1546164" lon="7.3517102"><ele>2390.8</ele><time>2024-03-20T10:41:31Z</time></trkpt>
      <trkpt lat="44.1551367" lon="7.3519186"><ele>2412.3</ele><time>2024-03-20T10:42:56Z</time></trkpt>
      <trkpt lat="44.1556653" lon="7.3522692"><ele>2418.7</ele><time>2024-03-20T10:44:31Z</time></trkpt>
      <trkpt lat="44.1557491" lon="7.3522451"><ele>2418.7</ele><time>2024-03-20T10:44:51Z</time></trkpt>
      <trkpt lat="44.1555967" lon="7.3517838"><ele>2425.8</ele><time>2024-03-20T10:45:56Z</time></trkpt>
      <trkpt lat="44.1560179" lon="7.3520966"><ele>2439.1</ele><time>2024-03-20T10:47:11Z</time></trkpt>
      <trkpt lat="44.1565388" lon="7.3521696"><ele>2452.7</ele><time>2024-03-20T10:48:31Z</time></trkpt>
      <trkpt lat="44.156823" lon="7.3523122"><ele>2460.9</ele><time>2024-03-20T10:49:16Z</time></trkpt>
      <trkpt lat="44.1568468" lon="7.352098"><ele>2457.8</ele><time>2024-03-20T10:49:41Z</time></trkpt>
      <trkpt lat="44.156899" lon="7.3520892"><ele>2457.6</ele><time>2024-03-20T10:49:46Z</time></trkpt>
      <trkpt lat="44.1569967" lon="7.3521592"><ele>2458.3</ele><time>2024-03-20T10:50:01Z</time></trkpt>
      <trkpt lat="44.1570831" lon="7.3523981"><ele>2464.6</ele><time>2024-03-20T10:50:31Z</time></trkpt>
      <trkpt lat="44.1571972" lon="7.3523026"><ele>2468.1</ele><time>2024-03-20T10:50:51Z</time></trkpt>
      <trkpt lat="44.1571645" lon="7.3521377"><ele>2470.1</ele><time>2024-03-20T10:51:31Z</time></trkpt>
      <trkpt lat="44.1576626" lon="7.3518465"><ele>2470.2</ele><time>2024-03-20T11:38:57Z</time></trkpt>
      <trkpt lat="44.1578923" lon="7.3518655"><ele>2466.2</ele><time>2024-03-20T11:44:17Z</time></trkpt>
      <trkpt lat="44.1581913" lon="7.3516928"><ele>2465.2</ele><time>2024-03-20T11:44:22Z</time></trkpt>
      <trkpt lat="44.1583792" lon="7.3514544"><ele>2463.5</ele><time>2024-03-20T11:44:27Z</time></trkpt>
      <trkpt lat="44.1591733" lon="7.3515621"><ele>2447.9</ele><time>2024-03-20T11:47:07Z</time></trkpt>
      <trkpt lat="44.1596765" lon="7.3514794"><ele>2437.7</ele><time>2024-03-20T11:47:12Z</time></trkpt>
      <trkpt lat="44.1599416" lon="7.3512335"><ele>2427.7</ele><time>2024-03-20T11:47:17Z</time></trkpt>
      <trkpt lat="44.1599568" lon="7.3502662"><ele>2401.9</ele><time>2024-03-20T11:47:27Z</time></trkpt>
      <trkpt lat="44.1604758" lon="7.3497277"><ele>2391.6</ele><time>2024-03-20T11:47:37Z</time></trkpt>
      <trkpt lat="44.1605337" lon="7.3492821"><ele>2370.8</ele><time>2024-03-20T11:47:42Z</time></trkpt>
      <trkpt lat="44.1607776" lon="7.3486214"><ele>2345.1</ele><time>2024-03-20T11:47:57Z</time></trkpt>
      <trkpt lat="44.1610519" lon="7.3486544"><ele>2333.9</ele><time>2024-03-20T11:50:12Z</time></trkpt>
      <trkpt lat="44.1609582" lon="7.3479627"><ele>2310.0</ele><time>2024-03-20T11:51:47Z</time></trkpt>
      <trkpt lat="44.1608088" lon="7.3480712"><ele>2304.4</ele><time>2024-03-20T11:52:17Z</time></trkpt>
      <trkpt lat="44.1605367" lon="7.3478835"><ele>2301.6</ele><time>2024-03-20T11:52:22Z</time></trkpt>
      <trkpt lat="44.1604278" lon="7.347693"><ele>2298.6</ele><time>2024-03-20T11:53:07Z</time></trkpt>
      <trkpt lat="44.1605999" lon="7.3479195"><ele>2295.3</ele><time>2024-03-20T11:53:17Z</time></trkpt>
      <trkpt lat="44.1608145" lon="7.3473084"><ele>2273.3</ele><time>2024-03-20T11:53:57Z</time></trkpt>
      <trkpt lat="44.160999" lon="7.3470942"><ele>2251.1</ele><time>2024-03-20T11:54:06Z</time></trkpt>
      <trkpt lat="44.1609021" lon="7.3465319"><ele>2223.8</ele><time>2024-03-20T11:56:32Z</time></trkpt>
      <trkpt lat="44.1611387" lon="7.3462717"><ele>2213.7</ele><time>2024-03-20T11:56:42Z</time></trkpt>
      <trkpt lat="44.1617773" lon="7.3463332"><ele>2189.9</ele><time>2024-03-20T11:56:52Z</time></trkpt>
      <trkpt lat="44.1619401" lon="7.3461684"><ele>2173.3</ele><time>2024-03-20T11:56:57Z</time></trkpt>
      <trkpt lat="44.1621874" lon="7.3466067"><ele>2155.1</ele><time>2024-03-20T11:57:02Z</time></trkpt>
      <trkpt lat="44.1624639" lon="7.3466855"><ele>2147.7</ele><time>2024-03-20T11:57:07Z</time></trkpt>
      <trkpt lat="44.1626103" lon="7.3463757"><ele>2137.3</ele><time>2024-03-20T11:57:12Z</time></trkpt>
      <trkpt lat="44.1629473" lon="7.3442196"><ele>2095.9</ele><time>2024-03-20T11:57:32Z</time></trkpt>
      <trkpt lat="44.1631354" lon="7.3440481"><ele>2091.1</ele><time>2024-03-20T11:57:37Z</time></trkpt>
      <trkpt lat="44.1632741" lon="7.3424925"><ele>2065.8</ele><time>2024-03-20T11:58:28Z</time></trkpt>
      <trkpt lat="44.163923" lon="7.341566"><ele>2051.3</ele><time>2024-03-20T12:02:08Z</time></trkpt>
      <trkpt lat="44.1645483" lon="7.3400128"><ele>2041.4</ele><time>2024-03-20T12:03:03Z</time></trkpt>
      <trkpt lat="44.164937" lon="7.3394189"><ele>2031.6</ele><time>2024-03-20T12:05:08Z</time></trkpt>
      <trkpt lat="44.1650585" lon="7.3390464"><ele>2018.3</ele><time>2024-03-20T12:05:13Z</time></trkpt>
      <trkpt lat="44.1653116" lon="7.338716"><ele>2010.6</ele><time>2024-03-20T12:05:18Z</time></trkpt>
      <trkpt lat="44.1656208" lon="7.3381107"><ele>1998.6</ele><time>2024-03-20T12:05:48Z</time></trkpt>
      <trkpt lat="44.1660178" lon="7.3375622"><ele>1998.0</ele><time>2024-03-20T12:07:28Z</time></trkpt>
      <trkpt lat="44.1661478" lon="7.3374759"><ele>1997.2</ele><time>2024-03-20T12:07:48Z</time></trkpt>
      <trkpt lat="44.1664011" lon="7.3367448"><ele>1992.1</ele><time>2024-03-20T12:08:13Z</time></trkpt>
      <trkpt lat="44.1667103" lon="7.3364074"><ele>1989.6</ele><time>2024-03-20T12:08:48Z</time></trkpt>
      <trkpt lat="44.1674887" lon="7.3363207"><ele>1984.0</ele><time>2024-03-20T12:10:23Z</time></trkpt>
      <trkpt lat="44.1674796" lon="7.3363908"><ele>1980.9</ele><time>2024-03-20T12:10:53Z</time></trkpt>
      <trkpt lat="44.1676809" lon="7.33668"><ele>1977.0</ele><time>2024-03-20T12:11:03Z</time></trkpt>
      <trkpt lat="44.1677589" lon="7.3371245"><ele>1974.1</ele><time>2024-03-20T12:11:08Z</time></trkpt>
      <trkpt lat="44.1676845" lon="7.3385707"><ele>1956.6</ele><time>2024-03-20T12:11:23Z</time></trkpt>
      <trkpt lat="44.1678222" lon="7.3389133"><ele>1952.0</ele><time>2024-03-20T12:11:28Z</time></trkpt>
      <trkpt lat="44.1678202" lon="7.338751"><ele>1949.3</ele><time>2024-03-20T12:12:33Z</time></trkpt>
      <trkpt lat="44.1679786" lon="7.3382859"><ele>1933.8</ele><time>2024-03-20T12:12:43Z</time></trkpt>
      <trkpt lat="44.1682067" lon="7.338257"><ele>1919.8</ele><time>2024-03-20T12:12:48Z</time></trkpt>
      <trkpt lat="44.1684227" lon="7.3371873"><ele>1908.0</ele><time>2024-03-20T12:12:58Z</time></trkpt>
      <trkpt lat="44.1686873" lon="7.3369657"><ele>1902.2</ele><time>2024-03-20T12:13:58Z</time></trkpt>
      <trkpt lat="44.1685307" lon="7.3370402"><ele>1901.0</ele><time>2024-03-20T12:33:48Z</time></trkpt>
      <trkpt lat="44.1684316" lon="7.3369101"><ele>1911.2</ele><time>2024-03-20T12:38:28Z</time></trkpt>
      <trkpt lat="44.1686828" lon="7.3365838"><ele>1931.6</ele><time>2024-03-20T12:45:13Z</time></trkpt>
      <trkpt lat="44.1687201" lon="7.3363168"><ele>1936.7</ele><time>2024-03-20T12:45:48Z</time></trkpt>
      <trkpt lat="44.1685729" lon="7.3365358"><ele>1941.1</ele><time>2024-03-20T12:46:23Z</time></trkpt>
      <trkpt lat="44.1684786" lon="7.3364731"><ele>1947.9</ele><time>2024-03-20T12:47:08Z</time></trkpt>
      <trkpt lat="44.1684308" lon="7.3362135"><ele>1952.2</ele><time>2024-03-20T12:47:43Z</time></trkpt>
      <trkpt lat="44.168325" lon="7.3360572"><ele>1956.2</ele><time>2024-03-20T12:48:08Z</time></trkpt>
      <trkpt lat="44.1680823" lon="7.3361953"><ele>1962.2</ele><time>2024-03-20T12:48:48Z</time></trkpt>
      <trkpt lat="44.1677743" lon="7.3360845"><ele>1963.1</ele><time>2024-03-20T12:49:18Z</time></trkpt>
      <trkpt lat="44.1676703" lon="7.336146"><ele>1962.6</ele><time>2024-03-20T12:49:28Z</time></trkpt>
      <trkpt lat="44.1676612" lon="7.3362091"><ele>1968.1</ele><time>2024-03-20T12:49:33Z</time></trkpt>
      <trkpt lat="44.1677805" lon="7.3361272"><ele>1967.1</ele><time>2024-03-20T12:49:43Z</time></trkpt>
      <trkpt lat="44.1680335" lon="7.3361593"><ele>1966.1</ele><time>2024-03-20T12:50:08Z</time></trkpt>
      <trkpt lat="44.167926" lon="7.3360562"><ele>1971.2</ele><time>2024-03-20T12:50:28Z</time></trkpt>
      <trkpt lat="44.1684909" lon="7.3355418"><ele>1974.1</ele><time>2024-03-20T12:54:03Z</time></trkpt>
      <trkpt lat="44.1685079" lon="7.3352485"><ele>1975.9</ele><time>2024-03-20T12:54:38Z</time></trkpt>
      <trkpt lat="44.1687675" lon="7.334453"><ele>1983.1</ele><time>2024-03-20T12:55:58Z</time></trkpt>
      <trkpt lat="44.1689264" lon="7.3336842"><ele>1986.7</ele><time>2024-03-20T13:26:53Z</time></trkpt>
      <trkpt lat="44.1688321" lon="7.3332239"><ele>1986.5</ele><time>2024-03-20T13:27:23Z</time></trkpt>
      <trkpt lat="44.1689614" lon="7.3328314"><ele>1986.3</ele><time>2024-03-20T13:27:48Z</time></trkpt>
      <trkpt lat="44.1693507" lon="7.3321567"><ele>1987.5</ele><time>2024-03-20T13:29:07Z</time></trkpt>
      <trkpt lat="44.1698315" lon="7.3318257"><ele>1987.9</ele><time>2024-03-20T13:29:57Z</time></trkpt>
      <trkpt lat="44.1705146" lon="7.331658"><ele>1981.6</ele><time>2024-03-20T13:30:57Z</time></trkpt>
      <trkpt lat="44.1705329" lon="7.3315245"><ele>1983.9</ele><time>2024-03-20T13:31:12Z</time></trkpt>
      <trkpt lat="44.1707289" lon="7.3313138"><ele>1991.7</ele><time>2024-03-20T13:41:48Z</time></trkpt>
      <trkpt lat="44.1707823" lon="7.3309455"><ele>1984.1</ele><time>2024-03-20T13:42:23Z</time></trkpt>
      <trkpt lat="44.1708617" lon="7.3308879"><ele>1989.3</ele><time>2024-03-20T13:43:03Z</time></trkpt>
      <trkpt lat="44.1708806" lon="7.3306927"><ele>1993.6</ele><time>2024-03-20T13:43:28Z</time></trkpt>
      <trkpt lat="44.1710753" lon="7.3303281"><ele>1997.0</ele><time>2024-03-20T13:44:13Z</time></trkpt>
      <trkpt lat="44.1713983" lon="7.3300366"><ele>1996.8</ele><time>2024-03-20T13:45:13Z</time></trkpt>
      <trkpt lat="44.1717171" lon="7.3295866"><ele>2003.5</ele><time>2024-03-20T13:46:23Z</time></trkpt>
      <trkpt lat="44.1721618" lon="7.327801"><ele>1998.9</ele><time>2024-03-20T13:49:28Z</time></trkpt>
      <trkpt lat="44.1720292" lon="7.3270634"><ele>2011.9</ele><time>2024-03-20T13:51:53Z</time></trkpt>
      <trkpt lat="44.1717203" lon="7.3265915"><ele>2017.9</ele><time>2024-03-20T13:52:58Z</time></trkpt>
      <trkpt lat="44.1715558" lon="7.3264742"><ele>2017.2</ele><time>2024-03-20T13:53:38Z</time></trkpt>
      <trkpt lat="44.1722812" lon="7.3263635"><ele>2036.8</ele><time>2024-03-20T13:56:03Z</time></trkpt>
      <trkpt lat="44.1721158" lon="7.3261098"><ele>2043.1</ele><time>2024-03-20T13:57:18Z</time></trkpt>
      <trkpt lat="44.1724446" lon="7.3261327"><ele>2053.5</ele><time>2024-03-20T13:58:23Z</time></trkpt>
      <trkpt lat="44.1728656" lon="7.32602"><ele>2063.8</ele><time>2024-03-20T13:59:43Z</time></trkpt>
      <trkpt lat="44.1725217" lon="7.3258062"><ele>2074.6</ele><time>2024-03-20T14:01:43Z</time></trkpt>
      <trkpt lat="44.1724523" lon="7.3256071"><ele>2074.9</ele><time>2024-03-20T14:02:18Z</time></trkpt>
      <trkpt lat="44.1726136" lon="7.3256384"><ele>2077.9</ele><time>2024-03-20T14:02:53Z</time></trkpt>
      <trkpt lat="44.1730151" lon="7.3254616"><ele>2088.9</ele><time>2024-03-20T14:04:23Z</time></trkpt>
      <trkpt lat="44.1733678" lon="7.3255363"><ele>2092.8</ele><time>2024-03-20T14:05:43Z</time></trkpt>
      <trkpt lat="44.1738485" lon="7.3254369"><ele>2102.1</ele><time>2024-03-20T14:07:13Z</time></trkpt>
      <trkpt lat="44.1742084" lon="7.3254734"><ele>2115.2</ele><time>2024-03-20T14:08:13Z</time></trkpt>
      <trkpt lat="44.1740388" lon="7.3252148"><ele>2119.8</ele><time>2024-03-20T14:09:03Z</time></trkpt>
      <trkpt lat="44.174491" lon="7.3252017"><ele>2121.9</ele><time>2024-03-20T14:10:18Z</time></trkpt>
      <trkpt lat="44.1744955" lon="7.3251499"><ele>2124.5</ele><time>2024-03-20T14:10:23Z</time></trkpt>
      <trkpt lat="44.1743368" lon="7.3249716"><ele>2132.7</ele><time>2024-03-20T14:10:58Z</time></trkpt>
      <trkpt lat="44.1740823" lon="7.324891"><ele>2137.8</ele><time>2024-03-20T14:11:48Z</time></trkpt>
      <trkpt lat="44.1739928" lon="7.3247849"><ele>2140.8</ele><time>2024-03-20T14:12:13Z</time></trkpt>
      <trkpt lat="44.1740748" lon="7.3248088"><ele>2140.5</ele><time>2024-03-20T14:12:28Z</time></trkpt>
      <trkpt lat="44.1747136" lon="7.3244604"><ele>2156.1</ele><time>2024-03-20T14:14:53Z</time></trkpt>
      <trkpt lat="44.1749666" lon="7.3245675"><ele>2163.3</ele><time>2024-03-20T14:15:38Z</time></trkpt>
      <trkpt lat="44.1748523" lon="7.3241279"><ele>2170.1</ele><time>2024-03-20T14:16:43Z</time></trkpt>
      <trkpt lat="44.1750806" lon="7.3241611"><ele>2176.3</ele><time>2024-03-20T14:17:23Z</time></trkpt>
      <trkpt lat="44.1753923" lon="7.3244323"><ele>2180.0</ele><time>2024-03-20T14:18:23Z</time></trkpt>
      <trkpt lat="44.1754451" lon="7.3241282"><ele>2182.1</ele><time>2024-03-20T14:19:03Z</time></trkpt>
      <trkpt lat="44.1753798" lon="7.323617"><ele>2189.0</ele><time>2024-03-20T14:20:08Z</time></trkpt>
      <trkpt lat="44.1756651" lon="7.323705"><ele>2194.3</ele><time>2024-03-20T14:20:58Z</time></trkpt>
      <trkpt lat="44.1761047" lon="7.3241156"><ele>2208.4</ele><time>2024-03-20T14:22:38Z</time></trkpt>
      <trkpt lat="44.1760611" lon="7.3237606"><ele>2220.4</ele><time>2024-03-20T14:23:23Z</time></trkpt>
      <trkpt lat="44.1759809" lon="7.323607"><ele>2226.8</ele><time>2024-03-20T14:23:43Z</time></trkpt>
      <trkpt lat="44.1764301" lon="7.3238629"><ele>2227.5</ele><time>2024-03-20T14:25:08Z</time></trkpt>
      <trkpt lat="44.1763162" lon="7.3234391"><ele>2235.6</ele><time>2024-03-20T14:26:13Z</time></trkpt>
      <trkpt lat="44.1765915" lon="7.3236235"><ele>2239.0</ele><time>2024-03-20T14:27:18Z</time></trkpt>
      <trkpt lat="44.1764593" lon="7.3231455"><ele>2248.3</ele><time>2024-03-20T14:28:38Z</time></trkpt>
      <trkpt lat="44.1768405" lon="7.3235268"><ele>2257.8</ele><time>2024-03-20T14:30:13Z</time></trkpt>
      <trkpt lat="44.1769514" lon="7.3233938"><ele>2264.7</ele><time>2024-03-20T14:30:48Z</time></trkpt>
      <trkpt lat="44.1767378" lon="7.3229101"><ele>2265.4</ele><time>2024-03-20T14:31:53Z</time></trkpt>
      <trkpt lat="44.1771842" lon="7.323376"><ele>2282.1</ele><time>2024-03-20T14:33:53Z</time></trkpt>
      <trkpt lat="44.1771459" lon="7.3231565"><ele>2283.3</ele><time>2024-03-20T14:35:08Z</time></trkpt>
      <trkpt lat="44.177275" lon="7.3233176"><ele>2287.4</ele><time>2024-03-20T14:35:48Z</time></trkpt>
      <trkpt lat="44.1772835" lon="7.3231306"><ele>2293.8</ele><time>2024-03-20T14:36:28Z</time></trkpt>
      <trkpt lat="44.1771419" lon="7.322788"><ele>2301.9</ele><time>2024-03-20T14:37:48Z</time></trkpt>
      <trkpt lat="44.1775737" lon="7.3231699"><ele>2306.4</ele><time>2024-03-20T14:39:23Z</time></trkpt>
      <trkpt lat="44.1774186" lon="7.3227323"><ele>2312.8</ele><time>2024-03-20T14:40:53Z</time></trkpt>
      <trkpt lat="44.1777423" lon="7.3229214"><ele>2323.6</ele><time>2024-03-20T14:42:03Z</time></trkpt>
      <trkpt lat="44.1774833" lon="7.3225057"><ele>2326.3</ele><time>2024-03-20T14:43:08Z</time></trkpt>
      <trkpt lat="44.1778303" lon="7.3226684"><ele>2332.9</ele><time>2024-03-20T14:44:08Z</time></trkpt>
      <trkpt lat="44.1781096" lon="7.3229234"><ele>2341.1</ele><time>2024-03-20T14:45:03Z</time></trkpt>
      <trkpt lat="44.1776678" lon="7.3222437"><ele>2338.3</ele><time>2024-03-20T14:46:33Z</time></trkpt>
      <trkpt lat="44.1787563" lon="7.3225671"><ele>2369.3</ele><time>2024-03-20T14:50:58Z</time></trkpt>
      <trkpt lat="44.1788363" lon="7.3227675"><ele>2375.0</ele><time>2024-03-20T14:51:33Z</time></trkpt>
      <trkpt lat="44.1787355" lon="7.3230904"><ele>2380.5</ele><time>2024-03-20T14:52:33Z</time></trkpt>
      <trkpt lat="44.1788999" lon="7.3229848"><ele>2385.6</ele><time>2024-03-20T14:53:18Z</time></trkpt>
      <trkpt lat="44.179113" lon="7.3226757"><ele>2398.7</ele><time>2024-03-20T14:54:18Z</time></trkpt>
      <trkpt lat="44.1788751" lon="7.3220622"><ele>2406.9</ele><time>2024-03-20T14:56:13Z</time></trkpt>
      <trkpt lat="44.1789001" lon="7.3218308"><ele>2402.9</ele><time>2024-03-20T14:56:58Z</time></trkpt>
      <trkpt lat="44.1790931" lon="7.3219892"><ele>2403.4</ele><time>2024-03-20T14:57:33Z</time></trkpt>
      <trkpt lat="44.1789723" lon="7.3218421"><ele>2415.2</ele><time>2024-03-20T14:58:28Z</time></trkpt>
      <trkpt lat="44.1796318" lon="7.3218333"><ele>2433.4</ele><time>2024-03-20T15:04:28Z</time></trkpt>
      <trkpt lat="44.1797808" lon="7.3217527"><ele>2435.8</ele><time>2024-03-20T15:05:13Z</time></trkpt>
      <trkpt lat="44.1801868" lon="7.3214167"><ele>2445.7</ele><time>2024-03-20T15:06:43Z</time></trkpt>
      <trkpt lat="44.1799107" lon="7.3211774"><ele>2454.5</ele><time>2024-03-20T15:07:43Z</time></trkpt>
      <trkpt lat="44.1798172" lon="7.3209862"><ele>2462.2</ele><time>2024-03-20T15:08:13Z</time></trkpt>
      <trkpt lat="44.180158" lon="7.3209222"><ele>2468.3</ele><time>2024-03-20T15:09:18Z</time></trkpt>
      <trkpt lat="44.1800399" lon="7.3207905"><ele>2470.0</ele><time>2024-03-20T15:09:48Z</time></trkpt>
      <trkpt lat="44.1800009" lon="7.3206229"><ele>2471.5</ele><time>2024-03-20T15:10:13Z</time></trkpt>
      <trkpt lat="44.1806159" lon="7.3203608"><ele>2481.0</ele><time>2024-03-20T15:11:48Z</time></trkpt>
      <trkpt lat="44.1810509" lon="7.3203554"><ele>2489.5</ele><time>2024-03-20T15:13:03Z</time></trkpt>
      <trkpt lat="44.1813184" lon="7.320444"><ele>2496.9</ele><time>2024-03-20T15:13:53Z</time></trkpt>
      <trkpt lat="44.1818049" lon="7.3199864"><ele>2505.5</ele><time>2024-03-20T15:15:23Z</time></trkpt>
      <trkpt lat="44.1819625" lon="7.3199191"><ele>2509.3</ele><time>2024-03-20T15:15:48Z</time></trkpt>
      <trkpt lat="44.1827427" lon="7.3186717"><ele>2525.8</ele><time>2024-03-20T15:18:28Z</time></trkpt>
      <trkpt lat="44.182997" lon="7.3183747"><ele>2531.5</ele><time>2024-03-20T15:19:08Z</time></trkpt>
      <trkpt lat="44.1831616" lon="7.3182558"><ele>2531.2</ele><time>2024-03-20T15:19:28Z</time></trkpt>
      <trkpt lat="44.1833784" lon="7.3182214"><ele>2533.3</ele><time>2024-03-20T15:19:53Z</time></trkpt>
      <trkpt lat="44.1837602" lon="7.3183666"><ele>2539.1</ele><time>2024-03-20T15:20:43Z</time></trkpt>
      <trkpt lat="44.1837446" lon="7.3182531"><ele>2533.1</ele><time>2024-03-20T15:29:43Z</time></trkpt>
      <trkpt lat="44.1839746" lon="7.317788"><ele>2527.3</ele><time>2024-03-20T15:30:03Z</time></trkpt>
      <trkpt lat="44.1842416" lon="7.3174664"><ele>2524.7</ele><time>2024-03-20T15:30:13Z</time></trkpt>
      <trkpt lat="44.18458" lon="7.3168722"><ele>2518.8</ele><time>2024-03-20T15:35:33Z</time></trkpt>
      <trkpt lat="44.1847293" lon="7.316316"><ele>2508.7</ele><time>2024-03-20T15:35:43Z</time></trkpt>
      <trkpt lat="44.1854447" lon="7.3158289"><ele>2454.9</ele><time>2024-03-20T15:35:53Z</time></trkpt>
      <trkpt lat="44.1862315" lon="7.3150014"><ele>2403.4</ele><time>2024-03-20T15:36:03Z</time></trkpt>
      <trkpt lat="44.1864408" lon="7.3143817"><ele>2402.3</ele><time>2024-03-20T15:36:08Z</time></trkpt>
      <trkpt lat="44.1864694" lon="7.3141247"><ele>2404.0</ele><time>2024-03-20T15:39:23Z</time></trkpt>
      <trkpt lat="44.1866156" lon="7.3142911"><ele>2399.6</ele><time>2024-03-20T15:39:28Z</time></trkpt>
      <trkpt lat="44.186944" lon="7.3142783"><ele>2393.4</ele><time>2024-03-20T15:39:33Z</time></trkpt>
      <trkpt lat="44.1872861" lon="7.3137243"><ele>2384.8</ele><time>2024-03-20T15:39:38Z</time></trkpt>
      <trkpt lat="44.1873804" lon="7.313221"><ele>2382.4</ele><time>2024-03-20T15:39:43Z</time></trkpt>
      <trkpt lat="44.1876525" lon="7.3136103"><ele>2370.3</ele><time>2024-03-20T15:39:48Z</time></trkpt>
      <trkpt lat="44.1879779" lon="7.3138876"><ele>2367.3</ele><time>2024-03-20T15:39:53Z</time></trkpt>
      <trkpt lat="44.1880927" lon="7.3138517"><ele>2364.4</ele><time>2024-03-20T15:39:58Z</time></trkpt>
      <trkpt lat="44.1880886" lon="7.3136979"><ele>2352.7</ele><time>2024-03-20T15:40:03Z</time></trkpt>
      <trkpt lat="44.1887735" lon="7.3136774"><ele>2340.8</ele><time>2024-03-20T15:40:13Z</time></trkpt>
      <trkpt lat="44.1895085" lon="7.3131928"><ele>2331.4</ele><time>2024-03-20T15:40:33Z</time></trkpt>
      <trkpt lat="44.1899103" lon="7.3130516"><ele>2323.4</ele><time>2024-03-20T15:41:23Z</time></trkpt>
      <trkpt lat="44.1901004" lon="7.3129051"><ele>2316.9</ele><time>2024-03-20T15:41:28Z</time></trkpt>
      <trkpt lat="44.1900847" lon="7.3126078"><ele>2314.8</ele><time>2024-03-20T15:41:32Z</time></trkpt>
      <trkpt lat="44.1905342" lon="7.3118057"><ele>2299.2</ele><time>2024-03-20T15:41:43Z</time></trkpt>
      <trkpt lat="44.1908999" lon="7.3105901"><ele>2275.0</ele><time>2024-03-20T15:41:53Z</time></trkpt>
      <trkpt lat="44.191355" lon="7.3102629"><ele>2265.7</ele><time>2024-03-20T15:42:03Z</time></trkpt>
      <trkpt lat="44.1919926" lon="7.3088314"><ele>2240.7</ele><time>2024-03-20T15:45:48Z</time></trkpt>
      <trkpt lat="44.1927915" lon="7.3079405"><ele>2226.8</ele><time>2024-03-20T15:46:03Z</time></trkpt>
      <trkpt lat="44.1934436" lon="7.3065924"><ele>2207.9</ele><time>2024-03-20T15:46:43Z</time></trkpt>
      <trkpt lat="44.1937783" lon="7.3061576"><ele>2200.5</ele><time>2024-03-20T15:46:48Z</time></trkpt>
      <trkpt lat="44.1946641" lon="7.3052975"><ele>2188.2</ele><time>2024-03-20T15:47:03Z</time></trkpt>
      <trkpt lat="44.1955769" lon="7.3046853"><ele>2177.4</ele><time>2024-03-20T15:47:23Z</time></trkpt>
      <trkpt lat="44.1957938" lon="7.3044129"><ele>2173.2</ele><time>2024-03-20T15:47:32Z</time></trkpt>
      <trkpt lat="44.1957818" lon="7.3041631"><ele>2169.4</ele><time>2024-03-20T15:47:43Z</time></trkpt>
      <trkpt lat="44.1969004" lon="7.3045893"><ele>2144.6</ele><time>2024-03-20T15:48:38Z</time></trkpt>
      <trkpt lat="44.1970323" lon="7.3044254"><ele>2138.5</ele><time>2024-03-20T15:48:43Z</time></trkpt>
      <trkpt lat="44.197105" lon="7.3042597"><ele>2138.3</ele><time>2024-03-20T15:48:48Z</time></trkpt>
      <trkpt lat="44.1970684" lon="7.3042316"><ele>2138.3</ele><time>2024-03-20T15:49:33Z</time></trkpt>
      <trkpt lat="44.1973393" lon="7.3036896"><ele>2130.8</ele><time>2024-03-20T15:49:47Z</time></trkpt>
      <trkpt lat="44.1975364" lon="7.3027534"><ele>2120.2</ele><time>2024-03-20T15:50:08Z</time></trkpt>
      <trkpt lat="44.1978272" lon="7.3021698"><ele>2111.5</ele><time>2024-03-20T15:50:22Z</time></trkpt>
      <trkpt lat="44.1980849" lon="7.3018616"><ele>2104.8</ele><time>2024-03-20T15:50:33Z</time></trkpt>
      <trkpt lat="44.1986677" lon="7.300926"><ele>2085.2</ele><time>2024-03-20T15:50:53Z</time></trkpt>
      <trkpt lat="44.1987957" lon="7.3005045"><ele>2079.6</ele><time>2024-03-20T15:51:07Z</time></trkpt>
      <trkpt lat="44.199153" lon="7.299869"><ele>2065.8</ele><time>2024-03-20T15:52:38Z</time></trkpt>
      <trkpt lat="44.1994961" lon="7.2988756"><ele>2046.5</ele><time>2024-03-20T15:53:08Z</time></trkpt>
      <trkpt lat="44.1997596" lon="7.2976033"><ele>2026.0</ele><time>2024-03-20T15:53:58Z</time></trkpt>
      <trkpt lat="44.1997675" lon="7.297039"><ele>2017.7</ele><time>2024-03-20T15:55:53Z</time></trkpt>
      <trkpt lat="44.2001617" lon="7.2958779"><ele>2002.4</ele><time>2024-03-20T15:56:43Z</time></trkpt>
      <trkpt lat="44.2001962" lon="7.2954883"><ele>1997.9</ele><time>2024-03-20T15:56:53Z</time></trkpt>
      <trkpt lat="44.2006244" lon="7.2950462"><ele>1990.9</ele><time>2024-03-20T16:04:33Z</time></trkpt>
      <trkpt lat="44.2007338" lon="7.2947169"><ele>1983.7</ele><time>2024-03-20T16:05:18Z</time></trkpt>
      <trkpt lat="44.2009223" lon="7.294406"><ele>1976.6</ele><time>2024-03-20T16:05:28Z</time></trkpt>
      <trkpt lat="44.2010375" lon="7.2939227"><ele>1971.3</ele><time>2024-03-20T16:05:58Z</time></trkpt>
      <trkpt lat="44.2018977" lon="7.292627"><ele>1944.6</ele><time>2024-03-20T16:06:33Z</time></trkpt>
      <trkpt lat="44.2020871" lon="7.2922077"><ele>1938.1</ele><time>2024-03-20T16:06:43Z</time></trkpt>
      <trkpt lat="44.2022229" lon="7.2916082"><ele>1928.8</ele><time>2024-03-20T16:07:23Z</time></trkpt>
      <trkpt lat="44.2031424" lon="7.2901683"><ele>1902.6</ele><time>2024-03-20T16:07:58Z</time></trkpt>
      <trkpt lat="44.2034186" lon="7.2895656"><ele>1889.7</ele><time>2024-03-20T16:08:08Z</time></trkpt>
      <trkpt lat="44.2041382" lon="7.2886389"><ele>1876.1</ele><time>2024-03-20T16:08:33Z</time></trkpt>
      <trkpt lat="44.2045477" lon="7.2883994"><ele>1867.7</ele><time>2024-03-20T16:08:58Z</time></trkpt>
      <trkpt lat="44.2047194" lon="7.2878233"><ele>1858.0</ele><time>2024-03-20T16:09:13Z</time></trkpt>
      <trkpt lat="44.2048637" lon="7.2876466"><ele>1854.0</ele><time>2024-03-20T16:09:18Z</time></trkpt>
      <trkpt lat="44.2049401" lon="7.2872791"><ele>1840.4</ele><time>2024-03-20T16:09:23Z</time></trkpt>
      <trkpt lat="44.2048509" lon="7.2871151"><ele>1832.5</ele><time>2024-03-20T16:10:03Z</time></trkpt>
      <trkpt lat="44.205205" lon="7.2864483"><ele>1817.1</ele><time>2024-03-20T16:10:18Z</time></trkpt>
      <trkpt lat="44.2052502" lon="7.2861744"><ele>1811.0</ele><time>2024-03-20T16:10:23Z</time></trkpt>
      <trkpt lat="44.2053801" lon="7.2858982"><ele>1801.9</ele><time>2024-03-20T16:10:28Z</time></trkpt>
      <trkpt lat="44.2057453" lon="7.2856208"><ele>1783.7</ele><time>2024-03-20T16:16:18Z</time></trkpt>
      <trkpt lat="44.2061651" lon="7.2851628"><ele>1774.8</ele><time>2024-03-20T16:16:44Z</time></trkpt>
      <trkpt lat="44.2069081" lon="7.2841902"><ele>1757.7</ele><time>2024-03-20T16:17:54Z</time></trkpt>
      <trkpt lat="44.2072102" lon="7.2839804"><ele>1751.2</ele><time>2024-03-20T16:18:14Z</time></trkpt>
      <trkpt lat="44.2070693" lon="7.2839452"><ele>1744.1</ele><time>2024-03-20T16:18:24Z</time></trkpt>
      <trkpt lat="44.207805" lon="7.2831477"><ele>1732.1</ele><time>2024-03-20T16:18:54Z</time></trkpt>
      <trkpt lat="44.2082426" lon="7.2827107"><ele>1725.4</ele><time>2024-03-20T16:19:15Z</time></trkpt>
      <trkpt lat="44.2086246" lon="7.282497"><ele>1718.5</ele><time>2024-03-20T16:19:26Z</time></trkpt>
      <trkpt lat="44.208705" lon="7.2822641"><ele>1703.1</ele><time>2024-03-20T16:19:52Z</time></trkpt>
      <trkpt lat="44.2088899" lon="7.2821677"><ele>1697.7</ele><time>2024-03-20T16:19:57Z</time></trkpt>
      <trkpt lat="44.2087939" lon="7.2817149"><ele>1690.4</ele><time>2024-03-20T16:20:12Z</time></trkpt>
      <trkpt lat="44.2086101" lon="7.2816716"><ele>1685.8</ele><time>2024-03-20T16:20:28Z</time></trkpt>
      <trkpt lat="44.2083007" lon="7.2819048"><ele>1677.9</ele><time>2024-03-20T16:20:43Z</time></trkpt>
      <trkpt lat="44.2076048" lon="7.282189"><ele>1668.1</ele><time>2024-03-20T16:21:19Z</time></trkpt>
      <trkpt lat="44.2076261" lon="7.282072"><ele>1664.6</ele><time>2024-03-20T16:21:24Z</time></trkpt>
      <trkpt lat="44.2078033" lon="7.281989"><ele>1659.3</ele><time>2024-03-20T16:21:40Z</time></trkpt>
      <trkpt lat="44.2083298" lon="7.281414"><ele>1650.4</ele><time>2024-03-20T16:22:20Z</time></trkpt>
      <trkpt lat="44.2076537" lon="7.2815914"><ele>1637.8</ele><time>2024-03-20T16:22:50Z</time></trkpt>
      <trkpt lat="44.2078062" lon="7.281513"><ele>1630.3</ele><time>2024-03-20T16:23:00Z</time></trkpt>
      <trkpt lat="44.2081121" lon="7.2811747"><ele>1626.1</ele><time>2024-03-20T16:23:10Z</time></trkpt>
      <trkpt lat="44.2078154" lon="7.2812485"><ele>1624.7</ele><time>2024-03-20T16:23:40Z</time></trkpt>
      <trkpt lat="44.2077759" lon="7.2811847"><ele>1621.8</ele><time>2024-03-20T16:24:40Z</time></trkpt>
      <trkpt lat="44.2087279" lon="7.280226"><ele>1583.5</ele><time>2024-03-20T16:25:35Z</time></trkpt>
      <trkpt lat="44.2090797" lon="7.2800166"><ele>1579.2</ele><time>2024-03-20T16:25:50Z</time></trkpt>
      <trkpt lat="44.2095064" lon="7.2802167"><ele>1581.9</ele><time>2024-03-20T16:26:10Z</time></trkpt>
      <trkpt lat="44.2095865" lon="7.2799428"><ele>1568.6</ele><time>2024-03-20T16:26:30Z</time></trkpt>
      <trkpt lat="44.2095672" lon="7.2795277"><ele>1565.4</ele><time>2024-03-20T16:26:45Z</time></trkpt>
      <trkpt lat="44.2093667" lon="7.279348"><ele>1558.6</ele><time>2024-03-20T16:27:01Z</time></trkpt>
      <trkpt lat="44.2089451" lon="7.2792368"><ele>1559.0</ele><time>2024-03-20T16:27:11Z</time></trkpt>
      <trkpt lat="44.2084328" lon="7.2793008"><ele>1554.4</ele><time>2024-03-20T16:27:26Z</time></trkpt>
      <trkpt lat="44.2088167" lon="7.2788753"><ele>1544.9</ele><time>2024-03-20T16:27:46Z</time></trkpt>
      <trkpt lat="44.2089691" lon="7.2787672"><ele>1539.6</ele><time>2024-03-20T16:27:51Z</time></trkpt>
      <trkpt lat="44.2091058" lon="7.2787691"><ele>1535.9</ele><time>2024-03-20T16:27:56Z</time></trkpt>
      <trkpt lat="44.2089587" lon="7.2786875"><ele>1525.7</ele><time>2024-03-20T16:28:06Z</time></trkpt>
      <trkpt lat="44.2087245" lon="7.2788001"><ele>1519.7</ele><time>2024-03-20T16:28:21Z</time></trkpt>
      <trkpt lat="44.20851" lon="7.2787937"><ele>1515.5</ele><time>2024-03-20T16:28:31Z</time></trkpt>
      <trkpt lat="44.2087317" lon="7.2784424"><ele>1512.6</ele><time>2024-03-20T16:28:42Z</time></trkpt>
      <trkpt lat="44.2090378" lon="7.2781935"><ele>1511.8</ele><time>2024-03-20T16:28:53Z</time></trkpt>
      <trkpt lat="44.2088276" lon="7.2781722"><ele>1504.9</ele><time>2024-03-20T16:29:03Z</time></trkpt>
      <trkpt lat="44.2085143" lon="7.2782659"><ele>1498.5</ele><time>2024-03-20T16:29:13Z</time></trkpt>
      <trkpt lat="44.2087577" lon="7.2779831"><ele>1492.2</ele><time>2024-03-20T16:29:28Z</time></trkpt>
      <trkpt lat="44.2093065" lon="7.2777894"><ele>1473.5</ele><time>2024-03-20T16:29:53Z</time></trkpt>
      <trkpt lat="44.2097951" lon="7.2778209"><ele>1466.3</ele><time>2024-03-20T16:30:23Z</time></trkpt>
      <trkpt lat="44.2093949" lon="7.2775851"><ele>1461.2</ele><time>2024-03-20T16:30:43Z</time></trkpt>
      <trkpt lat="44.2097429" lon="7.2774855"><ele>1455.0</ele><time>2024-03-20T16:30:58Z</time></trkpt>
      <trkpt lat="44.2097529" lon="7.2774043"><ele>1451.9</ele><time>2024-03-20T16:31:03Z</time></trkpt>
      <trkpt lat="44.2093422" lon="7.2772281"><ele>1446.7</ele><time>2024-03-20T16:31:23Z</time></trkpt>
      <trkpt lat="44.2097497" lon="7.2771799"><ele>1435.5</ele><time>2024-03-20T16:31:58Z</time></trkpt>
      <trkpt lat="44.2096405" lon="7.277075"><ele>1436.4</ele><time>2024-03-20T16:32:07Z</time></trkpt>
      <trkpt lat="44.2091677" lon="7.2769246"><ele>1429.7</ele><time>2024-03-20T16:32:38Z</time></trkpt>
      <trkpt lat="44.209228" lon="7.2769012"><ele>1428.4</ele><time>2024-03-20T16:32:43Z</time></trkpt>
      <trkpt lat="44.2092132" lon="7.276725"><ele>1418.7</ele><time>2024-03-20T16:32:53Z</time></trkpt>
      <trkpt lat="44.2095542" lon="7.2766482"><ele>1407.7</ele><time>2024-03-20T16:33:03Z</time></trkpt>
      <trkpt lat="44.2095532" lon="7.2761543"><ele>1397.3</ele><time>2024-03-20T16:33:17Z</time></trkpt>
      <trkpt lat="44.2093995" lon="7.2761023"><ele>1391.6</ele><time>2024-03-20T16:33:28Z</time></trkpt>
      <trkpt lat="44.2091904" lon="7.2761844"><ele>1394.7</ele><time>2024-03-20T16:33:42Z</time></trkpt>
      <trkpt lat="44.2091124" lon="7.2760933"><ele>1388.5</ele><time>2024-03-20T16:33:48Z</time></trkpt>
      <trkpt lat="44.2091224" lon="7.2758386"><ele>1380.0</ele><time>2024-03-20T16:33:53Z</time></trkpt>
      <trkpt lat="44.2090012" lon="7.2756698"><ele>1376.3</ele><time>2024-03-20T16:34:28Z</time></trkpt>
      <trkpt lat="44.2090524" lon="7.2755919"><ele>1372.4</ele><time>2024-03-20T16:38:23Z</time></trkpt>
      <trkpt lat="44.2091183" lon="7.275011"><ele>1363.4</ele><time>2024-03-20T16:38:38Z</time></trkpt>
      <trkpt lat="44.2088458" lon="7.2745704"><ele>1361.6</ele><time>2024-03-20T16:38:53Z</time></trkpt>
      <trkpt lat="44.2087605" lon="7.2740799"><ele>1368.7</ele><time>2024-03-20T16:39:43Z</time></trkpt>
      <trkpt lat="44.2086189" lon="7.2740804"><ele>1369.2</ele><time>2024-03-20T16:40:08Z</time></trkpt>
      <trkpt lat="44.2083068" lon="7.273368"><ele>1372.4</ele><time>2024-03-20T16:41:53Z</time></trkpt>
      <trkpt lat="44.2074484" lon="7.2724774"><ele>1365.6</ele><time>2024-03-20T16:43:43Z</time></trkpt>
      <trkpt lat="44.2069865" lon="7.2718341"><ele>1368.4</ele><time>2024-03-20T16:45:28Z</time></trkpt>
      <trkpt lat="44.2070015" lon="7.2717192"><ele>1372.3</ele><time>2024-03-20T16:46:28Z</time></trkpt>
      <trkpt lat="44.2069222" lon="7.2716215"><ele>1367.1</ele><time>2024-03-20T16:46:38Z</time></trkpt>
      <trkpt lat="44.2069293" lon="7.2713258"><ele>1353.1</ele><time>2024-03-20T16:47:18Z</time></trkpt>
      <trkpt lat="44.2067926" lon="7.2712066"><ele>1363.5</ele><time>2024-03-20T16:47:33Z</time></trkpt>
      <trkpt lat="44.2067647" lon="7.2712673"><ele>1370.7</ele><time>2024-03-20T16:47:53Z</time></trkpt>
      <trkpt lat="44.2067226" lon="7.2711464"><ele>1360.8</ele><time>2024-03-20T16:50:58Z</time></trkpt>
      <trkpt lat="44.2066175" lon="7.2711758"><ele>1360.6</ele><time>2024-03-20T16:51:03Z</time></trkpt>
      <trkpt lat="44.206615" lon="7.271335"><ele>1359.9</ele><time>2024-03-20T16:51:08Z</time></trkpt>
      <trkpt lat="44.2066692" lon="7.2713692"><ele>1377.2</ele><time>2024-03-20T16:51:23Z</time></trkpt>
      <trkpt lat="44.2067502" lon="7.2712662"><ele>1376.2</ele><time>2024-03-20T16:51:28Z</time></trkpt>
      <trkpt lat="44.2068929" lon="7.2708142"><ele>1362.9</ele><time>2024-03-20T16:51:38Z</time></trkpt>
      <trkpt lat="44.2066618" lon="7.2710157"><ele>1358.5</ele><time>2024-03-20T16:52:03Z</time></trkpt>
      <trkpt lat="44.2067205" lon="7.2710347"><ele>1356.4</ele><time>2024-03-20T16:56:23Z</time></trkpt>
      <trkpt lat="44.2066905" lon="7.2712335"><ele>1356.2</ele><time>2024-03-20T16:56:38Z</time></trkpt>
      <trkpt lat="44.2066679" lon="7.2710117"><ele>1352.6</ele><time>2024-03-20T16:59:13Z</time></trkpt>
      <trkpt lat="44.2066383" lon="7.271104"><ele>1351.6</ele><time>2024-03-20T17:00:03Z</time></trkpt>
      <trkpt lat="44.2067976" lon="7.2713687"><ele>1396.1</ele><time>2024-03-21T07:59:38Z</time></trkpt>
      <trkpt lat="44.2067732" lon="7.2715181"><ele>1377.5</ele><time>2024-03-21T08:00:46Z</time></trkpt>
      <trkpt lat="44.2067141" lon="7.2714982"><ele>1376.0</ele><time>2024-03-21T08:00:56Z</time></trkpt>
      <trkpt lat="44.2063476" lon="7.2713033"><ele>1381.3</ele><time>2024-03-21T08:02:26Z</time></trkpt>
      <trkpt lat="44.2062786" lon="7.2710935"><ele>1381.4</ele><time>2024-03-21T08:03:00Z</time></trkpt>
      <trkpt lat="44.2054738" lon="7.2708066"><ele>1379.7</ele><time>2024-03-21T08:04:55Z</time></trkpt>
      <trkpt lat="44.2046969" lon="7.2691642"><ele>1391.4</ele><time>2024-03-21T08:07:30Z</time></trkpt>
      <trkpt lat="44.204753" lon="7.2687599"><ele>1394.5</ele><time>2024-03-21T08:08:05Z</time></trkpt>
      <trkpt lat="44.2049214" lon="7.2683289"><ele>1395.2</ele><time>2024-03-21T08:08:45Z</time></trkpt>
      <trkpt lat="44.2049202" lon="7.2676204"><ele>1404.6</ele><time>2024-03-21T08:09:45Z</time></trkpt>
      <trkpt lat="44.2047967" lon="7.2670845"><ele>1414.3</ele><time>2024-03-21T08:10:35Z</time></trkpt>
      <trkpt lat="44.2049223" lon="7.2670894"><ele>1414.6</ele><time>2024-03-21T08:10:50Z</time></trkpt>
      <trkpt lat="44.2048803" lon="7.2669315"><ele>1417.8</ele><time>2024-03-21T08:11:05Z</time></trkpt>
      <trkpt lat="44.2046717" lon="7.2667907"><ele>1419.4</ele><time>2024-03-21T08:11:35Z</time></trkpt>
      <trkpt lat="44.2047835" lon="7.2663232"><ele>1420.7</ele><time>2024-03-21T08:15:45Z</time></trkpt>
      <trkpt lat="44.204726" lon="7.2658444"><ele>1428.9</ele><time>2024-03-21T08:16:35Z</time></trkpt>
      <trkpt lat="44.2046512" lon="7.2656669"><ele>1431.5</ele><time>2024-03-21T08:16:55Z</time></trkpt>
      <trkpt lat="44.2043783" lon="7.2653984"><ele>1430.1</ele><time>2024-03-21T08:17:35Z</time></trkpt>
      <trkpt lat="44.2043659" lon="7.2650095"><ele>1432.2</ele><time>2024-03-21T08:18:10Z</time></trkpt>
      <trkpt lat="44.2041362" lon="7.2643906"><ele>1438.6</ele><time>2024-03-21T08:19:15Z</time></trkpt>
      <trkpt lat="44.2041803" lon="7.264218"><ele>1445.2</ele><time>2024-03-21T08:19:50Z</time></trkpt>
      <trkpt lat="44.2039463" lon="7.2635877"><ele>1437.6</ele><time>2024-03-21T08:21:00Z</time></trkpt>
      <trkpt lat="44.2038303" lon="7.2624275"><ele>1453.9</ele><time>2024-03-21T08:22:50Z</time></trkpt>
      <trkpt lat="44.2037324" lon="7.2621669"><ele>1455.2</ele><time>2024-03-21T08:23:20Z</time></trkpt>
      <trkpt lat="44.2037306" lon="7.2613285"><ele>1462.1</ele><time>2024-03-21T08:24:50Z</time></trkpt>
      <trkpt lat="44.2036302" lon="7.2609671"><ele>1462.3</ele><time>2024-03-21T08:25:25Z</time></trkpt>
      <trkpt lat="44.2036976" lon="7.2606013"><ele>1469.2</ele><time>2024-03-21T08:26:00Z</time></trkpt>
      <trkpt lat="44.2039077" lon="7.2601924"><ele>1474.2</ele><time>2024-03-21T08:26:55Z</time></trkpt>
      <trkpt lat="44.2041088" lon="7.2592954"><ele>1474.5</ele><time>2024-03-21T08:28:30Z</time></trkpt>
      <trkpt lat="44.2039147" lon="7.2581843"><ele>1486.6</ele><time>2024-03-21T08:30:10Z</time></trkpt>
      <trkpt lat="44.2039054" lon="7.257344"><ele>1495.7</ele><time>2024-03-21T08:31:40Z</time></trkpt>
      <trkpt lat="44.2039469" lon="7.2569805"><ele>1501.4</ele><time>2024-03-21T08:32:20Z</time></trkpt>
      <trkpt lat="44.2041165" lon="7.2564835"><ele>1508.3</ele><time>2024-03-21T08:33:20Z</time></trkpt>
      <trkpt lat="44.2041444" lon="7.2562048"><ele>1513.6</ele><time>2024-03-21T08:34:00Z</time></trkpt>
      <trkpt lat="44.2040994" lon="7.2559108"><ele>1510.6</ele><time>2024-03-21T08:34:30Z</time></trkpt>
      <trkpt lat="44.2042125" lon="7.2555785"><ele>1516.4</ele><time>2024-03-21T08:35:10Z</time></trkpt>
      <trkpt lat="44.2041811" lon="7.2552864"><ele>1520.9</ele><time>2024-03-21T08:35:55Z</time></trkpt>
      <trkpt lat="44.2045271" lon="7.2546559"><ele>1535.4</ele><time>2024-03-21T08:37:50Z</time></trkpt>
      <trkpt lat="44.2044746" lon="7.254027"><ele>1541.3</ele><time>2024-03-21T08:39:20Z</time></trkpt>
      <trkpt lat="44.2042661" lon="7.2535218"><ele>1556.1</ele><time>2024-03-21T08:49:41Z</time></trkpt>
      <trkpt lat="44.2040834" lon="7.253301"><ele>1555.2</ele><time>2024-03-21T08:50:21Z</time></trkpt>
      <trkpt lat="44.2039211" lon="7.252832"><ele>1557.5</ele><time>2024-03-21T08:51:26Z</time></trkpt>
      <trkpt lat="44.2038983" lon="7.2522172"><ele>1562.8</ele><time>2024-03-21T08:52:36Z</time></trkpt>
      <trkpt lat="44.203788" lon="7.2520282"><ele>1566.3</ele><time>2024-03-21T08:53:06Z</time></trkpt>
      <trkpt lat="44.203791" lon="7.2514501"><ele>1576.1</ele><time>2024-03-21T08:54:36Z</time></trkpt>
      <trkpt lat="44.2038645" lon="7.2507972"><ele>1590.2</ele><time>2024-03-21T08:56:01Z</time></trkpt>
      <trkpt lat="44.2042245" lon="7.2512597"><ele>1601.6</ele><time>2024-03-21T08:57:26Z</time></trkpt>
      <trkpt lat="44.2043142" lon="7.2510725"><ele>1601.2</ele><time>2024-03-21T08:57:51Z</time></trkpt>
      <trkpt lat="44.2043816" lon="7.2511593"><ele>1604.1</ele><time>2024-03-21T08:58:11Z</time></trkpt>
      <trkpt lat="44.2044754" lon="7.2511201"><ele>1611.1</ele><time>2024-03-21T08:58:56Z</time></trkpt>
      <trkpt lat="44.2044706" lon="7.250826"><ele>1615.2</ele><time>2024-03-21T08:59:31Z</time></trkpt>
      <trkpt lat="44.2043934" lon="7.2502838"><ele>1621.6</ele><time>2024-03-21T09:00:31Z</time></trkpt>
      <trkpt lat="44.2040302" lon="7.2497723"><ele>1627.7</ele><time>2024-03-21T09:01:40Z</time></trkpt>
      <trkpt lat="44.2037931" lon="7.2491584"><ele>1626.7</ele><time>2024-03-21T09:02:51Z</time></trkpt>
      <trkpt lat="44.2035628" lon="7.2489889"><ele>1636.9</ele><time>2024-03-21T09:03:26Z</time></trkpt>
      <trkpt lat="44.2033526" lon="7.2484573"><ele>1634.8</ele><time>2024-03-21T09:04:21Z</time></trkpt>
      <trkpt lat="44.2034193" lon="7.2469482"><ele>1663.2</ele><time>2024-03-21T09:07:37Z</time></trkpt>
      <trkpt lat="44.2029737" lon="7.2466516"><ele>1669.0</ele><time>2024-03-21T09:08:37Z</time></trkpt>
      <trkpt lat="44.2027884" lon="7.2464301"><ele>1667.0</ele><time>2024-03-21T09:09:16Z</time></trkpt>
      <trkpt lat="44.2027792" lon="7.2462377"><ele>1667.1</ele><time>2024-03-21T09:09:37Z</time></trkpt>
      <trkpt lat="44.2029225" lon="7.2455546"><ele>1671.3</ele><time>2024-03-21T09:11:02Z</time></trkpt>
      <trkpt lat="44.2028488" lon="7.2453327"><ele>1679.4</ele><time>2024-03-21T09:11:32Z</time></trkpt>
      <trkpt lat="44.2028885" lon="7.2452006"><ele>1684.9</ele><time>2024-03-21T09:11:57Z</time></trkpt>
      <trkpt lat="44.2026331" lon="7.2444671"><ele>1692.7</ele><time>2024-03-21T09:13:32Z</time></trkpt>
      <trkpt lat="44.2026751" lon="7.2440327"><ele>1696.5</ele><time>2024-03-21T09:14:31Z</time></trkpt>
      <trkpt lat="44.2026012" lon="7.2437414"><ele>1702.2</ele><time>2024-03-21T09:15:07Z</time></trkpt>
      <trkpt lat="44.2026481" lon="7.2433819"><ele>1706.6</ele><time>2024-03-21T09:15:57Z</time></trkpt>
      <trkpt lat="44.2026842" lon="7.2433261"><ele>1707.9</ele><time>2024-03-21T09:16:07Z</time></trkpt>
      <trkpt lat="44.2027205" lon="7.243427"><ele>1710.8</ele><time>2024-03-21T09:16:27Z</time></trkpt>
      <trkpt lat="44.2028131" lon="7.2431682"><ele>1720.2</ele><time>2024-03-21T09:18:07Z</time></trkpt>
      <trkpt lat="44.2027638" lon="7.2431215"><ele>1721.3</ele><time>2024-03-21T09:18:12Z</time></trkpt>
      <trkpt lat="44.2027764" lon="7.2428078"><ele>1724.4</ele><time>2024-03-21T09:18:57Z</time></trkpt>
      <trkpt lat="44.2026664" lon="7.2426538"><ele>1725.0</ele><time>2024-03-21T09:19:18Z</time></trkpt>
      <trkpt lat="44.2023489" lon="7.2427059"><ele>1730.5</ele><time>2024-03-21T09:20:03Z</time></trkpt>
      <trkpt lat="44.2018177" lon="7.242181"><ele>1736.2</ele><time>2024-03-21T09:21:33Z</time></trkpt>
      <trkpt lat="44.2018725" lon="7.2420924"><ele>1736.5</ele><time>2024-03-21T09:21:49Z</time></trkpt>
      <trkpt lat="44.2023427" lon="7.242336"><ele>1738.9</ele><time>2024-03-21T09:22:49Z</time></trkpt>
      <trkpt lat="44.2023908" lon="7.2422807"><ele>1739.3</ele><time>2024-03-21T09:22:59Z</time></trkpt>
      <trkpt lat="44.2020912" lon="7.241953"><ele>1746.5</ele><time>2024-03-21T09:23:54Z</time></trkpt>
      <trkpt lat="44.2019968" lon="7.2417319"><ele>1750.5</ele><time>2024-03-21T09:24:19Z</time></trkpt>
      <trkpt lat="44.2020844" lon="7.2408495"><ele>1759.4</ele><time>2024-03-21T09:25:44Z</time></trkpt>
      <trkpt lat="44.202035" lon="7.2402534"><ele>1759.5</ele><time>2024-03-21T09:26:44Z</time></trkpt>
      <trkpt lat="44.2014934" lon="7.2398613"><ele>1765.6</ele><time>2024-03-21T09:27:44Z</time></trkpt>
      <trkpt lat="44.2010451" lon="7.2385164"><ele>1765.5</ele><time>2024-03-21T09:29:34Z</time></trkpt>
      <trkpt lat="44.2003005" lon="7.2372141"><ele>1765.4</ele><time>2024-03-21T09:31:36Z</time></trkpt>
      <trkpt lat="44.199743" lon="7.2349724"><ele>1769.6</ele><time>2024-03-21T09:34:41Z</time></trkpt>
      <trkpt lat="44.1988545" lon="7.233041"><ele>1770.3</ele><time>2024-03-21T09:37:42Z</time></trkpt>
      <trkpt lat="44.1986512" lon="7.2330617"><ele>1769.7</ele><time>2024-03-21T09:38:31Z</time></trkpt>
      <trkpt lat="44.198546" lon="7.232857"><ele>1770.7</ele><time>2024-03-21T09:38:47Z</time></trkpt>
      <trkpt lat="44.1984934" lon="7.232864"><ele>1772.7</ele><time>2024-03-21T09:38:57Z</time></trkpt>
      <trkpt lat="44.1985038" lon="7.2327603"><ele>1771.5</ele><time>2024-03-21T09:39:07Z</time></trkpt>
      <trkpt lat="44.1986349" lon="7.2326951"><ele>1770.7</ele><time>2024-03-21T09:40:16Z</time></trkpt>
      <trkpt lat="44.1988196" lon="7.2329063"><ele>1785.6</ele><time>2024-03-21T09:41:01Z</time></trkpt>
      <trkpt lat="44.1986959" lon="7.2327531"><ele>1777.6</ele><time>2024-03-21T09:42:08Z</time></trkpt>
      <trkpt lat="44.1985313" lon="7.2327445"><ele>1775.3</ele><time>2024-03-21T09:42:32Z</time></trkpt>
      <trkpt lat="44.1986905" lon="7.2325876"><ele>1771.0</ele><time>2024-03-21T10:09:44Z</time></trkpt>
      <trkpt lat="44.1986896" lon="7.232662"><ele>1774.5</ele><time>2024-03-21T10:14:27Z</time></trkpt>
      <trkpt lat="44.1985381" lon="7.2327378"><ele>1771.9</ele><time>2024-03-21T10:20:55Z</time></trkpt>
      <trkpt lat="44.1983694" lon="7.232258"><ele>1775.5</ele><time>2024-03-21T10:21:30Z</time></trkpt>
      <trkpt lat="44.1969292" lon="7.2296192"><ele>1785.3</ele><time>2024-03-21T10:25:26Z</time></trkpt>
      <trkpt lat="44.1968526" lon="7.2292333"><ele>1783.0</ele><time>2024-03-21T10:25:56Z</time></trkpt>
      <trkpt lat="44.1969413" lon="7.2287255"><ele>1783.6</ele><time>2024-03-21T10:26:31Z</time></trkpt>
      <trkpt lat="44.196928" lon="7.2284643"><ele>1786.1</ele><time>2024-03-21T10:26:51Z</time></trkpt>
      <trkpt lat="44.1968088" lon="7.2281214"><ele>1784.3</ele><time>2024-03-21T10:27:16Z</time></trkpt>
      <trkpt lat="44.19689" lon="7.227993"><ele>1784.6</ele><time>2024-03-21T10:27:30Z</time></trkpt>
      <trkpt lat="44.196823" lon="7.2279213"><ele>1781.8</ele><time>2024-03-21T10:27:41Z</time></trkpt>
      <trkpt lat="44.1968132" lon="7.2276185"><ele>1785.3</ele><time>2024-03-21T10:28:11Z</time></trkpt>
      <trkpt lat="44.1965903" lon="7.22694"><ele>1791.4</ele><time>2024-03-21T10:29:16Z</time></trkpt>
      <trkpt lat="44.1966058" lon="7.2268066"><ele>1794.4</ele><time>2024-03-21T10:29:31Z</time></trkpt>
      <trkpt lat="44.1962879" lon="7.2265636"><ele>1801.2</ele><time>2024-03-21T10:30:26Z</time></trkpt>
      <trkpt lat="44.1960738" lon="7.2261238"><ele>1799.5</ele><time>2024-03-21T10:31:16Z</time></trkpt>
      <trkpt lat="44.1961" lon="7.2260281"><ele>1798.5</ele><time>2024-03-21T10:31:26Z</time></trkpt>
      <trkpt lat="44.1959403" lon="7.2258944"><ele>1809.3</ele><time>2024-03-21T10:31:51Z</time></trkpt>
      <trkpt lat="44.1957282" lon="7.2258619"><ele>1808.2</ele><time>2024-03-21T10:32:35Z</time></trkpt>
      <trkpt lat="44.1957601" lon="7.2256943"><ele>1815.5</ele><time>2024-03-21T10:33:21Z</time></trkpt>
      <trkpt lat="44.1956867" lon="7.2256367"><ele>1810.6</ele><time>2024-03-21T10:33:31Z</time></trkpt>
      <trkpt lat="44.1948485" lon="7.2255556"><ele>1822.0</ele><time>2024-03-21T10:35:31Z</time></trkpt>
      <trkpt lat="44.1946009" lon="7.225397"><ele>1824.9</ele><time>2024-03-21T10:36:06Z</time></trkpt>
      <trkpt lat="44.193764" lon="7.2242232"><ele>1830.0</ele><time>2024-03-21T10:39:01Z</time></trkpt>
      <trkpt lat="44.1936791" lon="7.2239253"><ele>1836.1</ele><time>2024-03-21T10:39:41Z</time></trkpt>
      <trkpt lat="44.1931903" lon="7.2237324"><ele>1832.1</ele><time>2024-03-21T10:40:46Z</time></trkpt>
      <trkpt lat="44.1929792" lon="7.2233714"><ele>1837.6</ele><time>2024-03-21T10:41:41Z</time></trkpt>
      <trkpt lat="44.1926771" lon="7.223201"><ele>1837.6</ele><time>2024-03-21T10:42:26Z</time></trkpt>
      <trkpt lat="44.1919029" lon="7.2229648"><ele>1847.7</ele><time>2024-03-21T10:45:11Z</time></trkpt>
      <trkpt lat="44.1918063" lon="7.2228145"><ele>1859.2</ele><time>2024-03-21T10:45:51Z</time></trkpt>
      <trkpt lat="44.1919324" lon="7.2226855"><ele>1864.8</ele><time>2024-03-21T10:46:21Z</time></trkpt>
      <trkpt lat="44.1918834" lon="7.2223283"><ele>1868.7</ele><time>2024-03-21T10:47:16Z</time></trkpt>
      <trkpt lat="44.1917692" lon="7.2222493"><ele>1871.4</ele><time>2024-03-21T10:47:46Z</time></trkpt>
      <trkpt lat="44.1920912" lon="7.2216992"><ele>1880.0</ele><time>2024-03-21T10:49:36Z</time></trkpt>
      <trkpt lat="44.1917419" lon="7.2215796"><ele>1884.6</ele><time>2024-03-21T10:50:56Z</time></trkpt>
      <trkpt lat="44.1915605" lon="7.2216407"><ele>1888.3</ele><time>2024-03-21T10:51:56Z</time></trkpt>
      <trkpt lat="44.191046" lon="7.2213755"><ele>1899.7</ele><time>2024-03-21T10:54:16Z</time></trkpt>
      <trkpt lat="44.1912994" lon="7.2211464"><ele>1911.0</ele><time>2024-03-21T10:55:41Z</time></trkpt>
      <trkpt lat="44.1910695" lon="7.2210649"><ele>1916.6</ele><time>2024-03-21T10:56:46Z</time></trkpt>
      <trkpt lat="44.1913564" lon="7.2207942"><ele>1931.1</ele><time>2024-03-21T10:58:41Z</time></trkpt>
      <trkpt lat="44.1914469" lon="7.2206042"><ele>1935.1</ele><time>2024-03-21T10:59:16Z</time></trkpt>
      <trkpt lat="44.1913441" lon="7.2205119"><ele>1937.1</ele><time>2024-03-21T10:59:41Z</time></trkpt>
      <trkpt lat="44.1911686" lon="7.2205334"><ele>1937.4</ele><time>2024-03-21T11:00:16Z</time></trkpt>
      <trkpt lat="44.1911041" lon="7.2203782"><ele>1929.5</ele><time>2024-03-21T11:00:41Z</time></trkpt>
      <trkpt lat="44.191156" lon="7.2201356"><ele>1953.2</ele><time>2024-03-21T11:03:11Z</time></trkpt>
      <trkpt lat="44.1910149" lon="7.2199724"><ele>1956.0</ele><time>2024-03-21T11:04:01Z</time></trkpt>
      <trkpt lat="44.190791" lon="7.2198865"><ele>1958.3</ele><time>2024-03-21T11:05:16Z</time></trkpt>
      <trkpt lat="44.1905815" lon="7.2200503"><ele>1957.6</ele><time>2024-03-21T11:06:11Z</time></trkpt>
      <trkpt lat="44.1909153" lon="7.2198139"><ele>1970.7</ele><time>2024-03-21T11:10:41Z</time></trkpt>
      <trkpt lat="44.190572" lon="7.2196767"><ele>1970.4</ele><time>2024-03-21T11:11:53Z</time></trkpt>
      <trkpt lat="44.1909072" lon="7.2194111"><ele>1986.5</ele><time>2024-03-21T11:13:00Z</time></trkpt>
      <trkpt lat="44.1907316" lon="7.219325"><ele>1991.3</ele><time>2024-03-21T11:13:41Z</time></trkpt>
      <trkpt lat="44.1909963" lon="7.2191161"><ele>1993.9</ele><time>2024-03-21T11:14:36Z</time></trkpt>
      <trkpt lat="44.1915106" lon="7.2189838"><ele>2007.9</ele><time>2024-03-21T11:16:51Z</time></trkpt>
      <trkpt lat="44.1913306" lon="7.2187637"><ele>2012.2</ele><time>2024-03-21T11:17:41Z</time></trkpt>
      <trkpt lat="44.1915388" lon="7.2186738"><ele>2017.5</ele><time>2024-03-21T11:18:36Z</time></trkpt>
      <trkpt lat="44.1912696" lon="7.2184154"><ele>2023.9</ele><time>2024-03-21T11:19:46Z</time></trkpt>
      <trkpt lat="44.1917486" lon="7.2183648"><ele>2031.5</ele><time>2024-03-21T11:21:21Z</time></trkpt>
      <trkpt lat="44.192367" lon="7.2186009"><ele>2039.5</ele><time>2024-03-21T11:22:46Z</time></trkpt>
      <trkpt lat="44.1925897" lon="7.2184113"><ele>2041.4</ele><time>2024-03-21T11:23:16Z</time></trkpt>
      <trkpt lat="44.1928634" lon="7.2184896"><ele>2041.4</ele><time>2024-03-21T11:23:51Z</time></trkpt>
      <trkpt lat="44.1935473" lon="7.218411"><ele>2043.1</ele><time>2024-03-21T11:25:11Z</time></trkpt>
      <trkpt lat="44.1937042" lon="7.2184905"><ele>2044.7</ele><time>2024-03-21T11:25:31Z</time></trkpt>
      <trkpt lat="44.1937976" lon="7.2182742"><ele>2048.3</ele><time>2024-03-21T11:25:56Z</time></trkpt>
      <trkpt lat="44.1938707" lon="7.2184545"><ele>2050.3</ele><time>2024-03-21T11:26:36Z</time></trkpt>
      <trkpt lat="44.1939156" lon="7.2183075"><ele>2052.4</ele><time>2024-03-21T11:26:56Z</time></trkpt>
      <trkpt lat="44.1940723" lon="7.2183264"><ele>2057.1</ele><time>2024-03-21T11:27:26Z</time></trkpt>
      <trkpt lat="44.1939643" lon="7.2180476"><ele>2056.7</ele><time>2024-03-21T11:28:16Z</time></trkpt>
      <trkpt lat="44.194171" lon="7.2181277"><ele>2062.5</ele><time>2024-03-21T11:28:51Z</time></trkpt>
      <trkpt lat="44.1943213" lon="7.2180841"><ele>2065.2</ele><time>2024-03-21T11:29:21Z</time></trkpt>
      <trkpt lat="44.1942023" lon="7.2179409"><ele>2067.0</ele><time>2024-03-21T11:30:16Z</time></trkpt>
      <trkpt lat="44.1941296" lon="7.2176756"><ele>2070.9</ele><time>2024-03-21T11:30:56Z</time></trkpt>
      <trkpt lat="44.1945123" lon="7.2179253"><ele>2079.6</ele><time>2024-03-21T11:31:56Z</time></trkpt>
      <trkpt lat="44.1942806" lon="7.2173313"><ele>2096.2</ele><time>2024-03-21T11:35:26Z</time></trkpt>
      <trkpt lat="44.194155" lon="7.2173325"><ele>2101.6</ele><time>2024-03-21T11:35:51Z</time></trkpt>
      <trkpt lat="44.1942367" lon="7.2171374"><ele>2102.5</ele><time>2024-03-21T11:36:46Z</time></trkpt>
      <trkpt lat="44.1938232" lon="7.2173375"><ele>2112.3</ele><time>2024-03-21T11:38:21Z</time></trkpt>
      <trkpt lat="44.1938619" lon="7.216892"><ele>2114.5</ele><time>2024-03-21T11:56:07Z</time></trkpt>
      <trkpt lat="44.1940722" lon="7.2162974"><ele>2125.6</ele><time>2024-03-21T11:56:47Z</time></trkpt>
      <trkpt lat="44.1942661" lon="7.2161664"><ele>2128.9</ele><time>2024-03-21T11:57:07Z</time></trkpt>
      <trkpt lat="44.1943058" lon="7.2160384"><ele>2130.1</ele><time>2024-03-21T11:57:17Z</time></trkpt>
      <trkpt lat="44.1944411" lon="7.2160285"><ele>2132.8</ele><time>2024-03-21T11:57:32Z</time></trkpt>
      <trkpt lat="44.1945007" lon="7.2158385"><ele>2138.9</ele><time>2024-03-21T11:57:52Z</time></trkpt>
      <trkpt lat="44.1947604" lon="7.2158029"><ele>2146.7</ele><time>2024-03-21T11:58:17Z</time></trkpt>
      <trkpt lat="44.1948701" lon="7.2156356"><ele>2150.8</ele><time>2024-03-21T11:58:32Z</time></trkpt>
      <trkpt lat="44.1952866" lon="7.2153801"><ele>2161.3</ele><time>2024-03-21T11:59:17Z</time></trkpt>
      <trkpt lat="44.1953755" lon="7.2154668"><ele>2163.6</ele><time>2024-03-21T11:59:27Z</time></trkpt>
      <trkpt lat="44.1954547" lon="7.2151191"><ele>2168.6</ele><time>2024-03-21T11:59:52Z</time></trkpt>
      <trkpt lat="44.1955935" lon="7.2151493"><ele>2172.0</ele><time>2024-03-21T12:00:12Z</time></trkpt>
      <trkpt lat="44.1954845" lon="7.2147566"><ele>2176.2</ele><time>2024-03-21T12:00:47Z</time></trkpt>
      <trkpt lat="44.195801" lon="7.214761"><ele>2182.0</ele><time>2024-03-21T12:01:17Z</time></trkpt>
      <trkpt lat="44.1959933" lon="7.2145994"><ele>2186.8</ele><time>2024-03-21T12:01:37Z</time></trkpt>
      <trkpt lat="44.1960095" lon="7.2145307"><ele>2187.5</ele><time>2024-03-21T12:01:42Z</time></trkpt>
      <trkpt lat="44.1957308" lon="7.2143133"><ele>2191.0</ele><time>2024-03-21T12:02:12Z</time></trkpt>
      <trkpt lat="44.1962024" lon="7.2141903"><ele>2198.0</ele><time>2024-03-21T12:02:52Z</time></trkpt>
      <trkpt lat="44.196536" lon="7.2138962"><ele>2208.8</ele><time>2024-03-21T12:03:27Z</time></trkpt>
      <trkpt lat="44.1966381" lon="7.2136752"><ele>2213.0</ele><time>2024-03-21T12:03:42Z</time></trkpt>
      <trkpt lat="44.1966835" lon="7.2132844"><ele>2215.0</ele><time>2024-03-21T12:04:02Z</time></trkpt>
      <trkpt lat="44.1969977" lon="7.2124405"><ele>2218.9</ele><time>2024-03-21T12:04:52Z</time></trkpt>
      <trkpt lat="44.1972169" lon="7.2120265"><ele>2219.4</ele><time>2024-03-21T12:05:17Z</time></trkpt>
      <trkpt lat="44.197518" lon="7.211716"><ele>2223.2</ele><time>2024-03-21T12:05:52Z</time></trkpt>
      <trkpt lat="44.1978619" lon="7.2112098"><ele>2231.4</ele><time>2024-03-21T12:06:42Z</time></trkpt>
      <trkpt lat="44.1979628" lon="7.2108326"><ele>2236.1</ele><time>2024-03-21T12:07:22Z</time></trkpt>
      <trkpt lat="44.1982899" lon="7.2101551"><ele>2249.5</ele><time>2024-03-21T12:08:07Z</time></trkpt>
      <trkpt lat="44.1985063" lon="7.2099954"><ele>2249.0</ele><time>2024-03-21T12:08:27Z</time></trkpt>
      <trkpt lat="44.1985799" lon="7.2095877"><ele>2253.2</ele><time>2024-03-21T12:08:57Z</time></trkpt>
      <trkpt lat="44.1986807" lon="7.2094079"><ele>2255.9</ele><time>2024-03-21T12:09:12Z</time></trkpt>
      <trkpt lat="44.1987135" lon="7.2087748"><ele>2261.1</ele><time>2024-03-21T12:10:17Z</time></trkpt>
      <trkpt lat="44.1985754" lon="7.2083084"><ele>2272.9</ele><time>2024-03-21T12:11:02Z</time></trkpt>
      <trkpt lat="44.1986088" lon="7.2080772"><ele>2271.8</ele><time>2024-03-21T12:11:32Z</time></trkpt>
      <trkpt lat="44.1985114" lon="7.2075711"><ele>2273.0</ele><time>2024-03-21T12:12:27Z</time></trkpt>
      <trkpt lat="44.1984993" lon="7.2067598"><ele>2275.6</ele><time>2024-03-21T12:13:47Z</time></trkpt>
      <trkpt lat="44.1985677" lon="7.2066291"><ele>2276.4</ele><time>2024-03-21T12:14:02Z</time></trkpt>
      <trkpt lat="44.1986784" lon="7.2065801"><ele>2279.2</ele><time>2024-03-21T12:14:17Z</time></trkpt>
      <trkpt lat="44.1989063" lon="7.2059414"><ele>2291.3</ele><time>2024-03-21T13:19:11Z</time></trkpt>
      <trkpt lat="44.1991111" lon="7.2056625"><ele>2293.1</ele><time>2024-03-21T13:20:21Z</time></trkpt>
      <trkpt lat="44.1993061" lon="7.2055281"><ele>2295.3</ele><time>2024-03-21T13:21:16Z</time></trkpt>
      <trkpt lat="44.199367" lon="7.2052752"><ele>2299.0</ele><time>2024-03-21T13:22:02Z</time></trkpt>
      <trkpt lat="44.1998545" lon="7.2043423"><ele>2314.5</ele><time>2024-03-21T13:26:02Z</time></trkpt>
      <trkpt lat="44.1999825" lon="7.2039254"><ele>2318.2</ele><time>2024-03-21T13:27:03Z</time></trkpt>
      <trkpt lat="44.199922" lon="7.2032907"><ele>2324.4</ele><time>2024-03-21T13:28:33Z</time></trkpt>
      <trkpt lat="44.2001809" lon="7.2036081"><ele>2330.8</ele><time>2024-03-21T13:29:46Z</time></trkpt>
      <trkpt lat="44.2000845" lon="7.2027702"><ele>2342.0</ele><time>2024-03-21T13:31:36Z</time></trkpt>
      <trkpt lat="44.2003944" lon="7.2030039"><ele>2352.9</ele><time>2024-03-21T13:32:51Z</time></trkpt>
      <trkpt lat="44.2005895" lon="7.2033923"><ele>2362.5</ele><time>2024-03-21T13:34:01Z</time></trkpt>
      <trkpt lat="44.2006313" lon="7.2030597"><ele>2368.0</ele><time>2024-03-21T13:37:41Z</time></trkpt>
      <trkpt lat="44.2005366" lon="7.2028319"><ele>2371.2</ele><time>2024-03-21T13:38:31Z</time></trkpt>
      <trkpt lat="44.2007994" lon="7.2030698"><ele>2381.1</ele><time>2024-03-21T13:42:31Z</time></trkpt>
      <trkpt lat="44.2008114" lon="7.2028701"><ele>2383.7</ele><time>2024-03-21T13:43:06Z</time></trkpt>
      <trkpt lat="44.2010145" lon="7.2034332"><ele>2398.9</ele><time>2024-03-21T13:45:01Z</time></trkpt>
      <trkpt lat="44.2010925" lon="7.2031493"><ele>2402.4</ele><time>2024-03-21T13:46:43Z</time></trkpt>
      <trkpt lat="44.2011873" lon="7.2031442"><ele>2406.4</ele><time>2024-03-21T13:47:23Z</time></trkpt>
      <trkpt lat="44.2012373" lon="7.2034185"><ele>2415.4</ele><time>2024-03-21T13:48:08Z</time></trkpt>
      <trkpt lat="44.2012764" lon="7.2029305"><ele>2418.5</ele><time>2024-03-21T13:49:18Z</time></trkpt>
      <trkpt lat="44.2014045" lon="7.2030467"><ele>2421.2</ele><time>2024-03-21T13:49:43Z</time></trkpt>
      <trkpt lat="44.2014438" lon="7.2032315"><ele>2425.5</ele><time>2024-03-21T13:50:33Z</time></trkpt>
      <trkpt lat="44.2014385" lon="7.2027316"><ele>2428.0</ele><time>2024-03-21T13:51:53Z</time></trkpt>
      <trkpt lat="44.201618" lon="7.2028017"><ele>2431.6</ele><time>2024-03-21T13:52:28Z</time></trkpt>
      <trkpt lat="44.2016768" lon="7.2029334"><ele>2438.6</ele><time>2024-03-21T13:52:58Z</time></trkpt>
      <trkpt lat="44.20174" lon="7.2027789"><ele>2436.6</ele><time>2024-03-21T13:53:23Z</time></trkpt>
      <trkpt lat="44.2016805" lon="7.2019524"><ele>2449.2</ele><time>2024-03-21T13:55:38Z</time></trkpt>
      <trkpt lat="44.2021425" lon="7.202222"><ele>2469.0</ele><time>2024-03-21T13:56:53Z</time></trkpt>
      <trkpt lat="44.2021815" lon="7.2017171"><ele>2468.4</ele><time>2024-03-21T13:57:53Z</time></trkpt>
      <trkpt lat="44.2021147" lon="7.2015036"><ele>2472.9</ele><time>2024-03-21T13:58:33Z</time></trkpt>
      <trkpt lat="44.2025132" lon="7.2017406"><ele>2490.3</ele><time>2024-03-21T14:06:46Z</time></trkpt>
      <trkpt lat="44.2025081" lon="7.2014487"><ele>2486.8</ele><time>2024-03-21T14:07:21Z</time></trkpt>
      <trkpt lat="44.2023255" lon="7.2012083"><ele>2496.9</ele><time>2024-03-21T14:08:46Z</time></trkpt>
      <trkpt lat="44.2021946" lon="7.2011574"><ele>2501.5</ele><time>2024-03-21T14:09:36Z</time></trkpt>
      <trkpt lat="44.2026939" lon="7.2012017"><ele>2510.1</ele><time>2024-03-21T14:11:01Z</time></trkpt>
      <trkpt lat="44.2028921" lon="7.2015272"><ele>2522.5</ele><time>2024-03-21T14:13:17Z</time></trkpt>
      <trkpt lat="44.2029304" lon="7.2014"><ele>2520.4</ele><time>2024-03-21T14:13:52Z</time></trkpt>
      <trkpt lat="44.2029016" lon="7.2009422"><ele>2527.8</ele><time>2024-03-21T14:14:57Z</time></trkpt>
      <trkpt lat="44.2031203" lon="7.2008161"><ele>2518.5</ele><time>2024-03-21T14:30:44Z</time></trkpt>
      <trkpt lat="44.203475" lon="7.2004232"><ele>2515.3</ele><time>2024-03-21T14:30:49Z</time></trkpt>
      <trkpt lat="44.203701" lon="7.2006967"><ele>2509.1</ele><time>2024-03-21T14:30:54Z</time></trkpt>
      <trkpt lat="44.203996" lon="7.2008501"><ele>2503.6</ele><time>2024-03-21T14:30:59Z</time></trkpt>
      <trkpt lat="44.2041657" lon="7.2007481"><ele>2498.9</ele><time>2024-03-21T14:31:04Z</time></trkpt>
      <trkpt lat="44.204335" lon="7.1992296"><ele>2441.4</ele><time>2024-03-21T14:33:34Z</time></trkpt>
      <trkpt lat="44.2047156" lon="7.1980753"><ele>2391.1</ele><time>2024-03-21T14:33:44Z</time></trkpt>
      <trkpt lat="44.2054729" lon="7.1971905"><ele>2355.1</ele><time>2024-03-21T14:33:54Z</time></trkpt>
      <trkpt lat="44.2056328" lon="7.1964855"><ele>2346.6</ele><time>2024-03-21T14:33:59Z</time></trkpt>
      <trkpt lat="44.2058509" lon="7.1960277"><ele>2341.6</ele><time>2024-03-21T14:34:04Z</time></trkpt>
      <trkpt lat="44.2059935" lon="7.195055"><ele>2321.8</ele><time>2024-03-21T14:36:29Z</time></trkpt>
      <trkpt lat="44.2064105" lon="7.194246"><ele>2269.7</ele><time>2024-03-21T14:36:44Z</time></trkpt>
      <trkpt lat="44.2067261" lon="7.1938067"><ele>2241.0</ele><time>2024-03-21T14:36:49Z</time></trkpt>
      <trkpt lat="44.207163" lon="7.1935514"><ele>2229.1</ele><time>2024-03-21T14:36:54Z</time></trkpt>
      <trkpt lat="44.207706" lon="7.1913865"><ele>2180.4</ele><time>2024-03-21T14:37:09Z</time></trkpt>
      <trkpt lat="44.2079222" lon="7.1907456"><ele>2172.4</ele><time>2024-03-21T14:37:14Z</time></trkpt>
      <trkpt lat="44.208004" lon="7.1902134"><ele>2172.8</ele><time>2024-03-21T14:37:24Z</time></trkpt>
      <trkpt lat="44.2082524" lon="7.1899244"><ele>2157.4</ele><time>2024-03-21T14:40:30Z</time></trkpt>
      <trkpt lat="44.2088395" lon="7.1889427"><ele>2131.6</ele><time>2024-03-21T14:40:40Z</time></trkpt>
      <trkpt lat="44.2088456" lon="7.1888228"><ele>2128.8</ele><time>2024-03-21T14:40:45Z</time></trkpt>
      <trkpt lat="44.2092212" lon="7.1888702"><ele>2116.9</ele><time>2024-03-21T14:40:50Z</time></trkpt>
      <trkpt lat="44.209464" lon="7.188454"><ele>2085.3</ele><time>2024-03-21T14:40:55Z</time></trkpt>
      <trkpt lat="44.2099002" lon="7.1879158"><ele>2058.5</ele><time>2024-03-21T14:41:00Z</time></trkpt>
      <trkpt lat="44.2102871" lon="7.1872618"><ele>2033.6</ele><time>2024-03-21T14:41:05Z</time></trkpt>
      <trkpt lat="44.2106988" lon="7.1859331"><ele>2008.0</ele><time>2024-03-21T14:41:35Z</time></trkpt>
      <trkpt lat="44.2115331" lon="7.186023"><ele>1992.1</ele><time>2024-03-21T14:43:20Z</time></trkpt>
      <trkpt lat="44.2117012" lon="7.1861319"><ele>1991.4</ele><time>2024-03-21T14:43:35Z</time></trkpt>
      <trkpt lat="44.2120106" lon="7.186124"><ele>1986.1</ele><time>2024-03-21T14:44:50Z</time></trkpt>
      <trkpt lat="44.212414" lon="7.1862656"><ele>1981.9</ele><time>2024-03-21T14:44:55Z</time></trkpt>
      <trkpt lat="44.2130215" lon="7.1867298"><ele>1963.8</ele><time>2024-03-21T14:45:10Z</time></trkpt>
      <trkpt lat="44.2132142" lon="7.1867985"><ele>1957.5</ele><time>2024-03-21T14:45:15Z</time></trkpt>
      <trkpt lat="44.2140867" lon="7.1868361"><ele>1937.9</ele><time>2024-03-21T14:45:35Z</time></trkpt>
      <trkpt lat="44.2143936" lon="7.1866921"><ele>1926.6</ele><time>2024-03-21T14:46:40Z</time></trkpt>
      <trkpt lat="44.2146037" lon="7.1867927"><ele>1920.1</ele><time>2024-03-21T14:46:50Z</time></trkpt>
      <trkpt lat="44.2147948" lon="7.1866478"><ele>1907.1</ele><time>2024-03-21T14:46:55Z</time></trkpt>
      <trkpt lat="44.214898" lon="7.1859776"><ele>1897.0</ele><time>2024-03-21T14:47:05Z</time></trkpt>
      <trkpt lat="44.2153947" lon="7.1854589"><ele>1881.7</ele><time>2024-03-21T14:47:20Z</time></trkpt>
      <trkpt lat="44.2157526" lon="7.185385"><ele>1871.5</ele><time>2024-03-21T14:47:30Z</time></trkpt>
      <trkpt lat="44.2160645" lon="7.1850628"><ele>1860.0</ele><time>2024-03-21T14:47:40Z</time></trkpt>
      <trkpt lat="44.2172943" lon="7.1846023"><ele>1824.9</ele><time>2024-03-21T15:03:21Z</time></trkpt>
      <trkpt lat="44.2174015" lon="7.1844685"><ele>1826.8</ele><time>2024-03-21T15:03:36Z</time></trkpt>
      <trkpt lat="44.2180154" lon="7.1841578"><ele>1832.6</ele><time>2024-03-21T15:04:46Z</time></trkpt>
      <trkpt lat="44.2185426" lon="7.1840888"><ele>1833.7</ele><time>2024-03-21T15:05:32Z</time></trkpt>
      <trkpt lat="44.2188708" lon="7.1842026"><ele>1828.0</ele><time>2024-03-21T15:05:57Z</time></trkpt>
      <trkpt lat="44.2198728" lon="7.1841649"><ele>1845.8</ele><time>2024-03-21T15:07:52Z</time></trkpt>
      <trkpt lat="44.2200832" lon="7.1842522"><ele>1842.1</ele><time>2024-03-21T15:08:18Z</time></trkpt>
      <trkpt lat="44.21991" lon="7.1845593"><ele>1842.3</ele><time>2024-03-21T15:08:48Z</time></trkpt>
      <trkpt lat="44.2200746" lon="7.1846802"><ele>1842.6</ele><time>2024-03-21T15:09:13Z</time></trkpt>
      <trkpt lat="44.2202136" lon="7.1846246"><ele>1843.3</ele><time>2024-03-21T15:09:33Z</time></trkpt>
      <trkpt lat="44.220198" lon="7.1845333"><ele>1842.0</ele><time>2024-03-21T15:11:58Z</time></trkpt>
      <trkpt lat="44.2199719" lon="7.1845916"><ele>1805.6</ele><time>2024-03-22T06:00:27Z</time></trkpt>
      <trkpt lat="44.2200939" lon="7.1845906"><ele>1839.4</ele><time>2024-03-22T06:00:29Z</time></trkpt>
      <trkpt lat="44.2204129" lon="7.1843568"><ele>1840.6</ele><time>2024-03-22T06:07:59Z</time></trkpt>
      <trkpt lat="44.2203693" lon="7.1841767"><ele>1837.8</ele><time>2024-03-22T06:08:04Z</time></trkpt>
      <trkpt lat="44.2204507" lon="7.1840419"><ele>1835.2</ele><time>2024-03-22T06:08:19Z</time></trkpt>
      <trkpt lat="44.2210679" lon="7.1835118"><ele>1828.4</ele><time>2024-03-22T06:08:34Z</time></trkpt>
      <trkpt lat="44.2212492" lon="7.1834887"><ele>1823.7</ele><time>2024-03-22T06:08:39Z</time></trkpt>
      <trkpt lat="44.2215575" lon="7.1831268"><ele>1813.7</ele><time>2024-03-22T06:08:49Z</time></trkpt>
      <trkpt lat="44.2220345" lon="7.1832972"><ele>1798.3</ele><time>2024-03-22T06:08:59Z</time></trkpt>
      <trkpt lat="44.2222673" lon="7.1832356"><ele>1793.1</ele><time>2024-03-22T06:09:03Z</time></trkpt>
      <trkpt lat="44.2225181" lon="7.1829413"><ele>1788.4</ele><time>2024-03-22T06:09:19Z</time></trkpt>
      <trkpt lat="44.2225694" lon="7.1831972"><ele>1780.8</ele><time>2024-03-22T06:10:24Z</time></trkpt>
      <trkpt lat="44.2227732" lon="7.1832185"><ele>1773.8</ele><time>2024-03-22T06:10:29Z</time></trkpt>
      <trkpt lat="44.2230056" lon="7.1833603"><ele>1770.2</ele><time>2024-03-22T06:10:34Z</time></trkpt>
      <trkpt lat="44.2232134" lon="7.183253"><ele>1768.2</ele><time>2024-03-22T06:10:39Z</time></trkpt>
      <trkpt lat="44.2234183" lon="7.183384"><ele>1763.9</ele><time>2024-03-22T06:10:44Z</time></trkpt>
      <trkpt lat="44.2239414" lon="7.1833264"><ele>1752.8</ele><time>2024-03-22T06:10:54Z</time></trkpt>
      <trkpt lat="44.2240401" lon="7.1831867"><ele>1749.3</ele><time>2024-03-22T06:10:59Z</time></trkpt>
      <trkpt lat="44.2244787" lon="7.183111"><ele>1745.8</ele><time>2024-03-22T06:11:09Z</time></trkpt>
      <trkpt lat="44.2247373" lon="7.1831246"><ele>1746.6</ele><time>2024-03-22T06:11:24Z</time></trkpt>
      <trkpt lat="44.2251188" lon="7.1833121"><ele>1741.7</ele><time>2024-03-22T06:11:34Z</time></trkpt>
      <trkpt lat="44.2259668" lon="7.1827992"><ele>1731.5</ele><time>2024-03-22T06:12:04Z</time></trkpt>
      <trkpt lat="44.2262323" lon="7.182518"><ele>1730.2</ele><time>2024-03-22T06:14:14Z</time></trkpt>
      <trkpt lat="44.2273175" lon="7.1822896"><ele>1721.0</ele><time>2024-03-22T06:14:44Z</time></trkpt>
      <trkpt lat="44.2277417" lon="7.1823821"><ele>1717.0</ele><time>2024-03-22T06:14:54Z</time></trkpt>
      <trkpt lat="44.2282516" lon="7.1820013"><ele>1712.9</ele><time>2024-03-22T06:15:04Z</time></trkpt>
      <trkpt lat="44.2287943" lon="7.1817964"><ele>1708.6</ele><time>2024-03-22T06:15:14Z</time></trkpt>
      <trkpt lat="44.2290476" lon="7.18182"><ele>1707.6</ele><time>2024-03-22T06:15:19Z</time></trkpt>
      <trkpt lat="44.2298716" lon="7.1813538"><ele>1695.6</ele><time>2024-03-22T06:15:34Z</time></trkpt>
      <trkpt lat="44.2314737" lon="7.1810095"><ele>1689.2</ele><time>2024-03-22T06:16:14Z</time></trkpt>
      <trkpt lat="44.2320094" lon="7.1806355"><ele>1681.0</ele><time>2024-03-22T06:16:34Z</time></trkpt>
      <trkpt lat="44.2329842" lon="7.180186"><ele>1671.6</ele><time>2024-03-22T06:16:54Z</time></trkpt>
      <trkpt lat="44.2332904" lon="7.1799549"><ele>1671.2</ele><time>2024-03-22T06:17:14Z</time></trkpt>
      <trkpt lat="44.2334948" lon="7.1798691"><ele>1669.4</ele><time>2024-03-22T06:17:49Z</time></trkpt>
      <trkpt lat="44.233882" lon="7.1798954"><ele>1668.0</ele><time>2024-03-22T06:18:04Z</time></trkpt>
      <trkpt lat="44.2341024" lon="7.1796662"><ele>1664.4</ele><time>2024-03-22T06:18:09Z</time></trkpt>
      <trkpt lat="44.2341395" lon="7.1791603"><ele>1663.0</ele><time>2024-03-22T06:18:14Z</time></trkpt>
      <trkpt lat="44.2343137" lon="7.1787711"><ele>1655.7</ele><time>2024-03-22T06:18:19Z</time></trkpt>
      <trkpt lat="44.234526" lon="7.1785747"><ele>1652.6</ele><time>2024-03-22T06:18:24Z</time></trkpt>
      <trkpt lat="44.234764" lon="7.1784755"><ele>1649.1</ele><time>2024-03-22T06:18:29Z</time></trkpt>
      <trkpt lat="44.2350309" lon="7.1781825"><ele>1642.6</ele><time>2024-03-22T06:18:34Z</time></trkpt>
      <trkpt lat="44.2350119" lon="7.1780607"><ele>1643.5</ele><time>2024-03-22T06:18:44Z</time></trkpt>
      <trkpt lat="44.2349572" lon="7.1781444"><ele>1647.8</ele><time>2024-03-22T06:23:24Z</time></trkpt>
      <trkpt lat="44.2348715" lon="7.1781126"><ele>1649.5</ele><time>2024-03-22T06:23:54Z</time></trkpt>
      <trkpt lat="44.2349712" lon="7.1782345"><ele>1650.9</ele><time>2024-03-22T06:28:49Z</time></trkpt>
      <trkpt lat="44.2349874" lon="7.1780892"><ele>1639.6</ele><time>2024-03-22T06:29:09Z</time></trkpt>
      <trkpt lat="44.2350511" lon="7.178064"><ele>1638.3</ele><time>2024-03-22T06:30:53Z</time></trkpt>
      <trkpt lat="44.2350145" lon="7.1781684"><ele>1633.2</ele><time>2024-03-22T06:43:34Z</time></trkpt>
      <trkpt lat="44.2349367" lon="7.1781874"><ele>1638.6</ele><time>2024-03-22T06:43:44Z</time></trkpt>
      <trkpt lat="44.2348676" lon="7.1780899"><ele>1638.6</ele><time>2024-03-22T06:43:59Z</time></trkpt>
      <trkpt lat="44.2348096" lon="7.1777739"><ele>1640.2</ele><time>2024-03-22T06:44:24Z</time></trkpt>
      <trkpt lat="44.2348384" lon="7.1774682"><ele>1643.9</ele><time>2024-03-22T06:44:54Z</time></trkpt>
      <trkpt lat="44.234734" lon="7.1770551"><ele>1649.9</ele><time>2024-03-22T06:45:29Z</time></trkpt>
      <trkpt lat="44.2346198" lon="7.1769862"><ele>1653.2</ele><time>2024-03-22T06:45:44Z</time></trkpt>
      <trkpt lat="44.2345527" lon="7.1770335"><ele>1657.4</ele><time>2024-03-22T06:45:54Z</time></trkpt>
      <trkpt lat="44.2343782" lon="7.1768051"><ele>1666.7</ele><time>2024-03-22T06:47:04Z</time></trkpt>
      <trkpt lat="44.2341556" lon="7.1768025"><ele>1674.4</ele><time>2024-03-22T06:47:39Z</time></trkpt>
      <trkpt lat="44.2340308" lon="7.1766863"><ele>1677.6</ele><time>2024-03-22T06:48:29Z</time></trkpt>
      <trkpt lat="44.2339759" lon="7.1765098"><ele>1680.7</ele><time>2024-03-22T06:48:49Z</time></trkpt>
      <trkpt lat="44.2338977" lon="7.1765586"><ele>1680.9</ele><time>2024-03-22T06:49:04Z</time></trkpt>
      <trkpt lat="44.2339127" lon="7.1764184"><ele>1680.6</ele><time>2024-03-22T06:49:19Z</time></trkpt>
      <trkpt lat="44.2338047" lon="7.176442"><ele>1685.8</ele><time>2024-03-22T06:49:34Z</time></trkpt>
      <trkpt lat="44.23375" lon="7.1763026"><ele>1690.4</ele><time>2024-03-22T06:50:04Z</time></trkpt>
      <trkpt lat="44.2337732" lon="7.176171"><ele>1694.7</ele><time>2024-03-22T06:50:19Z</time></trkpt>
      <trkpt lat="44.233651" lon="7.1760812"><ele>1699.8</ele><time>2024-03-22T06:51:14Z</time></trkpt>
      <trkpt lat="44.2336906" lon="7.1759253"><ele>1697.3</ele><time>2024-03-22T06:51:39Z</time></trkpt>
      <trkpt lat="44.2334825" lon="7.1762448"><ele>1704.3</ele><time>2024-03-22T06:52:09Z</time></trkpt>
      <trkpt lat="44.2335202" lon="7.1766465"><ele>1712.0</ele><time>2024-03-22T06:53:19Z</time></trkpt>
      <trkpt lat="44.2334292" lon="7.1765662"><ele>1712.2</ele><time>2024-03-22T06:53:44Z</time></trkpt>
      <trkpt lat="44.2333841" lon="7.1763943"><ele>1714.3</ele><time>2024-03-22T06:54:04Z</time></trkpt>
      <trkpt lat="44.2332836" lon="7.1763737"><ele>1720.9</ele><time>2024-03-22T06:54:24Z</time></trkpt>
      <trkpt lat="44.2332678" lon="7.1762322"><ele>1721.7</ele><time>2024-03-22T06:54:44Z</time></trkpt>
      <trkpt lat="44.2331466" lon="7.1763561"><ele>1723.4</ele><time>2024-03-22T06:55:14Z</time></trkpt>
      <trkpt lat="44.2329866" lon="7.1758734"><ele>1733.1</ele><time>2024-03-22T06:56:09Z</time></trkpt>
      <trkpt lat="44.2330794" lon="7.1751619"><ele>1739.8</ele><time>2024-03-22T06:57:39Z</time></trkpt>
      <trkpt lat="44.2330476" lon="7.175002"><ele>1737.5</ele><time>2024-03-22T06:58:04Z</time></trkpt>
      <trkpt lat="44.2327094" lon="7.1743177"><ele>1764.0</ele><time>2024-03-22T06:59:54Z</time></trkpt>
      <trkpt lat="44.2324226" lon="7.1739038"><ele>1773.4</ele><time>2024-03-22T07:01:19Z</time></trkpt>
      <trkpt lat="44.2320615" lon="7.1743054"><ele>1787.7</ele><time>2024-03-22T07:37:48Z</time></trkpt>
      <trkpt lat="44.2320426" lon="7.1740946"><ele>1789.7</ele><time>2024-03-22T07:38:08Z</time></trkpt>
      <trkpt lat="44.2319406" lon="7.1740479"><ele>1796.7</ele><time>2024-03-22T07:38:38Z</time></trkpt>
      <trkpt lat="44.2319102" lon="7.1738428"><ele>1797.5</ele><time>2024-03-22T07:38:53Z</time></trkpt>
      <trkpt lat="44.2317942" lon="7.174067"><ele>1804.0</ele><time>2024-03-22T07:39:18Z</time></trkpt>
      <trkpt lat="44.231771" lon="7.1738739"><ele>1806.2</ele><time>2024-03-22T07:39:33Z</time></trkpt>
      <trkpt lat="44.2316416" lon="7.1738752"><ele>1813.2</ele><time>2024-03-22T07:40:08Z</time></trkpt>
      <trkpt lat="44.2314845" lon="7.1742121"><ele>1826.8</ele><time>2024-03-22T07:40:43Z</time></trkpt>
      <trkpt lat="44.2314331" lon="7.1740653"><ele>1829.1</ele><time>2024-03-22T07:41:03Z</time></trkpt>
      <trkpt lat="44.231132" lon="7.1741598"><ele>1844.7</ele><time>2024-03-22T07:42:38Z</time></trkpt>
      <trkpt lat="44.2311272" lon="7.1736048"><ele>1855.3</ele><time>2024-03-22T07:43:28Z</time></trkpt>
      <trkpt lat="44.231042" lon="7.1736075"><ele>1859.0</ele><time>2024-03-22T07:43:58Z</time></trkpt>
      <trkpt lat="44.231013" lon="7.1733674"><ele>1867.1</ele><time>2024-03-22T07:44:28Z</time></trkpt>
      <trkpt lat="44.2311178" lon="7.1729308"><ele>1875.8</ele><time>2024-03-22T07:45:13Z</time></trkpt>
      <trkpt lat="44.2310431" lon="7.1729451"><ele>1880.4</ele><time>2024-03-22T07:45:33Z</time></trkpt>
      <trkpt lat="44.2309482" lon="7.1728148"><ele>1891.6</ele><time>2024-03-22T07:46:58Z</time></trkpt>
      <trkpt lat="44.2307457" lon="7.1729931"><ele>1901.2</ele><time>2024-03-22T07:47:53Z</time></trkpt>
      <trkpt lat="44.2307939" lon="7.1727727"><ele>1905.8</ele><time>2024-03-22T07:48:33Z</time></trkpt>
      <trkpt lat="44.2305652" lon="7.1719302"><ele>1899.4</ele><time>2024-03-22T07:50:18Z</time></trkpt>
      <trkpt lat="44.2305951" lon="7.17114"><ele>1891.7</ele><time>2024-03-22T07:56:19Z</time></trkpt>
      <trkpt lat="44.2305237" lon="7.1709554"><ele>1896.3</ele><time>2024-03-22T07:57:04Z</time></trkpt>
      <trkpt lat="44.2303231" lon="7.170763"><ele>1901.0</ele><time>2024-03-22T07:58:04Z</time></trkpt>
      <trkpt lat="44.2303611" lon="7.1703812"><ele>1901.9</ele><time>2024-03-22T07:59:29Z</time></trkpt>
      <trkpt lat="44.2304643" lon="7.1701698"><ele>1903.4</ele><time>2024-03-22T08:00:04Z</time></trkpt>
      <trkpt lat="44.2304034" lon="7.1699257"><ele>1908.6</ele><time>2024-03-22T08:00:44Z</time></trkpt>
      <trkpt lat="44.2301767" lon="7.1695871"><ele>1917.2</ele><time>2024-03-22T08:01:54Z</time></trkpt>
      <trkpt lat="44.2299527" lon="7.1681867"><ele>1942.6</ele><time>2024-03-22T08:05:24Z</time></trkpt>
      <trkpt lat="44.2296633" lon="7.1677251"><ele>1952.6</ele><time>2024-03-22T08:06:29Z</time></trkpt>
      <trkpt lat="44.2294787" lon="7.1676883"><ele>1956.6</ele><time>2024-03-22T08:06:54Z</time></trkpt>
      <trkpt lat="44.2291552" lon="7.1677849"><ele>1968.4</ele><time>2024-03-22T08:07:49Z</time></trkpt>
      <trkpt lat="44.2288827" lon="7.1674221"><ele>1982.1</ele><time>2024-03-22T08:08:49Z</time></trkpt>
      <trkpt lat="44.2288037" lon="7.167407"><ele>1984.5</ele><time>2024-03-22T08:09:04Z</time></trkpt>
      <trkpt lat="44.2285309" lon="7.1669328"><ele>2000.8</ele><time>2024-03-22T08:10:39Z</time></trkpt>
      <trkpt lat="44.2285014" lon="7.1666958"><ele>2008.7</ele><time>2024-03-22T08:11:14Z</time></trkpt>
      <trkpt lat="44.2286051" lon="7.1663736"><ele>2017.1</ele><time>2024-03-22T08:11:54Z</time></trkpt>
      <trkpt lat="44.2285896" lon="7.1657539"><ele>2018.7</ele><time>2024-03-22T08:13:59Z</time></trkpt>
      <trkpt lat="44.2284472" lon="7.1657391"><ele>2024.1</ele><time>2024-03-22T08:14:29Z</time></trkpt>
      <trkpt lat="44.2282313" lon="7.1653241"><ele>2033.3</ele><time>2024-03-22T08:16:12Z</time></trkpt>
      <trkpt lat="44.2279372" lon="7.1641635"><ele>2067.7</ele><time>2024-03-22T08:19:22Z</time></trkpt>
      <trkpt lat="44.2280077" lon="7.1640111"><ele>2073.2</ele><time>2024-03-22T08:19:42Z</time></trkpt>
      <trkpt lat="44.2281598" lon="7.1639999"><ele>2078.3</ele><time>2024-03-22T08:20:07Z</time></trkpt>
      <trkpt lat="44.2283427" lon="7.1636857"><ele>2080.3</ele><time>2024-03-22T08:26:27Z</time></trkpt>
      <trkpt lat="44.2283567" lon="7.163148"><ele>2087.6</ele><time>2024-03-22T08:27:37Z</time></trkpt>
      <trkpt lat="44.2284512" lon="7.1629327"><ele>2088.6</ele><time>2024-03-22T08:27:57Z</time></trkpt>
      <trkpt lat="44.2287462" lon="7.1628646"><ele>2096.8</ele><time>2024-03-22T08:28:37Z</time></trkpt>
      <trkpt lat="44.2289088" lon="7.162933"><ele>2099.5</ele><time>2024-03-22T08:29:11Z</time></trkpt>
      <trkpt lat="44.2292646" lon="7.1626772"><ele>2114.4</ele><time>2024-03-22T08:30:12Z</time></trkpt>
      <trkpt lat="44.2297147" lon="7.1619432"><ele>2123.5</ele><time>2024-03-22T08:31:57Z</time></trkpt>
      <trkpt lat="44.2306099" lon="7.1610145"><ele>2126.8</ele><time>2024-03-22T08:33:52Z</time></trkpt>
      <trkpt lat="44.2310946" lon="7.1601113"><ele>2123.5</ele><time>2024-03-22T08:35:07Z</time></trkpt>
      <trkpt lat="44.2320128" lon="7.1592072"><ele>2130.6</ele><time>2024-03-22T08:37:07Z</time></trkpt>
      <trkpt lat="44.2323902" lon="7.1582872"><ele>2141.7</ele><time>2024-03-22T08:39:52Z</time></trkpt>
      <trkpt lat="44.2325902" lon="7.1581398"><ele>2146.1</ele><time>2024-03-22T08:40:22Z</time></trkpt>
      <trkpt lat="44.2328933" lon="7.1581478"><ele>2153.2</ele><time>2024-03-22T08:41:07Z</time></trkpt>
      <trkpt lat="44.2327677" lon="7.1577033"><ele>2161.0</ele><time>2024-03-22T08:41:57Z</time></trkpt>
      <trkpt lat="44.2331616" lon="7.1576952"><ele>2171.2</ele><time>2024-03-22T08:42:52Z</time></trkpt>
      <trkpt lat="44.2329061" lon="7.157129"><ele>2183.7</ele><time>2024-03-22T08:43:57Z</time></trkpt>
      <trkpt lat="44.2334332" lon="7.1571796"><ele>2198.7</ele><time>2024-03-22T08:45:17Z</time></trkpt>
      <trkpt lat="44.2328776" lon="7.1564005"><ele>2219.5</ele><time>2024-03-22T08:48:12Z</time></trkpt>
      <trkpt lat="44.2332941" lon="7.1564002"><ele>2227.6</ele><time>2024-03-22T08:49:22Z</time></trkpt>
      <trkpt lat="44.2328653" lon="7.1558235"><ele>2237.5</ele><time>2024-03-22T08:50:52Z</time></trkpt>
      <trkpt lat="44.2325666" lon="7.1555628"><ele>2246.0</ele><time>2024-03-22T08:51:37Z</time></trkpt>
      <trkpt lat="44.2315538" lon="7.1553495"><ele>2266.7</ele><time>2024-03-22T08:54:47Z</time></trkpt>
      <trkpt lat="44.2316989" lon="7.1548333"><ele>2278.2</ele><time>2024-03-22T08:55:47Z</time></trkpt>
      <trkpt lat="44.2313343" lon="7.1547832"><ele>2286.4</ele><time>2024-03-22T08:56:37Z</time></trkpt>
      <trkpt lat="44.2314989" lon="7.1545343"><ele>2293.9</ele><time>2024-03-22T08:57:12Z</time></trkpt>
      <trkpt lat="44.2314199" lon="7.1543967"><ele>2299.2</ele><time>2024-03-22T08:57:52Z</time></trkpt>
      <trkpt lat="44.2315865" lon="7.1541752"><ele>2304.5</ele><time>2024-03-22T08:58:22Z</time></trkpt>
      <trkpt lat="44.2313928" lon="7.15415"><ele>2309.9</ele><time>2024-03-22T08:58:47Z</time></trkpt>
      <trkpt lat="44.2312311" lon="7.1542805"><ele>2310.6</ele><time>2024-03-22T08:59:27Z</time></trkpt>
      <trkpt lat="44.2313148" lon="7.1539986"><ele>2317.5</ele><time>2024-03-22T09:00:07Z</time></trkpt>
      <trkpt lat="44.2315462" lon="7.1538026"><ele>2324.4</ele><time>2024-03-22T09:00:52Z</time></trkpt>
      <trkpt lat="44.2313598" lon="7.1537398"><ele>2329.5</ele><time>2024-03-22T09:01:57Z</time></trkpt>
      <trkpt lat="44.2312596" lon="7.1535938"><ele>2333.5</ele><time>2024-03-22T09:02:27Z</time></trkpt>
      <trkpt lat="44.2314447" lon="7.1530611"><ele>2344.3</ele><time>2024-03-22T09:03:47Z</time></trkpt>
      <trkpt lat="44.231492" lon="7.1526116"><ele>2349.9</ele><time>2024-03-22T09:04:57Z</time></trkpt>
      <trkpt lat="44.2316579" lon="7.1525257"><ele>2352.9</ele><time>2024-03-22T09:17:27Z</time></trkpt>
      <trkpt lat="44.231775" lon="7.1522773"><ele>2345.3</ele><time>2024-03-22T09:17:37Z</time></trkpt>
      <trkpt lat="44.2317825" lon="7.151579"><ele>2345.4</ele><time>2024-03-22T09:18:12Z</time></trkpt>
      <trkpt lat="44.2316868" lon="7.150975"><ele>2344.3</ele><time>2024-03-22T09:18:47Z</time></trkpt>
      <trkpt lat="44.231382" lon="7.1502721"><ele>2348.8</ele><time>2024-03-22T09:19:52Z</time></trkpt>
      <trkpt lat="44.2312529" lon="7.1494018"><ele>2359.8</ele><time>2024-03-22T09:21:02Z</time></trkpt>
      <trkpt lat="44.2309633" lon="7.1485141"><ele>2371.3</ele><time>2024-03-22T09:22:12Z</time></trkpt>
      <trkpt lat="44.2312465" lon="7.1483782"><ele>2379.8</ele><time>2024-03-22T09:22:52Z</time></trkpt>
      <trkpt lat="44.2312408" lon="7.1483183"><ele>2380.9</ele><time>2024-03-22T09:22:57Z</time></trkpt>
      <trkpt lat="44.2305793" lon="7.1477807"><ele>2399.0</ele><time>2024-03-22T09:24:22Z</time></trkpt>
      <trkpt lat="44.230759" lon="7.1476584"><ele>2402.5</ele><time>2024-03-22T09:24:52Z</time></trkpt>
      <trkpt lat="44.2304057" lon="7.1475225"><ele>2409.1</ele><time>2024-03-22T09:25:32Z</time></trkpt>
      <trkpt lat="44.2307016" lon="7.1471969"><ele>2416.6</ele><time>2024-03-22T09:26:17Z</time></trkpt>
      <trkpt lat="44.2303325" lon="7.1469114"><ele>2427.8</ele><time>2024-03-22T09:27:07Z</time></trkpt>
      <trkpt lat="44.230426" lon="7.1467682"><ele>2428.4</ele><time>2024-03-22T09:27:47Z</time></trkpt>
      <trkpt lat="44.2304676" lon="7.146042"><ele>2432.5</ele><time>2024-03-22T09:28:32Z</time></trkpt>
      <trkpt lat="44.230356" lon="7.1449774"><ele>2440.7</ele><time>2024-03-22T09:29:37Z</time></trkpt>
      <trkpt lat="44.2304056" lon="7.1448664"><ele>2444.1</ele><time>2024-03-22T09:29:47Z</time></trkpt>
      <trkpt lat="44.2306391" lon="7.1448234"><ele>2449.8</ele><time>2024-03-22T09:30:12Z</time></trkpt>
      <trkpt lat="44.230613" lon="7.1446708"><ele>2451.6</ele><time>2024-03-22T09:30:22Z</time></trkpt>
      <trkpt lat="44.2304755" lon="7.1445524"><ele>2455.3</ele><time>2024-03-22T09:30:37Z</time></trkpt>
      <trkpt lat="44.2302694" lon="7.1440451"><ele>2462.7</ele><time>2024-03-22T09:31:22Z</time></trkpt>
      <trkpt lat="44.2299013" lon="7.1437013"><ele>2467.1</ele><time>2024-03-22T09:32:07Z</time></trkpt>
      <trkpt lat="44.2303517" lon="7.1432911"><ele>2481.8</ele><time>2024-03-22T09:33:17Z</time></trkpt>
      <trkpt lat="44.229874" lon="7.1429808"><ele>2490.1</ele><time>2024-03-22T09:34:07Z</time></trkpt>
      <trkpt lat="44.2306762" lon="7.1423472"><ele>2517.7</ele><time>2024-03-22T09:35:47Z</time></trkpt>
      <trkpt lat="44.2304201" lon="7.1421957"><ele>2520.4</ele><time>2024-03-22T09:36:12Z</time></trkpt>
      <trkpt lat="44.2301342" lon="7.142181"><ele>2522.7</ele><time>2024-03-22T09:36:42Z</time></trkpt>
      <trkpt lat="44.2304254" lon="7.1419006"><ele>2529.7</ele><time>2024-03-22T09:37:17Z</time></trkpt>
      <trkpt lat="44.2309115" lon="7.1418976"><ele>2543.5</ele><time>2024-03-22T09:38:07Z</time></trkpt>
      <trkpt lat="44.2307779" lon="7.1416205"><ele>2544.8</ele><time>2024-03-22T09:38:32Z</time></trkpt>
      <trkpt lat="44.2308394" lon="7.141365"><ele>2549.0</ele><time>2024-03-22T09:38:57Z</time></trkpt>
      <trkpt lat="44.2313052" lon="7.1416274"><ele>2565.7</ele><time>2024-03-22T09:39:52Z</time></trkpt>
      <trkpt lat="44.2317046" lon="7.1416744"><ele>2578.3</ele><time>2024-03-22T09:40:52Z</time></trkpt>
      <trkpt lat="44.2315446" lon="7.1414207"><ele>2579.5</ele><time>2024-03-22T09:41:17Z</time></trkpt>
      <trkpt lat="44.2315597" lon="7.1411692"><ele>2582.7</ele><time>2024-03-22T09:41:42Z</time></trkpt>
      <trkpt lat="44.2314677" lon="7.1405067"><ele>2593.3</ele><time>2024-03-22T09:42:42Z</time></trkpt>
      <trkpt lat="44.2317123" lon="7.1404358"><ele>2599.8</ele><time>2024-03-22T09:45:02Z</time></trkpt>
      <trkpt lat="44.2321302" lon="7.140613"><ele>2609.7</ele><time>2024-03-22T09:45:52Z</time></trkpt>
      <trkpt lat="44.2322309" lon="7.1405018"><ele>2611.5</ele><time>2024-03-22T09:46:17Z</time></trkpt>
      <trkpt lat="44.2322627" lon="7.14015"><ele>2616.2</ele><time>2024-03-22T09:46:52Z</time></trkpt>
      <trkpt lat="44.2323245" lon="7.1401112"><ele>2617.7</ele><time>2024-03-22T09:47:02Z</time></trkpt>
      <trkpt lat="44.2327466" lon="7.1403422"><ele>2627.2</ele><time>2024-03-22T09:47:52Z</time></trkpt>
      <trkpt lat="44.2328648" lon="7.1405676"><ele>2631.4</ele><time>2024-03-22T09:48:12Z</time></trkpt>
      <trkpt lat="44.233328" lon="7.1409626"><ele>2643.2</ele><time>2024-03-22T09:49:07Z</time></trkpt>
      <trkpt lat="44.2340673" lon="7.14129"><ele>2663.9</ele><time>2024-03-22T09:50:32Z</time></trkpt>
      <trkpt lat="44.2339861" lon="7.1408705"><ele>2669.3</ele><time>2024-03-22T09:51:07Z</time></trkpt>
      <trkpt lat="44.2340335" lon="7.1408798"><ele>2670.1</ele><time>2024-03-22T09:51:12Z</time></trkpt>
      <trkpt lat="44.2346288" lon="7.1412504"><ele>2690.3</ele><time>2024-03-22T09:52:37Z</time></trkpt>
      <trkpt lat="44.2341754" lon="7.1398672"><ele>2706.3</ele><time>2024-03-22T09:54:52Z</time></trkpt>
      <trkpt lat="44.2347438" lon="7.1403689"><ele>2722.0</ele><time>2024-03-22T09:56:17Z</time></trkpt>
      <trkpt lat="44.2349898" lon="7.1405032"><ele>2731.3</ele><time>2024-03-22T09:56:57Z</time></trkpt>
      <trkpt lat="44.2352664" lon="7.1408582"><ele>2741.9</ele><time>2024-03-22T09:58:02Z</time></trkpt>
      <trkpt lat="44.2353415" lon="7.1408372"><ele>2745.8</ele><time>2024-03-22T09:58:27Z</time></trkpt>
      <trkpt lat="44.2352403" lon="7.1409633"><ele>2732.5</ele><time>2024-03-22T10:42:51Z</time></trkpt>
      <trkpt lat="44.2350663" lon="7.1408754"><ele>2728.4</ele><time>2024-03-22T10:43:26Z</time></trkpt>
      <trkpt lat="44.2347662" lon="7.1412634"><ele>2699.9</ele><time>2024-03-22T10:43:36Z</time></trkpt>
      <trkpt lat="44.234821" lon="7.1419328"><ele>2684.3</ele><time>2024-03-22T10:43:46Z</time></trkpt>
      <trkpt lat="44.2347843" lon="7.1422192"><ele>2675.8</ele><time>2024-03-22T10:43:51Z</time></trkpt>
      <trkpt lat="44.2348739" lon="7.1426395"><ele>2669.4</ele><time>2024-03-22T10:44:01Z</time></trkpt>
      <trkpt lat="44.2349391" lon="7.142641"><ele>2668.4</ele><time>2024-03-22T10:44:16Z</time></trkpt>
      <trkpt lat="44.2348548" lon="7.1426854"><ele>2665.6</ele><time>2024-03-22T10:45:26Z</time></trkpt>
      <trkpt lat="44.2347109" lon="7.1425997"><ele>2662.6</ele><time>2024-03-22T10:47:06Z</time></trkpt>
      <trkpt lat="44.2346925" lon="7.1428168"><ele>2650.8</ele><time>2024-03-22T10:47:11Z</time></trkpt>
      <trkpt lat="44.2343691" lon="7.1430161"><ele>2622.3</ele><time>2024-03-22T10:47:26Z</time></trkpt>
      <trkpt lat="44.2343303" lon="7.1431297"><ele>2614.6</ele><time>2024-03-22T10:47:31Z</time></trkpt>
      <trkpt lat="44.2343296" lon="7.1437497"><ele>2593.7</ele><time>2024-03-22T10:51:32Z</time></trkpt>
      <trkpt lat="44.2344927" lon="7.1442394"><ele>2584.9</ele><time>2024-03-22T10:51:37Z</time></trkpt>
      <trkpt lat="44.2347445" lon="7.1442152"><ele>2572.6</ele><time>2024-03-22T10:53:02Z</time></trkpt>
      <trkpt lat="44.2351042" lon="7.1439858"><ele>2570.0</ele><time>2024-03-22T10:53:07Z</time></trkpt>
      <trkpt lat="44.2355347" lon="7.1438376"><ele>2556.6</ele><time>2024-03-22T10:53:12Z</time></trkpt>
      <trkpt lat="44.2363362" lon="7.1439587"><ele>2488.9</ele><time>2024-03-22T10:53:22Z</time></trkpt>
      <trkpt lat="44.2367527" lon="7.1437282"><ele>2438.5</ele><time>2024-03-22T10:53:27Z</time></trkpt>
      <trkpt lat="44.2373817" lon="7.1435256"><ele>2418.3</ele><time>2024-03-22T10:53:32Z</time></trkpt>
      <trkpt lat="44.2372674" lon="7.1433991"><ele>2420.1</ele><time>2024-03-22T10:56:07Z</time></trkpt>
      <trkpt lat="44.237469" lon="7.1430699"><ele>2412.1</ele><time>2024-03-22T10:56:47Z</time></trkpt>
      <trkpt lat="44.2378934" lon="7.1429821"><ele>2406.4</ele><time>2024-03-22T10:56:52Z</time></trkpt>
      <trkpt lat="44.2384609" lon="7.1431941"><ele>2397.7</ele><time>2024-03-22T10:56:57Z</time></trkpt>
      <trkpt lat="44.2388267" lon="7.143062"><ele>2386.1</ele><time>2024-03-22T10:57:02Z</time></trkpt>
      <trkpt lat="44.2391029" lon="7.1428155"><ele>2370.3</ele><time>2024-03-22T10:57:07Z</time></trkpt>
      <trkpt lat="44.2394955" lon="7.1428337"><ele>2366.1</ele><time>2024-03-22T10:57:12Z</time></trkpt>
      <trkpt lat="44.2398179" lon="7.1426417"><ele>2355.6</ele><time>2024-03-22T10:57:17Z</time></trkpt>
      <trkpt lat="44.2404555" lon="7.1427515"><ele>2340.7</ele><time>2024-03-22T10:57:27Z</time></trkpt>
      <trkpt lat="44.2406776" lon="7.1425475"><ele>2314.4</ele><time>2024-03-22T10:57:32Z</time></trkpt>
      <trkpt lat="44.2410087" lon="7.1424452"><ele>2290.7</ele><time>2024-03-22T10:57:37Z</time></trkpt>
      <trkpt lat="44.2412777" lon="7.1421773"><ele>2251.6</ele><time>2024-03-22T10:59:32Z</time></trkpt>
      <trkpt lat="44.241735" lon="7.1420605"><ele>2251.2</ele><time>2024-03-22T10:59:37Z</time></trkpt>
      <trkpt lat="44.2424909" lon="7.1412073"><ele>2237.0</ele><time>2024-03-22T10:59:47Z</time></trkpt>
      <trkpt lat="44.2432746" lon="7.1409791"><ele>2229.6</ele><time>2024-03-22T10:59:52Z</time></trkpt>
      <trkpt lat="44.2440296" lon="7.1409816"><ele>2219.6</ele><time>2024-03-22T10:59:57Z</time></trkpt>
      <trkpt lat="44.2447139" lon="7.1407085"><ele>2210.9</ele><time>2024-03-22T11:00:02Z</time></trkpt>
      <trkpt lat="44.24415" lon="7.1403619"><ele>2094.9</ele><time>2024-03-22T11:03:57Z</time></trkpt>
      <trkpt lat="44.2443122" lon="7.1402212"><ele>2089.0</ele><time>2024-03-22T11:04:07Z</time></trkpt>
      <trkpt lat="44.244779" lon="7.1401172"><ele>2080.9</ele><time>2024-03-22T11:04:12Z</time></trkpt>
      <trkpt lat="44.2451839" lon="7.1401987"><ele>2075.9</ele><time>2024-03-22T11:04:17Z</time></trkpt>
      <trkpt lat="44.2459325" lon="7.1400561"><ele>2054.0</ele><time>2024-03-22T11:04:48Z</time></trkpt>
      <trkpt lat="44.2468115" lon="7.1397281"><ele>2037.6</ele><time>2024-03-22T11:04:58Z</time></trkpt>
      <trkpt lat="44.2476247" lon="7.1390685"><ele>2022.9</ele><time>2024-03-22T11:05:08Z</time></trkpt>
      <trkpt lat="44.2482592" lon="7.1386745"><ele>2008.9</ele><time>2024-03-22T11:05:23Z</time></trkpt>
      <trkpt lat="44.2484308" lon="7.138674"><ele>2006.3</ele><time>2024-03-22T11:05:33Z</time></trkpt>
      <trkpt lat="44.2490857" lon="7.1382173"><ele>1997.4</ele><time>2024-03-22T11:06:13Z</time></trkpt>
      <trkpt lat="44.2494701" lon="7.1381382"><ele>1979.5</ele><time>2024-03-22T11:06:18Z</time></trkpt>
      <trkpt lat="44.2504933" lon="7.1381637"><ele>1960.6</ele><time>2024-03-22T11:06:28Z</time></trkpt>
      <trkpt lat="44.252199" lon="7.1376269"><ele>1923.4</ele><time>2024-03-22T11:06:48Z</time></trkpt>
      <trkpt lat="44.2518977" lon="7.1375532"><ele>1873.9</ele><time>2024-03-22T11:06:58Z</time></trkpt>
      <trkpt lat="44.2521856" lon="7.1372424"><ele>1856.7</ele><time>2024-03-22T11:08:33Z</time></trkpt>
      <trkpt lat="44.2531196" lon="7.1367659"><ele>1836.9</ele><time>2024-03-22T11:08:48Z</time></trkpt>
      <trkpt lat="44.2536947" lon="7.1363685"><ele>1821.8</ele><time>2024-03-22T11:08:58Z</time></trkpt>
      <trkpt lat="44.2541001" lon="7.1363357"><ele>1811.1</ele><time>2024-03-22T11:09:03Z</time></trkpt>
      <trkpt lat="44.2552001" lon="7.135733"><ele>1782.2</ele><time>2024-03-22T11:09:18Z</time></trkpt>
      <trkpt lat="44.2565421" lon="7.1347695"><ele>1746.2</ele><time>2024-03-22T11:09:38Z</time></trkpt>
      <trkpt lat="44.2571434" lon="7.1344195"><ele>1732.5</ele><time>2024-03-22T11:09:48Z</time></trkpt>
      <trkpt lat="44.2574339" lon="7.1340133"><ele>1723.7</ele><time>2024-03-22T11:09:53Z</time></trkpt>
      <trkpt lat="44.2578266" lon="7.1338165"><ele>1713.5</ele><time>2024-03-22T11:10:38Z</time></trkpt>
      <trkpt lat="44.2582179" lon="7.1329769"><ele>1695.2</ele><time>2024-03-22T11:10:53Z</time></trkpt>
      <trkpt lat="44.2584458" lon="7.1326446"><ele>1689.4</ele><time>2024-03-22T11:10:58Z</time></trkpt>
      <trkpt lat="44.2597495" lon="7.1316208"><ele>1656.7</ele><time>2024-03-22T11:11:23Z</time></trkpt>
      <trkpt lat="44.260269" lon="7.1309683"><ele>1637.4</ele><time>2024-03-22T11:11:33Z</time></trkpt>
      <trkpt lat="44.2611242" lon="7.1301674"><ele>1605.6</ele><time>2024-03-22T11:11:48Z</time></trkpt>
      <trkpt lat="44.2611508" lon="7.1298754"><ele>1595.9</ele><time>2024-03-22T11:12:58Z</time></trkpt>
      <trkpt lat="44.261287" lon="7.1294362"><ele>1592.0</ele><time>2024-03-22T11:13:08Z</time></trkpt>
      <trkpt lat="44.2614312" lon="7.1291777"><ele>1586.6</ele><time>2024-03-22T11:13:13Z</time></trkpt>
      <trkpt lat="44.2614431" lon="7.1287519"><ele>1579.1</ele><time>2024-03-22T11:13:18Z</time></trkpt>
      <trkpt lat="44.2611167" lon="7.128401"><ele>1572.1</ele><time>2024-03-22T11:13:28Z</time></trkpt>
      <trkpt lat="44.2610193" lon="7.1276372"><ele>1563.6</ele><time>2024-03-22T11:13:43Z</time></trkpt>
      <trkpt lat="44.2608768" lon="7.1270597"><ele>1558.3</ele><time>2024-03-22T11:14:03Z</time></trkpt>
      <trkpt lat="44.260878" lon="7.1264487"><ele>1550.0</ele><time>2024-03-22T11:14:13Z</time></trkpt>
      <trkpt lat="44.2610158" lon="7.1262136"><ele>1545.2</ele><time>2024-03-22T11:14:18Z</time></trkpt>
      <trkpt lat="44.2611054" lon="7.1261886"><ele>1542.5</ele><time>2024-03-22T11:14:23Z</time></trkpt>
      <trkpt lat="44.2616184" lon="7.1265717"><ele>1532.6</ele><time>2024-03-22T11:15:23Z</time></trkpt>
      <trkpt lat="44.2620365" lon="7.127051"><ele>1530.4</ele><time>2024-03-22T11:15:48Z</time></trkpt>
      <trkpt lat="44.262481" lon="7.1272099"><ele>1524.0</ele><time>2024-03-22T11:16:08Z</time></trkpt>
      <trkpt lat="44.2629457" lon="7.1271531"><ele>1519.1</ele><time>2024-03-22T11:16:28Z</time></trkpt>
      <trkpt lat="44.2636107" lon="7.1266659"><ele>1512.0</ele><time>2024-03-22T11:17:28Z</time></trkpt>
      <trkpt lat="44.2639288" lon="7.1265939"><ele>1512.6</ele><time>2024-03-22T11:17:53Z</time></trkpt>
      <trkpt lat="44.2642467" lon="7.1266692"><ele>1512.6</ele><time>2024-03-22T11:18:13Z</time></trkpt>
      <trkpt lat="44.2666364" lon="7.128043"><ele>1491.9</ele><time>2024-03-22T11:19:59Z</time></trkpt>
      <trkpt lat="44.2671979" lon="7.1281841"><ele>1481.7</ele><time>2024-03-22T11:20:24Z</time></trkpt>
      <trkpt lat="44.2678409" lon="7.1286807"><ele>1458.1</ele><time>2024-03-22T11:20:39Z</time></trkpt>
      <trkpt lat="44.2682881" lon="7.1286875"><ele>1445.5</ele><time>2024-03-22T11:20:54Z</time></trkpt>
      <trkpt lat="44.2685275" lon="7.1287858"><ele>1441.6</ele><time>2024-03-22T11:20:59Z</time></trkpt>
      <trkpt lat="44.2693848" lon="7.1293913"><ele>1419.8</ele><time>2024-03-22T11:21:20Z</time></trkpt>
      <trkpt lat="44.2697067" lon="7.1298895"><ele>1409.9</ele><time>2024-03-22T11:21:46Z</time></trkpt>
      <trkpt lat="44.2698534" lon="7.1299707"><ele>1406.3</ele><time>2024-03-22T11:22:01Z</time></trkpt>
      <trkpt lat="44.2702199" lon="7.1304674"><ele>1401.6</ele><time>2024-03-22T11:22:31Z</time></trkpt>
      <trkpt lat="44.2705516" lon="7.1307793"><ele>1393.0</ele><time>2024-03-22T11:22:42Z</time></trkpt>
      <trkpt lat="44.270874" lon="7.1312646"><ele>1386.8</ele><time>2024-03-22T11:23:02Z</time></trkpt>
      <trkpt lat="44.2710958" lon="7.131777"><ele>1382.9</ele><time>2024-03-22T11:23:22Z</time></trkpt>
      <trkpt lat="44.2711702" lon="7.1322802"><ele>1378.6</ele><time>2024-03-22T11:23:42Z</time></trkpt>
      <trkpt lat="44.2715894" lon="7.1327714"><ele>1370.2</ele><time>2024-03-22T11:24:03Z</time></trkpt>
      <trkpt lat="44.2716268" lon="7.1331964"><ele>1371.4</ele><time>2024-03-22T11:24:18Z</time></trkpt>
      <trkpt lat="44.2719941" lon="7.1338552"><ele>1364.6</ele><time>2024-03-22T11:24:38Z</time></trkpt>
      <trkpt lat="44.2721986" lon="7.1340037"><ele>1361.9</ele><time>2024-03-22T11:24:58Z</time></trkpt>
      <trkpt lat="44.2725493" lon="7.1340406"><ele>1355.9</ele><time>2024-03-22T11:25:13Z</time></trkpt>
      <trkpt lat="44.2729262" lon="7.1343515"><ele>1346.3</ele><time>2024-03-22T11:25:23Z</time></trkpt>
      <trkpt lat="44.2737205" lon="7.1352323"><ele>1332.6</ele><time>2024-03-22T11:25:53Z</time></trkpt>
      <trkpt lat="44.2741734" lon="7.1355581"><ele>1330.1</ele><time>2024-03-22T11:26:19Z</time></trkpt>
      <trkpt lat="44.2746673" lon="7.136116"><ele>1321.4</ele><time>2024-03-22T11:26:39Z</time></trkpt>
      <trkpt lat="44.27513" lon="7.1365058"><ele>1314.1</ele><time>2024-03-22T11:26:59Z</time></trkpt>
      <trkpt lat="44.2754415" lon="7.136992"><ele>1309.4</ele><time>2024-03-22T11:27:14Z</time></trkpt>
      <trkpt lat="44.2758791" lon="7.1384403"><ele>1299.9</ele><time>2024-03-22T11:27:49Z</time></trkpt>
      <trkpt lat="44.2759691" lon="7.1385066"><ele>1297.8</ele><time>2024-03-22T11:27:54Z</time></trkpt>
      <trkpt lat="44.2759787" lon="7.1382917"><ele>1294.4</ele><time>2024-03-22T11:27:59Z</time></trkpt>
      <trkpt lat="44.2760733" lon="7.1383168"><ele>1289.5</ele><time>2024-03-22T11:28:04Z</time></trkpt>
      <trkpt lat="44.2769636" lon="7.1393616"><ele>1278.3</ele><time>2024-03-22T11:28:39Z</time></trkpt>
      <trkpt lat="44.2771622" lon="7.139689"><ele>1276.2</ele><time>2024-03-22T11:28:49Z</time></trkpt>
      <trkpt lat="44.2774471" lon="7.1404216"><ele>1270.3</ele><time>2024-03-22T11:29:14Z</time></trkpt>
      <trkpt lat="44.2780865" lon="7.1409325"><ele>1256.1</ele><time>2024-03-22T11:29:59Z</time></trkpt>
      <trkpt lat="44.2791824" lon="7.1415901"><ele>1243.9</ele><time>2024-03-22T11:31:45Z</time></trkpt>
      <trkpt lat="44.2792331" lon="7.1415438"><ele>1236.5</ele><time>2024-03-22T11:38:15Z</time></trkpt>
      <trkpt lat="44.2796253" lon="7.141648"><ele>1232.5</ele><time>2024-03-22T11:38:50Z</time></trkpt>
      <trkpt lat="44.2803996" lon="7.1419536"><ele>1224.9</ele><time>2024-03-22T11:40:00Z</time></trkpt>
      <trkpt lat="44.2810979" lon="7.142758"><ele>1219.2</ele><time>2024-03-22T11:41:20Z</time></trkpt>
      <trkpt lat="44.2815067" lon="7.1434325"><ele>1207.1</ele><time>2024-03-22T11:42:20Z</time></trkpt>
      <trkpt lat="44.2817173" lon="7.1436396"><ele>1202.4</ele><time>2024-03-22T11:42:50Z</time></trkpt>
      <trkpt lat="44.2821249" lon="7.1438762"><ele>1200.9</ele><time>2024-03-22T11:43:25Z</time></trkpt>
      <trkpt lat="44.2821742" lon="7.1437601"><ele>1199.2</ele><time>2024-03-22T11:43:46Z</time></trkpt>
      <trkpt lat="44.2821511" lon="7.1438119"><ele>1196.4</ele><time>2024-03-22T11:45:36Z</time></trkpt>
    </trkseg>
  </trk>
</gpx>
