<?xml version="1.0" encoding="UTF-8"?>
<gpx version="1.1" creator="lgrs-site (simplifié depuis l'original AlpineQuest, RDP epsilon=8m)" xmlns="http://www.topografix.com/GPX/1/1">
  <metadata>
    <desc>Version web simplifiée — source: data/gpx-sources/bernina-tour-massif-2026.original.gpx (12366 pts, AlpineQuest 30/04-03/05/2026)</desc>
  </metadata>
  <trk>
    <name>Bernina — Tour du massif</name>
    <trkseg>
      <trkpt lat="46.4119494" lon="9.9656347"><ele>2981.4</ele><time>2026-04-30T09:59:30.000Z</time></trkpt>
      <trkpt lat="46.4116728" lon="9.9655142"><ele>2981.0</ele><time>2026-04-30T10:00:50.000Z</time></trkpt>
      <trkpt lat="46.4112832" lon="9.9657635"><ele>2978.5</ele><time>2026-04-30T10:01:18.000Z</time></trkpt>
      <trkpt lat="46.4109296" lon="9.9665685"><ele>2968.3</ele><time>2026-04-30T10:01:34.000Z</time></trkpt>
      <trkpt lat="46.4108347" lon="9.9659632"><ele>2957.7</ele><time>2026-04-30T10:02:02.000Z</time></trkpt>
      <trkpt lat="46.4101744" lon="9.9658938"><ele>2942.3</ele><time>2026-04-30T10:02:14.000Z</time></trkpt>
      <trkpt lat="46.410031" lon="9.9656228"><ele>2932.9</ele><time>2026-04-30T10:02:27.000Z</time></trkpt>
      <trkpt lat="46.409756" lon="9.9657901"><ele>2921.2</ele><time>2026-04-30T10:02:37.000Z</time></trkpt>
      <trkpt lat="46.4096377" lon="9.9657072"><ele>2917.5</ele><time>2026-04-30T10:02:47.000Z</time></trkpt>
      <trkpt lat="46.4094842" lon="9.9659559"><ele>2911.2</ele><time>2026-04-30T10:02:58.000Z</time></trkpt>
      <trkpt lat="46.4089985" lon="9.966191"><ele>2896.2</ele><time>2026-04-30T10:03:11.000Z</time></trkpt>
      <trkpt lat="46.4088206" lon="9.9659713"><ele>2882.5</ele><time>2026-04-30T10:03:22.000Z</time></trkpt>
      <trkpt lat="46.4085481" lon="9.9664954"><ele>2869.6</ele><time>2026-04-30T10:03:35.000Z</time></trkpt>
      <trkpt lat="46.4078813" lon="9.9663112"><ele>2872.9</ele><time>2026-04-30T10:05:04.000Z</time></trkpt>
      <trkpt lat="46.4075281" lon="9.9664314"><ele>2871.7</ele><time>2026-04-30T10:05:20.000Z</time></trkpt>
      <trkpt lat="46.4076365" lon="9.9666184"><ele>2876.7</ele><time>2026-04-30T10:06:31.000Z</time></trkpt>
      <trkpt lat="46.4070964" lon="9.9674931"><ele>2879.6</ele><time>2026-04-30T10:08:25.000Z</time></trkpt>
      <trkpt lat="46.4065404" lon="9.966441"><ele>2834.8</ele><time>2026-04-30T10:09:20.000Z</time></trkpt>
      <trkpt lat="46.4060732" lon="9.9666165"><ele>2817.1</ele><time>2026-04-30T10:13:08.000Z</time></trkpt>
      <trkpt lat="46.4061513" lon="9.96643"><ele>2814.2</ele><time>2026-04-30T10:16:52.000Z</time></trkpt>
      <trkpt lat="46.405913" lon="9.9662235"><ele>2802.2</ele><time>2026-04-30T10:17:18.000Z</time></trkpt>
      <trkpt lat="46.4054644" lon="9.9663117"><ele>2786.9</ele><time>2026-04-30T10:17:54.000Z</time></trkpt>
      <trkpt lat="46.4055096" lon="9.9660214"><ele>2774.8</ele><time>2026-04-30T10:18:09.000Z</time></trkpt>
      <trkpt lat="46.4050666" lon="9.9657691"><ele>2752.0</ele><time>2026-04-30T10:18:26.000Z</time></trkpt>
      <trkpt lat="46.4050867" lon="9.9645602"><ele>2727.2</ele><time>2026-04-30T10:18:54.000Z</time></trkpt>
      <trkpt lat="46.4045826" lon="9.9646722"><ele>2720.8</ele><time>2026-04-30T10:30:28.000Z</time></trkpt>
      <trkpt lat="46.4040272" lon="9.9644455"><ele>2727.7</ele><time>2026-04-30T10:32:00.000Z</time></trkpt>
      <trkpt lat="46.4031246" lon="9.9632311"><ele>2742.2</ele><time>2026-04-30T10:34:56.000Z</time></trkpt>
      <trkpt lat="46.4014422" lon="9.9618872"><ele>2763.7</ele><time>2026-04-30T10:38:50.000Z</time></trkpt>
      <trkpt lat="46.3994381" lon="9.9595475"><ele>2792.4</ele><time>2026-04-30T10:44:23.000Z</time></trkpt>
      <trkpt lat="46.3983824" lon="9.9586504"><ele>2805.3</ele><time>2026-04-30T10:46:59.000Z</time></trkpt>
      <trkpt lat="46.3982155" lon="9.9569054"><ele>2834.3</ele><time>2026-04-30T10:50:21.000Z</time></trkpt>
      <trkpt lat="46.398623" lon="9.9562463"><ele>2830.2</ele><time>2026-04-30T10:51:36.000Z</time></trkpt>
      <trkpt lat="46.3986623" lon="9.9559016"><ele>2834.9</ele><time>2026-04-30T10:52:24.000Z</time></trkpt>
      <trkpt lat="46.3985408" lon="9.9555191"><ele>2841.7</ele><time>2026-04-30T10:53:11.000Z</time></trkpt>
      <trkpt lat="46.395699" lon="9.9508105"><ele>2903.7</ele><time>2026-04-30T11:03:28.000Z</time></trkpt>
      <trkpt lat="46.3938518" lon="9.9486574"><ele>2921.1</ele><time>2026-04-30T11:08:19.000Z</time></trkpt>
      <trkpt lat="46.3939408" lon="9.948058"><ele>2925.3</ele><time>2026-04-30T11:09:50.000Z</time></trkpt>
      <trkpt lat="46.393698" lon="9.9484414"><ele>2933.4</ele><time>2026-04-30T11:10:52.000Z</time></trkpt>
      <trkpt lat="46.3935849" lon="9.9479641"><ele>2946.3</ele><time>2026-04-30T11:11:58.000Z</time></trkpt>
      <trkpt lat="46.3934733" lon="9.9481952"><ele>2948.4</ele><time>2026-04-30T11:12:47.000Z</time></trkpt>
      <trkpt lat="46.3933318" lon="9.9481442"><ele>2950.4</ele><time>2026-04-30T11:13:10.000Z</time></trkpt>
      <trkpt lat="46.3933223" lon="9.9479547"><ele>2955.8</ele><time>2026-04-30T11:13:39.000Z</time></trkpt>
      <trkpt lat="46.3930102" lon="9.9479991"><ele>2965.5</ele><time>2026-04-30T11:14:46.000Z</time></trkpt>
      <trkpt lat="46.3930573" lon="9.9478085"><ele>2966.5</ele><time>2026-04-30T11:15:12.000Z</time></trkpt>
      <trkpt lat="46.3927583" lon="9.9476831"><ele>2976.3</ele><time>2026-04-30T11:16:15.000Z</time></trkpt>
      <trkpt lat="46.3925681" lon="9.9471577"><ele>2981.3</ele><time>2026-04-30T11:17:30.000Z</time></trkpt>
      <trkpt lat="46.3922526" lon="9.9470193"><ele>2988.9</ele><time>2026-04-30T11:18:45.000Z</time></trkpt>
      <trkpt lat="46.3923042" lon="9.946727"><ele>2987.8</ele><time>2026-04-30T11:19:29.000Z</time></trkpt>
      <trkpt lat="46.3921912" lon="9.9466481"><ele>2990.6</ele><time>2026-04-30T11:20:34.000Z</time></trkpt>
      <trkpt lat="46.3920219" lon="9.9458238"><ele>3005.9</ele><time>2026-04-30T11:22:16.000Z</time></trkpt>
      <trkpt lat="46.391621" lon="9.9457279"><ele>3016.9</ele><time>2026-04-30T11:23:23.000Z</time></trkpt>
      <trkpt lat="46.3913901" lon="9.9449276"><ele>3026.6</ele><time>2026-04-30T11:25:07.000Z</time></trkpt>
      <trkpt lat="46.3917871" lon="9.9444099"><ele>3032.8</ele><time>2026-04-30T11:26:26.000Z</time></trkpt>
      <trkpt lat="46.391786" lon="9.9437645"><ele>3045.6</ele><time>2026-04-30T11:27:56.000Z</time></trkpt>
      <trkpt lat="46.3921695" lon="9.9435336"><ele>3051.2</ele><time>2026-04-30T11:29:14.000Z</time></trkpt>
      <trkpt lat="46.3921267" lon="9.9432534"><ele>3057.4</ele><time>2026-04-30T11:29:54.000Z</time></trkpt>
      <trkpt lat="46.39306" lon="9.94349"><ele>3087.1</ele><time>2026-04-30T11:32:37.000Z</time></trkpt>
      <trkpt lat="46.3933438" lon="9.9438905"><ele>3101.6</ele><time>2026-04-30T11:33:47.000Z</time></trkpt>
      <trkpt lat="46.3933762" lon="9.9431419"><ele>3110.6</ele><time>2026-04-30T11:36:13.000Z</time></trkpt>
      <trkpt lat="46.3934761" lon="9.9432719"><ele>3126.0</ele><time>2026-04-30T11:38:09.000Z</time></trkpt>
      <trkpt lat="46.3934334" lon="9.9429532"><ele>3131.4</ele><time>2026-04-30T12:21:11.000Z</time></trkpt>
      <trkpt lat="46.393601" lon="9.9427086"><ele>3129.6</ele><time>2026-04-30T12:22:08.000Z</time></trkpt>
      <trkpt lat="46.3934308" lon="9.9426265"><ele>3137.0</ele><time>2026-04-30T12:23:12.000Z</time></trkpt>
      <trkpt lat="46.3938258" lon="9.9419129"><ele>3150.4</ele><time>2026-04-30T12:25:23.000Z</time></trkpt>
      <trkpt lat="46.3933563" lon="9.9421954"><ele>3161.5</ele><time>2026-04-30T12:27:04.000Z</time></trkpt>
      <trkpt lat="46.3930587" lon="9.9420716"><ele>3171.2</ele><time>2026-04-30T12:28:12.000Z</time></trkpt>
      <trkpt lat="46.3933016" lon="9.9418314"><ele>3180.6</ele><time>2026-04-30T12:29:28.000Z</time></trkpt>
      <trkpt lat="46.3930496" lon="9.9416838"><ele>3185.0</ele><time>2026-04-30T12:31:27.000Z</time></trkpt>
      <trkpt lat="46.3933497" lon="9.9413601"><ele>3173.3</ele><time>2026-04-30T12:33:40.000Z</time></trkpt>
      <trkpt lat="46.3930573" lon="9.940859"><ele>3165.7</ele><time>2026-04-30T12:34:43.000Z</time></trkpt>
      <trkpt lat="46.3921756" lon="9.9415942"><ele>3152.1</ele><time>2026-04-30T12:36:43.000Z</time></trkpt>
      <trkpt lat="46.3918995" lon="9.9416523"><ele>3160.5</ele><time>2026-04-30T12:37:49.000Z</time></trkpt>
      <trkpt lat="46.3906344" lon="9.9408243"><ele>3196.7</ele><time>2026-04-30T12:43:13.000Z</time></trkpt>
      <trkpt lat="46.3899993" lon="9.9407551"><ele>3214.4</ele><time>2026-04-30T12:46:43.000Z</time></trkpt>
      <trkpt lat="46.3900621" lon="9.9416584"><ele>3233.6</ele><time>2026-04-30T12:49:04.000Z</time></trkpt>
      <trkpt lat="46.3894447" lon="9.9412916"><ele>3248.1</ele><time>2026-04-30T12:51:39.000Z</time></trkpt>
      <trkpt lat="46.3893119" lon="9.9419978"><ele>3258.0</ele><time>2026-04-30T12:53:28.000Z</time></trkpt>
      <trkpt lat="46.3889904" lon="9.9419167"><ele>3264.5</ele><time>2026-04-30T12:54:38.000Z</time></trkpt>
      <trkpt lat="46.3888094" lon="9.9423214"><ele>3275.9</ele><time>2026-04-30T12:56:05.000Z</time></trkpt>
      <trkpt lat="46.3879991" lon="9.9416885"><ele>3294.3</ele><time>2026-04-30T12:59:53.000Z</time></trkpt>
      <trkpt lat="46.3880462" lon="9.942068"><ele>3303.6</ele><time>2026-04-30T13:01:06.000Z</time></trkpt>
      <trkpt lat="46.3873834" lon="9.9416936"><ele>3320.3</ele><time>2026-04-30T13:04:53.000Z</time></trkpt>
      <trkpt lat="46.3872329" lon="9.9415272"><ele>3313.0</ele><time>2026-04-30T13:13:41.000Z</time></trkpt>
      <trkpt lat="46.3874681" lon="9.9411927"><ele>3296.9</ele><time>2026-04-30T13:13:55.000Z</time></trkpt>
      <trkpt lat="46.3862214" lon="9.9406461"><ele>3265.5</ele><time>2026-04-30T13:16:42.000Z</time></trkpt>
      <trkpt lat="46.3863964" lon="9.9401587"><ele>3244.6</ele><time>2026-04-30T13:16:48.000Z</time></trkpt>
      <trkpt lat="46.3869916" lon="9.939927"><ele>3233.8</ele><time>2026-04-30T13:16:56.000Z</time></trkpt>
      <trkpt lat="46.3871101" lon="9.9397088"><ele>3226.9</ele><time>2026-04-30T13:16:59.000Z</time></trkpt>
      <trkpt lat="46.3872577" lon="9.9385989"><ele>3207.2</ele><time>2026-04-30T13:17:11.000Z</time></trkpt>
      <trkpt lat="46.3879674" lon="9.938646"><ele>3180.4</ele><time>2026-04-30T13:17:47.000Z</time></trkpt>
      <trkpt lat="46.3883041" lon="9.9389875"><ele>3170.8</ele><time>2026-04-30T13:17:51.000Z</time></trkpt>
      <trkpt lat="46.3884387" lon="9.9385762"><ele>3154.8</ele><time>2026-04-30T13:20:09.000Z</time></trkpt>
      <trkpt lat="46.3899075" lon="9.9395664"><ele>3124.6</ele><time>2026-04-30T13:20:31.000Z</time></trkpt>
      <trkpt lat="46.3901252" lon="9.9391843"><ele>3099.1</ele><time>2026-04-30T13:21:16.000Z</time></trkpt>
      <trkpt lat="46.3903711" lon="9.9392039"><ele>3093.6</ele><time>2026-04-30T13:21:22.000Z</time></trkpt>
      <trkpt lat="46.3901977" lon="9.9390218"><ele>3084.8</ele><time>2026-04-30T13:21:42.000Z</time></trkpt>
      <trkpt lat="46.3903525" lon="9.938939"><ele>3073.5</ele><time>2026-04-30T13:22:07.000Z</time></trkpt>
      <trkpt lat="46.3902776" lon="9.939265"><ele>3088.7</ele><time>2026-04-30T13:26:55.000Z</time></trkpt>
      <trkpt lat="46.3895768" lon="9.9389683"><ele>3104.1</ele><time>2026-04-30T13:29:09.000Z</time></trkpt>
      <trkpt lat="46.3896059" lon="9.9392749"><ele>3106.0</ele><time>2026-04-30T13:29:55.000Z</time></trkpt>
      <trkpt lat="46.3891667" lon="9.9389893"><ele>3114.4</ele><time>2026-04-30T13:30:59.000Z</time></trkpt>
      <trkpt lat="46.3886413" lon="9.9378853"><ele>3113.7</ele><time>2026-04-30T13:34:10.000Z</time></trkpt>
      <trkpt lat="46.3886112" lon="9.9372236"><ele>3106.7</ele><time>2026-04-30T13:34:18.000Z</time></trkpt>
      <trkpt lat="46.3887095" lon="9.9370135"><ele>3101.9</ele><time>2026-04-30T13:35:11.000Z</time></trkpt>
      <trkpt lat="46.3888868" lon="9.9371422"><ele>3091.0</ele><time>2026-04-30T13:35:17.000Z</time></trkpt>
      <trkpt lat="46.3891344" lon="9.93706"><ele>3077.7</ele><time>2026-04-30T13:35:23.000Z</time></trkpt>
      <trkpt lat="46.3894937" lon="9.9366475"><ele>3059.5</ele><time>2026-04-30T13:35:33.000Z</time></trkpt>
      <trkpt lat="46.3896321" lon="9.9366566"><ele>3057.2</ele><time>2026-04-30T13:35:35.000Z</time></trkpt>
      <trkpt lat="46.3896665" lon="9.9364509"><ele>3055.4</ele><time>2026-04-30T13:35:37.000Z</time></trkpt>
      <trkpt lat="46.3902032" lon="9.936622"><ele>3055.1</ele><time>2026-04-30T13:35:41.000Z</time></trkpt>
      <trkpt lat="46.3903263" lon="9.9362698"><ele>3059.0</ele><time>2026-04-30T13:35:43.000Z</time></trkpt>
      <trkpt lat="46.3905594" lon="9.9364116"><ele>3060.5</ele><time>2026-04-30T13:35:45.000Z</time></trkpt>
      <trkpt lat="46.390552" lon="9.9360242"><ele>3058.9</ele><time>2026-04-30T13:35:47.000Z</time></trkpt>
      <trkpt lat="46.3906186" lon="9.9361207"><ele>3050.3</ele><time>2026-04-30T13:35:49.000Z</time></trkpt>
      <trkpt lat="46.3902853" lon="9.9364101"><ele>2995.6</ele><time>2026-04-30T13:35:51.000Z</time></trkpt>
      <trkpt lat="46.3906346" lon="9.9361268"><ele>2972.8</ele><time>2026-04-30T13:35:57.000Z</time></trkpt>
      <trkpt lat="46.3907947" lon="9.9356182"><ele>2960.8</ele><time>2026-04-30T13:36:03.000Z</time></trkpt>
      <trkpt lat="46.3911281" lon="9.9357342"><ele>2951.1</ele><time>2026-04-30T13:36:09.000Z</time></trkpt>
      <trkpt lat="46.3917739" lon="9.9349223"><ele>2904.0</ele><time>2026-04-30T13:36:19.000Z</time></trkpt>
      <trkpt lat="46.3919163" lon="9.9345842"><ele>2894.1</ele><time>2026-04-30T13:36:23.000Z</time></trkpt>
      <trkpt lat="46.3917875" lon="9.9338495"><ele>2876.0</ele><time>2026-04-30T13:38:56.000Z</time></trkpt>
      <trkpt lat="46.3918193" lon="9.9327873"><ele>2864.3</ele><time>2026-04-30T13:39:12.000Z</time></trkpt>
      <trkpt lat="46.392133" lon="9.932967"><ele>2844.5</ele><time>2026-04-30T13:39:18.000Z</time></trkpt>
      <trkpt lat="46.3927794" lon="9.9323381"><ele>2798.2</ele><time>2026-04-30T13:39:34.000Z</time></trkpt>
      <trkpt lat="46.3929969" lon="9.9304478"><ele>2761.4</ele><time>2026-04-30T13:41:13.000Z</time></trkpt>
      <trkpt lat="46.393322" lon="9.9301408"><ele>2733.3</ele><time>2026-04-30T13:41:20.000Z</time></trkpt>
      <trkpt lat="46.3934941" lon="9.9295294"><ele>2719.8</ele><time>2026-04-30T13:42:34.000Z</time></trkpt>
      <trkpt lat="46.3944341" lon="9.9289804"><ele>2669.3</ele><time>2026-04-30T13:42:51.000Z</time></trkpt>
      <trkpt lat="46.3948027" lon="9.9297934"><ele>2656.9</ele><time>2026-04-30T13:43:39.000Z</time></trkpt>
      <trkpt lat="46.3950094" lon="9.9297444"><ele>2643.6</ele><time>2026-04-30T13:43:44.000Z</time></trkpt>
      <trkpt lat="46.3951983" lon="9.9294929"><ele>2631.3</ele><time>2026-04-30T13:43:49.000Z</time></trkpt>
      <trkpt lat="46.395113" lon="9.9288501"><ele>2616.0</ele><time>2026-04-30T13:44:04.000Z</time></trkpt>
      <trkpt lat="46.3955986" lon="9.9287062"><ele>2590.5</ele><time>2026-04-30T13:44:37.000Z</time></trkpt>
      <trkpt lat="46.3959" lon="9.9279252"><ele>2556.3</ele><time>2026-04-30T13:44:51.000Z</time></trkpt>
      <trkpt lat="46.3960651" lon="9.927906"><ele>2548.2</ele><time>2026-04-30T13:44:57.000Z</time></trkpt>
      <trkpt lat="46.3968376" lon="9.9262814"><ele>2519.6</ele><time>2026-04-30T13:46:01.000Z</time></trkpt>
      <trkpt lat="46.3978841" lon="9.9253671"><ele>2496.3</ele><time>2026-04-30T13:46:20.000Z</time></trkpt>
      <trkpt lat="46.3984519" lon="9.9252119"><ele>2486.7</ele><time>2026-04-30T13:46:28.000Z</time></trkpt>
      <trkpt lat="46.3991481" lon="9.9254977"><ele>2477.2</ele><time>2026-04-30T13:46:37.000Z</time></trkpt>
      <trkpt lat="46.3993733" lon="9.9254405"><ele>2474.4</ele><time>2026-04-30T13:46:40.000Z</time></trkpt>
      <trkpt lat="46.3998317" lon="9.9245471"><ele>2465.9</ele><time>2026-04-30T13:47:13.000Z</time></trkpt>
      <trkpt lat="46.4004211" lon="9.9240429"><ele>2463.1</ele><time>2026-04-30T13:47:48.000Z</time></trkpt>
      <trkpt lat="46.4021437" lon="9.9249858"><ele>2448.5</ele><time>2026-04-30T13:49:45.000Z</time></trkpt>
      <trkpt lat="46.4030431" lon="9.9251647"><ele>2443.4</ele><time>2026-04-30T13:50:18.000Z</time></trkpt>
      <trkpt lat="46.4049128" lon="9.9260867"><ele>2424.1</ele><time>2026-04-30T13:50:58.000Z</time></trkpt>
      <trkpt lat="46.4059208" lon="9.9262771"><ele>2414.6</ele><time>2026-04-30T13:51:33.000Z</time></trkpt>
      <trkpt lat="46.4067612" lon="9.9261531"><ele>2407.8</ele><time>2026-04-30T13:52:33.000Z</time></trkpt>
      <trkpt lat="46.4078457" lon="9.9268298"><ele>2397.8</ele><time>2026-04-30T13:53:00.000Z</time></trkpt>
      <trkpt lat="46.4090128" lon="9.9269934"><ele>2383.5</ele><time>2026-04-30T13:53:24.000Z</time></trkpt>
      <trkpt lat="46.4094007" lon="9.9267292"><ele>2380.7</ele><time>2026-04-30T13:54:27.000Z</time></trkpt>
      <trkpt lat="46.4097207" lon="9.926131"><ele>2388.1</ele><time>2026-04-30T14:03:17.000Z</time></trkpt>
      <trkpt lat="46.4105953" lon="9.9256061"><ele>2411.2</ele><time>2026-04-30T14:07:55.000Z</time></trkpt>
      <trkpt lat="46.410517" lon="9.9252444"><ele>2428.2</ele><time>2026-04-30T14:10:54.000Z</time></trkpt>
      <trkpt lat="46.4109838" lon="9.9249338"><ele>2431.6</ele><time>2026-04-30T14:13:12.000Z</time></trkpt>
      <trkpt lat="46.4109911" lon="9.9245165"><ele>2458.4</ele><time>2026-04-30T14:17:13.000Z</time></trkpt>
      <trkpt lat="46.4114451" lon="9.9245086"><ele>2467.3</ele><time>2026-04-30T14:20:05.000Z</time></trkpt>
      <trkpt lat="46.41265" lon="9.9253456"><ele>2482.9</ele><time>2026-04-30T14:27:32.000Z</time></trkpt>
      <trkpt lat="46.4128449" lon="9.9250416"><ele>2434.4</ele><time>2026-04-30T14:29:38.000Z</time></trkpt>
      <trkpt lat="46.4134213" lon="9.924884"><ele>2443.8</ele><time>2026-04-30T14:32:42.000Z</time></trkpt>
      <trkpt lat="46.4135097" lon="9.924714"><ele>2449.6</ele><time>2026-04-30T14:33:45.000Z</time></trkpt>
      <trkpt lat="46.4137924" lon="9.9249491"><ele>2455.7</ele><time>2026-04-30T14:35:13.000Z</time></trkpt>
      <trkpt lat="46.4143923" lon="9.9249921"><ele>2472.2</ele><time>2026-04-30T14:37:44.000Z</time></trkpt>
      <trkpt lat="46.4147256" lon="9.9245509"><ele>2483.8</ele><time>2026-04-30T14:39:46.000Z</time></trkpt>
      <trkpt lat="46.4149782" lon="9.9247333"><ele>2493.7</ele><time>2026-04-30T14:40:52.000Z</time></trkpt>
      <trkpt lat="46.4151756" lon="9.9251243"><ele>2497.6</ele><time>2026-04-30T14:42:28.000Z</time></trkpt>
      <trkpt lat="46.4151443" lon="9.9251554"><ele>2500.0</ele><time>2026-05-01T05:01:21.000Z</time></trkpt>
      <trkpt lat="46.4153637" lon="9.9251973"><ele>2499.4</ele><time>2026-05-01T05:02:28.000Z</time></trkpt>
      <trkpt lat="46.41546" lon="9.9231249"><ele>2523.7</ele><time>2026-05-01T05:06:33.000Z</time></trkpt>
      <trkpt lat="46.4158762" lon="9.9224693"><ele>2534.9</ele><time>2026-05-01T05:10:10.000Z</time></trkpt>
      <trkpt lat="46.4174586" lon="9.9218041"><ele>2548.2</ele><time>2026-05-01T05:13:29.000Z</time></trkpt>
      <trkpt lat="46.4177698" lon="9.9219475"><ele>2553.3</ele><time>2026-05-01T05:14:09.000Z</time></trkpt>
      <trkpt lat="46.4178154" lon="9.9222748"><ele>2557.7</ele><time>2026-05-01T05:14:42.000Z</time></trkpt>
      <trkpt lat="46.4191281" lon="9.9220789"><ele>2566.7</ele><time>2026-05-01T05:17:21.000Z</time></trkpt>
      <trkpt lat="46.4207649" lon="9.9222881"><ele>2576.9</ele><time>2026-05-01T05:20:21.000Z</time></trkpt>
      <trkpt lat="46.4218132" lon="9.9219424"><ele>2566.5</ele><time>2026-05-01T05:21:57.000Z</time></trkpt>
      <trkpt lat="46.4222489" lon="9.9216623"><ele>2555.1</ele><time>2026-05-01T05:22:32.000Z</time></trkpt>
      <trkpt lat="46.423179" lon="9.9205399"><ele>2565.3</ele><time>2026-05-01T05:25:13.000Z</time></trkpt>
      <trkpt lat="46.4231502" lon="9.9202533"><ele>2569.0</ele><time>2026-05-01T05:25:54.000Z</time></trkpt>
      <trkpt lat="46.4233555" lon="9.9196851"><ele>2580.6</ele><time>2026-05-01T05:27:18.000Z</time></trkpt>
      <trkpt lat="46.4245652" lon="9.9189835"><ele>2601.7</ele><time>2026-05-01T05:32:46.000Z</time></trkpt>
      <trkpt lat="46.4245095" lon="9.9188308"><ele>2599.0</ele><time>2026-05-01T05:33:30.000Z</time></trkpt>
      <trkpt lat="46.4246796" lon="9.9183716"><ele>2595.7</ele><time>2026-05-01T05:34:03.000Z</time></trkpt>
      <trkpt lat="46.4249833" lon="9.9179291"><ele>2590.3</ele><time>2026-05-01T05:34:31.000Z</time></trkpt>
      <trkpt lat="46.4256817" lon="9.9175482"><ele>2600.2</ele><time>2026-05-01T05:37:57.000Z</time></trkpt>
      <trkpt lat="46.4261681" lon="9.917659"><ele>2606.4</ele><time>2026-05-01T05:40:47.000Z</time></trkpt>
      <trkpt lat="46.4262515" lon="9.9167318"><ele>2618.9</ele><time>2026-05-01T05:43:43.000Z</time></trkpt>
      <trkpt lat="46.4261614" lon="9.9162049"><ele>2624.4</ele><time>2026-05-01T05:44:41.000Z</time></trkpt>
      <trkpt lat="46.4262901" lon="9.9157178"><ele>2631.9</ele><time>2026-05-01T05:45:46.000Z</time></trkpt>
      <trkpt lat="46.4260119" lon="9.9153022"><ele>2640.3</ele><time>2026-05-01T05:47:02.000Z</time></trkpt>
      <trkpt lat="46.4258176" lon="9.914527"><ele>2646.8</ele><time>2026-05-01T05:48:26.000Z</time></trkpt>
      <trkpt lat="46.4258523" lon="9.913472"><ele>2659.9</ele><time>2026-05-01T05:50:39.000Z</time></trkpt>
      <trkpt lat="46.4257314" lon="9.9135574"><ele>2662.8</ele><time>2026-05-01T05:51:06.000Z</time></trkpt>
      <trkpt lat="46.4257399" lon="9.9131096"><ele>2671.0</ele><time>2026-05-01T05:52:01.000Z</time></trkpt>
      <trkpt lat="46.4255928" lon="9.9131177"><ele>2673.8</ele><time>2026-05-01T05:52:48.000Z</time></trkpt>
      <trkpt lat="46.4253637" lon="9.9110293"><ele>2711.0</ele><time>2026-05-01T05:57:28.000Z</time></trkpt>
      <trkpt lat="46.4251847" lon="9.9105327"><ele>2718.5</ele><time>2026-05-01T05:58:40.000Z</time></trkpt>
      <trkpt lat="46.425358" lon="9.9097276"><ele>2732.7</ele><time>2026-05-01T06:00:35.000Z</time></trkpt>
      <trkpt lat="46.4252797" lon="9.9096662"><ele>2735.8</ele><time>2026-05-01T06:00:54.000Z</time></trkpt>
      <trkpt lat="46.4254142" lon="9.9095135"><ele>2740.3</ele><time>2026-05-01T06:01:32.000Z</time></trkpt>
      <trkpt lat="46.4252794" lon="9.9091781"><ele>2748.1</ele><time>2026-05-01T06:02:17.000Z</time></trkpt>
      <trkpt lat="46.4253892" lon="9.9084266"><ele>2750.9</ele><time>2026-05-01T06:03:26.000Z</time></trkpt>
      <trkpt lat="46.4253439" lon="9.907794"><ele>2755.6</ele><time>2026-05-01T06:04:24.000Z</time></trkpt>
      <trkpt lat="46.4254885" lon="9.9077331"><ele>2761.8</ele><time>2026-05-01T06:05:00.000Z</time></trkpt>
      <trkpt lat="46.4251889" lon="9.9072374"><ele>2770.9</ele><time>2026-05-01T06:06:25.000Z</time></trkpt>
      <trkpt lat="46.425442" lon="9.9070439"><ele>2776.9</ele><time>2026-05-01T06:07:24.000Z</time></trkpt>
      <trkpt lat="46.4252593" lon="9.9067652"><ele>2783.1</ele><time>2026-05-01T06:08:13.000Z</time></trkpt>
      <trkpt lat="46.4253142" lon="9.9057233"><ele>2799.6</ele><time>2026-05-01T06:10:42.000Z</time></trkpt>
      <trkpt lat="46.4251357" lon="9.9057974"><ele>2805.7</ele><time>2026-05-01T06:11:22.000Z</time></trkpt>
      <trkpt lat="46.4253413" lon="9.9052118"><ele>2818.4</ele><time>2026-05-01T06:13:01.000Z</time></trkpt>
      <trkpt lat="46.4246302" lon="9.9055907"><ele>2834.3</ele><time>2026-05-01T06:15:43.000Z</time></trkpt>
      <trkpt lat="46.4247228" lon="9.9051524"><ele>2843.0</ele><time>2026-05-01T06:16:48.000Z</time></trkpt>
      <trkpt lat="46.4243762" lon="9.9051654"><ele>2852.9</ele><time>2026-05-01T06:18:04.000Z</time></trkpt>
      <trkpt lat="46.4236083" lon="9.9039997"><ele>2862.6</ele><time>2026-05-01T06:21:01.000Z</time></trkpt>
      <trkpt lat="46.423456" lon="9.9026266"><ele>2881.5</ele><time>2026-05-01T06:24:10.000Z</time></trkpt>
      <trkpt lat="46.4235132" lon="9.9020455"><ele>2889.5</ele><time>2026-05-01T06:25:32.000Z</time></trkpt>
      <trkpt lat="46.4230913" lon="9.9022921"><ele>2904.0</ele><time>2026-05-01T06:27:54.000Z</time></trkpt>
      <trkpt lat="46.422969" lon="9.9029162"><ele>2912.0</ele><time>2026-05-01T06:29:26.000Z</time></trkpt>
      <trkpt lat="46.4228167" lon="9.9027482"><ele>2915.8</ele><time>2026-05-01T06:30:10.000Z</time></trkpt>
      <trkpt lat="46.4226028" lon="9.9018871"><ele>2930.4</ele><time>2026-05-01T06:32:26.000Z</time></trkpt>
      <trkpt lat="46.4226718" lon="9.9010952"><ele>2942.0</ele><time>2026-05-01T06:34:22.000Z</time></trkpt>
      <trkpt lat="46.4221762" lon="9.9016162"><ele>2955.2</ele><time>2026-05-01T06:36:14.000Z</time></trkpt>
      <trkpt lat="46.4218308" lon="9.9022649"><ele>2964.1</ele><time>2026-05-01T06:37:59.000Z</time></trkpt>
      <trkpt lat="46.4215274" lon="9.9033347"><ele>2982.6</ele><time>2026-05-01T06:40:43.000Z</time></trkpt>
      <trkpt lat="46.4210279" lon="9.9043983"><ele>3000.2</ele><time>2026-05-01T06:43:46.000Z</time></trkpt>
      <trkpt lat="46.4208939" lon="9.905205"><ele>3011.9</ele><time>2026-05-01T06:46:00.000Z</time></trkpt>
      <trkpt lat="46.4205874" lon="9.9039589"><ele>3036.3</ele><time>2026-05-01T06:49:38.000Z</time></trkpt>
      <trkpt lat="46.4206689" lon="9.902961"><ele>3046.1</ele><time>2026-05-01T06:52:33.000Z</time></trkpt>
      <trkpt lat="46.4205963" lon="9.9024009"><ele>3055.3</ele><time>2026-05-01T06:54:15.000Z</time></trkpt>
      <trkpt lat="46.4201938" lon="9.903071"><ele>3072.3</ele><time>2026-05-01T06:57:13.000Z</time></trkpt>
      <trkpt lat="46.4202104" lon="9.9020097"><ele>3084.4</ele><time>2026-05-01T07:01:22.000Z</time></trkpt>
      <trkpt lat="46.4200837" lon="9.9016458"><ele>3100.8</ele><time>2026-05-01T07:09:42.000Z</time></trkpt>
      <trkpt lat="46.4202084" lon="9.9002744"><ele>3143.0</ele><time>2026-05-01T07:23:08.000Z</time></trkpt>
      <trkpt lat="46.4200713" lon="9.9003728"><ele>3142.9</ele><time>2026-05-01T07:25:24.000Z</time></trkpt>
      <trkpt lat="46.4200549" lon="9.8999108"><ele>3159.4</ele><time>2026-05-01T07:29:05.000Z</time></trkpt>
      <trkpt lat="46.4198562" lon="9.89978"><ele>3174.8</ele><time>2026-05-01T07:33:06.000Z</time></trkpt>
      <trkpt lat="46.4201762" lon="9.8989849"><ele>3193.2</ele><time>2026-05-01T07:46:13.000Z</time></trkpt>
      <trkpt lat="46.4199252" lon="9.8990644"><ele>3201.5</ele><time>2026-05-01T07:47:49.000Z</time></trkpt>
      <trkpt lat="46.4200964" lon="9.8987834"><ele>3204.8</ele><time>2026-05-01T07:48:46.000Z</time></trkpt>
      <trkpt lat="46.4197877" lon="9.8988564"><ele>3214.1</ele><time>2026-05-01T07:57:20.000Z</time></trkpt>
      <trkpt lat="46.4197045" lon="9.8991441"><ele>3205.6</ele><time>2026-05-01T07:58:54.000Z</time></trkpt>
      <trkpt lat="46.4194438" lon="9.8991165"><ele>3201.3</ele><time>2026-05-01T08:03:36.000Z</time></trkpt>
      <trkpt lat="46.4193995" lon="9.899307"><ele>3192.6</ele><time>2026-05-01T08:03:52.000Z</time></trkpt>
      <trkpt lat="46.4189509" lon="9.8997121"><ele>3180.6</ele><time>2026-05-01T08:05:59.000Z</time></trkpt>
      <trkpt lat="46.41868" lon="9.8996535"><ele>3174.8</ele><time>2026-05-01T08:06:24.000Z</time></trkpt>
      <trkpt lat="46.4183909" lon="9.8999723"><ele>3184.0</ele><time>2026-05-01T08:19:17.000Z</time></trkpt>
      <trkpt lat="46.4181931" lon="9.8996403"><ele>3189.5</ele><time>2026-05-01T08:20:26.000Z</time></trkpt>
      <trkpt lat="46.4170542" lon="9.8994985"><ele>3209.1</ele><time>2026-05-01T08:23:40.000Z</time></trkpt>
      <trkpt lat="46.4162816" lon="9.8985112"><ele>3225.0</ele><time>2026-05-01T08:26:52.000Z</time></trkpt>
      <trkpt lat="46.4158185" lon="9.8989296"><ele>3235.4</ele><time>2026-05-01T08:28:33.000Z</time></trkpt>
      <trkpt lat="46.4154502" lon="9.897019"><ele>3264.8</ele><time>2026-05-01T08:32:44.000Z</time></trkpt>
      <trkpt lat="46.415596" lon="9.896188"><ele>3272.8</ele><time>2026-05-01T08:34:41.000Z</time></trkpt>
      <trkpt lat="46.4149562" lon="9.8963379"><ele>3285.4</ele><time>2026-05-01T08:36:47.000Z</time></trkpt>
      <trkpt lat="46.4143201" lon="9.8967989"><ele>3298.6</ele><time>2026-05-01T08:38:57.000Z</time></trkpt>
      <trkpt lat="46.4147591" lon="9.895412"><ele>3316.3</ele><time>2026-05-01T08:42:32.000Z</time></trkpt>
      <trkpt lat="46.4150959" lon="9.8950688"><ele>3321.9</ele><time>2026-05-01T08:43:53.000Z</time></trkpt>
      <trkpt lat="46.4150171" lon="9.8949479"><ele>3325.9</ele><time>2026-05-01T08:44:25.000Z</time></trkpt>
      <trkpt lat="46.4144285" lon="9.8950403"><ele>3338.7</ele><time>2026-05-01T08:46:17.000Z</time></trkpt>
      <trkpt lat="46.4138277" lon="9.8957004"><ele>3352.1</ele><time>2026-05-01T08:48:34.000Z</time></trkpt>
      <trkpt lat="46.4136908" lon="9.8956832"><ele>3360.7</ele><time>2026-05-01T08:51:26.000Z</time></trkpt>
      <trkpt lat="46.4135002" lon="9.8963648"><ele>3338.3</ele><time>2026-05-01T08:55:23.000Z</time></trkpt>
      <trkpt lat="46.4132575" lon="9.8967154"><ele>3314.1</ele><time>2026-05-01T08:56:31.000Z</time></trkpt>
      <trkpt lat="46.4130132" lon="9.896611"><ele>3302.8</ele><time>2026-05-01T08:57:10.000Z</time></trkpt>
      <trkpt lat="46.412968" lon="9.8981396"><ele>3264.6</ele><time>2026-05-01T09:08:10.000Z</time></trkpt>
      <trkpt lat="46.412738" lon="9.8985293"><ele>3264.1</ele><time>2026-05-01T09:08:15.000Z</time></trkpt>
      <trkpt lat="46.4125903" lon="9.8985196"><ele>3262.7</ele><time>2026-05-01T09:08:18.000Z</time></trkpt>
      <trkpt lat="46.4126041" lon="9.898202"><ele>3260.9</ele><time>2026-05-01T09:08:25.000Z</time></trkpt>
      <trkpt lat="46.4121936" lon="9.8976981"><ele>3249.7</ele><time>2026-05-01T09:08:32.000Z</time></trkpt>
      <trkpt lat="46.411433" lon="9.8960993"><ele>3225.1</ele><time>2026-05-01T09:08:47.000Z</time></trkpt>
      <trkpt lat="46.4112264" lon="9.8960184"><ele>3222.6</ele><time>2026-05-01T09:08:49.000Z</time></trkpt>
      <trkpt lat="46.4110017" lon="9.8955476"><ele>3212.3</ele><time>2026-05-01T09:08:53.000Z</time></trkpt>
      <trkpt lat="46.4106743" lon="9.8953643"><ele>3202.9</ele><time>2026-05-01T09:08:57.000Z</time></trkpt>
      <trkpt lat="46.410048" lon="9.8943503"><ele>3160.2</ele><time>2026-05-01T09:09:36.000Z</time></trkpt>
      <trkpt lat="46.409656" lon="9.8943122"><ele>3149.8</ele><time>2026-05-01T09:09:41.000Z</time></trkpt>
      <trkpt lat="46.409499" lon="9.8940832"><ele>3145.0</ele><time>2026-05-01T09:09:44.000Z</time></trkpt>
      <trkpt lat="46.4090123" lon="9.8939579"><ele>3131.6</ele><time>2026-05-01T09:09:56.000Z</time></trkpt>
      <trkpt lat="46.4088464" lon="9.8937456"><ele>3121.1</ele><time>2026-05-01T09:10:01.000Z</time></trkpt>
      <trkpt lat="46.4084839" lon="9.893905"><ele>3112.3</ele><time>2026-05-01T09:10:08.000Z</time></trkpt>
      <trkpt lat="46.4079538" lon="9.8936368"><ele>3084.7</ele><time>2026-05-01T09:10:20.000Z</time></trkpt>
      <trkpt lat="46.4072853" lon="9.894044"><ele>3070.8</ele><time>2026-05-01T09:10:30.000Z</time></trkpt>
      <trkpt lat="46.4071781" lon="9.8939306"><ele>3068.8</ele><time>2026-05-01T09:10:32.000Z</time></trkpt>
      <trkpt lat="46.4067698" lon="9.8940258"><ele>3062.9</ele><time>2026-05-01T09:11:05.000Z</time></trkpt>
      <trkpt lat="46.4066312" lon="9.8938295"><ele>3058.7</ele><time>2026-05-01T09:11:17.000Z</time></trkpt>
      <trkpt lat="46.4066265" lon="9.8933746"><ele>3050.9</ele><time>2026-05-01T09:11:23.000Z</time></trkpt>
      <trkpt lat="46.4062852" lon="9.8936765"><ele>3046.7</ele><time>2026-05-01T09:12:30.000Z</time></trkpt>
      <trkpt lat="46.4058749" lon="9.8936251"><ele>3040.9</ele><time>2026-05-01T09:12:38.000Z</time></trkpt>
      <trkpt lat="46.4052822" lon="9.8930011"><ele>3037.4</ele><time>2026-05-01T09:12:48.000Z</time></trkpt>
      <trkpt lat="46.4048767" lon="9.8928689"><ele>3029.1</ele><time>2026-05-01T09:24:34.000Z</time></trkpt>
      <trkpt lat="46.4047026" lon="9.892554"><ele>3019.9</ele><time>2026-05-01T09:24:38.000Z</time></trkpt>
      <trkpt lat="46.4037187" lon="9.8916393"><ele>3002.9</ele><time>2026-05-01T09:24:53.000Z</time></trkpt>
      <trkpt lat="46.4034934" lon="9.8912172"><ele>3001.7</ele><time>2026-05-01T09:24:58.000Z</time></trkpt>
      <trkpt lat="46.4032113" lon="9.8899844"><ele>2989.2</ele><time>2026-05-01T09:25:10.000Z</time></trkpt>
      <trkpt lat="46.4032887" lon="9.8898117"><ele>2979.9</ele><time>2026-05-01T09:25:17.000Z</time></trkpt>
      <trkpt lat="46.4032117" lon="9.8896692"><ele>2975.3</ele><time>2026-05-01T09:25:58.000Z</time></trkpt>
      <trkpt lat="46.4034089" lon="9.8895215"><ele>2961.1</ele><time>2026-05-01T09:26:15.000Z</time></trkpt>
      <trkpt lat="46.4030572" lon="9.8889731"><ele>2928.9</ele><time>2026-05-01T09:27:04.000Z</time></trkpt>
      <trkpt lat="46.4031037" lon="9.8887569"><ele>2918.1</ele><time>2026-05-01T09:27:11.000Z</time></trkpt>
      <trkpt lat="46.4032556" lon="9.8887094"><ele>2912.0</ele><time>2026-05-01T09:27:15.000Z</time></trkpt>
      <trkpt lat="46.4031362" lon="9.8886252"><ele>2907.5</ele><time>2026-05-01T09:28:25.000Z</time></trkpt>
      <trkpt lat="46.4031928" lon="9.8881356"><ele>2893.7</ele><time>2026-05-01T09:28:40.000Z</time></trkpt>
      <trkpt lat="46.4030838" lon="9.8876672"><ele>2873.7</ele><time>2026-05-01T09:29:11.000Z</time></trkpt>
      <trkpt lat="46.4028846" lon="9.8874833"><ele>2864.2</ele><time>2026-05-01T09:29:41.000Z</time></trkpt>
      <trkpt lat="46.4030782" lon="9.8872684"><ele>2863.7</ele><time>2026-05-01T09:30:13.000Z</time></trkpt>
      <trkpt lat="46.4029197" lon="9.8869647"><ele>2853.8</ele><time>2026-05-01T09:31:08.000Z</time></trkpt>
      <trkpt lat="46.4041689" lon="9.8861847"><ele>2862.4</ele><time>2026-05-01T09:39:55.000Z</time></trkpt>
      <trkpt lat="46.4043909" lon="9.8858732"><ele>2863.5</ele><time>2026-05-01T09:40:51.000Z</time></trkpt>
      <trkpt lat="46.4043571" lon="9.8856746"><ele>2862.2</ele><time>2026-05-01T09:41:15.000Z</time></trkpt>
      <trkpt lat="46.4040304" lon="9.8856826"><ele>2844.2</ele><time>2026-05-01T09:42:18.000Z</time></trkpt>
      <trkpt lat="46.4038453" lon="9.8851541"><ele>2826.0</ele><time>2026-05-01T09:43:12.000Z</time></trkpt>
      <trkpt lat="46.4037813" lon="9.8853378"><ele>2819.8</ele><time>2026-05-01T09:43:34.000Z</time></trkpt>
      <trkpt lat="46.4033943" lon="9.8853583"><ele>2797.6</ele><time>2026-05-01T09:44:39.000Z</time></trkpt>
      <trkpt lat="46.4031863" lon="9.8850744"><ele>2794.4</ele><time>2026-05-01T09:45:27.000Z</time></trkpt>
      <trkpt lat="46.4033707" lon="9.8852239"><ele>2771.5</ele><time>2026-05-01T09:46:18.000Z</time></trkpt>
      <trkpt lat="46.4035606" lon="9.8848339"><ele>2781.1</ele><time>2026-05-01T09:46:50.000Z</time></trkpt>
      <trkpt lat="46.4034299" lon="9.8844801"><ele>2784.0</ele><time>2026-05-01T09:47:49.000Z</time></trkpt>
      <trkpt lat="46.4036063" lon="9.884203"><ele>2781.8</ele><time>2026-05-01T09:50:15.000Z</time></trkpt>
      <trkpt lat="46.4036415" lon="9.8833521"><ele>2751.5</ele><time>2026-05-01T09:53:11.000Z</time></trkpt>
      <trkpt lat="46.4034809" lon="9.8832361"><ele>2736.5</ele><time>2026-05-01T09:53:50.000Z</time></trkpt>
      <trkpt lat="46.4034754" lon="9.8829953"><ele>2727.7</ele><time>2026-05-01T09:54:18.000Z</time></trkpt>
      <trkpt lat="46.4025138" lon="9.8837016"><ele>2704.6</ele><time>2026-05-01T09:59:53.000Z</time></trkpt>
      <trkpt lat="46.4023525" lon="9.884128"><ele>2708.1</ele><time>2026-05-01T10:02:06.000Z</time></trkpt>
      <trkpt lat="46.4020392" lon="9.884421"><ele>2702.9</ele><time>2026-05-01T10:03:21.000Z</time></trkpt>
      <trkpt lat="46.4029934" lon="9.883351"><ele>2704.6</ele><time>2026-05-01T10:06:05.000Z</time></trkpt>
      <trkpt lat="46.4030541" lon="9.8829707"><ele>2697.1</ele><time>2026-05-01T10:08:18.000Z</time></trkpt>
      <trkpt lat="46.4033515" lon="9.882543"><ele>2668.9</ele><time>2026-05-01T10:09:55.000Z</time></trkpt>
      <trkpt lat="46.4035962" lon="9.8815153"><ele>2634.9</ele><time>2026-05-01T10:12:26.000Z</time></trkpt>
      <trkpt lat="46.4034596" lon="9.8814168"><ele>2625.1</ele><time>2026-05-01T10:13:36.000Z</time></trkpt>
      <trkpt lat="46.4034574" lon="9.8807169"><ele>2599.7</ele><time>2026-05-01T10:14:59.000Z</time></trkpt>
      <trkpt lat="46.4037464" lon="9.880042"><ele>2587.7</ele><time>2026-05-01T10:16:04.000Z</time></trkpt>
      <trkpt lat="46.4039309" lon="9.8800067"><ele>2587.2</ele><time>2026-05-01T10:16:50.000Z</time></trkpt>
      <trkpt lat="46.4037458" lon="9.8800556"><ele>2588.6</ele><time>2026-05-01T10:17:19.000Z</time></trkpt>
      <trkpt lat="46.4038715" lon="9.880134"><ele>2586.1</ele><time>2026-05-01T10:17:45.000Z</time></trkpt>
      <trkpt lat="46.4037417" lon="9.8800504"><ele>2588.4</ele><time>2026-05-01T10:18:41.000Z</time></trkpt>
      <trkpt lat="46.4038423" lon="9.8803131"><ele>2582.4</ele><time>2026-05-01T10:19:36.000Z</time></trkpt>
      <trkpt lat="46.4039562" lon="9.8802617"><ele>2588.9</ele><time>2026-05-01T10:20:20.000Z</time></trkpt>
      <trkpt lat="46.4038101" lon="9.8802712"><ele>2585.9</ele><time>2026-05-01T10:21:58.000Z</time></trkpt>
      <trkpt lat="46.4037964" lon="9.8800666"><ele>2584.7</ele><time>2026-05-01T10:22:26.000Z</time></trkpt>
      <trkpt lat="46.4036231" lon="9.880201"><ele>2582.9</ele><time>2026-05-01T11:01:25.000Z</time></trkpt>
      <trkpt lat="46.40291" lon="9.8799773"><ele>2575.8</ele><time>2026-05-01T11:03:06.000Z</time></trkpt>
      <trkpt lat="46.4023465" lon="9.880838"><ele>2575.6</ele><time>2026-05-01T11:15:31.000Z</time></trkpt>
      <trkpt lat="46.4011802" lon="9.8812595"><ele>2552.7</ele><time>2026-05-01T11:21:57.000Z</time></trkpt>
      <trkpt lat="46.4009308" lon="9.8811844"><ele>2544.5</ele><time>2026-05-01T11:23:01.000Z</time></trkpt>
      <trkpt lat="46.4004587" lon="9.880132"><ele>2512.3</ele><time>2026-05-01T11:33:13.000Z</time></trkpt>
      <trkpt lat="46.4008938" lon="9.8795075"><ele>2496.3</ele><time>2026-05-01T11:39:23.000Z</time></trkpt>
      <trkpt lat="46.400868" lon="9.8793839"><ele>2492.9</ele><time>2026-05-01T11:39:30.000Z</time></trkpt>
      <trkpt lat="46.400465" lon="9.8788464"><ele>2477.2</ele><time>2026-05-01T11:40:14.000Z</time></trkpt>
      <trkpt lat="46.400159" lon="9.8788773"><ele>2472.4</ele><time>2026-05-01T11:41:00.000Z</time></trkpt>
      <trkpt lat="46.4000224" lon="9.8782409"><ele>2462.7</ele><time>2026-05-01T11:41:40.000Z</time></trkpt>
      <trkpt lat="46.400064" lon="9.8781089"><ele>2458.7</ele><time>2026-05-01T11:41:46.000Z</time></trkpt>
      <trkpt lat="46.4003482" lon="9.8782628"><ele>2453.2</ele><time>2026-05-01T11:42:21.000Z</time></trkpt>
      <trkpt lat="46.4005216" lon="9.8779281"><ele>2448.8</ele><time>2026-05-01T11:43:05.000Z</time></trkpt>
      <trkpt lat="46.4003422" lon="9.8781837"><ele>2450.9</ele><time>2026-05-01T11:43:54.000Z</time></trkpt>
      <trkpt lat="46.4001358" lon="9.8777788"><ele>2445.1</ele><time>2026-05-01T11:44:54.000Z</time></trkpt>
      <trkpt lat="46.4000288" lon="9.8778059"><ele>2443.5</ele><time>2026-05-01T11:45:37.000Z</time></trkpt>
      <trkpt lat="46.4004023" lon="9.8775779"><ele>2424.1</ele><time>2026-05-01T11:52:58.000Z</time></trkpt>
      <trkpt lat="46.3997368" lon="9.8767672"><ele>2415.8</ele><time>2026-05-01T12:09:08.000Z</time></trkpt>
      <trkpt lat="46.3993545" lon="9.8760465"><ele>2408.9</ele><time>2026-05-01T12:10:18.000Z</time></trkpt>
      <trkpt lat="46.3993423" lon="9.8757662"><ele>2413.1</ele><time>2026-05-01T12:10:50.000Z</time></trkpt>
      <trkpt lat="46.3989928" lon="9.8749681"><ele>2416.8</ele><time>2026-05-01T12:12:14.000Z</time></trkpt>
      <trkpt lat="46.3991058" lon="9.8745866"><ele>2410.7</ele><time>2026-05-01T12:12:44.000Z</time></trkpt>
      <trkpt lat="46.3988865" lon="9.8744988"><ele>2403.5</ele><time>2026-05-01T12:15:07.000Z</time></trkpt>
      <trkpt lat="46.3989982" lon="9.8738344"><ele>2402.8</ele><time>2026-05-01T12:15:52.000Z</time></trkpt>
      <trkpt lat="46.3987382" lon="9.8733535"><ele>2409.8</ele><time>2026-05-01T12:17:21.000Z</time></trkpt>
      <trkpt lat="46.3983301" lon="9.8734202"><ele>2414.0</ele><time>2026-05-01T12:18:44.000Z</time></trkpt>
      <trkpt lat="46.3981372" lon="9.8737103"><ele>2417.0</ele><time>2026-05-01T12:19:22.000Z</time></trkpt>
      <trkpt lat="46.3978845" lon="9.8737786"><ele>2415.1</ele><time>2026-05-01T12:20:06.000Z</time></trkpt>
      <trkpt lat="46.397705" lon="9.8734198"><ele>2399.6</ele><time>2026-05-01T12:20:54.000Z</time></trkpt>
      <trkpt lat="46.397715" lon="9.872738"><ele>2413.8</ele><time>2026-05-01T12:22:03.000Z</time></trkpt>
      <trkpt lat="46.3974659" lon="9.8726255"><ele>2418.7</ele><time>2026-05-01T12:25:29.000Z</time></trkpt>
      <trkpt lat="46.395855" lon="9.8732437"><ele>2458.4</ele><time>2026-05-01T12:31:16.000Z</time></trkpt>
      <trkpt lat="46.3953062" lon="9.8728526"><ele>2474.4</ele><time>2026-05-01T12:32:53.000Z</time></trkpt>
      <trkpt lat="46.3947281" lon="9.8730368"><ele>2498.1</ele><time>2026-05-01T12:34:53.000Z</time></trkpt>
      <trkpt lat="46.3946389" lon="9.8728619"><ele>2505.3</ele><time>2026-05-01T12:35:24.000Z</time></trkpt>
      <trkpt lat="46.3940888" lon="9.8729005"><ele>2523.4</ele><time>2026-05-01T12:37:37.000Z</time></trkpt>
      <trkpt lat="46.3938226" lon="9.8727005"><ele>2534.3</ele><time>2026-05-01T12:38:50.000Z</time></trkpt>
      <trkpt lat="46.3936211" lon="9.8729335"><ele>2543.9</ele><time>2026-05-01T12:39:37.000Z</time></trkpt>
      <trkpt lat="46.3935397" lon="9.8724752"><ele>2559.9</ele><time>2026-05-01T12:42:00.000Z</time></trkpt>
      <trkpt lat="46.3934186" lon="9.872855"><ele>2558.5</ele><time>2026-05-01T12:42:53.000Z</time></trkpt>
      <trkpt lat="46.3932221" lon="9.8725167"><ele>2576.2</ele><time>2026-05-01T12:44:40.000Z</time></trkpt>
      <trkpt lat="46.3928245" lon="9.8728126"><ele>2588.9</ele><time>2026-05-01T12:46:30.000Z</time></trkpt>
      <trkpt lat="46.3924608" lon="9.8728698"><ele>2602.8</ele><time>2026-05-01T12:48:56.000Z</time></trkpt>
      <trkpt lat="46.3922853" lon="9.8730983"><ele>2604.8</ele><time>2026-05-01T12:49:38.000Z</time></trkpt>
      <trkpt lat="46.392393" lon="9.8720355"><ele>2623.5</ele><time>2026-05-01T12:51:53.000Z</time></trkpt>
      <trkpt lat="46.3926081" lon="9.8714077"><ele>2634.5</ele><time>2026-05-01T12:53:41.000Z</time></trkpt>
      <trkpt lat="46.3925084" lon="9.8708335"><ele>2648.5</ele><time>2026-05-01T12:55:16.000Z</time></trkpt>
      <trkpt lat="46.3920668" lon="9.8712976"><ele>2655.3</ele><time>2026-05-01T12:57:37.000Z</time></trkpt>
      <trkpt lat="46.3919794" lon="9.8703135"><ele>2669.8</ele><time>2026-05-01T13:00:13.000Z</time></trkpt>
      <trkpt lat="46.3917852" lon="9.8700908"><ele>2675.7</ele><time>2026-05-01T13:01:04.000Z</time></trkpt>
      <trkpt lat="46.3918753" lon="9.8700961"><ele>2675.5</ele><time>2026-05-01T13:01:20.000Z</time></trkpt>
      <trkpt lat="46.3917974" lon="9.8702565"><ele>2677.1</ele><time>2026-05-01T13:01:45.000Z</time></trkpt>
      <trkpt lat="46.3915427" lon="9.8701392"><ele>2685.2</ele><time>2026-05-01T13:02:25.000Z</time></trkpt>
      <trkpt lat="46.3912632" lon="9.8704216"><ele>2700.1</ele><time>2026-05-01T13:03:57.000Z</time></trkpt>
      <trkpt lat="46.3908386" lon="9.8704749"><ele>2700.9</ele><time>2026-05-01T13:05:11.000Z</time></trkpt>
      <trkpt lat="46.3908573" lon="9.8701687"><ele>2707.5</ele><time>2026-05-01T13:06:00.000Z</time></trkpt>
      <trkpt lat="46.3903825" lon="9.8698061"><ele>2722.4</ele><time>2026-05-01T13:08:10.000Z</time></trkpt>
      <trkpt lat="46.3906842" lon="9.8687443"><ele>2723.9</ele><time>2026-05-01T13:09:35.000Z</time></trkpt>
      <trkpt lat="46.3906799" lon="9.8683759"><ele>2721.3</ele><time>2026-05-01T13:10:11.000Z</time></trkpt>
      <trkpt lat="46.3912841" lon="9.8673383"><ele>2741.4</ele><time>2026-05-01T13:12:47.000Z</time></trkpt>
      <trkpt lat="46.3918705" lon="9.8659019"><ele>2731.6</ele><time>2026-05-01T13:14:23.000Z</time></trkpt>
      <trkpt lat="46.3927533" lon="9.8651418"><ele>2727.4</ele><time>2026-05-01T13:16:09.000Z</time></trkpt>
      <trkpt lat="46.3930171" lon="9.8646557"><ele>2717.7</ele><time>2026-05-01T13:16:21.000Z</time></trkpt>
      <trkpt lat="46.3931531" lon="9.864786"><ele>2711.9</ele><time>2026-05-01T13:16:25.000Z</time></trkpt>
      <trkpt lat="46.3931524" lon="9.8651403"><ele>2706.1</ele><time>2026-05-01T13:16:29.000Z</time></trkpt>
      <trkpt lat="46.3933184" lon="9.8650672"><ele>2700.2</ele><time>2026-05-01T13:16:33.000Z</time></trkpt>
      <trkpt lat="46.3936082" lon="9.864657"><ele>2692.9</ele><time>2026-05-01T13:16:49.000Z</time></trkpt>
      <trkpt lat="46.3938532" lon="9.863626"><ele>2695.0</ele><time>2026-05-01T13:18:24.000Z</time></trkpt>
      <trkpt lat="46.3936273" lon="9.8628243"><ele>2703.1</ele><time>2026-05-01T13:20:17.000Z</time></trkpt>
      <trkpt lat="46.3928171" lon="9.8620286"><ele>2704.6</ele><time>2026-05-01T13:22:17.000Z</time></trkpt>
      <trkpt lat="46.392618" lon="9.8594235"><ele>2698.1</ele><time>2026-05-01T13:25:54.000Z</time></trkpt>
      <trkpt lat="46.3924711" lon="9.8590447"><ele>2703.2</ele><time>2026-05-01T13:26:46.000Z</time></trkpt>
      <trkpt lat="46.3926533" lon="9.8589081"><ele>2715.3</ele><time>2026-05-01T13:27:22.000Z</time></trkpt>
      <trkpt lat="46.3922211" lon="9.8584394"><ele>2727.8</ele><time>2026-05-01T13:29:08.000Z</time></trkpt>
      <trkpt lat="46.3924477" lon="9.8582139"><ele>2743.5</ele><time>2026-05-01T13:30:09.000Z</time></trkpt>
      <trkpt lat="46.3921376" lon="9.8579373"><ele>2756.8</ele><time>2026-05-01T13:30:55.000Z</time></trkpt>
      <trkpt lat="46.3920077" lon="9.8580235"><ele>2748.5</ele><time>2026-05-01T13:31:22.000Z</time></trkpt>
      <trkpt lat="46.3921567" lon="9.857734"><ele>2760.2</ele><time>2026-05-01T13:32:43.000Z</time></trkpt>
      <trkpt lat="46.391834" lon="9.857072"><ele>2762.8</ele><time>2026-05-01T13:34:27.000Z</time></trkpt>
      <trkpt lat="46.3913223" lon="9.8573459"><ele>2770.4</ele><time>2026-05-01T13:36:35.000Z</time></trkpt>
      <trkpt lat="46.3907156" lon="9.8574081"><ele>2772.5</ele><time>2026-05-01T13:39:22.000Z</time></trkpt>
      <trkpt lat="46.3895354" lon="9.856915"><ele>2772.3</ele><time>2026-05-01T13:41:31.000Z</time></trkpt>
      <trkpt lat="46.3891649" lon="9.8570151"><ele>2782.2</ele><time>2026-05-01T13:42:26.000Z</time></trkpt>
      <trkpt lat="46.3887836" lon="9.8568546"><ele>2781.4</ele><time>2026-05-01T13:43:46.000Z</time></trkpt>
      <trkpt lat="46.3886304" lon="9.8570214"><ele>2773.3</ele><time>2026-05-01T13:54:48.000Z</time></trkpt>
      <trkpt lat="46.3878701" lon="9.8557962"><ele>2711.5</ele><time>2026-05-01T13:55:50.000Z</time></trkpt>
      <trkpt lat="46.3870911" lon="9.8556282"><ele>2686.8</ele><time>2026-05-01T13:57:02.000Z</time></trkpt>
      <trkpt lat="46.3871327" lon="9.8554618"><ele>2673.5</ele><time>2026-05-01T13:57:06.000Z</time></trkpt>
      <trkpt lat="46.3869727" lon="9.8554352"><ele>2671.4</ele><time>2026-05-01T13:57:10.000Z</time></trkpt>
      <trkpt lat="46.3870394" lon="9.8550754"><ele>2651.4</ele><time>2026-05-01T13:57:32.000Z</time></trkpt>
      <trkpt lat="46.386695" lon="9.8550832"><ele>2639.1</ele><time>2026-05-01T14:10:21.000Z</time></trkpt>
      <trkpt lat="46.3864939" lon="9.854593"><ele>2611.3</ele><time>2026-05-01T14:10:55.000Z</time></trkpt>
      <trkpt lat="46.3859234" lon="9.8548795"><ele>2609.3</ele><time>2026-05-01T14:12:31.000Z</time></trkpt>
      <trkpt lat="46.3855264" lon="9.8547086"><ele>2590.5</ele><time>2026-05-01T14:25:20.000Z</time></trkpt>
      <trkpt lat="46.3853479" lon="9.8548136"><ele>2588.8</ele><time>2026-05-01T14:26:00.000Z</time></trkpt>
      <trkpt lat="46.3852606" lon="9.8545868"><ele>2580.6</ele><time>2026-05-01T14:28:25.000Z</time></trkpt>
      <trkpt lat="46.3851635" lon="9.8546795"><ele>2572.0</ele><time>2026-05-01T14:33:50.000Z</time></trkpt>
      <trkpt lat="46.3850717" lon="9.8545456"><ele>2566.2</ele><time>2026-05-01T14:33:59.000Z</time></trkpt>
      <trkpt lat="46.3850276" lon="9.8543017"><ele>2554.7</ele><time>2026-05-01T14:36:26.000Z</time></trkpt>
      <trkpt lat="46.3848373" lon="9.8544663"><ele>2551.9</ele><time>2026-05-01T14:36:35.000Z</time></trkpt>
      <trkpt lat="46.3847924" lon="9.8543035"><ele>2544.9</ele><time>2026-05-01T14:36:43.000Z</time></trkpt>
      <trkpt lat="46.3844002" lon="9.8544279"><ele>2537.2</ele><time>2026-05-01T14:36:59.000Z</time></trkpt>
      <trkpt lat="46.3832199" lon="9.8537357"><ele>2554.9</ele><time>2026-05-01T14:56:44.000Z</time></trkpt>
      <trkpt lat="46.382947" lon="9.8536983"><ele>2558.0</ele><time>2026-05-01T14:57:45.000Z</time></trkpt>
      <trkpt lat="46.3833888" lon="9.8550876"><ele>2576.5</ele><time>2026-05-01T15:01:20.000Z</time></trkpt>
      <trkpt lat="46.3826028" lon="9.854581"><ele>2595.0</ele><time>2026-05-01T15:04:16.000Z</time></trkpt>
      <trkpt lat="46.3826555" lon="9.8553783"><ele>2607.1</ele><time>2026-05-01T15:06:25.000Z</time></trkpt>
      <trkpt lat="46.382177" lon="9.8549574"><ele>2615.0</ele><time>2026-05-01T15:08:09.000Z</time></trkpt>
      <trkpt lat="46.3817287" lon="9.8542731"><ele>2627.8</ele><time>2026-05-01T15:10:08.000Z</time></trkpt>
      <trkpt lat="46.3816996" lon="9.8550527"><ele>2644.2</ele><time>2026-05-01T15:12:16.000Z</time></trkpt>
      <trkpt lat="46.3813318" lon="9.8547641"><ele>2649.0</ele><time>2026-05-01T15:13:34.000Z</time></trkpt>
      <trkpt lat="46.3810513" lon="9.8542477"><ele>2659.4</ele><time>2026-05-01T15:14:55.000Z</time></trkpt>
      <trkpt lat="46.3808674" lon="9.8551978"><ele>2674.6</ele><time>2026-05-01T15:17:05.000Z</time></trkpt>
      <trkpt lat="46.3799949" lon="9.8544888"><ele>2692.3</ele><time>2026-05-01T15:20:43.000Z</time></trkpt>
      <trkpt lat="46.3801964" lon="9.8561164"><ele>2718.0</ele><time>2026-05-01T15:24:52.000Z</time></trkpt>
      <trkpt lat="46.3796541" lon="9.8558747"><ele>2726.7</ele><time>2026-05-01T15:26:56.000Z</time></trkpt>
      <trkpt lat="46.3793324" lon="9.8577635"><ele>2750.5</ele><time>2026-05-01T15:31:08.000Z</time></trkpt>
      <trkpt lat="46.379426" lon="9.8586641"><ele>2763.6</ele><time>2026-05-01T15:33:10.000Z</time></trkpt>
      <trkpt lat="46.3789261" lon="9.8584947"><ele>2772.8</ele><time>2026-05-01T15:34:45.000Z</time></trkpt>
      <trkpt lat="46.3776326" lon="9.857027"><ele>2807.0</ele><time>2026-05-01T15:39:52.000Z</time></trkpt>
      <trkpt lat="46.3774434" lon="9.8574768"><ele>2812.8</ele><time>2026-05-01T15:40:55.000Z</time></trkpt>
      <trkpt lat="46.3775863" lon="9.8583169"><ele>2818.4</ele><time>2026-05-01T15:42:42.000Z</time></trkpt>
      <trkpt lat="46.3769801" lon="9.857789"><ele>2837.3</ele><time>2026-05-01T15:45:11.000Z</time></trkpt>
      <trkpt lat="46.3772006" lon="9.8588214"><ele>2845.8</ele><time>2026-05-01T15:47:25.000Z</time></trkpt>
      <trkpt lat="46.3765026" lon="9.8584774"><ele>2863.9</ele><time>2026-05-01T15:49:59.000Z</time></trkpt>
      <trkpt lat="46.3769258" lon="9.859848"><ele>2879.5</ele><time>2026-05-01T15:52:54.000Z</time></trkpt>
      <trkpt lat="46.3756335" lon="9.8594623"><ele>2907.0</ele><time>2026-05-01T15:56:49.000Z</time></trkpt>
      <trkpt lat="46.3756638" lon="9.8598909"><ele>2914.7</ele><time>2026-05-01T15:57:43.000Z</time></trkpt>
      <trkpt lat="46.3759418" lon="9.860556"><ele>2921.4</ele><time>2026-05-01T15:59:20.000Z</time></trkpt>
      <trkpt lat="46.3750853" lon="9.8604086"><ele>2940.9</ele><time>2026-05-01T16:01:55.000Z</time></trkpt>
      <trkpt lat="46.3755298" lon="9.8616186"><ele>2951.3</ele><time>2026-05-01T16:04:38.000Z</time></trkpt>
      <trkpt lat="46.3748711" lon="9.8615286"><ele>2967.5</ele><time>2026-05-01T16:06:29.000Z</time></trkpt>
      <trkpt lat="46.3743186" lon="9.8611588"><ele>2979.4</ele><time>2026-05-01T16:08:11.000Z</time></trkpt>
      <trkpt lat="46.3747426" lon="9.8636674"><ele>3002.0</ele><time>2026-05-01T16:12:53.000Z</time></trkpt>
      <trkpt lat="46.3740224" lon="9.8638212"><ele>3020.1</ele><time>2026-05-01T16:14:59.000Z</time></trkpt>
      <trkpt lat="46.3740773" lon="9.8643609"><ele>3026.2</ele><time>2026-05-01T16:16:01.000Z</time></trkpt>
      <trkpt lat="46.373624" lon="9.864944"><ele>3039.5</ele><time>2026-05-01T16:17:35.000Z</time></trkpt>
      <trkpt lat="46.3733467" lon="9.866144"><ele>3056.4</ele><time>2026-05-01T16:19:57.000Z</time></trkpt>
      <trkpt lat="46.37296" lon="9.8663757"><ele>3063.6</ele><time>2026-05-01T16:21:05.000Z</time></trkpt>
      <trkpt lat="46.3724681" lon="9.8662011"><ele>3073.1</ele><time>2026-05-01T16:22:29.000Z</time></trkpt>
      <trkpt lat="46.3725066" lon="9.866575"><ele>3077.8</ele><time>2026-05-01T16:23:16.000Z</time></trkpt>
      <trkpt lat="46.3728832" lon="9.8675068"><ele>3087.3</ele><time>2026-05-01T16:25:16.000Z</time></trkpt>
      <trkpt lat="46.3721782" lon="9.8673295"><ele>3099.5</ele><time>2026-05-01T16:27:11.000Z</time></trkpt>
      <trkpt lat="46.3717096" lon="9.8670126"><ele>3109.2</ele><time>2026-05-01T16:28:30.000Z</time></trkpt>
      <trkpt lat="46.371727" lon="9.8676139"><ele>3115.5</ele><time>2026-05-01T16:29:42.000Z</time></trkpt>
      <trkpt lat="46.3719987" lon="9.8686493"><ele>3127.4</ele><time>2026-05-01T16:31:35.000Z</time></trkpt>
      <trkpt lat="46.371538" lon="9.8687337"><ele>3137.6</ele><time>2026-05-01T16:32:58.000Z</time></trkpt>
      <trkpt lat="46.3706542" lon="9.8683474"><ele>3152.1</ele><time>2026-05-01T16:35:29.000Z</time></trkpt>
      <trkpt lat="46.3706161" lon="9.8693611"><ele>3166.0</ele><time>2026-05-01T16:37:21.000Z</time></trkpt>
      <trkpt lat="46.3701593" lon="9.8693661"><ele>3174.4</ele><time>2026-05-01T16:39:13.000Z</time></trkpt>
      <trkpt lat="46.3698498" lon="9.8695712"><ele>3180.2</ele><time>2026-05-01T16:40:11.000Z</time></trkpt>
      <trkpt lat="46.368245" lon="9.8711852"><ele>3203.3</ele><time>2026-05-01T16:45:08.000Z</time></trkpt>
      <trkpt lat="46.3676697" lon="9.8719462"><ele>3207.7</ele><time>2026-05-01T16:46:46.000Z</time></trkpt>
      <trkpt lat="46.3671674" lon="9.8729868"><ele>3220.2</ele><time>2026-05-01T16:48:54.000Z</time></trkpt>
      <trkpt lat="46.3667981" lon="9.8725647"><ele>3229.6</ele><time>2026-05-01T16:50:57.000Z</time></trkpt>
      <trkpt lat="46.3664941" lon="9.8731422"><ele>3235.1</ele><time>2026-05-01T16:52:44.000Z</time></trkpt>
      <trkpt lat="46.3663358" lon="9.87271"><ele>3241.2</ele><time>2026-05-01T16:53:57.000Z</time></trkpt>
      <trkpt lat="46.3651084" lon="9.8740168"><ele>3246.8</ele><time>2026-05-01T17:04:13.000Z</time></trkpt>
      <trkpt lat="46.3653193" lon="9.8750342"><ele>3236.8</ele><time>2026-05-01T17:05:41.000Z</time></trkpt>
      <trkpt lat="46.36591" lon="9.8766723"><ele>3229.9</ele><time>2026-05-01T17:06:58.000Z</time></trkpt>
      <trkpt lat="46.365977" lon="9.8772636"><ele>3229.0</ele><time>2026-05-01T17:07:08.000Z</time></trkpt>
      <trkpt lat="46.3654839" lon="9.8794738"><ele>3217.5</ele><time>2026-05-01T17:09:15.000Z</time></trkpt>
      <trkpt lat="46.3647731" lon="9.8817285"><ele>3201.0</ele><time>2026-05-01T17:11:17.000Z</time></trkpt>
      <trkpt lat="46.3653119" lon="9.8815554"><ele>3183.7</ele><time>2026-05-01T17:11:45.000Z</time></trkpt>
      <trkpt lat="46.3652591" lon="9.8823017"><ele>3162.8</ele><time>2026-05-01T17:11:56.000Z</time></trkpt>
      <trkpt lat="46.3630759" lon="9.8834188"><ele>3130.8</ele><time>2026-05-01T17:12:57.000Z</time></trkpt>
      <trkpt lat="46.3631109" lon="9.8832759"><ele>3134.6</ele><time>2026-05-01T17:16:31.000Z</time></trkpt>
      <trkpt lat="46.362318" lon="9.8832729"><ele>3159.8</ele><time>2026-05-01T17:19:31.000Z</time></trkpt>
      <trkpt lat="46.3619081" lon="9.8836195"><ele>3170.4</ele><time>2026-05-01T17:20:41.000Z</time></trkpt>
      <trkpt lat="46.3614111" lon="9.8835029"><ele>3183.2</ele><time>2026-05-01T17:22:50.000Z</time></trkpt>
      <trkpt lat="46.3612433" lon="9.8836469"><ele>3183.0</ele><time>2026-05-01T17:28:30.000Z</time></trkpt>
      <trkpt lat="46.3613861" lon="9.8835395"><ele>3181.2</ele><time>2026-05-01T17:38:08.000Z</time></trkpt>
      <trkpt lat="46.3614313" lon="9.8835176"><ele>3189.1</ele><time>2026-05-02T06:19:51.000Z</time></trkpt>
      <trkpt lat="46.3617358" lon="9.8836386"><ele>3177.9</ele><time>2026-05-02T06:21:01.000Z</time></trkpt>
      <trkpt lat="46.3622972" lon="9.8833203"><ele>3163.5</ele><time>2026-05-02T06:22:30.000Z</time></trkpt>
      <trkpt lat="46.3635207" lon="9.8831753"><ele>3136.8</ele><time>2026-05-02T06:23:24.000Z</time></trkpt>
      <trkpt lat="46.3645888" lon="9.8833972"><ele>3127.6</ele><time>2026-05-02T06:26:52.000Z</time></trkpt>
      <trkpt lat="46.3651656" lon="9.8838194"><ele>3121.4</ele><time>2026-05-02T06:27:05.000Z</time></trkpt>
      <trkpt lat="46.3658364" lon="9.8851825"><ele>3112.9</ele><time>2026-05-02T06:27:32.000Z</time></trkpt>
      <trkpt lat="46.3665621" lon="9.8890515"><ele>3093.0</ele><time>2026-05-02T06:28:46.000Z</time></trkpt>
      <trkpt lat="46.3668104" lon="9.8896894"><ele>3086.5</ele><time>2026-05-02T06:29:06.000Z</time></trkpt>
      <trkpt lat="46.3672006" lon="9.8901875"><ele>3085.2</ele><time>2026-05-02T06:29:14.000Z</time></trkpt>
      <trkpt lat="46.3673662" lon="9.8911078"><ele>3068.4</ele><time>2026-05-02T06:29:21.000Z</time></trkpt>
      <trkpt lat="46.3678699" lon="9.8921332"><ele>3057.9</ele><time>2026-05-02T06:29:29.000Z</time></trkpt>
      <trkpt lat="46.3686046" lon="9.8975132"><ele>3047.8</ele><time>2026-05-02T06:39:25.000Z</time></trkpt>
      <trkpt lat="46.3689303" lon="9.8981573"><ele>3056.6</ele><time>2026-05-02T06:40:39.000Z</time></trkpt>
      <trkpt lat="46.3688441" lon="9.8984129"><ele>3056.3</ele><time>2026-05-02T06:41:07.000Z</time></trkpt>
      <trkpt lat="46.3689448" lon="9.8995289"><ele>3058.4</ele><time>2026-05-02T06:42:42.000Z</time></trkpt>
      <trkpt lat="46.3687079" lon="9.8997081"><ele>3041.3</ele><time>2026-05-02T06:43:02.000Z</time></trkpt>
      <trkpt lat="46.3687885" lon="9.9018509"><ele>3048.2</ele><time>2026-05-02T06:46:05.000Z</time></trkpt>
      <trkpt lat="46.368655" lon="9.903483"><ele>3066.1</ele><time>2026-05-02T06:49:02.000Z</time></trkpt>
      <trkpt lat="46.3681819" lon="9.9056783"><ele>3091.4</ele><time>2026-05-02T06:53:24.000Z</time></trkpt>
      <trkpt lat="46.3682848" lon="9.9068063"><ele>3109.9</ele><time>2026-05-02T06:55:38.000Z</time></trkpt>
      <trkpt lat="46.3685724" lon="9.9066117"><ele>3114.4</ele><time>2026-05-02T06:56:42.000Z</time></trkpt>
      <trkpt lat="46.3686262" lon="9.9074098"><ele>3125.5</ele><time>2026-05-02T06:58:17.000Z</time></trkpt>
      <trkpt lat="46.3688519" lon="9.9073044"><ele>3125.2</ele><time>2026-05-02T06:58:56.000Z</time></trkpt>
      <trkpt lat="46.368862" lon="9.9077023"><ele>3134.1</ele><time>2026-05-02T06:59:45.000Z</time></trkpt>
      <trkpt lat="46.3697896" lon="9.9070195"><ele>3156.2</ele><time>2026-05-02T07:02:53.000Z</time></trkpt>
      <trkpt lat="46.3699398" lon="9.9072226"><ele>3159.9</ele><time>2026-05-02T07:03:36.000Z</time></trkpt>
      <trkpt lat="46.369479" lon="9.9073837"><ele>3149.4</ele><time>2026-05-02T07:13:58.000Z</time></trkpt>
      <trkpt lat="46.3687531" lon="9.9080436"><ele>3142.2</ele><time>2026-05-02T07:14:06.000Z</time></trkpt>
      <trkpt lat="46.3685969" lon="9.9077518"><ele>3136.5</ele><time>2026-05-02T07:14:10.000Z</time></trkpt>
      <trkpt lat="46.3683676" lon="9.9079311"><ele>3127.5</ele><time>2026-05-02T07:14:14.000Z</time></trkpt>
      <trkpt lat="46.3675572" lon="9.907946"><ele>3094.7</ele><time>2026-05-02T07:14:25.000Z</time></trkpt>
      <trkpt lat="46.3657727" lon="9.9086728"><ele>3072.8</ele><time>2026-05-02T07:17:02.000Z</time></trkpt>
      <trkpt lat="46.3655775" lon="9.9083751"><ele>3065.4</ele><time>2026-05-02T07:17:06.000Z</time></trkpt>
      <trkpt lat="46.3641039" lon="9.9074299"><ele>3043.8</ele><time>2026-05-02T07:17:25.000Z</time></trkpt>
      <trkpt lat="46.3633517" lon="9.9058612"><ele>3020.2</ele><time>2026-05-02T07:17:40.000Z</time></trkpt>
      <trkpt lat="46.3631225" lon="9.9056101"><ele>3016.2</ele><time>2026-05-02T07:17:43.000Z</time></trkpt>
      <trkpt lat="46.3615237" lon="9.904579"><ele>3001.3</ele><time>2026-05-02T07:18:14.000Z</time></trkpt>
      <trkpt lat="46.3605973" lon="9.9043343"><ele>2996.3</ele><time>2026-05-02T07:18:34.000Z</time></trkpt>
      <trkpt lat="46.3604435" lon="9.9043703"><ele>2995.5</ele><time>2026-05-02T07:18:38.000Z</time></trkpt>
      <trkpt lat="46.3600662" lon="9.9049247"><ele>2991.6</ele><time>2026-05-02T07:18:56.000Z</time></trkpt>
      <trkpt lat="46.3596594" lon="9.9051464"><ele>2988.8</ele><time>2026-05-02T07:19:06.000Z</time></trkpt>
      <trkpt lat="46.3592327" lon="9.9051407"><ele>2986.2</ele><time>2026-05-02T07:19:16.000Z</time></trkpt>
      <trkpt lat="46.3587315" lon="9.9047234"><ele>2978.2</ele><time>2026-05-02T07:19:24.000Z</time></trkpt>
      <trkpt lat="46.3582625" lon="9.9046536"><ele>2972.6</ele><time>2026-05-02T07:19:30.000Z</time></trkpt>
      <trkpt lat="46.3577329" lon="9.905127"><ele>2966.9</ele><time>2026-05-02T07:19:45.000Z</time></trkpt>
      <trkpt lat="46.3574695" lon="9.905949"><ele>2954.0</ele><time>2026-05-02T07:20:00.000Z</time></trkpt>
      <trkpt lat="46.3571402" lon="9.9063825"><ele>2947.8</ele><time>2026-05-02T07:20:09.000Z</time></trkpt>
      <trkpt lat="46.3567114" lon="9.9065032"><ele>2929.9</ele><time>2026-05-02T07:20:19.000Z</time></trkpt>
      <trkpt lat="46.356204" lon="9.9070677"><ele>2916.2</ele><time>2026-05-02T07:20:29.000Z</time></trkpt>
      <trkpt lat="46.3550856" lon="9.9072371"><ele>2901.4</ele><time>2026-05-02T07:20:49.000Z</time></trkpt>
      <trkpt lat="46.3544123" lon="9.9075412"><ele>2893.5</ele><time>2026-05-02T07:21:02.000Z</time></trkpt>
      <trkpt lat="46.3541466" lon="9.9074475"><ele>2889.6</ele><time>2026-05-02T07:21:07.000Z</time></trkpt>
      <trkpt lat="46.3539431" lon="9.9071121"><ele>2884.6</ele><time>2026-05-02T07:21:13.000Z</time></trkpt>
      <trkpt lat="46.3533633" lon="9.9071843"><ele>2880.1</ele><time>2026-05-02T07:27:45.000Z</time></trkpt>
      <trkpt lat="46.3534488" lon="9.9074883"><ele>2883.1</ele><time>2026-05-02T07:29:08.000Z</time></trkpt>
      <trkpt lat="46.352876" lon="9.9080375"><ele>2896.9</ele><time>2026-05-02T07:31:06.000Z</time></trkpt>
      <trkpt lat="46.3527366" lon="9.908372"><ele>2905.3</ele><time>2026-05-02T07:31:56.000Z</time></trkpt>
      <trkpt lat="46.3530443" lon="9.9095543"><ele>2919.2</ele><time>2026-05-02T07:34:27.000Z</time></trkpt>
      <trkpt lat="46.3528242" lon="9.9099563"><ele>2928.2</ele><time>2026-05-02T07:35:25.000Z</time></trkpt>
      <trkpt lat="46.3529957" lon="9.9100611"><ele>2930.7</ele><time>2026-05-02T07:35:57.000Z</time></trkpt>
      <trkpt lat="46.3529503" lon="9.9104803"><ele>2945.0</ele><time>2026-05-02T07:37:40.000Z</time></trkpt>
      <trkpt lat="46.352561" lon="9.9109157"><ele>2958.4</ele><time>2026-05-02T07:39:11.000Z</time></trkpt>
      <trkpt lat="46.3525926" lon="9.9114409"><ele>2967.7</ele><time>2026-05-02T07:40:12.000Z</time></trkpt>
      <trkpt lat="46.3523429" lon="9.9118321"><ele>2977.9</ele><time>2026-05-02T07:41:18.000Z</time></trkpt>
      <trkpt lat="46.3521967" lon="9.9124025"><ele>2985.8</ele><time>2026-05-02T07:42:22.000Z</time></trkpt>
      <trkpt lat="46.350605" lon="9.9138522"><ele>3025.8</ele><time>2026-05-02T07:46:58.000Z</time></trkpt>
      <trkpt lat="46.3504046" lon="9.9146948"><ele>3025.8</ele><time>2026-05-02T07:48:22.000Z</time></trkpt>
      <trkpt lat="46.3503249" lon="9.9165702"><ele>3034.2</ele><time>2026-05-02T07:50:54.000Z</time></trkpt>
      <trkpt lat="46.350044" lon="9.9177521"><ele>3031.0</ele><time>2026-05-02T07:52:24.000Z</time></trkpt>
      <trkpt lat="46.3497629" lon="9.918061"><ele>3036.1</ele><time>2026-05-02T07:53:12.000Z</time></trkpt>
      <trkpt lat="46.3496938" lon="9.9187437"><ele>3044.2</ele><time>2026-05-02T07:54:43.000Z</time></trkpt>
      <trkpt lat="46.3507243" lon="9.9230418"><ele>3039.7</ele><time>2026-05-02T08:01:47.000Z</time></trkpt>
      <trkpt lat="46.3507163" lon="9.9246458"><ele>3037.4</ele><time>2026-05-02T08:02:19.000Z</time></trkpt>
      <trkpt lat="46.3512699" lon="9.9260072"><ele>3029.8</ele><time>2026-05-02T08:02:50.000Z</time></trkpt>
      <trkpt lat="46.3516287" lon="9.927567"><ele>3024.6</ele><time>2026-05-02T08:03:22.000Z</time></trkpt>
      <trkpt lat="46.3521652" lon="9.9291409"><ele>3019.7</ele><time>2026-05-02T08:03:52.000Z</time></trkpt>
      <trkpt lat="46.3521996" lon="9.9296308"><ele>3018.5</ele><time>2026-05-02T08:04:02.000Z</time></trkpt>
      <trkpt lat="46.3518305" lon="9.930851"><ele>3017.7</ele><time>2026-05-02T08:05:50.000Z</time></trkpt>
      <trkpt lat="46.35332" lon="9.9317405"><ele>3045.1</ele><time>2026-05-02T08:17:28.000Z</time></trkpt>
      <trkpt lat="46.3540179" lon="9.9323768"><ele>3063.2</ele><time>2026-05-02T08:19:39.000Z</time></trkpt>
      <trkpt lat="46.3550671" lon="9.9329364"><ele>3085.5</ele><time>2026-05-02T08:22:26.000Z</time></trkpt>
      <trkpt lat="46.3560663" lon="9.9343206"><ele>3100.3</ele><time>2026-05-02T08:25:10.000Z</time></trkpt>
      <trkpt lat="46.3580738" lon="9.9363739"><ele>3125.3</ele><time>2026-05-02T08:30:13.000Z</time></trkpt>
      <trkpt lat="46.3588304" lon="9.9362636"><ele>3137.6</ele><time>2026-05-02T08:32:02.000Z</time></trkpt>
      <trkpt lat="46.3597828" lon="9.9354824"><ele>3154.2</ele><time>2026-05-02T08:34:42.000Z</time></trkpt>
      <trkpt lat="46.3606332" lon="9.9357279"><ele>3171.7</ele><time>2026-05-02T08:37:05.000Z</time></trkpt>
      <trkpt lat="46.3605489" lon="9.9380512"><ele>3199.3</ele><time>2026-05-02T08:47:15.000Z</time></trkpt>
      <trkpt lat="46.3620694" lon="9.9380714"><ele>3226.0</ele><time>2026-05-02T08:51:15.000Z</time></trkpt>
      <trkpt lat="46.3610277" lon="9.9396677"><ele>3263.1</ele><time>2026-05-02T08:55:43.000Z</time></trkpt>
      <trkpt lat="46.3613517" lon="9.9397329"><ele>3271.7</ele><time>2026-05-02T08:56:56.000Z</time></trkpt>
      <trkpt lat="46.3612933" lon="9.9399158"><ele>3272.8</ele><time>2026-05-02T08:57:34.000Z</time></trkpt>
      <trkpt lat="46.3615187" lon="9.9401215"><ele>3282.6</ele><time>2026-05-02T08:58:24.000Z</time></trkpt>
      <trkpt lat="46.3615895" lon="9.9426136"><ele>3318.1</ele><time>2026-05-02T09:02:58.000Z</time></trkpt>
      <trkpt lat="46.3625956" lon="9.9426122"><ele>3333.5</ele><time>2026-05-02T09:05:39.000Z</time></trkpt>
      <trkpt lat="46.3621502" lon="9.943733"><ele>3355.0</ele><time>2026-05-02T09:12:35.000Z</time></trkpt>
      <trkpt lat="46.3629841" lon="9.9435661"><ele>3369.8</ele><time>2026-05-02T09:14:56.000Z</time></trkpt>
      <trkpt lat="46.3629128" lon="9.9444293"><ele>3383.2</ele><time>2026-05-02T09:17:24.000Z</time></trkpt>
      <trkpt lat="46.3629362" lon="9.9445578"><ele>3385.3</ele><time>2026-05-02T09:17:41.000Z</time></trkpt>
      <trkpt lat="46.3631506" lon="9.9444776"><ele>3391.6</ele><time>2026-05-02T09:18:19.000Z</time></trkpt>
      <trkpt lat="46.3631144" lon="9.9454514"><ele>3404.7</ele><time>2026-05-02T09:22:48.000Z</time></trkpt>
      <trkpt lat="46.3633845" lon="9.9454923"><ele>3412.2</ele><time>2026-05-02T09:23:54.000Z</time></trkpt>
      <trkpt lat="46.3631894" lon="9.9462564"><ele>3424.4</ele><time>2026-05-02T09:25:34.000Z</time></trkpt>
      <trkpt lat="46.3631269" lon="9.9476098"><ele>3440.9</ele><time>2026-05-02T09:28:13.000Z</time></trkpt>
      <trkpt lat="46.3633902" lon="9.9474963"><ele>3447.0</ele><time>2026-05-02T09:29:02.000Z</time></trkpt>
      <trkpt lat="46.3634057" lon="9.947682"><ele>3451.6</ele><time>2026-05-02T09:31:03.000Z</time></trkpt>
      <trkpt lat="46.363331" lon="9.9480828"><ele>3457.8</ele><time>2026-05-02T09:31:49.000Z</time></trkpt>
      <trkpt lat="46.3622045" lon="9.9495318"><ele>3500.3</ele><time>2026-05-02T09:38:34.000Z</time></trkpt>
      <trkpt lat="46.3620529" lon="9.9494349"><ele>3504.4</ele><time>2026-05-02T09:39:09.000Z</time></trkpt>
      <trkpt lat="46.3617887" lon="9.9497194"><ele>3510.7</ele><time>2026-05-02T09:40:06.000Z</time></trkpt>
      <trkpt lat="46.3615035" lon="9.9497334"><ele>3529.0</ele><time>2026-05-02T09:48:05.000Z</time></trkpt>
      <trkpt lat="46.3611131" lon="9.9501261"><ele>3542.4</ele><time>2026-05-02T10:02:50.000Z</time></trkpt>
      <trkpt lat="46.3620455" lon="9.9495028"><ele>3508.5</ele><time>2026-05-02T11:11:26.000Z</time></trkpt>
      <trkpt lat="46.3635224" lon="9.9496118"><ele>3493.0</ele><time>2026-05-02T11:13:27.000Z</time></trkpt>
      <trkpt lat="46.3646148" lon="9.949428"><ele>3507.9</ele><time>2026-05-02T11:15:23.000Z</time></trkpt>
      <trkpt lat="46.3655471" lon="9.948801"><ele>3517.1</ele><time>2026-05-02T11:16:46.000Z</time></trkpt>
      <trkpt lat="46.366528" lon="9.9467371"><ele>3529.9</ele><time>2026-05-02T11:19:12.000Z</time></trkpt>
      <trkpt lat="46.366781" lon="9.9448305"><ele>3535.2</ele><time>2026-05-02T11:21:00.000Z</time></trkpt>
      <trkpt lat="46.3674393" lon="9.9420432"><ele>3549.1</ele><time>2026-05-02T11:23:52.000Z</time></trkpt>
      <trkpt lat="46.3679441" lon="9.9405155"><ele>3568.4</ele><time>2026-05-02T11:26:05.000Z</time></trkpt>
      <trkpt lat="46.3682711" lon="9.938467"><ele>3590.0</ele><time>2026-05-02T11:28:46.000Z</time></trkpt>
      <trkpt lat="46.368674" lon="9.9376584"><ele>3601.2</ele><time>2026-05-02T11:30:08.000Z</time></trkpt>
      <trkpt lat="46.3693403" lon="9.9369207"><ele>3615.5</ele><time>2026-05-02T11:31:48.000Z</time></trkpt>
      <trkpt lat="46.3686982" lon="9.9364546"><ele>3628.0</ele><time>2026-05-02T11:33:22.000Z</time></trkpt>
      <trkpt lat="46.3693482" lon="9.9359067"><ele>3642.2</ele><time>2026-05-02T11:34:57.000Z</time></trkpt>
      <trkpt lat="46.3708308" lon="9.9357687"><ele>3674.3</ele><time>2026-05-02T11:38:02.000Z</time></trkpt>
      <trkpt lat="46.3712406" lon="9.9355669"><ele>3679.3</ele><time>2026-05-02T11:39:00.000Z</time></trkpt>
      <trkpt lat="46.372345" lon="9.9345124"><ele>3703.4</ele><time>2026-05-02T11:42:16.000Z</time></trkpt>
      <trkpt lat="46.3710855" lon="9.932643"><ele>3728.8</ele><time>2026-05-02T11:46:37.000Z</time></trkpt>
      <trkpt lat="46.3719028" lon="9.9322881"><ele>3745.1</ele><time>2026-05-02T11:48:44.000Z</time></trkpt>
      <trkpt lat="46.3715604" lon="9.9317252"><ele>3751.3</ele><time>2026-05-02T11:50:01.000Z</time></trkpt>
      <trkpt lat="46.3712718" lon="9.931528"><ele>3755.9</ele><time>2026-05-02T11:50:50.000Z</time></trkpt>
      <trkpt lat="46.3717645" lon="9.9310821"><ele>3774.6</ele><time>2026-05-02T11:52:41.000Z</time></trkpt>
      <trkpt lat="46.3713849" lon="9.9306708"><ele>3784.8</ele><time>2026-05-02T11:54:43.000Z</time></trkpt>
      <trkpt lat="46.371586" lon="9.9305745"><ele>3790.5</ele><time>2026-05-02T11:56:16.000Z</time></trkpt>
      <trkpt lat="46.3714283" lon="9.9303737"><ele>3790.7</ele><time>2026-05-02T12:01:14.000Z</time></trkpt>
      <trkpt lat="46.3714104" lon="9.9299726"><ele>3781.8</ele><time>2026-05-02T12:02:47.000Z</time></trkpt>
      <trkpt lat="46.3713321" lon="9.9301839"><ele>3800.2</ele><time>2026-05-02T12:03:33.000Z</time></trkpt>
      <trkpt lat="46.3712305" lon="9.9301016"><ele>3834.3</ele><time>2026-05-02T12:08:15.000Z</time></trkpt>
      <trkpt lat="46.3712575" lon="9.9298921"><ele>3835.8</ele><time>2026-05-02T12:08:54.000Z</time></trkpt>
      <trkpt lat="46.370518" lon="9.9298858"><ele>3892.1</ele><time>2026-05-02T12:18:24.000Z</time></trkpt>
      <trkpt lat="46.3687894" lon="9.9310394"><ele>3978.4</ele><time>2026-05-02T12:32:22.000Z</time></trkpt>
      <trkpt lat="46.3683267" lon="9.9311869"><ele>3998.8</ele><time>2026-05-02T12:35:47.000Z</time></trkpt>
      <trkpt lat="46.368674" lon="9.930844"><ele>3974.8</ele><time>2026-05-02T12:40:49.000Z</time></trkpt>
      <trkpt lat="46.3688195" lon="9.9304789"><ele>3952.2</ele><time>2026-05-02T12:41:02.000Z</time></trkpt>
      <trkpt lat="46.3687167" lon="9.9301721"><ele>3932.9</ele><time>2026-05-02T12:41:14.000Z</time></trkpt>
      <trkpt lat="46.3688702" lon="9.9298802"><ele>3913.8</ele><time>2026-05-02T12:41:23.000Z</time></trkpt>
      <trkpt lat="46.3687101" lon="9.929588"><ele>3893.9</ele><time>2026-05-02T12:41:31.000Z</time></trkpt>
      <trkpt lat="46.3674724" lon="9.9290956"><ele>3849.1</ele><time>2026-05-02T12:41:54.000Z</time></trkpt>
      <trkpt lat="46.3667201" lon="9.9283921"><ele>3845.2</ele><time>2026-05-02T12:45:45.000Z</time></trkpt>
      <trkpt lat="46.3664866" lon="9.9278958"><ele>3846.8</ele><time>2026-05-02T12:46:50.000Z</time></trkpt>
      <trkpt lat="46.366549" lon="9.9270724"><ele>3875.9</ele><time>2026-05-02T12:49:33.000Z</time></trkpt>
      <trkpt lat="46.3664146" lon="9.9270214"><ele>3883.4</ele><time>2026-05-02T12:50:49.000Z</time></trkpt>
      <trkpt lat="46.3664193" lon="9.9265557"><ele>3905.9</ele><time>2026-05-02T12:52:53.000Z</time></trkpt>
      <trkpt lat="46.3659826" lon="9.925197"><ele>3945.0</ele><time>2026-05-02T12:58:31.000Z</time></trkpt>
      <trkpt lat="46.3660842" lon="9.9249121"><ele>3931.2</ele><time>2026-05-02T13:02:11.000Z</time></trkpt>
      <trkpt lat="46.3667164" lon="9.9243094"><ele>3886.4</ele><time>2026-05-02T13:03:04.000Z</time></trkpt>
      <trkpt lat="46.3667636" lon="9.9249247"><ele>3874.3</ele><time>2026-05-02T13:03:14.000Z</time></trkpt>
      <trkpt lat="46.3669252" lon="9.9248075"><ele>3864.1</ele><time>2026-05-02T13:03:18.000Z</time></trkpt>
      <trkpt lat="46.3683505" lon="9.9250966"><ele>3811.5</ele><time>2026-05-02T13:03:35.000Z</time></trkpt>
      <trkpt lat="46.3689876" lon="9.9250577"><ele>3802.8</ele><time>2026-05-02T13:03:43.000Z</time></trkpt>
      <trkpt lat="46.3695365" lon="9.9254113"><ele>3791.0</ele><time>2026-05-02T13:03:50.000Z</time></trkpt>
      <trkpt lat="46.3717753" lon="9.9260479"><ele>3729.8</ele><time>2026-05-02T13:04:18.000Z</time></trkpt>
      <trkpt lat="46.3728184" lon="9.9265552"><ele>3685.5</ele><time>2026-05-02T13:04:31.000Z</time></trkpt>
      <trkpt lat="46.3736269" lon="9.9265772"><ele>3661.2</ele><time>2026-05-02T13:04:43.000Z</time></trkpt>
      <trkpt lat="46.3740801" lon="9.9262775"><ele>3641.6</ele><time>2026-05-02T13:04:50.000Z</time></trkpt>
      <trkpt lat="46.3749523" lon="9.9261416"><ele>3607.5</ele><time>2026-05-02T13:05:06.000Z</time></trkpt>
      <trkpt lat="46.3752378" lon="9.9250219"><ele>3571.1</ele><time>2026-05-02T13:05:26.000Z</time></trkpt>
      <trkpt lat="46.3758348" lon="9.9243126"><ele>3514.2</ele><time>2026-05-02T13:05:43.000Z</time></trkpt>
      <trkpt lat="46.3762548" lon="9.9235282"><ele>3469.6</ele><time>2026-05-02T13:05:58.000Z</time></trkpt>
      <trkpt lat="46.3766576" lon="9.9210943"><ele>3433.6</ele><time>2026-05-02T13:07:17.000Z</time></trkpt>
      <trkpt lat="46.3765419" lon="9.9202403"><ele>3447.4</ele><time>2026-05-02T13:10:29.000Z</time></trkpt>
      <trkpt lat="46.3759997" lon="9.9202031"><ele>3455.3</ele><time>2026-05-02T13:11:51.000Z</time></trkpt>
      <trkpt lat="46.3759632" lon="9.9196059"><ele>3469.5</ele><time>2026-05-02T13:12:45.000Z</time></trkpt>
      <trkpt lat="46.3761215" lon="9.918886"><ele>3480.4</ele><time>2026-05-02T13:13:51.000Z</time></trkpt>
      <trkpt lat="46.3751221" lon="9.9187498"><ele>3510.7</ele><time>2026-05-02T13:16:34.000Z</time></trkpt>
      <trkpt lat="46.3752751" lon="9.9176048"><ele>3532.4</ele><time>2026-05-02T13:18:34.000Z</time></trkpt>
      <trkpt lat="46.3748393" lon="9.9169131"><ele>3551.0</ele><time>2026-05-02T13:20:11.000Z</time></trkpt>
      <trkpt lat="46.3746942" lon="9.9158124"><ele>3577.4</ele><time>2026-05-02T13:22:04.000Z</time></trkpt>
      <trkpt lat="46.3747371" lon="9.9151297"><ele>3589.6</ele><time>2026-05-02T13:23:14.000Z</time></trkpt>
      <trkpt lat="46.374977" lon="9.9144126"><ele>3605.7</ele><time>2026-05-02T13:24:31.000Z</time></trkpt>
      <trkpt lat="46.3755429" lon="9.9135599"><ele>3630.1</ele><time>2026-05-02T13:27:57.000Z</time></trkpt>
      <trkpt lat="46.3767706" lon="9.9125516"><ele>3674.4</ele><time>2026-05-02T13:31:36.000Z</time></trkpt>
      <trkpt lat="46.377457" lon="9.9127028"><ele>3697.0</ele><time>2026-05-02T13:33:38.000Z</time></trkpt>
      <trkpt lat="46.3779878" lon="9.9130283"><ele>3714.5</ele><time>2026-05-02T13:35:16.000Z</time></trkpt>
      <trkpt lat="46.3780698" lon="9.9128872"><ele>3719.7</ele><time>2026-05-02T13:35:55.000Z</time></trkpt>
      <trkpt lat="46.3787196" lon="9.9132365"><ele>3743.4</ele><time>2026-05-02T13:39:48.000Z</time></trkpt>
      <trkpt lat="46.3787322" lon="9.912209"><ele>3762.5</ele><time>2026-05-02T13:42:38.000Z</time></trkpt>
      <trkpt lat="46.3784383" lon="9.9105272"><ele>3796.3</ele><time>2026-05-02T13:45:59.000Z</time></trkpt>
      <trkpt lat="46.3788129" lon="9.9108423"><ele>3811.6</ele><time>2026-05-02T13:47:25.000Z</time></trkpt>
      <trkpt lat="46.378821" lon="9.9100552"><ele>3827.2</ele><time>2026-05-02T13:49:03.000Z</time></trkpt>
      <trkpt lat="46.3789884" lon="9.9102921"><ele>3831.3</ele><time>2026-05-02T13:49:57.000Z</time></trkpt>
      <trkpt lat="46.3789908" lon="9.9099686"><ele>3840.3</ele><time>2026-05-02T13:50:45.000Z</time></trkpt>
      <trkpt lat="46.3791435" lon="9.9102164"><ele>3847.3</ele><time>2026-05-02T13:51:26.000Z</time></trkpt>
      <trkpt lat="46.3791119" lon="9.9097035"><ele>3857.3</ele><time>2026-05-02T13:53:06.000Z</time></trkpt>
      <trkpt lat="46.3794959" lon="9.9099767"><ele>3885.3</ele><time>2026-05-02T14:01:10.000Z</time></trkpt>
      <trkpt lat="46.3794754" lon="9.9094878"><ele>3898.9</ele><time>2026-05-02T14:03:33.000Z</time></trkpt>
      <trkpt lat="46.3796111" lon="9.9096755"><ele>3919.5</ele><time>2026-05-02T14:05:27.000Z</time></trkpt>
      <trkpt lat="46.37983" lon="9.9090248"><ele>3935.6</ele><time>2026-05-02T14:07:56.000Z</time></trkpt>
      <trkpt lat="46.3801245" lon="9.9088411"><ele>3941.7</ele><time>2026-05-02T14:09:04.000Z</time></trkpt>
      <trkpt lat="46.3805919" lon="9.9079616"><ele>3967.5</ele><time>2026-05-02T14:12:46.000Z</time></trkpt>
      <trkpt lat="46.380968" lon="9.9075883"><ele>3983.9</ele><time>2026-05-02T14:14:31.000Z</time></trkpt>
      <trkpt lat="46.3813295" lon="9.9075195"><ele>4000.8</ele><time>2026-05-02T14:16:56.000Z</time></trkpt>
      <trkpt lat="46.3821054" lon="9.9081221"><ele>4030.0</ele><time>2026-05-02T14:22:25.000Z</time></trkpt>
      <trkpt lat="46.3824234" lon="9.9080127"><ele>4048.0</ele><time>2026-05-02T14:25:18.000Z</time></trkpt>
      <trkpt lat="46.3820811" lon="9.9080954"><ele>4031.3</ele><time>2026-05-02T14:42:01.000Z</time></trkpt>
      <trkpt lat="46.3812481" lon="9.9075192"><ele>3999.2</ele><time>2026-05-02T14:46:55.000Z</time></trkpt>
      <trkpt lat="46.3807406" lon="9.9078596"><ele>3981.3</ele><time>2026-05-02T14:48:15.000Z</time></trkpt>
      <trkpt lat="46.3801559" lon="9.9086338"><ele>3956.8</ele><time>2026-05-02T14:49:43.000Z</time></trkpt>
      <trkpt lat="46.3800332" lon="9.9091017"><ele>3960.8</ele><time>2026-05-02T14:50:51.000Z</time></trkpt>
      <trkpt lat="46.3797326" lon="9.9091904"><ele>3941.0</ele><time>2026-05-02T14:51:49.000Z</time></trkpt>
      <trkpt lat="46.3796475" lon="9.909537"><ele>3926.5</ele><time>2026-05-02T14:52:24.000Z</time></trkpt>
      <trkpt lat="46.3794575" lon="9.9095093"><ele>3902.8</ele><time>2026-05-02T14:53:57.000Z</time></trkpt>
      <trkpt lat="46.3795377" lon="9.9100392"><ele>3884.8</ele><time>2026-05-02T14:56:01.000Z</time></trkpt>
      <trkpt lat="46.3793562" lon="9.9099147"><ele>3872.9</ele><time>2026-05-02T15:00:32.000Z</time></trkpt>
      <trkpt lat="46.3790324" lon="9.9102674"><ele>3842.5</ele><time>2026-05-02T15:00:44.000Z</time></trkpt>
      <trkpt lat="46.3788776" lon="9.9102489"><ele>3834.4</ele><time>2026-05-02T15:00:47.000Z</time></trkpt>
      <trkpt lat="46.379047" lon="9.9112032"><ele>3814.0</ele><time>2026-05-02T15:01:00.000Z</time></trkpt>
      <trkpt lat="46.3789711" lon="9.9115714"><ele>3801.5</ele><time>2026-05-02T15:01:07.000Z</time></trkpt>
      <trkpt lat="46.3787302" lon="9.9117873"><ele>3778.5</ele><time>2026-05-02T15:01:15.000Z</time></trkpt>
      <trkpt lat="46.3786334" lon="9.9123025"><ele>3759.8</ele><time>2026-05-02T15:01:23.000Z</time></trkpt>
      <trkpt lat="46.3783152" lon="9.9123704"><ele>3745.8</ele><time>2026-05-02T15:01:28.000Z</time></trkpt>
      <trkpt lat="46.3783618" lon="9.9133202"><ele>3725.4</ele><time>2026-05-02T15:01:39.000Z</time></trkpt>
      <trkpt lat="46.3781784" lon="9.9133358"><ele>3715.1</ele><time>2026-05-02T15:01:43.000Z</time></trkpt>
      <trkpt lat="46.3781309" lon="9.9135496"><ele>3707.6</ele><time>2026-05-02T15:01:47.000Z</time></trkpt>
      <trkpt lat="46.3779033" lon="9.9132993"><ele>3701.1</ele><time>2026-05-02T15:01:52.000Z</time></trkpt>
      <trkpt lat="46.3777663" lon="9.9133567"><ele>3695.8</ele><time>2026-05-02T15:01:55.000Z</time></trkpt>
      <trkpt lat="46.3769989" lon="9.9147263"><ele>3639.3</ele><time>2026-05-02T15:02:09.000Z</time></trkpt>
      <trkpt lat="46.376453" lon="9.9149948"><ele>3625.9</ele><time>2026-05-02T15:02:15.000Z</time></trkpt>
      <trkpt lat="46.3758317" lon="9.9155552"><ele>3605.0</ele><time>2026-05-02T15:02:23.000Z</time></trkpt>
      <trkpt lat="46.375531" lon="9.916126"><ele>3581.3</ele><time>2026-05-02T15:02:28.000Z</time></trkpt>
      <trkpt lat="46.3750827" lon="9.9163964"><ele>3567.6</ele><time>2026-05-02T15:02:32.000Z</time></trkpt>
      <trkpt lat="46.37488" lon="9.916823"><ele>3554.9</ele><time>2026-05-02T15:02:35.000Z</time></trkpt>
      <trkpt lat="46.3745507" lon="9.9184766"><ele>3537.9</ele><time>2026-05-02T15:02:47.000Z</time></trkpt>
      <trkpt lat="46.3746012" lon="9.919439"><ele>3526.3</ele><time>2026-05-02T15:02:59.000Z</time></trkpt>
      <trkpt lat="46.3750289" lon="9.9200938"><ele>3507.7</ele><time>2026-05-02T15:03:08.000Z</time></trkpt>
      <trkpt lat="46.3760047" lon="9.9208874"><ele>3458.2</ele><time>2026-05-02T15:03:23.000Z</time></trkpt>
      <trkpt lat="46.3763407" lon="9.9226144"><ele>3437.0</ele><time>2026-05-02T15:03:39.000Z</time></trkpt>
      <trkpt lat="46.3765521" lon="9.9229673"><ele>3435.6</ele><time>2026-05-02T15:05:50.000Z</time></trkpt>
      <trkpt lat="46.3765174" lon="9.9244327"><ele>3474.4</ele><time>2026-05-02T15:09:51.000Z</time></trkpt>
      <trkpt lat="46.3761261" lon="9.9242746"><ele>3490.7</ele><time>2026-05-02T15:13:08.000Z</time></trkpt>
      <trkpt lat="46.3761484" lon="9.9247261"><ele>3501.9</ele><time>2026-05-02T15:14:39.000Z</time></trkpt>
      <trkpt lat="46.3760534" lon="9.924829"><ele>3508.3</ele><time>2026-05-02T15:15:25.000Z</time></trkpt>
      <trkpt lat="46.375445" lon="9.9244"><ele>3535.0</ele><time>2026-05-02T15:18:23.000Z</time></trkpt>
      <trkpt lat="46.3753467" lon="9.9249719"><ele>3547.6</ele><time>2026-05-02T15:19:55.000Z</time></trkpt>
      <trkpt lat="46.375409" lon="9.925479"><ele>3561.0</ele><time>2026-05-02T15:21:13.000Z</time></trkpt>
      <trkpt lat="46.3748686" lon="9.9253033"><ele>3583.1</ele><time>2026-05-02T15:23:46.000Z</time></trkpt>
      <trkpt lat="46.3749903" lon="9.9262386"><ele>3602.3</ele><time>2026-05-02T15:26:08.000Z</time></trkpt>
      <trkpt lat="46.3737999" lon="9.9262429"><ele>3644.1</ele><time>2026-05-02T15:31:12.000Z</time></trkpt>
      <trkpt lat="46.3736556" lon="9.9265939"><ele>3653.8</ele><time>2026-05-02T15:32:20.000Z</time></trkpt>
      <trkpt lat="46.3731537" lon="9.9264443"><ele>3670.0</ele><time>2026-05-02T15:34:05.000Z</time></trkpt>
      <trkpt lat="46.373072" lon="9.9265942"><ele>3672.3</ele><time>2026-05-02T15:34:33.000Z</time></trkpt>
      <trkpt lat="46.3733337" lon="9.9276741"><ele>3675.8</ele><time>2026-05-02T15:36:01.000Z</time></trkpt>
      <trkpt lat="46.3746321" lon="9.9299443"><ele>3698.7</ele><time>2026-05-02T15:42:08.000Z</time></trkpt>
      <trkpt lat="46.375288" lon="9.9304621"><ele>3714.5</ele><time>2026-05-02T15:44:29.000Z</time></trkpt>
      <trkpt lat="46.3750259" lon="9.9305927"><ele>3718.0</ele><time>2026-05-02T15:45:37.000Z</time></trkpt>
      <trkpt lat="46.3755357" lon="9.9310976"><ele>3737.5</ele><time>2026-05-02T15:47:55.000Z</time></trkpt>
      <trkpt lat="46.3753295" lon="9.9311589"><ele>3743.0</ele><time>2026-05-02T15:50:17.000Z</time></trkpt>
      <trkpt lat="46.3762001" lon="9.9323406"><ele>3743.0</ele><time>2026-05-02T15:53:19.000Z</time></trkpt>
      <trkpt lat="46.3777969" lon="9.9385891"><ele>3704.5</ele><time>2026-05-02T15:58:19.000Z</time></trkpt>
      <trkpt lat="46.3782328" lon="9.9397522"><ele>3708.4</ele><time>2026-05-02T16:00:33.000Z</time></trkpt>
      <trkpt lat="46.3776905" lon="9.9412699"><ele>3726.4</ele><time>2026-05-02T16:06:48.000Z</time></trkpt>
      <trkpt lat="46.3776233" lon="9.9427493"><ele>3748.7</ele><time>2026-05-02T16:10:09.000Z</time></trkpt>
      <trkpt lat="46.3770947" lon="9.9417618"><ele>3769.2</ele><time>2026-05-02T16:12:48.000Z</time></trkpt>
      <trkpt lat="46.3769886" lon="9.9419701"><ele>3773.8</ele><time>2026-05-02T16:13:20.000Z</time></trkpt>
      <trkpt lat="46.3768565" lon="9.9417178"><ele>3782.8</ele><time>2026-05-02T16:14:10.000Z</time></trkpt>
      <trkpt lat="46.3767954" lon="9.9418754"><ele>3785.6</ele><time>2026-05-02T16:15:30.000Z</time></trkpt>
      <trkpt lat="46.3763725" lon="9.9401929"><ele>3818.8</ele><time>2026-05-02T16:20:13.000Z</time></trkpt>
      <trkpt lat="46.3762175" lon="9.9399445"><ele>3823.5</ele><time>2026-05-02T16:20:45.000Z</time></trkpt>
      <trkpt lat="46.3762437" lon="9.9395589"><ele>3832.8</ele><time>2026-05-02T16:21:29.000Z</time></trkpt>
      <trkpt lat="46.3759624" lon="9.9390593"><ele>3848.6</ele><time>2026-05-02T16:22:55.000Z</time></trkpt>
      <trkpt lat="46.3760723" lon="9.9388625"><ele>3856.6</ele><time>2026-05-02T16:23:34.000Z</time></trkpt>
      <trkpt lat="46.3759026" lon="9.9386937"><ele>3862.0</ele><time>2026-05-02T16:24:21.000Z</time></trkpt>
      <trkpt lat="46.3761023" lon="9.9385726"><ele>3870.6</ele><time>2026-05-02T16:25:06.000Z</time></trkpt>
      <trkpt lat="46.3758205" lon="9.9378992"><ele>3886.7</ele><time>2026-05-02T16:27:36.000Z</time></trkpt>
      <trkpt lat="46.3760186" lon="9.9385323"><ele>3873.0</ele><time>2026-05-02T16:30:45.000Z</time></trkpt>
      <trkpt lat="46.3761235" lon="9.9385646"><ele>3872.7</ele><time>2026-05-02T16:30:47.000Z</time></trkpt>
      <trkpt lat="46.3760715" lon="9.9387568"><ele>3864.0</ele><time>2026-05-02T16:30:51.000Z</time></trkpt>
      <trkpt lat="46.3764828" lon="9.939273"><ele>3840.1</ele><time>2026-05-02T16:31:35.000Z</time></trkpt>
      <trkpt lat="46.3765865" lon="9.9401191"><ele>3814.6</ele><time>2026-05-02T16:31:44.000Z</time></trkpt>
      <trkpt lat="46.3767388" lon="9.940395"><ele>3800.8</ele><time>2026-05-02T16:31:48.000Z</time></trkpt>
      <trkpt lat="46.3769565" lon="9.9415058"><ele>3781.2</ele><time>2026-05-02T16:32:00.000Z</time></trkpt>
      <trkpt lat="46.377872" lon="9.9427154"><ele>3738.5</ele><time>2026-05-02T16:32:16.000Z</time></trkpt>
      <trkpt lat="46.3781921" lon="9.94283"><ele>3728.6</ele><time>2026-05-02T16:32:20.000Z</time></trkpt>
      <trkpt lat="46.3786458" lon="9.9435851"><ele>3717.7</ele><time>2026-05-02T16:32:32.000Z</time></trkpt>
      <trkpt lat="46.3793887" lon="9.9439177"><ele>3682.0</ele><time>2026-05-02T16:32:47.000Z</time></trkpt>
      <trkpt lat="46.3793419" lon="9.9441685"><ele>3680.9</ele><time>2026-05-02T16:32:54.000Z</time></trkpt>
      <trkpt lat="46.3786702" lon="9.9446342"><ele>3678.8</ele><time>2026-05-02T16:33:47.000Z</time></trkpt>
      <trkpt lat="46.3777324" lon="9.9457256"><ele>3677.5</ele><time>2026-05-02T16:34:56.000Z</time></trkpt>
      <trkpt lat="46.3774057" lon="9.9465212"><ele>3668.6</ele><time>2026-05-02T16:35:23.000Z</time></trkpt>
      <trkpt lat="46.3772614" lon="9.9480446"><ele>3649.4</ele><time>2026-05-02T16:35:35.000Z</time></trkpt>
      <trkpt lat="46.3768387" lon="9.9483153"><ele>3640.3</ele><time>2026-05-02T16:35:39.000Z</time></trkpt>
      <trkpt lat="46.3761166" lon="9.9484613"><ele>3634.2</ele><time>2026-05-02T16:35:46.000Z</time></trkpt>
      <trkpt lat="46.3742459" lon="9.9480634"><ele>3618.3</ele><time>2026-05-02T16:36:16.000Z</time></trkpt>
      <trkpt lat="46.3731155" lon="9.9469508"><ele>3598.9</ele><time>2026-05-02T16:36:37.000Z</time></trkpt>
      <trkpt lat="46.3719818" lon="9.9464685"><ele>3578.6</ele><time>2026-05-02T16:36:48.000Z</time></trkpt>
      <trkpt lat="46.3698075" lon="9.9464478"><ele>3552.3</ele><time>2026-05-02T16:37:12.000Z</time></trkpt>
      <trkpt lat="46.369028" lon="9.9466268"><ele>3544.9</ele><time>2026-05-02T16:37:28.000Z</time></trkpt>
      <trkpt lat="46.3671822" lon="9.9475936"><ele>3539.5</ele><time>2026-05-02T16:38:58.000Z</time></trkpt>
      <trkpt lat="46.3646256" lon="9.949409"><ele>3510.6</ele><time>2026-05-02T16:39:53.000Z</time></trkpt>
      <trkpt lat="46.3635355" lon="9.9496077"><ele>3497.7</ele><time>2026-05-02T16:40:08.000Z</time></trkpt>
      <trkpt lat="46.3620563" lon="9.9494725"><ele>3504.1</ele><time>2026-05-02T16:44:21.000Z</time></trkpt>
      <trkpt lat="46.3618184" lon="9.949704"><ele>3513.0</ele><time>2026-05-02T16:45:01.000Z</time></trkpt>
      <trkpt lat="46.361713" lon="9.9495862"><ele>3517.2</ele><time>2026-05-02T16:45:40.000Z</time></trkpt>
      <trkpt lat="46.3611549" lon="9.9501706"><ele>3538.5</ele><time>2026-05-02T16:48:37.000Z</time></trkpt>
      <trkpt lat="46.3611835" lon="9.9500678"><ele>3547.5</ele><time>2026-05-03T02:42:24.000Z</time></trkpt>
      <trkpt lat="46.3617875" lon="9.9494547"><ele>3526.3</ele><time>2026-05-03T02:46:13.000Z</time></trkpt>
      <trkpt lat="46.3618644" lon="9.9495889"><ele>3517.9</ele><time>2026-05-03T02:46:20.000Z</time></trkpt>
      <trkpt lat="46.3630262" lon="9.94956"><ele>3500.0</ele><time>2026-05-03T02:46:33.000Z</time></trkpt>
      <trkpt lat="46.3646044" lon="9.9493641"><ele>3516.0</ele><time>2026-05-03T02:54:17.000Z</time></trkpt>
      <trkpt lat="46.3666237" lon="9.9497236"><ele>3525.4</ele><time>2026-05-03T02:59:01.000Z</time></trkpt>
      <trkpt lat="46.3691329" lon="9.9493771"><ele>3525.3</ele><time>2026-05-03T03:04:06.000Z</time></trkpt>
      <trkpt lat="46.3705158" lon="9.9499292"><ele>3533.1</ele><time>2026-05-03T03:07:15.000Z</time></trkpt>
      <trkpt lat="46.3723334" lon="9.9516903"><ele>3566.9</ele><time>2026-05-03T03:12:54.000Z</time></trkpt>
      <trkpt lat="46.3730584" lon="9.9519495"><ele>3575.6</ele><time>2026-05-03T03:15:03.000Z</time></trkpt>
      <trkpt lat="46.3735178" lon="9.9518071"><ele>3586.2</ele><time>2026-05-03T03:16:14.000Z</time></trkpt>
      <trkpt lat="46.3740755" lon="9.9511765"><ele>3598.8</ele><time>2026-05-03T03:18:08.000Z</time></trkpt>
      <trkpt lat="46.3745496" lon="9.9518575"><ele>3611.1</ele><time>2026-05-03T03:20:12.000Z</time></trkpt>
      <trkpt lat="46.3749205" lon="9.9512648"><ele>3623.6</ele><time>2026-05-03T03:21:56.000Z</time></trkpt>
      <trkpt lat="46.3756773" lon="9.9506111"><ele>3636.1</ele><time>2026-05-03T03:24:33.000Z</time></trkpt>
      <trkpt lat="46.3761071" lon="9.9526821"><ele>3664.6</ele><time>2026-05-03T03:31:37.000Z</time></trkpt>
      <trkpt lat="46.3764639" lon="9.9524697"><ele>3673.8</ele><time>2026-05-03T03:32:48.000Z</time></trkpt>
      <trkpt lat="46.3768142" lon="9.9537327"><ele>3693.8</ele><time>2026-05-03T03:35:43.000Z</time></trkpt>
      <trkpt lat="46.3771157" lon="9.9543257"><ele>3704.8</ele><time>2026-05-03T03:37:24.000Z</time></trkpt>
      <trkpt lat="46.3774604" lon="9.9547652"><ele>3714.2</ele><time>2026-05-03T03:38:54.000Z</time></trkpt>
      <trkpt lat="46.3777714" lon="9.9543759"><ele>3727.8</ele><time>2026-05-03T03:40:12.000Z</time></trkpt>
      <trkpt lat="46.378181" lon="9.9543354"><ele>3732.7</ele><time>2026-05-03T03:41:40.000Z</time></trkpt>
      <trkpt lat="46.3781446" lon="9.955182"><ele>3748.4</ele><time>2026-05-03T03:43:43.000Z</time></trkpt>
      <trkpt lat="46.3782801" lon="9.9551767"><ele>3752.0</ele><time>2026-05-03T04:00:19.000Z</time></trkpt>
      <trkpt lat="46.3783864" lon="9.9554902"><ele>3769.7</ele><time>2026-05-03T04:05:26.000Z</time></trkpt>
      <trkpt lat="46.37877" lon="9.955572"><ele>3821.5</ele><time>2026-05-03T04:32:01.000Z</time></trkpt>
      <trkpt lat="46.3783851" lon="9.9576458"><ele>3868.4</ele><time>2026-05-03T04:41:05.000Z</time></trkpt>
      <trkpt lat="46.3780935" lon="9.9584818"><ele>3897.5</ele><time>2026-05-03T04:43:58.000Z</time></trkpt>
      <trkpt lat="46.3782205" lon="9.9586228"><ele>3898.9</ele><time>2026-05-03T04:44:45.000Z</time></trkpt>
      <trkpt lat="46.3783323" lon="9.9595218"><ele>3902.5</ele><time>2026-05-03T04:48:42.000Z</time></trkpt>
      <trkpt lat="46.3787987" lon="9.9601532"><ele>3900.3</ele><time>2026-05-03T04:57:43.000Z</time></trkpt>
      <trkpt lat="46.3785678" lon="9.9612815"><ele>3889.3</ele><time>2026-05-03T05:01:19.000Z</time></trkpt>
      <trkpt lat="46.3784821" lon="9.9628627"><ele>3846.1</ele><time>2026-05-03T05:07:16.000Z</time></trkpt>
      <trkpt lat="46.3790211" lon="9.9645712"><ele>3884.5</ele><time>2026-05-03T05:13:32.000Z</time></trkpt>
      <trkpt lat="46.378856" lon="9.9651155"><ele>3874.5</ele><time>2026-05-03T05:22:52.000Z</time></trkpt>
      <trkpt lat="46.3782404" lon="9.9661282"><ele>3863.2</ele><time>2026-05-03T05:27:08.000Z</time></trkpt>
      <trkpt lat="46.3779743" lon="9.9670663"><ele>3832.6</ele><time>2026-05-03T05:31:28.000Z</time></trkpt>
      <trkpt lat="46.3780575" lon="9.9674245"><ele>3817.2</ele><time>2026-05-03T05:34:05.000Z</time></trkpt>
      <trkpt lat="46.3781973" lon="9.9673965"><ele>3805.5</ele><time>2026-05-03T05:34:50.000Z</time></trkpt>
      <trkpt lat="46.378153" lon="9.9676281"><ele>3797.3</ele><time>2026-05-03T05:35:40.000Z</time></trkpt>
      <trkpt lat="46.3783324" lon="9.9677835"><ele>3787.1</ele><time>2026-05-03T05:36:41.000Z</time></trkpt>
      <trkpt lat="46.3785923" lon="9.9686138"><ele>3744.3</ele><time>2026-05-03T05:40:03.000Z</time></trkpt>
      <trkpt lat="46.3783589" lon="9.9687173"><ele>3732.8</ele><time>2026-05-03T05:41:29.000Z</time></trkpt>
      <trkpt lat="46.3783712" lon="9.9688513"><ele>3730.7</ele><time>2026-05-03T05:41:39.000Z</time></trkpt>
      <trkpt lat="46.3785809" lon="9.9686843"><ele>3732.4</ele><time>2026-05-03T05:49:11.000Z</time></trkpt>
      <trkpt lat="46.3786077" lon="9.9682763"><ele>3729.7</ele><time>2026-05-03T06:01:35.000Z</time></trkpt>
      <trkpt lat="46.3787373" lon="9.9681768"><ele>3731.0</ele><time>2026-05-03T06:01:40.000Z</time></trkpt>
      <trkpt lat="46.378838" lon="9.968465"><ele>3723.4</ele><time>2026-05-03T06:01:48.000Z</time></trkpt>
      <trkpt lat="46.3796212" lon="9.968333"><ele>3694.6</ele><time>2026-05-03T06:02:10.000Z</time></trkpt>
      <trkpt lat="46.3797986" lon="9.9685722"><ele>3684.7</ele><time>2026-05-03T06:02:19.000Z</time></trkpt>
      <trkpt lat="46.3797964" lon="9.9689131"><ele>3679.3</ele><time>2026-05-03T06:02:24.000Z</time></trkpt>
      <trkpt lat="46.3800425" lon="9.9685106"><ele>3665.2</ele><time>2026-05-03T06:02:36.000Z</time></trkpt>
      <trkpt lat="46.3807981" lon="9.9679936"><ele>3660.6</ele><time>2026-05-03T06:02:59.000Z</time></trkpt>
      <trkpt lat="46.380774" lon="9.9683724"><ele>3640.3</ele><time>2026-05-03T06:03:11.000Z</time></trkpt>
      <trkpt lat="46.3810163" lon="9.9684977"><ele>3629.5</ele><time>2026-05-03T06:03:22.000Z</time></trkpt>
      <trkpt lat="46.3808056" lon="9.9700124"><ele>3604.6</ele><time>2026-05-03T06:04:01.000Z</time></trkpt>
      <trkpt lat="46.381161" lon="9.9696877"><ele>3577.3</ele><time>2026-05-03T06:04:21.000Z</time></trkpt>
      <trkpt lat="46.3814666" lon="9.9699706"><ele>3542.3</ele><time>2026-05-03T06:04:38.000Z</time></trkpt>
      <trkpt lat="46.3814435" lon="9.9703839"><ele>3534.9</ele><time>2026-05-03T06:05:06.000Z</time></trkpt>
      <trkpt lat="46.3817112" lon="9.970276"><ele>3520.1</ele><time>2026-05-03T06:07:17.000Z</time></trkpt>
      <trkpt lat="46.3819495" lon="9.9704452"><ele>3503.5</ele><time>2026-05-03T06:07:23.000Z</time></trkpt>
      <trkpt lat="46.382356" lon="9.9703681"><ele>3483.6</ele><time>2026-05-03T06:07:31.000Z</time></trkpt>
      <trkpt lat="46.3825906" lon="9.970012"><ele>3472.2</ele><time>2026-05-03T06:07:38.000Z</time></trkpt>
      <trkpt lat="46.3830307" lon="9.9702762"><ele>3449.6</ele><time>2026-05-03T06:07:48.000Z</time></trkpt>
      <trkpt lat="46.383452" lon="9.9701204"><ele>3423.4</ele><time>2026-05-03T06:07:58.000Z</time></trkpt>
      <trkpt lat="46.3837777" lon="9.970435"><ele>3413.3</ele><time>2026-05-03T06:08:03.000Z</time></trkpt>
      <trkpt lat="46.384065" lon="9.9703462"><ele>3403.7</ele><time>2026-05-03T06:08:06.000Z</time></trkpt>
      <trkpt lat="46.3845001" lon="9.9705069"><ele>3394.3</ele><time>2026-05-03T06:08:11.000Z</time></trkpt>
      <trkpt lat="46.3847734" lon="9.9701182"><ele>3390.5</ele><time>2026-05-03T06:10:24.000Z</time></trkpt>
      <trkpt lat="46.385047" lon="9.9710927"><ele>3381.2</ele><time>2026-05-03T06:10:37.000Z</time></trkpt>
      <trkpt lat="46.3857434" lon="9.9721968"><ele>3362.5</ele><time>2026-05-03T06:10:50.000Z</time></trkpt>
      <trkpt lat="46.3859483" lon="9.972376"><ele>3357.8</ele><time>2026-05-03T06:10:54.000Z</time></trkpt>
      <trkpt lat="46.3863888" lon="9.9722634"><ele>3340.9</ele><time>2026-05-03T06:11:02.000Z</time></trkpt>
      <trkpt lat="46.3867489" lon="9.9728385"><ele>3328.6</ele><time>2026-05-03T06:11:10.000Z</time></trkpt>
      <trkpt lat="46.3870472" lon="9.9726813"><ele>3314.8</ele><time>2026-05-03T06:11:15.000Z</time></trkpt>
      <trkpt lat="46.3873627" lon="9.97293"><ele>3307.7</ele><time>2026-05-03T06:11:20.000Z</time></trkpt>
      <trkpt lat="46.3876008" lon="9.9726058"><ele>3289.6</ele><time>2026-05-03T06:11:27.000Z</time></trkpt>
      <trkpt lat="46.3874681" lon="9.9707947"><ele>3266.1</ele><time>2026-05-03T06:11:44.000Z</time></trkpt>
      <trkpt lat="46.3880718" lon="9.9695853"><ele>3258.8</ele><time>2026-05-03T06:12:18.000Z</time></trkpt>
      <trkpt lat="46.3881913" lon="9.9702645"><ele>3252.0</ele><time>2026-05-03T06:12:28.000Z</time></trkpt>
      <trkpt lat="46.3882867" lon="9.9702278"><ele>3248.0</ele><time>2026-05-03T06:13:11.000Z</time></trkpt>
      <trkpt lat="46.3889501" lon="9.9719564"><ele>3248.8</ele><time>2026-05-03T06:14:14.000Z</time></trkpt>
      <trkpt lat="46.3895559" lon="9.9728427"><ele>3233.0</ele><time>2026-05-03T06:14:49.000Z</time></trkpt>
      <trkpt lat="46.3891" lon="9.9723025"><ele>3235.8</ele><time>2026-05-03T06:15:30.000Z</time></trkpt>
      <trkpt lat="46.3884458" lon="9.9708681"><ele>3229.8</ele><time>2026-05-03T06:17:29.000Z</time></trkpt>
      <trkpt lat="46.3883537" lon="9.9705097"><ele>3243.9</ele><time>2026-05-03T06:17:34.000Z</time></trkpt>
      <trkpt lat="46.3885227" lon="9.9700108"><ele>3239.4</ele><time>2026-05-03T06:17:46.000Z</time></trkpt>
      <trkpt lat="46.3889969" lon="9.9699244"><ele>3223.2</ele><time>2026-05-03T06:17:58.000Z</time></trkpt>
      <trkpt lat="46.3893284" lon="9.9700814"><ele>3212.9</ele><time>2026-05-03T06:18:08.000Z</time></trkpt>
      <trkpt lat="46.3894654" lon="9.9699376"><ele>3206.0</ele><time>2026-05-03T06:18:12.000Z</time></trkpt>
      <trkpt lat="46.3896345" lon="9.9700566"><ele>3199.4</ele><time>2026-05-03T06:18:16.000Z</time></trkpt>
      <trkpt lat="46.3900531" lon="9.9720919"><ele>3177.9</ele><time>2026-05-03T06:19:27.000Z</time></trkpt>
      <trkpt lat="46.3901608" lon="9.9719808"><ele>3168.6</ele><time>2026-05-03T06:19:32.000Z</time></trkpt>
      <trkpt lat="46.3903489" lon="9.9723392"><ele>3163.1</ele><time>2026-05-03T06:19:39.000Z</time></trkpt>
      <trkpt lat="46.3903629" lon="9.9721961"><ele>3159.1</ele><time>2026-05-03T06:19:41.000Z</time></trkpt>
      <trkpt lat="46.3908325" lon="9.9720877"><ele>3130.9</ele><time>2026-05-03T06:19:58.000Z</time></trkpt>
      <trkpt lat="46.3907859" lon="9.9707171"><ele>3112.4</ele><time>2026-05-03T06:20:21.000Z</time></trkpt>
      <trkpt lat="46.3910239" lon="9.9707551"><ele>3103.4</ele><time>2026-05-03T06:20:29.000Z</time></trkpt>
      <trkpt lat="46.3910577" lon="9.9706048"><ele>3098.3</ele><time>2026-05-03T06:20:32.000Z</time></trkpt>
      <trkpt lat="46.391301" lon="9.9705675"><ele>3089.4</ele><time>2026-05-03T06:20:37.000Z</time></trkpt>
      <trkpt lat="46.3915526" lon="9.970796"><ele>3083.2</ele><time>2026-05-03T06:20:42.000Z</time></trkpt>
      <trkpt lat="46.3919353" lon="9.9718938"><ele>3072.9</ele><time>2026-05-03T06:20:59.000Z</time></trkpt>
      <trkpt lat="46.3923542" lon="9.9723854"><ele>3061.5</ele><time>2026-05-03T06:21:36.000Z</time></trkpt>
      <trkpt lat="46.3925422" lon="9.9720788"><ele>3037.6</ele><time>2026-05-03T06:22:47.000Z</time></trkpt>
      <trkpt lat="46.3928383" lon="9.9721988"><ele>3032.4</ele><time>2026-05-03T06:22:54.000Z</time></trkpt>
      <trkpt lat="46.3931247" lon="9.9719654"><ele>3016.4</ele><time>2026-05-03T06:23:02.000Z</time></trkpt>
      <trkpt lat="46.3934469" lon="9.9721308"><ele>3014.0</ele><time>2026-05-03T06:23:07.000Z</time></trkpt>
      <trkpt lat="46.3941418" lon="9.9715668"><ele>2982.4</ele><time>2026-05-03T06:23:22.000Z</time></trkpt>
      <trkpt lat="46.3942375" lon="9.9712353"><ele>2971.7</ele><time>2026-05-03T06:23:27.000Z</time></trkpt>
      <trkpt lat="46.3944772" lon="9.9710584"><ele>2962.7</ele><time>2026-05-03T06:23:31.000Z</time></trkpt>
      <trkpt lat="46.3944592" lon="9.9708392"><ele>2960.6</ele><time>2026-05-03T06:23:33.000Z</time></trkpt>
      <trkpt lat="46.3947921" lon="9.9699636"><ele>2951.5</ele><time>2026-05-03T06:23:41.000Z</time></trkpt>
      <trkpt lat="46.3952841" lon="9.9694868"><ele>2945.4</ele><time>2026-05-03T06:23:48.000Z</time></trkpt>
      <trkpt lat="46.3956244" lon="9.968562"><ele>2937.8</ele><time>2026-05-03T06:24:01.000Z</time></trkpt>
      <trkpt lat="46.3961167" lon="9.9683042"><ele>2928.8</ele><time>2026-05-03T06:24:11.000Z</time></trkpt>
      <trkpt lat="46.3968619" lon="9.9672726"><ele>2904.7</ele><time>2026-05-03T06:24:32.000Z</time></trkpt>
      <trkpt lat="46.3964295" lon="9.9661622"><ele>2889.6</ele><time>2026-05-03T06:24:53.000Z</time></trkpt>
      <trkpt lat="46.3965783" lon="9.9659887"><ele>2884.9</ele><time>2026-05-03T06:25:00.000Z</time></trkpt>
      <trkpt lat="46.3964941" lon="9.9654647"><ele>2879.5</ele><time>2026-05-03T06:28:06.000Z</time></trkpt>
      <trkpt lat="46.3972194" lon="9.9653691"><ele>2858.4</ele><time>2026-05-03T06:28:22.000Z</time></trkpt>
      <trkpt lat="46.3976303" lon="9.9650918"><ele>2844.2</ele><time>2026-05-03T06:28:32.000Z</time></trkpt>
      <trkpt lat="46.3978767" lon="9.9651946"><ele>2829.5</ele><time>2026-05-03T06:28:41.000Z</time></trkpt>
      <trkpt lat="46.3979461" lon="9.9649201"><ele>2814.2</ele><time>2026-05-03T06:28:47.000Z</time></trkpt>
      <trkpt lat="46.3981677" lon="9.9652609"><ele>2807.0</ele><time>2026-05-03T06:28:55.000Z</time></trkpt>
      <trkpt lat="46.3983567" lon="9.9652915"><ele>2792.8</ele><time>2026-05-03T06:29:01.000Z</time></trkpt>
      <trkpt lat="46.4004153" lon="9.9656001"><ele>2762.7</ele><time>2026-05-03T06:29:38.000Z</time></trkpt>
      <trkpt lat="46.4019342" lon="9.9654906"><ele>2742.8</ele><time>2026-05-03T06:30:07.000Z</time></trkpt>
      <trkpt lat="46.402991" lon="9.9658507"><ele>2727.5</ele><time>2026-05-03T06:30:32.000Z</time></trkpt>
      <trkpt lat="46.4032373" lon="9.9657656"><ele>2721.2</ele><time>2026-05-03T06:43:53.000Z</time></trkpt>
      <trkpt lat="46.4049243" lon="9.966521"><ele>2767.1</ele><time>2026-05-03T06:52:03.000Z</time></trkpt>
      <trkpt lat="46.4058729" lon="9.966167"><ele>2779.0</ele><time>2026-05-03T06:54:51.000Z</time></trkpt>
      <trkpt lat="46.4064476" lon="9.9662458"><ele>2806.7</ele><time>2026-05-03T06:59:09.000Z</time></trkpt>
      <trkpt lat="46.4071752" lon="9.9674888"><ele>2880.8</ele><time>2026-05-03T07:10:16.000Z</time></trkpt>
      <trkpt lat="46.4074818" lon="9.9667743"><ele>2874.6</ele><time>2026-05-03T07:11:43.000Z</time></trkpt>
      <trkpt lat="46.4083159" lon="9.9665745"><ele>2871.2</ele><time>2026-05-03T07:13:19.000Z</time></trkpt>
      <trkpt lat="46.408421" lon="9.9663495"><ele>2865.4</ele><time>2026-05-03T07:13:39.000Z</time></trkpt>
      <trkpt lat="46.4086067" lon="9.9663616"><ele>2863.8</ele><time>2026-05-03T07:14:05.000Z</time></trkpt>
      <trkpt lat="46.4087261" lon="9.9660011"><ele>2870.0</ele><time>2026-05-03T07:14:51.000Z</time></trkpt>
      <trkpt lat="46.4090387" lon="9.9661779"><ele>2885.4</ele><time>2026-05-03T07:17:26.000Z</time></trkpt>
      <trkpt lat="46.4090748" lon="9.9660112"><ele>2890.0</ele><time>2026-05-03T07:18:08.000Z</time></trkpt>
      <trkpt lat="46.4094163" lon="9.9660256"><ele>2902.3</ele><time>2026-05-03T07:19:38.000Z</time></trkpt>
      <trkpt lat="46.4096054" lon="9.9657608"><ele>2911.1</ele><time>2026-05-03T07:20:51.000Z</time></trkpt>
      <trkpt lat="46.4100226" lon="9.9655992"><ele>2925.2</ele><time>2026-05-03T07:22:54.000Z</time></trkpt>
      <trkpt lat="46.4101758" lon="9.9657523"><ele>2933.3</ele><time>2026-05-03T07:23:54.000Z</time></trkpt>
      <trkpt lat="46.410338" lon="9.9663303"><ele>2951.7</ele><time>2026-05-03T07:25:36.000Z</time></trkpt>
      <trkpt lat="46.410711" lon="9.966701"><ele>2964.2</ele><time>2026-05-03T07:27:34.000Z</time></trkpt>
      <trkpt lat="46.4108569" lon="9.9666544"><ele>2948.8</ele><time>2026-05-03T07:35:51.000Z</time></trkpt>
      <trkpt lat="46.4107117" lon="9.9666999"><ele>2959.3</ele><time>2026-05-03T07:36:14.000Z</time></trkpt>
      <trkpt lat="46.4108983" lon="9.9670196"><ele>2962.0</ele><time>2026-05-03T07:41:48.000Z</time></trkpt>
      <trkpt lat="46.4108541" lon="9.9672883"><ele>2961.4</ele><time>2026-05-03T07:41:54.000Z</time></trkpt>
      <trkpt lat="46.411226" lon="9.9680581"><ele>2934.6</ele><time>2026-05-03T07:42:04.000Z</time></trkpt>
      <trkpt lat="46.4117073" lon="9.968114"><ele>2910.4</ele><time>2026-05-03T07:42:08.000Z</time></trkpt>
      <trkpt lat="46.4124731" lon="9.9678487"><ele>2897.7</ele><time>2026-05-03T07:42:12.000Z</time></trkpt>
      <trkpt lat="46.4145333" lon="9.9662158"><ele>2859.9</ele><time>2026-05-03T07:42:32.000Z</time></trkpt>
      <trkpt lat="46.4154314" lon="9.9653027"><ele>2843.5</ele><time>2026-05-03T07:42:45.000Z</time></trkpt>
      <trkpt lat="46.4161579" lon="9.9650171"><ele>2828.8</ele><time>2026-05-03T07:42:52.000Z</time></trkpt>
      <trkpt lat="46.4170868" lon="9.9642613"><ele>2814.4</ele><time>2026-05-03T07:43:01.000Z</time></trkpt>
      <trkpt lat="46.4175709" lon="9.9642539"><ele>2801.5</ele><time>2026-05-03T07:43:05.000Z</time></trkpt>
      <trkpt lat="46.4180154" lon="9.963794"><ele>2786.1</ele><time>2026-05-03T07:43:18.000Z</time></trkpt>
      <trkpt lat="46.4188868" lon="9.965"><ele>2767.3</ele><time>2026-05-03T07:44:04.000Z</time></trkpt>
      <trkpt lat="46.4189972" lon="9.9665691"><ele>2743.2</ele><time>2026-05-03T07:44:12.000Z</time></trkpt>
      <trkpt lat="46.419573" lon="9.9675551"><ele>2721.8</ele><time>2026-05-03T07:44:21.000Z</time></trkpt>
      <trkpt lat="46.4204313" lon="9.9675276"><ele>2709.7</ele><time>2026-05-03T07:44:28.000Z</time></trkpt>
      <trkpt lat="46.4208956" lon="9.9677684"><ele>2707.1</ele><time>2026-05-03T07:44:32.000Z</time></trkpt>
      <trkpt lat="46.4214407" lon="9.9676769"><ele>2699.6</ele><time>2026-05-03T07:44:37.000Z</time></trkpt>
      <trkpt lat="46.4218423" lon="9.9678664"><ele>2689.3</ele><time>2026-05-03T07:44:41.000Z</time></trkpt>
      <trkpt lat="46.4217893" lon="9.9692011"><ele>2663.2</ele><time>2026-05-03T07:44:48.000Z</time></trkpt>
      <trkpt lat="46.4215094" lon="9.9702586"><ele>2647.5</ele><time>2026-05-03T07:44:53.000Z</time></trkpt>
      <trkpt lat="46.4213434" lon="9.9729234"><ele>2590.5</ele><time>2026-05-03T07:45:05.000Z</time></trkpt>
      <trkpt lat="46.4213948" lon="9.9733791"><ele>2585.6</ele><time>2026-05-03T07:45:08.000Z</time></trkpt>
      <trkpt lat="46.422128" lon="9.9746107"><ele>2573.9</ele><time>2026-05-03T07:45:25.000Z</time></trkpt>
      <trkpt lat="46.4226306" lon="9.9751588"><ele>2565.0</ele><time>2026-05-03T07:45:32.000Z</time></trkpt>
      <trkpt lat="46.4239975" lon="9.974526"><ele>2553.3</ele><time>2026-05-03T07:45:45.000Z</time></trkpt>
      <trkpt lat="46.4247284" lon="9.9744928"><ele>2546.9</ele><time>2026-05-03T07:45:53.000Z</time></trkpt>
      <trkpt lat="46.4248989" lon="9.9741902"><ele>2543.3</ele><time>2026-05-03T07:45:57.000Z</time></trkpt>
      <trkpt lat="46.4257238" lon="9.9739421"><ele>2526.2</ele><time>2026-05-03T07:46:08.000Z</time></trkpt>
      <trkpt lat="46.4269175" lon="9.9746011"><ele>2512.3</ele><time>2026-05-03T07:46:16.000Z</time></trkpt>
      <trkpt lat="46.4286383" lon="9.9758336"><ele>2484.6</ele><time>2026-05-03T07:46:29.000Z</time></trkpt>
      <trkpt lat="46.4291468" lon="9.9757072"><ele>2460.2</ele><time>2026-05-03T07:46:32.000Z</time></trkpt>
      <trkpt lat="46.4302789" lon="9.975799"><ele>2426.8</ele><time>2026-05-03T07:46:40.000Z</time></trkpt>
      <trkpt lat="46.431474" lon="9.9761098"><ele>2395.2</ele><time>2026-05-03T07:46:49.000Z</time></trkpt>
      <trkpt lat="46.433565" lon="9.9763067"><ele>2343.7</ele><time>2026-05-03T07:47:08.000Z</time></trkpt>
      <trkpt lat="46.4341245" lon="9.9758593"><ele>2331.0</ele><time>2026-05-03T07:47:13.000Z</time></trkpt>
      <trkpt lat="46.4349745" lon="9.9756575"><ele>2315.0</ele><time>2026-05-03T07:47:20.000Z</time></trkpt>
      <trkpt lat="46.4353548" lon="9.9760288"><ele>2304.6</ele><time>2026-05-03T07:47:25.000Z</time></trkpt>
      <trkpt lat="46.4353763" lon="9.9773106"><ele>2278.7</ele><time>2026-05-03T07:47:33.000Z</time></trkpt>
      <trkpt lat="46.4356984" lon="9.9775533"><ele>2267.5</ele><time>2026-05-03T07:47:37.000Z</time></trkpt>
      <trkpt lat="46.4369489" lon="9.9774195"><ele>2242.1</ele><time>2026-05-03T07:47:49.000Z</time></trkpt>
      <trkpt lat="46.4376088" lon="9.9776228"><ele>2226.2</ele><time>2026-05-03T07:47:57.000Z</time></trkpt>
      <trkpt lat="46.437657" lon="9.978322"><ele>2200.2</ele><time>2026-05-03T07:48:04.000Z</time></trkpt>
      <trkpt lat="46.4386671" lon="9.9797166"><ele>2182.8</ele><time>2026-05-03T07:48:13.000Z</time></trkpt>
      <trkpt lat="46.4388297" lon="9.9803476"><ele>2156.7</ele><time>2026-05-03T07:48:16.000Z</time></trkpt>
      <trkpt lat="46.4400367" lon="9.9822414"><ele>2100.3</ele><time>2026-05-03T07:48:28.000Z</time></trkpt>
      <trkpt lat="46.4407231" lon="9.9829596"><ele>2094.5</ele><time>2026-05-03T07:48:37.000Z</time></trkpt>
      <trkpt lat="46.4411543" lon="9.982365"><ele>2091.6</ele><time>2026-05-03T07:50:09.000Z</time></trkpt>
    </trkseg>
  </trk>
</gpx>
