<?xml version='1.0' encoding='UTF-8'?>
<gpx version="1.1" creator="lgrs-site simplify" xmlns="http://www.topografix.com/GPX/1/1">
  <trk>
    <name>Alta Strada - Corse</name>
    <trkseg>
      <trkpt lat="41.9995070" lon="9.1238690" />
      <trkpt lat="41.9995930" lon="9.1238810" />
      <trkpt lat="41.9997100" lon="9.1245470" />
      <trkpt lat="41.9999400" lon="9.1247650" />
      <trkpt lat="42.0001900" lon="9.1248440" />
      <trkpt lat="42.0003610" lon="9.1251070" />
      <trkpt lat="42.0005390" lon="9.1253840" />
      <trkpt lat="42.0006860" lon="9.1256430" />
      <trkpt lat="42.0009050" lon="9.1258330" />
      <trkpt lat="42.0011380" lon="9.1260370" />
      <trkpt lat="42.0013250" lon="9.1261900" />
      <trkpt lat="42.0015070" lon="9.1263500" />
      <trkpt lat="42.0016400" lon="9.1264840" />
      <trkpt lat="42.0018720" lon="9.1266210" />
      <trkpt lat="42.0020960" lon="9.1266940" />
      <trkpt lat="42.0023360" lon="9.1266360" />
      <trkpt lat="42.0025650" lon="9.1266030" />
      <trkpt lat="42.0028180" lon="9.1265360" />
      <trkpt lat="42.0031190" lon="9.1264870" />
      <trkpt lat="42.0032290" lon="9.1264850" />
      <trkpt lat="42.0034110" lon="9.1264600" />
      <trkpt lat="42.0035830" lon="9.1263930" />
      <trkpt lat="42.0037090" lon="9.1265050" />
      <trkpt lat="42.0037850" lon="9.1267360" />
      <trkpt lat="42.0039220" lon="9.1269610" />
      <trkpt lat="42.0040450" lon="9.1271620" />
      <trkpt lat="42.0041810" lon="9.1273440" />
      <trkpt lat="42.0043170" lon="9.1275070" />
      <trkpt lat="42.0044590" lon="9.1276610" />
      <trkpt lat="42.0046380" lon="9.1278210" />
      <trkpt lat="42.0048520" lon="9.1278610" />
      <trkpt lat="42.0050680" lon="9.1278980" />
      <trkpt lat="42.0052740" lon="9.1279040" />
      <trkpt lat="42.0054350" lon="9.1278940" />
      <trkpt lat="42.0056110" lon="9.1279560" />
      <trkpt lat="42.0057950" lon="9.1280000" />
      <trkpt lat="42.0059780" lon="9.1280490" />
      <trkpt lat="42.0061690" lon="9.1281190" />
      <trkpt lat="42.0063670" lon="9.1282010" />
      <trkpt lat="42.0065520" lon="9.1282710" />
      <trkpt lat="42.0067060" lon="9.1283050" />
      <trkpt lat="42.0068700" lon="9.1283660" />
      <trkpt lat="42.0070480" lon="9.1284540" />
      <trkpt lat="42.0072120" lon="9.1285590" />
      <trkpt lat="42.0073790" lon="9.1286630" />
      <trkpt lat="42.0075470" lon="9.1287230" />
      <trkpt lat="42.0077110" lon="9.1288480" />
      <trkpt lat="42.0078690" lon="9.1289450" />
      <trkpt lat="42.0080300" lon="9.1290190" />
      <trkpt lat="42.0082020" lon="9.1291380" />
      <trkpt lat="42.0083600" lon="9.1292350" />
      <trkpt lat="42.0085240" lon="9.1293140" />
      <trkpt lat="42.0087150" lon="9.1293980" />
      <trkpt lat="42.0089070" lon="9.1295040" />
      <trkpt lat="42.0090940" lon="9.1295920" />
      <trkpt lat="42.0093130" lon="9.1297120" />
      <trkpt lat="42.0095260" lon="9.1299210" />
      <trkpt lat="42.0097350" lon="9.1300680" />
      <trkpt lat="42.0099260" lon="9.1301660" />
      <trkpt lat="42.0101110" lon="9.1302440" />
      <trkpt lat="42.0102990" lon="9.1303310" />
      <trkpt lat="42.0105270" lon="9.1304740" />
      <trkpt lat="42.0108130" lon="9.1306000" />
      <trkpt lat="42.0110800" lon="9.1307560" />
      <trkpt lat="42.0113410" lon="9.1309190" />
      <trkpt lat="42.0115830" lon="9.1310610" />
      <trkpt lat="42.0118690" lon="9.1312170" />
      <trkpt lat="42.0121020" lon="9.1313970" />
      <trkpt lat="42.0122900" lon="9.1315840" />
      <trkpt lat="42.0124590" lon="9.1317890" />
      <trkpt lat="42.0126000" lon="9.1320140" />
      <trkpt lat="42.0127460" lon="9.1322170" />
      <trkpt lat="42.0128770" lon="9.1323920" />
      <trkpt lat="42.0130410" lon="9.1322950" />
      <trkpt lat="42.0131920" lon="9.1321600" />
      <trkpt lat="42.0133160" lon="9.1320100" />
      <trkpt lat="42.0134370" lon="9.1318400" />
      <trkpt lat="42.0135940" lon="9.1317090" />
      <trkpt lat="42.0137780" lon="9.1317550" />
      <trkpt lat="42.0139150" lon="9.1319280" />
      <trkpt lat="42.0140230" lon="9.1321600" />
      <trkpt lat="42.0141360" lon="9.1324060" />
      <trkpt lat="42.0142330" lon="9.1326230" />
      <trkpt lat="42.0143310" lon="9.1328410" />
      <trkpt lat="42.0144390" lon="9.1331070" />
      <trkpt lat="42.0145430" lon="9.1333950" />
      <trkpt lat="42.0146270" lon="9.1336640" />
      <trkpt lat="42.0147290" lon="9.1337950" />
      <trkpt lat="42.0147910" lon="9.1340460" />
      <trkpt lat="42.0147970" lon="9.1343260" />
      <trkpt lat="42.0148340" lon="9.1346220" />
      <trkpt lat="42.0148530" lon="9.1349150" />
      <trkpt lat="42.0149010" lon="9.1352160" />
      <trkpt lat="42.0150060" lon="9.1354270" />
      <trkpt lat="42.0151180" lon="9.1356650" />
      <trkpt lat="42.0152490" lon="9.1359200" />
      <trkpt lat="42.0153820" lon="9.1361680" />
      <trkpt lat="42.0155170" lon="9.1364080" />
      <trkpt lat="42.0157790" lon="9.1364540" />
      <trkpt lat="42.0160180" lon="9.1365420" />
      <trkpt lat="42.0162080" lon="9.1367700" />
      <trkpt lat="42.0163690" lon="9.1370340" />
      <trkpt lat="42.0164800" lon="9.1373180" />
      <trkpt lat="42.0165460" lon="9.1375690" />
      <trkpt lat="42.0165650" lon="9.1375980" />
      <trkpt lat="42.0167260" lon="9.1377930" />
      <trkpt lat="42.0170090" lon="9.1380250" />
      <trkpt lat="42.0172370" lon="9.1382110" />
      <trkpt lat="42.0174550" lon="9.1384060" />
      <trkpt lat="42.0176150" lon="9.1386740" />
      <trkpt lat="42.0176470" lon="9.1387270" />
      <trkpt lat="42.0176470" lon="9.1387270" />
      <trkpt lat="42.0176420" lon="9.1390280" />
      <trkpt lat="42.0177180" lon="9.1391670" />
      <trkpt lat="42.0177180" lon="9.1391670" />
      <trkpt lat="42.0177180" lon="9.1391670" />
      <trkpt lat="42.0177200" lon="9.1391290" />
      <trkpt lat="42.0177150" lon="9.1390540" />
      <trkpt lat="42.0176580" lon="9.1387420" />
      <trkpt lat="42.0176580" lon="9.1387420" />
      <trkpt lat="42.0176580" lon="9.1387420" />
      <trkpt lat="42.0176580" lon="9.1387420" />
      <trkpt lat="42.0176580" lon="9.1387420" />
      <trkpt lat="42.0176580" lon="9.1387420" />
      <trkpt lat="42.0176580" lon="9.1387420" />
      <trkpt lat="42.0176440" lon="9.1387390" />
      <trkpt lat="42.0176440" lon="9.1387390" />
      <trkpt lat="42.0176440" lon="9.1387390" />
      <trkpt lat="42.0176440" lon="9.1387390" />
      <trkpt lat="42.0176440" lon="9.1387390" />
      <trkpt lat="42.0176470" lon="9.1387310" />
      <trkpt lat="42.0176470" lon="9.1387310" />
      <trkpt lat="42.0176470" lon="9.1387310" />
      <trkpt lat="42.0176470" lon="9.1387310" />
      <trkpt lat="42.0176470" lon="9.1387310" />
      <trkpt lat="42.0176470" lon="9.1387310" />
      <trkpt lat="42.0176470" lon="9.1387310" />
      <trkpt lat="42.0176470" lon="9.1387310" />
      <trkpt lat="42.0176650" lon="9.1387410" />
      <trkpt lat="42.0178380" lon="9.1388840" />
      <trkpt lat="42.0179940" lon="9.1389840" />
      <trkpt lat="42.0182400" lon="9.1391670" />
      <trkpt lat="42.0184940" lon="9.1393980" />
      <trkpt lat="42.0185390" lon="9.1394150" />
      <trkpt lat="42.0187310" lon="9.1395000" />
      <trkpt lat="42.0189770" lon="9.1396430" />
      <trkpt lat="42.0193620" lon="9.1395800" />
      <trkpt lat="42.0194610" lon="9.1395110" />
      <trkpt lat="42.0197220" lon="9.1393740" />
      <trkpt lat="42.0200320" lon="9.1393670" />
      <trkpt lat="42.0203450" lon="9.1394160" />
      <trkpt lat="42.0206260" lon="9.1394720" />
      <trkpt lat="42.0209300" lon="9.1395150" />
      <trkpt lat="42.0212800" lon="9.1395270" />
      <trkpt lat="42.0215220" lon="9.1395180" />
      <trkpt lat="42.0217520" lon="9.1395730" />
      <trkpt lat="42.0220040" lon="9.1396220" />
      <trkpt lat="42.0222330" lon="9.1396930" />
      <trkpt lat="42.0224270" lon="9.1397670" />
      <trkpt lat="42.0226460" lon="9.1398160" />
      <trkpt lat="42.0227810" lon="9.1399480" />
      <trkpt lat="42.0228560" lon="9.1400020" />
      <trkpt lat="42.0231540" lon="9.1399850" />
      <trkpt lat="42.0234050" lon="9.1399460" />
      <trkpt lat="42.0236140" lon="9.1397220" />
      <trkpt lat="42.0239280" lon="9.1393910" />
      <trkpt lat="42.0241660" lon="9.1391230" />
      <trkpt lat="42.0244330" lon="9.1387270" />
      <trkpt lat="42.0247620" lon="9.1385070" />
      <trkpt lat="42.0250920" lon="9.1384330" />
      <trkpt lat="42.0254390" lon="9.1385020" />
      <trkpt lat="42.0256770" lon="9.1385690" />
      <trkpt lat="42.0257600" lon="9.1385180" />
      <trkpt lat="42.0260140" lon="9.1386410" />
      <trkpt lat="42.0262730" lon="9.1388300" />
      <trkpt lat="42.0264470" lon="9.1388720" />
      <trkpt lat="42.0264490" lon="9.1388710" />
      <trkpt lat="42.0264510" lon="9.1388700" />
      <trkpt lat="42.0264530" lon="9.1388690" />
      <trkpt lat="42.0264550" lon="9.1388690" />
      <trkpt lat="42.0264580" lon="9.1388680" />
      <trkpt lat="42.0264600" lon="9.1388670" />
      <trkpt lat="42.0264620" lon="9.1388670" />
      <trkpt lat="42.0264640" lon="9.1388660" />
      <trkpt lat="42.0264660" lon="9.1388650" />
      <trkpt lat="42.0264680" lon="9.1388640" />
      <trkpt lat="42.0264700" lon="9.1388640" />
      <trkpt lat="42.0264720" lon="9.1388630" />
      <trkpt lat="42.0264740" lon="9.1388620" />
      <trkpt lat="42.0264760" lon="9.1388620" />
      <trkpt lat="42.0264780" lon="9.1388610" />
      <trkpt lat="42.0264800" lon="9.1388600" />
      <trkpt lat="42.0264820" lon="9.1388590" />
      <trkpt lat="42.0264840" lon="9.1388590" />
      <trkpt lat="42.0264860" lon="9.1388580" />
      <trkpt lat="42.0264880" lon="9.1388570" />
      <trkpt lat="42.0264900" lon="9.1388570" />
      <trkpt lat="42.0264930" lon="9.1388560" />
      <trkpt lat="42.0264950" lon="9.1388550" />
      <trkpt lat="42.0274910" lon="9.1380060" />
      <trkpt lat="42.0295410" lon="9.1378880" />
      <trkpt lat="42.0314190" lon="9.1377880" />
      <trkpt lat="42.0315880" lon="9.1377250" />
      <trkpt lat="42.0316470" lon="9.1383920" />
      <trkpt lat="42.0324420" lon="9.1403010" />
      <trkpt lat="42.0339510" lon="9.1414660" />
      <trkpt lat="42.0343170" lon="9.1425690" />
      <trkpt lat="42.0343170" lon="9.1425690" />
      <trkpt lat="42.0343170" lon="9.1425690" />
      <trkpt lat="42.0343170" lon="9.1425690" />
      <trkpt lat="42.0343170" lon="9.1425690" />
      <trkpt lat="42.0343170" lon="9.1425690" />
      <trkpt lat="42.0343170" lon="9.1425690" />
      <trkpt lat="42.0343250" lon="9.1425420" />
      <trkpt lat="42.0343250" lon="9.1425420" />
      <trkpt lat="42.0343250" lon="9.1425420" />
      <trkpt lat="42.0343250" lon="9.1425420" />
      <trkpt lat="42.0343180" lon="9.1425400" />
      <trkpt lat="42.0343180" lon="9.1425400" />
      <trkpt lat="42.0343180" lon="9.1425400" />
      <trkpt lat="42.0344320" lon="9.1427130" />
      <trkpt lat="42.0345860" lon="9.1429150" />
      <trkpt lat="42.0347170" lon="9.1430580" />
      <trkpt lat="42.0349070" lon="9.1432460" />
      <trkpt lat="42.0350900" lon="9.1434620" />
      <trkpt lat="42.0352900" lon="9.1436380" />
      <trkpt lat="42.0354360" lon="9.1438100" />
      <trkpt lat="42.0355280" lon="9.1440270" />
      <trkpt lat="42.0355730" lon="9.1443080" />
      <trkpt lat="42.0355920" lon="9.1445600" />
      <trkpt lat="42.0356270" lon="9.1447920" />
      <trkpt lat="42.0356930" lon="9.1450160" />
      <trkpt lat="42.0357810" lon="9.1451920" />
      <trkpt lat="42.0358630" lon="9.1453640" />
      <trkpt lat="42.0359280" lon="9.1455490" />
      <trkpt lat="42.0359970" lon="9.1456540" />
      <trkpt lat="42.0360820" lon="9.1454390" />
      <trkpt lat="42.0361630" lon="9.1452530" />
      <trkpt lat="42.0362300" lon="9.1453310" />
      <trkpt lat="42.0363020" lon="9.1455270" />
      <trkpt lat="42.0363740" lon="9.1453290" />
      <trkpt lat="42.0364030" lon="9.1452180" />
      <trkpt lat="42.0364740" lon="9.1449730" />
      <trkpt lat="42.0365320" lon="9.1450480" />
      <trkpt lat="42.0366310" lon="9.1451920" />
      <trkpt lat="42.0367810" lon="9.1453510" />
      <trkpt lat="42.0368240" lon="9.1452580" />
      <trkpt lat="42.0368610" lon="9.1450710" />
      <trkpt lat="42.0369300" lon="9.1448710" />
      <trkpt lat="42.0370000" lon="9.1447120" />
      <trkpt lat="42.0370940" lon="9.1445300" />
      <trkpt lat="42.0372030" lon="9.1446540" />
      <trkpt lat="42.0372950" lon="9.1448050" />
      <trkpt lat="42.0373930" lon="9.1449830" />
      <trkpt lat="42.0374740" lon="9.1451440" />
      <trkpt lat="42.0375860" lon="9.1453110" />
      <trkpt lat="42.0376810" lon="9.1454560" />
      <trkpt lat="42.0377080" lon="9.1453660" />
      <trkpt lat="42.0377450" lon="9.1451350" />
      <trkpt lat="42.0377710" lon="9.1449490" />
      <trkpt lat="42.0378490" lon="9.1450450" />
      <trkpt lat="42.0379380" lon="9.1451930" />
      <trkpt lat="42.0380160" lon="9.1452910" />
      <trkpt lat="42.0380440" lon="9.1450950" />
      <trkpt lat="42.0380830" lon="9.1449890" />
      <trkpt lat="42.0381790" lon="9.1451760" />
      <trkpt lat="42.0382910" lon="9.1453130" />
      <trkpt lat="42.0384140" lon="9.1454220" />
      <trkpt lat="42.0384340" lon="9.1453270" />
      <trkpt lat="42.0384360" lon="9.1451160" />
      <trkpt lat="42.0384550" lon="9.1448930" />
      <trkpt lat="42.0384890" lon="9.1448570" />
      <trkpt lat="42.0385120" lon="9.1449110" />
      <trkpt lat="42.0386360" lon="9.1451370" />
      <trkpt lat="42.0386780" lon="9.1450200" />
      <trkpt lat="42.0386860" lon="9.1447890" />
      <trkpt lat="42.0387160" lon="9.1445750" />
      <trkpt lat="42.0387640" lon="9.1443950" />
      <trkpt lat="42.0388280" lon="9.1442230" />
      <trkpt lat="42.0388930" lon="9.1440790" />
      <trkpt lat="42.0389620" lon="9.1438820" />
      <trkpt lat="42.0390330" lon="9.1437080" />
      <trkpt lat="42.0390880" lon="9.1438330" />
      <trkpt lat="42.0391510" lon="9.1440370" />
      <trkpt lat="42.0392090" lon="9.1442380" />
      <trkpt lat="42.0392650" lon="9.1444500" />
      <trkpt lat="42.0393400" lon="9.1446310" />
      <trkpt lat="42.0394340" lon="9.1448170" />
      <trkpt lat="42.0395350" lon="9.1449880" />
      <trkpt lat="42.0396270" lon="9.1450970" />
      <trkpt lat="42.0396740" lon="9.1449420" />
      <trkpt lat="42.0397080" lon="9.1447150" />
      <trkpt lat="42.0397500" lon="9.1445030" />
      <trkpt lat="42.0397690" lon="9.1442740" />
      <trkpt lat="42.0398430" lon="9.1443030" />
      <trkpt lat="42.0399420" lon="9.1444530" />
      <trkpt lat="42.0400510" lon="9.1445840" />
      <trkpt lat="42.0401630" lon="9.1447130" />
      <trkpt lat="42.0402880" lon="9.1448170" />
      <trkpt lat="42.0404050" lon="9.1449370" />
      <trkpt lat="42.0404580" lon="9.1447290" />
      <trkpt lat="42.0404840" lon="9.1444850" />
      <trkpt lat="42.0405300" lon="9.1442510" />
      <trkpt lat="42.0405790" lon="9.1440500" />
      <trkpt lat="42.0406120" lon="9.1438400" />
      <trkpt lat="42.0406560" lon="9.1436190" />
      <trkpt lat="42.0407100" lon="9.1433920" />
      <trkpt lat="42.0407760" lon="9.1432060" />
      <trkpt lat="42.0408800" lon="9.1430810" />
      <trkpt lat="42.0410170" lon="9.1429370" />
      <trkpt lat="42.0411480" lon="9.1428190" />
      <trkpt lat="42.0412450" lon="9.1426810" />
      <trkpt lat="42.0413290" lon="9.1428160" />
      <trkpt lat="42.0413940" lon="9.1429880" />
      <trkpt lat="42.0414610" lon="9.1431360" />
      <trkpt lat="42.0415400" lon="9.1433410" />
      <trkpt lat="42.0415810" lon="9.1434220" />
      <trkpt lat="42.0416310" lon="9.1435000" />
      <trkpt lat="42.0417030" lon="9.1436100" />
      <trkpt lat="42.0418210" lon="9.1436370" />
      <trkpt lat="42.0418210" lon="9.1436370" />
      <trkpt lat="42.0419310" lon="9.1435100" />
      <trkpt lat="42.0420160" lon="9.1433230" />
      <trkpt lat="42.0421190" lon="9.1431620" />
      <trkpt lat="42.0422410" lon="9.1430100" />
      <trkpt lat="42.0423660" lon="9.1428600" />
      <trkpt lat="42.0425080" lon="9.1427200" />
      <trkpt lat="42.0425230" lon="9.1426990" />
      <trkpt lat="42.0426320" lon="9.1427300" />
      <trkpt lat="42.0427900" lon="9.1428770" />
      <trkpt lat="42.0429350" lon="9.1429930" />
      <trkpt lat="42.0431020" lon="9.1431040" />
      <trkpt lat="42.0432590" lon="9.1431930" />
      <trkpt lat="42.0434440" lon="9.1431890" />
      <trkpt lat="42.0436370" lon="9.1431650" />
      <trkpt lat="42.0438240" lon="9.1431140" />
      <trkpt lat="42.0440180" lon="9.1431070" />
      <trkpt lat="42.0442180" lon="9.1430840" />
      <trkpt lat="42.0444000" lon="9.1429690" />
      <trkpt lat="42.0445880" lon="9.1428280" />
      <trkpt lat="42.0447800" lon="9.1426780" />
      <trkpt lat="42.0449710" lon="9.1425130" />
      <trkpt lat="42.0451540" lon="9.1423550" />
      <trkpt lat="42.0451540" lon="9.1423550" />
      <trkpt lat="42.0451540" lon="9.1423550" />
      <trkpt lat="42.0452050" lon="9.1424770" />
      <trkpt lat="42.0452190" lon="9.1425210" />
      <trkpt lat="42.0452190" lon="9.1425210" />
      <trkpt lat="42.0452190" lon="9.1425210" />
      <trkpt lat="42.0452190" lon="9.1425210" />
      <trkpt lat="42.0451670" lon="9.1423580" />
      <trkpt lat="42.0451670" lon="9.1423580" />
      <trkpt lat="42.0451670" lon="9.1423580" />
      <trkpt lat="42.0451670" lon="9.1423580" />
      <trkpt lat="42.0451670" lon="9.1423580" />
      <trkpt lat="42.0451670" lon="9.1423580" />
      <trkpt lat="42.0451610" lon="9.1423590" />
      <trkpt lat="42.0451610" lon="9.1423590" />
      <trkpt lat="42.0451610" lon="9.1423590" />
      <trkpt lat="42.0451610" lon="9.1423590" />
      <trkpt lat="42.0451610" lon="9.1423590" />
      <trkpt lat="42.0451630" lon="9.1423690" />
      <trkpt lat="42.0451630" lon="9.1423690" />
      <trkpt lat="42.0451630" lon="9.1423690" />
      <trkpt lat="42.0451630" lon="9.1423690" />
      <trkpt lat="42.0451700" lon="9.1423490" />
      <trkpt lat="42.0451700" lon="9.1423490" />
      <trkpt lat="42.0451660" lon="9.1423500" />
      <trkpt lat="42.0451660" lon="9.1423500" />
      <trkpt lat="42.0451660" lon="9.1423500" />
      <trkpt lat="42.0451660" lon="9.1423500" />
      <trkpt lat="42.0451660" lon="9.1423500" />
      <trkpt lat="42.0451660" lon="9.1423500" />
      <trkpt lat="42.0451660" lon="9.1423500" />
      <trkpt lat="42.0451400" lon="9.1423430" />
      <trkpt lat="42.0451540" lon="9.1423260" />
      <trkpt lat="42.0451550" lon="9.1423290" />
      <trkpt lat="42.0451550" lon="9.1423290" />
      <trkpt lat="42.0451550" lon="9.1423290" />
      <trkpt lat="42.0451550" lon="9.1423290" />
      <trkpt lat="42.0451550" lon="9.1423290" />
      <trkpt lat="42.0451550" lon="9.1423290" />
      <trkpt lat="42.0451550" lon="9.1423290" />
      <trkpt lat="42.0451660" lon="9.1423510" />
      <trkpt lat="42.0451660" lon="9.1423510" />
      <trkpt lat="42.0451660" lon="9.1423510" />
      <trkpt lat="42.0451660" lon="9.1423510" />
      <trkpt lat="42.0451640" lon="9.1423460" />
      <trkpt lat="42.0451640" lon="9.1423460" />
      <trkpt lat="42.0451640" lon="9.1423460" />
      <trkpt lat="42.0451640" lon="9.1423460" />
      <trkpt lat="42.0451640" lon="9.1423460" />
      <trkpt lat="42.0451640" lon="9.1423460" />
      <trkpt lat="42.0451640" lon="9.1423460" />
      <trkpt lat="42.0451760" lon="9.1423490" />
      <trkpt lat="42.0451760" lon="9.1423490" />
      <trkpt lat="42.0451950" lon="9.1423850" />
      <trkpt lat="42.0451950" lon="9.1423850" />
      <trkpt lat="42.0451950" lon="9.1423850" />
      <trkpt lat="42.0451950" lon="9.1423850" />
      <trkpt lat="42.0451570" lon="9.1422700" />
      <trkpt lat="42.0454950" lon="9.1418270" />
      <trkpt lat="42.0458060" lon="9.1416220" />
      <trkpt lat="42.0460030" lon="9.1413850" />
      <trkpt lat="42.0463470" lon="9.1411530" />
      <trkpt lat="42.0466430" lon="9.1408410" />
      <trkpt lat="42.0469190" lon="9.1406300" />
      <trkpt lat="42.0472320" lon="9.1404150" />
      <trkpt lat="42.0475170" lon="9.1401650" />
      <trkpt lat="42.0478200" lon="9.1398980" />
      <trkpt lat="42.0480930" lon="9.1396630" />
      <trkpt lat="42.0483610" lon="9.1394140" />
      <trkpt lat="42.0486160" lon="9.1391820" />
      <trkpt lat="42.0489130" lon="9.1389440" />
      <trkpt lat="42.0491510" lon="9.1387580" />
      <trkpt lat="42.0494150" lon="9.1385480" />
      <trkpt lat="42.0496700" lon="9.1383110" />
      <trkpt lat="42.0498990" lon="9.1380770" />
      <trkpt lat="42.0500660" lon="9.1378850" />
      <trkpt lat="42.0501910" lon="9.1377510" />
      <trkpt lat="42.0503340" lon="9.1376120" />
      <trkpt lat="42.0504860" lon="9.1374640" />
      <trkpt lat="42.0506350" lon="9.1373230" />
      <trkpt lat="42.0507780" lon="9.1372240" />
      <trkpt lat="42.0509140" lon="9.1371060" />
      <trkpt lat="42.0510120" lon="9.1370270" />
      <trkpt lat="42.0510480" lon="9.1370120" />
      <trkpt lat="42.0512500" lon="9.1369000" />
      <trkpt lat="42.0514060" lon="9.1367530" />
      <trkpt lat="42.0514700" lon="9.1365160" />
      <trkpt lat="42.0516420" lon="9.1363760" />
      <trkpt lat="42.0515650" lon="9.1356240" />
      <trkpt lat="42.0515940" lon="9.1351440" />
      <trkpt lat="42.0516630" lon="9.1347290" />
      <trkpt lat="42.0518000" lon="9.1343660" />
      <trkpt lat="42.0518850" lon="9.1340240" />
      <trkpt lat="42.0517820" lon="9.1336900" />
      <trkpt lat="42.0517190" lon="9.1332350" />
      <trkpt lat="42.0517910" lon="9.1329570" />
      <trkpt lat="42.0519800" lon="9.1325150" />
      <trkpt lat="42.0522100" lon="9.1323930" />
      <trkpt lat="42.0523470" lon="9.1324060" />
      <trkpt lat="42.0523470" lon="9.1324060" />
      <trkpt lat="42.0523470" lon="9.1324060" />
      <trkpt lat="42.0524670" lon="9.1324940" />
      <trkpt lat="42.0526930" lon="9.1323400" />
      <trkpt lat="42.0528730" lon="9.1320680" />
      <trkpt lat="42.0529490" lon="9.1319880" />
      <trkpt lat="42.0529680" lon="9.1319870" />
      <trkpt lat="42.0530250" lon="9.1319390" />
      <trkpt lat="42.0531500" lon="9.1318680" />
      <trkpt lat="42.0532080" lon="9.1318220" />
      <trkpt lat="42.0532410" lon="9.1318120" />
      <trkpt lat="42.0532410" lon="9.1318120" />
      <trkpt lat="42.0532680" lon="9.1317930" />
      <trkpt lat="42.0532680" lon="9.1317930" />
      <trkpt lat="42.0533230" lon="9.1317190" />
      <trkpt lat="42.0534860" lon="9.1315290" />
      <trkpt lat="42.0535330" lon="9.1314800" />
      <trkpt lat="42.0535050" lon="9.1314840" />
      <trkpt lat="42.0534940" lon="9.1314820" />
      <trkpt lat="42.0535540" lon="9.1314110" />
      <trkpt lat="42.0535970" lon="9.1313420" />
      <trkpt lat="42.0535970" lon="9.1313420" />
      <trkpt lat="42.0535970" lon="9.1313420" />
      <trkpt lat="42.0535970" lon="9.1313420" />
      <trkpt lat="42.0535970" lon="9.1313420" />
      <trkpt lat="42.0535970" lon="9.1313420" />
      <trkpt lat="42.0535970" lon="9.1313420" />
      <trkpt lat="42.0535970" lon="9.1313420" />
      <trkpt lat="42.0535970" lon="9.1313420" />
      <trkpt lat="42.0535970" lon="9.1313420" />
      <trkpt lat="42.0535970" lon="9.1313420" />
      <trkpt lat="42.0535970" lon="9.1313420" />
      <trkpt lat="42.0535970" lon="9.1313420" />
      <trkpt lat="42.0535970" lon="9.1313420" />
      <trkpt lat="42.0535970" lon="9.1313420" />
      <trkpt lat="42.0536390" lon="9.1313100" />
      <trkpt lat="42.0536390" lon="9.1313100" />
      <trkpt lat="42.0536390" lon="9.1313100" />
      <trkpt lat="42.0537490" lon="9.1312390" />
      <trkpt lat="42.0540030" lon="9.1309860" />
      <trkpt lat="42.0541480" lon="9.1307890" />
      <trkpt lat="42.0543080" lon="9.1308630" />
      <trkpt lat="42.0544720" lon="9.1308590" />
      <trkpt lat="42.0546050" lon="9.1308360" />
      <trkpt lat="42.0547850" lon="9.1309350" />
      <trkpt lat="42.0548010" lon="9.1309400" />
      <trkpt lat="42.0548010" lon="9.1309400" />
      <trkpt lat="42.0548010" lon="9.1309400" />
      <trkpt lat="42.0548010" lon="9.1309400" />
      <trkpt lat="42.0548010" lon="9.1309400" />
      <trkpt lat="42.0548010" lon="9.1309400" />
      <trkpt lat="42.0548010" lon="9.1309400" />
      <trkpt lat="42.0548010" lon="9.1309400" />
      <trkpt lat="42.0548010" lon="9.1309400" />
      <trkpt lat="42.0548320" lon="9.1309590" />
      <trkpt lat="42.0548550" lon="9.1308870" />
      <trkpt lat="42.0550500" lon="9.1309700" />
      <trkpt lat="42.0550500" lon="9.1309700" />
      <trkpt lat="42.0550620" lon="9.1309510" />
      <trkpt lat="42.0550620" lon="9.1309510" />
      <trkpt lat="42.0550700" lon="9.1309490" />
      <trkpt lat="42.0551570" lon="9.1310360" />
      <trkpt lat="42.0553690" lon="9.1311730" />
      <trkpt lat="42.0555190" lon="9.1312770" />
      <trkpt lat="42.0556100" lon="9.1314600" />
      <trkpt lat="42.0556660" lon="9.1315300" />
      <trkpt lat="42.0557430" lon="9.1314180" />
      <trkpt lat="42.0558190" lon="9.1313670" />
      <trkpt lat="42.0558290" lon="9.1313530" />
      <trkpt lat="42.0558290" lon="9.1313530" />
      <trkpt lat="42.0558290" lon="9.1313530" />
      <trkpt lat="42.0558290" lon="9.1313530" />
      <trkpt lat="42.0558290" lon="9.1313530" />
      <trkpt lat="42.0558290" lon="9.1313530" />
      <trkpt lat="42.0558290" lon="9.1313530" />
      <trkpt lat="42.0558630" lon="9.1313990" />
      <trkpt lat="42.0559440" lon="9.1314270" />
      <trkpt lat="42.0560300" lon="9.1315150" />
      <trkpt lat="42.0560950" lon="9.1315310" />
      <trkpt lat="42.0562350" lon="9.1315980" />
      <trkpt lat="42.0562900" lon="9.1316410" />
      <trkpt lat="42.0563710" lon="9.1315690" />
      <trkpt lat="42.0564750" lon="9.1315620" />
      <trkpt lat="42.0565540" lon="9.1316630" />
      <trkpt lat="42.0566270" lon="9.1317460" />
      <trkpt lat="42.0566880" lon="9.1317690" />
      <trkpt lat="42.0568170" lon="9.1317550" />
      <trkpt lat="42.0569110" lon="9.1317960" />
      <trkpt lat="42.0569870" lon="9.1317870" />
      <trkpt lat="42.0569870" lon="9.1317870" />
      <trkpt lat="42.0571870" lon="9.1318190" />
      <trkpt lat="42.0572680" lon="9.1318330" />
      <trkpt lat="42.0573010" lon="9.1319140" />
      <trkpt lat="42.0572840" lon="9.1319390" />
      <trkpt lat="42.0574900" lon="9.1318980" />
      <trkpt lat="42.0576960" lon="9.1318990" />
      <trkpt lat="42.0577350" lon="9.1319300" />
      <trkpt lat="42.0577350" lon="9.1319300" />
      <trkpt lat="42.0578880" lon="9.1320840" />
      <trkpt lat="42.0581240" lon="9.1322610" />
      <trkpt lat="42.0581990" lon="9.1323660" />
      <trkpt lat="42.0584380" lon="9.1325380" />
      <trkpt lat="42.0587430" lon="9.1327430" />
      <trkpt lat="42.0589990" lon="9.1329600" />
      <trkpt lat="42.0592250" lon="9.1331490" />
      <trkpt lat="42.0591750" lon="9.1334910" />
      <trkpt lat="42.0591560" lon="9.1335580" />
      <trkpt lat="42.0592400" lon="9.1336170" />
      <trkpt lat="42.0594490" lon="9.1337480" />
      <trkpt lat="42.0595820" lon="9.1337250" />
      <trkpt lat="42.0596990" lon="9.1337370" />
      <trkpt lat="42.0597420" lon="9.1337830" />
      <trkpt lat="42.0597410" lon="9.1337940" />
      <trkpt lat="42.0597410" lon="9.1337940" />
      <trkpt lat="42.0597140" lon="9.1337780" />
      <trkpt lat="42.0597040" lon="9.1337500" />
      <trkpt lat="42.0596600" lon="9.1337470" />
      <trkpt lat="42.0597240" lon="9.1337850" />
      <trkpt lat="42.0597240" lon="9.1337850" />
      <trkpt lat="42.0597240" lon="9.1337850" />
      <trkpt lat="42.0597070" lon="9.1337530" />
      <trkpt lat="42.0597070" lon="9.1337530" />
      <trkpt lat="42.0597070" lon="9.1337530" />
      <trkpt lat="42.0597070" lon="9.1337530" />
      <trkpt lat="42.0597070" lon="9.1337530" />
      <trkpt lat="42.0597070" lon="9.1337530" />
      <trkpt lat="42.0597070" lon="9.1337530" />
      <trkpt lat="42.0597070" lon="9.1337530" />
      <trkpt lat="42.0597070" lon="9.1337530" />
      <trkpt lat="42.0597070" lon="9.1337530" />
      <trkpt lat="42.0597070" lon="9.1337530" />
      <trkpt lat="42.0597300" lon="9.1338030" />
      <trkpt lat="42.0597350" lon="9.1338070" />
      <trkpt lat="42.0597350" lon="9.1338070" />
      <trkpt lat="42.0597350" lon="9.1338070" />
      <trkpt lat="42.0597350" lon="9.1338070" />
      <trkpt lat="42.0597350" lon="9.1338070" />
      <trkpt lat="42.0597350" lon="9.1338070" />
      <trkpt lat="42.0597350" lon="9.1338070" />
      <trkpt lat="42.0597350" lon="9.1338070" />
      <trkpt lat="42.0597350" lon="9.1338070" />
      <trkpt lat="42.0597350" lon="9.1338070" />
      <trkpt lat="42.0597350" lon="9.1338070" />
      <trkpt lat="42.0597350" lon="9.1338070" />
      <trkpt lat="42.0597050" lon="9.1337670" />
      <trkpt lat="42.0597050" lon="9.1337670" />
      <trkpt lat="42.0597050" lon="9.1337670" />
      <trkpt lat="42.0597240" lon="9.1337820" />
      <trkpt lat="42.0597120" lon="9.1337570" />
      <trkpt lat="42.0597120" lon="9.1337570" />
      <trkpt lat="42.0597120" lon="9.1337570" />
      <trkpt lat="42.0597120" lon="9.1337570" />
      <trkpt lat="42.0597120" lon="9.1337570" />
      <trkpt lat="42.0597120" lon="9.1337570" />
      <trkpt lat="42.0597120" lon="9.1337570" />
      <trkpt lat="42.0597120" lon="9.1337570" />
      <trkpt lat="42.0597050" lon="9.1337370" />
      <trkpt lat="42.0597050" lon="9.1337370" />
      <trkpt lat="42.0597050" lon="9.1337370" />
      <trkpt lat="42.0597050" lon="9.1337370" />
      <trkpt lat="42.0597050" lon="9.1337370" />
      <trkpt lat="42.0597050" lon="9.1337370" />
      <trkpt lat="42.0597050" lon="9.1337370" />
      <trkpt lat="42.0597050" lon="9.1337370" />
      <trkpt lat="42.0597020" lon="9.1337360" />
      <trkpt lat="42.0597020" lon="9.1337360" />
      <trkpt lat="42.0597020" lon="9.1337360" />
      <trkpt lat="42.0597020" lon="9.1337360" />
      <trkpt lat="42.0597020" lon="9.1337270" />
      <trkpt lat="42.0597020" lon="9.1337270" />
      <trkpt lat="42.0597020" lon="9.1337270" />
      <trkpt lat="42.0597020" lon="9.1337270" />
      <trkpt lat="42.0597020" lon="9.1337270" />
      <trkpt lat="42.0597020" lon="9.1337270" />
      <trkpt lat="42.0597020" lon="9.1337270" />
      <trkpt lat="42.0597020" lon="9.1337270" />
      <trkpt lat="42.0597020" lon="9.1337270" />
      <trkpt lat="42.0597020" lon="9.1337270" />
      <trkpt lat="42.0596740" lon="9.1337330" />
      <trkpt lat="42.0596650" lon="9.1337250" />
      <trkpt lat="42.0596650" lon="9.1337250" />
      <trkpt lat="42.0596650" lon="9.1337250" />
      <trkpt lat="42.0596650" lon="9.1337250" />
      <trkpt lat="42.0596670" lon="9.1337350" />
      <trkpt lat="42.0596780" lon="9.1337290" />
      <trkpt lat="42.0596780" lon="9.1337290" />
      <trkpt lat="42.0596880" lon="9.1337340" />
      <trkpt lat="42.0596880" lon="9.1337340" />
      <trkpt lat="42.0596880" lon="9.1337340" />
      <trkpt lat="42.0596820" lon="9.1337360" />
      <trkpt lat="42.0596820" lon="9.1337360" />
      <trkpt lat="42.0596820" lon="9.1337360" />
      <trkpt lat="42.0596820" lon="9.1337360" />
      <trkpt lat="42.0596820" lon="9.1337360" />
      <trkpt lat="42.0596820" lon="9.1337360" />
      <trkpt lat="42.0596760" lon="9.1337490" />
      <trkpt lat="42.0596760" lon="9.1337490" />
      <trkpt lat="42.0596890" lon="9.1337490" />
      <trkpt lat="42.0596890" lon="9.1337490" />
      <trkpt lat="42.0596890" lon="9.1337490" />
      <trkpt lat="42.0596890" lon="9.1337490" />
      <trkpt lat="42.0596890" lon="9.1337490" />
      <trkpt lat="42.0596890" lon="9.1337490" />
      <trkpt lat="42.0596890" lon="9.1337490" />
      <trkpt lat="42.0596890" lon="9.1337490" />
      <trkpt lat="42.0596890" lon="9.1337490" />
      <trkpt lat="42.0596890" lon="9.1337490" />
      <trkpt lat="42.0596890" lon="9.1337490" />
      <trkpt lat="42.0596890" lon="9.1337490" />
      <trkpt lat="42.0596890" lon="9.1337490" />
      <trkpt lat="42.0596890" lon="9.1337490" />
      <trkpt lat="42.0596890" lon="9.1337490" />
      <trkpt lat="42.0596890" lon="9.1337490" />
      <trkpt lat="42.0596630" lon="9.1336950" />
      <trkpt lat="42.0595470" lon="9.1337770" />
      <trkpt lat="42.0595470" lon="9.1337770" />
      <trkpt lat="42.0595080" lon="9.1338890" />
      <trkpt lat="42.0595720" lon="9.1342430" />
      <trkpt lat="42.0595630" lon="9.1342410" />
      <trkpt lat="42.0595190" lon="9.1342080" />
      <trkpt lat="42.0595020" lon="9.1341940" />
      <trkpt lat="42.0594610" lon="9.1341580" />
      <trkpt lat="42.0585370" lon="9.1344440" />
      <trkpt lat="42.0578280" lon="9.1347410" />
      <trkpt lat="42.0571410" lon="9.1375270" />
      <trkpt lat="42.0573700" lon="9.1405460" />
      <trkpt lat="42.0579580" lon="9.1406670" />
      <trkpt lat="42.0579580" lon="9.1406700" />
      <trkpt lat="42.0579570" lon="9.1406720" />
      <trkpt lat="42.0579570" lon="9.1406740" />
      <trkpt lat="42.0579570" lon="9.1406760" />
      <trkpt lat="42.0594830" lon="9.1412130" />
      <trkpt lat="42.0602080" lon="9.1421410" />
      <trkpt lat="42.0602210" lon="9.1421410" />
      <trkpt lat="42.0602340" lon="9.1421400" />
      <trkpt lat="42.0602460" lon="9.1421400" />
      <trkpt lat="42.0610790" lon="9.1425700" />
      <trkpt lat="42.0612130" lon="9.1425300" />
      <trkpt lat="42.0617080" lon="9.1425100" />
      <trkpt lat="42.0616090" lon="9.1425760" />
      <trkpt lat="42.0606820" lon="9.1431440" />
      <trkpt lat="42.0613550" lon="9.1442370" />
      <trkpt lat="42.0617590" lon="9.1449990" />
      <trkpt lat="42.0617530" lon="9.1450390" />
      <trkpt lat="42.0618360" lon="9.1458500" />
      <trkpt lat="42.0632560" lon="9.1471520" />
      <trkpt lat="42.0636160" lon="9.1474790" />
      <trkpt lat="42.0649170" lon="9.1487570" />
      <trkpt lat="42.0650800" lon="9.1481220" />
      <trkpt lat="42.0656910" lon="9.1478150" />
      <trkpt lat="42.0659210" lon="9.1473040" />
      <trkpt lat="42.0667060" lon="9.1468880" />
      <trkpt lat="42.0667220" lon="9.1469090" />
      <trkpt lat="42.0666910" lon="9.1474520" />
      <trkpt lat="42.0678260" lon="9.1477850" />
      <trkpt lat="42.0682750" lon="9.1482400" />
      <trkpt lat="42.0681850" lon="9.1485630" />
      <trkpt lat="42.0684810" lon="9.1490790" />
      <trkpt lat="42.0685440" lon="9.1492070" />
      <trkpt lat="42.0686170" lon="9.1491650" />
      <trkpt lat="42.0686260" lon="9.1491900" />
      <trkpt lat="42.0686760" lon="9.1492580" />
      <trkpt lat="42.0687180" lon="9.1492820" />
      <trkpt lat="42.0687870" lon="9.1493120" />
      <trkpt lat="42.0687870" lon="9.1493120" />
      <trkpt lat="42.0687870" lon="9.1493120" />
      <trkpt lat="42.0687870" lon="9.1493120" />
      <trkpt lat="42.0688040" lon="9.1493110" />
      <trkpt lat="42.0688910" lon="9.1492560" />
      <trkpt lat="42.0688910" lon="9.1492560" />
      <trkpt lat="42.0688910" lon="9.1492560" />
      <trkpt lat="42.0688910" lon="9.1492560" />
      <trkpt lat="42.0688890" lon="9.1492640" />
      <trkpt lat="42.0689280" lon="9.1492160" />
      <trkpt lat="42.0689280" lon="9.1492160" />
      <trkpt lat="42.0689280" lon="9.1492160" />
      <trkpt lat="42.0689280" lon="9.1492160" />
      <trkpt lat="42.0689280" lon="9.1492160" />
      <trkpt lat="42.0689280" lon="9.1492160" />
      <trkpt lat="42.0689280" lon="9.1492160" />
      <trkpt lat="42.0689280" lon="9.1492160" />
      <trkpt lat="42.0689280" lon="9.1492160" />
      <trkpt lat="42.0689280" lon="9.1492160" />
      <trkpt lat="42.0689280" lon="9.1492160" />
      <trkpt lat="42.0689280" lon="9.1492160" />
      <trkpt lat="42.0691440" lon="9.1494500" />
      <trkpt lat="42.0694030" lon="9.1494980" />
      <trkpt lat="42.0695420" lon="9.1495470" />
      <trkpt lat="42.0696080" lon="9.1493320" />
      <trkpt lat="42.0696990" lon="9.1493190" />
      <trkpt lat="42.0697450" lon="9.1493640" />
      <trkpt lat="42.0697450" lon="9.1493640" />
      <trkpt lat="42.0697630" lon="9.1493470" />
      <trkpt lat="42.0698200" lon="9.1493470" />
      <trkpt lat="42.0698300" lon="9.1493500" />
      <trkpt lat="42.0699740" lon="9.1495660" />
      <trkpt lat="42.0700700" lon="9.1496850" />
      <trkpt lat="42.0701430" lon="9.1497600" />
      <trkpt lat="42.0701430" lon="9.1497600" />
      <trkpt lat="42.0702830" lon="9.1497440" />
      <trkpt lat="42.0704860" lon="9.1497390" />
      <trkpt lat="42.0707160" lon="9.1499080" />
      <trkpt lat="42.0708750" lon="9.1499830" />
      <trkpt lat="42.0709310" lon="9.1499510" />
      <trkpt lat="42.0709310" lon="9.1499510" />
      <trkpt lat="42.0710030" lon="9.1499480" />
      <trkpt lat="42.0710020" lon="9.1498840" />
      <trkpt lat="42.0710970" lon="9.1498410" />
      <trkpt lat="42.0711820" lon="9.1498340" />
      <trkpt lat="42.0712020" lon="9.1497990" />
      <trkpt lat="42.0712260" lon="9.1497410" />
      <trkpt lat="42.0712550" lon="9.1496820" />
      <trkpt lat="42.0713650" lon="9.1496580" />
      <trkpt lat="42.0715270" lon="9.1496740" />
      <trkpt lat="42.0716430" lon="9.1496330" />
      <trkpt lat="42.0718080" lon="9.1497270" />
      <trkpt lat="42.0718080" lon="9.1497270" />
      <trkpt lat="42.0718030" lon="9.1497510" />
      <trkpt lat="42.0718030" lon="9.1497510" />
      <trkpt lat="42.0719280" lon="9.1498580" />
      <trkpt lat="42.0719920" lon="9.1498900" />
      <trkpt lat="42.0719920" lon="9.1498900" />
      <trkpt lat="42.0720100" lon="9.1497830" />
      <trkpt lat="42.0721040" lon="9.1497500" />
      <trkpt lat="42.0721730" lon="9.1496640" />
      <trkpt lat="42.0721970" lon="9.1495360" />
      <trkpt lat="42.0721970" lon="9.1495360" />
      <trkpt lat="42.0721970" lon="9.1495360" />
      <trkpt lat="42.0721970" lon="9.1495360" />
      <trkpt lat="42.0722990" lon="9.1495650" />
      <trkpt lat="42.0723230" lon="9.1495240" />
      <trkpt lat="42.0724250" lon="9.1495530" />
      <trkpt lat="42.0724470" lon="9.1495130" />
      <trkpt lat="42.0724770" lon="9.1493960" />
      <trkpt lat="42.0725550" lon="9.1494140" />
      <trkpt lat="42.0725910" lon="9.1492960" />
      <trkpt lat="42.0726060" lon="9.1492300" />
      <trkpt lat="42.0727630" lon="9.1493120" />
      <trkpt lat="42.0728300" lon="9.1493750" />
      <trkpt lat="42.0728220" lon="9.1492130" />
      <trkpt lat="42.0728180" lon="9.1490650" />
      <trkpt lat="42.0727890" lon="9.1489010" />
      <trkpt lat="42.0728780" lon="9.1489070" />
      <trkpt lat="42.0729800" lon="9.1489520" />
      <trkpt lat="42.0730680" lon="9.1490370" />
      <trkpt lat="42.0730850" lon="9.1489780" />
      <trkpt lat="42.0730950" lon="9.1489290" />
      <trkpt lat="42.0732100" lon="9.1489720" />
      <trkpt lat="42.0732070" lon="9.1488560" />
      <trkpt lat="42.0732210" lon="9.1487510" />
      <trkpt lat="42.0733000" lon="9.1488260" />
      <trkpt lat="42.0734320" lon="9.1489060" />
      <trkpt lat="42.0735070" lon="9.1489860" />
      <trkpt lat="42.0734590" lon="9.1488190" />
      <trkpt lat="42.0734680" lon="9.1486910" />
      <trkpt lat="42.0735170" lon="9.1486650" />
      <trkpt lat="42.0736170" lon="9.1487630" />
      <trkpt lat="42.0736710" lon="9.1487630" />
      <trkpt lat="42.0736760" lon="9.1486840" />
      <trkpt lat="42.0737020" lon="9.1485440" />
      <trkpt lat="42.0737980" lon="9.1485960" />
      <trkpt lat="42.0739220" lon="9.1487040" />
      <trkpt lat="42.0740010" lon="9.1487550" />
      <trkpt lat="42.0741130" lon="9.1488500" />
      <trkpt lat="42.0740890" lon="9.1486780" />
      <trkpt lat="42.0741860" lon="9.1485750" />
      <trkpt lat="42.0741770" lon="9.1484470" />
      <trkpt lat="42.0741770" lon="9.1484470" />
      <trkpt lat="42.0741810" lon="9.1482650" />
      <trkpt lat="42.0741810" lon="9.1482650" />
      <trkpt lat="42.0741810" lon="9.1482650" />
      <trkpt lat="42.0741810" lon="9.1482650" />
      <trkpt lat="42.0741760" lon="9.1482700" />
      <trkpt lat="42.0741760" lon="9.1482700" />
      <trkpt lat="42.0741720" lon="9.1482670" />
      <trkpt lat="42.0742140" lon="9.1483970" />
      <trkpt lat="42.0741440" lon="9.1483520" />
      <trkpt lat="42.0741320" lon="9.1483500" />
      <trkpt lat="42.0741320" lon="9.1483500" />
      <trkpt lat="42.0741320" lon="9.1483500" />
      <trkpt lat="42.0741320" lon="9.1483500" />
      <trkpt lat="42.0741320" lon="9.1483500" />
      <trkpt lat="42.0741320" lon="9.1483500" />
      <trkpt lat="42.0741320" lon="9.1483500" />
      <trkpt lat="42.0741320" lon="9.1483500" />
      <trkpt lat="42.0741320" lon="9.1483500" />
      <trkpt lat="42.0741320" lon="9.1483500" />
      <trkpt lat="42.0741320" lon="9.1483500" />
      <trkpt lat="42.0741320" lon="9.1483500" />
      <trkpt lat="42.0741320" lon="9.1483500" />
      <trkpt lat="42.0741320" lon="9.1483500" />
      <trkpt lat="42.0741320" lon="9.1483500" />
      <trkpt lat="42.0741320" lon="9.1483500" />
      <trkpt lat="42.0741320" lon="9.1483500" />
      <trkpt lat="42.0741320" lon="9.1483500" />
      <trkpt lat="42.0741320" lon="9.1483500" />
      <trkpt lat="42.0741320" lon="9.1483500" />
      <trkpt lat="42.0741320" lon="9.1483500" />
      <trkpt lat="42.0741320" lon="9.1483500" />
      <trkpt lat="42.0741320" lon="9.1483500" />
      <trkpt lat="42.0741320" lon="9.1483500" />
      <trkpt lat="42.0741320" lon="9.1483500" />
      <trkpt lat="42.0741320" lon="9.1483500" />
      <trkpt lat="42.0741320" lon="9.1483500" />
      <trkpt lat="42.0741320" lon="9.1483500" />
      <trkpt lat="42.0741320" lon="9.1483500" />
      <trkpt lat="42.0741320" lon="9.1483500" />
      <trkpt lat="42.0741320" lon="9.1483500" />
      <trkpt lat="42.0741320" lon="9.1483500" />
      <trkpt lat="42.0741320" lon="9.1483500" />
      <trkpt lat="42.0741630" lon="9.1482530" />
      <trkpt lat="42.0741630" lon="9.1482530" />
      <trkpt lat="42.0741630" lon="9.1482530" />
      <trkpt lat="42.0741630" lon="9.1482530" />
      <trkpt lat="42.0741630" lon="9.1482530" />
      <trkpt lat="42.0741630" lon="9.1482530" />
      <trkpt lat="42.0741630" lon="9.1482530" />
      <trkpt lat="42.0741630" lon="9.1482530" />
      <trkpt lat="42.0741630" lon="9.1482530" />
      <trkpt lat="42.0741630" lon="9.1482530" />
      <trkpt lat="42.0741630" lon="9.1482530" />
      <trkpt lat="42.0741630" lon="9.1482530" />
      <trkpt lat="42.0741630" lon="9.1482530" />
      <trkpt lat="42.0741630" lon="9.1482530" />
      <trkpt lat="42.0741630" lon="9.1482530" />
      <trkpt lat="42.0745090" lon="9.1474670" />
      <trkpt lat="42.0749680" lon="9.1468020" />
      <trkpt lat="42.0761020" lon="9.1461440" />
      <trkpt lat="42.0771290" lon="9.1471500" />
      <trkpt lat="42.0770730" lon="9.1472930" />
      <trkpt lat="42.0770680" lon="9.1472900" />
      <trkpt lat="42.0770630" lon="9.1472870" />
      <trkpt lat="42.0770580" lon="9.1472840" />
      <trkpt lat="42.0770530" lon="9.1472810" />
      <trkpt lat="42.0770490" lon="9.1472780" />
      <trkpt lat="42.0772880" lon="9.1474550" />
      <trkpt lat="42.0772880" lon="9.1474550" />
      <trkpt lat="42.0772880" lon="9.1474550" />
      <trkpt lat="42.0772880" lon="9.1474550" />
      <trkpt lat="42.0772880" lon="9.1474550" />
      <trkpt lat="42.0772880" lon="9.1474550" />
      <trkpt lat="42.0772880" lon="9.1474550" />
      <trkpt lat="42.0772880" lon="9.1474550" />
      <trkpt lat="42.0772880" lon="9.1474550" />
      <trkpt lat="42.0772880" lon="9.1474550" />
      <trkpt lat="42.0772880" lon="9.1474550" />
      <trkpt lat="42.0772880" lon="9.1474550" />
      <trkpt lat="42.0772880" lon="9.1474550" />
      <trkpt lat="42.0772880" lon="9.1474550" />
      <trkpt lat="42.0773200" lon="9.1472900" />
      <trkpt lat="42.0773430" lon="9.1469520" />
      <trkpt lat="42.0774950" lon="9.1467530" />
      <trkpt lat="42.0776710" lon="9.1467510" />
      <trkpt lat="42.0778130" lon="9.1467280" />
      <trkpt lat="42.0779620" lon="9.1466680" />
      <trkpt lat="42.0781320" lon="9.1466020" />
      <trkpt lat="42.0782760" lon="9.1465360" />
      <trkpt lat="42.0784450" lon="9.1465670" />
      <trkpt lat="42.0786140" lon="9.1466570" />
      <trkpt lat="42.0786970" lon="9.1464990" />
      <trkpt lat="42.0788870" lon="9.1465180" />
      <trkpt lat="42.0789810" lon="9.1466130" />
      <trkpt lat="42.0790810" lon="9.1464900" />
      <trkpt lat="42.0791320" lon="9.1462960" />
      <trkpt lat="42.0792230" lon="9.1462730" />
      <trkpt lat="42.0793190" lon="9.1462290" />
      <trkpt lat="42.0793850" lon="9.1462000" />
      <trkpt lat="42.0794640" lon="9.1460800" />
      <trkpt lat="42.0795550" lon="9.1463350" />
      <trkpt lat="42.0796450" lon="9.1465810" />
      <trkpt lat="42.0797130" lon="9.1468300" />
      <trkpt lat="42.0797510" lon="9.1470250" />
      <trkpt lat="42.0797910" lon="9.1470740" />
      <trkpt lat="42.0798840" lon="9.1469430" />
      <trkpt lat="42.0799340" lon="9.1467350" />
      <trkpt lat="42.0799860" lon="9.1465610" />
      <trkpt lat="42.0800380" lon="9.1463460" />
      <trkpt lat="42.0800900" lon="9.1461620" />
      <trkpt lat="42.0801300" lon="9.1459640" />
      <trkpt lat="42.0801880" lon="9.1457650" />
      <trkpt lat="42.0802200" lon="9.1455450" />
      <trkpt lat="42.0802460" lon="9.1453370" />
      <trkpt lat="42.0802760" lon="9.1451360" />
      <trkpt lat="42.0803240" lon="9.1449290" />
      <trkpt lat="42.0803590" lon="9.1447460" />
      <trkpt lat="42.0804070" lon="9.1445770" />
      <trkpt lat="42.0804570" lon="9.1443810" />
      <trkpt lat="42.0805210" lon="9.1442120" />
      <trkpt lat="42.0805790" lon="9.1440680" />
      <trkpt lat="42.0806080" lon="9.1438470" />
      <trkpt lat="42.0807560" lon="9.1438340" />
      <trkpt lat="42.0808420" lon="9.1439030" />
      <trkpt lat="42.0808450" lon="9.1436820" />
      <trkpt lat="42.0808660" lon="9.1434720" />
      <trkpt lat="42.0809360" lon="9.1432540" />
      <trkpt lat="42.0810560" lon="9.1430950" />
      <trkpt lat="42.0811300" lon="9.1430710" />
      <trkpt lat="42.0812750" lon="9.1432320" />
      <trkpt lat="42.0813620" lon="9.1434200" />
      <trkpt lat="42.0814330" lon="9.1435960" />
      <trkpt lat="42.0815290" lon="9.1437550" />
      <trkpt lat="42.0816550" lon="9.1439150" />
      <trkpt lat="42.0817580" lon="9.1440370" />
      <trkpt lat="42.0818940" lon="9.1441900" />
      <trkpt lat="42.0820460" lon="9.1442790" />
      <trkpt lat="42.0822280" lon="9.1442910" />
      <trkpt lat="42.0823780" lon="9.1441830" />
      <trkpt lat="42.0823980" lon="9.1441780" />
      <trkpt lat="42.0823980" lon="9.1441780" />
      <trkpt lat="42.0823980" lon="9.1441780" />
      <trkpt lat="42.0824250" lon="9.1442040" />
      <trkpt lat="42.0824250" lon="9.1442040" />
      <trkpt lat="42.0824250" lon="9.1442040" />
      <trkpt lat="42.0824250" lon="9.1442040" />
      <trkpt lat="42.0824250" lon="9.1442040" />
      <trkpt lat="42.0824250" lon="9.1442040" />
      <trkpt lat="42.0824280" lon="9.1442000" />
      <trkpt lat="42.0824180" lon="9.1441880" />
      <trkpt lat="42.0824180" lon="9.1441880" />
      <trkpt lat="42.0824610" lon="9.1440570" />
      <trkpt lat="42.0824990" lon="9.1437610" />
      <trkpt lat="42.0825080" lon="9.1434790" />
      <trkpt lat="42.0825490" lon="9.1433010" />
      <trkpt lat="42.0826630" lon="9.1430810" />
      <trkpt lat="42.0828520" lon="9.1431200" />
      <trkpt lat="42.0830450" lon="9.1431310" />
      <trkpt lat="42.0831660" lon="9.1431150" />
      <trkpt lat="42.0831690" lon="9.1431030" />
      <trkpt lat="42.0831720" lon="9.1430910" />
      <trkpt lat="42.0831750" lon="9.1430780" />
      <trkpt lat="42.0831780" lon="9.1430660" />
      <trkpt lat="42.0831820" lon="9.1430540" />
      <trkpt lat="42.0831850" lon="9.1430420" />
      <trkpt lat="42.0831880" lon="9.1430300" />
      <trkpt lat="42.0831910" lon="9.1430180" />
      <trkpt lat="42.0831940" lon="9.1430060" />
      <trkpt lat="42.0831970" lon="9.1429940" />
      <trkpt lat="42.0832000" lon="9.1429820" />
      <trkpt lat="42.0832030" lon="9.1429700" />
      <trkpt lat="42.0832060" lon="9.1429570" />
      <trkpt lat="42.0832100" lon="9.1429450" />
      <trkpt lat="42.0832130" lon="9.1429330" />
      <trkpt lat="42.0832160" lon="9.1429210" />
      <trkpt lat="42.0832190" lon="9.1429090" />
      <trkpt lat="42.0832220" lon="9.1428970" />
      <trkpt lat="42.0832250" lon="9.1428850" />
      <trkpt lat="42.0832280" lon="9.1428730" />
      <trkpt lat="42.0832310" lon="9.1428610" />
      <trkpt lat="42.0832340" lon="9.1428480" />
      <trkpt lat="42.0832370" lon="9.1428360" />
      <trkpt lat="42.0832410" lon="9.1428240" />
      <trkpt lat="42.0832440" lon="9.1428120" />
      <trkpt lat="42.0832470" lon="9.1428000" />
      <trkpt lat="42.0832500" lon="9.1427880" />
      <trkpt lat="42.0832530" lon="9.1427760" />
      <trkpt lat="42.0832560" lon="9.1427640" />
      <trkpt lat="42.0832590" lon="9.1427520" />
      <trkpt lat="42.0832620" lon="9.1427390" />
      <trkpt lat="42.0832650" lon="9.1427270" />
      <trkpt lat="42.0830740" lon="9.1441770" />
      <trkpt lat="42.0831970" lon="9.1453590" />
      <trkpt lat="42.0834700" lon="9.1454510" />
      <trkpt lat="42.0834660" lon="9.1454620" />
      <trkpt lat="42.0834470" lon="9.1455760" />
      <trkpt lat="42.0837240" lon="9.1461770" />
      <trkpt lat="42.0838220" lon="9.1461140" />
      <trkpt lat="42.0838220" lon="9.1461140" />
      <trkpt lat="42.0838220" lon="9.1461140" />
      <trkpt lat="42.0838220" lon="9.1461140" />
      <trkpt lat="42.0838220" lon="9.1461130" />
      <trkpt lat="42.0842920" lon="9.1469670" />
      <trkpt lat="42.0853310" lon="9.1476590" />
      <trkpt lat="42.0853420" lon="9.1476360" />
      <trkpt lat="42.0853940" lon="9.1477360" />
      <trkpt lat="42.0854090" lon="9.1478120" />
      <trkpt lat="42.0855840" lon="9.1481750" />
      <trkpt lat="42.0856790" lon="9.1488580" />
      <trkpt lat="42.0859880" lon="9.1494040" />
      <trkpt lat="42.0859860" lon="9.1494200" />
      <trkpt lat="42.0866760" lon="9.1502550" />
      <trkpt lat="42.0871480" lon="9.1504660" />
      <trkpt lat="42.0880710" lon="9.1500310" />
      <trkpt lat="42.0884050" lon="9.1503560" />
      <trkpt lat="42.0886150" lon="9.1506220" />
      <trkpt lat="42.0886500" lon="9.1506390" />
      <trkpt lat="42.0894360" lon="9.1506970" />
      <trkpt lat="42.0898440" lon="9.1505360" />
      <trkpt lat="42.0900650" lon="9.1503860" />
      <trkpt lat="42.0901510" lon="9.1503830" />
      <trkpt lat="42.0902710" lon="9.1503140" />
      <trkpt lat="42.0902880" lon="9.1500830" />
      <trkpt lat="42.0903580" lon="9.1499330" />
      <trkpt lat="42.0903640" lon="9.1498420" />
      <trkpt lat="42.0903640" lon="9.1498420" />
      <trkpt lat="42.0904100" lon="9.1497420" />
      <trkpt lat="42.0904110" lon="9.1497060" />
      <trkpt lat="42.0904020" lon="9.1496530" />
      <trkpt lat="42.0904020" lon="9.1496530" />
      <trkpt lat="42.0904140" lon="9.1496320" />
      <trkpt lat="42.0904130" lon="9.1496120" />
      <trkpt lat="42.0903940" lon="9.1495350" />
      <trkpt lat="42.0903830" lon="9.1494910" />
      <trkpt lat="42.0903830" lon="9.1494910" />
      <trkpt lat="42.0903830" lon="9.1494910" />
      <trkpt lat="42.0903510" lon="9.1493010" />
      <trkpt lat="42.0903510" lon="9.1493010" />
      <trkpt lat="42.0903710" lon="9.1493040" />
      <trkpt lat="42.0903710" lon="9.1493040" />
      <trkpt lat="42.0903710" lon="9.1493040" />
      <trkpt lat="42.0903710" lon="9.1493040" />
      <trkpt lat="42.0903880" lon="9.1492950" />
      <trkpt lat="42.0903880" lon="9.1492950" />
      <trkpt lat="42.0904220" lon="9.1493060" />
      <trkpt lat="42.0904220" lon="9.1493060" />
      <trkpt lat="42.0904030" lon="9.1493030" />
      <trkpt lat="42.0904030" lon="9.1493030" />
      <trkpt lat="42.0904030" lon="9.1493030" />
      <trkpt lat="42.0903850" lon="9.1492220" />
      <trkpt lat="42.0904040" lon="9.1489770" />
      <trkpt lat="42.0904580" lon="9.1487640" />
      <trkpt lat="42.0906220" lon="9.1487420" />
      <trkpt lat="42.0907360" lon="9.1487770" />
      <trkpt lat="42.0907760" lon="9.1487040" />
      <trkpt lat="42.0907850" lon="9.1485760" />
      <trkpt lat="42.0908260" lon="9.1484880" />
      <trkpt lat="42.0909940" lon="9.1486280" />
      <trkpt lat="42.0910730" lon="9.1487460" />
      <trkpt lat="42.0910720" lon="9.1487690" />
      <trkpt lat="42.0911090" lon="9.1486850" />
      <trkpt lat="42.0911550" lon="9.1486700" />
      <trkpt lat="42.0911670" lon="9.1484930" />
      <trkpt lat="42.0912140" lon="9.1484760" />
      <trkpt lat="42.0912450" lon="9.1484320" />
      <trkpt lat="42.0912680" lon="9.1483470" />
      <trkpt lat="42.0912630" lon="9.1482450" />
      <trkpt lat="42.0913630" lon="9.1483520" />
      <trkpt lat="42.0914160" lon="9.1484390" />
      <trkpt lat="42.0913750" lon="9.1482110" />
      <trkpt lat="42.0913450" lon="9.1480220" />
      <trkpt lat="42.0914320" lon="9.1481330" />
      <trkpt lat="42.0914270" lon="9.1480380" />
      <trkpt lat="42.0915410" lon="9.1481610" />
      <trkpt lat="42.0916160" lon="9.1482920" />
      <trkpt lat="42.0916300" lon="9.1482830" />
      <trkpt lat="42.0916850" lon="9.1482720" />
      <trkpt lat="42.0917740" lon="9.1484160" />
      <trkpt lat="42.0918120" lon="9.1485100" />
      <trkpt lat="42.0917860" lon="9.1482940" />
      <trkpt lat="42.0918310" lon="9.1482520" />
      <trkpt lat="42.0918620" lon="9.1482780" />
      <trkpt lat="42.0919800" lon="9.1484000" />
      <trkpt lat="42.0920050" lon="9.1485010" />
      <trkpt lat="42.0920880" lon="9.1485140" />
      <trkpt lat="42.0920720" lon="9.1483850" />
      <trkpt lat="42.0922270" lon="9.1484900" />
      <trkpt lat="42.0922270" lon="9.1484900" />
      <trkpt lat="42.0922270" lon="9.1484900" />
      <trkpt lat="42.0922160" lon="9.1484660" />
      <trkpt lat="42.0922830" lon="9.1484390" />
      <trkpt lat="42.0924580" lon="9.1485750" />
      <trkpt lat="42.0925350" lon="9.1487820" />
      <trkpt lat="42.0925930" lon="9.1487320" />
      <trkpt lat="42.0926280" lon="9.1486670" />
      <trkpt lat="42.0926560" lon="9.1487880" />
      <trkpt lat="42.0927190" lon="9.1486340" />
      <trkpt lat="42.0928040" lon="9.1488710" />
      <trkpt lat="42.0928300" lon="9.1489090" />
      <trkpt lat="42.0928870" lon="9.1487970" />
      <trkpt lat="42.0929310" lon="9.1487040" />
      <trkpt lat="42.0931160" lon="9.1485690" />
      <trkpt lat="42.0931790" lon="9.1485560" />
      <trkpt lat="42.0931790" lon="9.1485560" />
      <trkpt lat="42.0931790" lon="9.1485560" />
      <trkpt lat="42.0931770" lon="9.1485520" />
      <trkpt lat="42.0931770" lon="9.1485520" />
      <trkpt lat="42.0931770" lon="9.1485520" />
      <trkpt lat="42.0931770" lon="9.1485520" />
      <trkpt lat="42.0931770" lon="9.1485520" />
      <trkpt lat="42.0931770" lon="9.1485520" />
      <trkpt lat="42.0931770" lon="9.1485520" />
      <trkpt lat="42.0931770" lon="9.1485520" />
      <trkpt lat="42.0931770" lon="9.1485520" />
      <trkpt lat="42.0931770" lon="9.1485520" />
      <trkpt lat="42.0931770" lon="9.1485520" />
      <trkpt lat="42.0931770" lon="9.1485520" />
      <trkpt lat="42.0931770" lon="9.1485520" />
      <trkpt lat="42.0931770" lon="9.1485520" />
      <trkpt lat="42.0931770" lon="9.1485520" />
      <trkpt lat="42.0931770" lon="9.1485520" />
      <trkpt lat="42.0931770" lon="9.1485520" />
      <trkpt lat="42.0931770" lon="9.1485520" />
      <trkpt lat="42.0933480" lon="9.1485250" />
      <trkpt lat="42.0935530" lon="9.1483780" />
      <trkpt lat="42.0937050" lon="9.1481500" />
      <trkpt lat="42.0937300" lon="9.1478500" />
      <trkpt lat="42.0937500" lon="9.1475400" />
      <trkpt lat="42.0937640" lon="9.1472390" />
      <trkpt lat="42.0938360" lon="9.1469420" />
      <trkpt lat="42.0939300" lon="9.1466990" />
      <trkpt lat="42.0940990" lon="9.1464750" />
      <trkpt lat="42.0941490" lon="9.1462520" />
      <trkpt lat="42.0943010" lon="9.1461570" />
      <trkpt lat="42.0944400" lon="9.1460260" />
      <trkpt lat="42.0945850" lon="9.1458910" />
      <trkpt lat="42.0948060" lon="9.1458650" />
      <trkpt lat="42.0949740" lon="9.1458450" />
      <trkpt lat="42.0951240" lon="9.1458680" />
      <trkpt lat="42.0953280" lon="9.1459080" />
      <trkpt lat="42.0954780" lon="9.1459230" />
      <trkpt lat="42.0953900" lon="9.1457110" />
      <trkpt lat="42.0953190" lon="9.1454680" />
      <trkpt lat="42.0952910" lon="9.1452200" />
      <trkpt lat="42.0954040" lon="9.1450340" />
      <trkpt lat="42.0955880" lon="9.1450080" />
      <trkpt lat="42.0957460" lon="9.1450520" />
      <trkpt lat="42.0957890" lon="9.1448450" />
      <trkpt lat="42.0957740" lon="9.1446350" />
      <trkpt lat="42.0957290" lon="9.1444200" />
      <trkpt lat="42.0957230" lon="9.1442190" />
      <trkpt lat="42.0956980" lon="9.1440130" />
      <trkpt lat="42.0956580" lon="9.1438070" />
      <trkpt lat="42.0957150" lon="9.1437630" />
      <trkpt lat="42.0957150" lon="9.1437630" />
      <trkpt lat="42.0958800" lon="9.1438180" />
      <trkpt lat="42.0960010" lon="9.1438600" />
      <trkpt lat="42.0961630" lon="9.1439090" />
      <trkpt lat="42.0961480" lon="9.1438190" />
      <trkpt lat="42.0960490" lon="9.1436480" />
      <trkpt lat="42.0959630" lon="9.1435120" />
      <trkpt lat="42.0960620" lon="9.1434810" />
      <trkpt lat="42.0962000" lon="9.1434970" />
      <trkpt lat="42.0961240" lon="9.1433740" />
      <trkpt lat="42.0959980" lon="9.1432620" />
      <trkpt lat="42.0959100" lon="9.1430950" />
      <trkpt lat="42.0958520" lon="9.1429170" />
      <trkpt lat="42.0958460" lon="9.1427200" />
      <trkpt lat="42.0958800" lon="9.1426860" />
      <trkpt lat="42.0960750" lon="9.1427990" />
      <trkpt lat="42.0962090" lon="9.1428410" />
      <trkpt lat="42.0963370" lon="9.1428650" />
      <trkpt lat="42.0963370" lon="9.1428650" />
      <trkpt lat="42.0965300" lon="9.1428620" />
      <trkpt lat="42.0964870" lon="9.1427010" />
      <trkpt lat="42.0964800" lon="9.1424900" />
      <trkpt lat="42.0965900" lon="9.1423810" />
      <trkpt lat="42.0967570" lon="9.1424320" />
      <trkpt lat="42.0968730" lon="9.1424830" />
      <trkpt lat="42.0969880" lon="9.1424880" />
      <trkpt lat="42.0971600" lon="9.1425230" />
      <trkpt lat="42.0972350" lon="9.1425100" />
      <trkpt lat="42.0972180" lon="9.1423070" />
      <trkpt lat="42.0972140" lon="9.1421290" />
      <trkpt lat="42.0973140" lon="9.1421210" />
      <trkpt lat="42.0974140" lon="9.1421640" />
      <trkpt lat="42.0975300" lon="9.1422320" />
      <trkpt lat="42.0975550" lon="9.1422530" />
      <trkpt lat="42.0976600" lon="9.1423530" />
      <trkpt lat="42.0977620" lon="9.1424380" />
      <trkpt lat="42.0978680" lon="9.1425450" />
      <trkpt lat="42.0979410" lon="9.1426290" />
      <trkpt lat="42.0979880" lon="9.1426000" />
      <trkpt lat="42.0979840" lon="9.1424180" />
      <trkpt lat="42.0980030" lon="9.1423040" />
      <trkpt lat="42.0981430" lon="9.1424600" />
      <trkpt lat="42.0982240" lon="9.1425950" />
      <trkpt lat="42.0982310" lon="9.1425820" />
      <trkpt lat="42.0983580" lon="9.1426740" />
      <trkpt lat="42.0984210" lon="9.1425610" />
      <trkpt lat="42.0985340" lon="9.1425110" />
      <trkpt lat="42.0985910" lon="9.1423990" />
      <trkpt lat="42.0985140" lon="9.1421270" />
      <trkpt lat="42.0985120" lon="9.1420320" />
      <trkpt lat="42.0985860" lon="9.1420250" />
      <trkpt lat="42.0985860" lon="9.1420250" />
      <trkpt lat="42.0986390" lon="9.1418990" />
      <trkpt lat="42.0986940" lon="9.1416990" />
      <trkpt lat="42.0986370" lon="9.1417090" />
      <trkpt lat="42.0984840" lon="9.1416820" />
      <trkpt lat="42.0985620" lon="9.1415640" />
      <trkpt lat="42.0984690" lon="9.1415230" />
      <trkpt lat="42.0984450" lon="9.1414200" />
      <trkpt lat="42.0984110" lon="9.1413180" />
      <trkpt lat="42.0983650" lon="9.1411150" />
      <trkpt lat="42.0982490" lon="9.1409140" />
      <trkpt lat="42.0981890" lon="9.1408470" />
      <trkpt lat="42.0981860" lon="9.1408290" />
      <trkpt lat="42.0981500" lon="9.1407660" />
      <trkpt lat="42.0981270" lon="9.1407330" />
      <trkpt lat="42.0981040" lon="9.1407000" />
      <trkpt lat="42.0980810" lon="9.1406670" />
      <trkpt lat="42.0978730" lon="9.1404580" />
      <trkpt lat="42.0978500" lon="9.1404200" />
      <trkpt lat="42.0978500" lon="9.1404200" />
      <trkpt lat="42.0978500" lon="9.1404200" />
      <trkpt lat="42.0978470" lon="9.1404090" />
      <trkpt lat="42.0978470" lon="9.1404090" />
      <trkpt lat="42.0978470" lon="9.1404090" />
      <trkpt lat="42.0978470" lon="9.1404090" />
      <trkpt lat="42.0978470" lon="9.1404090" />
      <trkpt lat="42.0978470" lon="9.1404090" />
      <trkpt lat="42.0978470" lon="9.1404090" />
      <trkpt lat="42.0978470" lon="9.1404090" />
      <trkpt lat="42.0978470" lon="9.1404090" />
      <trkpt lat="42.0978470" lon="9.1404090" />
      <trkpt lat="42.0978470" lon="9.1404090" />
      <trkpt lat="42.0978470" lon="9.1404090" />
      <trkpt lat="42.0978400" lon="9.1404080" />
      <trkpt lat="42.0978400" lon="9.1404080" />
      <trkpt lat="42.0978400" lon="9.1404080" />
      <trkpt lat="42.0978400" lon="9.1404080" />
      <trkpt lat="42.0978400" lon="9.1404080" />
      <trkpt lat="42.0978360" lon="9.1403690" />
      <trkpt lat="42.0977740" lon="9.1402090" />
      <trkpt lat="42.0977790" lon="9.1401570" />
      <trkpt lat="42.0978370" lon="9.1400900" />
      <trkpt lat="42.0978180" lon="9.1400310" />
      <trkpt lat="42.0978050" lon="9.1399670" />
      <trkpt lat="42.0978050" lon="9.1399670" />
      <trkpt lat="42.0978050" lon="9.1399670" />
      <trkpt lat="42.0978520" lon="9.1400480" />
      <trkpt lat="42.0978650" lon="9.1398910" />
      <trkpt lat="42.0978220" lon="9.1397830" />
      <trkpt lat="42.0978220" lon="9.1397830" />
      <trkpt lat="42.0977090" lon="9.1396180" />
      <trkpt lat="42.0976560" lon="9.1394930" />
      <trkpt lat="42.0975220" lon="9.1393040" />
      <trkpt lat="42.0974470" lon="9.1392040" />
      <trkpt lat="42.0973870" lon="9.1392520" />
      <trkpt lat="42.0973130" lon="9.1392980" />
      <trkpt lat="42.0972480" lon="9.1391590" />
      <trkpt lat="42.0971810" lon="9.1390240" />
      <trkpt lat="42.0971540" lon="9.1388570" />
      <trkpt lat="42.0971000" lon="9.1387580" />
      <trkpt lat="42.0970630" lon="9.1386220" />
      <trkpt lat="42.0970120" lon="9.1385090" />
      <trkpt lat="42.0969820" lon="9.1384350" />
      <trkpt lat="42.0969270" lon="9.1383580" />
      <trkpt lat="42.0969270" lon="9.1383580" />
      <trkpt lat="42.0969150" lon="9.1383360" />
      <trkpt lat="42.0968500" lon="9.1382050" />
      <trkpt lat="42.0967900" lon="9.1380570" />
      <trkpt lat="42.0967120" lon="9.1379200" />
      <trkpt lat="42.0966670" lon="9.1378370" />
      <trkpt lat="42.0965270" lon="9.1376740" />
      <trkpt lat="42.0963490" lon="9.1375470" />
      <trkpt lat="42.0962610" lon="9.1375370" />
      <trkpt lat="42.0960410" lon="9.1375880" />
      <trkpt lat="42.0958020" lon="9.1375420" />
      <trkpt lat="42.0956410" lon="9.1374500" />
      <trkpt lat="42.0955080" lon="9.1373410" />
      <trkpt lat="42.0953170" lon="9.1371610" />
      <trkpt lat="42.0952430" lon="9.1371040" />
      <trkpt lat="42.0951080" lon="9.1370520" />
      <trkpt lat="42.0949080" lon="9.1369680" />
      <trkpt lat="42.0946760" lon="9.1368780" />
      <trkpt lat="42.0944180" lon="9.1368040" />
      <trkpt lat="42.0943440" lon="9.1367560" />
      <trkpt lat="42.0941890" lon="9.1366820" />
      <trkpt lat="42.0941870" lon="9.1366730" />
      <trkpt lat="42.0939630" lon="9.1364710" />
      <trkpt lat="42.0937590" lon="9.1362350" />
      <trkpt lat="42.0936870" lon="9.1361690" />
      <trkpt lat="42.0935790" lon="9.1360720" />
      <trkpt lat="42.0934310" lon="9.1359180" />
      <trkpt lat="42.0932050" lon="9.1357700" />
      <trkpt lat="42.0931320" lon="9.1357050" />
      <trkpt lat="42.0931320" lon="9.1357000" />
      <trkpt lat="42.0929490" lon="9.1355070" />
      <trkpt lat="42.0927670" lon="9.1353280" />
      <trkpt lat="42.0926950" lon="9.1352500" />
      <trkpt lat="42.0925990" lon="9.1351640" />
      <trkpt lat="42.0925400" lon="9.1351050" />
      <trkpt lat="42.0924870" lon="9.1351120" />
      <trkpt lat="42.0923440" lon="9.1350220" />
      <trkpt lat="42.0922440" lon="9.1348940" />
      <trkpt lat="42.0921190" lon="9.1347800" />
      <trkpt lat="42.0920820" lon="9.1347520" />
      <trkpt lat="42.0919860" lon="9.1346860" />
      <trkpt lat="42.0919320" lon="9.1346210" />
      <trkpt lat="42.0919380" lon="9.1346120" />
      <trkpt lat="42.0919380" lon="9.1346120" />
      <trkpt lat="42.0919380" lon="9.1346120" />
      <trkpt lat="42.0919380" lon="9.1346120" />
      <trkpt lat="42.0919020" lon="9.1345460" />
      <trkpt lat="42.0917860" lon="9.1344620" />
      <trkpt lat="42.0917860" lon="9.1344620" />
      <trkpt lat="42.0917010" lon="9.1343430" />
      <trkpt lat="42.0916480" lon="9.1342270" />
      <trkpt lat="42.0915750" lon="9.1341720" />
      <trkpt lat="42.0915010" lon="9.1340980" />
      <trkpt lat="42.0914350" lon="9.1340410" />
      <trkpt lat="42.0913520" lon="9.1339540" />
      <trkpt lat="42.0912570" lon="9.1338860" />
      <trkpt lat="42.0912020" lon="9.1338650" />
      <trkpt lat="42.0911830" lon="9.1338500" />
      <trkpt lat="42.0911830" lon="9.1338500" />
      <trkpt lat="42.0911880" lon="9.1337890" />
      <trkpt lat="42.0911930" lon="9.1335830" />
      <trkpt lat="42.0911650" lon="9.1335600" />
      <trkpt lat="42.0910560" lon="9.1335940" />
      <trkpt lat="42.0909690" lon="9.1336130" />
      <trkpt lat="42.0909510" lon="9.1336190" />
      <trkpt lat="42.0908510" lon="9.1336520" />
      <trkpt lat="42.0908510" lon="9.1336520" />
      <trkpt lat="42.0908510" lon="9.1336520" />
      <trkpt lat="42.0908500" lon="9.1336720" />
      <trkpt lat="42.0908420" lon="9.1337150" />
      <trkpt lat="42.0908220" lon="9.1338110" />
      <trkpt lat="42.0908210" lon="9.1338490" />
      <trkpt lat="42.0908210" lon="9.1338490" />
      <trkpt lat="42.0908210" lon="9.1338490" />
      <trkpt lat="42.0908210" lon="9.1338490" />
      <trkpt lat="42.0908210" lon="9.1338490" />
      <trkpt lat="42.0908210" lon="9.1338490" />
      <trkpt lat="42.0908210" lon="9.1338490" />
      <trkpt lat="42.0908210" lon="9.1338490" />
      <trkpt lat="42.0908210" lon="9.1338490" />
      <trkpt lat="42.0908210" lon="9.1338490" />
      <trkpt lat="42.0908210" lon="9.1338490" />
      <trkpt lat="42.0908210" lon="9.1338490" />
      <trkpt lat="42.0908210" lon="9.1338490" />
      <trkpt lat="42.0908210" lon="9.1338490" />
      <trkpt lat="42.0908210" lon="9.1338490" />
      <trkpt lat="42.0908210" lon="9.1338490" />
      <trkpt lat="42.0908210" lon="9.1338490" />
      <trkpt lat="42.0908210" lon="9.1338490" />
      <trkpt lat="42.0908210" lon="9.1338490" />
      <trkpt lat="42.0908210" lon="9.1338490" />
      <trkpt lat="42.0908210" lon="9.1338490" />
      <trkpt lat="42.0908210" lon="9.1338430" />
      <trkpt lat="42.0908180" lon="9.1337600" />
      <trkpt lat="42.0908420" lon="9.1337050" />
      <trkpt lat="42.0908600" lon="9.1337100" />
      <trkpt lat="42.0908820" lon="9.1337040" />
      <trkpt lat="42.0908910" lon="9.1336910" />
      <trkpt lat="42.0909370" lon="9.1336360" />
      <trkpt lat="42.0909970" lon="9.1336100" />
      <trkpt lat="42.0910510" lon="9.1335900" />
      <trkpt lat="42.0911220" lon="9.1335760" />
      <trkpt lat="42.0911220" lon="9.1335760" />
      <trkpt lat="42.0912300" lon="9.1336120" />
      <trkpt lat="42.0912500" lon="9.1336820" />
      <trkpt lat="42.0912550" lon="9.1336850" />
      <trkpt lat="42.0913370" lon="9.1339300" />
      <trkpt lat="42.0913860" lon="9.1340190" />
      <trkpt lat="42.0914490" lon="9.1341370" />
      <trkpt lat="42.0914840" lon="9.1341880" />
      <trkpt lat="42.0915220" lon="9.1342190" />
      <trkpt lat="42.0915650" lon="9.1343050" />
      <trkpt lat="42.0916560" lon="9.1343290" />
      <trkpt lat="42.0917900" lon="9.1344870" />
      <trkpt lat="42.0919180" lon="9.1346220" />
      <trkpt lat="42.0919190" lon="9.1346100" />
      <trkpt lat="42.0919190" lon="9.1346100" />
      <trkpt lat="42.0919190" lon="9.1346100" />
      <trkpt lat="42.0919460" lon="9.1345950" />
      <trkpt lat="42.0919460" lon="9.1345950" />
      <trkpt lat="42.0919400" lon="9.1345810" />
      <trkpt lat="42.0919400" lon="9.1345810" />
      <trkpt lat="42.0919400" lon="9.1345810" />
      <trkpt lat="42.0919400" lon="9.1345810" />
      <trkpt lat="42.0919400" lon="9.1345810" />
      <trkpt lat="42.0919400" lon="9.1345810" />
      <trkpt lat="42.0919400" lon="9.1345810" />
      <trkpt lat="42.0919400" lon="9.1345810" />
      <trkpt lat="42.0919400" lon="9.1345810" />
      <trkpt lat="42.0919400" lon="9.1345810" />
      <trkpt lat="42.0919400" lon="9.1345810" />
      <trkpt lat="42.0919400" lon="9.1345810" />
      <trkpt lat="42.0919400" lon="9.1345810" />
      <trkpt lat="42.0919400" lon="9.1345810" />
      <trkpt lat="42.0919400" lon="9.1345810" />
      <trkpt lat="42.0919400" lon="9.1345810" />
      <trkpt lat="42.0919400" lon="9.1345810" />
      <trkpt lat="42.0919400" lon="9.1345810" />
      <trkpt lat="42.0919400" lon="9.1345810" />
      <trkpt lat="42.0919400" lon="9.1345810" />
      <trkpt lat="42.0919400" lon="9.1345810" />
      <trkpt lat="42.0919400" lon="9.1345810" />
      <trkpt lat="42.0919400" lon="9.1345810" />
      <trkpt lat="42.0919400" lon="9.1345810" />
      <trkpt lat="42.0919400" lon="9.1345810" />
      <trkpt lat="42.0919400" lon="9.1345810" />
      <trkpt lat="42.0919400" lon="9.1345810" />
      <trkpt lat="42.0919400" lon="9.1345810" />
      <trkpt lat="42.0919400" lon="9.1345810" />
      <trkpt lat="42.0919400" lon="9.1345810" />
      <trkpt lat="42.0919400" lon="9.1345810" />
      <trkpt lat="42.0919580" lon="9.1345620" />
      <trkpt lat="42.0920120" lon="9.1344040" />
      <trkpt lat="42.0920370" lon="9.1341430" />
      <trkpt lat="42.0920480" lon="9.1339180" />
      <trkpt lat="42.0920710" lon="9.1337000" />
      <trkpt lat="42.0920690" lon="9.1336780" />
      <trkpt lat="42.0920690" lon="9.1336780" />
      <trkpt lat="42.0920690" lon="9.1336780" />
      <trkpt lat="42.0920770" lon="9.1335740" />
      <trkpt lat="42.0921110" lon="9.1334950" />
      <trkpt lat="42.0921950" lon="9.1334360" />
      <trkpt lat="42.0922730" lon="9.1334840" />
      <trkpt lat="42.0922730" lon="9.1334840" />
      <trkpt lat="42.0922730" lon="9.1334840" />
      <trkpt lat="42.0922730" lon="9.1334840" />
      <trkpt lat="42.0922730" lon="9.1334840" />
      <trkpt lat="42.0922730" lon="9.1334840" />
      <trkpt lat="42.0922730" lon="9.1334840" />
      <trkpt lat="42.0922730" lon="9.1334840" />
      <trkpt lat="42.0922730" lon="9.1334840" />
      <trkpt lat="42.0922730" lon="9.1334840" />
      <trkpt lat="42.0922730" lon="9.1334840" />
      <trkpt lat="42.0922730" lon="9.1334840" />
      <trkpt lat="42.0922730" lon="9.1334840" />
      <trkpt lat="42.0922730" lon="9.1334840" />
      <trkpt lat="42.0922730" lon="9.1334840" />
      <trkpt lat="42.0922730" lon="9.1334840" />
      <trkpt lat="42.0922730" lon="9.1334840" />
      <trkpt lat="42.0922730" lon="9.1334840" />
      <trkpt lat="42.0922800" lon="9.1334900" />
      <trkpt lat="42.0922780" lon="9.1334940" />
      <trkpt lat="42.0922780" lon="9.1334940" />
      <trkpt lat="42.0922780" lon="9.1334940" />
      <trkpt lat="42.0922780" lon="9.1334940" />
      <trkpt lat="42.0922780" lon="9.1334940" />
      <trkpt lat="42.0922780" lon="9.1334940" />
      <trkpt lat="42.0922780" lon="9.1334940" />
      <trkpt lat="42.0922780" lon="9.1334940" />
      <trkpt lat="42.0922780" lon="9.1334940" />
      <trkpt lat="42.0923130" lon="9.1333830" />
      <trkpt lat="42.0929820" lon="9.1328780" />
      <trkpt lat="42.0932220" lon="9.1318410" />
      <trkpt lat="42.0935550" lon="9.1306870" />
      <trkpt lat="42.0944940" lon="9.1287970" />
      <trkpt lat="42.0945020" lon="9.1287800" />
      <trkpt lat="42.0945020" lon="9.1287800" />
      <trkpt lat="42.0945020" lon="9.1287800" />
      <trkpt lat="42.0944680" lon="9.1288050" />
      <trkpt lat="42.0944890" lon="9.1287260" />
      <trkpt lat="42.0944890" lon="9.1287260" />
      <trkpt lat="42.0944890" lon="9.1287260" />
      <trkpt lat="42.0944890" lon="9.1287260" />
      <trkpt lat="42.0944890" lon="9.1287260" />
      <trkpt lat="42.0944890" lon="9.1287260" />
      <trkpt lat="42.0944890" lon="9.1287260" />
      <trkpt lat="42.0944890" lon="9.1287260" />
      <trkpt lat="42.0944890" lon="9.1287260" />
      <trkpt lat="42.0944890" lon="9.1287260" />
      <trkpt lat="42.0944890" lon="9.1287260" />
      <trkpt lat="42.0944890" lon="9.1287260" />
      <trkpt lat="42.0945000" lon="9.1287420" />
      <trkpt lat="42.0944910" lon="9.1287310" />
      <trkpt lat="42.0944910" lon="9.1287310" />
      <trkpt lat="42.0944850" lon="9.1286920" />
      <trkpt lat="42.0944810" lon="9.1286950" />
      <trkpt lat="42.0944810" lon="9.1286950" />
      <trkpt lat="42.0944810" lon="9.1286950" />
      <trkpt lat="42.0944810" lon="9.1286950" />
      <trkpt lat="42.0944810" lon="9.1286950" />
      <trkpt lat="42.0944810" lon="9.1286950" />
      <trkpt lat="42.0944810" lon="9.1286950" />
      <trkpt lat="42.0944810" lon="9.1286950" />
      <trkpt lat="42.0944810" lon="9.1286950" />
      <trkpt lat="42.0944810" lon="9.1286950" />
      <trkpt lat="42.0944430" lon="9.1286950" />
      <trkpt lat="42.0944460" lon="9.1286990" />
      <trkpt lat="42.0944460" lon="9.1286990" />
      <trkpt lat="42.0944460" lon="9.1286990" />
      <trkpt lat="42.0944460" lon="9.1286990" />
      <trkpt lat="42.0944460" lon="9.1286990" />
      <trkpt lat="42.0944460" lon="9.1286990" />
      <trkpt lat="42.0944460" lon="9.1286990" />
      <trkpt lat="42.0944460" lon="9.1286990" />
      <trkpt lat="42.0944460" lon="9.1286990" />
      <trkpt lat="42.0944460" lon="9.1286990" />
      <trkpt lat="42.0944460" lon="9.1286990" />
      <trkpt lat="42.0944460" lon="9.1286990" />
      <trkpt lat="42.0944460" lon="9.1286990" />
      <trkpt lat="42.0944460" lon="9.1286990" />
      <trkpt lat="42.0944450" lon="9.1287060" />
      <trkpt lat="42.0944450" lon="9.1287060" />
      <trkpt lat="42.0944450" lon="9.1287060" />
      <trkpt lat="42.0944450" lon="9.1287060" />
      <trkpt lat="42.0944510" lon="9.1287100" />
      <trkpt lat="42.0944510" lon="9.1287100" />
      <trkpt lat="42.0944510" lon="9.1287100" />
      <trkpt lat="42.0944510" lon="9.1287100" />
      <trkpt lat="42.0944510" lon="9.1287100" />
      <trkpt lat="42.0944510" lon="9.1287100" />
      <trkpt lat="42.0944510" lon="9.1287100" />
      <trkpt lat="42.0944510" lon="9.1287100" />
      <trkpt lat="42.0944510" lon="9.1287100" />
      <trkpt lat="42.0944510" lon="9.1287100" />
      <trkpt lat="42.0944510" lon="9.1287100" />
      <trkpt lat="42.0944510" lon="9.1287100" />
      <trkpt lat="42.0944510" lon="9.1287100" />
      <trkpt lat="42.0944510" lon="9.1287100" />
      <trkpt lat="42.0944510" lon="9.1287100" />
      <trkpt lat="42.0944510" lon="9.1287100" />
      <trkpt lat="42.0944750" lon="9.1287140" />
      <trkpt lat="42.0944710" lon="9.1287120" />
      <trkpt lat="42.0944710" lon="9.1287120" />
      <trkpt lat="42.0944710" lon="9.1287120" />
      <trkpt lat="42.0944710" lon="9.1287120" />
      <trkpt lat="42.0944710" lon="9.1287120" />
      <trkpt lat="42.0944710" lon="9.1287120" />
      <trkpt lat="42.0944710" lon="9.1287120" />
      <trkpt lat="42.0944710" lon="9.1287120" />
      <trkpt lat="42.0944710" lon="9.1287120" />
      <trkpt lat="42.0944710" lon="9.1287120" />
      <trkpt lat="42.0944710" lon="9.1287120" />
      <trkpt lat="42.0944710" lon="9.1287120" />
      <trkpt lat="42.0944710" lon="9.1287120" />
      <trkpt lat="42.0944710" lon="9.1287120" />
      <trkpt lat="42.0944710" lon="9.1287120" />
      <trkpt lat="42.0944710" lon="9.1287120" />
      <trkpt lat="42.0944710" lon="9.1287120" />
      <trkpt lat="42.0944710" lon="9.1287120" />
      <trkpt lat="42.0944710" lon="9.1287120" />
      <trkpt lat="42.0944710" lon="9.1287120" />
      <trkpt lat="42.0944720" lon="9.1288330" />
      <trkpt lat="42.0944650" lon="9.1288500" />
      <trkpt lat="42.0944650" lon="9.1288500" />
      <trkpt lat="42.0944760" lon="9.1288310" />
      <trkpt lat="42.0944760" lon="9.1288310" />
      <trkpt lat="42.0944760" lon="9.1288310" />
      <trkpt lat="42.0944760" lon="9.1288310" />
      <trkpt lat="42.0944760" lon="9.1288310" />
      <trkpt lat="42.0944760" lon="9.1288310" />
      <trkpt lat="42.0949620" lon="9.1285440" />
      <trkpt lat="42.0960590" lon="9.1278850" />
      <trkpt lat="42.0969790" lon="9.1277490" />
      <trkpt lat="42.0974580" lon="9.1277470" />
      <trkpt lat="42.0974510" lon="9.1277590" />
      <trkpt lat="42.0974430" lon="9.1277700" />
      <trkpt lat="42.0974350" lon="9.1277810" />
      <trkpt lat="42.0974270" lon="9.1277920" />
      <trkpt lat="42.0977140" lon="9.1291580" />
      <trkpt lat="42.0977630" lon="9.1292040" />
      <trkpt lat="42.0988240" lon="9.1284240" />
      <trkpt lat="42.0993380" lon="9.1274180" />
      <trkpt lat="42.0997830" lon="9.1271660" />
      <trkpt lat="42.1004510" lon="9.1270980" />
      <trkpt lat="42.1009160" lon="9.1276310" />
      <trkpt lat="42.1014050" lon="9.1280540" />
      <trkpt lat="42.1014050" lon="9.1280540" />
      <trkpt lat="42.1014050" lon="9.1280540" />
      <trkpt lat="42.1013750" lon="9.1280770" />
      <trkpt lat="42.1012780" lon="9.1282740" />
      <trkpt lat="42.1018340" lon="9.1287720" />
      <trkpt lat="42.1020700" lon="9.1294320" />
      <trkpt lat="42.1022090" lon="9.1295210" />
      <trkpt lat="42.1022090" lon="9.1295210" />
      <trkpt lat="42.1021800" lon="9.1295210" />
      <trkpt lat="42.1021040" lon="9.1298420" />
      <trkpt lat="42.1020030" lon="9.1299680" />
      <trkpt lat="42.1022520" lon="9.1302840" />
      <trkpt lat="42.1023420" lon="9.1303200" />
      <trkpt lat="42.1023420" lon="9.1303200" />
      <trkpt lat="42.1025830" lon="9.1305880" />
      <trkpt lat="42.1032020" lon="9.1306450" />
      <trkpt lat="42.1034320" lon="9.1306200" />
      <trkpt lat="42.1034530" lon="9.1307050" />
      <trkpt lat="42.1034480" lon="9.1307850" />
      <trkpt lat="42.1033700" lon="9.1309720" />
      <trkpt lat="42.1033700" lon="9.1309720" />
      <trkpt lat="42.1033760" lon="9.1309760" />
      <trkpt lat="42.1035070" lon="9.1310250" />
      <trkpt lat="42.1035580" lon="9.1311300" />
      <trkpt lat="42.1036040" lon="9.1311920" />
      <trkpt lat="42.1037040" lon="9.1312370" />
      <trkpt lat="42.1037850" lon="9.1312780" />
      <trkpt lat="42.1040550" lon="9.1314120" />
      <trkpt lat="42.1040980" lon="9.1313710" />
      <trkpt lat="42.1041510" lon="9.1314470" />
      <trkpt lat="42.1044370" lon="9.1314610" />
      <trkpt lat="42.1044880" lon="9.1314560" />
      <trkpt lat="42.1047100" lon="9.1315490" />
      <trkpt lat="42.1049130" lon="9.1316050" />
      <trkpt lat="42.1049640" lon="9.1315220" />
      <trkpt lat="42.1049700" lon="9.1314940" />
      <trkpt lat="42.1049930" lon="9.1314550" />
      <trkpt lat="42.1050870" lon="9.1313710" />
      <trkpt lat="42.1053090" lon="9.1312420" />
      <trkpt lat="42.1054780" lon="9.1312990" />
      <trkpt lat="42.1055040" lon="9.1313580" />
      <trkpt lat="42.1055040" lon="9.1313580" />
      <trkpt lat="42.1055040" lon="9.1313580" />
      <trkpt lat="42.1055040" lon="9.1313580" />
      <trkpt lat="42.1055040" lon="9.1313580" />
      <trkpt lat="42.1055090" lon="9.1313440" />
      <trkpt lat="42.1055090" lon="9.1313440" />
      <trkpt lat="42.1055090" lon="9.1313440" />
      <trkpt lat="42.1055090" lon="9.1313440" />
      <trkpt lat="42.1055430" lon="9.1314120" />
      <trkpt lat="42.1055570" lon="9.1314220" />
      <trkpt lat="42.1054970" lon="9.1313910" />
      <trkpt lat="42.1054970" lon="9.1313910" />
      <trkpt lat="42.1054970" lon="9.1313910" />
      <trkpt lat="42.1054790" lon="9.1313820" />
      <trkpt lat="42.1054790" lon="9.1313820" />
      <trkpt lat="42.1054790" lon="9.1313820" />
      <trkpt lat="42.1054790" lon="9.1313820" />
      <trkpt lat="42.1054790" lon="9.1313820" />
      <trkpt lat="42.1054930" lon="9.1313850" />
      <trkpt lat="42.1054950" lon="9.1313700" />
      <trkpt lat="42.1054950" lon="9.1313700" />
      <trkpt lat="42.1054880" lon="9.1313480" />
      <trkpt lat="42.1054880" lon="9.1313480" />
      <trkpt lat="42.1054880" lon="9.1313480" />
      <trkpt lat="42.1055020" lon="9.1313490" />
      <trkpt lat="42.1055020" lon="9.1313490" />
      <trkpt lat="42.1055020" lon="9.1313490" />
      <trkpt lat="42.1055020" lon="9.1313490" />
      <trkpt lat="42.1055020" lon="9.1313490" />
      <trkpt lat="42.1055020" lon="9.1313490" />
      <trkpt lat="42.1055080" lon="9.1313670" />
      <trkpt lat="42.1055080" lon="9.1313670" />
      <trkpt lat="42.1056190" lon="9.1314190" />
      <trkpt lat="42.1057440" lon="9.1314150" />
      <trkpt lat="42.1059810" lon="9.1315730" />
      <trkpt lat="42.1062170" lon="9.1316160" />
      <trkpt lat="42.1064640" lon="9.1315400" />
      <trkpt lat="42.1064290" lon="9.1314180" />
      <trkpt lat="42.1063810" lon="9.1313420" />
      <trkpt lat="42.1062780" lon="9.1310290" />
      <trkpt lat="42.1064200" lon="9.1307120" />
      <trkpt lat="42.1067310" lon="9.1308940" />
      <trkpt lat="42.1070310" lon="9.1310640" />
      <trkpt lat="42.1072010" lon="9.1311500" />
      <trkpt lat="42.1074680" lon="9.1309430" />
      <trkpt lat="42.1077770" lon="9.1309300" />
      <trkpt lat="42.1080440" lon="9.1309720" />
      <trkpt lat="42.1083150" lon="9.1312320" />
      <trkpt lat="42.1085830" lon="9.1315200" />
      <trkpt lat="42.1083580" lon="9.1315020" />
      <trkpt lat="42.1080740" lon="9.1314260" />
      <trkpt lat="42.1077770" lon="9.1313530" />
      <trkpt lat="42.1078880" lon="9.1313970" />
      <trkpt lat="42.1080420" lon="9.1316180" />
      <trkpt lat="42.1082690" lon="9.1318260" />
      <trkpt lat="42.1084790" lon="9.1321110" />
      <trkpt lat="42.1087220" lon="9.1322790" />
      <trkpt lat="42.1090430" lon="9.1323960" />
      <trkpt lat="42.1087460" lon="9.1325890" />
      <trkpt lat="42.1084370" lon="9.1327230" />
      <trkpt lat="42.1080900" lon="9.1327470" />
      <trkpt lat="42.1080470" lon="9.1327970" />
      <trkpt lat="42.1083170" lon="9.1329800" />
      <trkpt lat="42.1086100" lon="9.1330230" />
      <trkpt lat="42.1088510" lon="9.1331060" />
      <trkpt lat="42.1088440" lon="9.1332270" />
      <trkpt lat="42.1087090" lon="9.1333490" />
      <trkpt lat="42.1088170" lon="9.1334450" />
      <trkpt lat="42.1089620" lon="9.1335080" />
      <trkpt lat="42.1090010" lon="9.1336470" />
      <trkpt lat="42.1090410" lon="9.1337730" />
      <trkpt lat="42.1089420" lon="9.1339800" />
      <trkpt lat="42.1089850" lon="9.1340070" />
      <trkpt lat="42.1092130" lon="9.1340260" />
      <trkpt lat="42.1090540" lon="9.1342360" />
      <trkpt lat="42.1090020" lon="9.1344130" />
      <trkpt lat="42.1091320" lon="9.1344700" />
      <trkpt lat="42.1092750" lon="9.1344250" />
      <trkpt lat="42.1095210" lon="9.1344910" />
      <trkpt lat="42.1098170" lon="9.1345570" />
      <trkpt lat="42.1100450" lon="9.1346850" />
      <trkpt lat="42.1099250" lon="9.1348880" />
      <trkpt lat="42.1098210" lon="9.1350860" />
      <trkpt lat="42.1099220" lon="9.1351190" />
      <trkpt lat="42.1101460" lon="9.1351310" />
      <trkpt lat="42.1104190" lon="9.1351630" />
      <trkpt lat="42.1106770" lon="9.1352120" />
      <trkpt lat="42.1109590" lon="9.1351620" />
      <trkpt lat="42.1113130" lon="9.1350900" />
      <trkpt lat="42.1116220" lon="9.1350700" />
      <trkpt lat="42.1119550" lon="9.1349090" />
      <trkpt lat="42.1122910" lon="9.1346630" />
      <trkpt lat="42.1125000" lon="9.1343240" />
      <trkpt lat="42.1126370" lon="9.1338980" />
      <trkpt lat="42.1128260" lon="9.1336610" />
      <trkpt lat="42.1131470" lon="9.1336160" />
      <trkpt lat="42.1134330" lon="9.1333360" />
      <trkpt lat="42.1135540" lon="9.1329760" />
      <trkpt lat="42.1137960" lon="9.1326770" />
      <trkpt lat="42.1139850" lon="9.1324470" />
      <trkpt lat="42.1143210" lon="9.1322820" />
      <trkpt lat="42.1146300" lon="9.1321330" />
      <trkpt lat="42.1150050" lon="9.1319640" />
      <trkpt lat="42.1152850" lon="9.1317160" />
      <trkpt lat="42.1152520" lon="9.1320240" />
      <trkpt lat="42.1154780" lon="9.1317040" />
      <trkpt lat="42.1154730" lon="9.1312150" />
      <trkpt lat="42.1157990" lon="9.1310520" />
      <trkpt lat="42.1161930" lon="9.1310200" />
      <trkpt lat="42.1165020" lon="9.1307810" />
      <trkpt lat="42.1167400" lon="9.1303570" />
      <trkpt lat="42.1169780" lon="9.1301220" />
      <trkpt lat="42.1173210" lon="9.1299800" />
      <trkpt lat="42.1176320" lon="9.1297540" />
      <trkpt lat="42.1179310" lon="9.1296010" />
      <trkpt lat="42.1180670" lon="9.1295900" />
      <trkpt lat="42.1181980" lon="9.1295520" />
      <trkpt lat="42.1182760" lon="9.1294000" />
      <trkpt lat="42.1184160" lon="9.1296580" />
      <trkpt lat="42.1185130" lon="9.1300110" />
      <trkpt lat="42.1185220" lon="9.1301430" />
      <trkpt lat="42.1187220" lon="9.1299890" />
      <trkpt lat="42.1188630" lon="9.1300600" />
      <trkpt lat="42.1189830" lon="9.1302270" />
      <trkpt lat="42.1191180" lon="9.1302150" />
      <trkpt lat="42.1192110" lon="9.1300930" />
      <trkpt lat="42.1193490" lon="9.1301290" />
      <trkpt lat="42.1195090" lon="9.1300990" />
      <trkpt lat="42.1196550" lon="9.1303920" />
      <trkpt lat="42.1193640" lon="9.1306900" />
      <trkpt lat="42.1190680" lon="9.1309330" />
      <trkpt lat="42.1188060" lon="9.1310800" />
      <trkpt lat="42.1185340" lon="9.1312100" />
      <trkpt lat="42.1183950" lon="9.1313790" />
      <trkpt lat="42.1180940" lon="9.1316180" />
      <trkpt lat="42.1178030" lon="9.1318710" />
      <trkpt lat="42.1176680" lon="9.1321400" />
      <trkpt lat="42.1177010" lon="9.1325120" />
      <trkpt lat="42.1174960" lon="9.1327840" />
      <trkpt lat="42.1173070" lon="9.1329800" />
      <trkpt lat="42.1171890" lon="9.1333350" />
      <trkpt lat="42.1171580" lon="9.1337060" />
      <trkpt lat="42.1173520" lon="9.1336970" />
      <trkpt lat="42.1176060" lon="9.1333940" />
      <trkpt lat="42.1178110" lon="9.1331380" />
      <trkpt lat="42.1179800" lon="9.1328320" />
      <trkpt lat="42.1181250" lon="9.1325500" />
      <trkpt lat="42.1183400" lon="9.1323970" />
      <trkpt lat="42.1185830" lon="9.1322780" />
      <trkpt lat="42.1188500" lon="9.1322520" />
      <trkpt lat="42.1190700" lon="9.1323880" />
      <trkpt lat="42.1192630" lon="9.1327110" />
      <trkpt lat="42.1193990" lon="9.1331100" />
      <trkpt lat="42.1196110" lon="9.1334080" />
      <trkpt lat="42.1198830" lon="9.1335520" />
      <trkpt lat="42.1201850" lon="9.1334480" />
      <trkpt lat="42.1205440" lon="9.1335600" />
      <trkpt lat="42.1208530" lon="9.1336010" />
      <trkpt lat="42.1211810" lon="9.1336380" />
      <trkpt lat="42.1215630" lon="9.1337880" />
      <trkpt lat="42.1218720" lon="9.1338320" />
      <trkpt lat="42.1222130" lon="9.1339780" />
      <trkpt lat="42.1225400" lon="9.1339270" />
      <trkpt lat="42.1229100" lon="9.1338480" />
      <trkpt lat="42.1232340" lon="9.1336580" />
      <trkpt lat="42.1235770" lon="9.1335720" />
      <trkpt lat="42.1239310" lon="9.1334790" />
      <trkpt lat="42.1242570" lon="9.1334090" />
      <trkpt lat="42.1241750" lon="9.1334480" />
      <trkpt lat="42.1242080" lon="9.1334520" />
      <trkpt lat="42.1244600" lon="9.1333470" />
      <trkpt lat="42.1247100" lon="9.1335710" />
      <trkpt lat="42.1244770" lon="9.1339970" />
      <trkpt lat="42.1242280" lon="9.1343580" />
      <trkpt lat="42.1240860" lon="9.1347990" />
      <trkpt lat="42.1242810" lon="9.1352200" />
      <trkpt lat="42.1246160" lon="9.1352660" />
      <trkpt lat="42.1249660" lon="9.1352290" />
      <trkpt lat="42.1253590" lon="9.1353460" />
      <trkpt lat="42.1257130" lon="9.1354540" />
      <trkpt lat="42.1260430" lon="9.1354820" />
      <trkpt lat="42.1263940" lon="9.1355370" />
      <trkpt lat="42.1267280" lon="9.1356300" />
      <trkpt lat="42.1269170" lon="9.1359950" />
      <trkpt lat="42.1270830" lon="9.1363760" />
      <trkpt lat="42.1273800" lon="9.1365400" />
      <trkpt lat="42.1277820" lon="9.1365930" />
      <trkpt lat="42.1280550" lon="9.1367920" />
      <trkpt lat="42.1283750" lon="9.1369490" />
      <trkpt lat="42.1287060" lon="9.1370780" />
      <trkpt lat="42.1290030" lon="9.1372320" />
      <trkpt lat="42.1293140" lon="9.1375300" />
      <trkpt lat="42.1295580" lon="9.1378590" />
      <trkpt lat="42.1298500" lon="9.1381490" />
      <trkpt lat="42.1301670" lon="9.1382850" />
      <trkpt lat="42.1304110" lon="9.1382050" />
      <trkpt lat="42.1305720" lon="9.1379110" />
      <trkpt lat="42.1307830" lon="9.1376380" />
      <trkpt lat="42.1122180" lon="9.1126360" />
      <trkpt lat="42.1122330" lon="9.1126310" />
      <trkpt lat="42.1122330" lon="9.1126310" />
      <trkpt lat="42.1122330" lon="9.1126310" />
      <trkpt lat="42.1122650" lon="9.1126260" />
      <trkpt lat="42.1122650" lon="9.1126260" />
      <trkpt lat="42.1122650" lon="9.1126260" />
      <trkpt lat="42.1122930" lon="9.1126280" />
      <trkpt lat="42.1122930" lon="9.1126280" />
      <trkpt lat="42.1122930" lon="9.1126280" />
      <trkpt lat="42.1122930" lon="9.1126280" />
      <trkpt lat="42.1122930" lon="9.1126280" />
      <trkpt lat="42.1122930" lon="9.1126280" />
      <trkpt lat="42.1123120" lon="9.1126590" />
      <trkpt lat="42.1124500" lon="9.1124770" />
      <trkpt lat="42.1125870" lon="9.1123680" />
      <trkpt lat="42.1126940" lon="9.1124090" />
      <trkpt lat="42.1128080" lon="9.1125340" />
      <trkpt lat="42.1128900" lon="9.1127070" />
      <trkpt lat="42.1129650" lon="9.1127550" />
      <trkpt lat="42.1130700" lon="9.1128390" />
      <trkpt lat="42.1131240" lon="9.1128110" />
      <trkpt lat="42.1131680" lon="9.1128130" />
      <trkpt lat="42.1133060" lon="9.1128980" />
      <trkpt lat="42.1133790" lon="9.1129760" />
      <trkpt lat="42.1134440" lon="9.1131040" />
      <trkpt lat="42.1135500" lon="9.1131240" />
      <trkpt lat="42.1137910" lon="9.1130890" />
      <trkpt lat="42.1138220" lon="9.1128400" />
      <trkpt lat="42.1138210" lon="9.1124990" />
      <trkpt lat="42.1138550" lon="9.1121430" />
      <trkpt lat="42.1139520" lon="9.1117380" />
      <trkpt lat="42.1140460" lon="9.1113760" />
      <trkpt lat="42.1141300" lon="9.1112400" />
      <trkpt lat="42.1143470" lon="9.1109550" />
      <trkpt lat="42.1144740" lon="9.1107310" />
      <trkpt lat="42.1146520" lon="9.1104120" />
      <trkpt lat="42.1147710" lon="9.1101370" />
      <trkpt lat="42.1149500" lon="9.1099960" />
      <trkpt lat="42.1149890" lon="9.1098810" />
      <trkpt lat="42.1151520" lon="9.1097550" />
      <trkpt lat="42.1153900" lon="9.1095200" />
      <trkpt lat="42.1155590" lon="9.1093040" />
      <trkpt lat="42.1156970" lon="9.1091050" />
      <trkpt lat="42.1158730" lon="9.1089890" />
      <trkpt lat="42.1160260" lon="9.1089290" />
      <trkpt lat="42.1162430" lon="9.1087350" />
      <trkpt lat="42.1164130" lon="9.1086880" />
      <trkpt lat="42.1166010" lon="9.1087670" />
      <trkpt lat="42.1167980" lon="9.1087460" />
      <trkpt lat="42.1169210" lon="9.1086860" />
      <trkpt lat="42.1169460" lon="9.1086850" />
      <trkpt lat="42.1170560" lon="9.1086520" />
      <trkpt lat="42.1172530" lon="9.1085910" />
      <trkpt lat="42.1174160" lon="9.1084730" />
      <trkpt lat="42.1176790" lon="9.1084450" />
      <trkpt lat="42.1178060" lon="9.1084490" />
      <trkpt lat="42.1178130" lon="9.1083880" />
      <trkpt lat="42.1178500" lon="9.1083240" />
      <trkpt lat="42.1178430" lon="9.1082350" />
      <trkpt lat="42.1178720" lon="9.1082180" />
      <trkpt lat="42.1178490" lon="9.1081080" />
      <trkpt lat="42.1179410" lon="9.1080460" />
      <trkpt lat="42.1179540" lon="9.1080330" />
      <trkpt lat="42.1180390" lon="9.1078830" />
      <trkpt lat="42.1179920" lon="9.1078120" />
      <trkpt lat="42.1180660" lon="9.1077100" />
      <trkpt lat="42.1181440" lon="9.1076300" />
      <trkpt lat="42.1182560" lon="9.1075320" />
      <trkpt lat="42.1184390" lon="9.1074170" />
      <trkpt lat="42.1184820" lon="9.1073260" />
      <trkpt lat="42.1184960" lon="9.1072740" />
      <trkpt lat="42.1185110" lon="9.1072200" />
      <trkpt lat="42.1185240" lon="9.1071600" />
      <trkpt lat="42.1186890" lon="9.1070510" />
      <trkpt lat="42.1187500" lon="9.1069030" />
      <trkpt lat="42.1188890" lon="9.1067370" />
      <trkpt lat="42.1190210" lon="9.1065200" />
      <trkpt lat="42.1191200" lon="9.1062510" />
      <trkpt lat="42.1191090" lon="9.1061620" />
      <trkpt lat="42.1190670" lon="9.1061790" />
      <trkpt lat="42.1189790" lon="9.1061260" />
      <trkpt lat="42.1189770" lon="9.1060870" />
      <trkpt lat="42.1190190" lon="9.1060370" />
      <trkpt lat="42.1190660" lon="9.1058040" />
      <trkpt lat="42.1191360" lon="9.1055630" />
      <trkpt lat="42.1191940" lon="9.1053890" />
      <trkpt lat="42.1192420" lon="9.1051330" />
      <trkpt lat="42.1192150" lon="9.1049690" />
      <trkpt lat="42.1192590" lon="9.1047950" />
      <trkpt lat="42.1192340" lon="9.1046590" />
      <trkpt lat="42.1192670" lon="9.1045410" />
      <trkpt lat="42.1192880" lon="9.1043870" />
      <trkpt lat="42.1193410" lon="9.1042310" />
      <trkpt lat="42.1193310" lon="9.1039390" />
      <trkpt lat="42.1192870" lon="9.1036830" />
      <trkpt lat="42.1193440" lon="9.1034200" />
      <trkpt lat="42.1193240" lon="9.1031770" />
      <trkpt lat="42.1193240" lon="9.1029740" />
      <trkpt lat="42.1193600" lon="9.1026890" />
      <trkpt lat="42.1194030" lon="9.1024090" />
      <trkpt lat="42.1194380" lon="9.1021250" />
      <trkpt lat="42.1193800" lon="9.1018220" />
      <trkpt lat="42.1193410" lon="9.1015870" />
      <trkpt lat="42.1191700" lon="9.1013950" />
      <trkpt lat="42.1190630" lon="9.1012450" />
      <trkpt lat="42.1189550" lon="9.1009610" />
      <trkpt lat="42.1188450" lon="9.1006700" />
      <trkpt lat="42.1188020" lon="9.1004580" />
      <trkpt lat="42.1188930" lon="9.1003760" />
      <trkpt lat="42.1189280" lon="9.1003260" />
      <trkpt lat="42.1189280" lon="9.1002580" />
      <trkpt lat="42.1189260" lon="9.1000920" />
      <trkpt lat="42.1189880" lon="9.0999870" />
      <trkpt lat="42.1190990" lon="9.0998500" />
      <trkpt lat="42.1191100" lon="9.0997180" />
      <trkpt lat="42.1191830" lon="9.0994650" />
      <trkpt lat="42.1192200" lon="9.0993310" />
      <trkpt lat="42.1192100" lon="9.0991610" />
      <trkpt lat="42.1192450" lon="9.0990330" />
      <trkpt lat="42.1193930" lon="9.0988330" />
      <trkpt lat="42.1193890" lon="9.0987470" />
      <trkpt lat="42.1193810" lon="9.0986220" />
      <trkpt lat="42.1194290" lon="9.0985010" />
      <trkpt lat="42.1194240" lon="9.0983960" />
      <trkpt lat="42.1194740" lon="9.0983280" />
      <trkpt lat="42.1195230" lon="9.0982020" />
      <trkpt lat="42.1195980" lon="9.0981380" />
      <trkpt lat="42.1196740" lon="9.0980470" />
      <trkpt lat="42.1196740" lon="9.0980470" />
      <trkpt lat="42.1196770" lon="9.0980310" />
      <trkpt lat="42.1197020" lon="9.0977080" />
      <trkpt lat="42.1197920" lon="9.0974440" />
      <trkpt lat="42.1198840" lon="9.0972140" />
      <trkpt lat="42.1199970" lon="9.0969410" />
      <trkpt lat="42.1200820" lon="9.0966090" />
      <trkpt lat="42.1201340" lon="9.0962430" />
      <trkpt lat="42.1202660" lon="9.0959260" />
      <trkpt lat="42.1205120" lon="9.0960350" />
      <trkpt lat="42.1206400" lon="9.0958450" />
      <trkpt lat="42.1206740" lon="9.0957970" />
      <trkpt lat="42.1205870" lon="9.0956160" />
      <trkpt lat="42.1205950" lon="9.0956050" />
      <trkpt lat="42.1207260" lon="9.0954140" />
      <trkpt lat="42.1207770" lon="9.0952730" />
      <trkpt lat="42.1208050" lon="9.0950300" />
      <trkpt lat="42.1209610" lon="9.0949540" />
      <trkpt lat="42.1210360" lon="9.0948260" />
      <trkpt lat="42.1210500" lon="9.0947650" />
      <trkpt lat="42.1210550" lon="9.0945960" />
      <trkpt lat="42.1210820" lon="9.0944780" />
      <trkpt lat="42.1211210" lon="9.0943130" />
      <trkpt lat="42.1210770" lon="9.0939860" />
      <trkpt lat="42.1210460" lon="9.0938130" />
      <trkpt lat="42.1210630" lon="9.0935990" />
      <trkpt lat="42.1209900" lon="9.0933360" />
      <trkpt lat="42.1210380" lon="9.0931540" />
      <trkpt lat="42.1210730" lon="9.0930500" />
      <trkpt lat="42.1211430" lon="9.0928760" />
      <trkpt lat="42.1212310" lon="9.0926120" />
      <trkpt lat="42.1213110" lon="9.0925450" />
      <trkpt lat="42.1213940" lon="9.0924370" />
      <trkpt lat="42.1214540" lon="9.0922460" />
      <trkpt lat="42.1214200" lon="9.0919940" />
      <trkpt lat="42.1214400" lon="9.0918470" />
      <trkpt lat="42.1214740" lon="9.0917890" />
      <trkpt lat="42.1214980" lon="9.0917640" />
      <trkpt lat="42.1215190" lon="9.0917450" />
      <trkpt lat="42.1216700" lon="9.0916260" />
      <trkpt lat="42.1217020" lon="9.0916230" />
      <trkpt lat="42.1217990" lon="9.0916400" />
      <trkpt lat="42.1220090" lon="9.0915670" />
      <trkpt lat="42.1221620" lon="9.0914680" />
      <trkpt lat="42.1222000" lon="9.0913700" />
      <trkpt lat="42.1222120" lon="9.0913800" />
      <trkpt lat="42.1222200" lon="9.0912490" />
      <trkpt lat="42.1222330" lon="9.0912350" />
      <trkpt lat="42.1222330" lon="9.0912350" />
      <trkpt lat="42.1223260" lon="9.0911030" />
      <trkpt lat="42.1222990" lon="9.0909410" />
      <trkpt lat="42.1224790" lon="9.0908070" />
      <trkpt lat="42.1225880" lon="9.0906750" />
      <trkpt lat="42.1227300" lon="9.0905760" />
      <trkpt lat="42.1227690" lon="9.0905390" />
      <trkpt lat="42.1229180" lon="9.0903800" />
      <trkpt lat="42.1230090" lon="9.0903660" />
      <trkpt lat="42.1229740" lon="9.0903620" />
      <trkpt lat="42.1229780" lon="9.0903650" />
      <trkpt lat="42.1229780" lon="9.0903650" />
      <trkpt lat="42.1229780" lon="9.0903650" />
      <trkpt lat="42.1229780" lon="9.0903650" />
      <trkpt lat="42.1229780" lon="9.0903650" />
      <trkpt lat="42.1229780" lon="9.0903650" />
      <trkpt lat="42.1229780" lon="9.0903650" />
      <trkpt lat="42.1229780" lon="9.0903650" />
      <trkpt lat="42.1229780" lon="9.0903650" />
      <trkpt lat="42.1229780" lon="9.0903650" />
      <trkpt lat="42.1229780" lon="9.0903650" />
      <trkpt lat="42.1229780" lon="9.0903650" />
      <trkpt lat="42.1229780" lon="9.0903650" />
      <trkpt lat="42.1229780" lon="9.0903650" />
      <trkpt lat="42.1229780" lon="9.0903650" />
      <trkpt lat="42.1230860" lon="9.0903040" />
      <trkpt lat="42.1232960" lon="9.0902610" />
      <trkpt lat="42.1234680" lon="9.0901910" />
      <trkpt lat="42.1236490" lon="9.0900890" />
      <trkpt lat="42.1238300" lon="9.0899920" />
      <trkpt lat="42.1239690" lon="9.0898510" />
      <trkpt lat="42.1241320" lon="9.0896950" />
      <trkpt lat="42.1243250" lon="9.0895990" />
      <trkpt lat="42.1245070" lon="9.0894860" />
      <trkpt lat="42.1247320" lon="9.0894980" />
      <trkpt lat="42.1249440" lon="9.0894480" />
      <trkpt lat="42.1250950" lon="9.0893590" />
      <trkpt lat="42.1251830" lon="9.0891940" />
      <trkpt lat="42.1252220" lon="9.0889900" />
      <trkpt lat="42.1252020" lon="9.0887470" />
      <trkpt lat="42.1253230" lon="9.0885900" />
      <trkpt lat="42.1254680" lon="9.0884860" />
      <trkpt lat="42.1256340" lon="9.0883710" />
      <trkpt lat="42.1257880" lon="9.0882090" />
      <trkpt lat="42.1259290" lon="9.0881180" />
      <trkpt lat="42.1260890" lon="9.0879790" />
      <trkpt lat="42.1262830" lon="9.0878070" />
      <trkpt lat="42.1264400" lon="9.0876050" />
      <trkpt lat="42.1266330" lon="9.0875350" />
      <trkpt lat="42.1266330" lon="9.0875350" />
      <trkpt lat="42.1266360" lon="9.0875470" />
      <trkpt lat="42.1266650" lon="9.0875420" />
      <trkpt lat="42.1268410" lon="9.0875150" />
      <trkpt lat="42.1270700" lon="9.0875420" />
      <trkpt lat="42.1272490" lon="9.0875160" />
      <trkpt lat="42.1273600" lon="9.0875370" />
      <trkpt lat="42.1272700" lon="9.0876580" />
      <trkpt lat="42.1274190" lon="9.0876290" />
      <trkpt lat="42.1275790" lon="9.0876320" />
      <trkpt lat="42.1277550" lon="9.0876840" />
      <trkpt lat="42.1278950" lon="9.0876890" />
      <trkpt lat="42.1280700" lon="9.0877180" />
      <trkpt lat="42.1282320" lon="9.0876970" />
      <trkpt lat="42.1283830" lon="9.0876150" />
      <trkpt lat="42.1284890" lon="9.0876080" />
      <trkpt lat="42.1286290" lon="9.0875330" />
      <trkpt lat="42.1287510" lon="9.0875580" />
      <trkpt lat="42.1289180" lon="9.0875290" />
      <trkpt lat="42.1291070" lon="9.0874770" />
      <trkpt lat="42.1292690" lon="9.0874050" />
      <trkpt lat="42.1293170" lon="9.0873040" />
      <trkpt lat="42.1292440" lon="9.0870730" />
      <trkpt lat="42.1292320" lon="9.0868820" />
      <trkpt lat="42.1292230" lon="9.0866640" />
      <trkpt lat="42.1292080" lon="9.0864260" />
      <trkpt lat="42.1293230" lon="9.0865080" />
      <trkpt lat="42.1294340" lon="9.0866340" />
      <trkpt lat="42.1294580" lon="9.0863190" />
      <trkpt lat="42.1296590" lon="9.0860840" />
      <trkpt lat="42.1299020" lon="9.0860000" />
      <trkpt lat="42.1301000" lon="9.0859110" />
      <trkpt lat="42.1303290" lon="9.0858830" />
      <trkpt lat="42.1305340" lon="9.0859390" />
      <trkpt lat="42.1306750" lon="9.0859430" />
      <trkpt lat="42.1308340" lon="9.0858940" />
      <trkpt lat="42.1310250" lon="9.0859470" />
      <trkpt lat="42.1311740" lon="9.0860420" />
      <trkpt lat="42.1313140" lon="9.0860640" />
      <trkpt lat="42.1314880" lon="9.0860810" />
      <trkpt lat="42.1314390" lon="9.0859350" />
      <trkpt lat="42.1314800" lon="9.0858780" />
      <trkpt lat="42.1315190" lon="9.0858220" />
      <trkpt lat="42.1315200" lon="9.0857430" />
      <trkpt lat="42.1314700" lon="9.0856030" />
      <trkpt lat="42.1314710" lon="9.0855280" />
      <trkpt lat="42.1314510" lon="9.0854180" />
      <trkpt lat="42.1313680" lon="9.0852160" />
      <trkpt lat="42.1314010" lon="9.0851000" />
      <trkpt lat="42.1315430" lon="9.0851940" />
      <trkpt lat="42.1316330" lon="9.0852570" />
      <trkpt lat="42.1316510" lon="9.0850570" />
      <trkpt lat="42.1316630" lon="9.0848790" />
      <trkpt lat="42.1316630" lon="9.0846720" />
      <trkpt lat="42.1318060" lon="9.0847530" />
      <trkpt lat="42.1319310" lon="9.0847850" />
      <trkpt lat="42.1319920" lon="9.0845940" />
      <trkpt lat="42.1320690" lon="9.0843700" />
      <trkpt lat="42.1321000" lon="9.0841510" />
      <trkpt lat="42.1322100" lon="9.0840980" />
      <trkpt lat="42.1323560" lon="9.0841940" />
      <trkpt lat="42.1325060" lon="9.0843100" />
      <trkpt lat="42.1326240" lon="9.0843430" />
      <trkpt lat="42.1328380" lon="9.0843510" />
      <trkpt lat="42.1330130" lon="9.0843110" />
      <trkpt lat="42.1331460" lon="9.0842040" />
      <trkpt lat="42.1332520" lon="9.0844040" />
      <trkpt lat="42.1332460" lon="9.0846190" />
      <trkpt lat="42.1332980" lon="9.0848070" />
      <trkpt lat="42.1333530" lon="9.0849860" />
      <trkpt lat="42.1334290" lon="9.0848620" />
      <trkpt lat="42.1335050" lon="9.0848150" />
      <trkpt lat="42.1335570" lon="9.0849560" />
      <trkpt lat="42.1335780" lon="9.0847940" />
      <trkpt lat="42.1336240" lon="9.0848680" />
      <trkpt lat="42.1336280" lon="9.0847100" />
      <trkpt lat="42.1336690" lon="9.0845250" />
      <trkpt lat="42.1338060" lon="9.0846320" />
      <trkpt lat="42.1338380" lon="9.0848180" />
      <trkpt lat="42.1339410" lon="9.0849690" />
      <trkpt lat="42.1339950" lon="9.0850030" />
      <trkpt lat="42.1340460" lon="9.0848920" />
      <trkpt lat="42.1340670" lon="9.0847740" />
      <trkpt lat="42.1342270" lon="9.0849310" />
      <trkpt lat="42.1343590" lon="9.0850940" />
      <trkpt lat="42.1343660" lon="9.0849610" />
      <trkpt lat="42.1343720" lon="9.0847140" />
      <trkpt lat="42.1344100" lon="9.0844790" />
      <trkpt lat="42.1345360" lon="9.0846460" />
      <trkpt lat="42.1346100" lon="9.0848040" />
      <trkpt lat="42.1346910" lon="9.0849220" />
      <trkpt lat="42.1346910" lon="9.0849220" />
      <trkpt lat="42.1346910" lon="9.0849220" />
      <trkpt lat="42.1348560" lon="9.0849690" />
      <trkpt lat="42.1349550" lon="9.0849460" />
      <trkpt lat="42.1349410" lon="9.0847090" />
      <trkpt lat="42.1349990" lon="9.0846680" />
      <trkpt lat="42.1351440" lon="9.0847820" />
      <trkpt lat="42.1351510" lon="9.0846540" />
      <trkpt lat="42.1351550" lon="9.0844460" />
      <trkpt lat="42.1352060" lon="9.0842960" />
      <trkpt lat="42.1352300" lon="9.0843250" />
      <trkpt lat="42.1352300" lon="9.0843220" />
      <trkpt lat="42.1353820" lon="9.0844940" />
      <trkpt lat="42.1354770" lon="9.0845980" />
      <trkpt lat="42.1354500" lon="9.0843960" />
      <trkpt lat="42.1354790" lon="9.0842470" />
      <trkpt lat="42.1355180" lon="9.0842890" />
      <trkpt lat="42.1356760" lon="9.0844660" />
      <trkpt lat="42.1357980" lon="9.0846390" />
      <trkpt lat="42.1358030" lon="9.0845130" />
      <trkpt lat="42.1358670" lon="9.0843420" />
      <trkpt lat="42.1359770" lon="9.0845290" />
      <trkpt lat="42.1360490" lon="9.0846600" />
      <trkpt lat="42.1360940" lon="9.0844740" />
      <trkpt lat="42.1361840" lon="9.0844260" />
      <trkpt lat="42.1362510" lon="9.0846190" />
      <trkpt lat="42.1363120" lon="9.0846250" />
      <trkpt lat="42.1363710" lon="9.0843950" />
      <trkpt lat="42.1364570" lon="9.0845020" />
      <trkpt lat="42.1365250" lon="9.0846610" />
      <trkpt lat="42.1366180" lon="9.0848580" />
      <trkpt lat="42.1367030" lon="9.0850000" />
      <trkpt lat="42.1367320" lon="9.0848850" />
      <trkpt lat="42.1368010" lon="9.0849510" />
      <trkpt lat="42.1369240" lon="9.0850580" />
      <trkpt lat="42.1370130" lon="9.0851640" />
      <trkpt lat="42.1371320" lon="9.0852880" />
      <trkpt lat="42.1371950" lon="9.0853700" />
      <trkpt lat="42.1372470" lon="9.0852540" />
      <trkpt lat="42.1372870" lon="9.0850810" />
      <trkpt lat="42.1374140" lon="9.0852270" />
      <trkpt lat="42.1375320" lon="9.0853890" />
      <trkpt lat="42.1376460" lon="9.0855840" />
      <trkpt lat="42.1377350" lon="9.0857960" />
      <trkpt lat="42.1378040" lon="9.0859670" />
      <trkpt lat="42.1378440" lon="9.0858270" />
      <trkpt lat="42.1379130" lon="9.0856140" />
      <trkpt lat="42.1379500" lon="9.0854320" />
      <trkpt lat="42.1379870" lon="9.0852580" />
      <trkpt lat="42.1379870" lon="9.0852580" />
      <trkpt lat="42.1379880" lon="9.0852300" />
      <trkpt lat="42.1379840" lon="9.0851360" />
      <trkpt lat="42.1379830" lon="9.0850820" />
      <trkpt lat="42.1379820" lon="9.0850280" />
      <trkpt lat="42.1378850" lon="9.0847440" />
      <trkpt lat="42.1378620" lon="9.0846950" />
      <trkpt lat="42.1378490" lon="9.0846800" />
      <trkpt lat="42.1378490" lon="9.0846800" />
      <trkpt lat="42.1378490" lon="9.0846800" />
      <trkpt lat="42.1378620" lon="9.0846670" />
      <trkpt lat="42.1378620" lon="9.0846670" />
      <trkpt lat="42.1378420" lon="9.0846600" />
      <trkpt lat="42.1378420" lon="9.0846600" />
      <trkpt lat="42.1378420" lon="9.0846600" />
      <trkpt lat="42.1378420" lon="9.0846600" />
      <trkpt lat="42.1378420" lon="9.0846600" />
      <trkpt lat="42.1378420" lon="9.0846600" />
      <trkpt lat="42.1378420" lon="9.0846600" />
      <trkpt lat="42.1378420" lon="9.0846600" />
      <trkpt lat="42.1378420" lon="9.0846600" />
      <trkpt lat="42.1378420" lon="9.0846600" />
      <trkpt lat="42.1378420" lon="9.0846600" />
      <trkpt lat="42.1378420" lon="9.0846600" />
      <trkpt lat="42.1378450" lon="9.0846540" />
      <trkpt lat="42.1378450" lon="9.0846540" />
      <trkpt lat="42.1378450" lon="9.0846540" />
      <trkpt lat="42.1378450" lon="9.0846540" />
      <trkpt lat="42.1378450" lon="9.0846540" />
      <trkpt lat="42.1378450" lon="9.0846540" />
      <trkpt lat="42.1379000" lon="9.0847020" />
      <trkpt lat="42.1379470" lon="9.0847850" />
      <trkpt lat="42.1379470" lon="9.0847850" />
      <trkpt lat="42.1379470" lon="9.0847850" />
      <trkpt lat="42.1379030" lon="9.0847250" />
      <trkpt lat="42.1378510" lon="9.0846690" />
      <trkpt lat="42.1378510" lon="9.0846690" />
      <trkpt lat="42.1378510" lon="9.0846690" />
      <trkpt lat="42.1378510" lon="9.0846690" />
      <trkpt lat="42.1378510" lon="9.0846690" />
      <trkpt lat="42.1378510" lon="9.0846690" />
      <trkpt lat="42.1378510" lon="9.0846690" />
      <trkpt lat="42.1378510" lon="9.0846690" />
      <trkpt lat="42.1378510" lon="9.0846690" />
      <trkpt lat="42.1378510" lon="9.0846690" />
      <trkpt lat="42.1378510" lon="9.0846690" />
      <trkpt lat="42.1378510" lon="9.0846690" />
      <trkpt lat="42.1378510" lon="9.0846690" />
      <trkpt lat="42.1378510" lon="9.0846690" />
      <trkpt lat="42.1378510" lon="9.0846690" />
      <trkpt lat="42.1378260" lon="9.0846230" />
      <trkpt lat="42.1378260" lon="9.0846230" />
      <trkpt lat="42.1378260" lon="9.0846230" />
      <trkpt lat="42.1378260" lon="9.0846230" />
      <trkpt lat="42.1378260" lon="9.0846230" />
      <trkpt lat="42.1378260" lon="9.0846230" />
      <trkpt lat="42.1378260" lon="9.0846230" />
      <trkpt lat="42.1381290" lon="9.0842390" />
      <trkpt lat="42.1383570" lon="9.0840670" />
      <trkpt lat="42.1383800" lon="9.0841060" />
      <trkpt lat="42.1386720" lon="9.0842120" />
      <trkpt lat="42.1386000" lon="9.0838260" />
      <trkpt lat="42.1386000" lon="9.0838260" />
      <trkpt lat="42.1386080" lon="9.0838220" />
      <trkpt lat="42.1386080" lon="9.0838220" />
      <trkpt lat="42.1386080" lon="9.0838220" />
      <trkpt lat="42.1386080" lon="9.0838220" />
      <trkpt lat="42.1386080" lon="9.0838220" />
      <trkpt lat="42.1387300" lon="9.0838750" />
      <trkpt lat="42.1392320" lon="9.0837940" />
      <trkpt lat="42.1392900" lon="9.0837980" />
      <trkpt lat="42.1392850" lon="9.0838050" />
      <trkpt lat="42.1392850" lon="9.0838050" />
      <trkpt lat="42.1392770" lon="9.0837990" />
      <trkpt lat="42.1398060" lon="9.0837980" />
      <trkpt lat="42.1395650" lon="9.0835120" />
      <trkpt lat="42.1397130" lon="9.0834160" />
      <trkpt lat="42.1398550" lon="9.0832300" />
      <trkpt lat="42.1400670" lon="9.0831840" />
      <trkpt lat="42.1401010" lon="9.0831910" />
      <trkpt lat="42.1401890" lon="9.0832170" />
      <trkpt lat="42.1410180" lon="9.0837050" />
      <trkpt lat="42.1412060" lon="9.0837810" />
      <trkpt lat="42.1412300" lon="9.0837790" />
      <trkpt lat="42.1415820" lon="9.0835800" />
      <trkpt lat="42.1418940" lon="9.0831970" />
      <trkpt lat="42.1416800" lon="9.0821360" />
      <trkpt lat="42.1414320" lon="9.0815210" />
      <trkpt lat="42.1413480" lon="9.0809000" />
      <trkpt lat="42.1414630" lon="9.0804680" />
      <trkpt lat="42.1416490" lon="9.0801700" />
      <trkpt lat="42.1417030" lon="9.0801020" />
      <trkpt lat="42.1422550" lon="9.0792850" />
      <trkpt lat="42.1428640" lon="9.0791200" />
      <trkpt lat="42.1428490" lon="9.0790440" />
      <trkpt lat="42.1433790" lon="9.0789310" />
      <trkpt lat="42.1436010" lon="9.0789260" />
      <trkpt lat="42.1437160" lon="9.0790380" />
      <trkpt lat="42.1434850" lon="9.0794440" />
      <trkpt lat="42.1439000" lon="9.0795080" />
      <trkpt lat="42.1441630" lon="9.0798930" />
      <trkpt lat="42.1446010" lon="9.0800670" />
      <trkpt lat="42.1455340" lon="9.0787420" />
      <trkpt lat="42.1464610" lon="9.0782270" />
      <trkpt lat="42.1468980" lon="9.0776190" />
      <trkpt lat="42.1468980" lon="9.0776190" />
      <trkpt lat="42.1469020" lon="9.0775010" />
      <trkpt lat="42.1470430" lon="9.0770960" />
      <trkpt lat="42.1473640" lon="9.0764710" />
      <trkpt lat="42.1473370" lon="9.0762720" />
      <trkpt lat="42.1474010" lon="9.0758540" />
      <trkpt lat="42.1475080" lon="9.0755220" />
      <trkpt lat="42.1475080" lon="9.0754750" />
      <trkpt lat="42.1475200" lon="9.0753140" />
      <trkpt lat="42.1476170" lon="9.0748930" />
      <trkpt lat="42.1476540" lon="9.0747540" />
      <trkpt lat="42.1476570" lon="9.0747330" />
      <trkpt lat="42.1476900" lon="9.0745730" />
      <trkpt lat="42.1478150" lon="9.0743470" />
      <trkpt lat="42.1480820" lon="9.0738210" />
      <trkpt lat="42.1481560" lon="9.0736300" />
      <trkpt lat="42.1481560" lon="9.0736080" />
      <trkpt lat="42.1481190" lon="9.0735010" />
      <trkpt lat="42.1481190" lon="9.0735010" />
      <trkpt lat="42.1481070" lon="9.0733370" />
      <trkpt lat="42.1483370" lon="9.0728730" />
      <trkpt lat="42.1485310" lon="9.0723920" />
      <trkpt lat="42.1490940" lon="9.0719640" />
      <trkpt lat="42.1492060" lon="9.0720570" />
      <trkpt lat="42.1491690" lon="9.0722220" />
      <trkpt lat="42.1498150" lon="9.0717220" />
      <trkpt lat="42.1500060" lon="9.0715400" />
      <trkpt lat="42.1501410" lon="9.0715300" />
      <trkpt lat="42.1506950" lon="9.0712750" />
      <trkpt lat="42.1512700" lon="9.0708180" />
      <trkpt lat="42.1514500" lon="9.0706600" />
      <trkpt lat="42.1514490" lon="9.0706590" />
      <trkpt lat="42.1514490" lon="9.0706580" />
      <trkpt lat="42.1514490" lon="9.0706570" />
      <trkpt lat="42.1514480" lon="9.0706560" />
      <trkpt lat="42.1514480" lon="9.0706550" />
      <trkpt lat="42.1514480" lon="9.0706540" />
      <trkpt lat="42.1514470" lon="9.0706530" />
      <trkpt lat="42.1514470" lon="9.0706520" />
      <trkpt lat="42.1514460" lon="9.0706510" />
      <trkpt lat="42.1514460" lon="9.0706500" />
      <trkpt lat="42.1514460" lon="9.0706500" />
      <trkpt lat="42.1514460" lon="9.0706500" />
      <trkpt lat="42.1514470" lon="9.0706640" />
      <trkpt lat="42.1514470" lon="9.0706640" />
      <trkpt lat="42.1514470" lon="9.0706640" />
      <trkpt lat="42.1514470" lon="9.0706640" />
      <trkpt lat="42.1514380" lon="9.0706490" />
      <trkpt lat="42.1514910" lon="9.0706130" />
      <trkpt lat="42.1516400" lon="9.0706760" />
      <trkpt lat="42.1518320" lon="9.0708050" />
      <trkpt lat="42.1520720" lon="9.0708720" />
      <trkpt lat="42.1522660" lon="9.0709010" />
      <trkpt lat="42.1524520" lon="9.0709370" />
      <trkpt lat="42.1526010" lon="9.0709840" />
      <trkpt lat="42.1527630" lon="9.0711260" />
      <trkpt lat="42.1529300" lon="9.0713200" />
      <trkpt lat="42.1529550" lon="9.0714160" />
      <trkpt lat="42.1529550" lon="9.0714160" />
      <trkpt lat="42.1529550" lon="9.0714160" />
      <trkpt lat="42.1529550" lon="9.0714160" />
      <trkpt lat="42.1529550" lon="9.0714160" />
      <trkpt lat="42.1529550" lon="9.0714160" />
      <trkpt lat="42.1529550" lon="9.0714160" />
      <trkpt lat="42.1529550" lon="9.0714160" />
      <trkpt lat="42.1529550" lon="9.0714160" />
      <trkpt lat="42.1529550" lon="9.0714160" />
      <trkpt lat="42.1529550" lon="9.0714160" />
      <trkpt lat="42.1529550" lon="9.0714160" />
      <trkpt lat="42.1529550" lon="9.0714160" />
      <trkpt lat="42.1529550" lon="9.0714160" />
      <trkpt lat="42.1529550" lon="9.0714160" />
      <trkpt lat="42.1529550" lon="9.0714160" />
      <trkpt lat="42.1529550" lon="9.0714160" />
      <trkpt lat="42.1529550" lon="9.0714160" />
      <trkpt lat="42.1529550" lon="9.0714160" />
      <trkpt lat="42.1529550" lon="9.0714160" />
      <trkpt lat="42.1529550" lon="9.0714160" />
      <trkpt lat="42.1529630" lon="9.0714060" />
      <trkpt lat="42.1529640" lon="9.0714130" />
      <trkpt lat="42.1529420" lon="9.0713780" />
      <trkpt lat="42.1529300" lon="9.0713520" />
      <trkpt lat="42.1529110" lon="9.0713230" />
      <trkpt lat="42.1529220" lon="9.0713310" />
      <trkpt lat="42.1529300" lon="9.0713410" />
      <trkpt lat="42.1529300" lon="9.0713410" />
      <trkpt lat="42.1529350" lon="9.0713920" />
      <trkpt lat="42.1529350" lon="9.0713920" />
      <trkpt lat="42.1529460" lon="9.0714080" />
      <trkpt lat="42.1529460" lon="9.0714080" />
      <trkpt lat="42.1529460" lon="9.0714080" />
      <trkpt lat="42.1529460" lon="9.0714080" />
      <trkpt lat="42.1529460" lon="9.0714080" />
      <trkpt lat="42.1529460" lon="9.0714080" />
      <trkpt lat="42.1529460" lon="9.0714080" />
      <trkpt lat="42.1529460" lon="9.0714080" />
      <trkpt lat="42.1529460" lon="9.0714080" />
      <trkpt lat="42.1529460" lon="9.0714080" />
      <trkpt lat="42.1529460" lon="9.0714080" />
      <trkpt lat="42.1529460" lon="9.0714080" />
      <trkpt lat="42.1529460" lon="9.0714080" />
      <trkpt lat="42.1529460" lon="9.0714080" />
      <trkpt lat="42.1529460" lon="9.0714080" />
      <trkpt lat="42.1529460" lon="9.0714080" />
      <trkpt lat="42.1529460" lon="9.0714080" />
      <trkpt lat="42.1529460" lon="9.0714080" />
      <trkpt lat="42.1529460" lon="9.0714080" />
      <trkpt lat="42.1530130" lon="9.0714180" />
      <trkpt lat="42.1530790" lon="9.0714440" />
      <trkpt lat="42.1532730" lon="9.0715120" />
      <trkpt lat="42.1534390" lon="9.0716050" />
      <trkpt lat="42.1536000" lon="9.0717560" />
      <trkpt lat="42.1538660" lon="9.0717770" />
      <trkpt lat="42.1541410" lon="9.0718270" />
      <trkpt lat="42.1544400" lon="9.0718660" />
      <trkpt lat="42.1547390" lon="9.0719430" />
      <trkpt lat="42.1549630" lon="9.0718640" />
      <trkpt lat="42.1551640" lon="9.0717170" />
      <trkpt lat="42.1553540" lon="9.0715550" />
      <trkpt lat="42.1555410" lon="9.0714730" />
      <trkpt lat="42.1555460" lon="9.0711860" />
      <trkpt lat="42.1556140" lon="9.0708510" />
      <trkpt lat="42.1556500" lon="9.0706670" />
      <trkpt lat="42.1556770" lon="9.0705080" />
      <trkpt lat="42.1558130" lon="9.0701960" />
      <trkpt lat="42.1560550" lon="9.0699400" />
      <trkpt lat="42.1562350" lon="9.0697690" />
      <trkpt lat="42.1563460" lon="9.0696980" />
      <trkpt lat="42.1564190" lon="9.0695540" />
      <trkpt lat="42.1564810" lon="9.0694350" />
      <trkpt lat="42.1565470" lon="9.0693280" />
      <trkpt lat="42.1566710" lon="9.0692160" />
      <trkpt lat="42.1567370" lon="9.0691240" />
      <trkpt lat="42.1568460" lon="9.0689960" />
      <trkpt lat="42.1569270" lon="9.0689050" />
      <trkpt lat="42.1570370" lon="9.0688150" />
      <trkpt lat="42.1571260" lon="9.0687620" />
      <trkpt lat="42.1571430" lon="9.0687200" />
      <trkpt lat="42.1571200" lon="9.0685720" />
      <trkpt lat="42.1572360" lon="9.0685060" />
      <trkpt lat="42.1572650" lon="9.0684850" />
      <trkpt lat="42.1573850" lon="9.0683980" />
      <trkpt lat="42.1574460" lon="9.0683910" />
      <trkpt lat="42.1576210" lon="9.0683640" />
      <trkpt lat="42.1576560" lon="9.0682780" />
      <trkpt lat="42.1577430" lon="9.0681830" />
      <trkpt lat="42.1577930" lon="9.0681410" />
      <trkpt lat="42.1578520" lon="9.0680400" />
      <trkpt lat="42.1579370" lon="9.0679870" />
      <trkpt lat="42.1580050" lon="9.0679210" />
      <trkpt lat="42.1580830" lon="9.0678960" />
      <trkpt lat="42.1581250" lon="9.0677900" />
      <trkpt lat="42.1581270" lon="9.0676320" />
      <trkpt lat="42.1581780" lon="9.0675580" />
      <trkpt lat="42.1582510" lon="9.0674580" />
      <trkpt lat="42.1582800" lon="9.0673450" />
      <trkpt lat="42.1583530" lon="9.0672800" />
      <trkpt lat="42.1584470" lon="9.0672230" />
      <trkpt lat="42.1585510" lon="9.0672400" />
      <trkpt lat="42.1585850" lon="9.0671840" />
      <trkpt lat="42.1586550" lon="9.0670860" />
      <trkpt lat="42.1586710" lon="9.0670450" />
      <trkpt lat="42.1587740" lon="9.0670680" />
      <trkpt lat="42.1588990" lon="9.0670830" />
      <trkpt lat="42.1588960" lon="9.0668660" />
      <trkpt lat="42.1589870" lon="9.0669100" />
      <trkpt lat="42.1590720" lon="9.0669150" />
      <trkpt lat="42.1591260" lon="9.0669160" />
      <trkpt lat="42.1591970" lon="9.0668800" />
      <trkpt lat="42.1592230" lon="9.0667930" />
      <trkpt lat="42.1593160" lon="9.0667820" />
      <trkpt lat="42.1594030" lon="9.0667870" />
      <trkpt lat="42.1594690" lon="9.0667390" />
      <trkpt lat="42.1595410" lon="9.0666530" />
      <trkpt lat="42.1596450" lon="9.0666110" />
      <trkpt lat="42.1597700" lon="9.0666260" />
      <trkpt lat="42.1597490" lon="9.0665540" />
      <trkpt lat="42.1598780" lon="9.0664500" />
      <trkpt lat="42.1599390" lon="9.0662940" />
      <trkpt lat="42.1600520" lon="9.0662050" />
      <trkpt lat="42.1601370" lon="9.0660790" />
      <trkpt lat="42.1602200" lon="9.0660930" />
      <trkpt lat="42.1603440" lon="9.0659690" />
      <trkpt lat="42.1604700" lon="9.0659480" />
      <trkpt lat="42.1605790" lon="9.0659130" />
      <trkpt lat="42.1606580" lon="9.0658920" />
      <trkpt lat="42.1607660" lon="9.0658990" />
      <trkpt lat="42.1608500" lon="9.0659180" />
      <trkpt lat="42.1609820" lon="9.0658650" />
      <trkpt lat="42.1611070" lon="9.0658670" />
      <trkpt lat="42.1612200" lon="9.0658790" />
      <trkpt lat="42.1613000" lon="9.0658850" />
      <trkpt lat="42.1613880" lon="9.0658040" />
      <trkpt lat="42.1615130" lon="9.0658350" />
      <trkpt lat="42.1616440" lon="9.0658600" />
      <trkpt lat="42.1617990" lon="9.0659210" />
      <trkpt lat="42.1618880" lon="9.0658940" />
      <trkpt lat="42.1620020" lon="9.0657700" />
      <trkpt lat="42.1621490" lon="9.0658020" />
      <trkpt lat="42.1622320" lon="9.0658100" />
      <trkpt lat="42.1623590" lon="9.0658810" />
      <trkpt lat="42.1624540" lon="9.0659590" />
      <trkpt lat="42.1626170" lon="9.0660480" />
      <trkpt lat="42.1627110" lon="9.0659930" />
      <trkpt lat="42.1627260" lon="9.0658300" />
      <trkpt lat="42.1628200" lon="9.0658000" />
      <trkpt lat="42.1629040" lon="9.0657460" />
      <trkpt lat="42.1630020" lon="9.0656890" />
      <trkpt lat="42.1630840" lon="9.0656500" />
      <trkpt lat="42.1631970" lon="9.0656940" />
      <trkpt lat="42.1632770" lon="9.0656200" />
      <trkpt lat="42.1633500" lon="9.0657000" />
      <trkpt lat="42.1634910" lon="9.0656240" />
      <trkpt lat="42.1635590" lon="9.0655250" />
      <trkpt lat="42.1636370" lon="9.0655220" />
      <trkpt lat="42.1637270" lon="9.0654940" />
      <trkpt lat="42.1637990" lon="9.0654030" />
      <trkpt lat="42.1638700" lon="9.0652690" />
      <trkpt lat="42.1639330" lon="9.0652170" />
      <trkpt lat="42.1640410" lon="9.0652000" />
      <trkpt lat="42.1641020" lon="9.0652290" />
      <trkpt lat="42.1641890" lon="9.0651580" />
      <trkpt lat="42.1642560" lon="9.0651020" />
      <trkpt lat="42.1643060" lon="9.0649590" />
      <trkpt lat="42.1643280" lon="9.0647640" />
      <trkpt lat="42.1643370" lon="9.0647230" />
      <trkpt lat="42.1643370" lon="9.0647230" />
      <trkpt lat="42.1643370" lon="9.0647230" />
      <trkpt lat="42.1643370" lon="9.0647230" />
      <trkpt lat="42.1643370" lon="9.0647230" />
      <trkpt lat="42.1643370" lon="9.0647230" />
      <trkpt lat="42.1643370" lon="9.0647230" />
      <trkpt lat="42.1643370" lon="9.0647230" />
      <trkpt lat="42.1643370" lon="9.0647230" />
      <trkpt lat="42.1643370" lon="9.0647230" />
      <trkpt lat="42.1643370" lon="9.0647230" />
      <trkpt lat="42.1643370" lon="9.0647230" />
      <trkpt lat="42.1643370" lon="9.0647230" />
      <trkpt lat="42.1643370" lon="9.0647230" />
      <trkpt lat="42.1643370" lon="9.0647230" />
      <trkpt lat="42.1643370" lon="9.0647230" />
      <trkpt lat="42.1643370" lon="9.0647230" />
      <trkpt lat="42.1643370" lon="9.0647230" />
      <trkpt lat="42.1643370" lon="9.0647230" />
      <trkpt lat="42.1643370" lon="9.0647230" />
      <trkpt lat="42.1643320" lon="9.0647280" />
      <trkpt lat="42.1643320" lon="9.0647280" />
      <trkpt lat="42.1643320" lon="9.0647280" />
      <trkpt lat="42.1643320" lon="9.0647280" />
      <trkpt lat="42.1643320" lon="9.0647280" />
      <trkpt lat="42.1643250" lon="9.0647440" />
      <trkpt lat="42.1643730" lon="9.0650750" />
      <trkpt lat="42.1643850" lon="9.0651970" />
      <trkpt lat="42.1643960" lon="9.0651960" />
      <trkpt lat="42.1643910" lon="9.0651930" />
      <trkpt lat="42.1643910" lon="9.0651930" />
      <trkpt lat="42.1643910" lon="9.0651930" />
      <trkpt lat="42.1643910" lon="9.0651930" />
      <trkpt lat="42.1643800" lon="9.0651930" />
      <trkpt lat="42.1643610" lon="9.0649950" />
      <trkpt lat="42.1643010" lon="9.0648240" />
      <trkpt lat="42.1643210" lon="9.0647430" />
      <trkpt lat="42.1643210" lon="9.0647430" />
      <trkpt lat="42.1643110" lon="9.0647670" />
      <trkpt lat="42.1643210" lon="9.0647530" />
      <trkpt lat="42.1643210" lon="9.0647530" />
      <trkpt lat="42.1643210" lon="9.0647530" />
      <trkpt lat="42.1643210" lon="9.0647530" />
      <trkpt lat="42.1643210" lon="9.0647530" />
      <trkpt lat="42.1643210" lon="9.0647530" />
      <trkpt lat="42.1643210" lon="9.0647530" />
      <trkpt lat="42.1643320" lon="9.0647620" />
      <trkpt lat="42.1643360" lon="9.0647490" />
      <trkpt lat="42.1643360" lon="9.0647490" />
      <trkpt lat="42.1643360" lon="9.0647490" />
      <trkpt lat="42.1643360" lon="9.0647490" />
      <trkpt lat="42.1643360" lon="9.0647490" />
      <trkpt lat="42.1643360" lon="9.0647490" />
      <trkpt lat="42.1643360" lon="9.0647490" />
      <trkpt lat="42.1643360" lon="9.0647490" />
      <trkpt lat="42.1643360" lon="9.0647490" />
      <trkpt lat="42.1643360" lon="9.0647490" />
      <trkpt lat="42.1643360" lon="9.0647490" />
      <trkpt lat="42.1643360" lon="9.0647490" />
      <trkpt lat="42.1643360" lon="9.0647490" />
      <trkpt lat="42.1643360" lon="9.0647490" />
      <trkpt lat="42.1643360" lon="9.0647490" />
      <trkpt lat="42.1643360" lon="9.0647490" />
      <trkpt lat="42.1643360" lon="9.0647490" />
      <trkpt lat="42.1643360" lon="9.0647490" />
      <trkpt lat="42.1643360" lon="9.0647490" />
      <trkpt lat="42.1643360" lon="9.0647490" />
      <trkpt lat="42.1643360" lon="9.0647490" />
      <trkpt lat="42.1643360" lon="9.0647490" />
      <trkpt lat="42.1643360" lon="9.0647490" />
      <trkpt lat="42.1643360" lon="9.0647490" />
      <trkpt lat="42.1643360" lon="9.0647490" />
      <trkpt lat="42.1643360" lon="9.0647490" />
      <trkpt lat="42.1643360" lon="9.0647490" />
      <trkpt lat="42.1643360" lon="9.0647490" />
      <trkpt lat="42.1643360" lon="9.0647490" />
      <trkpt lat="42.1643360" lon="9.0647490" />
      <trkpt lat="42.1643360" lon="9.0647490" />
      <trkpt lat="42.1643360" lon="9.0647490" />
      <trkpt lat="42.1643360" lon="9.0647490" />
      <trkpt lat="42.1643360" lon="9.0647490" />
      <trkpt lat="42.1643500" lon="9.0647520" />
      <trkpt lat="42.1643500" lon="9.0647520" />
      <trkpt lat="42.1645150" lon="9.0646970" />
      <trkpt lat="42.1646650" lon="9.0645650" />
      <trkpt lat="42.1647850" lon="9.0644710" />
      <trkpt lat="42.1649110" lon="9.0643510" />
      <trkpt lat="42.1650340" lon="9.0642000" />
      <trkpt lat="42.1650770" lon="9.0643610" />
      <trkpt lat="42.1651070" lon="9.0645790" />
      <trkpt lat="42.1652260" lon="9.0645120" />
      <trkpt lat="42.1653430" lon="9.0643340" />
      <trkpt lat="42.1654380" lon="9.0641780" />
      <trkpt lat="42.1655290" lon="9.0640680" />
      <trkpt lat="42.1656190" lon="9.0639080" />
      <trkpt lat="42.1657160" lon="9.0636900" />
      <trkpt lat="42.1658060" lon="9.0635100" />
      <trkpt lat="42.1658920" lon="9.0633030" />
      <trkpt lat="42.1659650" lon="9.0634930" />
      <trkpt lat="42.1660510" lon="9.0637020" />
      <trkpt lat="42.1661390" lon="9.0639110" />
      <trkpt lat="42.1662520" lon="9.0641000" />
      <trkpt lat="42.1663470" lon="9.0642500" />
      <trkpt lat="42.1663560" lon="9.0642490" />
      <trkpt lat="42.1664240" lon="9.0639990" />
      <trkpt lat="42.1664530" lon="9.0637370" />
      <trkpt lat="42.1665170" lon="9.0635230" />
      <trkpt lat="42.1665900" lon="9.0633160" />
      <trkpt lat="42.1666370" lon="9.0630900" />
      <trkpt lat="42.1667030" lon="9.0628490" />
      <trkpt lat="42.1667520" lon="9.0625980" />
      <trkpt lat="42.1668080" lon="9.0625110" />
      <trkpt lat="42.1669050" lon="9.0627300" />
      <trkpt lat="42.1670260" lon="9.0629300" />
      <trkpt lat="42.1670830" lon="9.0627460" />
      <trkpt lat="42.1671070" lon="9.0625250" />
      <trkpt lat="42.1671320" lon="9.0622470" />
      <trkpt lat="42.1671560" lon="9.0619950" />
      <trkpt lat="42.1671850" lon="9.0617400" />
      <trkpt lat="42.1672150" lon="9.0614840" />
      <trkpt lat="42.1672530" lon="9.0612420" />
      <trkpt lat="42.1673570" lon="9.0610450" />
      <trkpt lat="42.1675020" lon="9.0608650" />
      <trkpt lat="42.1676690" lon="9.0606260" />
      <trkpt lat="42.1678200" lon="9.0604320" />
      <trkpt lat="42.1679820" lon="9.0602090" />
      <trkpt lat="42.1681030" lon="9.0599450" />
      <trkpt lat="42.1682430" lon="9.0596250" />
      <trkpt lat="42.1683180" lon="9.0593270" />
      <trkpt lat="42.1683350" lon="9.0593070" />
      <trkpt lat="42.1683350" lon="9.0593070" />
      <trkpt lat="42.1683450" lon="9.0592610" />
      <trkpt lat="42.1684100" lon="9.0589010" />
      <trkpt lat="42.1684500" lon="9.0586500" />
      <trkpt lat="42.1685350" lon="9.0584330" />
      <trkpt lat="42.1686220" lon="9.0582230" />
      <trkpt lat="42.1686580" lon="9.0580220" />
      <trkpt lat="42.1686860" lon="9.0578060" />
      <trkpt lat="42.1687110" lon="9.0576900" />
      <trkpt lat="42.1687110" lon="9.0576900" />
      <trkpt lat="42.1687470" lon="9.0575350" />
      <trkpt lat="42.1687840" lon="9.0572900" />
      <trkpt lat="42.1687990" lon="9.0570630" />
      <trkpt lat="42.1688700" lon="9.0570910" />
      <trkpt lat="42.1688890" lon="9.0569940" />
      <trkpt lat="42.1689410" lon="9.0569640" />
      <trkpt lat="42.1690060" lon="9.0569220" />
      <trkpt lat="42.1690380" lon="9.0569090" />
      <trkpt lat="42.1691080" lon="9.0567800" />
      <trkpt lat="42.1691520" lon="9.0564980" />
      <trkpt lat="42.1691060" lon="9.0560770" />
      <trkpt lat="42.1690260" lon="9.0556920" />
      <trkpt lat="42.1690140" lon="9.0554080" />
      <trkpt lat="42.1690140" lon="9.0554080" />
      <trkpt lat="42.1690290" lon="9.0553860" />
      <trkpt lat="42.1690290" lon="9.0553860" />
      <trkpt lat="42.1690290" lon="9.0553860" />
      <trkpt lat="42.1690290" lon="9.0553860" />
      <trkpt lat="42.1690290" lon="9.0553860" />
      <trkpt lat="42.1690290" lon="9.0553860" />
      <trkpt lat="42.1690290" lon="9.0553860" />
      <trkpt lat="42.1690290" lon="9.0553860" />
      <trkpt lat="42.1690290" lon="9.0553860" />
      <trkpt lat="42.1690290" lon="9.0553860" />
      <trkpt lat="42.1690290" lon="9.0553860" />
      <trkpt lat="42.1690290" lon="9.0553860" />
      <trkpt lat="42.1690290" lon="9.0553860" />
      <trkpt lat="42.1690290" lon="9.0553860" />
      <trkpt lat="42.1690290" lon="9.0553860" />
      <trkpt lat="42.1690290" lon="9.0553860" />
      <trkpt lat="42.1690290" lon="9.0553860" />
      <trkpt lat="42.1690290" lon="9.0553860" />
      <trkpt lat="42.1690290" lon="9.0553860" />
      <trkpt lat="42.1690290" lon="9.0553860" />
      <trkpt lat="42.1690290" lon="9.0553860" />
      <trkpt lat="42.1690290" lon="9.0553860" />
      <trkpt lat="42.1690290" lon="9.0553860" />
      <trkpt lat="42.1690290" lon="9.0553860" />
      <trkpt lat="42.1690290" lon="9.0553860" />
      <trkpt lat="42.1690290" lon="9.0553860" />
      <trkpt lat="42.1690290" lon="9.0553860" />
      <trkpt lat="42.1690290" lon="9.0553860" />
      <trkpt lat="42.1690290" lon="9.0553860" />
      <trkpt lat="42.1690290" lon="9.0553860" />
      <trkpt lat="42.1690190" lon="9.0553490" />
      <trkpt lat="42.1690190" lon="9.0553490" />
      <trkpt lat="42.1690190" lon="9.0553490" />
      <trkpt lat="42.1690190" lon="9.0553490" />
      <trkpt lat="42.1690190" lon="9.0553490" />
      <trkpt lat="42.1690190" lon="9.0553490" />
      <trkpt lat="42.1690190" lon="9.0553490" />
      <trkpt lat="42.1690190" lon="9.0553490" />
      <trkpt lat="42.1692910" lon="9.0539300" />
      <trkpt lat="42.1696910" lon="9.0519050" />
      <trkpt lat="42.1697720" lon="9.0515580" />
      <trkpt lat="42.1697790" lon="9.0515460" />
      <trkpt lat="42.1697850" lon="9.0515340" />
      <trkpt lat="42.1697920" lon="9.0515220" />
      <trkpt lat="42.1698100" lon="9.0514720" />
      <trkpt lat="42.1698100" lon="9.0514720" />
      <trkpt lat="42.1698100" lon="9.0514720" />
      <trkpt lat="42.1698100" lon="9.0514720" />
      <trkpt lat="42.1698100" lon="9.0514720" />
      <trkpt lat="42.1699950" lon="9.0511840" />
      <trkpt lat="42.1705580" lon="9.0504250" />
      <trkpt lat="42.1709320" lon="9.0501740" />
      <trkpt lat="42.1712860" lon="9.0499620" />
      <trkpt lat="42.1717020" lon="9.0495710" />
      <trkpt lat="42.1718200" lon="9.0495120" />
      <trkpt lat="42.1718400" lon="9.0495040" />
      <trkpt lat="42.1718400" lon="9.0495040" />
      <trkpt lat="42.1718400" lon="9.0495040" />
      <trkpt lat="42.1718400" lon="9.0495040" />
      <trkpt lat="42.1718400" lon="9.0495040" />
      <trkpt lat="42.1718400" lon="9.0495040" />
      <trkpt lat="42.1718810" lon="9.0495250" />
      <trkpt lat="42.1718810" lon="9.0495250" />
      <trkpt lat="42.1718810" lon="9.0495250" />
      <trkpt lat="42.1718810" lon="9.0495250" />
      <trkpt lat="42.1718580" lon="9.0495140" />
      <trkpt lat="42.1718580" lon="9.0495140" />
      <trkpt lat="42.1718580" lon="9.0495140" />
      <trkpt lat="42.1718580" lon="9.0495140" />
      <trkpt lat="42.1718580" lon="9.0495140" />
      <trkpt lat="42.1718580" lon="9.0495140" />
      <trkpt lat="42.1718580" lon="9.0495140" />
      <trkpt lat="42.1718580" lon="9.0495140" />
      <trkpt lat="42.1718580" lon="9.0495140" />
      <trkpt lat="42.1718580" lon="9.0495140" />
      <trkpt lat="42.1718580" lon="9.0495140" />
      <trkpt lat="42.1718490" lon="9.0495010" />
      <trkpt lat="42.1719570" lon="9.0494020" />
      <trkpt lat="42.1720750" lon="9.0493070" />
      <trkpt lat="42.1721760" lon="9.0492050" />
      <trkpt lat="42.1723060" lon="9.0491110" />
      <trkpt lat="42.1724870" lon="9.0489800" />
      <trkpt lat="42.1726870" lon="9.0488840" />
      <trkpt lat="42.1728900" lon="9.0487440" />
      <trkpt lat="42.1730310" lon="9.0486630" />
      <trkpt lat="42.1732530" lon="9.0485770" />
      <trkpt lat="42.1733990" lon="9.0484770" />
      <trkpt lat="42.1734350" lon="9.0484630" />
      <trkpt lat="42.1734680" lon="9.0484670" />
      <trkpt lat="42.1735000" lon="9.0484540" />
      <trkpt lat="42.1735480" lon="9.0484240" />
      <trkpt lat="42.1735730" lon="9.0484100" />
      <trkpt lat="42.1735730" lon="9.0484100" />
      <trkpt lat="42.1736430" lon="9.0483280" />
      <trkpt lat="42.1736610" lon="9.0483190" />
      <trkpt lat="42.1737820" lon="9.0483030" />
      <trkpt lat="42.1738160" lon="9.0483410" />
      <trkpt lat="42.1739110" lon="9.0483990" />
      <trkpt lat="42.1739320" lon="9.0484080" />
      <trkpt lat="42.1740110" lon="9.0484000" />
      <trkpt lat="42.1740340" lon="9.0483970" />
      <trkpt lat="42.1741020" lon="9.0483780" />
      <trkpt lat="42.1741330" lon="9.0483950" />
      <trkpt lat="42.1742360" lon="9.0483800" />
      <trkpt lat="42.1742630" lon="9.0483770" />
      <trkpt lat="42.1744370" lon="9.0483420" />
      <trkpt lat="42.1744690" lon="9.0483240" />
      <trkpt lat="42.1745370" lon="9.0483220" />
      <trkpt lat="42.1746560" lon="9.0483190" />
      <trkpt lat="42.1747080" lon="9.0483080" />
      <trkpt lat="42.1747950" lon="9.0483000" />
      <trkpt lat="42.1748300" lon="9.0482990" />
      <trkpt lat="42.1749350" lon="9.0482950" />
      <trkpt lat="42.1749620" lon="9.0482950" />
      <trkpt lat="42.1750150" lon="9.0482450" />
      <trkpt lat="42.1750300" lon="9.0482410" />
      <trkpt lat="42.1750900" lon="9.0482450" />
      <trkpt lat="42.1751140" lon="9.0482420" />
      <trkpt lat="42.1752310" lon="9.0482500" />
      <trkpt lat="42.1752680" lon="9.0482230" />
      <trkpt lat="42.1753030" lon="9.0481450" />
      <trkpt lat="42.1753560" lon="9.0480320" />
      <trkpt lat="42.1753810" lon="9.0480500" />
      <trkpt lat="42.1754390" lon="9.0480840" />
      <trkpt lat="42.1754620" lon="9.0480870" />
      <trkpt lat="42.1756010" lon="9.0480410" />
      <trkpt lat="42.1756610" lon="9.0479900" />
      <trkpt lat="42.1757420" lon="9.0479570" />
      <trkpt lat="42.1758440" lon="9.0480130" />
      <trkpt lat="42.1758480" lon="9.0480280" />
      <trkpt lat="42.1758480" lon="9.0480280" />
      <trkpt lat="42.1758480" lon="9.0480280" />
      <trkpt lat="42.1758330" lon="9.0480470" />
      <trkpt lat="42.1758330" lon="9.0480470" />
      <trkpt lat="42.1758330" lon="9.0480470" />
      <trkpt lat="42.1758330" lon="9.0480470" />
      <trkpt lat="42.1758330" lon="9.0480470" />
      <trkpt lat="42.1758370" lon="9.0480420" />
      <trkpt lat="42.1758480" lon="9.0480350" />
      <trkpt lat="42.1758480" lon="9.0480350" />
      <trkpt lat="42.1758480" lon="9.0480350" />
      <trkpt lat="42.1758480" lon="9.0480350" />
      <trkpt lat="42.1758480" lon="9.0480350" />
      <trkpt lat="42.1758480" lon="9.0480350" />
      <trkpt lat="42.1758360" lon="9.0480210" />
      <trkpt lat="42.1758190" lon="9.0479990" />
      <trkpt lat="42.1758290" lon="9.0479970" />
      <trkpt lat="42.1758290" lon="9.0479970" />
      <trkpt lat="42.1758290" lon="9.0479970" />
      <trkpt lat="42.1758290" lon="9.0479970" />
      <trkpt lat="42.1758290" lon="9.0479970" />
      <trkpt lat="42.1759310" lon="9.0480640" />
      <trkpt lat="42.1759310" lon="9.0480640" />
      <trkpt lat="42.1760530" lon="9.0481130" />
      <trkpt lat="42.1762630" lon="9.0482780" />
      <trkpt lat="42.1763730" lon="9.0483230" />
      <trkpt lat="42.1765180" lon="9.0484260" />
      <trkpt lat="42.1765390" lon="9.0484520" />
      <trkpt lat="42.1767280" lon="9.0486230" />
      <trkpt lat="42.1768600" lon="9.0486880" />
      <trkpt lat="42.1769570" lon="9.0487310" />
      <trkpt lat="42.1770540" lon="9.0488150" />
      <trkpt lat="42.1771440" lon="9.0488360" />
      <trkpt lat="42.1772590" lon="9.0489150" />
      <trkpt lat="42.1774160" lon="9.0490300" />
      <trkpt lat="42.1775000" lon="9.0491160" />
      <trkpt lat="42.1775000" lon="9.0491160" />
      <trkpt lat="42.1775460" lon="9.0491600" />
      <trkpt lat="42.1776260" lon="9.0492330" />
      <trkpt lat="42.1778880" lon="9.0491230" />
      <trkpt lat="42.1780800" lon="9.0490130" />
      <trkpt lat="42.1782370" lon="9.0488930" />
      <trkpt lat="42.1784740" lon="9.0487620" />
      <trkpt lat="42.1787520" lon="9.0485860" />
      <trkpt lat="42.1790050" lon="9.0483880" />
      <trkpt lat="42.1792840" lon="9.0481350" />
      <trkpt lat="42.1795860" lon="9.0479800" />
      <trkpt lat="42.1798450" lon="9.0478380" />
      <trkpt lat="42.1801430" lon="9.0477180" />
      <trkpt lat="42.1804420" lon="9.0475710" />
      <trkpt lat="42.1807390" lon="9.0474330" />
      <trkpt lat="42.1810370" lon="9.0473820" />
      <trkpt lat="42.1811920" lon="9.0474040" />
      <trkpt lat="42.1813090" lon="9.0474500" />
      <trkpt lat="42.1814370" lon="9.0474060" />
      <trkpt lat="42.1816170" lon="9.0474140" />
      <trkpt lat="42.1817910" lon="9.0474170" />
      <trkpt lat="42.1819700" lon="9.0474450" />
      <trkpt lat="42.1821350" lon="9.0474850" />
      <trkpt lat="42.1822560" lon="9.0475100" />
      <trkpt lat="42.1823790" lon="9.0475330" />
      <trkpt lat="42.1824960" lon="9.0475420" />
      <trkpt lat="42.1826130" lon="9.0476150" />
      <trkpt lat="42.1827450" lon="9.0476720" />
      <trkpt lat="42.1827450" lon="9.0476720" />
      <trkpt lat="42.1827590" lon="9.0476750" />
      <trkpt lat="42.1827590" lon="9.0476750" />
      <trkpt lat="42.1827590" lon="9.0476750" />
      <trkpt lat="42.1827590" lon="9.0476750" />
      <trkpt lat="42.1827590" lon="9.0476750" />
      <trkpt lat="42.1827590" lon="9.0476750" />
      <trkpt lat="42.1827590" lon="9.0476750" />
      <trkpt lat="42.1827590" lon="9.0476750" />
      <trkpt lat="42.1828320" lon="9.0477290" />
      <trkpt lat="42.1830480" lon="9.0479040" />
      <trkpt lat="42.1832260" lon="9.0481060" />
      <trkpt lat="42.1834700" lon="9.0482800" />
      <trkpt lat="42.1837180" lon="9.0484660" />
      <trkpt lat="42.1838520" lon="9.0485620" />
      <trkpt lat="42.1839750" lon="9.0486820" />
      <trkpt lat="42.1840820" lon="9.0488210" />
      <trkpt lat="42.1841870" lon="9.0489150" />
      <trkpt lat="42.1843000" lon="9.0490770" />
      <trkpt lat="42.1844980" lon="9.0490810" />
      <trkpt lat="42.1845270" lon="9.0490600" />
      <trkpt lat="42.1845270" lon="9.0490600" />
      <trkpt lat="42.1845270" lon="9.0490600" />
      <trkpt lat="42.1845270" lon="9.0490600" />
      <trkpt lat="42.1845590" lon="9.0490640" />
      <trkpt lat="42.1845590" lon="9.0490640" />
      <trkpt lat="42.1845590" lon="9.0490640" />
      <trkpt lat="42.1845590" lon="9.0490640" />
      <trkpt lat="42.1845590" lon="9.0490640" />
      <trkpt lat="42.1845590" lon="9.0490640" />
      <trkpt lat="42.1845590" lon="9.0490640" />
      <trkpt lat="42.1845590" lon="9.0490640" />
      <trkpt lat="42.1845590" lon="9.0490640" />
      <trkpt lat="42.1845590" lon="9.0490640" />
      <trkpt lat="42.1845590" lon="9.0490640" />
      <trkpt lat="42.1845590" lon="9.0490640" />
      <trkpt lat="42.1845590" lon="9.0490640" />
      <trkpt lat="42.1845590" lon="9.0490640" />
      <trkpt lat="42.1845590" lon="9.0490640" />
      <trkpt lat="42.1850660" lon="9.0492660" />
      <trkpt lat="42.1850660" lon="9.0492660" />
      <trkpt lat="42.1850660" lon="9.0492660" />
      <trkpt lat="42.1850660" lon="9.0492660" />
      <trkpt lat="42.1856970" lon="9.0495500" />
      <trkpt lat="42.1867170" lon="9.0504330" />
      <trkpt lat="42.1868570" lon="9.0506270" />
      <trkpt lat="42.1868580" lon="9.0506340" />
      <trkpt lat="42.1868590" lon="9.0506410" />
      <trkpt lat="42.1868600" lon="9.0506480" />
      <trkpt lat="42.1879250" lon="9.0510430" />
      <trkpt lat="42.1894090" lon="9.0509630" />
      <trkpt lat="42.1896960" lon="9.0508660" />
      <trkpt lat="42.1903340" lon="9.0506500" />
      <trkpt lat="42.1904580" lon="9.0506680" />
      <trkpt lat="42.1904950" lon="9.0513600" />
      <trkpt lat="42.1907080" lon="9.0512130" />
      <trkpt lat="42.1908090" lon="9.0513170" />
      <trkpt lat="42.1908180" lon="9.0512760" />
      <trkpt lat="42.1917240" lon="9.0504180" />
      <trkpt lat="42.1924390" lon="9.0499910" />
      <trkpt lat="42.1931620" lon="9.0494720" />
      <trkpt lat="42.1936100" lon="9.0495230" />
      <trkpt lat="42.1939610" lon="9.0495090" />
      <trkpt lat="42.1947300" lon="9.0500790" />
      <trkpt lat="42.1956130" lon="9.0508470" />
      <trkpt lat="42.1956130" lon="9.0508470" />
      <trkpt lat="42.1956020" lon="9.0508250" />
      <trkpt lat="42.1956020" lon="9.0508250" />
      <trkpt lat="42.1956020" lon="9.0508250" />
      <trkpt lat="42.1956020" lon="9.0508250" />
      <trkpt lat="42.1956020" lon="9.0508250" />
      <trkpt lat="42.1956020" lon="9.0508250" />
      <trkpt lat="42.1955990" lon="9.0507920" />
      <trkpt lat="42.1955990" lon="9.0507920" />
      <trkpt lat="42.1955990" lon="9.0507920" />
      <trkpt lat="42.1955990" lon="9.0507920" />
      <trkpt lat="42.1955760" lon="9.0507660" />
      <trkpt lat="42.1956380" lon="9.0507680" />
      <trkpt lat="42.1956540" lon="9.0507340" />
      <trkpt lat="42.1957430" lon="9.0508190" />
      <trkpt lat="42.1957120" lon="9.0506550" />
      <trkpt lat="42.1957200" lon="9.0505530" />
      <trkpt lat="42.1958800" lon="9.0505540" />
      <trkpt lat="42.1957900" lon="9.0504200" />
      <trkpt lat="42.1958950" lon="9.0503730" />
      <trkpt lat="42.1960390" lon="9.0504940" />
      <trkpt lat="42.1961640" lon="9.0506310" />
      <trkpt lat="42.1961960" lon="9.0504790" />
      <trkpt lat="42.1961960" lon="9.0502800" />
      <trkpt lat="42.1961810" lon="9.0501170" />
      <trkpt lat="42.1963330" lon="9.0502220" />
      <trkpt lat="42.1964920" lon="9.0503550" />
      <trkpt lat="42.1964950" lon="9.0502550" />
      <trkpt lat="42.1965190" lon="9.0500420" />
      <trkpt lat="42.1966400" lon="9.0502260" />
      <trkpt lat="42.1967060" lon="9.0503700" />
      <trkpt lat="42.1967510" lon="9.0505920" />
      <trkpt lat="42.1967970" lon="9.0507810" />
      <trkpt lat="42.1969050" lon="9.0509310" />
      <trkpt lat="42.1970190" lon="9.0510830" />
      <trkpt lat="42.1970240" lon="9.0508840" />
      <trkpt lat="42.1970230" lon="9.0506850" />
      <trkpt lat="42.1971260" lon="9.0508160" />
      <trkpt lat="42.1972360" lon="9.0509640" />
      <trkpt lat="42.1972640" lon="9.0508630" />
      <trkpt lat="42.1972050" lon="9.0506650" />
      <trkpt lat="42.1973260" lon="9.0507820" />
      <trkpt lat="42.1973790" lon="9.0508750" />
      <trkpt lat="42.1974560" lon="9.0509410" />
      <trkpt lat="42.1975090" lon="9.0510620" />
      <trkpt lat="42.1975780" lon="9.0511660" />
      <trkpt lat="42.1976700" lon="9.0512100" />
      <trkpt lat="42.1977830" lon="9.0512840" />
      <trkpt lat="42.1979020" lon="9.0513620" />
      <trkpt lat="42.1979770" lon="9.0513830" />
      <trkpt lat="42.1980800" lon="9.0516200" />
      <trkpt lat="42.1980810" lon="9.0516790" />
      <trkpt lat="42.1980810" lon="9.0517380" />
      <trkpt lat="42.1980820" lon="9.0517970" />
      <trkpt lat="42.1980830" lon="9.0518560" />
      <trkpt lat="42.1980830" lon="9.0519140" />
      <trkpt lat="42.1980840" lon="9.0519730" />
      <trkpt lat="42.1980850" lon="9.0520320" />
      <trkpt lat="42.1980850" lon="9.0520910" />
      <trkpt lat="42.1980860" lon="9.0521500" />
      <trkpt lat="42.1980870" lon="9.0522090" />
      <trkpt lat="42.1980870" lon="9.0522680" />
      <trkpt lat="42.1980880" lon="9.0523270" />
      <trkpt lat="42.1980880" lon="9.0523850" />
      <trkpt lat="42.1980890" lon="9.0524420" />
      <trkpt lat="42.1982330" lon="9.0521040" />
      <trkpt lat="42.1983170" lon="9.0518820" />
      <trkpt lat="42.1983500" lon="9.0518420" />
      <trkpt lat="42.1983500" lon="9.0518420" />
      <trkpt lat="42.1983500" lon="9.0518420" />
      <trkpt lat="42.1983500" lon="9.0518420" />
      <trkpt lat="42.1983500" lon="9.0518420" />
      <trkpt lat="42.1983510" lon="9.0518370" />
      <trkpt lat="42.1983510" lon="9.0518370" />
      <trkpt lat="42.1983510" lon="9.0518370" />
      <trkpt lat="42.1983510" lon="9.0518370" />
      <trkpt lat="42.1983470" lon="9.0518390" />
      <trkpt lat="42.1983590" lon="9.0516500" />
      <trkpt lat="42.1983700" lon="9.0514640" />
      <trkpt lat="42.1983700" lon="9.0514640" />
      <trkpt lat="42.1983700" lon="9.0514640" />
      <trkpt lat="42.1983700" lon="9.0514640" />
      <trkpt lat="42.1983700" lon="9.0514640" />
      <trkpt lat="42.1983700" lon="9.0514640" />
      <trkpt lat="42.1983700" lon="9.0514640" />
      <trkpt lat="42.1983960" lon="9.0514200" />
      <trkpt lat="42.1983710" lon="9.0511410" />
      <trkpt lat="42.1983920" lon="9.0509210" />
      <trkpt lat="42.1985540" lon="9.0509490" />
      <trkpt lat="42.1986890" lon="9.0509250" />
      <trkpt lat="42.1988370" lon="9.0509420" />
      <trkpt lat="42.1989980" lon="9.0509650" />
      <trkpt lat="42.1991190" lon="9.0509610" />
      <trkpt lat="42.1990970" lon="9.0507670" />
      <trkpt lat="42.1990780" lon="9.0505790" />
      <trkpt lat="42.1990600" lon="9.0503710" />
      <trkpt lat="42.1991060" lon="9.0502320" />
      <trkpt lat="42.1991500" lon="9.0502320" />
      <trkpt lat="42.1993210" lon="9.0502490" />
      <trkpt lat="42.1994920" lon="9.0502630" />
      <trkpt lat="42.1994240" lon="9.0500880" />
      <trkpt lat="42.1993500" lon="9.0498800" />
      <trkpt lat="42.1992940" lon="9.0496820" />
      <trkpt lat="42.1992160" lon="9.0494800" />
      <trkpt lat="42.1991420" lon="9.0493120" />
      <trkpt lat="42.1990660" lon="9.0491100" />
      <trkpt lat="42.1990440" lon="9.0489440" />
      <trkpt lat="42.1989980" lon="9.0487420" />
      <trkpt lat="42.1989500" lon="9.0485600" />
      <trkpt lat="42.1988990" lon="9.0483650" />
      <trkpt lat="42.1988380" lon="9.0481450" />
      <trkpt lat="42.1989110" lon="9.0480840" />
      <trkpt lat="42.1990180" lon="9.0481180" />
      <trkpt lat="42.1990180" lon="9.0481180" />
      <trkpt lat="42.1990930" lon="9.0481340" />
      <trkpt lat="42.1992320" lon="9.0481680" />
      <trkpt lat="42.1992460" lon="9.0481730" />
      <trkpt lat="42.1992420" lon="9.0480850" />
      <trkpt lat="42.1991740" lon="9.0478790" />
      <trkpt lat="42.1991170" lon="9.0477090" />
      <trkpt lat="42.1993070" lon="9.0477610" />
      <trkpt lat="42.1994570" lon="9.0478300" />
      <trkpt lat="42.1995930" lon="9.0479270" />
      <trkpt lat="42.1997120" lon="9.0480060" />
      <trkpt lat="42.1998440" lon="9.0481070" />
      <trkpt lat="42.1999400" lon="9.0481870" />
      <trkpt lat="42.1999020" lon="9.0480370" />
      <trkpt lat="42.1998770" lon="9.0479320" />
      <trkpt lat="42.1998580" lon="9.0477180" />
      <trkpt lat="42.1998180" lon="9.0474820" />
      <trkpt lat="42.1998140" lon="9.0472990" />
      <trkpt lat="42.1998820" lon="9.0473290" />
      <trkpt lat="42.2000690" lon="9.0474520" />
      <trkpt lat="42.2001500" lon="9.0475240" />
      <trkpt lat="42.2003100" lon="9.0476490" />
      <trkpt lat="42.2003920" lon="9.0477740" />
      <trkpt lat="42.2004850" lon="9.0478170" />
      <trkpt lat="42.2004580" lon="9.0476130" />
      <trkpt lat="42.2003980" lon="9.0474340" />
      <trkpt lat="42.2003060" lon="9.0472000" />
      <trkpt lat="42.2002960" lon="9.0471840" />
      <trkpt lat="42.2002960" lon="9.0471840" />
      <trkpt lat="42.2002960" lon="9.0471840" />
      <trkpt lat="42.2002960" lon="9.0471840" />
      <trkpt lat="42.2002960" lon="9.0471840" />
      <trkpt lat="42.2002960" lon="9.0471840" />
      <trkpt lat="42.2002960" lon="9.0471840" />
      <trkpt lat="42.2002960" lon="9.0471840" />
      <trkpt lat="42.2002960" lon="9.0471840" />
      <trkpt lat="42.2002820" lon="9.0471830" />
      <trkpt lat="42.2002820" lon="9.0471830" />
      <trkpt lat="42.2002070" lon="9.0470560" />
      <trkpt lat="42.2001130" lon="9.0468780" />
      <trkpt lat="42.2000500" lon="9.0467030" />
      <trkpt lat="42.2000080" lon="9.0465300" />
      <trkpt lat="42.2000080" lon="9.0465300" />
      <trkpt lat="42.2000150" lon="9.0465240" />
      <trkpt lat="42.2001450" lon="9.0464440" />
      <trkpt lat="42.2001450" lon="9.0464440" />
      <trkpt lat="42.2001420" lon="9.0464340" />
      <trkpt lat="42.2002230" lon="9.0462500" />
      <trkpt lat="42.2003280" lon="9.0460880" />
      <trkpt lat="42.2004450" lon="9.0459110" />
      <trkpt lat="42.2005580" lon="9.0457160" />
      <trkpt lat="42.2006850" lon="9.0455640" />
      <trkpt lat="42.2008280" lon="9.0454370" />
      <trkpt lat="42.2009520" lon="9.0452990" />
      <trkpt lat="42.2010850" lon="9.0451830" />
      <trkpt lat="42.2012100" lon="9.0450640" />
      <trkpt lat="42.2013100" lon="9.0449870" />
      <trkpt lat="42.2014560" lon="9.0448850" />
      <trkpt lat="42.2015970" lon="9.0448170" />
      <trkpt lat="42.2017190" lon="9.0447570" />
      <trkpt lat="42.2018730" lon="9.0447100" />
      <trkpt lat="42.2020300" lon="9.0446370" />
      <trkpt lat="42.2021890" lon="9.0445620" />
      <trkpt lat="42.2023580" lon="9.0445230" />
      <trkpt lat="42.2025050" lon="9.0444480" />
      <trkpt lat="42.2026200" lon="9.0443430" />
      <trkpt lat="42.2026690" lon="9.0442790" />
      <trkpt lat="42.2026690" lon="9.0442790" />
      <trkpt lat="42.2026690" lon="9.0442790" />
      <trkpt lat="42.2026690" lon="9.0442790" />
      <trkpt lat="42.2027880" lon="9.0441130" />
      <trkpt lat="42.2029300" lon="9.0439100" />
      <trkpt lat="42.2030510" lon="9.0437130" />
      <trkpt lat="42.2031930" lon="9.0434940" />
      <trkpt lat="42.2033490" lon="9.0432810" />
      <trkpt lat="42.2034800" lon="9.0430450" />
      <trkpt lat="42.2035380" lon="9.0429890" />
      <trkpt lat="42.2035380" lon="9.0429890" />
      <trkpt lat="42.2036240" lon="9.0428390" />
      <trkpt lat="42.2037100" lon="9.0425610" />
      <trkpt lat="42.2037870" lon="9.0422900" />
      <trkpt lat="42.2039160" lon="9.0420420" />
      <trkpt lat="42.2040060" lon="9.0417570" />
      <trkpt lat="42.2040890" lon="9.0414550" />
      <trkpt lat="42.2041170" lon="9.0413840" />
      <trkpt lat="42.2041170" lon="9.0413840" />
      <trkpt lat="42.2042140" lon="9.0411860" />
      <trkpt lat="42.2043010" lon="9.0408560" />
      <trkpt lat="42.2043300" lon="9.0406060" />
      <trkpt lat="42.2043300" lon="9.0406060" />
      <trkpt lat="42.2043300" lon="9.0406060" />
      <trkpt lat="42.2044070" lon="9.0406740" />
      <trkpt lat="42.2044070" lon="9.0406740" />
      <trkpt lat="42.2044070" lon="9.0406740" />
      <trkpt lat="42.2044030" lon="9.0406730" />
      <trkpt lat="42.2044030" lon="9.0406730" />
      <trkpt lat="42.2044030" lon="9.0406730" />
      <trkpt lat="42.2044030" lon="9.0406730" />
      <trkpt lat="42.2044130" lon="9.0405870" />
      <trkpt lat="42.2044540" lon="9.0405480" />
      <trkpt lat="42.2044540" lon="9.0405480" />
      <trkpt lat="42.2045980" lon="9.0404570" />
      <trkpt lat="42.2047440" lon="9.0402990" />
      <trkpt lat="42.2048570" lon="9.0401680" />
      <trkpt lat="42.2049440" lon="9.0401010" />
      <trkpt lat="42.2049220" lon="9.0403370" />
      <trkpt lat="42.2048870" lon="9.0405830" />
      <trkpt lat="42.2049440" lon="9.0405660" />
      <trkpt lat="42.2050760" lon="9.0403890" />
      <trkpt lat="42.2051740" lon="9.0402140" />
      <trkpt lat="42.2052870" lon="9.0400180" />
      <trkpt lat="42.2053730" lon="9.0398570" />
      <trkpt lat="42.2054400" lon="9.0397340" />
      <trkpt lat="42.2054400" lon="9.0397340" />
      <trkpt lat="42.2055320" lon="9.0395980" />
      <trkpt lat="42.2056570" lon="9.0394250" />
      <trkpt lat="42.2057090" lon="9.0394150" />
      <trkpt lat="42.2057540" lon="9.0394130" />
      <trkpt lat="42.2059330" lon="9.0392830" />
      <trkpt lat="42.2060340" lon="9.0392040" />
      <trkpt lat="42.2061740" lon="9.0391010" />
      <trkpt lat="42.2062920" lon="9.0389900" />
      <trkpt lat="42.2063920" lon="9.0388870" />
      <trkpt lat="42.2064960" lon="9.0387530" />
      <trkpt lat="42.2065660" lon="9.0385560" />
      <trkpt lat="42.2066300" lon="9.0383760" />
      <trkpt lat="42.2067160" lon="9.0383220" />
      <trkpt lat="42.2067180" lon="9.0383710" />
      <trkpt lat="42.2067450" lon="9.0382970" />
      <trkpt lat="42.2067500" lon="9.0382090" />
      <trkpt lat="42.2067460" lon="9.0381960" />
      <trkpt lat="42.2067600" lon="9.0381770" />
      <trkpt lat="42.2067600" lon="9.0381770" />
      <trkpt lat="42.2067600" lon="9.0381770" />
      <trkpt lat="42.2067600" lon="9.0381770" />
      <trkpt lat="42.2067600" lon="9.0381770" />
      <trkpt lat="42.2067600" lon="9.0381770" />
      <trkpt lat="42.2067600" lon="9.0381770" />
      <trkpt lat="42.2067330" lon="9.0380810" />
      <trkpt lat="42.2067330" lon="9.0380810" />
      <trkpt lat="42.2067330" lon="9.0380810" />
      <trkpt lat="42.2067330" lon="9.0380810" />
      <trkpt lat="42.2067330" lon="9.0380810" />
      <trkpt lat="42.2067330" lon="9.0380810" />
      <trkpt lat="42.2067440" lon="9.0380620" />
      <trkpt lat="42.2067750" lon="9.0376490" />
      <trkpt lat="42.2068000" lon="9.0375660" />
      <trkpt lat="42.2069030" lon="9.0373190" />
      <trkpt lat="42.2069950" lon="9.0371480" />
      <trkpt lat="42.2070820" lon="9.0368910" />
      <trkpt lat="42.2071850" lon="9.0366600" />
      <trkpt lat="42.2073290" lon="9.0364220" />
      <trkpt lat="42.2074940" lon="9.0363510" />
      <trkpt lat="42.2076370" lon="9.0363190" />
      <trkpt lat="42.2076370" lon="9.0363190" />
      <trkpt lat="42.2076370" lon="9.0363190" />
      <trkpt lat="42.2076370" lon="9.0363190" />
      <trkpt lat="42.2076410" lon="9.0362790" />
      <trkpt lat="42.2076410" lon="9.0362790" />
      <trkpt lat="42.2076410" lon="9.0362790" />
      <trkpt lat="42.2076410" lon="9.0362790" />
      <trkpt lat="42.2076410" lon="9.0362790" />
      <trkpt lat="42.2076410" lon="9.0362790" />
      <trkpt lat="42.2076410" lon="9.0362790" />
      <trkpt lat="42.2076770" lon="9.0362450" />
      <trkpt lat="42.2076770" lon="9.0362450" />
      <trkpt lat="42.2076770" lon="9.0362450" />
      <trkpt lat="42.2076500" lon="9.0362700" />
      <trkpt lat="42.2076350" lon="9.0362860" />
      <trkpt lat="42.2076350" lon="9.0362860" />
      <trkpt lat="42.2076350" lon="9.0362860" />
      <trkpt lat="42.2076350" lon="9.0362860" />
      <trkpt lat="42.2076320" lon="9.0362920" />
      <trkpt lat="42.2076320" lon="9.0362920" />
      <trkpt lat="42.2076320" lon="9.0362920" />
      <trkpt lat="42.2076320" lon="9.0362920" />
      <trkpt lat="42.2076320" lon="9.0362920" />
      <trkpt lat="42.2076320" lon="9.0362920" />
      <trkpt lat="42.2076320" lon="9.0362920" />
      <trkpt lat="42.2076320" lon="9.0362920" />
      <trkpt lat="42.2076320" lon="9.0362920" />
      <trkpt lat="42.2076370" lon="9.0362790" />
      <trkpt lat="42.2076370" lon="9.0362790" />
      <trkpt lat="42.2077380" lon="9.0361970" />
      <trkpt lat="42.2077740" lon="9.0360560" />
      <trkpt lat="42.2077740" lon="9.0360560" />
      <trkpt lat="42.2078240" lon="9.0356110" />
      <trkpt lat="42.2079790" lon="9.0348190" />
      <trkpt lat="42.2082950" lon="9.0329940" />
      <trkpt lat="42.2086300" lon="9.0313470" />
      <trkpt lat="42.2086830" lon="9.0309320" />
      <trkpt lat="42.2086830" lon="9.0309320" />
      <trkpt lat="42.2086400" lon="9.0308780" />
      <trkpt lat="42.2085980" lon="9.0308460" />
      <trkpt lat="42.2085500" lon="9.0308060" />
      <trkpt lat="42.2085260" lon="9.0307840" />
      <trkpt lat="42.2084480" lon="9.0307090" />
      <trkpt lat="42.2083890" lon="9.0306420" />
      <trkpt lat="42.2083630" lon="9.0302550" />
      <trkpt lat="42.2084920" lon="9.0301400" />
      <trkpt lat="42.2087830" lon="9.0299380" />
      <trkpt lat="42.2088300" lon="9.0299080" />
      <trkpt lat="42.2088550" lon="9.0299020" />
      <trkpt lat="42.2088550" lon="9.0299020" />
      <trkpt lat="42.2088550" lon="9.0299020" />
      <trkpt lat="42.2088550" lon="9.0299020" />
      <trkpt lat="42.2087350" lon="9.0295810" />
      <trkpt lat="42.2087150" lon="9.0294730" />
      <trkpt lat="42.2087150" lon="9.0294730" />
      <trkpt lat="42.2087150" lon="9.0294730" />
      <trkpt lat="42.2087020" lon="9.0294790" />
      <trkpt lat="42.2087020" lon="9.0294790" />
      <trkpt lat="42.2086940" lon="9.0294740" />
      <trkpt lat="42.2086930" lon="9.0294710" />
      <trkpt lat="42.2086930" lon="9.0294710" />
      <trkpt lat="42.2086930" lon="9.0294710" />
      <trkpt lat="42.2086930" lon="9.0294710" />
      <trkpt lat="42.2086930" lon="9.0294710" />
      <trkpt lat="42.2086930" lon="9.0294710" />
      <trkpt lat="42.2086930" lon="9.0294710" />
      <trkpt lat="42.2086930" lon="9.0294710" />
      <trkpt lat="42.2086930" lon="9.0294710" />
      <trkpt lat="42.2086880" lon="9.0293550" />
      <trkpt lat="42.2087780" lon="9.0292980" />
      <trkpt lat="42.2088190" lon="9.0292650" />
      <trkpt lat="42.2088480" lon="9.0292080" />
      <trkpt lat="42.2088740" lon="9.0290830" />
      <trkpt lat="42.2089010" lon="9.0289220" />
      <trkpt lat="42.2089170" lon="9.0287210" />
      <trkpt lat="42.2090050" lon="9.0285880" />
      <trkpt lat="42.2090090" lon="9.0285420" />
      <trkpt lat="42.2089960" lon="9.0283880" />
      <trkpt lat="42.2088760" lon="9.0282100" />
      <trkpt lat="42.2086910" lon="9.0280640" />
      <trkpt lat="42.2085270" lon="9.0278880" />
      <trkpt lat="42.2082810" lon="9.0276580" />
      <trkpt lat="42.2079860" lon="9.0274460" />
      <trkpt lat="42.2077410" lon="9.0271920" />
      <trkpt lat="42.2075930" lon="9.0269800" />
      <trkpt lat="42.2074550" lon="9.0267030" />
      <trkpt lat="42.2072210" lon="9.0264500" />
      <trkpt lat="42.2070450" lon="9.0262270" />
      <trkpt lat="42.2069160" lon="9.0260060" />
      <trkpt lat="42.2067690" lon="9.0257550" />
      <trkpt lat="42.2066980" lon="9.0256350" />
      <trkpt lat="42.2066010" lon="9.0254650" />
      <trkpt lat="42.2065560" lon="9.0253630" />
      <trkpt lat="42.2065560" lon="9.0253630" />
      <trkpt lat="42.2065560" lon="9.0253630" />
      <trkpt lat="42.2065560" lon="9.0253630" />
      <trkpt lat="42.2065070" lon="9.0253020" />
      <trkpt lat="42.2065070" lon="9.0253020" />
      <trkpt lat="42.2062790" lon="9.0253320" />
      <trkpt lat="42.2059810" lon="9.0253510" />
      <trkpt lat="42.2057160" lon="9.0252980" />
      <trkpt lat="42.2054810" lon="9.0251720" />
      <trkpt lat="42.2053060" lon="9.0250390" />
      <trkpt lat="42.2052030" lon="9.0248730" />
      <trkpt lat="42.2050330" lon="9.0246790" />
      <trkpt lat="42.2048180" lon="9.0244920" />
      <trkpt lat="42.2045790" lon="9.0242610" />
      <trkpt lat="42.2044350" lon="9.0240940" />
      <trkpt lat="42.2042140" lon="9.0238040" />
      <trkpt lat="42.2039970" lon="9.0235370" />
      <trkpt lat="42.2038240" lon="9.0231510" />
      <trkpt lat="42.2037440" lon="9.0228030" />
      <trkpt lat="42.2036450" lon="9.0224570" />
      <trkpt lat="42.2036380" lon="9.0220740" />
      <trkpt lat="42.2036730" lon="9.0217390" />
      <trkpt lat="42.2037610" lon="9.0214830" />
      <trkpt lat="42.2038740" lon="9.0212240" />
      <trkpt lat="42.2039310" lon="9.0209970" />
      <trkpt lat="42.2040370" lon="9.0208230" />
      <trkpt lat="42.2040970" lon="9.0206340" />
      <trkpt lat="42.2041730" lon="9.0204680" />
      <trkpt lat="42.2042510" lon="9.0203420" />
      <trkpt lat="42.2042690" lon="9.0202680" />
      <trkpt lat="42.2042690" lon="9.0202680" />
      <trkpt lat="42.2042690" lon="9.0202680" />
      <trkpt lat="42.2042690" lon="9.0202680" />
      <trkpt lat="42.2042690" lon="9.0202680" />
      <trkpt lat="42.2042840" lon="9.0200460" />
      <trkpt lat="42.2043570" lon="9.0197290" />
      <trkpt lat="42.2044460" lon="9.0194480" />
      <trkpt lat="42.2045190" lon="9.0191420" />
      <trkpt lat="42.2046270" lon="9.0188320" />
      <trkpt lat="42.2046760" lon="9.0187070" />
      <trkpt lat="42.2047460" lon="9.0185760" />
      <trkpt lat="42.2049680" lon="9.0182360" />
      <trkpt lat="42.2051330" lon="9.0179560" />
      <trkpt lat="42.2051830" lon="9.0178690" />
      <trkpt lat="42.2052650" lon="9.0177540" />
      <trkpt lat="42.2053970" lon="9.0174780" />
      <trkpt lat="42.2055890" lon="9.0173090" />
      <trkpt lat="42.2057030" lon="9.0171480" />
      <trkpt lat="42.2057680" lon="9.0169840" />
      <trkpt lat="42.2058150" lon="9.0169180" />
      <trkpt lat="42.2059050" lon="9.0168120" />
      <trkpt lat="42.2059830" lon="9.0167340" />
      <trkpt lat="42.2060040" lon="9.0166550" />
      <trkpt lat="42.2060100" lon="9.0166070" />
      <trkpt lat="42.2061220" lon="9.0164600" />
      <trkpt lat="42.2062070" lon="9.0163820" />
      <trkpt lat="42.2061950" lon="9.0163590" />
      <trkpt lat="42.2061120" lon="9.0161760" />
      <trkpt lat="42.2061900" lon="9.0161240" />
      <trkpt lat="42.2062310" lon="9.0160790" />
      <trkpt lat="42.2063130" lon="9.0160680" />
      <trkpt lat="42.2063590" lon="9.0160870" />
      <trkpt lat="42.2063620" lon="9.0160800" />
      <trkpt lat="42.2063620" lon="9.0160720" />
      <trkpt lat="42.2063620" lon="9.0160720" />
      <trkpt lat="42.2063620" lon="9.0160720" />
      <trkpt lat="42.2063620" lon="9.0160720" />
      <trkpt lat="42.2063620" lon="9.0160720" />
      <trkpt lat="42.2063620" lon="9.0160720" />
      <trkpt lat="42.2063620" lon="9.0160720" />
      <trkpt lat="42.2063870" lon="9.0160300" />
      <trkpt lat="42.2065520" lon="9.0158970" />
      <trkpt lat="42.2066400" lon="9.0157060" />
      <trkpt lat="42.2067450" lon="9.0155850" />
      <trkpt lat="42.2068280" lon="9.0154860" />
      <trkpt lat="42.2069320" lon="9.0153890" />
      <trkpt lat="42.2070450" lon="9.0152610" />
      <trkpt lat="42.2071650" lon="9.0150720" />
      <trkpt lat="42.2072750" lon="9.0148840" />
      <trkpt lat="42.2073610" lon="9.0148620" />
      <trkpt lat="42.2074210" lon="9.0148710" />
      <trkpt lat="42.2074570" lon="9.0150200" />
      <trkpt lat="42.2074570" lon="9.0150200" />
      <trkpt lat="42.2074570" lon="9.0150200" />
      <trkpt lat="42.2074570" lon="9.0150200" />
      <trkpt lat="42.2074570" lon="9.0150200" />
      <trkpt lat="42.2074570" lon="9.0150200" />
      <trkpt lat="42.2074570" lon="9.0150200" />
      <trkpt lat="42.2074570" lon="9.0150200" />
      <trkpt lat="42.2074570" lon="9.0150200" />
      <trkpt lat="42.2074570" lon="9.0150200" />
      <trkpt lat="42.2074570" lon="9.0150200" />
      <trkpt lat="42.2074570" lon="9.0150200" />
      <trkpt lat="42.2074570" lon="9.0150200" />
      <trkpt lat="42.2074570" lon="9.0150200" />
      <trkpt lat="42.2074620" lon="9.0149710" />
      <trkpt lat="42.2078440" lon="9.0137940" />
      <trkpt lat="42.2078330" lon="9.0123020" />
      <trkpt lat="42.2078380" lon="9.0122780" />
      <trkpt lat="42.2078380" lon="9.0122780" />
      <trkpt lat="42.2078380" lon="9.0122780" />
      <trkpt lat="42.2078380" lon="9.0122780" />
      <trkpt lat="42.2078360" lon="9.0122860" />
      <trkpt lat="42.2079030" lon="9.0122920" />
      <trkpt lat="42.2078670" lon="9.0121250" />
      <trkpt lat="42.2078870" lon="9.0120850" />
      <trkpt lat="42.2078760" lon="9.0118690" />
      <trkpt lat="42.2079000" lon="9.0116260" />
      <trkpt lat="42.2079650" lon="9.0115940" />
      <trkpt lat="42.2079650" lon="9.0115940" />
      <trkpt lat="42.2079650" lon="9.0115940" />
      <trkpt lat="42.2079650" lon="9.0115940" />
      <trkpt lat="42.2079650" lon="9.0115940" />
      <trkpt lat="42.2079650" lon="9.0115940" />
      <trkpt lat="42.2079980" lon="9.0117050" />
      <trkpt lat="42.2080520" lon="9.0114570" />
      <trkpt lat="42.2080810" lon="9.0112180" />
      <trkpt lat="42.2080730" lon="9.0110450" />
      <trkpt lat="42.2080440" lon="9.0108760" />
      <trkpt lat="42.2079900" lon="9.0106630" />
      <trkpt lat="42.2081080" lon="9.0106860" />
      <trkpt lat="42.2080380" lon="9.0104500" />
      <trkpt lat="42.2081360" lon="9.0104170" />
      <trkpt lat="42.2080690" lon="9.0101870" />
      <trkpt lat="42.2080510" lon="9.0099570" />
      <trkpt lat="42.2081220" lon="9.0098810" />
      <trkpt lat="42.2083090" lon="9.0099870" />
      <trkpt lat="42.2084100" lon="9.0099310" />
      <trkpt lat="42.2084220" lon="9.0099420" />
      <trkpt lat="42.2084220" lon="9.0099420" />
      <trkpt lat="42.2084220" lon="9.0099420" />
      <trkpt lat="42.2084220" lon="9.0099420" />
      <trkpt lat="42.2084220" lon="9.0099420" />
      <trkpt lat="42.2084220" lon="9.0099420" />
      <trkpt lat="42.2084220" lon="9.0099420" />
      <trkpt lat="42.2084220" lon="9.0099420" />
      <trkpt lat="42.2084220" lon="9.0099420" />
      <trkpt lat="42.2084220" lon="9.0099420" />
      <trkpt lat="42.2084220" lon="9.0099420" />
      <trkpt lat="42.2084170" lon="9.0099370" />
      <trkpt lat="42.2084170" lon="9.0099370" />
      <trkpt lat="42.2084170" lon="9.0099370" />
      <trkpt lat="42.2084090" lon="9.0099280" />
      <trkpt lat="42.2084090" lon="9.0099280" />
      <trkpt lat="42.2084090" lon="9.0099280" />
      <trkpt lat="42.2084130" lon="9.0099350" />
      <trkpt lat="42.2084130" lon="9.0099350" />
      <trkpt lat="42.2084130" lon="9.0099350" />
      <trkpt lat="42.2084230" lon="9.0099300" />
      <trkpt lat="42.2084230" lon="9.0099300" />
      <trkpt lat="42.2084230" lon="9.0099300" />
      <trkpt lat="42.2084230" lon="9.0099300" />
      <trkpt lat="42.2084230" lon="9.0099300" />
      <trkpt lat="42.2084600" lon="9.0098560" />
      <trkpt lat="42.2084180" lon="9.0097270" />
      <trkpt lat="42.2085280" lon="9.0096590" />
      <trkpt lat="42.2085060" lon="9.0095630" />
      <trkpt lat="42.2086540" lon="9.0094930" />
      <trkpt lat="42.2087530" lon="9.0093530" />
      <trkpt lat="42.2088230" lon="9.0091360" />
      <trkpt lat="42.2091450" lon="9.0090100" />
      <trkpt lat="42.2092820" lon="9.0088450" />
      <trkpt lat="42.2093690" lon="9.0086560" />
      <trkpt lat="42.2094730" lon="9.0085010" />
      <trkpt lat="42.2095660" lon="9.0083990" />
      <trkpt lat="42.2094710" lon="9.0083860" />
      <trkpt lat="42.2095930" lon="9.0082550" />
      <trkpt lat="42.2096820" lon="9.0081040" />
      <trkpt lat="42.2098320" lon="9.0079100" />
      <trkpt lat="42.2099930" lon="9.0077000" />
      <trkpt lat="42.2101430" lon="9.0075680" />
      <trkpt lat="42.2102700" lon="9.0074960" />
      <trkpt lat="42.2104230" lon="9.0073930" />
      <trkpt lat="42.2105640" lon="9.0072860" />
      <trkpt lat="42.2106700" lon="9.0071770" />
      <trkpt lat="42.2106640" lon="9.0071230" />
      <trkpt lat="42.2106590" lon="9.0070700" />
      <trkpt lat="42.2106530" lon="9.0070170" />
      <trkpt lat="42.2106470" lon="9.0069630" />
      <trkpt lat="42.2106420" lon="9.0069100" />
      <trkpt lat="42.2106360" lon="9.0068560" />
      <trkpt lat="42.2106310" lon="9.0068030" />
      <trkpt lat="42.2106250" lon="9.0067500" />
      <trkpt lat="42.2106200" lon="9.0066960" />
      <trkpt lat="42.2106140" lon="9.0066430" />
      <trkpt lat="42.2106090" lon="9.0065890" />
      <trkpt lat="42.2106030" lon="9.0065360" />
      <trkpt lat="42.2105980" lon="9.0064830" />
      <trkpt lat="42.2105920" lon="9.0064290" />
      <trkpt lat="42.2105870" lon="9.0063760" />
      <trkpt lat="42.2105810" lon="9.0063220" />
      <trkpt lat="42.2105760" lon="9.0062730" />
      <trkpt lat="42.2105760" lon="9.0062730" />
      <trkpt lat="42.2105760" lon="9.0062730" />
      <trkpt lat="42.2105760" lon="9.0062730" />
      <trkpt lat="42.2105980" lon="9.0062610" />
      <trkpt lat="42.2105850" lon="9.0062680" />
      <trkpt lat="42.2105790" lon="9.0062660" />
      <trkpt lat="42.2105790" lon="9.0062660" />
      <trkpt lat="42.2105790" lon="9.0062660" />
      <trkpt lat="42.2105790" lon="9.0062660" />
      <trkpt lat="42.2105790" lon="9.0062660" />
      <trkpt lat="42.2105790" lon="9.0062660" />
      <trkpt lat="42.2105790" lon="9.0062660" />
      <trkpt lat="42.2105790" lon="9.0062660" />
      <trkpt lat="42.2105790" lon="9.0062660" />
      <trkpt lat="42.2105790" lon="9.0062660" />
      <trkpt lat="42.2105790" lon="9.0062660" />
      <trkpt lat="42.2105790" lon="9.0062660" />
      <trkpt lat="42.2105790" lon="9.0062660" />
      <trkpt lat="42.2105790" lon="9.0062660" />
      <trkpt lat="42.2105790" lon="9.0062660" />
      <trkpt lat="42.2105790" lon="9.0062660" />
      <trkpt lat="42.2105790" lon="9.0062660" />
      <trkpt lat="42.2105790" lon="9.0062660" />
      <trkpt lat="42.2105790" lon="9.0062660" />
      <trkpt lat="42.2105790" lon="9.0062660" />
      <trkpt lat="42.2105790" lon="9.0062660" />
      <trkpt lat="42.2105790" lon="9.0062660" />
      <trkpt lat="42.2105790" lon="9.0062660" />
      <trkpt lat="42.2105790" lon="9.0062660" />
      <trkpt lat="42.2105790" lon="9.0062660" />
      <trkpt lat="42.2105790" lon="9.0062660" />
      <trkpt lat="42.2105790" lon="9.0062660" />
      <trkpt lat="42.2105790" lon="9.0062660" />
      <trkpt lat="42.2105790" lon="9.0062660" />
      <trkpt lat="42.2105790" lon="9.0062660" />
      <trkpt lat="42.2105790" lon="9.0062660" />
      <trkpt lat="42.2105790" lon="9.0062660" />
      <trkpt lat="42.2105790" lon="9.0062660" />
      <trkpt lat="42.2105790" lon="9.0062660" />
      <trkpt lat="42.2105790" lon="9.0062660" />
      <trkpt lat="42.2105790" lon="9.0062660" />
      <trkpt lat="42.2105790" lon="9.0062660" />
      <trkpt lat="42.2105790" lon="9.0062660" />
      <trkpt lat="42.2105790" lon="9.0062660" />
      <trkpt lat="42.2105790" lon="9.0062660" />
      <trkpt lat="42.2105790" lon="9.0062660" />
      <trkpt lat="42.2105790" lon="9.0062660" />
      <trkpt lat="42.2105790" lon="9.0062660" />
      <trkpt lat="42.2105790" lon="9.0062660" />
      <trkpt lat="42.2105790" lon="9.0062660" />
      <trkpt lat="42.2105790" lon="9.0062660" />
      <trkpt lat="42.2105790" lon="9.0062660" />
      <trkpt lat="42.2105790" lon="9.0062660" />
      <trkpt lat="42.2105790" lon="9.0062660" />
      <trkpt lat="42.2105790" lon="9.0062660" />
      <trkpt lat="42.2105790" lon="9.0062660" />
      <trkpt lat="42.2105790" lon="9.0062660" />
      <trkpt lat="42.2105790" lon="9.0062660" />
      <trkpt lat="42.2105790" lon="9.0062660" />
      <trkpt lat="42.2105790" lon="9.0062660" />
      <trkpt lat="42.2105790" lon="9.0062660" />
      <trkpt lat="42.2105790" lon="9.0062660" />
      <trkpt lat="42.2105790" lon="9.0062660" />
      <trkpt lat="42.2105790" lon="9.0062660" />
      <trkpt lat="42.2105790" lon="9.0062660" />
      <trkpt lat="42.2105790" lon="9.0062660" />
      <trkpt lat="42.2105790" lon="9.0062660" />
      <trkpt lat="42.2105790" lon="9.0062660" />
      <trkpt lat="42.2105790" lon="9.0062660" />
      <trkpt lat="42.2105790" lon="9.0062660" />
      <trkpt lat="42.2105790" lon="9.0062660" />
      <trkpt lat="42.2105790" lon="9.0062660" />
      <trkpt lat="42.2105790" lon="9.0062660" />
      <trkpt lat="42.2105790" lon="9.0062660" />
      <trkpt lat="42.2105790" lon="9.0062660" />
      <trkpt lat="42.2105790" lon="9.0062660" />
      <trkpt lat="42.2105790" lon="9.0062660" />
      <trkpt lat="42.2105790" lon="9.0062660" />
      <trkpt lat="42.2105790" lon="9.0062660" />
      <trkpt lat="42.2105790" lon="9.0062660" />
      <trkpt lat="42.2105790" lon="9.0062660" />
      <trkpt lat="42.2105790" lon="9.0062660" />
      <trkpt lat="42.2105790" lon="9.0062660" />
      <trkpt lat="42.2105790" lon="9.0062660" />
      <trkpt lat="42.2105790" lon="9.0062660" />
      <trkpt lat="42.2105790" lon="9.0062660" />
      <trkpt lat="42.2105790" lon="9.0062660" />
      <trkpt lat="42.2105790" lon="9.0062660" />
      <trkpt lat="42.2105790" lon="9.0062660" />
      <trkpt lat="42.2105790" lon="9.0062660" />
      <trkpt lat="42.2105790" lon="9.0062660" />
      <trkpt lat="42.2105790" lon="9.0062660" />
      <trkpt lat="42.2105790" lon="9.0062660" />
      <trkpt lat="42.2105790" lon="9.0062660" />
      <trkpt lat="42.2105790" lon="9.0062660" />
      <trkpt lat="42.2105860" lon="9.0062430" />
      <trkpt lat="42.2109940" lon="9.0057550" />
      <trkpt lat="42.2109980" lon="9.0057490" />
      <trkpt lat="42.2110020" lon="9.0057430" />
      <trkpt lat="42.2110060" lon="9.0057360" />
      <trkpt lat="42.2110100" lon="9.0057300" />
      <trkpt lat="42.2110140" lon="9.0057240" />
      <trkpt lat="42.2110180" lon="9.0057180" />
      <trkpt lat="42.2110220" lon="9.0057120" />
      <trkpt lat="42.2110260" lon="9.0057050" />
      <trkpt lat="42.2110300" lon="9.0056990" />
      <trkpt lat="42.2111340" lon="9.0045820" />
      <trkpt lat="42.2115220" lon="9.0041610" />
      <trkpt lat="42.2124760" lon="9.0029890" />
      <trkpt lat="42.2124520" lon="9.0015600" />
      <trkpt lat="42.2124520" lon="9.0015600" />
      <trkpt lat="42.2123980" lon="9.0015010" />
      <trkpt lat="42.2123390" lon="8.9995270" />
      <trkpt lat="42.2119970" lon="8.9974660" />
      <trkpt lat="42.2116800" lon="8.9966890" />
      <trkpt lat="42.2113280" lon="8.9953530" />
      <trkpt lat="42.2113050" lon="8.9953040" />
      <trkpt lat="42.2112810" lon="8.9952550" />
      <trkpt lat="42.2110950" lon="8.9944110" />
      <trkpt lat="42.2108590" lon="8.9932200" />
      <trkpt lat="42.2108520" lon="8.9932050" />
      <trkpt lat="42.2108450" lon="8.9931890" />
      <trkpt lat="42.2109450" lon="8.9920040" />
      <trkpt lat="42.2112280" lon="8.9905780" />
      <trkpt lat="42.2112650" lon="8.9905560" />
      <trkpt lat="42.2113020" lon="8.9905340" />
      <trkpt lat="42.2116950" lon="8.9900420" />
      <trkpt lat="42.2121410" lon="8.9894460" />
      <trkpt lat="42.2130970" lon="8.9883620" />
      <trkpt lat="42.2134580" lon="8.9879670" />
      <trkpt lat="42.2138090" lon="8.9865790" />
      <trkpt lat="42.2139630" lon="8.9857420" />
      <trkpt lat="42.2139700" lon="8.9857450" />
      <trkpt lat="42.2139600" lon="8.9857460" />
      <trkpt lat="42.2125420" lon="8.9858430" />
      <trkpt lat="42.2127250" lon="8.9844600" />
      <trkpt lat="42.2134050" lon="8.9838930" />
      <trkpt lat="42.2134920" lon="8.9834110" />
      <trkpt lat="42.2139370" lon="8.9829290" />
      <trkpt lat="42.2139720" lon="8.9827620" />
      <trkpt lat="42.2139760" lon="8.9827810" />
      <trkpt lat="42.2139800" lon="8.9828000" />
      <trkpt lat="42.2139840" lon="8.9828200" />
      <trkpt lat="42.2141240" lon="8.9828160" />
      <trkpt lat="42.2143410" lon="8.9820500" />
      <trkpt lat="42.2152510" lon="8.9819220" />
      <trkpt lat="42.2164070" lon="8.9820800" />
      <trkpt lat="42.2174190" lon="8.9815620" />
      <trkpt lat="42.2185370" lon="8.9807390" />
      <trkpt lat="42.2187880" lon="8.9804850" />
      <trkpt lat="42.2188150" lon="8.9805020" />
      <trkpt lat="42.2188420" lon="8.9805200" />
      <trkpt lat="42.2194160" lon="8.9806800" />
      <trkpt lat="42.2199230" lon="8.9806110" />
      <trkpt lat="42.2199280" lon="8.9805450" />
      <trkpt lat="42.2201720" lon="8.9806540" />
      <trkpt lat="42.2202870" lon="8.9807820" />
      <trkpt lat="42.2203940" lon="8.9808060" />
      <trkpt lat="42.2205610" lon="8.9805420" />
      <trkpt lat="42.2207580" lon="8.9803340" />
      <trkpt lat="42.2208170" lon="8.9802820" />
      <trkpt lat="42.2209810" lon="8.9802530" />
      <trkpt lat="42.2211200" lon="8.9801440" />
      <trkpt lat="42.2211620" lon="8.9802250" />
      <trkpt lat="42.2212700" lon="8.9802960" />
      <trkpt lat="42.2215510" lon="8.9800560" />
      <trkpt lat="42.2219170" lon="8.9797990" />
      <trkpt lat="42.2219170" lon="8.9797990" />
      <trkpt lat="42.2220490" lon="8.9798510" />
      <trkpt lat="42.2221180" lon="8.9798470" />
      <trkpt lat="42.2223080" lon="8.9799090" />
      <trkpt lat="42.2230430" lon="8.9796130" />
      <trkpt lat="42.2231840" lon="8.9796580" />
      <trkpt lat="42.2233610" lon="8.9797560" />
      <trkpt lat="42.2236480" lon="8.9797970" />
      <trkpt lat="42.2238950" lon="8.9798060" />
      <trkpt lat="42.2240580" lon="8.9798620" />
      <trkpt lat="42.2240760" lon="8.9797890" />
      <trkpt lat="42.2241670" lon="8.9796470" />
      <trkpt lat="42.2243290" lon="8.9795290" />
      <trkpt lat="42.2243790" lon="8.9795450" />
      <trkpt lat="42.2244250" lon="8.9795740" />
      <trkpt lat="42.2251370" lon="8.9792840" />
      <trkpt lat="42.2258090" lon="8.9787860" />
      <trkpt lat="42.2258460" lon="8.9787520" />
      <trkpt lat="42.2258460" lon="8.9787520" />
      <trkpt lat="42.2258460" lon="8.9787520" />
      <trkpt lat="42.2258460" lon="8.9787520" />
      <trkpt lat="42.2262020" lon="8.9785160" />
      <trkpt lat="42.2266550" lon="8.9778700" />
      <trkpt lat="42.2268230" lon="8.9773910" />
      <trkpt lat="42.2275200" lon="8.9769560" />
      <trkpt lat="42.2276870" lon="8.9769350" />
      <trkpt lat="42.2281980" lon="8.9765530" />
      <trkpt lat="42.2282580" lon="8.9764980" />
      <trkpt lat="42.2282580" lon="8.9764980" />
      <trkpt lat="42.2283600" lon="8.9763720" />
      <trkpt lat="42.2283770" lon="8.9763510" />
      <trkpt lat="42.2284280" lon="8.9763520" />
      <trkpt lat="42.2285540" lon="8.9763580" />
      <trkpt lat="42.2287230" lon="8.9763200" />
      <trkpt lat="42.2291370" lon="8.9762850" />
      <trkpt lat="42.2295990" lon="8.9759870" />
      <trkpt lat="42.2298170" lon="8.9757110" />
      <trkpt lat="42.2298230" lon="8.9756980" />
      <trkpt lat="42.2299620" lon="8.9758540" />
      <trkpt lat="42.2299680" lon="8.9758350" />
      <trkpt lat="42.2299680" lon="8.9758350" />
      <trkpt lat="42.2299840" lon="8.9758360" />
      <trkpt lat="42.2300370" lon="8.9757920" />
      <trkpt lat="42.2301850" lon="8.9757030" />
      <trkpt lat="42.2302980" lon="8.9755490" />
      <trkpt lat="42.2303440" lon="8.9753030" />
      <trkpt lat="42.2303770" lon="8.9751880" />
      <trkpt lat="42.2304970" lon="8.9751100" />
      <trkpt lat="42.2311380" lon="8.9748890" />
      <trkpt lat="42.2313680" lon="8.9747540" />
      <trkpt lat="42.2316420" lon="8.9745180" />
      <trkpt lat="42.2320380" lon="8.9742500" />
      <trkpt lat="42.2325290" lon="8.9739330" />
      <trkpt lat="42.2328440" lon="8.9736190" />
      <trkpt lat="42.2334700" lon="8.9747310" />
      <trkpt lat="42.2337010" lon="8.9753800" />
      <trkpt lat="42.2337440" lon="8.9753460" />
      <trkpt lat="42.2338060" lon="8.9752250" />
      <trkpt lat="42.2341120" lon="8.9751980" />
      <trkpt lat="42.2341430" lon="8.9752250" />
      <trkpt lat="42.2342170" lon="8.9751600" />
      <trkpt lat="42.2342040" lon="8.9751310" />
      <trkpt lat="42.2342180" lon="8.9751910" />
      <trkpt lat="42.2344300" lon="8.9752090" />
      <trkpt lat="42.2345990" lon="8.9752150" />
      <trkpt lat="42.2347280" lon="8.9753020" />
      <trkpt lat="42.2347690" lon="8.9753320" />
      <trkpt lat="42.2347690" lon="8.9753320" />
      <trkpt lat="42.2347690" lon="8.9753320" />
      <trkpt lat="42.2347690" lon="8.9753320" />
      <trkpt lat="42.2347690" lon="8.9753320" />
      <trkpt lat="42.2347690" lon="8.9753320" />
      <trkpt lat="42.2348400" lon="8.9753530" />
      <trkpt lat="42.2350330" lon="8.9752660" />
      <trkpt lat="42.2351790" lon="8.9750730" />
      <trkpt lat="42.2352680" lon="8.9749770" />
      <trkpt lat="42.2353510" lon="8.9748970" />
      <trkpt lat="42.2355130" lon="8.9748220" />
      <trkpt lat="42.2356650" lon="8.9746900" />
      <trkpt lat="42.2357420" lon="8.9745250" />
      <trkpt lat="42.2358880" lon="8.9744300" />
      <trkpt lat="42.2360060" lon="8.9742770" />
      <trkpt lat="42.2362120" lon="8.9741860" />
      <trkpt lat="42.2363620" lon="8.9740380" />
      <trkpt lat="42.2364460" lon="8.9739310" />
      <trkpt lat="42.2365650" lon="8.9738930" />
      <trkpt lat="42.2365820" lon="8.9738900" />
      <trkpt lat="42.2365820" lon="8.9738900" />
      <trkpt lat="42.2366550" lon="8.9738170" />
      <trkpt lat="42.2367700" lon="8.9735820" />
      <trkpt lat="42.2369100" lon="8.9733730" />
      <trkpt lat="42.2370350" lon="8.9731920" />
      <trkpt lat="42.2371490" lon="8.9730240" />
      <trkpt lat="42.2372680" lon="8.9728730" />
      <trkpt lat="42.2373490" lon="8.9727980" />
      <trkpt lat="42.2374730" lon="8.9726680" />
      <trkpt lat="42.2374940" lon="8.9726190" />
      <trkpt lat="42.2376580" lon="8.9724050" />
      <trkpt lat="42.2378890" lon="8.9722170" />
      <trkpt lat="42.2381200" lon="8.9721050" />
      <trkpt lat="42.2382640" lon="8.9718520" />
      <trkpt lat="42.2384600" lon="8.9716280" />
      <trkpt lat="42.2386500" lon="8.9715210" />
      <trkpt lat="42.2387840" lon="8.9712260" />
      <trkpt lat="42.2388880" lon="8.9709070" />
      <trkpt lat="42.2390630" lon="8.9706610" />
      <trkpt lat="42.2392470" lon="8.9705830" />
      <trkpt lat="42.2392750" lon="8.9704120" />
      <trkpt lat="42.2392690" lon="8.9701670" />
      <trkpt lat="42.2393610" lon="8.9699250" />
      <trkpt lat="42.2394790" lon="8.9697240" />
      <trkpt lat="42.2395600" lon="8.9695040" />
      <trkpt lat="42.2395210" lon="8.9692620" />
      <trkpt lat="42.2394650" lon="8.9690900" />
      <trkpt lat="42.2394520" lon="8.9690120" />
      <trkpt lat="42.2394520" lon="8.9690120" />
      <trkpt lat="42.2394520" lon="8.9690120" />
      <trkpt lat="42.2394520" lon="8.9690120" />
      <trkpt lat="42.2394520" lon="8.9690120" />
      <trkpt lat="42.2394520" lon="8.9690120" />
      <trkpt lat="42.2394520" lon="8.9690120" />
      <trkpt lat="42.2394520" lon="8.9690120" />
      <trkpt lat="42.2394520" lon="8.9690120" />
      <trkpt lat="42.2394520" lon="8.9690120" />
      <trkpt lat="42.2394520" lon="8.9690120" />
      <trkpt lat="42.2394520" lon="8.9690120" />
      <trkpt lat="42.2394520" lon="8.9690120" />
      <trkpt lat="42.2394490" lon="8.9689480" />
      <trkpt lat="42.2395110" lon="8.9685960" />
      <trkpt lat="42.2396120" lon="8.9681990" />
      <trkpt lat="42.2397200" lon="8.9678560" />
      <trkpt lat="42.2398090" lon="8.9675050" />
      <trkpt lat="42.2400020" lon="8.9672070" />
      <trkpt lat="42.2399220" lon="8.9669110" />
      <trkpt lat="42.2397500" lon="8.9667040" />
      <trkpt lat="42.2396720" lon="8.9664670" />
      <trkpt lat="42.2396710" lon="8.9663090" />
      <trkpt lat="42.2399130" lon="8.9662920" />
      <trkpt lat="42.2399950" lon="8.9661510" />
      <trkpt lat="42.2400420" lon="8.9657710" />
      <trkpt lat="42.2401040" lon="8.9653140" />
      <trkpt lat="42.2401290" lon="8.9648360" />
      <trkpt lat="42.2401540" lon="8.9643830" />
      <trkpt lat="42.2401000" lon="8.9638730" />
      <trkpt lat="42.2401010" lon="8.9633410" />
      <trkpt lat="42.2401270" lon="8.9627840" />
      <trkpt lat="42.2401720" lon="8.9622600" />
      <trkpt lat="42.2402570" lon="8.9618020" />
      <trkpt lat="42.2404630" lon="8.9614140" />
      <trkpt lat="42.2407280" lon="8.9609820" />
      <trkpt lat="42.2409690" lon="8.9606160" />
      <trkpt lat="42.2412180" lon="8.9602630" />
      <trkpt lat="42.2414240" lon="8.9600570" />
      <trkpt lat="42.2416800" lon="8.9597880" />
      <trkpt lat="42.2418950" lon="8.9597110" />
      <trkpt lat="42.2420670" lon="8.9594970" />
      <trkpt lat="42.2421860" lon="8.9593110" />
      <trkpt lat="42.2423220" lon="8.9590790" />
      <trkpt lat="42.2424920" lon="8.9587730" />
      <trkpt lat="42.2426600" lon="8.9584250" />
      <trkpt lat="42.2428120" lon="8.9581730" />
      <trkpt lat="42.2429270" lon="8.9578850" />
      <trkpt lat="42.2430370" lon="8.9575350" />
      <trkpt lat="42.2431730" lon="8.9571650" />
      <trkpt lat="42.2432960" lon="8.9568600" />
      <trkpt lat="42.2434300" lon="8.9565100" />
      <trkpt lat="42.2435430" lon="8.9561070" />
      <trkpt lat="42.2436650" lon="8.9556710" />
      <trkpt lat="42.2437690" lon="8.9552610" />
      <trkpt lat="42.2439460" lon="8.9547300" />
      <trkpt lat="42.2440880" lon="8.9543160" />
      <trkpt lat="42.2442200" lon="8.9538540" />
      <trkpt lat="42.2443460" lon="8.9534140" />
      <trkpt lat="42.2444810" lon="8.9529970" />
      <trkpt lat="42.2447090" lon="8.9524960" />
      <trkpt lat="42.2448400" lon="8.9520930" />
      <trkpt lat="42.2449770" lon="8.9516380" />
      <trkpt lat="42.2452120" lon="8.9514090" />
      <trkpt lat="42.2451620" lon="8.9510830" />
      <trkpt lat="42.2452100" lon="8.9510980" />
      <trkpt lat="42.2452800" lon="8.9510790" />
      <trkpt lat="42.2452910" lon="8.9510700" />
      <trkpt lat="42.2453210" lon="8.9511090" />
      <trkpt lat="42.2452800" lon="8.9509800" />
      <trkpt lat="42.2450830" lon="8.9508380" />
      <trkpt lat="42.2451220" lon="8.9509320" />
      <trkpt lat="42.2451300" lon="8.9509670" />
      <trkpt lat="42.2453210" lon="8.9507410" />
      <trkpt lat="42.2456120" lon="8.9506360" />
      <trkpt lat="42.2459190" lon="8.9505640" />
      <trkpt lat="42.2462440" lon="8.9505500" />
      <trkpt lat="42.2465600" lon="8.9505590" />
      <trkpt lat="42.2468060" lon="8.9505470" />
      <trkpt lat="42.2470230" lon="8.9505310" />
      <trkpt lat="42.2472240" lon="8.9505470" />
      <trkpt lat="42.2474500" lon="8.9505970" />
      <trkpt lat="42.2476620" lon="8.9506240" />
      <trkpt lat="42.2478680" lon="8.9506050" />
      <trkpt lat="42.2479840" lon="8.9504500" />
      <trkpt lat="42.2480950" lon="8.9503040" />
      <trkpt lat="42.2482840" lon="8.9503520" />
      <trkpt lat="42.2484740" lon="8.9503670" />
      <trkpt lat="42.2486250" lon="8.9500770" />
      <trkpt lat="42.2487660" lon="8.9497540" />
      <trkpt lat="42.2487670" lon="8.9497300" />
      <trkpt lat="42.2487670" lon="8.9497300" />
      <trkpt lat="42.2487670" lon="8.9497300" />
      <trkpt lat="42.2487670" lon="8.9497300" />
      <trkpt lat="42.2487670" lon="8.9497300" />
      <trkpt lat="42.2487670" lon="8.9497300" />
      <trkpt lat="42.2487670" lon="8.9497300" />
      <trkpt lat="42.2487670" lon="8.9497300" />
      <trkpt lat="42.2487670" lon="8.9497300" />
      <trkpt lat="42.2487670" lon="8.9497300" />
      <trkpt lat="42.2487670" lon="8.9497300" />
      <trkpt lat="42.2487660" lon="8.9497220" />
      <trkpt lat="42.2489620" lon="8.9492050" />
      <trkpt lat="42.2491310" lon="8.9488450" />
      <trkpt lat="42.2492970" lon="8.9483880" />
      <trkpt lat="42.2492950" lon="8.9477980" />
      <trkpt lat="42.2536190" lon="8.9331060" />
      <trkpt lat="42.2536910" lon="8.9327560" />
      <trkpt lat="42.2537360" lon="8.9323220" />
      <trkpt lat="42.2538020" lon="8.9318730" />
      <trkpt lat="42.2538930" lon="8.9315070" />
      <trkpt lat="42.2539760" lon="8.9310210" />
      <trkpt lat="42.2540640" lon="8.9301580" />
      <trkpt lat="42.2541050" lon="8.9297050" />
      <trkpt lat="42.2542100" lon="8.9292580" />
      <trkpt lat="42.2541410" lon="8.9287630" />
      <trkpt lat="42.2541380" lon="8.9282670" />
      <trkpt lat="42.2543230" lon="8.9280120" />
      <trkpt lat="42.2543070" lon="8.9277220" />
      <trkpt lat="42.2542470" lon="8.9274840" />
      <trkpt lat="42.2542180" lon="8.9274460" />
      <trkpt lat="42.2542360" lon="8.9272580" />
      <trkpt lat="42.2543840" lon="8.9270130" />
      <trkpt lat="42.2544650" lon="8.9266950" />
      <trkpt lat="42.2544180" lon="8.9263530" />
      <trkpt lat="42.2544030" lon="8.9263730" />
      <trkpt lat="42.2543930" lon="8.9264670" />
      <trkpt lat="42.2544760" lon="8.9264780" />
      <trkpt lat="42.2544080" lon="8.9264680" />
      <trkpt lat="42.2544080" lon="8.9264680" />
      <trkpt lat="42.2544080" lon="8.9264680" />
      <trkpt lat="42.2544080" lon="8.9264680" />
      <trkpt lat="42.2544080" lon="8.9264680" />
      <trkpt lat="42.2544080" lon="8.9264680" />
      <trkpt lat="42.2544080" lon="8.9264680" />
      <trkpt lat="42.2544080" lon="8.9264680" />
      <trkpt lat="42.2544080" lon="8.9264680" />
      <trkpt lat="42.2544080" lon="8.9264680" />
      <trkpt lat="42.2544080" lon="8.9264750" />
      <trkpt lat="42.2544080" lon="8.9264750" />
      <trkpt lat="42.2544080" lon="8.9264750" />
      <trkpt lat="42.2544080" lon="8.9264750" />
      <trkpt lat="42.2544080" lon="8.9264750" />
      <trkpt lat="42.2544080" lon="8.9264750" />
      <trkpt lat="42.2544450" lon="8.9264370" />
      <trkpt lat="42.2547560" lon="8.9262180" />
      <trkpt lat="42.2550300" lon="8.9260200" />
      <trkpt lat="42.2552590" lon="8.9258200" />
      <trkpt lat="42.2553180" lon="8.9257270" />
      <trkpt lat="42.2555510" lon="8.9254940" />
      <trkpt lat="42.2555870" lon="8.9254370" />
      <trkpt lat="42.2555870" lon="8.9254370" />
      <trkpt lat="42.2555870" lon="8.9254370" />
      <trkpt lat="42.2555870" lon="8.9254370" />
      <trkpt lat="42.2555870" lon="8.9254370" />
      <trkpt lat="42.2555870" lon="8.9254370" />
      <trkpt lat="42.2555090" lon="8.9249730" />
      <trkpt lat="42.2554190" lon="8.9237710" />
      <trkpt lat="42.2555000" lon="8.9230030" />
      <trkpt lat="42.2556050" lon="8.9223890" />
      <trkpt lat="42.2556630" lon="8.9219790" />
      <trkpt lat="42.2557350" lon="8.9219150" />
      <trkpt lat="42.2558870" lon="8.9210720" />
      <trkpt lat="42.2557870" lon="8.9206840" />
      <trkpt lat="42.2557670" lon="8.9188410" />
      <trkpt lat="42.2558000" lon="8.9184860" />
      <trkpt lat="42.2558060" lon="8.9184810" />
      <trkpt lat="42.2558120" lon="8.9184770" />
      <trkpt lat="42.2558170" lon="8.9184720" />
      <trkpt lat="42.2558230" lon="8.9184680" />
      <trkpt lat="42.2558290" lon="8.9184630" />
      <trkpt lat="42.2558340" lon="8.9184590" />
      <trkpt lat="42.2557000" lon="8.9178750" />
      <trkpt lat="42.2554270" lon="8.9164760" />
      <trkpt lat="42.2553530" lon="8.9163250" />
      <trkpt lat="42.2553530" lon="8.9163250" />
      <trkpt lat="42.2553610" lon="8.9162170" />
      <trkpt lat="42.2553630" lon="8.9161940" />
      <trkpt lat="42.2553680" lon="8.9161620" />
      <trkpt lat="42.2554090" lon="8.9161060" />
      <trkpt lat="42.2553890" lon="8.9159940" />
      <trkpt lat="42.2553810" lon="8.9159380" />
      <trkpt lat="42.2553930" lon="8.9158300" />
      <trkpt lat="42.2553380" lon="8.9156640" />
      <trkpt lat="42.2552410" lon="8.9154750" />
      <trkpt lat="42.2552410" lon="8.9154750" />
      <trkpt lat="42.2552410" lon="8.9154750" />
      <trkpt lat="42.2552410" lon="8.9154750" />
      <trkpt lat="42.2552410" lon="8.9154750" />
      <trkpt lat="42.2552410" lon="8.9154750" />
      <trkpt lat="42.2552410" lon="8.9154750" />
      <trkpt lat="42.2552410" lon="8.9154750" />
      <trkpt lat="42.2552410" lon="8.9154750" />
      <trkpt lat="42.2552410" lon="8.9154750" />
      <trkpt lat="42.2552410" lon="8.9154750" />
      <trkpt lat="42.2552410" lon="8.9154750" />
      <trkpt lat="42.2552410" lon="8.9154750" />
      <trkpt lat="42.2552410" lon="8.9154750" />
      <trkpt lat="42.2552410" lon="8.9154750" />
      <trkpt lat="42.2552410" lon="8.9154750" />
      <trkpt lat="42.2552410" lon="8.9154750" />
      <trkpt lat="42.2552410" lon="8.9154750" />
      <trkpt lat="42.2551970" lon="8.9145190" />
      <trkpt lat="42.2552970" lon="8.9117830" />
      <trkpt lat="42.2551450" lon="8.9102650" />
      <trkpt lat="42.2549900" lon="8.9086250" />
      <trkpt lat="42.2548180" lon="8.9074350" />
      <trkpt lat="42.2546130" lon="8.9060210" />
      <trkpt lat="42.2550080" lon="8.9045930" />
      <trkpt lat="42.2558860" lon="8.9033830" />
      <trkpt lat="42.2563550" lon="8.9026990" />
      <trkpt lat="42.2571800" lon="8.9021660" />
      <trkpt lat="42.2577710" lon="8.9019950" />
      <trkpt lat="42.2579780" lon="8.9009460" />
      <trkpt lat="42.2580730" lon="8.9005680" />
      <trkpt lat="42.2581390" lon="8.9005460" />
      <trkpt lat="42.2587770" lon="8.8998330" />
      <trkpt lat="42.2595490" lon="8.8983250" />
      <trkpt lat="42.2604450" lon="8.8969900" />
      <trkpt lat="42.2611030" lon="8.8959450" />
      <trkpt lat="42.2613140" lon="8.8957350" />
      <trkpt lat="42.2615390" lon="8.8954790" />
      <trkpt lat="42.2619310" lon="8.8951920" />
      <trkpt lat="42.2619300" lon="8.8951700" />
      <trkpt lat="42.2619390" lon="8.8950960" />
      <trkpt lat="42.2619390" lon="8.8950960" />
      <trkpt lat="42.2619390" lon="8.8950960" />
      <trkpt lat="42.2619390" lon="8.8950960" />
      <trkpt lat="42.2619390" lon="8.8950960" />
      <trkpt lat="42.2619390" lon="8.8950960" />
      <trkpt lat="42.2619390" lon="8.8950960" />
      <trkpt lat="42.2619390" lon="8.8950960" />
      <trkpt lat="42.2619390" lon="8.8950960" />
      <trkpt lat="42.2619390" lon="8.8950960" />
      <trkpt lat="42.2619390" lon="8.8950960" />
      <trkpt lat="42.2619390" lon="8.8950960" />
      <trkpt lat="42.2619390" lon="8.8950960" />
      <trkpt lat="42.2619390" lon="8.8950960" />
      <trkpt lat="42.2619390" lon="8.8950960" />
      <trkpt lat="42.2619390" lon="8.8950960" />
      <trkpt lat="42.2619390" lon="8.8950960" />
      <trkpt lat="42.2619390" lon="8.8950960" />
      <trkpt lat="42.2619390" lon="8.8950960" />
      <trkpt lat="42.2619390" lon="8.8950960" />
      <trkpt lat="42.2619390" lon="8.8950960" />
      <trkpt lat="42.2619390" lon="8.8950960" />
      <trkpt lat="42.2619390" lon="8.8950960" />
      <trkpt lat="42.2619390" lon="8.8950960" />
      <trkpt lat="42.2619390" lon="8.8950960" />
      <trkpt lat="42.2619390" lon="8.8950960" />
      <trkpt lat="42.2619390" lon="8.8950960" />
      <trkpt lat="42.2619390" lon="8.8950960" />
      <trkpt lat="42.2619390" lon="8.8950960" />
      <trkpt lat="42.2619370" lon="8.8951050" />
      <trkpt lat="42.2619370" lon="8.8951050" />
      <trkpt lat="42.2619370" lon="8.8951050" />
      <trkpt lat="42.2619370" lon="8.8951050" />
      <trkpt lat="42.2619370" lon="8.8951050" />
      <trkpt lat="42.2619370" lon="8.8951050" />
      <trkpt lat="42.2619150" lon="8.8950880" />
      <trkpt lat="42.2619150" lon="8.8950880" />
      <trkpt lat="42.2619150" lon="8.8950880" />
      <trkpt lat="42.2619150" lon="8.8950880" />
      <trkpt lat="42.2619240" lon="8.8950930" />
      <trkpt lat="42.2619240" lon="8.8950930" />
      <trkpt lat="42.2619240" lon="8.8950930" />
      <trkpt lat="42.2619350" lon="8.8950980" />
      <trkpt lat="42.2619350" lon="8.8950980" />
      <trkpt lat="42.2619350" lon="8.8950980" />
      <trkpt lat="42.2619350" lon="8.8950980" />
      <trkpt lat="42.2619350" lon="8.8950980" />
      <trkpt lat="42.2619350" lon="8.8950980" />
      <trkpt lat="42.2619350" lon="8.8950980" />
      <trkpt lat="42.2619350" lon="8.8951020" />
      <trkpt lat="42.2619350" lon="8.8951020" />
      <trkpt lat="42.2618810" lon="8.8950850" />
      <trkpt lat="42.2618260" lon="8.8950770" />
      <trkpt lat="42.2618250" lon="8.8950840" />
      <trkpt lat="42.2618960" lon="8.8951160" />
      <trkpt lat="42.2619260" lon="8.8951090" />
      <trkpt lat="42.2619260" lon="8.8951090" />
      <trkpt lat="42.2619170" lon="8.8951090" />
      <trkpt lat="42.2619170" lon="8.8951090" />
      <trkpt lat="42.2619170" lon="8.8951090" />
      <trkpt lat="42.2619170" lon="8.8951090" />
      <trkpt lat="42.2619170" lon="8.8951090" />
      <trkpt lat="42.2619170" lon="8.8951090" />
      <trkpt lat="42.2619170" lon="8.8951090" />
      <trkpt lat="42.2619260" lon="8.8950830" />
      <trkpt lat="42.2619260" lon="8.8950830" />
      <trkpt lat="42.2619570" lon="8.8951140" />
      <trkpt lat="42.2620860" lon="8.8949780" />
      <trkpt lat="42.2621760" lon="8.8948610" />
      <trkpt lat="42.2621760" lon="8.8948610" />
      <trkpt lat="42.2621760" lon="8.8948610" />
      <trkpt lat="42.2621990" lon="8.8947820" />
      <trkpt lat="42.2622100" lon="8.8947490" />
      <trkpt lat="42.2624210" lon="8.8944690" />
      <trkpt lat="42.2626750" lon="8.8943790" />
      <trkpt lat="42.2627490" lon="8.8941190" />
      <trkpt lat="42.2629150" lon="8.8939700" />
      <trkpt lat="42.2629830" lon="8.8936930" />
      <trkpt lat="42.2630860" lon="8.8934270" />
      <trkpt lat="42.2631870" lon="8.8931700" />
      <trkpt lat="42.2633410" lon="8.8930080" />
      <trkpt lat="42.2635240" lon="8.8931990" />
      <trkpt lat="42.2636490" lon="8.8930860" />
      <trkpt lat="42.2637240" lon="8.8928310" />
      <trkpt lat="42.2638700" lon="8.8926070" />
      <trkpt lat="42.2641010" lon="8.8925500" />
      <trkpt lat="42.2643530" lon="8.8925540" />
      <trkpt lat="42.2646090" lon="8.8926140" />
      <trkpt lat="42.2648590" lon="8.8926210" />
      <trkpt lat="42.2647900" lon="8.8927130" />
      <trkpt lat="42.2645770" lon="8.8928670" />
      <trkpt lat="42.2642700" lon="8.8929590" />
      <trkpt lat="42.2642660" lon="8.8931980" />
      <trkpt lat="42.2643380" lon="8.8935010" />
      <trkpt lat="42.2643570" lon="8.8938480" />
      <trkpt lat="42.2644920" lon="8.8940650" />
      <trkpt lat="42.2645540" lon="8.8943220" />
      <trkpt lat="42.2645550" lon="8.8945330" />
      <trkpt lat="42.2646870" lon="8.8948810" />
      <trkpt lat="42.2648500" lon="8.8951840" />
      <trkpt lat="42.2648720" lon="8.8955080" />
      <trkpt lat="42.2649770" lon="8.8956650" />
      <trkpt lat="42.2650830" lon="8.8957180" />
      <trkpt lat="42.2651960" lon="8.8957310" />
      <trkpt lat="42.2652110" lon="8.8953200" />
      <trkpt lat="42.2651670" lon="8.8948680" />
      <trkpt lat="42.2651080" lon="8.8944680" />
      <trkpt lat="42.2650550" lon="8.8940820" />
      <trkpt lat="42.2651920" lon="8.8937920" />
      <trkpt lat="42.2655480" lon="8.8937680" />
      <trkpt lat="42.2657880" lon="8.8937130" />
      <trkpt lat="42.2661120" lon="8.8938690" />
      <trkpt lat="42.2663870" lon="8.8936300" />
      <trkpt lat="42.2666710" lon="8.8934520" />
      <trkpt lat="42.2669270" lon="8.8937110" />
      <trkpt lat="42.2671880" lon="8.8936100" />
      <trkpt lat="42.2673680" lon="8.8932460" />
      <trkpt lat="42.2676070" lon="8.8932430" />
      <trkpt lat="42.2678430" lon="8.8933880" />
      <trkpt lat="42.2681760" lon="8.8935160" />
      <trkpt lat="42.2685280" lon="8.8936100" />
      <trkpt lat="42.2688380" lon="8.8936120" />
      <trkpt lat="42.2690540" lon="8.8932600" />
      <trkpt lat="42.2691900" lon="8.8928630" />
      <trkpt lat="42.2693110" lon="8.8924810" />
      <trkpt lat="42.2693640" lon="8.8921750" />
      <trkpt lat="42.2694470" lon="8.8917770" />
      <trkpt lat="42.2696700" lon="8.8915060" />
      <trkpt lat="42.2698540" lon="8.8911410" />
      <trkpt lat="42.2701040" lon="8.8909210" />
      <trkpt lat="42.2704360" lon="8.8908200" />
      <trkpt lat="42.2706320" lon="8.8907440" />
      <trkpt lat="42.2707130" lon="8.8908810" />
      <trkpt lat="42.2707220" lon="8.8910570" />
      <trkpt lat="42.2707870" lon="8.8914800" />
      <trkpt lat="42.2709230" lon="8.8918470" />
      <trkpt lat="42.2710610" lon="8.8922240" />
      <trkpt lat="42.2711840" lon="8.8926880" />
      <trkpt lat="42.2713650" lon="8.8931490" />
      <trkpt lat="42.2715380" lon="8.8935380" />
      <trkpt lat="42.2717440" lon="8.8939830" />
      <trkpt lat="42.2719090" lon="8.8943970" />
      <trkpt lat="42.2721030" lon="8.8945630" />
      <trkpt lat="42.2721030" lon="8.8945630" />
      <trkpt lat="42.2721030" lon="8.8945630" />
      <trkpt lat="42.2720970" lon="8.8945620" />
      <trkpt lat="42.2720970" lon="8.8945620" />
      <trkpt lat="42.2720970" lon="8.8945620" />
      <trkpt lat="42.2720880" lon="8.8945800" />
      <trkpt lat="42.2720980" lon="8.8945750" />
      <trkpt lat="42.2720980" lon="8.8945750" />
      <trkpt lat="42.2721170" lon="8.8946080" />
      <trkpt lat="42.2724440" lon="8.8946440" />
      <trkpt lat="42.2725880" lon="8.8943030" />
      <trkpt lat="42.2728940" lon="8.8942750" />
      <trkpt lat="42.2732150" lon="8.8940190" />
      <trkpt lat="42.2735280" lon="8.8938190" />
      <trkpt lat="42.2738750" lon="8.8937210" />
      <trkpt lat="42.2742350" lon="8.8934990" />
      <trkpt lat="42.2745790" lon="8.8935230" />
      <trkpt lat="42.2749470" lon="8.8933640" />
      <trkpt lat="42.2751970" lon="8.8930800" />
      <trkpt lat="42.2753180" lon="8.8925910" />
      <trkpt lat="42.2752510" lon="8.8921590" />
      <trkpt lat="42.2752590" lon="8.8917160" />
      <trkpt lat="42.2752810" lon="8.8912600" />
      <trkpt lat="42.2753190" lon="8.8909190" />
      <trkpt lat="42.2755660" lon="8.8907720" />
      <trkpt lat="42.2758650" lon="8.8906510" />
      <trkpt lat="42.2760900" lon="8.8903100" />
      <trkpt lat="42.2764080" lon="8.8903740" />
      <trkpt lat="42.2767220" lon="8.8902780" />
      <trkpt lat="42.2770430" lon="8.8904170" />
      <trkpt lat="42.2773580" lon="8.8903330" />
      <trkpt lat="42.2775360" lon="8.8898920" />
      <trkpt lat="42.2777890" lon="8.8895810" />
      <trkpt lat="42.2780650" lon="8.8896820" />
      <trkpt lat="42.2782830" lon="8.8894680" />
      <trkpt lat="42.2786520" lon="8.8894790" />
      <trkpt lat="42.2789910" lon="8.8893160" />
      <trkpt lat="42.2793060" lon="8.8891960" />
      <trkpt lat="42.2795240" lon="8.8894560" />
      <trkpt lat="42.2797170" lon="8.8897640" />
      <trkpt lat="42.2799810" lon="8.8901420" />
      <trkpt lat="42.2803170" lon="8.8903450" />
      <trkpt lat="42.2805910" lon="8.8906190" />
      <trkpt lat="42.2809120" lon="8.8908460" />
      <trkpt lat="42.2812650" lon="8.8908670" />
      <trkpt lat="42.2816000" lon="8.8910130" />
      <trkpt lat="42.2815620" lon="8.8912900" />
      <trkpt lat="42.2817510" lon="8.8916870" />
      <trkpt lat="42.2819880" lon="8.8920600" />
      <trkpt lat="42.2823330" lon="8.8919680" />
      <trkpt lat="42.2825890" lon="8.8918670" />
      <trkpt lat="42.2827980" lon="8.8922890" />
      <trkpt lat="42.2830670" lon="8.8926210" />
      <trkpt lat="42.2829620" lon="8.8930580" />
      <trkpt lat="42.2829160" lon="8.8935340" />
      <trkpt lat="42.2828890" lon="8.8940260" />
      <trkpt lat="42.2830240" lon="8.8945040" />
      <trkpt lat="42.2831640" lon="8.8948830" />
      <trkpt lat="42.2833840" lon="8.8952410" />
      <trkpt lat="42.2835280" lon="8.8948980" />
      <trkpt lat="42.2836680" lon="8.8946830" />
      <trkpt lat="42.2838770" lon="8.8946100" />
      <trkpt lat="42.2841160" lon="8.8946160" />
      <trkpt lat="42.2843440" lon="8.8946650" />
      <trkpt lat="42.2845200" lon="8.8945930" />
      <trkpt lat="42.2847520" lon="8.8944490" />
      <trkpt lat="42.2849250" lon="8.8942620" />
      <trkpt lat="42.2851520" lon="8.8942390" />
      <trkpt lat="42.2852640" lon="8.8941530" />
      <trkpt lat="42.2854720" lon="8.8941040" />
      <trkpt lat="42.2856090" lon="8.8941700" />
      <trkpt lat="42.2857450" lon="8.8943000" />
      <trkpt lat="42.2859140" lon="8.8945010" />
      <trkpt lat="42.2861160" lon="8.8946590" />
      <trkpt lat="42.2862890" lon="8.8946440" />
      <trkpt lat="42.2863800" lon="8.8945120" />
      <trkpt lat="42.2864060" lon="8.8940280" />
      <trkpt lat="42.2864190" lon="8.8935840" />
      <trkpt lat="42.2864500" lon="8.8932020" />
      <trkpt lat="42.2864840" lon="8.8927940" />
      <trkpt lat="42.2865370" lon="8.8923550" />
      <trkpt lat="42.2866860" lon="8.8919400" />
      <trkpt lat="42.2869570" lon="8.8917200" />
      <trkpt lat="42.2872810" lon="8.8918230" />
      <trkpt lat="42.2875750" lon="8.8917980" />
      <trkpt lat="42.2876840" lon="8.8916920" />
      <trkpt lat="42.2876840" lon="8.8916920" />
      <trkpt lat="42.2876920" lon="8.8917020" />
      <trkpt lat="42.2878370" lon="8.8915820" />
      <trkpt lat="42.2879940" lon="8.8913880" />
      <trkpt lat="42.2880220" lon="8.8911860" />
      <trkpt lat="42.2880880" lon="8.8910870" />
      <trkpt lat="42.2881200" lon="8.8909010" />
      <trkpt lat="42.2881180" lon="8.8905710" />
      <trkpt lat="42.2881690" lon="8.8903180" />
      <trkpt lat="42.2882100" lon="8.8901150" />
      <trkpt lat="42.2883360" lon="8.8899600" />
      <trkpt lat="42.2884500" lon="8.8897720" />
      <trkpt lat="42.2886340" lon="8.8895820" />
      <trkpt lat="42.2887680" lon="8.8893220" />
      <trkpt lat="42.2889690" lon="8.8891880" />
      <trkpt lat="42.2890600" lon="8.8889610" />
      <trkpt lat="42.2891350" lon="8.8887510" />
      <trkpt lat="42.2892090" lon="8.8885580" />
      <trkpt lat="42.2891820" lon="8.8883090" />
      <trkpt lat="42.2892300" lon="8.8880990" />
      <trkpt lat="42.2892460" lon="8.8879050" />
      <trkpt lat="42.2893140" lon="8.8877880" />
      <trkpt lat="42.2893520" lon="8.8875460" />
      <trkpt lat="42.2893740" lon="8.8874780" />
      <trkpt lat="42.2894120" lon="8.8871850" />
      <trkpt lat="42.2894210" lon="8.8869700" />
      <trkpt lat="42.2893450" lon="8.8868070" />
      <trkpt lat="42.2892260" lon="8.8865850" />
      <trkpt lat="42.2890820" lon="8.8864340" />
      <trkpt lat="42.2889580" lon="8.8863300" />
      <trkpt lat="42.2888500" lon="8.8862290" />
      <trkpt lat="42.2888260" lon="8.8861420" />
      <trkpt lat="42.2888770" lon="8.8858930" />
      <trkpt lat="42.2889430" lon="8.8857490" />
      <trkpt lat="42.2890410" lon="8.8856400" />
      <trkpt lat="42.2891610" lon="8.8855210" />
      <trkpt lat="42.2892000" lon="8.8854790" />
      <trkpt lat="42.2891860" lon="8.8854480" />
      <trkpt lat="42.2891850" lon="8.8854380" />
      <trkpt lat="42.2891860" lon="8.8854270" />
      <trkpt lat="42.2891910" lon="8.8854320" />
      <trkpt lat="42.2892010" lon="8.8854420" />
      <trkpt lat="42.2892020" lon="8.8854290" />
      <trkpt lat="42.2891980" lon="8.8854130" />
      <trkpt lat="42.2891980" lon="8.8853930" />
      <trkpt lat="42.2891870" lon="8.8853950" />
      <trkpt lat="42.2891560" lon="8.8854280" />
      <trkpt lat="42.2891560" lon="8.8854280" />
      <trkpt lat="42.2891600" lon="8.8854070" />
      <trkpt lat="42.2891860" lon="8.8853790" />
      <trkpt lat="42.2891990" lon="8.8853960" />
      <trkpt lat="42.2891880" lon="8.8854040" />
      <trkpt lat="42.2891880" lon="8.8854040" />
      <trkpt lat="42.2891900" lon="8.8854150" />
      <trkpt lat="42.2892080" lon="8.8854710" />
      <trkpt lat="42.2892080" lon="8.8854710" />
      <trkpt lat="42.2892080" lon="8.8854710" />
      <trkpt lat="42.2892040" lon="8.8854720" />
      <trkpt lat="42.2892040" lon="8.8854720" />
      <trkpt lat="42.2891700" lon="8.8854820" />
      <trkpt lat="42.2891700" lon="8.8854820" />
      <trkpt lat="42.2891700" lon="8.8854820" />
      <trkpt lat="42.2891700" lon="8.8854820" />
      <trkpt lat="42.2891700" lon="8.8854820" />
      <trkpt lat="42.2891700" lon="8.8854820" />
      <trkpt lat="42.2891870" lon="8.8854840" />
      <trkpt lat="42.2891870" lon="8.8854840" />
      <trkpt lat="42.2891870" lon="8.8854840" />
      <trkpt lat="42.2891870" lon="8.8854840" />
      <trkpt lat="42.2891870" lon="8.8854840" />
      <trkpt lat="42.2892280" lon="8.8854150" />
      <trkpt lat="42.2893450" lon="8.8851550" />
      <trkpt lat="42.2894580" lon="8.8849000" />
      <trkpt lat="42.2895080" lon="8.8847750" />
      <trkpt lat="42.2897220" lon="8.8845280" />
      <trkpt lat="42.2899120" lon="8.8842550" />
      <trkpt lat="42.2900750" lon="8.8840110" />
      <trkpt lat="42.2901990" lon="8.8837670" />
      <trkpt lat="42.2902910" lon="8.8835030" />
      <trkpt lat="42.2903500" lon="8.8832020" />
      <trkpt lat="42.2903880" lon="8.8828660" />
      <trkpt lat="42.2905150" lon="8.8826740" />
      <trkpt lat="42.2905900" lon="8.8824760" />
      <trkpt lat="42.2906400" lon="8.8823520" />
      <trkpt lat="42.2907770" lon="8.8822170" />
      <trkpt lat="42.2909550" lon="8.8821510" />
      <trkpt lat="42.2910950" lon="8.8821800" />
      <trkpt lat="42.2912020" lon="8.8823660" />
      <trkpt lat="42.2913950" lon="8.8824070" />
      <trkpt lat="42.2914850" lon="8.8824610" />
      <trkpt lat="42.2916620" lon="8.8826730" />
      <trkpt lat="42.2917780" lon="8.8827570" />
      <trkpt lat="42.2918680" lon="8.8826230" />
      <trkpt lat="42.2920890" lon="8.8825700" />
      <trkpt lat="42.2922640" lon="8.8824960" />
      <trkpt lat="42.2924170" lon="8.8823810" />
      <trkpt lat="42.2926200" lon="8.8823600" />
      <trkpt lat="42.2928040" lon="8.8823890" />
      <trkpt lat="42.2928040" lon="8.8823890" />
      <trkpt lat="42.2928040" lon="8.8823890" />
      <trkpt lat="42.2928040" lon="8.8823890" />
      <trkpt lat="42.2928050" lon="8.8823770" />
      <trkpt lat="42.2928050" lon="8.8823770" />
      <trkpt lat="42.2928050" lon="8.8823770" />
      <trkpt lat="42.2928110" lon="8.8823810" />
      <trkpt lat="42.2928110" lon="8.8823810" />
      <trkpt lat="42.2928110" lon="8.8823810" />
      <trkpt lat="42.2928110" lon="8.8823810" />
      <trkpt lat="42.2928110" lon="8.8823810" />
      <trkpt lat="42.2928110" lon="8.8823810" />
      <trkpt lat="42.2928110" lon="8.8823810" />
      <trkpt lat="42.2928250" lon="8.8823850" />
      <trkpt lat="42.2928250" lon="8.8823850" />
      <trkpt lat="42.2928250" lon="8.8823850" />
      <trkpt lat="42.2928250" lon="8.8823850" />
      <trkpt lat="42.2928250" lon="8.8823850" />
      <trkpt lat="42.2928250" lon="8.8823850" />
      <trkpt lat="42.2928250" lon="8.8823850" />
      <trkpt lat="42.2928250" lon="8.8823850" />
      <trkpt lat="42.2928250" lon="8.8823850" />
      <trkpt lat="42.2928250" lon="8.8823850" />
      <trkpt lat="42.2928430" lon="8.8823500" />
      <trkpt lat="42.2929690" lon="8.8822580" />
      <trkpt lat="42.2932220" lon="8.8822230" />
      <trkpt lat="42.2933870" lon="8.8822690" />
      <trkpt lat="42.2935720" lon="8.8823700" />
      <trkpt lat="42.2938200" lon="8.8822770" />
      <trkpt lat="42.2940010" lon="8.8822010" />
      <trkpt lat="42.2941110" lon="8.8821150" />
      <trkpt lat="42.2942340" lon="8.8820520" />
      <trkpt lat="42.2943840" lon="8.8819850" />
      <trkpt lat="42.2944410" lon="8.8819270" />
      <trkpt lat="42.2945400" lon="8.8818030" />
      <trkpt lat="42.2947500" lon="8.8817830" />
      <trkpt lat="42.2948900" lon="8.8818380" />
      <trkpt lat="42.2949950" lon="8.8819130" />
      <trkpt lat="42.2951200" lon="8.8820990" />
      <trkpt lat="42.2952580" lon="8.8822420" />
      <trkpt lat="42.2953640" lon="8.8823020" />
      <trkpt lat="42.2955420" lon="8.8824220" />
      <trkpt lat="42.2957170" lon="8.8825270" />
      <trkpt lat="42.2957970" lon="8.8825430" />
      <trkpt lat="42.2960210" lon="8.8825290" />
      <trkpt lat="42.2961680" lon="8.8823690" />
      <trkpt lat="42.2963010" lon="8.8822340" />
      <trkpt lat="42.2964110" lon="8.8820900" />
      <trkpt lat="42.2965930" lon="8.8819580" />
      <trkpt lat="42.2967320" lon="8.8817640" />
      <trkpt lat="42.2969480" lon="8.8815710" />
      <trkpt lat="42.2970570" lon="8.8813900" />
      <trkpt lat="42.2970930" lon="8.8812040" />
      <trkpt lat="42.2971120" lon="8.8808760" />
      <trkpt lat="42.2971240" lon="8.8807300" />
      <trkpt lat="42.2970980" lon="8.8805540" />
      <trkpt lat="42.2972350" lon="8.8804840" />
      <trkpt lat="42.2974120" lon="8.8805060" />
      <trkpt lat="42.2975040" lon="8.8804200" />
      <trkpt lat="42.2976590" lon="8.8804090" />
      <trkpt lat="42.2978030" lon="8.8805180" />
      <trkpt lat="42.2979200" lon="8.8806900" />
      <trkpt lat="42.2980920" lon="8.8806440" />
      <trkpt lat="42.2981790" lon="8.8806700" />
      <trkpt lat="42.2983570" lon="8.8807160" />
      <trkpt lat="42.2985260" lon="8.8808620" />
      <trkpt lat="42.2986950" lon="8.8810090" />
      <trkpt lat="42.2988240" lon="8.8811500" />
      <trkpt lat="42.2989390" lon="8.8811550" />
      <trkpt lat="42.2991040" lon="8.8812150" />
      <trkpt lat="42.2992420" lon="8.8813360" />
      <trkpt lat="42.2993460" lon="8.8814760" />
      <trkpt lat="42.2994910" lon="8.8815120" />
      <trkpt lat="42.2995770" lon="8.8816120" />
      <trkpt lat="42.2996680" lon="8.8817560" />
      <trkpt lat="42.2998200" lon="8.8819290" />
      <trkpt lat="42.2999070" lon="8.8820250" />
      <trkpt lat="42.3000310" lon="8.8822160" />
      <trkpt lat="42.3001180" lon="8.8823820" />
      <trkpt lat="42.3001670" lon="8.8822680" />
      <trkpt lat="42.3002390" lon="8.8820190" />
      <trkpt lat="42.3003130" lon="8.8817490" />
      <trkpt lat="42.3004580" lon="8.8815300" />
      <trkpt lat="42.3005570" lon="8.8812770" />
      <trkpt lat="42.3006760" lon="8.8810230" />
      <trkpt lat="42.3008210" lon="8.8808380" />
      <trkpt lat="42.3009210" lon="8.8806350" />
      <trkpt lat="42.3009900" lon="8.8804080" />
      <trkpt lat="42.3010660" lon="8.8802310" />
      <trkpt lat="42.3011950" lon="8.8800630" />
      <trkpt lat="42.3013100" lon="8.8798720" />
      <trkpt lat="42.3014370" lon="8.8796510" />
      <trkpt lat="42.3015530" lon="8.8794130" />
      <trkpt lat="42.3016460" lon="8.8792290" />
      <trkpt lat="42.3017310" lon="8.8789420" />
      <trkpt lat="42.3018220" lon="8.8787410" />
      <trkpt lat="42.3018630" lon="8.8784220" />
      <trkpt lat="42.3018820" lon="8.8783930" />
      <trkpt lat="42.3019110" lon="8.8782700" />
      <trkpt lat="42.3018680" lon="8.8779640" />
      <trkpt lat="42.3020110" lon="8.8778270" />
      <trkpt lat="42.3021530" lon="8.8776750" />
      <trkpt lat="42.3022260" lon="8.8774470" />
      <trkpt lat="42.3023260" lon="8.8772620" />
      <trkpt lat="42.3024210" lon="8.8771160" />
      <trkpt lat="42.3026110" lon="8.8769970" />
      <trkpt lat="42.3026990" lon="8.8769620" />
      <trkpt lat="42.3027920" lon="8.8768480" />
      <trkpt lat="42.3029080" lon="8.8767030" />
      <trkpt lat="42.3029430" lon="8.8766700" />
      <trkpt lat="42.3030250" lon="8.8764760" />
      <trkpt lat="42.3030620" lon="8.8762070" />
      <trkpt lat="42.3031550" lon="8.8760390" />
      <trkpt lat="42.3031330" lon="8.8759810" />
      <trkpt lat="42.3030910" lon="8.8758680" />
      <trkpt lat="42.3030380" lon="8.8757370" />
      <trkpt lat="42.3030020" lon="8.8755920" />
      <trkpt lat="42.3030060" lon="8.8755050" />
      <trkpt lat="42.3031080" lon="8.8753600" />
      <trkpt lat="42.3032040" lon="8.8753040" />
      <trkpt lat="42.3033370" lon="8.8751280" />
      <trkpt lat="42.3033920" lon="8.8749510" />
      <trkpt lat="42.3035250" lon="8.8749780" />
      <trkpt lat="42.3035390" lon="8.8750470" />
      <trkpt lat="42.3036820" lon="8.8752340" />
      <trkpt lat="42.3036920" lon="8.8754330" />
      <trkpt lat="42.3036670" lon="8.8754240" />
      <trkpt lat="42.3036670" lon="8.8754240" />
      <trkpt lat="42.3036820" lon="8.8754170" />
      <trkpt lat="42.3036820" lon="8.8754170" />
      <trkpt lat="42.3036820" lon="8.8754170" />
      <trkpt lat="42.3036820" lon="8.8754170" />
      <trkpt lat="42.3036870" lon="8.8754110" />
      <trkpt lat="42.3036860" lon="8.8754070" />
      <trkpt lat="42.3036860" lon="8.8754070" />
      <trkpt lat="42.3036860" lon="8.8754070" />
      <trkpt lat="42.3036830" lon="8.8754150" />
      <trkpt lat="42.3036830" lon="8.8754150" />
      <trkpt lat="42.3036870" lon="8.8754090" />
      <trkpt lat="42.3036870" lon="8.8754090" />
      <trkpt lat="42.3036870" lon="8.8754090" />
      <trkpt lat="42.3036840" lon="8.8754160" />
      <trkpt lat="42.3036840" lon="8.8754160" />
      <trkpt lat="42.3036840" lon="8.8754160" />
      <trkpt lat="42.3036840" lon="8.8754160" />
      <trkpt lat="42.3036840" lon="8.8754160" />
      <trkpt lat="42.3036840" lon="8.8754160" />
      <trkpt lat="42.3036890" lon="8.8754080" />
      <trkpt lat="42.3038330" lon="8.8754720" />
      <trkpt lat="42.3038600" lon="8.8754970" />
      <trkpt lat="42.3038410" lon="8.8755090" />
      <trkpt lat="42.3038410" lon="8.8755090" />
      <trkpt lat="42.3038460" lon="8.8755220" />
      <trkpt lat="42.3038710" lon="8.8755710" />
      <trkpt lat="42.3038870" lon="8.8755640" />
      <trkpt lat="42.3038850" lon="8.8755490" />
      <trkpt lat="42.3038850" lon="8.8755490" />
      <trkpt lat="42.3038710" lon="8.8755600" />
      <trkpt lat="42.3038860" lon="8.8755470" />
      <trkpt lat="42.3039180" lon="8.8755260" />
      <trkpt lat="42.3039410" lon="8.8755250" />
      <trkpt lat="42.3039410" lon="8.8755250" />
      <trkpt lat="42.3039540" lon="8.8755280" />
      <trkpt lat="42.3039740" lon="8.8755650" />
      <trkpt lat="42.3039440" lon="8.8755530" />
      <trkpt lat="42.3039440" lon="8.8755530" />
      <trkpt lat="42.3039300" lon="8.8755470" />
      <trkpt lat="42.3039300" lon="8.8755470" />
      <trkpt lat="42.3038830" lon="8.8755390" />
      <trkpt lat="42.3038770" lon="8.8755390" />
      <trkpt lat="42.3038740" lon="8.8755360" />
      <trkpt lat="42.3038740" lon="8.8755360" />
      <trkpt lat="42.3038780" lon="8.8755240" />
      <trkpt lat="42.3038780" lon="8.8755240" />
      <trkpt lat="42.3038770" lon="8.8755260" />
      <trkpt lat="42.3038610" lon="8.8755700" />
      <trkpt lat="42.3038680" lon="8.8755720" />
      <trkpt lat="42.3038490" lon="8.8755350" />
      <trkpt lat="42.3038510" lon="8.8755270" />
      <trkpt lat="42.3038890" lon="8.8755380" />
      <trkpt lat="42.3038800" lon="8.8755460" />
      <trkpt lat="42.3038840" lon="8.8755420" />
      <trkpt lat="42.3039180" lon="8.8755570" />
      <trkpt lat="42.3039530" lon="8.8755580" />
      <trkpt lat="42.3040230" lon="8.8755350" />
      <trkpt lat="42.3043970" lon="8.8753510" />
      <trkpt lat="42.3047700" lon="8.8751670" />
      <trkpt lat="42.3051440" lon="8.8749830" />
      <trkpt lat="42.3055170" lon="8.8748000" />
      <trkpt lat="42.3058910" lon="8.8746160" />
      <trkpt lat="42.3062650" lon="8.8744320" />
      <trkpt lat="42.3066380" lon="8.8742480" />
      <trkpt lat="42.3099960" lon="8.8726420" />
      <trkpt lat="42.3099890" lon="8.8726220" />
      <trkpt lat="42.3100360" lon="8.8726230" />
      <trkpt lat="42.3100280" lon="8.8726260" />
      <trkpt lat="42.3100120" lon="8.8726420" />
      <trkpt lat="42.3100120" lon="8.8726420" />
      <trkpt lat="42.3100120" lon="8.8726420" />
      <trkpt lat="42.3099830" lon="8.8726560" />
      <trkpt lat="42.3099830" lon="8.8726560" />
      <trkpt lat="42.3099830" lon="8.8726560" />
      <trkpt lat="42.3099830" lon="8.8726560" />
      <trkpt lat="42.3099830" lon="8.8726560" />
      <trkpt lat="42.3099830" lon="8.8726560" />
      <trkpt lat="42.3099830" lon="8.8726560" />
      <trkpt lat="42.3099830" lon="8.8726560" />
      <trkpt lat="42.3099830" lon="8.8726560" />
      <trkpt lat="42.3099800" lon="8.8726700" />
      <trkpt lat="42.3099800" lon="8.8726700" />
      <trkpt lat="42.3099800" lon="8.8726700" />
      <trkpt lat="42.3099800" lon="8.8726700" />
      <trkpt lat="42.3099800" lon="8.8726700" />
      <trkpt lat="42.3099800" lon="8.8726700" />
      <trkpt lat="42.3099800" lon="8.8726700" />
      <trkpt lat="42.3099800" lon="8.8726700" />
      <trkpt lat="42.3099800" lon="8.8726700" />
      <trkpt lat="42.3099800" lon="8.8726700" />
      <trkpt lat="42.3099800" lon="8.8726700" />
      <trkpt lat="42.3099740" lon="8.8726630" />
      <trkpt lat="42.3099740" lon="8.8726630" />
      <trkpt lat="42.3099740" lon="8.8726630" />
      <trkpt lat="42.3099740" lon="8.8726630" />
      <trkpt lat="42.3099740" lon="8.8726630" />
      <trkpt lat="42.3099740" lon="8.8726630" />
      <trkpt lat="42.3099740" lon="8.8726630" />
      <trkpt lat="42.3099740" lon="8.8726630" />
      <trkpt lat="42.3099740" lon="8.8726630" />
      <trkpt lat="42.3099740" lon="8.8726630" />
      <trkpt lat="42.3099740" lon="8.8726630" />
      <trkpt lat="42.3099740" lon="8.8726630" />
      <trkpt lat="42.3099740" lon="8.8726630" />
      <trkpt lat="42.3099740" lon="8.8726630" />
      <trkpt lat="42.3099740" lon="8.8726630" />
      <trkpt lat="42.3099740" lon="8.8726630" />
      <trkpt lat="42.3099740" lon="8.8726630" />
      <trkpt lat="42.3099740" lon="8.8726630" />
      <trkpt lat="42.3099740" lon="8.8726630" />
      <trkpt lat="42.3099740" lon="8.8726630" />
      <trkpt lat="42.3099740" lon="8.8726630" />
      <trkpt lat="42.3099740" lon="8.8726630" />
      <trkpt lat="42.3099910" lon="8.8726500" />
      <trkpt lat="42.3099910" lon="8.8726500" />
      <trkpt lat="42.3099910" lon="8.8726500" />
      <trkpt lat="42.3099670" lon="8.8726520" />
      <trkpt lat="42.3099840" lon="8.8726440" />
      <trkpt lat="42.3099960" lon="8.8726600" />
      <trkpt lat="42.3099900" lon="8.8726590" />
      <trkpt lat="42.3099900" lon="8.8726590" />
      <trkpt lat="42.3099900" lon="8.8726590" />
      <trkpt lat="42.3099900" lon="8.8726590" />
      <trkpt lat="42.3099900" lon="8.8726590" />
      <trkpt lat="42.3099900" lon="8.8726590" />
      <trkpt lat="42.3099810" lon="8.8726440" />
      <trkpt lat="42.3099720" lon="8.8726410" />
      <trkpt lat="42.3099720" lon="8.8726410" />
      <trkpt lat="42.3099720" lon="8.8726410" />
      <trkpt lat="42.3099720" lon="8.8726380" />
      <trkpt lat="42.3099720" lon="8.8726380" />
      <trkpt lat="42.3099720" lon="8.8726380" />
      <trkpt lat="42.3099720" lon="8.8726380" />
      <trkpt lat="42.3099800" lon="8.8726650" />
      <trkpt lat="42.3099860" lon="8.8726630" />
      <trkpt lat="42.3099860" lon="8.8726630" />
      <trkpt lat="42.3099860" lon="8.8726630" />
      <trkpt lat="42.3099860" lon="8.8726630" />
      <trkpt lat="42.3099860" lon="8.8726630" />
      <trkpt lat="42.3100890" lon="8.8725350" />
      <trkpt lat="42.3101210" lon="8.8725010" />
      <trkpt lat="42.3102020" lon="8.8723970" />
      <trkpt lat="42.3102010" lon="8.8723760" />
      <trkpt lat="42.3102040" lon="8.8723510" />
      <trkpt lat="42.3102040" lon="8.8723510" />
      <trkpt lat="42.3102040" lon="8.8723510" />
      <trkpt lat="42.3102040" lon="8.8723510" />
      <trkpt lat="42.3102040" lon="8.8723510" />
      <trkpt lat="42.3102040" lon="8.8723510" />
      <trkpt lat="42.3102040" lon="8.8723510" />
      <trkpt lat="42.3102040" lon="8.8723510" />
      <trkpt lat="42.3102010" lon="8.8723810" />
      <trkpt lat="42.3101440" lon="8.8725150" />
      <trkpt lat="42.3100800" lon="8.8725670" />
      <trkpt lat="42.3100460" lon="8.8726320" />
      <trkpt lat="42.3100460" lon="8.8726320" />
      <trkpt lat="42.3100460" lon="8.8726320" />
      <trkpt lat="42.3100460" lon="8.8726320" />
      <trkpt lat="42.3100460" lon="8.8726320" />
      <trkpt lat="42.3100340" lon="8.8726260" />
      <trkpt lat="42.3100340" lon="8.8726260" />
      <trkpt lat="42.3099760" lon="8.8725810" />
      <trkpt lat="42.3098880" lon="8.8724380" />
      <trkpt lat="42.3097410" lon="8.8723420" />
      <trkpt lat="42.3096530" lon="8.8722440" />
      <trkpt lat="42.3095590" lon="8.8721540" />
      <trkpt lat="42.3094980" lon="8.8718860" />
      <trkpt lat="42.3094890" lon="8.8715800" />
      <trkpt lat="42.3096010" lon="8.8713160" />
      <trkpt lat="42.3097430" lon="8.8710530" />
      <trkpt lat="42.3098700" lon="8.8709230" />
      <trkpt lat="42.3099940" lon="8.8706800" />
      <trkpt lat="42.3101770" lon="8.8704760" />
      <trkpt lat="42.3104080" lon="8.8702930" />
      <trkpt lat="42.3106480" lon="8.8701740" />
      <trkpt lat="42.3108770" lon="8.8700610" />
      <trkpt lat="42.3110960" lon="8.8700500" />
      <trkpt lat="42.3112110" lon="8.8699320" />
      <trkpt lat="42.3112840" lon="8.8697220" />
      <trkpt lat="42.3114080" lon="8.8694930" />
      <trkpt lat="42.3115480" lon="8.8692730" />
      <trkpt lat="42.3117360" lon="8.8691100" />
      <trkpt lat="42.3118490" lon="8.8690210" />
      <trkpt lat="42.3119790" lon="8.8688600" />
      <trkpt lat="42.3122100" lon="8.8686990" />
      <trkpt lat="42.3124530" lon="8.8685630" />
      <trkpt lat="42.3127720" lon="8.8683830" />
      <trkpt lat="42.3130920" lon="8.8682370" />
      <trkpt lat="42.3134620" lon="8.8681050" />
      <trkpt lat="42.3137890" lon="8.8680540" />
      <trkpt lat="42.3140780" lon="8.8680390" />
      <trkpt lat="42.3143670" lon="8.8680260" />
      <trkpt lat="42.3146080" lon="8.8680060" />
      <trkpt lat="42.3148270" lon="8.8679600" />
      <trkpt lat="42.3150990" lon="8.8679670" />
      <trkpt lat="42.3152610" lon="8.8679510" />
      <trkpt lat="42.3152610" lon="8.8679510" />
      <trkpt lat="42.3152500" lon="8.8679480" />
      <trkpt lat="42.3153230" lon="8.8679030" />
      <trkpt lat="42.3156550" lon="8.8678500" />
      <trkpt lat="42.3159810" lon="8.8678740" />
      <trkpt lat="42.3162400" lon="8.8680290" />
      <trkpt lat="42.3164740" lon="8.8681200" />
      <trkpt lat="42.3166930" lon="8.8681470" />
      <trkpt lat="42.3169090" lon="8.8681670" />
      <trkpt lat="42.3171360" lon="8.8681350" />
      <trkpt lat="42.3174030" lon="8.8681350" />
      <trkpt lat="42.3176630" lon="8.8681430" />
      <trkpt lat="42.3177920" lon="8.8681530" />
      <trkpt lat="42.3178330" lon="8.8681760" />
      <trkpt lat="42.3179290" lon="8.8682310" />
      <trkpt lat="42.3181160" lon="8.8682980" />
      <trkpt lat="42.3183780" lon="8.8684890" />
      <trkpt lat="42.3185140" lon="8.8687280" />
      <trkpt lat="42.3186820" lon="8.8689680" />
      <trkpt lat="42.3189100" lon="8.8691430" />
      <trkpt lat="42.3192070" lon="8.8692830" />
      <trkpt lat="42.3194670" lon="8.8693880" />
      <trkpt lat="42.3197780" lon="8.8694140" />
      <trkpt lat="42.3200830" lon="8.8694140" />
      <trkpt lat="42.3203460" lon="8.8694040" />
      <trkpt lat="42.3206150" lon="8.8693710" />
      <trkpt lat="42.3208990" lon="8.8693320" />
      <trkpt lat="42.3211150" lon="8.8692870" />
      <trkpt lat="42.3213220" lon="8.8692320" />
      <trkpt lat="42.3215890" lon="8.8691540" />
      <trkpt lat="42.3217600" lon="8.8691130" />
      <trkpt lat="42.3219600" lon="8.8690290" />
      <trkpt lat="42.3221340" lon="8.8689430" />
      <trkpt lat="42.3223360" lon="8.8688710" />
      <trkpt lat="42.3225470" lon="8.8688380" />
      <trkpt lat="42.3227450" lon="8.8687560" />
      <trkpt lat="42.3229870" lon="8.8686140" />
      <trkpt lat="42.3231700" lon="8.8685240" />
      <trkpt lat="42.3234030" lon="8.8683520" />
      <trkpt lat="42.3236030" lon="8.8682260" />
      <trkpt lat="42.3238550" lon="8.8680500" />
      <trkpt lat="42.3241090" lon="8.8678500" />
      <trkpt lat="42.3243360" lon="8.8676470" />
      <trkpt lat="42.3245960" lon="8.8674570" />
      <trkpt lat="42.3248760" lon="8.8673070" />
      <trkpt lat="42.3251930" lon="8.8671630" />
      <trkpt lat="42.3254510" lon="8.8670680" />
      <trkpt lat="42.3257510" lon="8.8669030" />
      <trkpt lat="42.3260070" lon="8.8668510" />
      <trkpt lat="42.3261720" lon="8.8668210" />
      <trkpt lat="42.3263690" lon="8.8667450" />
      <trkpt lat="42.3263910" lon="8.8665140" />
      <trkpt lat="42.3265530" lon="8.8664540" />
      <trkpt lat="42.3265130" lon="8.8662400" />
      <trkpt lat="42.3265700" lon="8.8660720" />
      <trkpt lat="42.3267970" lon="8.8662470" />
      <trkpt lat="42.3270460" lon="8.8663710" />
      <trkpt lat="42.3270390" lon="8.8666230" />
      <trkpt lat="42.3271690" lon="8.8667360" />
      <trkpt lat="42.3272830" lon="8.8666640" />
      <trkpt lat="42.3273840" lon="8.8666170" />
      <trkpt lat="42.3275960" lon="8.8666850" />
      <trkpt lat="42.3276880" lon="8.8665950" />
      <trkpt lat="42.3278110" lon="8.8666020" />
      <trkpt lat="42.3279410" lon="8.8666000" />
      <trkpt lat="42.3279410" lon="8.8666000" />
      <trkpt lat="42.3279410" lon="8.8666000" />
      <trkpt lat="42.3279400" lon="8.8665940" />
      <trkpt lat="42.3279400" lon="8.8665940" />
      <trkpt lat="42.3279400" lon="8.8665940" />
      <trkpt lat="42.3279400" lon="8.8665940" />
      <trkpt lat="42.3279400" lon="8.8665940" />
      <trkpt lat="42.3279400" lon="8.8665940" />
      <trkpt lat="42.3279400" lon="8.8665940" />
      <trkpt lat="42.3279400" lon="8.8665940" />
      <trkpt lat="42.3279400" lon="8.8665940" />
      <trkpt lat="42.3279400" lon="8.8665940" />
      <trkpt lat="42.3279400" lon="8.8665940" />
      <trkpt lat="42.3279400" lon="8.8665940" />
      <trkpt lat="42.3279400" lon="8.8665940" />
      <trkpt lat="42.3279350" lon="8.8666020" />
      <trkpt lat="42.3279350" lon="8.8666020" />
      <trkpt lat="42.3279350" lon="8.8666020" />
      <trkpt lat="42.3279350" lon="8.8666020" />
      <trkpt lat="42.3279350" lon="8.8666020" />
      <trkpt lat="42.3279350" lon="8.8666020" />
      <trkpt lat="42.3279350" lon="8.8666020" />
      <trkpt lat="42.3279350" lon="8.8666020" />
      <trkpt lat="42.3279350" lon="8.8666020" />
      <trkpt lat="42.3279350" lon="8.8666020" />
      <trkpt lat="42.3279350" lon="8.8666020" />
      <trkpt lat="42.3279350" lon="8.8666020" />
      <trkpt lat="42.3279350" lon="8.8666020" />
      <trkpt lat="42.3279290" lon="8.8665970" />
      <trkpt lat="42.3279290" lon="8.8665970" />
      <trkpt lat="42.3279290" lon="8.8665970" />
      <trkpt lat="42.3279290" lon="8.8665970" />
      <trkpt lat="42.3279290" lon="8.8665970" />
      <trkpt lat="42.3279290" lon="8.8665970" />
      <trkpt lat="42.3279290" lon="8.8665970" />
      <trkpt lat="42.3279290" lon="8.8665970" />
      <trkpt lat="42.3279290" lon="8.8665970" />
      <trkpt lat="42.3279760" lon="8.8665870" />
      <trkpt lat="42.3281930" lon="8.8665530" />
      <trkpt lat="42.3283680" lon="8.8665730" />
      <trkpt lat="42.3285470" lon="8.8666860" />
      <trkpt lat="42.3287750" lon="8.8667700" />
      <trkpt lat="42.3289570" lon="8.8668290" />
      <trkpt lat="42.3291570" lon="8.8668530" />
      <trkpt lat="42.3293540" lon="8.8668920" />
      <trkpt lat="42.3295220" lon="8.8669560" />
      <trkpt lat="42.3296690" lon="8.8670220" />
      <trkpt lat="42.3298150" lon="8.8670760" />
      <trkpt lat="42.3299990" lon="8.8671060" />
      <trkpt lat="42.3301680" lon="8.8671650" />
      <trkpt lat="42.3302720" lon="8.8673370" />
      <trkpt lat="42.3304430" lon="8.8674910" />
      <trkpt lat="42.3306360" lon="8.8675100" />
      <trkpt lat="42.3308070" lon="8.8675450" />
      <trkpt lat="42.3309690" lon="8.8675590" />
      <trkpt lat="42.3309390" lon="8.8674390" />
      <trkpt lat="42.3308880" lon="8.8672430" />
      <trkpt lat="42.3311060" lon="8.8673110" />
      <trkpt lat="42.3310550" lon="8.8671720" />
      <trkpt lat="42.3309810" lon="8.8669170" />
      <trkpt lat="42.3309490" lon="8.8667110" />
      <trkpt lat="42.3311420" lon="8.8666210" />
      <trkpt lat="42.3313110" lon="8.8665850" />
      <trkpt lat="42.3314960" lon="8.8665950" />
      <trkpt lat="42.3316230" lon="8.8666670" />
      <trkpt lat="42.3316430" lon="8.8666420" />
      <trkpt lat="42.3318700" lon="8.8666880" />
      <trkpt lat="42.3320730" lon="8.8667890" />
      <trkpt lat="42.3322550" lon="8.8668950" />
      <trkpt lat="42.3324980" lon="8.8669790" />
      <trkpt lat="42.3327680" lon="8.8670720" />
      <trkpt lat="42.3329590" lon="8.8672510" />
      <trkpt lat="42.3330760" lon="8.8674650" />
      <trkpt lat="42.3331770" lon="8.8676740" />
      <trkpt lat="42.3332840" lon="8.8678840" />
      <trkpt lat="42.3334110" lon="8.8680550" />
      <trkpt lat="42.3335580" lon="8.8682150" />
      <trkpt lat="42.3335580" lon="8.8679860" />
      <trkpt lat="42.3335580" lon="8.8679860" />
      <trkpt lat="42.3336640" lon="8.8679830" />
      <trkpt lat="42.3338550" lon="8.8681350" />
      <trkpt lat="42.3340460" lon="8.8682640" />
      <trkpt lat="42.3340670" lon="8.8681890" />
      <trkpt lat="42.3340450" lon="8.8679390" />
      <trkpt lat="42.3340560" lon="8.8677370" />
      <trkpt lat="42.3341870" lon="8.8678810" />
      <trkpt lat="42.3342660" lon="8.8680400" />
      <trkpt lat="42.3342810" lon="8.8678450" />
      <trkpt lat="42.3343750" lon="8.8678910" />
      <trkpt lat="42.3344710" lon="8.8680950" />
      <trkpt lat="42.3345930" lon="8.8682560" />
      <trkpt lat="42.3346490" lon="8.8683080" />
      <trkpt lat="42.3346680" lon="8.8683000" />
      <trkpt lat="42.3347290" lon="8.8681320" />
      <trkpt lat="42.3347490" lon="8.8680140" />
      <trkpt lat="42.3347620" lon="8.8677280" />
      <trkpt lat="42.3348760" lon="8.8677740" />
      <trkpt lat="42.3349760" lon="8.8678840" />
      <trkpt lat="42.3351030" lon="8.8680330" />
      <trkpt lat="42.3351030" lon="8.8680330" />
      <trkpt lat="42.3353840" lon="8.8682760" />
      <trkpt lat="42.3352840" lon="8.8683230" />
      <trkpt lat="42.3352530" lon="8.8683010" />
      <trkpt lat="42.3352230" lon="8.8682790" />
      <trkpt lat="42.3351930" lon="8.8682580" />
      <trkpt lat="42.3351620" lon="8.8682360" />
      <trkpt lat="42.3351320" lon="8.8682150" />
      <trkpt lat="42.3351020" lon="8.8681930" />
      <trkpt lat="42.3350710" lon="8.8681710" />
      <trkpt lat="42.3350410" lon="8.8681500" />
      <trkpt lat="42.3350110" lon="8.8681280" />
      <trkpt lat="42.3349800" lon="8.8681070" />
      <trkpt lat="42.3350070" lon="8.8680730" />
      <trkpt lat="42.3351370" lon="8.8682900" />
      <trkpt lat="42.3352440" lon="8.8684050" />
      <trkpt lat="42.3352800" lon="8.8686540" />
      <trkpt lat="42.3353030" lon="8.8688070" />
      <trkpt lat="42.3353030" lon="8.8688070" />
      <trkpt lat="42.3353060" lon="8.8687990" />
      <trkpt lat="42.3353130" lon="8.8688000" />
      <trkpt lat="42.3353520" lon="8.8691600" />
      <trkpt lat="42.3353870" lon="8.8694590" />
      <trkpt lat="42.3353850" lon="8.8695120" />
      <trkpt lat="42.3354090" lon="8.8695890" />
      <trkpt lat="42.3354770" lon="8.8698790" />
      <trkpt lat="42.3354570" lon="8.8701510" />
      <trkpt lat="42.3354220" lon="8.8704130" />
      <trkpt lat="42.3353620" lon="8.8706640" />
      <trkpt lat="42.3352950" lon="8.8708860" />
      <trkpt lat="42.3352340" lon="8.8710370" />
      <trkpt lat="42.3351640" lon="8.8712580" />
      <trkpt lat="42.3351210" lon="8.8715150" />
      <trkpt lat="42.3351700" lon="8.8715330" />
      <trkpt lat="42.3353370" lon="8.8714400" />
      <trkpt lat="42.3352460" lon="8.8716700" />
      <trkpt lat="42.3351540" lon="8.8718880" />
      <trkpt lat="42.3351520" lon="8.8718800" />
      <trkpt lat="42.3351460" lon="8.8719370" />
      <trkpt lat="42.3351270" lon="8.8722750" />
      <trkpt lat="42.3350860" lon="8.8726030" />
      <trkpt lat="42.3350660" lon="8.8729340" />
      <trkpt lat="42.3350160" lon="8.8731050" />
      <trkpt lat="42.3349970" lon="8.8731300" />
      <trkpt lat="42.3349780" lon="8.8731560" />
      <trkpt lat="42.3349590" lon="8.8731810" />
      <trkpt lat="42.3349400" lon="8.8732070" />
      <trkpt lat="42.3349210" lon="8.8732320" />
      <trkpt lat="42.3349020" lon="8.8732580" />
      <trkpt lat="42.3348830" lon="8.8732840" />
      <trkpt lat="42.3348640" lon="8.8733090" />
      <trkpt lat="42.3348460" lon="8.8733350" />
      <trkpt lat="42.3348270" lon="8.8733600" />
      <trkpt lat="42.3348080" lon="8.8733860" />
      <trkpt lat="42.3347890" lon="8.8734110" />
      <trkpt lat="42.3347700" lon="8.8734370" />
      <trkpt lat="42.3347510" lon="8.8734620" />
      <trkpt lat="42.3347320" lon="8.8734880" />
      <trkpt lat="42.3347130" lon="8.8735130" />
      <trkpt lat="42.3346940" lon="8.8735390" />
      <trkpt lat="42.3346760" lon="8.8735640" />
      <trkpt lat="42.3346570" lon="8.8735900" />
      <trkpt lat="42.3346380" lon="8.8736150" />
      <trkpt lat="42.3346190" lon="8.8736410" />
      <trkpt lat="42.3346000" lon="8.8736670" />
      <trkpt lat="42.3345810" lon="8.8736920" />
      <trkpt lat="42.3345620" lon="8.8737180" />
      <trkpt lat="42.3345430" lon="8.8737430" />
      <trkpt lat="42.3340490" lon="8.8750670" />
      <trkpt lat="42.3331460" lon="8.8766120" />
      <trkpt lat="42.3325380" lon="8.8769860" />
      <trkpt lat="42.3325520" lon="8.8769940" />
      <trkpt lat="42.3325660" lon="8.8770010" />
      <trkpt lat="42.3325800" lon="8.8770090" />
      <trkpt lat="42.3324940" lon="8.8772620" />
      <trkpt lat="42.3320800" lon="8.8786540" />
      <trkpt lat="42.3321450" lon="8.8800080" />
      <trkpt lat="42.3320300" lon="8.8802960" />
      <trkpt lat="42.3313510" lon="8.8812170" />
      <trkpt lat="42.3307950" lon="8.8825710" />
      <trkpt lat="42.3308580" lon="8.8831890" />
      <trkpt lat="42.3308230" lon="8.8840600" />
      <trkpt lat="42.3311690" lon="8.8848340" />
      <trkpt lat="42.3312180" lon="8.8850760" />
      <trkpt lat="42.3312140" lon="8.8850800" />
      <trkpt lat="42.3312140" lon="8.8850800" />
      <trkpt lat="42.3312140" lon="8.8850800" />
      <trkpt lat="42.3312140" lon="8.8850800" />
      <trkpt lat="42.3309640" lon="8.8858200" />
      <trkpt lat="42.3308390" lon="8.8865810" />
      <trkpt lat="42.3303380" lon="8.8871770" />
      <trkpt lat="42.3298790" lon="8.8882860" />
      <trkpt lat="42.3303700" lon="8.8881070" />
      <trkpt lat="42.3304460" lon="8.8884990" />
      <trkpt lat="42.3305120" lon="8.8890450" />
      <trkpt lat="42.3306550" lon="8.8892880" />
      <trkpt lat="42.3307990" lon="8.8897560" />
      <trkpt lat="42.3308830" lon="8.8900470" />
      <trkpt lat="42.3313840" lon="8.8912130" />
      <trkpt lat="42.3314410" lon="8.8914270" />
      <trkpt lat="42.3314310" lon="8.8913670" />
      <trkpt lat="42.3314150" lon="8.8913130" />
      <trkpt lat="42.3314150" lon="8.8913130" />
      <trkpt lat="42.3312980" lon="8.8907780" />
      <trkpt lat="42.3312820" lon="8.8907070" />
      <trkpt lat="42.3312670" lon="8.8904050" />
      <trkpt lat="42.3313850" lon="8.8904490" />
      <trkpt lat="42.3314710" lon="8.8903690" />
      <trkpt lat="42.3316050" lon="8.8905030" />
      <trkpt lat="42.3316110" lon="8.8905050" />
      <trkpt lat="42.3316110" lon="8.8905050" />
      <trkpt lat="42.3316110" lon="8.8905050" />
      <trkpt lat="42.3317140" lon="8.8904830" />
      <trkpt lat="42.3316670" lon="8.8902970" />
      <trkpt lat="42.3316870" lon="8.8902170" />
      <trkpt lat="42.3316550" lon="8.8900500" />
      <trkpt lat="42.3316450" lon="8.8900330" />
      <trkpt lat="42.3316320" lon="8.8901260" />
      <trkpt lat="42.3316350" lon="8.8901720" />
      <trkpt lat="42.3316320" lon="8.8903120" />
      <trkpt lat="42.3318840" lon="8.8906940" />
      <trkpt lat="42.3319020" lon="8.8906150" />
      <trkpt lat="42.3318080" lon="8.8900190" />
      <trkpt lat="42.3322360" lon="8.8893760" />
      <trkpt lat="42.3325550" lon="8.8891840" />
      <trkpt lat="42.3326340" lon="8.8890090" />
      <trkpt lat="42.3327600" lon="8.8893170" />
      <trkpt lat="42.3328390" lon="8.8893440" />
      <trkpt lat="42.3333790" lon="8.8901830" />
      <trkpt lat="42.3340590" lon="8.8910160" />
      <trkpt lat="42.3341030" lon="8.8910520" />
      <trkpt lat="42.3339630" lon="8.8912080" />
      <trkpt lat="42.3343530" lon="8.8915940" />
      <trkpt lat="42.3346420" lon="8.8922970" />
      <trkpt lat="42.3346380" lon="8.8922920" />
      <trkpt lat="42.3345910" lon="8.8924390" />
      <trkpt lat="42.3346060" lon="8.8925030" />
      <trkpt lat="42.3346130" lon="8.8925540" />
      <trkpt lat="42.3346330" lon="8.8926850" />
      <trkpt lat="42.3346310" lon="8.8927970" />
      <trkpt lat="42.3345320" lon="8.8929820" />
      <trkpt lat="42.3345190" lon="8.8930840" />
      <trkpt lat="42.3346570" lon="8.8942370" />
      <trkpt lat="42.3348950" lon="8.8941450" />
      <trkpt lat="42.3351020" lon="8.8947110" />
      <trkpt lat="42.3356450" lon="8.8947020" />
      <trkpt lat="42.3357350" lon="8.8948060" />
      <trkpt lat="42.3356980" lon="8.8947030" />
      <trkpt lat="42.3357050" lon="8.8945850" />
      <trkpt lat="42.3357050" lon="8.8945850" />
      <trkpt lat="42.3357050" lon="8.8945850" />
      <trkpt lat="42.3357170" lon="8.8944850" />
      <trkpt lat="42.3357640" lon="8.8944420" />
      <trkpt lat="42.3357830" lon="8.8944210" />
      <trkpt lat="42.3358360" lon="8.8943680" />
      <trkpt lat="42.3359000" lon="8.8943310" />
      <trkpt lat="42.3359780" lon="8.8943720" />
      <trkpt lat="42.3360010" lon="8.8943770" />
      <trkpt lat="42.3360370" lon="8.8942360" />
      <trkpt lat="42.3361720" lon="8.8942560" />
      <trkpt lat="42.3362370" lon="8.8942910" />
      <trkpt lat="42.3362930" lon="8.8943210" />
      <trkpt lat="42.3363000" lon="8.8943260" />
      <trkpt lat="42.3363000" lon="8.8943260" />
      <trkpt lat="42.3362540" lon="8.8943530" />
      <trkpt lat="42.3362310" lon="8.8943550" />
      <trkpt lat="42.3362310" lon="8.8943550" />
      <trkpt lat="42.3362310" lon="8.8943550" />
      <trkpt lat="42.3362310" lon="8.8943550" />
      <trkpt lat="42.3362310" lon="8.8943550" />
      <trkpt lat="42.3362310" lon="8.8943550" />
      <trkpt lat="42.3362310" lon="8.8943550" />
      <trkpt lat="42.3362250" lon="8.8943640" />
      <trkpt lat="42.3362310" lon="8.8943610" />
      <trkpt lat="42.3362310" lon="8.8943610" />
      <trkpt lat="42.3362310" lon="8.8943610" />
      <trkpt lat="42.3362310" lon="8.8943610" />
      <trkpt lat="42.3362240" lon="8.8943400" />
      <trkpt lat="42.3362240" lon="8.8943400" />
      <trkpt lat="42.3362290" lon="8.8943320" />
      <trkpt lat="42.3362220" lon="8.8943360" />
      <trkpt lat="42.3362220" lon="8.8943360" />
      <trkpt lat="42.3362220" lon="8.8943360" />
      <trkpt lat="42.3362220" lon="8.8943360" />
      <trkpt lat="42.3362220" lon="8.8943360" />
      <trkpt lat="42.3362510" lon="8.8943380" />
      <trkpt lat="42.3362510" lon="8.8943380" />
      <trkpt lat="42.3362340" lon="8.8943050" />
      <trkpt lat="42.3362340" lon="8.8943050" />
      <trkpt lat="42.3362340" lon="8.8943050" />
      <trkpt lat="42.3362080" lon="8.8943210" />
      <trkpt lat="42.3362080" lon="8.8943210" />
      <trkpt lat="42.3361530" lon="8.8943570" />
      <trkpt lat="42.3361530" lon="8.8943570" />
      <trkpt lat="42.3361530" lon="8.8943570" />
      <trkpt lat="42.3361530" lon="8.8943570" />
      <trkpt lat="42.3361690" lon="8.8943640" />
      <trkpt lat="42.3361690" lon="8.8943640" />
      <trkpt lat="42.3361850" lon="8.8943580" />
      <trkpt lat="42.3361330" lon="8.8943320" />
      <trkpt lat="42.3361230" lon="8.8943070" />
      <trkpt lat="42.3361630" lon="8.8942910" />
      <trkpt lat="42.3361540" lon="8.8943000" />
      <trkpt lat="42.3361540" lon="8.8943000" />
      <trkpt lat="42.3362550" lon="8.8945040" />
      <trkpt lat="42.3363070" lon="8.8946980" />
      <trkpt lat="42.3362620" lon="8.8949210" />
      <trkpt lat="42.3362600" lon="8.8950630" />
      <trkpt lat="42.3363010" lon="8.8952620" />
      <trkpt lat="42.3362910" lon="8.8955340" />
      <trkpt lat="42.3362730" lon="8.8956340" />
      <trkpt lat="42.3363410" lon="8.8959310" />
      <trkpt lat="42.3363540" lon="8.8963140" />
      <trkpt lat="42.3365300" lon="8.8965760" />
      <trkpt lat="42.3366180" lon="8.8967510" />
      <trkpt lat="42.3367580" lon="8.8970710" />
      <trkpt lat="42.3367930" lon="8.8973070" />
      <trkpt lat="42.3368770" lon="8.8976050" />
      <trkpt lat="42.3369500" lon="8.8977740" />
      <trkpt lat="42.3370020" lon="8.8979310" />
      <trkpt lat="42.3371230" lon="8.8980720" />
      <trkpt lat="42.3372140" lon="8.8982800" />
      <trkpt lat="42.3373620" lon="8.8985840" />
      <trkpt lat="42.3375980" lon="8.8989040" />
      <trkpt lat="42.3376810" lon="8.8991780" />
      <trkpt lat="42.3379070" lon="8.8994840" />
      <trkpt lat="42.3379650" lon="8.8999050" />
      <trkpt lat="42.3381200" lon="8.9002060" />
      <trkpt lat="42.3381160" lon="8.9005800" />
      <trkpt lat="42.3381620" lon="8.9009270" />
      <trkpt lat="42.3382690" lon="8.9012900" />
      <trkpt lat="42.3384460" lon="8.9016130" />
      <trkpt lat="42.3385170" lon="8.9019820" />
      <trkpt lat="42.3387420" lon="8.9022610" />
      <trkpt lat="42.3390650" lon="8.9023620" />
      <trkpt lat="42.3393790" lon="8.9022810" />
      <trkpt lat="42.3397170" lon="8.9021640" />
      <trkpt lat="42.3398450" lon="8.9021000" />
      <trkpt lat="42.3400510" lon="8.9021390" />
      <trkpt lat="42.3403550" lon="8.9020930" />
      <trkpt lat="42.3405380" lon="8.9019410" />
      <trkpt lat="42.3408090" lon="8.9019240" />
      <trkpt lat="42.3408840" lon="8.9019780" />
      <trkpt lat="42.3410310" lon="8.9020280" />
      <trkpt lat="42.3412050" lon="8.9020910" />
      <trkpt lat="42.3413360" lon="8.9020810" />
      <trkpt lat="42.3414210" lon="8.9020640" />
      <trkpt lat="42.3415760" lon="8.9019880" />
      <trkpt lat="42.3417350" lon="8.9018760" />
      <trkpt lat="42.3420060" lon="8.9016590" />
      <trkpt lat="42.3422440" lon="8.9014180" />
      <trkpt lat="42.3424630" lon="8.9010540" />
      <trkpt lat="42.3425710" lon="8.9007600" />
      <trkpt lat="42.3426460" lon="8.9006740" />
      <trkpt lat="42.3427990" lon="8.9005520" />
      <trkpt lat="42.3429580" lon="8.9005500" />
      <trkpt lat="42.3430680" lon="8.9005140" />
      <trkpt lat="42.3431040" lon="8.9005260" />
      <trkpt lat="42.3431330" lon="8.9004640" />
      <trkpt lat="42.3431590" lon="8.9004240" />
      <trkpt lat="42.3432050" lon="8.9002930" />
      <trkpt lat="42.3433740" lon="8.9003490" />
      <trkpt lat="42.3434960" lon="8.9005460" />
      <trkpt lat="42.3436150" lon="8.9008580" />
      <trkpt lat="42.3436920" lon="8.9011580" />
      <trkpt lat="42.3439230" lon="8.9012930" />
      <trkpt lat="42.3440900" lon="8.9014470" />
      <trkpt lat="42.3441230" lon="8.9017800" />
      <trkpt lat="42.3442480" lon="8.9019710" />
      <trkpt lat="42.3443620" lon="8.9023330" />
      <trkpt lat="42.3444580" lon="8.9026410" />
      <trkpt lat="42.3444970" lon="8.9028210" />
      <trkpt lat="42.3445940" lon="8.9031050" />
      <trkpt lat="42.3447490" lon="8.9033780" />
      <trkpt lat="42.3449370" lon="8.9035750" />
      <trkpt lat="42.3452370" lon="8.9036470" />
      <trkpt lat="42.3455270" lon="8.9037360" />
      <trkpt lat="42.3457010" lon="8.9039170" />
      <trkpt lat="42.3459260" lon="8.9040730" />
      <trkpt lat="42.3461100" lon="8.9041070" />
      <trkpt lat="42.3462060" lon="8.9044210" />
      <trkpt lat="42.3463500" lon="8.9046440" />
      <trkpt lat="42.3464590" lon="8.9047660" />
      <trkpt lat="42.3466180" lon="8.9049880" />
      <trkpt lat="42.3468450" lon="8.9050470" />
      <trkpt lat="42.3470180" lon="8.9051350" />
      <trkpt lat="42.3472580" lon="8.9052950" />
      <trkpt lat="42.3474690" lon="8.9054410" />
      <trkpt lat="42.3475950" lon="8.9055160" />
      <trkpt lat="42.3477540" lon="8.9057690" />
      <trkpt lat="42.3478930" lon="8.9059240" />
      <trkpt lat="42.3480330" lon="8.9061580" />
      <trkpt lat="42.3482700" lon="8.9063380" />
      <trkpt lat="42.3485120" lon="8.9063900" />
      <trkpt lat="42.3488100" lon="8.9064070" />
      <trkpt lat="42.3490140" lon="8.9063970" />
      <trkpt lat="42.3492530" lon="8.9064760" />
      <trkpt lat="42.3494220" lon="8.9065840" />
      <trkpt lat="42.3497150" lon="8.9066840" />
      <trkpt lat="42.3499050" lon="8.9067930" />
      <trkpt lat="42.3500530" lon="8.9067070" />
      <trkpt lat="42.3503060" lon="8.9065730" />
      <trkpt lat="42.3505570" lon="8.9066250" />
      <trkpt lat="42.3507230" lon="8.9066520" />
      <trkpt lat="42.3508830" lon="8.9066870" />
      <trkpt lat="42.3510840" lon="8.9068610" />
      <trkpt lat="42.3512270" lon="8.9070060" />
      <trkpt lat="42.3514280" lon="8.9071150" />
      <trkpt lat="42.3515050" lon="8.9071860" />
      <trkpt lat="42.3517760" lon="8.9072070" />
      <trkpt lat="42.3519250" lon="8.9071740" />
      <trkpt lat="42.3520570" lon="8.9073310" />
      <trkpt lat="42.3521700" lon="8.9073950" />
      <trkpt lat="42.3523270" lon="8.9073730" />
      <trkpt lat="42.3524760" lon="8.9074500" />
      <trkpt lat="42.3526440" lon="8.9074880" />
      <trkpt lat="42.3527960" lon="8.9075070" />
      <trkpt lat="42.3529300" lon="8.9076030" />
      <trkpt lat="42.3529830" lon="8.9077300" />
      <trkpt lat="42.3529900" lon="8.9077190" />
      <trkpt lat="42.3529970" lon="8.9077710" />
      <trkpt lat="42.3529330" lon="8.9081900" />
      <trkpt lat="42.3529990" lon="8.9085850" />
      <trkpt lat="42.3531020" lon="8.9086540" />
      <trkpt lat="42.3531020" lon="8.9086540" />
      <trkpt lat="42.3531040" lon="8.9086400" />
      <trkpt lat="42.3531040" lon="8.9086400" />
      <trkpt lat="42.3531040" lon="8.9086400" />
      <trkpt lat="42.3530940" lon="8.9086430" />
      <trkpt lat="42.3530940" lon="8.9086430" />
      <trkpt lat="42.3530940" lon="8.9086430" />
      <trkpt lat="42.3530130" lon="8.9086080" />
      <trkpt lat="42.3530170" lon="8.9082400" />
      <trkpt lat="42.3529360" lon="8.9078630" />
      <trkpt lat="42.3530080" lon="8.9077620" />
      <trkpt lat="42.3530080" lon="8.9077620" />
      <trkpt lat="42.3530080" lon="8.9077620" />
      <trkpt lat="42.3530080" lon="8.9077620" />
      <trkpt lat="42.3530080" lon="8.9077620" />
      <trkpt lat="42.3530080" lon="8.9077620" />
      <trkpt lat="42.3529900" lon="8.9077430" />
      <trkpt lat="42.3529830" lon="8.9077520" />
      <trkpt lat="42.3529830" lon="8.9077520" />
      <trkpt lat="42.3529830" lon="8.9077520" />
      <trkpt lat="42.3529830" lon="8.9077520" />
      <trkpt lat="42.3529840" lon="8.9077460" />
      <trkpt lat="42.3529740" lon="8.9077510" />
      <trkpt lat="42.3529740" lon="8.9077510" />
      <trkpt lat="42.3529740" lon="8.9077510" />
      <trkpt lat="42.3529740" lon="8.9077510" />
      <trkpt lat="42.3529740" lon="8.9077510" />
      <trkpt lat="42.3529740" lon="8.9077510" />
      <trkpt lat="42.3529740" lon="8.9077510" />
      <trkpt lat="42.3529730" lon="8.9077440" />
      <trkpt lat="42.3529730" lon="8.9077440" />
      <trkpt lat="42.3529730" lon="8.9077440" />
      <trkpt lat="42.3529730" lon="8.9077440" />
      <trkpt lat="42.3529820" lon="8.9077430" />
      <trkpt lat="42.3529820" lon="8.9077430" />
      <trkpt lat="42.3529820" lon="8.9077430" />
      <trkpt lat="42.3530230" lon="8.9077170" />
      <trkpt lat="42.3531380" lon="8.9078410" />
      <trkpt lat="42.3532630" lon="8.9078770" />
      <trkpt lat="42.3533250" lon="8.9079450" />
      <trkpt lat="42.3534190" lon="8.9080060" />
      <trkpt lat="42.3534520" lon="8.9081370" />
      <trkpt lat="42.3536060" lon="8.9081850" />
      <trkpt lat="42.3537120" lon="8.9083210" />
      <trkpt lat="42.3538400" lon="8.9085850" />
      <trkpt lat="42.3539920" lon="8.9088900" />
      <trkpt lat="42.3542720" lon="8.9090440" />
      <trkpt lat="42.3544340" lon="8.9092720" />
      <trkpt lat="42.3545970" lon="8.9094130" />
      <trkpt lat="42.3547820" lon="8.9094600" />
      <trkpt lat="42.3549420" lon="8.9095250" />
      <trkpt lat="42.3551190" lon="8.9095450" />
      <trkpt lat="42.3552620" lon="8.9095930" />
      <trkpt lat="42.3554230" lon="8.9096040" />
      <trkpt lat="42.3555560" lon="8.9096260" />
      <trkpt lat="42.3557400" lon="8.9096020" />
      <trkpt lat="42.3559340" lon="8.9096380" />
      <trkpt lat="42.3560600" lon="8.9096500" />
      <trkpt lat="42.3561900" lon="8.9096140" />
      <trkpt lat="42.3563620" lon="8.9097110" />
      <trkpt lat="42.3565480" lon="8.9096530" />
      <trkpt lat="42.3567060" lon="8.9095480" />
      <trkpt lat="42.3569250" lon="8.9095410" />
      <trkpt lat="42.3570490" lon="8.9094460" />
      <trkpt lat="42.3572000" lon="8.9094140" />
      <trkpt lat="42.3573010" lon="8.9094380" />
      <trkpt lat="42.3574440" lon="8.9095030" />
      <trkpt lat="42.3574590" lon="8.9096250" />
      <trkpt lat="42.3575310" lon="8.9096890" />
      <trkpt lat="42.3576570" lon="8.9097300" />
      <trkpt lat="42.3578040" lon="8.9097360" />
      <trkpt lat="42.3579500" lon="8.9097920" />
      <trkpt lat="42.3581080" lon="8.9097970" />
      <trkpt lat="42.3582450" lon="8.9096950" />
      <trkpt lat="42.3583900" lon="8.9096680" />
      <trkpt lat="42.3585260" lon="8.9097390" />
      <trkpt lat="42.3586300" lon="8.9098020" />
      <trkpt lat="42.3586970" lon="8.9098340" />
      <trkpt lat="42.3588340" lon="8.9098480" />
      <trkpt lat="42.3589110" lon="8.9098970" />
      <trkpt lat="42.3590370" lon="8.9099420" />
      <trkpt lat="42.3591550" lon="8.9098890" />
      <trkpt lat="42.3592710" lon="8.9098510" />
      <trkpt lat="42.3593320" lon="8.9099410" />
      <trkpt lat="42.3594080" lon="8.9099920" />
      <trkpt lat="42.3594600" lon="8.9099810" />
      <trkpt lat="42.3595280" lon="8.9099450" />
      <trkpt lat="42.3595530" lon="8.9099360" />
      <trkpt lat="42.3596110" lon="8.9099920" />
      <trkpt lat="42.3596980" lon="8.9100680" />
      <trkpt lat="42.3597390" lon="8.9100380" />
      <trkpt lat="42.3598700" lon="8.9099070" />
      <trkpt lat="42.3598990" lon="8.9099170" />
      <trkpt lat="42.3600090" lon="8.9098820" />
      <trkpt lat="42.3600670" lon="8.9097840" />
      <trkpt lat="42.3600670" lon="8.9097840" />
      <trkpt lat="42.3600680" lon="8.9097660" />
      <trkpt lat="42.3600750" lon="8.9097440" />
      <trkpt lat="42.3600750" lon="8.9097440" />
      <trkpt lat="42.3600750" lon="8.9097440" />
      <trkpt lat="42.3600750" lon="8.9097440" />
      <trkpt lat="42.3600750" lon="8.9097440" />
      <trkpt lat="42.3600750" lon="8.9097440" />
      <trkpt lat="42.3600690" lon="8.9097320" />
      <trkpt lat="42.3600690" lon="8.9097320" />
      <trkpt lat="42.3600690" lon="8.9097320" />
      <trkpt lat="42.3600690" lon="8.9097320" />
      <trkpt lat="42.3600690" lon="8.9097320" />
      <trkpt lat="42.3600700" lon="8.9097380" />
      <trkpt lat="42.3600700" lon="8.9097380" />
      <trkpt lat="42.3600700" lon="8.9097380" />
      <trkpt lat="42.3600650" lon="8.9097320" />
      <trkpt lat="42.3600650" lon="8.9097320" />
      <trkpt lat="42.3600650" lon="8.9097320" />
      <trkpt lat="42.3600650" lon="8.9097320" />
      <trkpt lat="42.3600650" lon="8.9097320" />
      <trkpt lat="42.3602050" lon="8.9097920" />
      <trkpt lat="42.3603380" lon="8.9098240" />
      <trkpt lat="42.3603230" lon="8.9098870" />
      <trkpt lat="42.3604340" lon="8.9099900" />
      <trkpt lat="42.3605370" lon="8.9100790" />
      <trkpt lat="42.3605340" lon="8.9101470" />
      <trkpt lat="42.3606560" lon="8.9102990" />
      <trkpt lat="42.3608150" lon="8.9104040" />
      <trkpt lat="42.3609610" lon="8.9104790" />
      <trkpt lat="42.3610110" lon="8.9106430" />
      <trkpt lat="42.3611620" lon="8.9107560" />
      <trkpt lat="42.3611710" lon="8.9108130" />
      <trkpt lat="42.3611710" lon="8.9108130" />
      <trkpt lat="42.3610270" lon="8.9109020" />
      <trkpt lat="42.3609070" lon="8.9109830" />
      <trkpt lat="42.3609710" lon="8.9111740" />
      <trkpt lat="42.3611330" lon="8.9113110" />
      <trkpt lat="42.3612560" lon="8.9114880" />
      <trkpt lat="42.3613470" lon="8.9116330" />
      <trkpt lat="42.3614520" lon="8.9118190" />
      <trkpt lat="42.3615240" lon="8.9120250" />
      <trkpt lat="42.3615710" lon="8.9121820" />
      <trkpt lat="42.3615710" lon="8.9121820" />
      <trkpt lat="42.3616080" lon="8.9123300" />
      <trkpt lat="42.3616680" lon="8.9124940" />
      <trkpt lat="42.3617830" lon="8.9126810" />
      <trkpt lat="42.3618590" lon="8.9128410" />
      <trkpt lat="42.3619630" lon="8.9130200" />
      <trkpt lat="42.3620710" lon="8.9131810" />
      <trkpt lat="42.3622080" lon="8.9133220" />
      <trkpt lat="42.3623170" lon="8.9134800" />
      <trkpt lat="42.3624360" lon="8.9136240" />
      <trkpt lat="42.3625360" lon="8.9138270" />
      <trkpt lat="42.3626710" lon="8.9139170" />
      <trkpt lat="42.3628100" lon="8.9140540" />
      <trkpt lat="42.3629280" lon="8.9141190" />
      <trkpt lat="42.3631080" lon="8.9142100" />
      <trkpt lat="42.3632830" lon="8.9143430" />
      <trkpt lat="42.3632830" lon="8.9144540" />
      <trkpt lat="42.3631640" lon="8.9145240" />
      <trkpt lat="42.3633020" lon="8.9146030" />
      <trkpt lat="42.3634720" lon="8.9147060" />
      <trkpt lat="42.3636350" lon="8.9148540" />
      <trkpt lat="42.3637900" lon="8.9149330" />
      <trkpt lat="42.3639240" lon="8.9149910" />
      <trkpt lat="42.3638940" lon="8.9150780" />
      <trkpt lat="42.3638810" lon="8.9151430" />
      <trkpt lat="42.3639900" lon="8.9152930" />
      <trkpt lat="42.3641430" lon="8.9154030" />
      <trkpt lat="42.3643070" lon="8.9154420" />
      <trkpt lat="42.3644010" lon="8.9155950" />
      <trkpt lat="42.3645150" lon="8.9157520" />
      <trkpt lat="42.3645230" lon="8.9157720" />
      <trkpt lat="42.3644760" lon="8.9157680" />
      <trkpt lat="42.3643470" lon="8.9157430" />
      <trkpt lat="42.3644320" lon="8.9158970" />
      <trkpt lat="42.3644830" lon="8.9160240" />
      <trkpt lat="42.3643860" lon="8.9159900" />
      <trkpt lat="42.3641910" lon="8.9160120" />
      <trkpt lat="42.3642760" lon="8.9160840" />
      <trkpt lat="42.3643470" lon="8.9162570" />
      <trkpt lat="42.3643080" lon="8.9163060" />
      <trkpt lat="42.3641680" lon="8.9163110" />
      <trkpt lat="42.3642580" lon="8.9164400" />
      <trkpt lat="42.3643580" lon="8.9166000" />
      <trkpt lat="42.3644130" lon="8.9167400" />
      <trkpt lat="42.3644920" lon="8.9169370" />
      <trkpt lat="42.3645810" lon="8.9171180" />
      <trkpt lat="42.3646870" lon="8.9172280" />
      <trkpt lat="42.3646760" lon="8.9173140" />
      <trkpt lat="42.3644870" lon="8.9173080" />
      <trkpt lat="42.3645460" lon="8.9174070" />
      <trkpt lat="42.3646570" lon="8.9175630" />
      <trkpt lat="42.3645850" lon="8.9175960" />
      <trkpt lat="42.3644270" lon="8.9175870" />
      <trkpt lat="42.3644940" lon="8.9177170" />
      <trkpt lat="42.3646350" lon="8.9178320" />
      <trkpt lat="42.3647420" lon="8.9179120" />
      <trkpt lat="42.3645610" lon="8.9180300" />
      <trkpt lat="42.3643900" lon="8.9179820" />
      <trkpt lat="42.3645060" lon="8.9181280" />
      <trkpt lat="42.3646470" lon="8.9182370" />
      <trkpt lat="42.3647660" lon="8.9182960" />
      <trkpt lat="42.3646100" lon="8.9183770" />
      <trkpt lat="42.3646340" lon="8.9184720" />
      <trkpt lat="42.3647890" lon="8.9185780" />
      <trkpt lat="42.3648980" lon="8.9186760" />
      <trkpt lat="42.3649150" lon="8.9187630" />
      <trkpt lat="42.3649150" lon="8.9187630" />
      <trkpt lat="42.3649150" lon="8.9187630" />
      <trkpt lat="42.3649150" lon="8.9187630" />
      <trkpt lat="42.3649150" lon="8.9187630" />
      <trkpt lat="42.3649150" lon="8.9187630" />
      <trkpt lat="42.3649480" lon="8.9187970" />
      <trkpt lat="42.3649480" lon="8.9187970" />
      <trkpt lat="42.3649560" lon="8.9188770" />
      <trkpt lat="42.3649510" lon="8.9188090" />
      <trkpt lat="42.3649600" lon="8.9187880" />
      <trkpt lat="42.3649600" lon="8.9187880" />
      <trkpt lat="42.3649600" lon="8.9187880" />
      <trkpt lat="42.3649550" lon="8.9187940" />
      <trkpt lat="42.3649500" lon="8.9188060" />
      <trkpt lat="42.3649510" lon="8.9187890" />
      <trkpt lat="42.3649500" lon="8.9187780" />
      <trkpt lat="42.3649500" lon="8.9187780" />
      <trkpt lat="42.3649500" lon="8.9187780" />
      <trkpt lat="42.3649480" lon="8.9187830" />
      <trkpt lat="42.3649480" lon="8.9187830" />
      <trkpt lat="42.3649480" lon="8.9187830" />
      <trkpt lat="42.3649480" lon="8.9187830" />
      <trkpt lat="42.3648990" lon="8.9187490" />
      <trkpt lat="42.3648970" lon="8.9187530" />
      <trkpt lat="42.3649260" lon="8.9187830" />
      <trkpt lat="42.3649260" lon="8.9187830" />
      <trkpt lat="42.3649260" lon="8.9187830" />
      <trkpt lat="42.3649260" lon="8.9187830" />
      <trkpt lat="42.3649260" lon="8.9187830" />
      <trkpt lat="42.3649260" lon="8.9187830" />
      <trkpt lat="42.3649260" lon="8.9187830" />
      <trkpt lat="42.3649260" lon="8.9187830" />
      <trkpt lat="42.3649260" lon="8.9187830" />
      <trkpt lat="42.3649260" lon="8.9187830" />
      <trkpt lat="42.3649260" lon="8.9187830" />
      <trkpt lat="42.3649260" lon="8.9187830" />
      <trkpt lat="42.3649260" lon="8.9187830" />
      <trkpt lat="42.3649260" lon="8.9187830" />
      <trkpt lat="42.3649260" lon="8.9187830" />
      <trkpt lat="42.3649260" lon="8.9187830" />
      <trkpt lat="42.3649260" lon="8.9187830" />
      <trkpt lat="42.3649430" lon="8.9187890" />
      <trkpt lat="42.3649430" lon="8.9187890" />
      <trkpt lat="42.3649440" lon="8.9187730" />
      <trkpt lat="42.3649140" lon="8.9190180" />
      <trkpt lat="42.3649350" lon="8.9192290" />
      <trkpt lat="42.3647840" lon="8.9192290" />
      <trkpt lat="42.3646360" lon="8.9192600" />
      <trkpt lat="42.3647580" lon="8.9194230" />
      <trkpt lat="42.3649060" lon="8.9195910" />
      <trkpt lat="42.3650440" lon="8.9197250" />
      <trkpt lat="42.3651560" lon="8.9198740" />
      <trkpt lat="42.3652660" lon="8.9200340" />
      <trkpt lat="42.3653740" lon="8.9201460" />
      <trkpt lat="42.3653840" lon="8.9201970" />
      <trkpt lat="42.3654140" lon="8.9202810" />
      <trkpt lat="42.3655370" lon="8.9203950" />
      <trkpt lat="42.3656300" lon="8.9204830" />
      <trkpt lat="42.3654630" lon="8.9205120" />
      <trkpt lat="42.3654670" lon="8.9205410" />
      <trkpt lat="42.3656130" lon="8.9206620" />
      <trkpt lat="42.3657210" lon="8.9206930" />
      <trkpt lat="42.3657580" lon="8.9207770" />
      <trkpt lat="42.3658100" lon="8.9208620" />
      <trkpt lat="42.3658920" lon="8.9209460" />
      <trkpt lat="42.3659050" lon="8.9209920" />
      <trkpt lat="42.3658910" lon="8.9209940" />
      <trkpt lat="42.3658730" lon="8.9210700" />
      <trkpt lat="42.3658860" lon="8.9211140" />
      <trkpt lat="42.3659880" lon="8.9212070" />
      <trkpt lat="42.3660480" lon="8.9212650" />
      <trkpt lat="42.3659900" lon="8.9212830" />
      <trkpt lat="42.3661240" lon="8.9213700" />
      <trkpt lat="42.3662440" lon="8.9213860" />
      <trkpt lat="42.3662160" lon="8.9214640" />
      <trkpt lat="42.3662740" lon="8.9215510" />
      <trkpt lat="42.3661370" lon="8.9216290" />
      <trkpt lat="42.3662180" lon="8.9217010" />
      <trkpt lat="42.3663520" lon="8.9217750" />
      <trkpt lat="42.3664790" lon="8.9217820" />
      <trkpt lat="42.3665690" lon="8.9217910" />
      <trkpt lat="42.3665110" lon="8.9220090" />
      <trkpt lat="42.3664340" lon="8.9221070" />
      <trkpt lat="42.3665860" lon="8.9221150" />
      <trkpt lat="42.3667710" lon="8.9221610" />
      <trkpt lat="42.3668640" lon="8.9222530" />
      <trkpt lat="42.3669140" lon="8.9223060" />
      <trkpt lat="42.3670950" lon="8.9223980" />
      <trkpt lat="42.3672530" lon="8.9224660" />
      <trkpt lat="42.3674150" lon="8.9225630" />
      <trkpt lat="42.3675060" lon="8.9226540" />
      <trkpt lat="42.3675440" lon="8.9227320" />
      <trkpt lat="42.3674240" lon="8.9227750" />
      <trkpt lat="42.3675850" lon="8.9228420" />
      <trkpt lat="42.3677090" lon="8.9228660" />
      <trkpt lat="42.3676580" lon="8.9229500" />
      <trkpt lat="42.3677940" lon="8.9230350" />
      <trkpt lat="42.3679210" lon="8.9231390" />
      <trkpt lat="42.3679340" lon="8.9231490" />
      <trkpt lat="42.3678460" lon="8.9232070" />
      <trkpt lat="42.3677110" lon="8.9232760" />
      <trkpt lat="42.3675650" lon="8.9233550" />
      <trkpt lat="42.3675440" lon="8.9234240" />
      <trkpt lat="42.3676790" lon="8.9234990" />
      <trkpt lat="42.3677930" lon="8.9235790" />
      <trkpt lat="42.3676720" lon="8.9236560" />
      <trkpt lat="42.3677970" lon="8.9237150" />
      <trkpt lat="42.3677970" lon="8.9237150" />
      <trkpt lat="42.3676980" lon="8.9237510" />
      <trkpt lat="42.3675770" lon="8.9238120" />
      <trkpt lat="42.3676760" lon="8.9238800" />
      <trkpt lat="42.3678260" lon="8.9239860" />
      <trkpt lat="42.3679280" lon="8.9240620" />
      <trkpt lat="42.3680770" lon="8.9242070" />
      <trkpt lat="42.3681820" lon="8.9243140" />
      <trkpt lat="42.3683270" lon="8.9244280" />
      <trkpt lat="42.3684220" lon="8.9244650" />
      <trkpt lat="42.3685630" lon="8.9245490" />
      <trkpt lat="42.3687010" lon="8.9245980" />
      <trkpt lat="42.3688600" lon="8.9246370" />
      <trkpt lat="42.3689500" lon="8.9246770" />
      <trkpt lat="42.3690830" lon="8.9247790" />
      <trkpt lat="42.3692490" lon="8.9247730" />
      <trkpt lat="42.3693960" lon="8.9247630" />
      <trkpt lat="42.3694190" lon="8.9248440" />
      <trkpt lat="42.3693150" lon="8.9249660" />
      <trkpt lat="42.3694670" lon="8.9249290" />
      <trkpt lat="42.3694410" lon="8.9250100" />
      <trkpt lat="42.3694550" lon="8.9250680" />
      <trkpt lat="42.3694880" lon="8.9251040" />
      <trkpt lat="42.3695150" lon="8.9251640" />
      <trkpt lat="42.3694410" lon="8.9252680" />
      <trkpt lat="42.3695940" lon="8.9252120" />
      <trkpt lat="42.3696600" lon="8.9252240" />
      <trkpt lat="42.3695720" lon="8.9254210" />
      <trkpt lat="42.3696900" lon="8.9253700" />
      <trkpt lat="42.3698100" lon="8.9253000" />
      <trkpt lat="42.3698750" lon="8.9253460" />
      <trkpt lat="42.3698140" lon="8.9255630" />
      <trkpt lat="42.3697130" lon="8.9257130" />
      <trkpt lat="42.3698450" lon="8.9256860" />
      <trkpt lat="42.3699750" lon="8.9256500" />
      <trkpt lat="42.3701210" lon="8.9255960" />
      <trkpt lat="42.3700550" lon="8.9257620" />
      <trkpt lat="42.3699880" lon="8.9259170" />
      <trkpt lat="42.3701100" lon="8.9258650" />
      <trkpt lat="42.3701790" lon="8.9258820" />
      <trkpt lat="42.3700890" lon="8.9261000" />
      <trkpt lat="42.3701990" lon="8.9260410" />
      <trkpt lat="42.3702190" lon="8.9260570" />
      <trkpt lat="42.3701200" lon="8.9262790" />
      <trkpt lat="42.3700410" lon="8.9263910" />
      <trkpt lat="42.3702020" lon="8.9263640" />
      <trkpt lat="42.3702460" lon="8.9263260" />
      <trkpt lat="42.3703700" lon="8.9262680" />
      <trkpt lat="42.3705430" lon="8.9261800" />
      <trkpt lat="42.3707100" lon="8.9261070" />
      <trkpt lat="42.3708360" lon="8.9259620" />
      <trkpt lat="42.3708840" lon="8.9257870" />
      <trkpt lat="42.3710070" lon="8.9256670" />
      <trkpt lat="42.3711180" lon="8.9257020" />
      <trkpt lat="42.3712080" lon="8.9257590" />
      <trkpt lat="42.3711830" lon="8.9259880" />
      <trkpt lat="42.3711830" lon="8.9259880" />
      <trkpt lat="42.3711950" lon="8.9261390" />
      <trkpt lat="42.3712520" lon="8.9262870" />
      <trkpt lat="42.3713100" lon="8.9263820" />
      <trkpt lat="42.3712890" lon="8.9265870" />
      <trkpt lat="42.3714460" lon="8.9264770" />
      <trkpt lat="42.3715480" lon="8.9264740" />
      <trkpt lat="42.3715310" lon="8.9267370" />
      <trkpt lat="42.3715410" lon="8.9267840" />
      <trkpt lat="42.3716590" lon="8.9267090" />
      <trkpt lat="42.3717680" lon="8.9265840" />
      <trkpt lat="42.3718680" lon="8.9266840" />
      <trkpt lat="42.3720420" lon="8.9267110" />
      <trkpt lat="42.3720460" lon="8.9267180" />
      <trkpt lat="42.3720460" lon="8.9267180" />
      <trkpt lat="42.3720410" lon="8.9267140" />
      <trkpt lat="42.3720410" lon="8.9267140" />
      <trkpt lat="42.3720410" lon="8.9267140" />
      <trkpt lat="42.3720410" lon="8.9267140" />
      <trkpt lat="42.3720480" lon="8.9267120" />
      <trkpt lat="42.3720480" lon="8.9267120" />
      <trkpt lat="42.3720480" lon="8.9267120" />
      <trkpt lat="42.3720480" lon="8.9267120" />
      <trkpt lat="42.3720480" lon="8.9267120" />
      <trkpt lat="42.3720430" lon="8.9267100" />
      <trkpt lat="42.3720430" lon="8.9267100" />
      <trkpt lat="42.3720430" lon="8.9267100" />
      <trkpt lat="42.3720430" lon="8.9267100" />
      <trkpt lat="42.3720430" lon="8.9267100" />
      <trkpt lat="42.3720430" lon="8.9267100" />
      <trkpt lat="42.3720430" lon="8.9267100" />
      <trkpt lat="42.3720430" lon="8.9267100" />
      <trkpt lat="42.3720430" lon="8.9267100" />
      <trkpt lat="42.3720430" lon="8.9267100" />
      <trkpt lat="42.3720490" lon="8.9267120" />
      <trkpt lat="42.3720490" lon="8.9267120" />
      <trkpt lat="42.3720490" lon="8.9267120" />
      <trkpt lat="42.3720490" lon="8.9267120" />
      <trkpt lat="42.3720490" lon="8.9267120" />
      <trkpt lat="42.3720490" lon="8.9267120" />
      <trkpt lat="42.3720490" lon="8.9267120" />
      <trkpt lat="42.3720490" lon="8.9267120" />
      <trkpt lat="42.3720490" lon="8.9267120" />
      <trkpt lat="42.3720490" lon="8.9267120" />
      <trkpt lat="42.3720510" lon="8.9267230" />
      <trkpt lat="42.3720510" lon="8.9267230" />
      <trkpt lat="42.3720510" lon="8.9267230" />
      <trkpt lat="42.3720510" lon="8.9267230" />
      <trkpt lat="42.3720510" lon="8.9267230" />
      <trkpt lat="42.3720510" lon="8.9267230" />
      <trkpt lat="42.3720510" lon="8.9267230" />
      <trkpt lat="42.3720510" lon="8.9267230" />
      <trkpt lat="42.3720510" lon="8.9267230" />
      <trkpt lat="42.3720510" lon="8.9267230" />
      <trkpt lat="42.3720510" lon="8.9267230" />
      <trkpt lat="42.3720510" lon="8.9267230" />
      <trkpt lat="42.3720510" lon="8.9267230" />
      <trkpt lat="42.3720510" lon="8.9267230" />
      <trkpt lat="42.3720460" lon="8.9267270" />
      <trkpt lat="42.3720460" lon="8.9267270" />
      <trkpt lat="42.3720460" lon="8.9267270" />
      <trkpt lat="42.3720460" lon="8.9267270" />
      <trkpt lat="42.3720460" lon="8.9267270" />
      <trkpt lat="42.3720460" lon="8.9267270" />
      <trkpt lat="42.3721610" lon="8.9268190" />
      <trkpt lat="42.3721530" lon="8.9268240" />
      <trkpt lat="42.3720710" lon="8.9270440" />
      <trkpt lat="42.3719770" lon="8.9272280" />
      <trkpt lat="42.3719620" lon="8.9273380" />
      <trkpt lat="42.3721170" lon="8.9273200" />
      <trkpt lat="42.3722570" lon="8.9272930" />
      <trkpt lat="42.3723820" lon="8.9272580" />
      <trkpt lat="42.3723440" lon="8.9274050" />
      <trkpt lat="42.3722590" lon="8.9275980" />
      <trkpt lat="42.3723450" lon="8.9275880" />
      <trkpt lat="42.3724630" lon="8.9275660" />
      <trkpt lat="42.3723950" lon="8.9277220" />
      <trkpt lat="42.3723400" lon="8.9278780" />
      <trkpt lat="42.3722910" lon="8.9280100" />
      <trkpt lat="42.3724260" lon="8.9279930" />
      <trkpt lat="42.3725590" lon="8.9279570" />
      <trkpt lat="42.3726620" lon="8.9279140" />
      <trkpt lat="42.3726400" lon="8.9280360" />
      <trkpt lat="42.3725800" lon="8.9282090" />
      <trkpt lat="42.3725050" lon="8.9283560" />
      <trkpt lat="42.3724880" lon="8.9284410" />
      <trkpt lat="42.3725370" lon="8.9284780" />
      <trkpt lat="42.3727040" lon="8.9284670" />
      <trkpt lat="42.3728410" lon="8.9284530" />
      <trkpt lat="42.3729350" lon="8.9284280" />
      <trkpt lat="42.3728730" lon="8.9285980" />
      <trkpt lat="42.3728060" lon="8.9287760" />
      <trkpt lat="42.3727710" lon="8.9288560" />
      <trkpt lat="42.3728220" lon="8.9289020" />
      <trkpt lat="42.3729830" lon="8.9289130" />
      <trkpt lat="42.3731150" lon="8.9288860" />
      <trkpt lat="42.3731740" lon="8.9288520" />
      <trkpt lat="42.3731360" lon="8.9290410" />
      <trkpt lat="42.3731080" lon="8.9291780" />
      <trkpt lat="42.3730240" lon="8.9293270" />
      <trkpt lat="42.3728930" lon="8.9294810" />
      <trkpt lat="42.3728010" lon="8.9296030" />
      <trkpt lat="42.3726990" lon="8.9297290" />
      <trkpt lat="42.3725490" lon="8.9299220" />
      <trkpt lat="42.3724590" lon="8.9300280" />
      <trkpt lat="42.3724590" lon="8.9300280" />
      <trkpt lat="42.3724590" lon="8.9300280" />
      <trkpt lat="42.3724590" lon="8.9300280" />
      <trkpt lat="42.3725950" lon="8.9300230" />
      <trkpt lat="42.3727770" lon="8.9299900" />
      <trkpt lat="42.3729250" lon="8.9300190" />
      <trkpt lat="42.3728950" lon="8.9301000" />
      <trkpt lat="42.3726190" lon="8.9300220" />
      <trkpt lat="42.3722550" lon="8.9298980" />
      <trkpt lat="42.3720990" lon="8.9298720" />
      <trkpt lat="42.3720310" lon="8.9298890" />
      <trkpt lat="42.3720320" lon="8.9298900" />
      <trkpt lat="42.3720330" lon="8.9298920" />
      <trkpt lat="42.3720340" lon="8.9298940" />
      <trkpt lat="42.3720350" lon="8.9298960" />
      <trkpt lat="42.3720370" lon="8.9298970" />
      <trkpt lat="42.3720380" lon="8.9298990" />
      <trkpt lat="42.3720390" lon="8.9299010" />
      <trkpt lat="42.3720400" lon="8.9299030" />
      <trkpt lat="42.3720410" lon="8.9299040" />
      <trkpt lat="42.3720420" lon="8.9299060" />
      <trkpt lat="42.3720430" lon="8.9299080" />
      <trkpt lat="42.3720440" lon="8.9299100" />
      <trkpt lat="42.3720450" lon="8.9299120" />
      <trkpt lat="42.3720470" lon="8.9299130" />
      <trkpt lat="42.3720480" lon="8.9299150" />
      <trkpt lat="42.3720490" lon="8.9299170" />
      <trkpt lat="42.3720500" lon="8.9299190" />
      <trkpt lat="42.3720510" lon="8.9299200" />
      <trkpt lat="42.3721440" lon="8.9300460" />
      <trkpt lat="42.3714120" lon="8.9317140" />
      <trkpt lat="42.3710990" lon="8.9333160" />
      <trkpt lat="42.3709810" lon="8.9332130" />
      <trkpt lat="42.3709810" lon="8.9332130" />
      <trkpt lat="42.3709810" lon="8.9332130" />
      <trkpt lat="42.3709810" lon="8.9332130" />
      <trkpt lat="42.3709810" lon="8.9332130" />
      <trkpt lat="42.3709750" lon="8.9330710" />
      <trkpt lat="42.3709380" lon="8.9328130" />
      <trkpt lat="42.3708460" lon="8.9325950" />
      <trkpt lat="42.3710340" lon="8.9325810" />
      <trkpt lat="42.3711800" lon="8.9326030" />
      <trkpt lat="42.3713620" lon="8.9326600" />
      <trkpt lat="42.3715310" lon="8.9327590" />
      <trkpt lat="42.3715180" lon="8.9326340" />
      <trkpt lat="42.3714550" lon="8.9324500" />
      <trkpt lat="42.3714120" lon="8.9323450" />
      <trkpt lat="42.3715680" lon="8.9323350" />
      <trkpt lat="42.3716760" lon="8.9323880" />
      <trkpt lat="42.3716690" lon="8.9322920" />
      <trkpt lat="42.3715930" lon="8.9321070" />
      <trkpt lat="42.3715130" lon="8.9319320" />
      <trkpt lat="42.3714470" lon="8.9317640" />
      <trkpt lat="42.3713790" lon="8.9315490" />
      <trkpt lat="42.3713200" lon="8.9313440" />
      <trkpt lat="42.3713160" lon="8.9312170" />
      <trkpt lat="42.3712940" lon="8.9310810" />
      <trkpt lat="42.3714530" lon="8.9311250" />
      <trkpt lat="42.3715750" lon="8.9311600" />
      <trkpt lat="42.3717340" lon="8.9312150" />
      <trkpt lat="42.3718440" lon="8.9312470" />
      <trkpt lat="42.3718350" lon="8.9311120" />
      <trkpt lat="42.3718780" lon="8.9310540" />
      <trkpt lat="42.3720020" lon="8.9311170" />
      <trkpt lat="42.3719950" lon="8.9309950" />
      <trkpt lat="42.3719450" lon="8.9308530" />
      <trkpt lat="42.3720760" lon="8.9308610" />
      <trkpt lat="42.3721580" lon="8.9309200" />
      <trkpt lat="42.3721790" lon="8.9308600" />
      <trkpt lat="42.3721570" lon="8.9306770" />
      <trkpt lat="42.3722730" lon="8.9307300" />
      <trkpt lat="42.3723950" lon="8.9308380" />
      <trkpt lat="42.3724940" lon="8.9309910" />
      <trkpt lat="42.3725900" lon="8.9310740" />
      <trkpt lat="42.3725500" lon="8.9309160" />
      <trkpt lat="42.3726400" lon="8.9309960" />
      <trkpt lat="42.3727180" lon="8.9311030" />
      <trkpt lat="42.3728140" lon="8.9312090" />
      <trkpt lat="42.3728410" lon="8.9312430" />
      <trkpt lat="42.3728390" lon="8.9312550" />
      <trkpt lat="42.3728390" lon="8.9312550" />
      <trkpt lat="42.3728580" lon="8.9312740" />
      <trkpt lat="42.3730080" lon="8.9315790" />
      <trkpt lat="42.3731350" lon="8.9317770" />
      <trkpt lat="42.3732920" lon="8.9319740" />
      <trkpt lat="42.3734700" lon="8.9322300" />
      <trkpt lat="42.3736610" lon="8.9325170" />
      <trkpt lat="42.3737760" lon="8.9327670" />
      <trkpt lat="42.3739110" lon="8.9330010" />
      <trkpt lat="42.3741370" lon="8.9332050" />
      <trkpt lat="42.3743230" lon="8.9333600" />
      <trkpt lat="42.3745030" lon="8.9335040" />
      <trkpt lat="42.3746470" lon="8.9336000" />
      <trkpt lat="42.3746620" lon="8.9338980" />
      <trkpt lat="42.3746980" lon="8.9341960" />
      <trkpt lat="42.3747390" lon="8.9344860" />
      <trkpt lat="42.3748120" lon="8.9346860" />
      <trkpt lat="42.3749060" lon="8.9344990" />
      <trkpt lat="42.3750380" lon="8.9342730" />
      <trkpt lat="42.3752260" lon="8.9341280" />
      <trkpt lat="42.3751590" lon="8.9344380" />
      <trkpt lat="42.3751620" lon="8.9347310" />
      <trkpt lat="42.3751630" lon="8.9349460" />
      <trkpt lat="42.3752170" lon="8.9351910" />
      <trkpt lat="42.3752610" lon="8.9354060" />
      <trkpt lat="42.3752880" lon="8.9356420" />
      <trkpt lat="42.3753000" lon="8.9359360" />
      <trkpt lat="42.3752940" lon="8.9362250" />
      <trkpt lat="42.3753740" lon="8.9364150" />
      <trkpt lat="42.3754390" lon="8.9363290" />
      <trkpt lat="42.3754920" lon="8.9361510" />
      <trkpt lat="42.3755820" lon="8.9359730" />
      <trkpt lat="42.3755830" lon="8.9361860" />
      <trkpt lat="42.3756470" lon="8.9364590" />
      <trkpt lat="42.3757600" lon="8.9366920" />
      <trkpt lat="42.3758490" lon="8.9369220" />
      <trkpt lat="42.3758960" lon="8.9371730" />
      <trkpt lat="42.3759500" lon="8.9374120" />
      <trkpt lat="42.3760490" lon="8.9376430" />
      <trkpt lat="42.3761070" lon="8.9380290" />
      <trkpt lat="42.3761250" lon="8.9382400" />
      <trkpt lat="42.3761680" lon="8.9384960" />
      <trkpt lat="42.3761840" lon="8.9386480" />
      <trkpt lat="42.3762000" lon="8.9388720" />
      <trkpt lat="42.3762600" lon="8.9390720" />
      <trkpt lat="42.3763190" lon="8.9389640" />
      <trkpt lat="42.3764240" lon="8.9392190" />
      <trkpt lat="42.3764570" lon="8.9392940" />
      <trkpt lat="42.3765640" lon="8.9395270" />
      <trkpt lat="42.3766570" lon="8.9398250" />
      <trkpt lat="42.3767650" lon="8.9400470" />
      <trkpt lat="42.3769170" lon="8.9402130" />
      <trkpt lat="42.3769650" lon="8.9404170" />
      <trkpt lat="42.3769700" lon="8.9405080" />
      <trkpt lat="42.3769700" lon="8.9405080" />
      <trkpt lat="42.3769700" lon="8.9405080" />
      <trkpt lat="42.3769700" lon="8.9405080" />
      <trkpt lat="42.3769700" lon="8.9405080" />
      <trkpt lat="42.3769700" lon="8.9405080" />
      <trkpt lat="42.3769700" lon="8.9405080" />
      <trkpt lat="42.3769700" lon="8.9405080" />
      <trkpt lat="42.3769700" lon="8.9405080" />
      <trkpt lat="42.3769700" lon="8.9405080" />
      <trkpt lat="42.3769700" lon="8.9405080" />
      <trkpt lat="42.3769700" lon="8.9405080" />
      <trkpt lat="42.3769700" lon="8.9405080" />
      <trkpt lat="42.3769700" lon="8.9405080" />
      <trkpt lat="42.3769700" lon="8.9405080" />
      <trkpt lat="42.3769930" lon="8.9405590" />
      <trkpt lat="42.3770010" lon="8.9407330" />
      <trkpt lat="42.3769740" lon="8.9408380" />
      <trkpt lat="42.3769840" lon="8.9409280" />
      <trkpt lat="42.3770000" lon="8.9409370" />
      <trkpt lat="42.3770370" lon="8.9409650" />
      <trkpt lat="42.3770520" lon="8.9409880" />
      <trkpt lat="42.3770770" lon="8.9410470" />
      <trkpt lat="42.3771390" lon="8.9411120" />
      <trkpt lat="42.3771760" lon="8.9411320" />
      <trkpt lat="42.3771760" lon="8.9411320" />
      <trkpt lat="42.3771780" lon="8.9411500" />
      <trkpt lat="42.3771780" lon="8.9411500" />
      <trkpt lat="42.3771780" lon="8.9411500" />
      <trkpt lat="42.3771780" lon="8.9411500" />
      <trkpt lat="42.3771780" lon="8.9411500" />
      <trkpt lat="42.3771780" lon="8.9411500" />
      <trkpt lat="42.3771780" lon="8.9411500" />
      <trkpt lat="42.3771820" lon="8.9411810" />
      <trkpt lat="42.3772200" lon="8.9414640" />
      <trkpt lat="42.3772220" lon="8.9416160" />
      <trkpt lat="42.3772270" lon="8.9419440" />
      <trkpt lat="42.3771010" lon="8.9418890" />
      <trkpt lat="42.3770940" lon="8.9418700" />
      <trkpt lat="42.3770670" lon="8.9416970" />
      <trkpt lat="42.3769470" lon="8.9417200" />
      <trkpt lat="42.3769240" lon="8.9419020" />
      <trkpt lat="42.3769090" lon="8.9420770" />
      <trkpt lat="42.3768970" lon="8.9421620" />
      <trkpt lat="42.3769490" lon="8.9423570" />
      <trkpt lat="42.3770430" lon="8.9424650" />
      <trkpt lat="42.3771550" lon="8.9426070" />
      <trkpt lat="42.3772340" lon="8.9427120" />
      <trkpt lat="42.3773080" lon="8.9427320" />
      <trkpt lat="42.3773720" lon="8.9427480" />
      <trkpt lat="42.3774990" lon="8.9428220" />
      <trkpt lat="42.3776180" lon="8.9430170" />
      <trkpt lat="42.3777250" lon="8.9432220" />
      <trkpt lat="42.3777460" lon="8.9432710" />
      <trkpt lat="42.3778700" lon="8.9434800" />
      <trkpt lat="42.3779370" lon="8.9435980" />
      <trkpt lat="42.3779870" lon="8.9436900" />
      <trkpt lat="42.3780000" lon="8.9437420" />
      <trkpt lat="42.3780350" lon="8.9438640" />
      <trkpt lat="42.3781040" lon="8.9439680" />
      <trkpt lat="42.3781790" lon="8.9441330" />
      <trkpt lat="42.3782120" lon="8.9441940" />
      <trkpt lat="42.3782120" lon="8.9441940" />
      <trkpt lat="42.3782260" lon="8.9442000" />
      <trkpt lat="42.3782760" lon="8.9443180" />
      <trkpt lat="42.3783000" lon="8.9443290" />
      <trkpt lat="42.3783000" lon="8.9443560" />
      <trkpt lat="42.3783450" lon="8.9443650" />
      <trkpt lat="42.3783450" lon="8.9443650" />
      <trkpt lat="42.3783490" lon="8.9443860" />
      <trkpt lat="42.3783490" lon="8.9443860" />
      <trkpt lat="42.3784010" lon="8.9445220" />
      <trkpt lat="42.3784950" lon="8.9446170" />
      <trkpt lat="42.3785510" lon="8.9446380" />
      <trkpt lat="42.3786190" lon="8.9446920" />
      <trkpt lat="42.3786900" lon="8.9447340" />
      <trkpt lat="42.3787540" lon="8.9447860" />
      <trkpt lat="42.3787800" lon="8.9448220" />
      <trkpt lat="42.3788600" lon="8.9449040" />
      <trkpt lat="42.3789000" lon="8.9448990" />
      <trkpt lat="42.3789910" lon="8.9449660" />
      <trkpt lat="42.3790370" lon="8.9450360" />
      <trkpt lat="42.3790960" lon="8.9451420" />
      <trkpt lat="42.3791190" lon="8.9451940" />
      <trkpt lat="42.3791540" lon="8.9452380" />
      <trkpt lat="42.3792100" lon="8.9453170" />
      <trkpt lat="42.3792100" lon="8.9453170" />
      <trkpt lat="42.3792270" lon="8.9453460" />
      <trkpt lat="42.3793460" lon="8.9454850" />
      <trkpt lat="42.3793830" lon="8.9455260" />
      <trkpt lat="42.3794810" lon="8.9456260" />
      <trkpt lat="42.3795110" lon="8.9456300" />
      <trkpt lat="42.3795800" lon="8.9455750" />
      <trkpt lat="42.3796240" lon="8.9456010" />
      <trkpt lat="42.3796250" lon="8.9456060" />
      <trkpt lat="42.3796260" lon="8.9456110" />
      <trkpt lat="42.3796270" lon="8.9456160" />
      <trkpt lat="42.3796280" lon="8.9456210" />
      <trkpt lat="42.3796290" lon="8.9456250" />
      <trkpt lat="42.3796300" lon="8.9456300" />
      <trkpt lat="42.3796310" lon="8.9456350" />
      <trkpt lat="42.3796330" lon="8.9456400" />
      <trkpt lat="42.3796340" lon="8.9456450" />
      <trkpt lat="42.3796350" lon="8.9456500" />
      <trkpt lat="42.3796360" lon="8.9456540" />
      <trkpt lat="42.3796370" lon="8.9456590" />
      <trkpt lat="42.3796380" lon="8.9456640" />
      <trkpt lat="42.3796390" lon="8.9456690" />
      <trkpt lat="42.3796400" lon="8.9456740" />
      <trkpt lat="42.3796410" lon="8.9456790" />
      <trkpt lat="42.3796420" lon="8.9456830" />
      <trkpt lat="42.3796440" lon="8.9456880" />
      <trkpt lat="42.3796450" lon="8.9456930" />
      <trkpt lat="42.3796460" lon="8.9456980" />
      <trkpt lat="42.3796470" lon="8.9457030" />
      <trkpt lat="42.3796480" lon="8.9457080" />
      <trkpt lat="42.3796490" lon="8.9457120" />
      <trkpt lat="42.3796500" lon="8.9457170" />
      <trkpt lat="42.3796510" lon="8.9457220" />
      <trkpt lat="42.3796520" lon="8.9457270" />
      <trkpt lat="42.3796530" lon="8.9457320" />
      <trkpt lat="42.3796550" lon="8.9457370" />
      <trkpt lat="42.3796560" lon="8.9457410" />
      <trkpt lat="42.3796570" lon="8.9457460" />
      <trkpt lat="42.3796580" lon="8.9457510" />
      <trkpt lat="42.3796590" lon="8.9457560" />
      <trkpt lat="42.3795140" lon="8.9456480" />
      <trkpt lat="42.3794750" lon="8.9456240" />
      <trkpt lat="42.3793370" lon="8.9457700" />
      <trkpt lat="42.3793310" lon="8.9457470" />
      <trkpt lat="42.3793250" lon="8.9457240" />
      <trkpt lat="42.3790650" lon="8.9455780" />
      <trkpt lat="42.3783270" lon="8.9444280" />
      <trkpt lat="42.3783240" lon="8.9444190" />
      <trkpt lat="42.3783240" lon="8.9444190" />
      <trkpt lat="42.3783240" lon="8.9444190" />
      <trkpt lat="42.3783240" lon="8.9444190" />
      <trkpt lat="42.3783240" lon="8.9444190" />
      <trkpt lat="42.3783240" lon="8.9444190" />
      <trkpt lat="42.3783260" lon="8.9444370" />
      <trkpt lat="42.3783260" lon="8.9444370" />
      <trkpt lat="42.3783260" lon="8.9444370" />
      <trkpt lat="42.3783370" lon="8.9443840" />
      <trkpt lat="42.3783230" lon="8.9443350" />
      <trkpt lat="42.3783230" lon="8.9443350" />
      <trkpt lat="42.3783230" lon="8.9443350" />
      <trkpt lat="42.3782490" lon="8.9442770" />
      <trkpt lat="42.3781280" lon="8.9440450" />
      <trkpt lat="42.3781010" lon="8.9439740" />
      <trkpt lat="42.3780110" lon="8.9438420" />
      <trkpt lat="42.3779980" lon="8.9437310" />
      <trkpt lat="42.3779220" lon="8.9435900" />
      <trkpt lat="42.3778320" lon="8.9434320" />
      <trkpt lat="42.3777550" lon="8.9433050" />
      <trkpt lat="42.3777090" lon="8.9431450" />
      <trkpt lat="42.3775630" lon="8.9429620" />
      <trkpt lat="42.3774550" lon="8.9428040" />
      <trkpt lat="42.3773220" lon="8.9427500" />
      <trkpt lat="42.3772040" lon="8.9426760" />
      <trkpt lat="42.3770700" lon="8.9425090" />
      <trkpt lat="42.3769300" lon="8.9423460" />
      <trkpt lat="42.3769000" lon="8.9422110" />
      <trkpt lat="42.3769130" lon="8.9421620" />
      <trkpt lat="42.3769130" lon="8.9421620" />
      <trkpt lat="42.3769230" lon="8.9419780" />
      <trkpt lat="42.3769210" lon="8.9418650" />
      <trkpt lat="42.3769310" lon="8.9417890" />
      <trkpt lat="42.3769230" lon="8.9416390" />
      <trkpt lat="42.3769160" lon="8.9415870" />
      <trkpt lat="42.3769520" lon="8.9415250" />
      <trkpt lat="42.3770270" lon="8.9414620" />
      <trkpt lat="42.3770430" lon="8.9414200" />
      <trkpt lat="42.3770330" lon="8.9413420" />
      <trkpt lat="42.3770420" lon="8.9413230" />
      <trkpt lat="42.3771220" lon="8.9412310" />
      <trkpt lat="42.3771370" lon="8.9411580" />
      <trkpt lat="42.3771370" lon="8.9411580" />
      <trkpt lat="42.3771140" lon="8.9411150" />
      <trkpt lat="42.3770950" lon="8.9410860" />
      <trkpt lat="42.3770760" lon="8.9410570" />
      <trkpt lat="42.3770570" lon="8.9410280" />
      <trkpt lat="42.3770380" lon="8.9409990" />
      <trkpt lat="42.3770270" lon="8.9409820" />
      <trkpt lat="42.3769770" lon="8.9408780" />
      <trkpt lat="42.3770270" lon="8.9407720" />
      <trkpt lat="42.3770150" lon="8.9406340" />
      <trkpt lat="42.3769770" lon="8.9405310" />
      <trkpt lat="42.3769770" lon="8.9405310" />
      <trkpt lat="42.3769770" lon="8.9405310" />
      <trkpt lat="42.3769770" lon="8.9405310" />
      <trkpt lat="42.3769770" lon="8.9405310" />
      <trkpt lat="42.3769770" lon="8.9405310" />
      <trkpt lat="42.3769770" lon="8.9405310" />
      <trkpt lat="42.3769770" lon="8.9405310" />
      <trkpt lat="42.3769770" lon="8.9405310" />
      <trkpt lat="42.3769770" lon="8.9405310" />
      <trkpt lat="42.3769770" lon="8.9405310" />
      <trkpt lat="42.3769770" lon="8.9405310" />
      <trkpt lat="42.3769770" lon="8.9405310" />
      <trkpt lat="42.3769760" lon="8.9404080" />
      <trkpt lat="42.3762020" lon="8.9385950" />
      <trkpt lat="42.3756720" lon="8.9362210" />
      <trkpt lat="42.3756690" lon="8.9359360" />
      <trkpt lat="42.3756230" lon="8.9358230" />
      <trkpt lat="42.3754610" lon="8.9349710" />
      <trkpt lat="42.3754680" lon="8.9349480" />
      <trkpt lat="42.3750210" lon="8.9336510" />
      <trkpt lat="42.3750120" lon="8.9335410" />
      <trkpt lat="42.3740160" lon="8.9329220" />
      <trkpt lat="42.3733630" lon="8.9319850" />
      <trkpt lat="42.3731300" lon="8.9316440" />
      <trkpt lat="42.3730650" lon="8.9313790" />
      <trkpt lat="42.3730660" lon="8.9313530" />
      <trkpt lat="42.3730640" lon="8.9313710" />
      <trkpt lat="42.3730630" lon="8.9313920" />
      <trkpt lat="42.3730680" lon="8.9313960" />
      <trkpt lat="42.3730680" lon="8.9313960" />
      <trkpt lat="42.3730680" lon="8.9313960" />
      <trkpt lat="42.3730680" lon="8.9313960" />
      <trkpt lat="42.3730680" lon="8.9313960" />
      <trkpt lat="42.3730670" lon="8.9313940" />
      <trkpt lat="42.3730610" lon="8.9313400" />
      <trkpt lat="42.3730660" lon="8.9313150" />
      <trkpt lat="42.3730900" lon="8.9311870" />
      <trkpt lat="42.3730920" lon="8.9311570" />
      <trkpt lat="42.3730830" lon="8.9311620" />
      <trkpt lat="42.3730830" lon="8.9311620" />
      <trkpt lat="42.3730830" lon="8.9311820" />
      <trkpt lat="42.3730770" lon="8.9312080" />
      <trkpt lat="42.3730720" lon="8.9312400" />
      <trkpt lat="42.3730720" lon="8.9312400" />
      <trkpt lat="42.3730700" lon="8.9312740" />
      <trkpt lat="42.3730660" lon="8.9313100" />
      <trkpt lat="42.3730660" lon="8.9313100" />
      <trkpt lat="42.3730680" lon="8.9313450" />
      <trkpt lat="42.3730680" lon="8.9313450" />
      <trkpt lat="42.3726790" lon="8.9309810" />
      <trkpt lat="42.3724440" lon="8.9304710" />
      <trkpt lat="42.3724440" lon="8.9304710" />
      <trkpt lat="42.3724440" lon="8.9304710" />
      <trkpt lat="42.3724440" lon="8.9304710" />
      <trkpt lat="42.3724440" lon="8.9304710" />
      <trkpt lat="42.3724440" lon="8.9304710" />
      <trkpt lat="42.3724440" lon="8.9304710" />
      <trkpt lat="42.3724440" lon="8.9304710" />
      <trkpt lat="42.3724440" lon="8.9304710" />
      <trkpt lat="42.3724440" lon="8.9304710" />
      <trkpt lat="42.3724330" lon="8.9304630" />
      <trkpt lat="42.3723680" lon="8.9303660" />
      <trkpt lat="42.3723500" lon="8.9303200" />
      <trkpt lat="42.3721910" lon="8.9302060" />
      <trkpt lat="42.3721090" lon="8.9301160" />
      <trkpt lat="42.3720780" lon="8.9300820" />
      <trkpt lat="42.3720620" lon="8.9300470" />
      <trkpt lat="42.3720380" lon="8.9299310" />
      <trkpt lat="42.3720380" lon="8.9299310" />
      <trkpt lat="42.3720380" lon="8.9299310" />
      <trkpt lat="42.3720380" lon="8.9299310" />
      <trkpt lat="42.3720380" lon="8.9299310" />
      <trkpt lat="42.3720380" lon="8.9299310" />
      <trkpt lat="42.3720380" lon="8.9299310" />
      <trkpt lat="42.3720380" lon="8.9299310" />
      <trkpt lat="42.3720380" lon="8.9299310" />
      <trkpt lat="42.3720380" lon="8.9299310" />
      <trkpt lat="42.3720380" lon="8.9299310" />
      <trkpt lat="42.3720380" lon="8.9299310" />
      <trkpt lat="42.3720380" lon="8.9299310" />
      <trkpt lat="42.3720380" lon="8.9299310" />
      <trkpt lat="42.3720380" lon="8.9299310" />
      <trkpt lat="42.3722970" lon="8.9295960" />
      <trkpt lat="42.3730000" lon="8.9289430" />
      <trkpt lat="42.3730990" lon="8.9288430" />
      <trkpt lat="42.3732930" lon="8.9286200" />
      <trkpt lat="42.3732930" lon="8.9286200" />
      <trkpt lat="42.3732930" lon="8.9286200" />
      <trkpt lat="42.3733080" lon="8.9286050" />
      <trkpt lat="42.3733730" lon="8.9286000" />
      <trkpt lat="42.3733600" lon="8.9287260" />
      <trkpt lat="42.3733010" lon="8.9288820" />
      <trkpt lat="42.3732500" lon="8.9290440" />
      <trkpt lat="42.3731840" lon="8.9291870" />
      <trkpt lat="42.3731650" lon="8.9292290" />
      <trkpt lat="42.3730990" lon="8.9293430" />
      <trkpt lat="42.3730670" lon="8.9294240" />
      <trkpt lat="42.3730760" lon="8.9294720" />
      <trkpt lat="42.3731490" lon="8.9295190" />
      <trkpt lat="42.3733030" lon="8.9294960" />
      <trkpt lat="42.3733030" lon="8.9294960" />
      <trkpt lat="42.3733030" lon="8.9294960" />
      <trkpt lat="42.3733030" lon="8.9294960" />
      <trkpt lat="42.3733030" lon="8.9294960" />
      <trkpt lat="42.3733030" lon="8.9294960" />
      <trkpt lat="42.3733030" lon="8.9294960" />
      <trkpt lat="42.3733030" lon="8.9294960" />
      <trkpt lat="42.3733030" lon="8.9294960" />
      <trkpt lat="42.3733030" lon="8.9294960" />
      <trkpt lat="42.3733030" lon="8.9294960" />
      <trkpt lat="42.3733030" lon="8.9294960" />
      <trkpt lat="42.3733030" lon="8.9294960" />
      <trkpt lat="42.3733030" lon="8.9294960" />
      <trkpt lat="42.3733030" lon="8.9294960" />
      <trkpt lat="42.3733030" lon="8.9294960" />
      <trkpt lat="42.3733030" lon="8.9294960" />
      <trkpt lat="42.3733030" lon="8.9294960" />
      <trkpt lat="42.3733030" lon="8.9294960" />
      <trkpt lat="42.3733390" lon="8.9295150" />
      <trkpt lat="42.3733780" lon="8.9295410" />
      <trkpt lat="42.3734440" lon="8.9295790" />
      <trkpt lat="42.3734790" lon="8.9295900" />
      <trkpt lat="42.3734970" lon="8.9296120" />
      <trkpt lat="42.3736290" lon="8.9296060" />
      <trkpt lat="42.3736290" lon="8.9296060" />
      <trkpt lat="42.3737050" lon="8.9295940" />
      <trkpt lat="42.3737580" lon="8.9296230" />
      <trkpt lat="42.3738150" lon="8.9296760" />
      <trkpt lat="42.3738150" lon="8.9296760" />
      <trkpt lat="42.3738150" lon="8.9296760" />
      <trkpt lat="42.3738150" lon="8.9296760" />
      <trkpt lat="42.3738150" lon="8.9296760" />
      <trkpt lat="42.3738150" lon="8.9296760" />
      <trkpt lat="42.3738040" lon="8.9296660" />
      <trkpt lat="42.3738040" lon="8.9296660" />
      <trkpt lat="42.3738600" lon="8.9297290" />
      <trkpt lat="42.3742390" lon="8.9303730" />
      <trkpt lat="42.3750000" lon="8.9317340" />
      <trkpt lat="42.3759680" lon="8.9307660" />
      <trkpt lat="42.3768410" lon="8.9314390" />
      <trkpt lat="42.3775730" lon="8.9309710" />
      <trkpt lat="42.3782610" lon="8.9305990" />
      <trkpt lat="42.3783430" lon="8.9304730" />
      <trkpt lat="42.3783340" lon="8.9304620" />
      <trkpt lat="42.3783250" lon="8.9304510" />
      <trkpt lat="42.3783150" lon="8.9304400" />
      <trkpt lat="42.3783060" lon="8.9304290" />
      <trkpt lat="42.3782970" lon="8.9304180" />
      <trkpt lat="42.3782880" lon="8.9304070" />
      <trkpt lat="42.3782780" lon="8.9303960" />
      <trkpt lat="42.3782690" lon="8.9303850" />
      <trkpt lat="42.3782600" lon="8.9303740" />
      <trkpt lat="42.3782500" lon="8.9303630" />
      <trkpt lat="42.3782410" lon="8.9303520" />
      <trkpt lat="42.3775720" lon="8.9296800" />
      <trkpt lat="42.3775480" lon="8.9289150" />
      <trkpt lat="42.3782140" lon="8.9280000" />
      <trkpt lat="42.3782090" lon="8.9269070" />
      <trkpt lat="42.3790890" lon="8.9267300" />
      <trkpt lat="42.3791350" lon="8.9266070" />
      <trkpt lat="42.3791530" lon="8.9266510" />
      <trkpt lat="42.3794210" lon="8.9271150" />
      <trkpt lat="42.3795180" lon="8.9268520" />
      <trkpt lat="42.3794520" lon="8.9265000" />
      <trkpt lat="42.3800270" lon="8.9258010" />
      <trkpt lat="42.3807680" lon="8.9253780" />
      <trkpt lat="42.3812620" lon="8.9242820" />
      <trkpt lat="42.3814770" lon="8.9237270" />
      <trkpt lat="42.3814450" lon="8.9235980" />
      <trkpt lat="42.3815240" lon="8.9230830" />
      <trkpt lat="42.3815570" lon="8.9228990" />
      <trkpt lat="42.3816030" lon="8.9229210" />
      <trkpt lat="42.3817530" lon="8.9227920" />
      <trkpt lat="42.3820410" lon="8.9231260" />
      <trkpt lat="42.3821770" lon="8.9230670" />
      <trkpt lat="42.3823510" lon="8.9235720" />
      <trkpt lat="42.3823680" lon="8.9236510" />
      <trkpt lat="42.3824970" lon="8.9240480" />
      <trkpt lat="42.3824620" lon="8.9228590" />
      <trkpt lat="42.3829430" lon="8.9221660" />
      <trkpt lat="42.3829380" lon="8.9221870" />
      <trkpt lat="42.3829320" lon="8.9222080" />
      <trkpt lat="42.3829270" lon="8.9222300" />
      <trkpt lat="42.3829220" lon="8.9222510" />
      <trkpt lat="42.3829170" lon="8.9222720" />
      <trkpt lat="42.3829110" lon="8.9222930" />
      <trkpt lat="42.3833230" lon="8.9226380" />
      <trkpt lat="42.3844530" lon="8.9223780" />
      <trkpt lat="42.3847310" lon="8.9222050" />
      <trkpt lat="42.3847660" lon="8.9220430" />
      <trkpt lat="42.3849150" lon="8.9218990" />
      <trkpt lat="42.3849750" lon="8.9213280" />
      <trkpt lat="42.3860640" lon="8.9209750" />
      <trkpt lat="42.3874370" lon="8.9215880" />
      <trkpt lat="42.3875730" lon="8.9227030" />
      <trkpt lat="42.3888100" lon="8.9229450" />
      <trkpt lat="42.3891890" lon="8.9237440" />
      <trkpt lat="42.3896350" lon="8.9238760" />
      <trkpt lat="42.3898220" lon="8.9238460" />
      <trkpt lat="42.3898430" lon="8.9237760" />
      <trkpt lat="42.3900000" lon="8.9236150" />
      <trkpt lat="42.3908000" lon="8.9231920" />
      <trkpt lat="42.3909050" lon="8.9232350" />
      <trkpt lat="42.3909860" lon="8.9232210" />
      <trkpt lat="42.3912630" lon="8.9231880" />
      <trkpt lat="42.3913660" lon="8.9232080" />
      <trkpt lat="42.3914890" lon="8.9233760" />
      <trkpt lat="42.3922000" lon="8.9230590" />
      <trkpt lat="42.3923170" lon="8.9230200" />
      <trkpt lat="42.3923060" lon="8.9230140" />
      <trkpt lat="42.3923060" lon="8.9230140" />
      <trkpt lat="42.3923060" lon="8.9230140" />
      <trkpt lat="42.3923060" lon="8.9230140" />
      <trkpt lat="42.3922960" lon="8.9230230" />
      <trkpt lat="42.3922960" lon="8.9230230" />
      <trkpt lat="42.3926200" lon="8.9229310" />
      <trkpt lat="42.3931120" lon="8.9228220" />
      <trkpt lat="42.3931990" lon="8.9227730" />
      <trkpt lat="42.3939510" lon="8.9223400" />
      <trkpt lat="42.3940840" lon="8.9222870" />
      <trkpt lat="42.3943290" lon="8.9223670" />
      <trkpt lat="42.3943440" lon="8.9223840" />
      <trkpt lat="42.3944030" lon="8.9225550" />
      <trkpt lat="42.3944150" lon="8.9225840" />
      <trkpt lat="42.3944150" lon="8.9225840" />
      <trkpt lat="42.3946300" lon="8.9227400" />
      <trkpt lat="42.3951190" lon="8.9228010" />
      <trkpt lat="42.3956240" lon="8.9228260" />
      <trkpt lat="42.3956330" lon="8.9228440" />
      <trkpt lat="42.3956330" lon="8.9228440" />
      <trkpt lat="42.3957050" lon="8.9228360" />
      <trkpt lat="42.3957720" lon="8.9228090" />
      <trkpt lat="42.3958170" lon="8.9226970" />
      <trkpt lat="42.3960410" lon="8.9225150" />
      <trkpt lat="42.3961770" lon="8.9225610" />
      <trkpt lat="42.3963440" lon="8.9225890" />
      <trkpt lat="42.3963750" lon="8.9226190" />
      <trkpt lat="42.3963790" lon="8.9226630" />
      <trkpt lat="42.3964150" lon="8.9225510" />
      <trkpt lat="42.3963940" lon="8.9225510" />
      <trkpt lat="42.3963940" lon="8.9225510" />
      <trkpt lat="42.3963990" lon="8.9225570" />
      <trkpt lat="42.3963990" lon="8.9225570" />
      <trkpt lat="42.3963920" lon="8.9225540" />
      <trkpt lat="42.3963920" lon="8.9225540" />
      <trkpt lat="42.3963920" lon="8.9225540" />
      <trkpt lat="42.3963920" lon="8.9225540" />
      <trkpt lat="42.3963900" lon="8.9225530" />
      <trkpt lat="42.3964010" lon="8.9225570" />
      <trkpt lat="42.3964270" lon="8.9225610" />
      <trkpt lat="42.3964210" lon="8.9225390" />
      <trkpt lat="42.3964140" lon="8.9225150" />
      <trkpt lat="42.3965750" lon="8.9224750" />
      <trkpt lat="42.3966780" lon="8.9225060" />
      <trkpt lat="42.3967020" lon="8.9224930" />
      <trkpt lat="42.3967690" lon="8.9223510" />
      <trkpt lat="42.3968320" lon="8.9223820" />
      <trkpt lat="42.3969970" lon="8.9223560" />
      <trkpt lat="42.3970510" lon="8.9222140" />
      <trkpt lat="42.3969800" lon="8.9221450" />
      <trkpt lat="42.3969560" lon="8.9220780" />
      <trkpt lat="42.3970160" lon="8.9219210" />
      <trkpt lat="42.3969370" lon="8.9218110" />
      <trkpt lat="42.3970050" lon="8.9217460" />
      <trkpt lat="42.3970120" lon="8.9216740" />
      <trkpt lat="42.3971960" lon="8.9215890" />
      <trkpt lat="42.3973410" lon="8.9215770" />
      <trkpt lat="42.3974810" lon="8.9215970" />
      <trkpt lat="42.3976540" lon="8.9215740" />
      <trkpt lat="42.3977790" lon="8.9215040" />
      <trkpt lat="42.3979760" lon="8.9215710" />
      <trkpt lat="42.3981150" lon="8.9215990" />
      <trkpt lat="42.3982960" lon="8.9216830" />
      <trkpt lat="42.3984900" lon="8.9217300" />
      <trkpt lat="42.3986460" lon="8.9217900" />
      <trkpt lat="42.3988890" lon="8.9219640" />
      <trkpt lat="42.3991100" lon="8.9220050" />
      <trkpt lat="42.3992910" lon="8.9220380" />
      <trkpt lat="42.3994430" lon="8.9220550" />
      <trkpt lat="42.3996130" lon="8.9221960" />
      <trkpt lat="42.3997900" lon="8.9221720" />
      <trkpt lat="42.4000190" lon="8.9222420" />
      <trkpt lat="42.4002200" lon="8.9223280" />
      <trkpt lat="42.4004970" lon="8.9223960" />
      <trkpt lat="42.4006700" lon="8.9224690" />
      <trkpt lat="42.4008260" lon="8.9225490" />
      <trkpt lat="42.4010960" lon="8.9227120" />
      <trkpt lat="42.4013310" lon="8.9228060" />
      <trkpt lat="42.4015570" lon="8.9229030" />
      <trkpt lat="42.4018260" lon="8.9230460" />
      <trkpt lat="42.4020840" lon="8.9232420" />
      <trkpt lat="42.4023330" lon="8.9234430" />
      <trkpt lat="42.4024990" lon="8.9236330" />
      <trkpt lat="42.4026810" lon="8.9238270" />
      <trkpt lat="42.4029110" lon="8.9240440" />
      <trkpt lat="42.4031150" lon="8.9241020" />
      <trkpt lat="42.4032310" lon="8.9238710" />
      <trkpt lat="42.4032840" lon="8.9237840" />
      <trkpt lat="42.4032880" lon="8.9234880" />
      <trkpt lat="42.4033780" lon="8.9233030" />
    </trkseg>
  </trk>
</gpx>