<?xml version="1.0" encoding="UTF-8"?>
<gpx version="1.1" creator="lgrs-site" xmlns="http://www.topografix.com/GPX/1/1">
  <metadata>
    <desc>Trace dérivée (simplifiée RDP epsilon=8m) — voir data/gpx-sources/suisse-titlis-dammastock-2025.original.gpx pour la trace originale.</desc>
  </metadata>
  <trk>
    <name>Dammastock – Titlis, traversée à ski (2025)</name>
    <trkseg>
      <trkpt lat="46.6627504" lon="8.2882317"><ele>1157.6</ele><time>2025-03-24T13:12:40Z</time></trkpt>
      <trkpt lat="46.6628832" lon="8.2877646"><ele>1161.1</ele><time>2025-03-24T13:18:46Z</time></trkpt>
      <trkpt lat="46.6628785" lon="8.2872131"><ele>1163.8</ele><time>2025-03-24T13:19:13Z</time></trkpt>
      <trkpt lat="46.6624404" lon="8.2858083"><ele>1178.2</ele><time>2025-03-24T13:20:54Z</time></trkpt>
      <trkpt lat="46.6623013" lon="8.2845291"><ele>1183.6</ele><time>2025-03-24T13:22:53Z</time></trkpt>
      <trkpt lat="46.6628309" lon="8.2859708"><ele>1200.5</ele><time>2025-03-24T13:24:37Z</time></trkpt>
      <trkpt lat="46.6634055" lon="8.2856847"><ele>1210.1</ele><time>2025-03-24T13:27:03Z</time></trkpt>
      <trkpt lat="46.6636909" lon="8.2860468"><ele>1221.5</ele><time>2025-03-24T13:28:01Z</time></trkpt>
      <trkpt lat="46.6637395" lon="8.2865086"><ele>1235.3</ele><time>2025-03-24T13:28:57Z</time></trkpt>
      <trkpt lat="46.6638632" lon="8.2864522"><ele>1236.3</ele><time>2025-03-24T13:29:18Z</time></trkpt>
      <trkpt lat="46.6641971" lon="8.286825"><ele>1255.2</ele><time>2025-03-24T13:30:56Z</time></trkpt>
      <trkpt lat="46.6641227" lon="8.2872573"><ele>1264.0</ele><time>2025-03-24T13:32:32Z</time></trkpt>
      <trkpt lat="46.6642951" lon="8.2875318"><ele>1266.8</ele><time>2025-03-24T13:33:10Z</time></trkpt>
      <trkpt lat="46.6645049" lon="8.288482"><ele>1274.5</ele><time>2025-03-24T13:34:35Z</time></trkpt>
      <trkpt lat="46.6647434" lon="8.2888874"><ele>1281.8</ele><time>2025-03-24T13:35:28Z</time></trkpt>
      <trkpt lat="46.6647746" lon="8.2894394"><ele>1285.5</ele><time>2025-03-24T13:36:08Z</time></trkpt>
      <trkpt lat="46.6647767" lon="8.2891493"><ele>1288.7</ele><time>2025-03-24T13:36:35Z</time></trkpt>
      <trkpt lat="46.6652428" lon="8.2892643"><ele>1310.9</ele><time>2025-03-24T13:38:40Z</time></trkpt>
      <trkpt lat="46.6653147" lon="8.2891199"><ele>1314.9</ele><time>2025-03-24T13:39:02Z</time></trkpt>
      <trkpt lat="46.6656462" lon="8.2896796"><ele>1337.7</ele><time>2025-03-24T13:40:43Z</time></trkpt>
      <trkpt lat="46.6658007" lon="8.2893374"><ele>1346.8</ele><time>2025-03-24T13:41:42Z</time></trkpt>
      <trkpt lat="46.6659521" lon="8.2895691"><ele>1357.4</ele><time>2025-03-24T13:42:35Z</time></trkpt>
      <trkpt lat="46.6662085" lon="8.2889706"><ele>1375.8</ele><time>2025-03-24T13:44:15Z</time></trkpt>
      <trkpt lat="46.6665049" lon="8.2888664"><ele>1386.6</ele><time>2025-03-24T13:48:34Z</time></trkpt>
      <trkpt lat="46.6670563" lon="8.2892185"><ele>1415.3</ele><time>2025-03-24T13:51:51Z</time></trkpt>
      <trkpt lat="46.6671925" lon="8.2891435"><ele>1418.3</ele><time>2025-03-24T13:52:27Z</time></trkpt>
      <trkpt lat="46.6671907" lon="8.2897238"><ele>1431.7</ele><time>2025-03-24T13:53:51Z</time></trkpt>
      <trkpt lat="46.667543" lon="8.2891468"><ele>1437.2</ele><time>2025-03-24T13:55:01Z</time></trkpt>
      <trkpt lat="46.6676915" lon="8.289125"><ele>1446.9</ele><time>2025-03-24T13:55:59Z</time></trkpt>
      <trkpt lat="46.668615" lon="8.2895312"><ele>1487.7</ele><time>2025-03-24T14:01:47Z</time></trkpt>
      <trkpt lat="46.6688059" lon="8.289875"><ele>1502.3</ele><time>2025-03-24T14:03:01Z</time></trkpt>
      <trkpt lat="46.6688446" lon="8.2905562"><ele>1514.6</ele><time>2025-03-24T14:04:33Z</time></trkpt>
      <trkpt lat="46.6689802" lon="8.2908731"><ele>1523.2</ele><time>2025-03-24T14:05:19Z</time></trkpt>
      <trkpt lat="46.668914" lon="8.2914679"><ele>1532.4</ele><time>2025-03-24T14:06:16Z</time></trkpt>
      <trkpt lat="46.6691072" lon="8.2917853"><ele>1540.5</ele><time>2025-03-24T14:07:11Z</time></trkpt>
      <trkpt lat="46.6691028" lon="8.2921331"><ele>1544.7</ele><time>2025-03-24T14:07:51Z</time></trkpt>
      <trkpt lat="46.6694351" lon="8.2923029"><ele>1555.7</ele><time>2025-03-24T14:08:59Z</time></trkpt>
      <trkpt lat="46.6696541" lon="8.2926779"><ele>1570.7</ele><time>2025-03-24T14:10:23Z</time></trkpt>
      <trkpt lat="46.6698951" lon="8.2925856"><ele>1578.9</ele><time>2025-03-24T14:11:09Z</time></trkpt>
      <trkpt lat="46.6700003" lon="8.2921588"><ele>1592.0</ele><time>2025-03-24T14:12:18Z</time></trkpt>
      <trkpt lat="46.670201" lon="8.2922428"><ele>1601.8</ele><time>2025-03-24T14:13:31Z</time></trkpt>
      <trkpt lat="46.6704586" lon="8.2930523"><ele>1619.4</ele><time>2025-03-24T14:15:57Z</time></trkpt>
      <trkpt lat="46.6705592" lon="8.2931017"><ele>1625.9</ele><time>2025-03-24T14:16:29Z</time></trkpt>
      <trkpt lat="46.6706234" lon="8.2928351"><ele>1631.8</ele><time>2025-03-24T14:17:05Z</time></trkpt>
      <trkpt lat="46.6708031" lon="8.2929444"><ele>1647.1</ele><time>2025-03-24T14:18:30Z</time></trkpt>
      <trkpt lat="46.671865" lon="8.2945798"><ele>1665.5</ele><time>2025-03-24T14:41:10Z</time></trkpt>
      <trkpt lat="46.6719492" lon="8.2951542"><ele>1673.1</ele><time>2025-03-24T14:42:12Z</time></trkpt>
      <trkpt lat="46.6713183" lon="8.2952738"><ele>1682.8</ele><time>2025-03-24T14:43:32Z</time></trkpt>
      <trkpt lat="46.6710954" lon="8.2954897"><ele>1693.0</ele><time>2025-03-24T14:44:22Z</time></trkpt>
      <trkpt lat="46.6713718" lon="8.2956109"><ele>1700.9</ele><time>2025-03-24T14:45:19Z</time></trkpt>
      <trkpt lat="46.6712174" lon="8.2956508"><ele>1702.7</ele><time>2025-03-24T14:45:45Z</time></trkpt>
      <trkpt lat="46.6713857" lon="8.2961984"><ele>1721.7</ele><time>2025-03-24T14:49:06Z</time></trkpt>
      <trkpt lat="46.6712388" lon="8.296366"><ele>1727.9</ele><time>2025-03-24T14:50:07Z</time></trkpt>
      <trkpt lat="46.6716661" lon="8.296998"><ele>1748.0</ele><time>2025-03-24T15:00:29Z</time></trkpt>
      <trkpt lat="46.6714074" lon="8.2970564"><ele>1760.3</ele><time>2025-03-24T15:01:28Z</time></trkpt>
      <trkpt lat="46.6715166" lon="8.2972528"><ele>1760.5</ele><time>2025-03-24T15:02:19Z</time></trkpt>
      <trkpt lat="46.6714181" lon="8.297442"><ele>1772.7</ele><time>2025-03-24T15:03:12Z</time></trkpt>
      <trkpt lat="46.6714811" lon="8.2975879"><ele>1770.1</ele><time>2025-03-24T15:03:32Z</time></trkpt>
      <trkpt lat="46.6721122" lon="8.2979936"><ele>1787.1</ele><time>2025-03-24T15:05:51Z</time></trkpt>
      <trkpt lat="46.6731218" lon="8.298196"><ele>1807.3</ele><time>2025-03-24T15:09:06Z</time></trkpt>
      <trkpt lat="46.673288" lon="8.2985612"><ele>1815.5</ele><time>2025-03-24T15:10:11Z</time></trkpt>
      <trkpt lat="46.672985" lon="8.2989289"><ele>1834.6</ele><time>2025-03-24T15:11:37Z</time></trkpt>
      <trkpt lat="46.6736769" lon="8.2991704"><ele>1828.1</ele><time>2025-03-24T15:14:15Z</time></trkpt>
      <trkpt lat="46.6741563" lon="8.2990358"><ele>1855.4</ele><time>2025-03-24T15:16:41Z</time></trkpt>
      <trkpt lat="46.6745172" lon="8.299237"><ele>1864.8</ele><time>2025-03-24T15:18:19Z</time></trkpt>
      <trkpt lat="46.6741244" lon="8.2995475"><ele>1876.5</ele><time>2025-03-24T15:19:50Z</time></trkpt>
      <trkpt lat="46.6748646" lon="8.2997802"><ele>1891.5</ele><time>2025-03-24T15:22:43Z</time></trkpt>
      <trkpt lat="46.6752346" lon="8.2995863"><ele>1904.9</ele><time>2025-03-24T15:24:21Z</time></trkpt>
      <trkpt lat="46.6752713" lon="8.2999233"><ele>1907.4</ele><time>2025-03-24T15:25:11Z</time></trkpt>
      <trkpt lat="46.6754376" lon="8.2995083"><ele>1923.7</ele><time>2025-03-24T15:26:19Z</time></trkpt>
      <trkpt lat="46.6756803" lon="8.2995656"><ele>1927.4</ele><time>2025-03-24T15:30:49Z</time></trkpt>
      <trkpt lat="46.6755564" lon="8.300214"><ele>1935.5</ele><time>2025-03-24T15:32:41Z</time></trkpt>
      <trkpt lat="46.6756243" lon="8.3003168"><ele>1938.7</ele><time>2025-03-24T15:33:06Z</time></trkpt>
      <trkpt lat="46.6753035" lon="8.300777"><ele>1952.8</ele><time>2025-03-24T15:34:32Z</time></trkpt>
      <trkpt lat="46.6747396" lon="8.3010971"><ele>1964.1</ele><time>2025-03-24T15:36:16Z</time></trkpt>
      <trkpt lat="46.6743323" lon="8.3009861"><ele>1975.4</ele><time>2025-03-24T15:37:47Z</time></trkpt>
      <trkpt lat="46.6743786" lon="8.3014353"><ele>1990.0</ele><time>2025-03-24T15:39:19Z</time></trkpt>
      <trkpt lat="46.6745739" lon="8.3015178"><ele>1996.4</ele><time>2025-03-24T15:40:10Z</time></trkpt>
      <trkpt lat="46.6746092" lon="8.3017273"><ele>1997.5</ele><time>2025-03-24T15:40:58Z</time></trkpt>
      <trkpt lat="46.674478" lon="8.3023755"><ele>2011.8</ele><time>2025-03-24T15:42:46Z</time></trkpt>
      <trkpt lat="46.6748178" lon="8.3023112"><ele>2018.0</ele><time>2025-03-24T15:44:33Z</time></trkpt>
      <trkpt lat="46.6751481" lon="8.3025612"><ele>2023.8</ele><time>2025-03-24T15:45:58Z</time></trkpt>
      <trkpt lat="46.6749632" lon="8.3027939"><ele>2034.0</ele><time>2025-03-24T15:46:55Z</time></trkpt>
      <trkpt lat="46.6748511" lon="8.3034556"><ele>2046.5</ele><time>2025-03-24T15:48:48Z</time></trkpt>
      <trkpt lat="46.6751407" lon="8.3032585"><ele>2054.7</ele><time>2025-03-24T15:49:53Z</time></trkpt>
      <trkpt lat="46.675943" lon="8.3032315"><ele>2075.0</ele><time>2025-03-24T15:53:13Z</time></trkpt>
      <trkpt lat="46.6757974" lon="8.3040734"><ele>2090.6</ele><time>2025-03-24T15:55:51Z</time></trkpt>
      <trkpt lat="46.6762359" lon="8.3038603"><ele>2104.6</ele><time>2025-03-24T15:57:35Z</time></trkpt>
      <trkpt lat="46.6761308" lon="8.3043504"><ele>2115.3</ele><time>2025-03-24T15:59:02Z</time></trkpt>
      <trkpt lat="46.6764517" lon="8.3042182"><ele>2124.0</ele><time>2025-03-24T16:00:42Z</time></trkpt>
      <trkpt lat="46.6763512" lon="8.3045907"><ele>2130.9</ele><time>2025-03-24T16:01:38Z</time></trkpt>
      <trkpt lat="46.6765801" lon="8.3045163"><ele>2138.0</ele><time>2025-03-24T16:02:21Z</time></trkpt>
      <trkpt lat="46.6766792" lon="8.3064857"><ele>2165.1</ele><time>2025-03-24T16:16:44Z</time></trkpt>
      <trkpt lat="46.6766055" lon="8.3068527"><ele>2168.7</ele><time>2025-03-24T16:17:37Z</time></trkpt>
      <trkpt lat="46.6772366" lon="8.3087781"><ele>2208.0</ele><time>2025-03-24T16:22:20Z</time></trkpt>
      <trkpt lat="46.6772314" lon="8.3093836"><ele>2224.5</ele><time>2025-03-24T16:23:42Z</time></trkpt>
      <trkpt lat="46.6775519" lon="8.3093889"><ele>2237.2</ele><time>2025-03-24T16:24:48Z</time></trkpt>
      <trkpt lat="46.6783154" lon="8.3088946"><ele>2262.7</ele><time>2025-03-24T16:27:27Z</time></trkpt>
      <trkpt lat="46.6784001" lon="8.3094914"><ele>2275.3</ele><time>2025-03-24T16:28:38Z</time></trkpt>
      <trkpt lat="46.678248" lon="8.3106049"><ele>2292.4</ele><time>2025-03-24T16:31:08Z</time></trkpt>
      <trkpt lat="46.6777727" lon="8.3114703"><ele>2314.6</ele><time>2025-03-24T16:33:26Z</time></trkpt>
      <trkpt lat="46.6782966" lon="8.3114402"><ele>2328.6</ele><time>2025-03-24T16:35:22Z</time></trkpt>
      <trkpt lat="46.6779844" lon="8.3123145"><ele>2342.6</ele><time>2025-03-24T16:38:00Z</time></trkpt>
      <trkpt lat="46.6781297" lon="8.3124461"><ele>2347.7</ele><time>2025-03-24T16:39:02Z</time></trkpt>
      <trkpt lat="46.6783107" lon="8.312367"><ele>2351.8</ele><time>2025-03-24T16:39:39Z</time></trkpt>
      <trkpt lat="46.6780574" lon="8.3128678"><ele>2364.4</ele><time>2025-03-24T16:41:12Z</time></trkpt>
      <trkpt lat="46.6782263" lon="8.3130028"><ele>2368.4</ele><time>2025-03-24T16:41:59Z</time></trkpt>
      <trkpt lat="46.6779934" lon="8.3131563"><ele>2373.2</ele><time>2025-03-24T16:43:01Z</time></trkpt>
      <trkpt lat="46.6781486" lon="8.3134533"><ele>2382.7</ele><time>2025-03-24T16:44:41Z</time></trkpt>
      <trkpt lat="46.6779408" lon="8.3134757"><ele>2388.9</ele><time>2025-03-24T16:45:22Z</time></trkpt>
      <trkpt lat="46.6780019" lon="8.3138155"><ele>2399.3</ele><time>2025-03-24T16:56:42Z</time></trkpt>
      <trkpt lat="46.6782712" lon="8.3143876"><ele>2410.1</ele><time>2025-03-24T16:58:27Z</time></trkpt>
      <trkpt lat="46.6783756" lon="8.3140914"><ele>2418.5</ele><time>2025-03-24T16:59:52Z</time></trkpt>
      <trkpt lat="46.6785332" lon="8.3149011"><ele>2429.1</ele><time>2025-03-24T17:01:56Z</time></trkpt>
      <trkpt lat="46.678638" lon="8.3147208"><ele>2439.1</ele><time>2025-03-24T17:02:52Z</time></trkpt>
      <trkpt lat="46.6789334" lon="8.3164851"><ele>2465.5</ele><time>2025-03-24T17:07:43Z</time></trkpt>
      <trkpt lat="46.6790771" lon="8.3160989"><ele>2473.8</ele><time>2025-03-24T17:10:04Z</time></trkpt>
      <trkpt lat="46.6792187" lon="8.3165497"><ele>2486.2</ele><time>2025-03-24T17:12:20Z</time></trkpt>
      <trkpt lat="46.6794229" lon="8.3159"><ele>2496.4</ele><time>2025-03-24T17:14:24Z</time></trkpt>
      <trkpt lat="46.6794473" lon="8.3166649"><ele>2506.8</ele><time>2025-03-24T17:16:37Z</time></trkpt>
      <trkpt lat="46.6795853" lon="8.3163721"><ele>2511.4</ele><time>2025-03-24T17:17:40Z</time></trkpt>
      <trkpt lat="46.679429" lon="8.3172312"><ele>2523.9</ele><time>2025-03-24T17:20:49Z</time></trkpt>
      <trkpt lat="46.6795742" lon="8.3170757"><ele>2528.2</ele><time>2025-03-24T17:21:42Z</time></trkpt>
      <trkpt lat="46.6795257" lon="8.3173018"><ele>2533.9</ele><time>2025-03-24T17:22:34Z</time></trkpt>
      <trkpt lat="46.6796753" lon="8.317138"><ele>2537.6</ele><time>2025-03-24T17:23:35Z</time></trkpt>
      <trkpt lat="46.6796734" lon="8.3173386"><ele>2540.1</ele><time>2025-03-24T17:24:56Z</time></trkpt>
      <trkpt lat="46.6798779" lon="8.3171168"><ele>2545.5</ele><time>2025-03-24T17:25:52Z</time></trkpt>
      <trkpt lat="46.6798124" lon="8.3172932"><ele>2547.5</ele><time>2025-03-24T17:26:22Z</time></trkpt>
      <trkpt lat="46.6799665" lon="8.3173231"><ele>2556.8</ele><time>2025-03-24T17:28:33Z</time></trkpt>
      <trkpt lat="46.6799412" lon="8.317544"><ele>2568.0</ele><time>2025-03-24T17:30:44Z</time></trkpt>
      <trkpt lat="46.6800621" lon="8.317421"><ele>2571.2</ele><time>2025-03-24T17:31:42Z</time></trkpt>
      <trkpt lat="46.6798608" lon="8.3177944"><ele>2560.3</ele><time>2025-03-24T17:46:21Z</time></trkpt>
      <trkpt lat="46.6799164" lon="8.3182239"><ele>2539.5</ele><time>2025-03-24T17:49:26Z</time></trkpt>
      <trkpt lat="46.6795335" lon="8.3202746"><ele>2512.0</ele><time>2025-03-24T17:50:03Z</time></trkpt>
      <trkpt lat="46.6796812" lon="8.320401"><ele>2497.4</ele><time>2025-03-24T17:50:50Z</time></trkpt>
      <trkpt lat="46.6796691" lon="8.3206139"><ele>2494.2</ele><time>2025-03-24T17:50:55Z</time></trkpt>
      <trkpt lat="46.6797775" lon="8.3205316"><ele>2487.6</ele><time>2025-03-24T17:51:01Z</time></trkpt>
      <trkpt lat="46.6800068" lon="8.3208606"><ele>2467.4</ele><time>2025-03-24T17:51:42Z</time></trkpt>
      <trkpt lat="46.6797717" lon="8.3228515"><ele>2445.6</ele><time>2025-03-24T17:52:12Z</time></trkpt>
      <trkpt lat="46.6802633" lon="8.323181"><ele>2421.2</ele><time>2025-03-24T17:52:27Z</time></trkpt>
      <trkpt lat="46.6802758" lon="8.3235572"><ele>2415.5</ele><time>2025-03-24T17:52:32Z</time></trkpt>
      <trkpt lat="46.6804011" lon="8.3237488"><ele>2405.9</ele><time>2025-03-24T17:52:37Z</time></trkpt>
      <trkpt lat="46.6806241" lon="8.3236839"><ele>2403.8</ele><time>2025-03-24T17:52:42Z</time></trkpt>
      <trkpt lat="46.6807827" lon="8.3240482"><ele>2391.9</ele><time>2025-03-24T17:56:17Z</time></trkpt>
      <trkpt lat="46.681198" lon="8.324146"><ele>2380.0</ele><time>2025-03-24T17:56:27Z</time></trkpt>
      <trkpt lat="46.6812667" lon="8.3242958"><ele>2364.6</ele><time>2025-03-24T17:56:42Z</time></trkpt>
      <trkpt lat="46.6821751" lon="8.3233763"><ele>2348.0</ele><time>2025-03-24T17:57:17Z</time></trkpt>
      <trkpt lat="46.6823935" lon="8.3233273"><ele>2346.8</ele><time>2025-03-24T17:57:22Z</time></trkpt>
      <trkpt lat="46.6825339" lon="8.3235084"><ele>2344.7</ele><time>2025-03-24T17:57:27Z</time></trkpt>
      <trkpt lat="46.6826926" lon="8.3246928"><ele>2335.1</ele><time>2025-03-24T17:57:57Z</time></trkpt>
      <trkpt lat="46.6824856" lon="8.3264192"><ele>2321.6</ele><time>2025-03-24T17:58:53Z</time></trkpt>
      <trkpt lat="46.6825216" lon="8.3277765"><ele>2315.4</ele><time>2025-03-24T18:02:56Z</time></trkpt>
      <trkpt lat="46.6829318" lon="8.3293336"><ele>2294.4</ele><time>2025-03-24T18:03:23Z</time></trkpt>
      <trkpt lat="46.6830694" lon="8.3313176"><ele>2287.6</ele><time>2025-03-24T18:04:43Z</time></trkpt>
      <trkpt lat="46.683321" lon="8.3326251"><ele>2277.6</ele><time>2025-03-24T18:08:32Z</time></trkpt>
      <trkpt lat="46.6835899" lon="8.3332366"><ele>2276.9</ele><time>2025-03-24T18:08:53Z</time></trkpt>
      <trkpt lat="46.6839393" lon="8.3355741"><ele>2271.1</ele><time>2025-03-24T18:09:50Z</time></trkpt>
      <trkpt lat="46.6845051" lon="8.3377321"><ele>2286.8</ele><time>2025-03-24T18:16:31Z</time></trkpt>
      <trkpt lat="46.6847291" lon="8.3379819"><ele>2281.4</ele><time>2025-03-24T18:23:54Z</time></trkpt>
      <trkpt lat="46.6854223" lon="8.3397869"><ele>2253.2</ele><time>2025-03-24T18:24:25Z</time></trkpt>
      <trkpt lat="46.6856728" lon="8.3398633"><ele>2245.7</ele><time>2025-03-24T18:24:36Z</time></trkpt>
      <trkpt lat="46.6858099" lon="8.3402184"><ele>2227.8</ele><time>2025-03-24T18:25:07Z</time></trkpt>
      <trkpt lat="46.6860969" lon="8.3399063"><ele>2221.2</ele><time>2025-03-24T18:25:17Z</time></trkpt>
      <trkpt lat="46.6862362" lon="8.3400847"><ele>2219.7</ele><time>2025-03-24T18:25:23Z</time></trkpt>
      <trkpt lat="46.6866685" lon="8.3407926"><ele>2211.5</ele><time>2025-03-24T18:26:11Z</time></trkpt>
      <trkpt lat="46.6872651" lon="8.3422205"><ele>2199.0</ele><time>2025-03-24T18:26:43Z</time></trkpt>
      <trkpt lat="46.6877432" lon="8.3422884"><ele>2206.5</ele><time>2025-03-24T18:29:23Z</time></trkpt>
      <trkpt lat="46.6877292" lon="8.3420997"><ele>2215.1</ele><time>2025-03-24T18:31:33Z</time></trkpt>
      <trkpt lat="46.6878818" lon="8.3420468"><ele>2214.4</ele><time>2025-03-24T18:32:08Z</time></trkpt>
      <trkpt lat="46.6880375" lon="8.3422109"><ele>2218.7</ele><time>2025-03-24T18:32:58Z</time></trkpt>
      <trkpt lat="46.6883515" lon="8.3418755"><ele>2219.0</ele><time>2025-03-24T18:49:01Z</time></trkpt>
      <trkpt lat="46.6890239" lon="8.3420594"><ele>2211.3</ele><time>2025-03-24T18:49:22Z</time></trkpt>
      <trkpt lat="46.6896233" lon="8.3432881"><ele>2196.1</ele><time>2025-03-24T18:49:43Z</time></trkpt>
      <trkpt lat="46.6903805" lon="8.3436066"><ele>2165.1</ele><time>2025-03-24T18:52:12Z</time></trkpt>
      <trkpt lat="46.6912224" lon="8.3442196"><ele>2113.3</ele><time>2025-03-24T18:54:46Z</time></trkpt>
      <trkpt lat="46.6914269" lon="8.3447315"><ele>2091.9</ele><time>2025-03-24T18:55:01Z</time></trkpt>
      <trkpt lat="46.6913559" lon="8.3449936"><ele>2087.7</ele><time>2025-03-24T18:55:07Z</time></trkpt>
      <trkpt lat="46.6916993" lon="8.3450362"><ele>2067.6</ele><time>2025-03-24T18:55:43Z</time></trkpt>
      <trkpt lat="46.691917" lon="8.3454115"><ele>2053.3</ele><time>2025-03-24T18:55:54Z</time></trkpt>
      <trkpt lat="46.6922769" lon="8.3455349"><ele>2035.6</ele><time>2025-03-24T18:56:05Z</time></trkpt>
      <trkpt lat="46.6924453" lon="8.3458545"><ele>2025.0</ele><time>2025-03-24T18:56:15Z</time></trkpt>
      <trkpt lat="46.692798" lon="8.3457324"><ele>2009.1</ele><time>2025-03-24T18:59:36Z</time></trkpt>
      <trkpt lat="46.6928131" lon="8.3460859"><ele>1998.6</ele><time>2025-03-24T18:59:52Z</time></trkpt>
      <trkpt lat="46.6930324" lon="8.346155"><ele>1987.0</ele><time>2025-03-24T19:00:02Z</time></trkpt>
      <trkpt lat="46.6931692" lon="8.346435"><ele>1975.9</ele><time>2025-03-24T19:00:12Z</time></trkpt>
      <trkpt lat="46.6932326" lon="8.347041"><ele>1965.0</ele><time>2025-03-24T19:00:38Z</time></trkpt>
      <trkpt lat="46.6935617" lon="8.3472185"><ele>1947.6</ele><time>2025-03-24T19:02:23Z</time></trkpt>
      <trkpt lat="46.6936814" lon="8.3475143"><ele>1942.8</ele><time>2025-03-24T19:02:39Z</time></trkpt>
      <trkpt lat="46.694546" lon="8.3480566"><ele>1893.8</ele><time>2025-03-24T19:03:36Z</time></trkpt>
      <trkpt lat="46.6948364" lon="8.347991"><ele>1885.9</ele><time>2025-03-24T19:09:23Z</time></trkpt>
      <trkpt lat="46.6948541" lon="8.3479728"><ele>1891.2</ele><time>2025-03-25T07:33:04Z</time></trkpt>
      <trkpt lat="46.6947598" lon="8.348432"><ele>1886.5</ele><time>2025-03-25T07:37:00Z</time></trkpt>
      <trkpt lat="46.6949494" lon="8.3484269"><ele>1880.1</ele><time>2025-03-25T07:37:25Z</time></trkpt>
      <trkpt lat="46.6951543" lon="8.3490262"><ele>1863.0</ele><time>2025-03-25T07:37:52Z</time></trkpt>
      <trkpt lat="46.694879" lon="8.3500153"><ele>1855.4</ele><time>2025-03-25T07:38:17Z</time></trkpt>
      <trkpt lat="46.6949096" lon="8.3503441"><ele>1843.3</ele><time>2025-03-25T07:39:30Z</time></trkpt>
      <trkpt lat="46.6951542" lon="8.3508654"><ele>1807.1</ele><time>2025-03-25T07:39:50Z</time></trkpt>
      <trkpt lat="46.6954102" lon="8.3510611"><ele>1796.9</ele><time>2025-03-25T07:40:06Z</time></trkpt>
      <trkpt lat="46.6951669" lon="8.3517067"><ele>1781.1</ele><time>2025-03-25T07:41:10Z</time></trkpt>
      <trkpt lat="46.6954023" lon="8.3517453"><ele>1767.5</ele><time>2025-03-25T07:41:21Z</time></trkpt>
      <trkpt lat="46.6944438" lon="8.3549901"><ele>1733.5</ele><time>2025-03-25T07:46:41Z</time></trkpt>
      <trkpt lat="46.6943126" lon="8.3558396"><ele>1734.1</ele><time>2025-03-25T07:47:38Z</time></trkpt>
      <trkpt lat="46.69451" lon="8.3562075"><ele>1738.6</ele><time>2025-03-25T07:48:59Z</time></trkpt>
      <trkpt lat="46.6942845" lon="8.3561633"><ele>1747.9</ele><time>2025-03-25T07:56:13Z</time></trkpt>
      <trkpt lat="46.6942549" lon="8.3562946"><ele>1748.0</ele><time>2025-03-25T08:00:28Z</time></trkpt>
      <trkpt lat="46.6945455" lon="8.3585762"><ele>1762.7</ele><time>2025-03-25T08:08:32Z</time></trkpt>
      <trkpt lat="46.6946742" lon="8.3587761"><ele>1768.0</ele><time>2025-03-25T08:10:35Z</time></trkpt>
      <trkpt lat="46.6946061" lon="8.3593018"><ele>1776.0</ele><time>2025-03-25T08:11:53Z</time></trkpt>
      <trkpt lat="46.6949837" lon="8.3605847"><ele>1767.4</ele><time>2025-03-25T08:16:34Z</time></trkpt>
      <trkpt lat="46.6946218" lon="8.3618954"><ele>1770.2</ele><time>2025-03-25T08:23:17Z</time></trkpt>
      <trkpt lat="46.6941026" lon="8.362029"><ele>1761.6</ele><time>2025-03-25T08:30:47Z</time></trkpt>
      <trkpt lat="46.6940514" lon="8.3622089"><ele>1771.5</ele><time>2025-03-25T08:39:26Z</time></trkpt>
      <trkpt lat="46.694207" lon="8.3627755"><ele>1783.7</ele><time>2025-03-25T08:42:43Z</time></trkpt>
      <trkpt lat="46.6942929" lon="8.3627684"><ele>1790.4</ele><time>2025-03-25T08:43:39Z</time></trkpt>
      <trkpt lat="46.6942033" lon="8.3630277"><ele>1795.7</ele><time>2025-03-25T08:44:19Z</time></trkpt>
      <trkpt lat="46.6945409" lon="8.3629157"><ele>1807.9</ele><time>2025-03-25T08:45:42Z</time></trkpt>
      <trkpt lat="46.6945445" lon="8.3632178"><ele>1812.9</ele><time>2025-03-25T08:47:57Z</time></trkpt>
      <trkpt lat="46.6946395" lon="8.3632531"><ele>1815.8</ele><time>2025-03-25T08:48:18Z</time></trkpt>
      <trkpt lat="46.6945037" lon="8.3635758"><ele>1826.8</ele><time>2025-03-25T08:56:16Z</time></trkpt>
      <trkpt lat="46.6948497" lon="8.3635121"><ele>1832.2</ele><time>2025-03-25T08:58:02Z</time></trkpt>
      <trkpt lat="46.694795" lon="8.3639023"><ele>1854.5</ele><time>2025-03-25T09:00:32Z</time></trkpt>
      <trkpt lat="46.6951918" lon="8.3642997"><ele>1873.9</ele><time>2025-03-25T09:05:32Z</time></trkpt>
      <trkpt lat="46.6949929" lon="8.3643928"><ele>1873.5</ele><time>2025-03-25T09:06:09Z</time></trkpt>
      <trkpt lat="46.695169" lon="8.3645636"><ele>1883.9</ele><time>2025-03-25T09:06:55Z</time></trkpt>
      <trkpt lat="46.6949693" lon="8.3645474"><ele>1890.8</ele><time>2025-03-25T09:07:38Z</time></trkpt>
      <trkpt lat="46.6952744" lon="8.3649556"><ele>1901.7</ele><time>2025-03-25T09:09:03Z</time></trkpt>
      <trkpt lat="46.6950291" lon="8.3650052"><ele>1909.1</ele><time>2025-03-25T09:10:07Z</time></trkpt>
      <trkpt lat="46.6955305" lon="8.3655084"><ele>1923.2</ele><time>2025-03-25T09:15:20Z</time></trkpt>
      <trkpt lat="46.6954248" lon="8.3655905"><ele>1924.2</ele><time>2025-03-25T09:15:46Z</time></trkpt>
      <trkpt lat="46.6955072" lon="8.3656884"><ele>1926.3</ele><time>2025-03-25T09:16:12Z</time></trkpt>
      <trkpt lat="46.6958646" lon="8.3658564"><ele>1934.5</ele><time>2025-03-25T09:17:21Z</time></trkpt>
      <trkpt lat="46.6959223" lon="8.3656064"><ele>1939.3</ele><time>2025-03-25T09:36:03Z</time></trkpt>
      <trkpt lat="46.6959055" lon="8.365813"><ele>1939.6</ele><time>2025-03-25T09:51:56Z</time></trkpt>
      <trkpt lat="46.6958279" lon="8.3656441"><ele>1940.8</ele><time>2025-03-25T09:52:33Z</time></trkpt>
      <trkpt lat="46.6962473" lon="8.3664029"><ele>1955.0</ele><time>2025-03-25T09:58:21Z</time></trkpt>
      <trkpt lat="46.6965638" lon="8.3664358"><ele>1962.9</ele><time>2025-03-25T09:59:34Z</time></trkpt>
      <trkpt lat="46.696756" lon="8.3671069"><ele>1979.2</ele><time>2025-03-25T10:01:16Z</time></trkpt>
      <trkpt lat="46.6966979" lon="8.3673522"><ele>1987.3</ele><time>2025-03-25T10:02:51Z</time></trkpt>
      <trkpt lat="46.6978168" lon="8.3688599"><ele>2036.4</ele><time>2025-03-25T10:08:11Z</time></trkpt>
      <trkpt lat="46.6986177" lon="8.3696834"><ele>2067.1</ele><time>2025-03-25T10:11:41Z</time></trkpt>
      <trkpt lat="46.6987315" lon="8.3704315"><ele>2084.1</ele><time>2025-03-25T10:14:04Z</time></trkpt>
      <trkpt lat="46.6992307" lon="8.3705776"><ele>2095.8</ele><time>2025-03-25T10:15:46Z</time></trkpt>
      <trkpt lat="46.6996278" lon="8.3702993"><ele>2107.7</ele><time>2025-03-25T10:17:22Z</time></trkpt>
      <trkpt lat="46.6998162" lon="8.3708775"><ele>2120.3</ele><time>2025-03-25T10:18:57Z</time></trkpt>
      <trkpt lat="46.6998501" lon="8.3714684"><ele>2129.4</ele><time>2025-03-25T10:20:21Z</time></trkpt>
      <trkpt lat="46.7003742" lon="8.3715512"><ele>2144.4</ele><time>2025-03-25T10:22:20Z</time></trkpt>
      <trkpt lat="46.6997922" lon="8.3737469"><ele>2186.5</ele><time>2025-03-25T10:28:31Z</time></trkpt>
      <trkpt lat="46.7006308" lon="8.3740294"><ele>2209.9</ele><time>2025-03-25T10:31:27Z</time></trkpt>
      <trkpt lat="46.7013498" lon="8.3746155"><ele>2227.9</ele><time>2025-03-25T10:34:19Z</time></trkpt>
      <trkpt lat="46.7000369" lon="8.3761998"><ele>2270.9</ele><time>2025-03-25T10:40:49Z</time></trkpt>
      <trkpt lat="46.7004599" lon="8.3762726"><ele>2276.7</ele><time>2025-03-25T10:43:25Z</time></trkpt>
      <trkpt lat="46.7006486" lon="8.3765592"><ele>2286.0</ele><time>2025-03-25T10:45:05Z</time></trkpt>
      <trkpt lat="46.7005336" lon="8.3766004"><ele>2291.1</ele><time>2025-03-25T10:46:06Z</time></trkpt>
      <trkpt lat="46.7007102" lon="8.3772258"><ele>2313.9</ele><time>2025-03-25T10:50:15Z</time></trkpt>
      <trkpt lat="46.7005942" lon="8.3772515"><ele>2316.7</ele><time>2025-03-25T10:51:00Z</time></trkpt>
      <trkpt lat="46.7008396" lon="8.3775213"><ele>2328.7</ele><time>2025-03-25T10:52:48Z</time></trkpt>
      <trkpt lat="46.700541" lon="8.3776975"><ele>2338.7</ele><time>2025-03-25T10:54:14Z</time></trkpt>
      <trkpt lat="46.7007401" lon="8.3780256"><ele>2346.8</ele><time>2025-03-25T10:55:50Z</time></trkpt>
      <trkpt lat="46.7005176" lon="8.378249"><ele>2358.1</ele><time>2025-03-25T10:57:03Z</time></trkpt>
      <trkpt lat="46.7006652" lon="8.3785571"><ele>2362.6</ele><time>2025-03-25T10:58:11Z</time></trkpt>
      <trkpt lat="46.7004329" lon="8.3786742"><ele>2374.0</ele><time>2025-03-25T10:59:17Z</time></trkpt>
      <trkpt lat="46.7011551" lon="8.3799503"><ele>2399.9</ele><time>2025-03-25T11:09:29Z</time></trkpt>
      <trkpt lat="46.701718" lon="8.3818076"><ele>2424.4</ele><time>2025-03-25T11:13:48Z</time></trkpt>
      <trkpt lat="46.7021013" lon="8.3824936"><ele>2427.9</ele><time>2025-03-25T11:15:15Z</time></trkpt>
      <trkpt lat="46.7034972" lon="8.3836076"><ele>2455.7</ele><time>2025-03-25T11:19:56Z</time></trkpt>
      <trkpt lat="46.7037536" lon="8.3833337"><ele>2465.4</ele><time>2025-03-25T11:21:11Z</time></trkpt>
      <trkpt lat="46.7040174" lon="8.3835264"><ele>2475.9</ele><time>2025-03-25T11:22:22Z</time></trkpt>
      <trkpt lat="46.704485" lon="8.38345"><ele>2489.6</ele><time>2025-03-25T11:24:00Z</time></trkpt>
      <trkpt lat="46.7045064" lon="8.3831943"><ele>2490.4</ele><time>2025-03-25T11:24:42Z</time></trkpt>
      <trkpt lat="46.704682" lon="8.3832664"><ele>2495.8</ele><time>2025-03-25T11:25:27Z</time></trkpt>
      <trkpt lat="46.7047293" lon="8.3831025"><ele>2500.0</ele><time>2025-03-25T11:25:53Z</time></trkpt>
      <trkpt lat="46.7046438" lon="8.3825788"><ele>2508.2</ele><time>2025-03-25T11:27:09Z</time></trkpt>
      <trkpt lat="46.7052696" lon="8.3830127"><ele>2528.6</ele><time>2025-03-25T11:30:03Z</time></trkpt>
      <trkpt lat="46.7055071" lon="8.3824086"><ele>2539.4</ele><time>2025-03-25T11:31:50Z</time></trkpt>
      <trkpt lat="46.7054671" lon="8.3819268"><ele>2542.8</ele><time>2025-03-25T11:32:52Z</time></trkpt>
      <trkpt lat="46.7061037" lon="8.3815026"><ele>2562.0</ele><time>2025-03-25T11:36:01Z</time></trkpt>
      <trkpt lat="46.7064061" lon="8.3823893"><ele>2586.6</ele><time>2025-03-25T11:39:01Z</time></trkpt>
      <trkpt lat="46.7075841" lon="8.3826998"><ele>2610.6</ele><time>2025-03-25T11:43:47Z</time></trkpt>
      <trkpt lat="46.7080492" lon="8.3826037"><ele>2621.7</ele><time>2025-03-25T11:45:22Z</time></trkpt>
      <trkpt lat="46.7081491" lon="8.3824538"><ele>2622.7</ele><time>2025-03-25T11:46:53Z</time></trkpt>
      <trkpt lat="46.7080928" lon="8.3823178"><ele>2618.1</ele><time>2025-03-25T11:47:19Z</time></trkpt>
      <trkpt lat="46.7083137" lon="8.3822434"><ele>2624.1</ele><time>2025-03-25T11:47:46Z</time></trkpt>
      <trkpt lat="46.7088614" lon="8.3815203"><ele>2635.6</ele><time>2025-03-25T11:50:14Z</time></trkpt>
      <trkpt lat="46.7096189" lon="8.3795069"><ele>2654.6</ele><time>2025-03-25T11:57:04Z</time></trkpt>
      <trkpt lat="46.710108" lon="8.379656"><ele>2670.4</ele><time>2025-03-25T11:59:04Z</time></trkpt>
      <trkpt lat="46.7101274" lon="8.3794218"><ele>2669.3</ele><time>2025-03-25T12:00:04Z</time></trkpt>
      <trkpt lat="46.7103729" lon="8.3796799"><ele>2680.8</ele><time>2025-03-25T12:01:09Z</time></trkpt>
      <trkpt lat="46.7104778" lon="8.3796226"><ele>2681.5</ele><time>2025-03-25T12:01:44Z</time></trkpt>
      <trkpt lat="46.7105249" lon="8.3793862"><ele>2679.7</ele><time>2025-03-25T12:02:04Z</time></trkpt>
      <trkpt lat="46.7103612" lon="8.3789556"><ele>2688.7</ele><time>2025-03-25T12:03:14Z</time></trkpt>
      <trkpt lat="46.710531" lon="8.3788437"><ele>2695.4</ele><time>2025-03-25T12:03:59Z</time></trkpt>
      <trkpt lat="46.7103871" lon="8.3784573"><ele>2696.2</ele><time>2025-03-25T12:04:59Z</time></trkpt>
      <trkpt lat="46.7105295" lon="8.3783701"><ele>2704.5</ele><time>2025-03-25T12:05:34Z</time></trkpt>
      <trkpt lat="46.7102674" lon="8.3781049"><ele>2710.5</ele><time>2025-03-25T12:06:44Z</time></trkpt>
      <trkpt lat="46.7106184" lon="8.3777755"><ele>2724.2</ele><time>2025-03-25T12:08:44Z</time></trkpt>
      <trkpt lat="46.7109309" lon="8.3779702"><ele>2733.7</ele><time>2025-03-25T12:09:54Z</time></trkpt>
      <trkpt lat="46.7108747" lon="8.3776155"><ele>2737.1</ele><time>2025-03-25T12:11:49Z</time></trkpt>
      <trkpt lat="46.7110801" lon="8.3777461"><ele>2749.7</ele><time>2025-03-25T12:13:34Z</time></trkpt>
      <trkpt lat="46.7115335" lon="8.3771264"><ele>2745.3</ele><time>2025-03-25T12:53:38Z</time></trkpt>
      <trkpt lat="46.7118253" lon="8.3773117"><ele>2735.7</ele><time>2025-03-25T12:57:22Z</time></trkpt>
      <trkpt lat="46.711911" lon="8.3776501"><ele>2724.2</ele><time>2025-03-25T12:57:27Z</time></trkpt>
      <trkpt lat="46.7150123" lon="8.3792483"><ele>2562.1</ele><time>2025-03-25T13:01:22Z</time></trkpt>
      <trkpt lat="46.7152571" lon="8.3796026"><ele>2531.7</ele><time>2025-03-25T13:01:32Z</time></trkpt>
      <trkpt lat="46.7155042" lon="8.3805329"><ele>2499.7</ele><time>2025-03-25T13:03:35Z</time></trkpt>
      <trkpt lat="46.715968" lon="8.3806213"><ele>2477.2</ele><time>2025-03-25T13:03:45Z</time></trkpt>
      <trkpt lat="46.7165499" lon="8.3810466"><ele>2450.7</ele><time>2025-03-25T13:03:55Z</time></trkpt>
      <trkpt lat="46.7166763" lon="8.3815626"><ele>2443.3</ele><time>2025-03-25T13:04:01Z</time></trkpt>
      <trkpt lat="46.716999" lon="8.3820848"><ele>2433.3</ele><time>2025-03-25T13:04:17Z</time></trkpt>
      <trkpt lat="46.7177845" lon="8.382127"><ele>2399.7</ele><time>2025-03-25T13:06:34Z</time></trkpt>
      <trkpt lat="46.7179784" lon="8.3825791"><ele>2385.3</ele><time>2025-03-25T13:06:45Z</time></trkpt>
      <trkpt lat="46.7186331" lon="8.3827624"><ele>2348.8</ele><time>2025-03-25T13:07:06Z</time></trkpt>
      <trkpt lat="46.7188768" lon="8.3832005"><ele>2333.6</ele><time>2025-03-25T13:09:25Z</time></trkpt>
      <trkpt lat="46.7199405" lon="8.3841945"><ele>2306.7</ele><time>2025-03-25T13:09:51Z</time></trkpt>
      <trkpt lat="46.720316" lon="8.3848719"><ele>2282.8</ele><time>2025-03-25T13:11:45Z</time></trkpt>
      <trkpt lat="46.7203382" lon="8.3852513"><ele>2271.6</ele><time>2025-03-25T13:12:00Z</time></trkpt>
      <trkpt lat="46.7214014" lon="8.3858937"><ele>2195.6</ele><time>2025-03-25T13:15:07Z</time></trkpt>
      <trkpt lat="46.7217771" lon="8.3859444"><ele>2171.1</ele><time>2025-03-25T13:15:23Z</time></trkpt>
      <trkpt lat="46.7221995" lon="8.3854713"><ele>2153.6</ele><time>2025-03-25T13:17:55Z</time></trkpt>
      <trkpt lat="46.7227395" lon="8.3855809"><ele>2129.9</ele><time>2025-03-25T13:18:11Z</time></trkpt>
      <trkpt lat="46.7229949" lon="8.3853047"><ele>2118.1</ele><time>2025-03-25T13:18:27Z</time></trkpt>
      <trkpt lat="46.7240739" lon="8.3863474"><ele>2084.0</ele><time>2025-03-25T13:20:59Z</time></trkpt>
      <trkpt lat="46.7242556" lon="8.3867559"><ele>2075.4</ele><time>2025-03-25T13:21:09Z</time></trkpt>
      <trkpt lat="46.7242064" lon="8.3874583"><ele>2066.0</ele><time>2025-03-25T13:22:54Z</time></trkpt>
      <trkpt lat="46.7243183" lon="8.3879048"><ele>2062.7</ele><time>2025-03-25T13:23:05Z</time></trkpt>
      <trkpt lat="46.7246634" lon="8.3880281"><ele>2057.9</ele><time>2025-03-25T13:23:31Z</time></trkpt>
      <trkpt lat="46.7245736" lon="8.3889236"><ele>2039.0</ele><time>2025-03-25T13:24:06Z</time></trkpt>
      <trkpt lat="46.7242408" lon="8.3897227"><ele>2022.9</ele><time>2025-03-25T13:24:36Z</time></trkpt>
      <trkpt lat="46.7242308" lon="8.3902604"><ele>2018.1</ele><time>2025-03-25T13:25:13Z</time></trkpt>
      <trkpt lat="46.7246608" lon="8.3910718"><ele>2006.7</ele><time>2025-03-25T13:27:05Z</time></trkpt>
      <trkpt lat="46.7250644" lon="8.3934118"><ele>1971.6</ele><time>2025-03-25T13:27:53Z</time></trkpt>
      <trkpt lat="46.7252279" lon="8.3933973"><ele>1965.4</ele><time>2025-03-25T13:28:04Z</time></trkpt>
      <trkpt lat="46.7256138" lon="8.3940712"><ele>1950.6</ele><time>2025-03-25T13:29:17Z</time></trkpt>
      <trkpt lat="46.7260868" lon="8.3941775"><ele>1917.6</ele><time>2025-03-25T13:30:04Z</time></trkpt>
      <trkpt lat="46.7264544" lon="8.396321"><ele>1888.6</ele><time>2025-03-25T13:32:00Z</time></trkpt>
      <trkpt lat="46.7270446" lon="8.3973168"><ele>1872.7</ele><time>2025-03-25T13:32:21Z</time></trkpt>
      <trkpt lat="46.7277022" lon="8.4018597"><ele>1796.2</ele><time>2025-03-25T13:38:58Z</time></trkpt>
      <trkpt lat="46.7276448" lon="8.4021072"><ele>1785.5</ele><time>2025-03-25T13:39:30Z</time></trkpt>
      <trkpt lat="46.7278715" lon="8.4025209"><ele>1781.4</ele><time>2025-03-25T13:40:49Z</time></trkpt>
      <trkpt lat="46.7279061" lon="8.4034506"><ele>1772.0</ele><time>2025-03-25T13:41:34Z</time></trkpt>
      <trkpt lat="46.7280461" lon="8.4039543"><ele>1753.2</ele><time>2025-03-25T13:41:49Z</time></trkpt>
      <trkpt lat="46.7284701" lon="8.4044122"><ele>1737.6</ele><time>2025-03-25T14:03:35Z</time></trkpt>
      <trkpt lat="46.7293795" lon="8.4078196"><ele>1797.1</ele><time>2025-03-25T14:14:36Z</time></trkpt>
      <trkpt lat="46.7294816" lon="8.4088125"><ele>1810.0</ele><time>2025-03-25T14:16:45Z</time></trkpt>
      <trkpt lat="46.7293734" lon="8.4089532"><ele>1817.8</ele><time>2025-03-25T14:17:17Z</time></trkpt>
      <trkpt lat="46.7293972" lon="8.4099497"><ele>1819.4</ele><time>2025-03-25T14:18:51Z</time></trkpt>
      <trkpt lat="46.7292334" lon="8.4117457"><ele>1803.6</ele><time>2025-03-25T14:20:25Z</time></trkpt>
      <trkpt lat="46.7289358" lon="8.4124377"><ele>1805.9</ele><time>2025-03-25T14:27:22Z</time></trkpt>
      <trkpt lat="46.7288794" lon="8.412986"><ele>1805.2</ele><time>2025-03-25T14:51:50Z</time></trkpt>
      <trkpt lat="46.7289201" lon="8.4148772"><ele>1822.0</ele><time>2025-03-25T14:53:59Z</time></trkpt>
      <trkpt lat="46.7287462" lon="8.4161517"><ele>1823.6</ele><time>2025-03-25T14:55:34Z</time></trkpt>
      <trkpt lat="46.7286743" lon="8.4186412"><ele>1817.8</ele><time>2025-03-25T14:58:48Z</time></trkpt>
      <trkpt lat="46.7288878" lon="8.4194188"><ele>1829.4</ele><time>2025-03-25T14:59:56Z</time></trkpt>
      <trkpt lat="46.7289994" lon="8.4207567"><ele>1843.0</ele><time>2025-03-25T15:01:41Z</time></trkpt>
      <trkpt lat="46.7295937" lon="8.4226471"><ele>1843.5</ele><time>2025-03-25T15:03:43Z</time></trkpt>
      <trkpt lat="46.7294681" lon="8.4245971"><ele>1870.2</ele><time>2025-03-25T15:05:41Z</time></trkpt>
      <trkpt lat="46.7296654" lon="8.4267475"><ele>1883.6</ele><time>2025-03-25T15:07:59Z</time></trkpt>
      <trkpt lat="46.729792" lon="8.4272343"><ele>1867.3</ele><time>2025-03-25T15:08:21Z</time></trkpt>
      <trkpt lat="46.7301318" lon="8.4270364"><ele>1865.7</ele><time>2025-03-25T15:08:42Z</time></trkpt>
      <trkpt lat="46.7306024" lon="8.4274637"><ele>1864.7</ele><time>2025-03-25T15:09:34Z</time></trkpt>
      <trkpt lat="46.7305752" lon="8.4273581"><ele>1870.2</ele><time>2025-03-25T15:10:00Z</time></trkpt>
      <trkpt lat="46.7305589" lon="8.4276707"><ele>1869.0</ele><time>2025-03-26T06:24:42Z</time></trkpt>
      <trkpt lat="46.7305863" lon="8.4278687"><ele>1872.1</ele><time>2025-03-26T06:30:15Z</time></trkpt>
      <trkpt lat="46.7307816" lon="8.4278329"><ele>1869.8</ele><time>2025-03-26T06:30:35Z</time></trkpt>
      <trkpt lat="46.7309066" lon="8.4276758"><ele>1871.9</ele><time>2025-03-26T06:30:46Z</time></trkpt>
      <trkpt lat="46.7306583" lon="8.4274195"><ele>1871.0</ele><time>2025-03-26T06:31:28Z</time></trkpt>
      <trkpt lat="46.7306068" lon="8.4278668"><ele>1877.4</ele><time>2025-03-26T06:31:48Z</time></trkpt>
      <trkpt lat="46.7305955" lon="8.4276361"><ele>1867.6</ele><time>2025-03-26T06:31:53Z</time></trkpt>
      <trkpt lat="46.7307908" lon="8.4273012"><ele>1870.7</ele><time>2025-03-26T06:32:49Z</time></trkpt>
      <trkpt lat="46.7314216" lon="8.4271362"><ele>1869.3</ele><time>2025-03-26T06:34:45Z</time></trkpt>
      <trkpt lat="46.7317178" lon="8.4266914"><ele>1882.1</ele><time>2025-03-26T06:35:52Z</time></trkpt>
      <trkpt lat="46.731782" lon="8.4272482"><ele>1888.3</ele><time>2025-03-26T06:37:07Z</time></trkpt>
      <trkpt lat="46.7319092" lon="8.4271149"><ele>1897.5</ele><time>2025-03-26T06:37:57Z</time></trkpt>
      <trkpt lat="46.731932" lon="8.4273449"><ele>1897.5</ele><time>2025-03-26T06:38:37Z</time></trkpt>
      <trkpt lat="46.732017" lon="8.4271596"><ele>1905.6</ele><time>2025-03-26T06:39:07Z</time></trkpt>
      <trkpt lat="46.7320393" lon="8.4273934"><ele>1903.3</ele><time>2025-03-26T06:39:38Z</time></trkpt>
      <trkpt lat="46.7322011" lon="8.4271382"><ele>1917.3</ele><time>2025-03-26T06:40:45Z</time></trkpt>
      <trkpt lat="46.7321153" lon="8.4274153"><ele>1921.0</ele><time>2025-03-26T06:42:26Z</time></trkpt>
      <trkpt lat="46.7321885" lon="8.4279481"><ele>1932.0</ele><time>2025-03-26T06:44:08Z</time></trkpt>
      <trkpt lat="46.7320746" lon="8.4281346"><ele>1939.7</ele><time>2025-03-26T06:45:10Z</time></trkpt>
      <trkpt lat="46.7322658" lon="8.4281837"><ele>1941.0</ele><time>2025-03-26T06:45:45Z</time></trkpt>
      <trkpt lat="46.7321224" lon="8.4282996"><ele>1949.7</ele><time>2025-03-26T06:46:25Z</time></trkpt>
      <trkpt lat="46.7322466" lon="8.4283897"><ele>1952.7</ele><time>2025-03-26T06:47:00Z</time></trkpt>
      <trkpt lat="46.7324508" lon="8.4282241"><ele>1958.4</ele><time>2025-03-26T06:47:55Z</time></trkpt>
      <trkpt lat="46.732258" lon="8.4288562"><ele>1974.2</ele><time>2025-03-26T06:49:43Z</time></trkpt>
      <trkpt lat="46.7323313" lon="8.4290412"><ele>1982.1</ele><time>2025-03-26T06:50:39Z</time></trkpt>
      <trkpt lat="46.7326583" lon="8.4289674"><ele>1989.6</ele><time>2025-03-26T06:51:59Z</time></trkpt>
      <trkpt lat="46.7324514" lon="8.4297309"><ele>1992.0</ele><time>2025-03-26T06:54:42Z</time></trkpt>
      <trkpt lat="46.7325325" lon="8.4298579"><ele>1998.4</ele><time>2025-03-26T06:55:17Z</time></trkpt>
      <trkpt lat="46.7324979" lon="8.4308775"><ele>2022.5</ele><time>2025-03-26T06:57:56Z</time></trkpt>
      <trkpt lat="46.7328117" lon="8.4321953"><ele>2050.8</ele><time>2025-03-26T07:01:28Z</time></trkpt>
      <trkpt lat="46.734071" lon="8.4338109"><ele>2093.2</ele><time>2025-03-26T07:06:52Z</time></trkpt>
      <trkpt lat="46.7345123" lon="8.4339679"><ele>2109.9</ele><time>2025-03-26T07:08:25Z</time></trkpt>
      <trkpt lat="46.7346929" lon="8.4335639"><ele>2119.8</ele><time>2025-03-26T07:09:36Z</time></trkpt>
      <trkpt lat="46.7348343" lon="8.433623"><ele>2128.2</ele><time>2025-03-26T07:10:06Z</time></trkpt>
      <trkpt lat="46.7348532" lon="8.4333629"><ele>2135.3</ele><time>2025-03-26T07:10:42Z</time></trkpt>
      <trkpt lat="46.7350929" lon="8.4332968"><ele>2142.7</ele><time>2025-03-26T07:11:35Z</time></trkpt>
      <trkpt lat="46.7352817" lon="8.4336891"><ele>2153.8</ele><time>2025-03-26T07:12:47Z</time></trkpt>
      <trkpt lat="46.7356428" lon="8.4340066"><ele>2165.1</ele><time>2025-03-26T07:14:03Z</time></trkpt>
      <trkpt lat="46.7356597" lon="8.4343484"><ele>2173.2</ele><time>2025-03-26T07:14:55Z</time></trkpt>
      <trkpt lat="46.7359017" lon="8.4343979"><ele>2181.4</ele><time>2025-03-26T07:15:48Z</time></trkpt>
      <trkpt lat="46.7359151" lon="8.4346338"><ele>2185.3</ele><time>2025-03-26T07:16:24Z</time></trkpt>
      <trkpt lat="46.7363391" lon="8.4345527"><ele>2202.4</ele><time>2025-03-26T07:17:57Z</time></trkpt>
      <trkpt lat="46.7365959" lon="8.4349081"><ele>2212.8</ele><time>2025-03-26T07:19:07Z</time></trkpt>
      <trkpt lat="46.736731" lon="8.4346342"><ele>2218.0</ele><time>2025-03-26T07:19:58Z</time></trkpt>
      <trkpt lat="46.7368867" lon="8.4352854"><ele>2232.4</ele><time>2025-03-26T07:21:47Z</time></trkpt>
      <trkpt lat="46.7372288" lon="8.4353639"><ele>2246.6</ele><time>2025-03-26T07:39:20Z</time></trkpt>
      <trkpt lat="46.7375715" lon="8.4358087"><ele>2259.9</ele><time>2025-03-26T07:41:12Z</time></trkpt>
      <trkpt lat="46.7379299" lon="8.4358528"><ele>2268.0</ele><time>2025-03-26T07:42:32Z</time></trkpt>
      <trkpt lat="46.7382273" lon="8.4362721"><ele>2278.6</ele><time>2025-03-26T07:44:08Z</time></trkpt>
      <trkpt lat="46.7385725" lon="8.436127"><ele>2286.4</ele><time>2025-03-26T07:45:31Z</time></trkpt>
      <trkpt lat="46.738802" lon="8.436643"><ele>2292.6</ele><time>2025-03-26T07:47:02Z</time></trkpt>
      <trkpt lat="46.739201" lon="8.4360274"><ele>2312.3</ele><time>2025-03-26T07:49:25Z</time></trkpt>
      <trkpt lat="46.7394118" lon="8.4363729"><ele>2320.0</ele><time>2025-03-26T07:50:33Z</time></trkpt>
      <trkpt lat="46.7395984" lon="8.4361003"><ele>2330.1</ele><time>2025-03-26T07:51:37Z</time></trkpt>
      <trkpt lat="46.7399858" lon="8.4359508"><ele>2341.0</ele><time>2025-03-26T07:53:02Z</time></trkpt>
      <trkpt lat="46.7402419" lon="8.4354663"><ele>2352.2</ele><time>2025-03-26T07:54:34Z</time></trkpt>
      <trkpt lat="46.7405704" lon="8.4359502"><ele>2354.9</ele><time>2025-03-26T07:56:22Z</time></trkpt>
      <trkpt lat="46.7407063" lon="8.4365835"><ele>2368.6</ele><time>2025-03-26T07:58:25Z</time></trkpt>
      <trkpt lat="46.7411966" lon="8.4355048"><ele>2396.6</ele><time>2025-03-26T08:01:55Z</time></trkpt>
      <trkpt lat="46.7420816" lon="8.4349279"><ele>2424.6</ele><time>2025-03-26T08:05:59Z</time></trkpt>
      <trkpt lat="46.7429618" lon="8.4350379"><ele>2444.3</ele><time>2025-03-26T08:08:54Z</time></trkpt>
      <trkpt lat="46.7431787" lon="8.4356641"><ele>2455.0</ele><time>2025-03-26T08:10:45Z</time></trkpt>
      <trkpt lat="46.7436478" lon="8.4349659"><ele>2475.9</ele><time>2025-03-26T08:13:17Z</time></trkpt>
      <trkpt lat="46.7439696" lon="8.4355682"><ele>2488.2</ele><time>2025-03-26T08:15:14Z</time></trkpt>
      <trkpt lat="46.7440221" lon="8.4365263"><ele>2508.2</ele><time>2025-03-26T08:18:01Z</time></trkpt>
      <trkpt lat="46.7444058" lon="8.4375851"><ele>2526.0</ele><time>2025-03-26T08:21:17Z</time></trkpt>
      <trkpt lat="46.7441505" lon="8.4379626"><ele>2527.2</ele><time>2025-03-26T08:22:35Z</time></trkpt>
      <trkpt lat="46.7444848" lon="8.438071"><ele>2541.2</ele><time>2025-03-26T08:23:50Z</time></trkpt>
      <trkpt lat="46.7441756" lon="8.4382987"><ele>2545.2</ele><time>2025-03-26T08:25:26Z</time></trkpt>
      <trkpt lat="46.7447669" lon="8.4389522"><ele>2567.5</ele><time>2025-03-26T08:29:05Z</time></trkpt>
      <trkpt lat="46.7452215" lon="8.4388206"><ele>2580.8</ele><time>2025-03-26T08:32:08Z</time></trkpt>
      <trkpt lat="46.7454249" lon="8.4391887"><ele>2586.5</ele><time>2025-03-26T08:33:24Z</time></trkpt>
      <trkpt lat="46.7453299" lon="8.4395153"><ele>2593.0</ele><time>2025-03-26T08:34:25Z</time></trkpt>
      <trkpt lat="46.7455119" lon="8.4396301"><ele>2598.6</ele><time>2025-03-26T08:35:10Z</time></trkpt>
      <trkpt lat="46.7459326" lon="8.4394494"><ele>2612.1</ele><time>2025-03-26T08:37:03Z</time></trkpt>
      <trkpt lat="46.7462578" lon="8.4397098"><ele>2620.5</ele><time>2025-03-26T08:49:28Z</time></trkpt>
      <trkpt lat="46.7463095" lon="8.4395447"><ele>2620.8</ele><time>2025-03-26T08:49:54Z</time></trkpt>
      <trkpt lat="46.7463883" lon="8.4398031"><ele>2628.0</ele><time>2025-03-26T08:50:32Z</time></trkpt>
      <trkpt lat="46.7465732" lon="8.4395931"><ele>2630.0</ele><time>2025-03-26T08:51:25Z</time></trkpt>
      <trkpt lat="46.7468937" lon="8.4398351"><ele>2642.2</ele><time>2025-03-26T08:53:01Z</time></trkpt>
      <trkpt lat="46.7471712" lon="8.4396511"><ele>2646.7</ele><time>2025-03-26T08:53:54Z</time></trkpt>
      <trkpt lat="46.7473431" lon="8.4393087"><ele>2655.3</ele><time>2025-03-26T08:54:58Z</time></trkpt>
      <trkpt lat="46.7476636" lon="8.4392191"><ele>2660.4</ele><time>2025-03-26T08:56:18Z</time></trkpt>
      <trkpt lat="46.7481269" lon="8.4385249"><ele>2683.4</ele><time>2025-03-26T08:58:58Z</time></trkpt>
      <trkpt lat="46.7481806" lon="8.4380662"><ele>2693.5</ele><time>2025-03-26T09:00:24Z</time></trkpt>
      <trkpt lat="46.7486042" lon="8.4381916"><ele>2712.4</ele><time>2025-03-26T09:02:14Z</time></trkpt>
      <trkpt lat="46.7486762" lon="8.4375088"><ele>2719.6</ele><time>2025-03-26T09:04:22Z</time></trkpt>
      <trkpt lat="46.7490106" lon="8.437699"><ele>2736.2</ele><time>2025-03-26T09:05:58Z</time></trkpt>
      <trkpt lat="46.7489561" lon="8.437087"><ele>2733.1</ele><time>2025-03-26T09:07:40Z</time></trkpt>
      <trkpt lat="46.7493589" lon="8.4373125"><ele>2753.8</ele><time>2025-03-26T09:16:24Z</time></trkpt>
      <trkpt lat="46.7494602" lon="8.4377241"><ele>2767.7</ele><time>2025-03-26T09:17:49Z</time></trkpt>
      <trkpt lat="46.7498024" lon="8.4379273"><ele>2771.8</ele><time>2025-03-26T09:19:41Z</time></trkpt>
      <trkpt lat="46.7499991" lon="8.4369288"><ele>2805.7</ele><time>2025-03-26T09:25:17Z</time></trkpt>
      <trkpt lat="46.7503736" lon="8.4372605"><ele>2816.7</ele><time>2025-03-26T09:27:46Z</time></trkpt>
      <trkpt lat="46.7504137" lon="8.4376999"><ele>2833.1</ele><time>2025-03-26T09:28:50Z</time></trkpt>
      <trkpt lat="46.7506724" lon="8.4377724"><ele>2834.0</ele><time>2025-03-26T09:29:44Z</time></trkpt>
      <trkpt lat="46.7513226" lon="8.4388402"><ele>2841.0</ele><time>2025-03-26T09:32:48Z</time></trkpt>
      <trkpt lat="46.7514567" lon="8.4381137"><ele>2860.7</ele><time>2025-03-26T09:35:38Z</time></trkpt>
      <trkpt lat="46.7513047" lon="8.4370753"><ele>2885.8</ele><time>2025-03-26T09:38:29Z</time></trkpt>
      <trkpt lat="46.7513982" lon="8.4367415"><ele>2895.2</ele><time>2025-03-26T09:39:34Z</time></trkpt>
      <trkpt lat="46.7517036" lon="8.4372037"><ele>2909.4</ele><time>2025-03-26T09:41:16Z</time></trkpt>
      <trkpt lat="46.7522682" lon="8.4373098"><ele>2922.9</ele><time>2025-03-26T09:43:08Z</time></trkpt>
      <trkpt lat="46.7523122" lon="8.437697"><ele>2929.0</ele><time>2025-03-26T09:44:01Z</time></trkpt>
      <trkpt lat="46.7525128" lon="8.4378056"><ele>2939.4</ele><time>2025-03-26T09:44:54Z</time></trkpt>
      <trkpt lat="46.75253" lon="8.4379641"><ele>2941.5</ele><time>2025-03-26T09:45:21Z</time></trkpt>
      <trkpt lat="46.7532963" lon="8.4372317"><ele>2948.2</ele><time>2025-03-26T10:07:04Z</time></trkpt>
      <trkpt lat="46.7539855" lon="8.4378173"><ele>2943.1</ele><time>2025-03-26T10:08:00Z</time></trkpt>
      <trkpt lat="46.7543033" lon="8.4376853"><ele>2941.9</ele><time>2025-03-26T10:08:46Z</time></trkpt>
      <trkpt lat="46.7543971" lon="8.4367897"><ele>2934.3</ele><time>2025-03-26T10:09:33Z</time></trkpt>
      <trkpt lat="46.7547435" lon="8.4362421"><ele>2910.1</ele><time>2025-03-26T10:11:36Z</time></trkpt>
      <trkpt lat="46.7545095" lon="8.4362139"><ele>2893.5</ele><time>2025-03-26T10:12:03Z</time></trkpt>
      <trkpt lat="46.7542643" lon="8.4358093"><ele>2868.7</ele><time>2025-03-26T10:16:08Z</time></trkpt>
      <trkpt lat="46.7540595" lon="8.4343076"><ele>2826.2</ele><time>2025-03-26T10:16:35Z</time></trkpt>
      <trkpt lat="46.753211" lon="8.433881"><ele>2786.1</ele><time>2025-03-26T10:18:36Z</time></trkpt>
      <trkpt lat="46.7528136" lon="8.4331122"><ele>2731.2</ele><time>2025-03-26T10:20:27Z</time></trkpt>
      <trkpt lat="46.7526635" lon="8.4323906"><ele>2695.7</ele><time>2025-03-26T10:22:13Z</time></trkpt>
      <trkpt lat="46.7528957" lon="8.4316773"><ele>2651.2</ele><time>2025-03-26T10:22:35Z</time></trkpt>
      <trkpt lat="46.7528245" lon="8.4308723"><ele>2619.2</ele><time>2025-03-26T10:29:33Z</time></trkpt>
      <trkpt lat="46.7532215" lon="8.4304897"><ele>2604.2</ele><time>2025-03-26T10:29:44Z</time></trkpt>
      <trkpt lat="46.7537483" lon="8.4302618"><ele>2558.3</ele><time>2025-03-26T10:29:55Z</time></trkpt>
      <trkpt lat="46.7538997" lon="8.4300437"><ele>2536.6</ele><time>2025-03-26T10:30:00Z</time></trkpt>
      <trkpt lat="46.7538614" lon="8.429837"><ele>2532.9</ele><time>2025-03-26T10:30:05Z</time></trkpt>
      <trkpt lat="46.7544321" lon="8.4289969"><ele>2484.2</ele><time>2025-03-26T10:30:47Z</time></trkpt>
      <trkpt lat="46.7549177" lon="8.4286936"><ele>2466.8</ele><time>2025-03-26T10:31:13Z</time></trkpt>
      <trkpt lat="46.7543694" lon="8.4278247"><ele>2451.7</ele><time>2025-03-26T10:36:51Z</time></trkpt>
      <trkpt lat="46.7546657" lon="8.4266538"><ele>2397.8</ele><time>2025-03-26T10:38:27Z</time></trkpt>
      <trkpt lat="46.7546463" lon="8.4250504"><ele>2350.1</ele><time>2025-03-26T10:40:25Z</time></trkpt>
      <trkpt lat="46.7544522" lon="8.4237804"><ele>2306.9</ele><time>2025-03-26T10:41:08Z</time></trkpt>
      <trkpt lat="46.7546077" lon="8.4233395"><ele>2286.6</ele><time>2025-03-26T10:41:19Z</time></trkpt>
      <trkpt lat="46.7551026" lon="8.4233775"><ele>2270.3</ele><time>2025-03-26T10:41:40Z</time></trkpt>
      <trkpt lat="46.7557313" lon="8.4246277"><ele>2287.2</ele><time>2025-03-26T11:05:37Z</time></trkpt>
      <trkpt lat="46.7564726" lon="8.4266468"><ele>2303.1</ele><time>2025-03-26T11:09:48Z</time></trkpt>
      <trkpt lat="46.7573695" lon="8.4279004"><ele>2292.3</ele><time>2025-03-26T11:11:29Z</time></trkpt>
      <trkpt lat="46.7576278" lon="8.4286582"><ele>2294.9</ele><time>2025-03-26T11:13:09Z</time></trkpt>
      <trkpt lat="46.7581017" lon="8.4288963"><ele>2298.0</ele><time>2025-03-26T11:14:28Z</time></trkpt>
      <trkpt lat="46.7581102" lon="8.429453"><ele>2306.4</ele><time>2025-03-26T11:15:37Z</time></trkpt>
      <trkpt lat="46.7585399" lon="8.4296477"><ele>2315.9</ele><time>2025-03-26T11:16:47Z</time></trkpt>
      <trkpt lat="46.7586273" lon="8.4302266"><ele>2322.1</ele><time>2025-03-26T11:17:51Z</time></trkpt>
      <trkpt lat="46.7589336" lon="8.4304035"><ele>2332.1</ele><time>2025-03-26T11:18:44Z</time></trkpt>
      <trkpt lat="46.7589553" lon="8.4308325"><ele>2334.8</ele><time>2025-03-26T11:19:32Z</time></trkpt>
      <trkpt lat="46.7592127" lon="8.4309171"><ele>2343.9</ele><time>2025-03-26T11:20:15Z</time></trkpt>
      <trkpt lat="46.7591501" lon="8.4320447"><ele>2359.4</ele><time>2025-03-26T11:22:31Z</time></trkpt>
      <trkpt lat="46.7596694" lon="8.4363897"><ele>2408.2</ele><time>2025-03-26T11:33:55Z</time></trkpt>
      <trkpt lat="46.7600498" lon="8.4373591"><ele>2419.7</ele><time>2025-03-26T11:36:02Z</time></trkpt>
      <trkpt lat="46.7625206" lon="8.4388844"><ele>2418.8</ele><time>2025-03-26T11:42:11Z</time></trkpt>
      <trkpt lat="46.7634991" lon="8.4389029"><ele>2432.7</ele><time>2025-03-26T11:44:54Z</time></trkpt>
      <trkpt lat="46.7642829" lon="8.4393111"><ele>2451.6</ele><time>2025-03-26T11:49:09Z</time></trkpt>
      <trkpt lat="46.7648764" lon="8.4398294"><ele>2459.5</ele><time>2025-03-26T11:51:11Z</time></trkpt>
      <trkpt lat="46.7669193" lon="8.4424173"><ele>2489.3</ele><time>2025-03-26T11:58:19Z</time></trkpt>
      <trkpt lat="46.7673286" lon="8.4434135"><ele>2508.2</ele><time>2025-03-26T12:01:13Z</time></trkpt>
      <trkpt lat="46.7679615" lon="8.4440785"><ele>2526.7</ele><time>2025-03-26T12:04:16Z</time></trkpt>
      <trkpt lat="46.7684318" lon="8.4438529"><ele>2538.5</ele><time>2025-03-26T12:06:29Z</time></trkpt>
      <trkpt lat="46.768603" lon="8.444739"><ele>2555.5</ele><time>2025-03-26T12:09:07Z</time></trkpt>
      <trkpt lat="46.7689188" lon="8.4450195"><ele>2563.9</ele><time>2025-03-26T12:10:54Z</time></trkpt>
      <trkpt lat="46.7688788" lon="8.4454677"><ele>2577.5</ele><time>2025-03-26T12:12:22Z</time></trkpt>
      <trkpt lat="46.7693077" lon="8.4458144"><ele>2591.2</ele><time>2025-03-26T12:14:34Z</time></trkpt>
      <trkpt lat="46.7691859" lon="8.4461771"><ele>2599.4</ele><time>2025-03-26T12:16:00Z</time></trkpt>
      <trkpt lat="46.7694276" lon="8.446457"><ele>2609.5</ele><time>2025-03-26T12:17:20Z</time></trkpt>
      <trkpt lat="46.7692848" lon="8.4466578"><ele>2611.7</ele><time>2025-03-26T12:18:12Z</time></trkpt>
      <trkpt lat="46.7695748" lon="8.4470543"><ele>2622.0</ele><time>2025-03-26T12:20:48Z</time></trkpt>
      <trkpt lat="46.7699202" lon="8.4469757"><ele>2631.6</ele><time>2025-03-26T12:28:01Z</time></trkpt>
      <trkpt lat="46.7700427" lon="8.4466838"><ele>2652.9</ele><time>2025-03-26T12:34:14Z</time></trkpt>
      <trkpt lat="46.7701728" lon="8.4466889"><ele>2657.4</ele><time>2025-03-26T12:36:49Z</time></trkpt>
      <trkpt lat="46.770135" lon="8.4466727"><ele>2654.7</ele><time>2025-03-27T07:14:23Z</time></trkpt>
      <trkpt lat="46.7699089" lon="8.4469811"><ele>2631.2</ele><time>2025-03-27T07:21:30Z</time></trkpt>
      <trkpt lat="46.7693699" lon="8.4472372"><ele>2612.7</ele><time>2025-03-27T07:22:14Z</time></trkpt>
      <trkpt lat="46.7694934" lon="8.4473495"><ele>2613.0</ele><time>2025-03-27T07:24:09Z</time></trkpt>
      <trkpt lat="46.7692713" lon="8.4472084"><ele>2618.9</ele><time>2025-03-27T07:28:20Z</time></trkpt>
      <trkpt lat="46.7685319" lon="8.4481468"><ele>2637.5</ele><time>2025-03-27T07:34:31Z</time></trkpt>
      <trkpt lat="46.7683689" lon="8.4477298"><ele>2652.6</ele><time>2025-03-27T07:41:55Z</time></trkpt>
      <trkpt lat="46.7684611" lon="8.447398"><ele>2665.0</ele><time>2025-03-27T07:43:12Z</time></trkpt>
      <trkpt lat="46.7681007" lon="8.4476025"><ele>2677.4</ele><time>2025-03-27T07:44:41Z</time></trkpt>
      <trkpt lat="46.7679335" lon="8.4479294"><ele>2682.9</ele><time>2025-03-27T07:45:37Z</time></trkpt>
      <trkpt lat="46.7677731" lon="8.4488492"><ele>2701.0</ele><time>2025-03-27T07:47:51Z</time></trkpt>
      <trkpt lat="46.7669386" lon="8.4475894"><ele>2723.6</ele><time>2025-03-27T07:53:49Z</time></trkpt>
      <trkpt lat="46.7669039" lon="8.4483796"><ele>2733.6</ele><time>2025-03-27T07:55:25Z</time></trkpt>
      <trkpt lat="46.7670553" lon="8.4499098"><ele>2754.5</ele><time>2025-03-27T07:58:15Z</time></trkpt>
      <trkpt lat="46.7666813" lon="8.4496441"><ele>2764.8</ele><time>2025-03-27T07:59:51Z</time></trkpt>
      <trkpt lat="46.7660155" lon="8.4486788"><ele>2781.1</ele><time>2025-03-27T08:03:03Z</time></trkpt>
      <trkpt lat="46.7659907" lon="8.4505697"><ele>2812.4</ele><time>2025-03-27T08:12:21Z</time></trkpt>
      <trkpt lat="46.7656612" lon="8.4518545"><ele>2831.9</ele><time>2025-03-27T08:15:49Z</time></trkpt>
      <trkpt lat="46.7653363" lon="8.4504311"><ele>2856.6</ele><time>2025-03-27T08:20:42Z</time></trkpt>
      <trkpt lat="46.7649778" lon="8.4497718"><ele>2866.3</ele><time>2025-03-27T08:22:55Z</time></trkpt>
      <trkpt lat="46.7648465" lon="8.4507333"><ele>2888.6</ele><time>2025-03-27T08:25:14Z</time></trkpt>
      <trkpt lat="46.7634626" lon="8.4484722"><ele>2952.9</ele><time>2025-03-27T08:38:31Z</time></trkpt>
      <trkpt lat="46.7641336" lon="8.449419"><ele>2922.7</ele><time>2025-03-27T08:58:41Z</time></trkpt>
      <trkpt lat="46.7648102" lon="8.4509431"><ele>2892.9</ele><time>2025-03-27T08:58:57Z</time></trkpt>
      <trkpt lat="46.7651279" lon="8.4513117"><ele>2879.5</ele><time>2025-03-27T08:59:08Z</time></trkpt>
      <trkpt lat="46.7652522" lon="8.4512153"><ele>2870.2</ele><time>2025-03-27T08:59:13Z</time></trkpt>
      <trkpt lat="46.7656402" lon="8.452635"><ele>2842.2</ele><time>2025-03-27T09:04:44Z</time></trkpt>
      <trkpt lat="46.7663533" lon="8.4538907"><ele>2823.2</ele><time>2025-03-27T09:05:00Z</time></trkpt>
      <trkpt lat="46.766872" lon="8.4543831"><ele>2818.2</ele><time>2025-03-27T09:05:59Z</time></trkpt>
      <trkpt lat="46.7673452" lon="8.4557927"><ele>2809.2</ele><time>2025-03-27T09:08:23Z</time></trkpt>
      <trkpt lat="46.7676298" lon="8.4558866"><ele>2819.4</ele><time>2025-03-27T09:09:05Z</time></trkpt>
      <trkpt lat="46.7676449" lon="8.4562744"><ele>2822.1</ele><time>2025-03-27T09:09:59Z</time></trkpt>
      <trkpt lat="46.768174" lon="8.4576395"><ele>2811.3</ele><time>2025-03-27T09:10:52Z</time></trkpt>
      <trkpt lat="46.7688501" lon="8.4586544"><ele>2799.9</ele><time>2025-03-27T09:11:24Z</time></trkpt>
      <trkpt lat="46.7695443" lon="8.4591881"><ele>2799.7</ele><time>2025-03-27T09:12:07Z</time></trkpt>
      <trkpt lat="46.7698299" lon="8.4601981"><ele>2790.5</ele><time>2025-03-27T09:15:03Z</time></trkpt>
      <trkpt lat="46.7700709" lon="8.4603886"><ele>2776.9</ele><time>2025-03-27T09:15:08Z</time></trkpt>
      <trkpt lat="46.7704666" lon="8.4628952"><ele>2739.4</ele><time>2025-03-27T09:15:40Z</time></trkpt>
      <trkpt lat="46.7715396" lon="8.4657011"><ele>2711.0</ele><time>2025-03-27T09:16:48Z</time></trkpt>
      <trkpt lat="46.7717537" lon="8.4667889"><ele>2703.6</ele><time>2025-03-27T09:18:13Z</time></trkpt>
      <trkpt lat="46.7717712" lon="8.467669"><ele>2695.6</ele><time>2025-03-27T09:18:56Z</time></trkpt>
      <trkpt lat="46.7722735" lon="8.4681723"><ele>2666.2</ele><time>2025-03-27T09:19:07Z</time></trkpt>
      <trkpt lat="46.7720293" lon="8.4690092"><ele>2629.9</ele><time>2025-03-27T09:23:12Z</time></trkpt>
      <trkpt lat="46.7723173" lon="8.469691"><ele>2592.3</ele><time>2025-03-27T09:23:23Z</time></trkpt>
      <trkpt lat="46.7722758" lon="8.4710047"><ele>2548.8</ele><time>2025-03-27T09:24:59Z</time></trkpt>
      <trkpt lat="46.7725396" lon="8.4714929"><ele>2527.2</ele><time>2025-03-27T09:25:04Z</time></trkpt>
      <trkpt lat="46.7727285" lon="8.4730696"><ele>2496.5</ele><time>2025-03-27T09:25:20Z</time></trkpt>
      <trkpt lat="46.7729402" lon="8.4730966"><ele>2482.6</ele><time>2025-03-27T09:25:25Z</time></trkpt>
      <trkpt lat="46.7731051" lon="8.4734375"><ele>2467.6</ele><time>2025-03-27T09:25:31Z</time></trkpt>
      <trkpt lat="46.7733967" lon="8.4748397"><ele>2441.4</ele><time>2025-03-27T09:25:47Z</time></trkpt>
      <trkpt lat="46.7733537" lon="8.4763344"><ele>2427.8</ele><time>2025-03-27T09:26:19Z</time></trkpt>
      <trkpt lat="46.7732123" lon="8.4765079"><ele>2420.9</ele><time>2025-03-27T09:29:09Z</time></trkpt>
      <trkpt lat="46.7736558" lon="8.4771541"><ele>2393.4</ele><time>2025-03-27T09:29:15Z</time></trkpt>
      <trkpt lat="46.7746809" lon="8.4778133"><ele>2328.5</ele><time>2025-03-27T09:29:25Z</time></trkpt>
      <trkpt lat="46.7756314" lon="8.4788278"><ele>2295.5</ele><time>2025-03-27T09:29:36Z</time></trkpt>
      <trkpt lat="46.7761594" lon="8.4790973"><ele>2270.6</ele><time>2025-03-27T09:29:41Z</time></trkpt>
      <trkpt lat="46.7777531" lon="8.4805487"><ele>2232.1</ele><time>2025-03-27T09:30:13Z</time></trkpt>
      <trkpt lat="46.7776821" lon="8.4817957"><ele>2248.8</ele><time>2025-03-27T09:44:16Z</time></trkpt>
      <trkpt lat="46.7778076" lon="8.4824353"><ele>2261.6</ele><time>2025-03-27T09:46:18Z</time></trkpt>
      <trkpt lat="46.7781207" lon="8.4829016"><ele>2278.0</ele><time>2025-03-27T09:48:16Z</time></trkpt>
      <trkpt lat="46.7775121" lon="8.4829546"><ele>2290.9</ele><time>2025-03-27T09:54:08Z</time></trkpt>
      <trkpt lat="46.7778449" lon="8.4835312"><ele>2306.7</ele><time>2025-03-27T09:57:09Z</time></trkpt>
      <trkpt lat="46.7773779" lon="8.4835154"><ele>2325.9</ele><time>2025-03-27T10:01:09Z</time></trkpt>
      <trkpt lat="46.7772021" lon="8.4839682"><ele>2351.8</ele><time>2025-03-27T10:17:40Z</time></trkpt>
      <trkpt lat="46.7769708" lon="8.4838049"><ele>2358.7</ele><time>2025-03-27T10:21:14Z</time></trkpt>
      <trkpt lat="46.7770494" lon="8.4843235"><ele>2369.2</ele><time>2025-03-27T10:22:50Z</time></trkpt>
      <trkpt lat="46.7765853" lon="8.4840434"><ele>2390.2</ele><time>2025-03-27T10:26:39Z</time></trkpt>
      <trkpt lat="46.7765474" lon="8.4841814"><ele>2394.2</ele><time>2025-03-27T10:27:06Z</time></trkpt>
      <trkpt lat="46.7758761" lon="8.4840402"><ele>2411.1</ele><time>2025-03-27T10:50:48Z</time></trkpt>
      <trkpt lat="46.7759629" lon="8.4849604"><ele>2427.6</ele><time>2025-03-27T10:53:22Z</time></trkpt>
      <trkpt lat="46.7761347" lon="8.4852677"><ele>2432.1</ele><time>2025-03-27T10:54:26Z</time></trkpt>
      <trkpt lat="46.7756676" lon="8.4853299"><ele>2439.9</ele><time>2025-03-27T10:57:12Z</time></trkpt>
      <trkpt lat="46.7758596" lon="8.4857998"><ele>2451.6</ele><time>2025-03-27T10:58:40Z</time></trkpt>
      <trkpt lat="46.7755913" lon="8.4859525"><ele>2447.8</ele><time>2025-03-27T10:59:43Z</time></trkpt>
      <trkpt lat="46.7753864" lon="8.4857836"><ele>2462.5</ele><time>2025-03-27T11:00:48Z</time></trkpt>
      <trkpt lat="46.775314" lon="8.4862621"><ele>2469.1</ele><time>2025-03-27T11:01:59Z</time></trkpt>
      <trkpt lat="46.7754201" lon="8.4864991"><ele>2471.4</ele><time>2025-03-27T11:02:49Z</time></trkpt>
      <trkpt lat="46.7750462" lon="8.4864011"><ele>2483.9</ele><time>2025-03-27T11:04:27Z</time></trkpt>
      <trkpt lat="46.7751051" lon="8.4866679"><ele>2484.6</ele><time>2025-03-27T11:05:08Z</time></trkpt>
      <trkpt lat="46.7752793" lon="8.4867993"><ele>2494.3</ele><time>2025-03-27T11:05:58Z</time></trkpt>
      <trkpt lat="46.7748557" lon="8.486762"><ele>2495.3</ele><time>2025-03-27T11:07:44Z</time></trkpt>
      <trkpt lat="46.775166" lon="8.4870718"><ele>2511.5</ele><time>2025-03-27T11:14:46Z</time></trkpt>
      <trkpt lat="46.7748621" lon="8.4870583"><ele>2516.6</ele><time>2025-03-27T11:16:00Z</time></trkpt>
      <trkpt lat="46.7750424" lon="8.487434"><ele>2526.0</ele><time>2025-03-27T11:17:26Z</time></trkpt>
      <trkpt lat="46.7749435" lon="8.4875693"><ele>2529.3</ele><time>2025-03-27T11:17:52Z</time></trkpt>
      <trkpt lat="46.7752493" lon="8.4880001"><ele>2546.5</ele><time>2025-03-27T11:19:39Z</time></trkpt>
      <trkpt lat="46.7753163" lon="8.4891123"><ele>2557.4</ele><time>2025-03-27T11:22:46Z</time></trkpt>
      <trkpt lat="46.7755788" lon="8.4894057"><ele>2569.1</ele><time>2025-03-27T11:25:36Z</time></trkpt>
      <trkpt lat="46.7754074" lon="8.4894922"><ele>2576.2</ele><time>2025-03-27T11:28:27Z</time></trkpt>
      <trkpt lat="46.7756206" lon="8.4898559"><ele>2592.3</ele><time>2025-03-27T11:33:31Z</time></trkpt>
      <trkpt lat="46.7760792" lon="8.4898246"><ele>2603.9</ele><time>2025-03-27T11:39:41Z</time></trkpt>
      <trkpt lat="46.7766009" lon="8.4901577"><ele>2613.7</ele><time>2025-03-27T12:07:23Z</time></trkpt>
      <trkpt lat="46.7770226" lon="8.491405"><ele>2627.9</ele><time>2025-03-27T12:10:22Z</time></trkpt>
      <trkpt lat="46.7774403" lon="8.4939598"><ele>2628.9</ele><time>2025-03-27T12:13:30Z</time></trkpt>
      <trkpt lat="46.7777003" lon="8.4948049"><ele>2632.1</ele><time>2025-03-27T12:14:52Z</time></trkpt>
      <trkpt lat="46.778153" lon="8.4953496"><ele>2640.7</ele><time>2025-03-27T12:16:25Z</time></trkpt>
      <trkpt lat="46.7787298" lon="8.4954182"><ele>2652.9</ele><time>2025-03-27T12:18:23Z</time></trkpt>
      <trkpt lat="46.7786681" lon="8.4957675"><ele>2654.8</ele><time>2025-03-27T12:19:08Z</time></trkpt>
      <trkpt lat="46.778937" lon="8.4955716"><ele>2662.5</ele><time>2025-03-27T12:20:19Z</time></trkpt>
      <trkpt lat="46.7790438" lon="8.4958886"><ele>2668.3</ele><time>2025-03-27T12:21:11Z</time></trkpt>
      <trkpt lat="46.7790629" lon="8.496371"><ele>2674.2</ele><time>2025-03-27T12:27:19Z</time></trkpt>
      <trkpt lat="46.7783937" lon="8.4990863"><ele>2726.8</ele><time>2025-03-27T12:35:48Z</time></trkpt>
      <trkpt lat="46.7784688" lon="8.5008025"><ele>2749.2</ele><time>2025-03-27T12:40:44Z</time></trkpt>
      <trkpt lat="46.7786806" lon="8.501804"><ele>2763.3</ele><time>2025-03-27T12:43:30Z</time></trkpt>
      <trkpt lat="46.7779459" lon="8.5013272"><ele>2775.7</ele><time>2025-03-27T12:46:34Z</time></trkpt>
      <trkpt lat="46.7780461" lon="8.5020037"><ele>2785.7</ele><time>2025-03-27T12:49:18Z</time></trkpt>
      <trkpt lat="46.77713" lon="8.5008718"><ele>2813.1</ele><time>2025-03-27T12:57:37Z</time></trkpt>
      <trkpt lat="46.7771455" lon="8.5017525"><ele>2819.3</ele><time>2025-03-27T12:59:50Z</time></trkpt>
      <trkpt lat="46.7766666" lon="8.5011605"><ele>2836.8</ele><time>2025-03-27T13:01:52Z</time></trkpt>
      <trkpt lat="46.7772158" lon="8.5039731"><ele>2868.3</ele><time>2025-03-27T13:09:56Z</time></trkpt>
      <trkpt lat="46.7769543" lon="8.5037677"><ele>2874.9</ele><time>2025-03-27T13:11:08Z</time></trkpt>
      <trkpt lat="46.7769412" lon="8.5040726"><ele>2881.6</ele><time>2025-03-27T13:11:59Z</time></trkpt>
      <trkpt lat="46.7766922" lon="8.5039484"><ele>2888.8</ele><time>2025-03-27T13:13:10Z</time></trkpt>
      <trkpt lat="46.7767542" lon="8.5042451"><ele>2893.4</ele><time>2025-03-27T13:14:00Z</time></trkpt>
      <trkpt lat="46.7761156" lon="8.5038995"><ele>2903.8</ele><time>2025-03-27T13:16:08Z</time></trkpt>
      <trkpt lat="46.7754585" lon="8.5031027"><ele>2925.0</ele><time>2025-03-27T13:19:38Z</time></trkpt>
      <trkpt lat="46.7755209" lon="8.5034585"><ele>2929.3</ele><time>2025-03-27T13:20:36Z</time></trkpt>
      <trkpt lat="46.777886" lon="8.5052473"><ele>2884.6</ele><time>2025-03-27T14:12:42Z</time></trkpt>
      <trkpt lat="46.7786474" lon="8.5060185"><ele>2876.7</ele><time>2025-03-27T14:13:13Z</time></trkpt>
      <trkpt lat="46.7793709" lon="8.5061195"><ele>2869.1</ele><time>2025-03-27T14:15:54Z</time></trkpt>
      <trkpt lat="46.7800362" lon="8.5064274"><ele>2863.8</ele><time>2025-03-27T14:16:56Z</time></trkpt>
      <trkpt lat="46.7815514" lon="8.5090492"><ele>2837.4</ele><time>2025-03-27T14:18:43Z</time></trkpt>
      <trkpt lat="46.7818018" lon="8.5100257"><ele>2823.1</ele><time>2025-03-27T14:19:34Z</time></trkpt>
      <trkpt lat="46.7826872" lon="8.5117896"><ele>2774.8</ele><time>2025-03-27T14:19:49Z</time></trkpt>
      <trkpt lat="46.783158" lon="8.5130687"><ele>2760.9</ele><time>2025-03-27T14:20:04Z</time></trkpt>
      <trkpt lat="46.7837432" lon="8.5136975"><ele>2755.6</ele><time>2025-03-27T14:20:19Z</time></trkpt>
      <trkpt lat="46.7845747" lon="8.513921"><ele>2751.5</ele><time>2025-03-27T14:21:00Z</time></trkpt>
      <trkpt lat="46.7852053" lon="8.5147809"><ele>2735.9</ele><time>2025-03-27T14:28:22Z</time></trkpt>
      <trkpt lat="46.7858457" lon="8.5149186"><ele>2703.6</ele><time>2025-03-27T14:28:32Z</time></trkpt>
      <trkpt lat="46.7870773" lon="8.5173412"><ele>2670.6</ele><time>2025-03-27T14:29:50Z</time></trkpt>
      <trkpt lat="46.7876912" lon="8.5168725"><ele>2639.6</ele><time>2025-03-27T14:30:05Z</time></trkpt>
      <trkpt lat="46.7882246" lon="8.5169832"><ele>2614.0</ele><time>2025-03-27T14:32:18Z</time></trkpt>
      <trkpt lat="46.7890252" lon="8.5163993"><ele>2578.6</ele><time>2025-03-27T14:32:38Z</time></trkpt>
      <trkpt lat="46.7892855" lon="8.5163653"><ele>2571.6</ele><time>2025-03-27T14:32:43Z</time></trkpt>
      <trkpt lat="46.7895974" lon="8.5168309"><ele>2557.7</ele><time>2025-03-27T14:34:25Z</time></trkpt>
      <trkpt lat="46.790221" lon="8.5160093"><ele>2509.2</ele><time>2025-03-27T14:34:50Z</time></trkpt>
      <trkpt lat="46.7906127" lon="8.5162588"><ele>2495.2</ele><time>2025-03-27T14:37:04Z</time></trkpt>
      <trkpt lat="46.7912107" lon="8.5151609"><ele>2445.6</ele><time>2025-03-27T14:37:25Z</time></trkpt>
      <trkpt lat="46.7913944" lon="8.5152877"><ele>2436.6</ele><time>2025-03-27T14:39:12Z</time></trkpt>
      <trkpt lat="46.7918658" lon="8.5145747"><ele>2400.4</ele><time>2025-03-27T14:39:33Z</time></trkpt>
      <trkpt lat="46.7922936" lon="8.5135791"><ele>2353.7</ele><time>2025-03-27T14:39:54Z</time></trkpt>
      <trkpt lat="46.7922393" lon="8.5134793"><ele>2354.0</ele><time>2025-03-27T14:43:25Z</time></trkpt>
      <trkpt lat="46.793244" lon="8.5121943"><ele>2282.8</ele><time>2025-03-27T14:43:57Z</time></trkpt>
      <trkpt lat="46.7939507" lon="8.5115374"><ele>2227.2</ele><time>2025-03-27T14:44:18Z</time></trkpt>
      <trkpt lat="46.7952126" lon="8.5093713"><ele>2111.0</ele><time>2025-03-27T14:53:14Z</time></trkpt>
      <trkpt lat="46.7956147" lon="8.5093892"><ele>2098.4</ele><time>2025-03-27T14:55:21Z</time></trkpt>
      <trkpt lat="46.7958725" lon="8.5098336"><ele>2093.8</ele><time>2025-03-27T14:56:25Z</time></trkpt>
      <trkpt lat="46.7961415" lon="8.5093064"><ele>2070.7</ele><time>2025-03-27T14:57:34Z</time></trkpt>
      <trkpt lat="46.7960119" lon="8.5091392"><ele>2066.1</ele><time>2025-03-27T14:57:50Z</time></trkpt>
      <trkpt lat="46.7962627" lon="8.508745"><ele>2038.8</ele><time>2025-03-27T14:58:31Z</time></trkpt>
      <trkpt lat="46.7971194" lon="8.5086062"><ele>2013.1</ele><time>2025-03-27T15:01:05Z</time></trkpt>
      <trkpt lat="46.7971859" lon="8.508363"><ele>1996.1</ele><time>2025-03-27T15:02:54Z</time></trkpt>
      <trkpt lat="46.7973775" lon="8.5083544"><ele>1984.6</ele><time>2025-03-27T15:03:09Z</time></trkpt>
      <trkpt lat="46.7977261" lon="8.5086689"><ele>1974.3</ele><time>2025-03-27T15:04:05Z</time></trkpt>
      <trkpt lat="46.7981554" lon="8.5095515"><ele>1963.2</ele><time>2025-03-27T15:08:58Z</time></trkpt>
      <trkpt lat="46.7993528" lon="8.5104403"><ele>1962.3</ele><time>2025-03-27T15:10:46Z</time></trkpt>
      <trkpt lat="46.7997053" lon="8.5097025"><ele>1955.5</ele><time>2025-03-27T15:11:59Z</time></trkpt>
      <trkpt lat="46.7998506" lon="8.5099717"><ele>1969.7</ele><time>2025-03-27T15:13:42Z</time></trkpt>
      <trkpt lat="46.8007153" lon="8.5090284"><ele>2082.4</ele><time>2025-03-27T15:13:45Z</time></trkpt>
      <trkpt lat="46.7999434" lon="8.5090456"><ele>2118.8</ele><time>2025-03-27T15:13:50Z</time></trkpt>
      <trkpt lat="46.7997945" lon="8.509771"><ele>1966.1</ele><time>2025-03-27T15:15:10Z</time></trkpt>
      <trkpt lat="46.7998381" lon="8.509558"><ele>1953.6</ele><time>2025-03-28T04:30:48Z</time></trkpt>
      <trkpt lat="46.7999207" lon="8.5091216"><ele>1949.5</ele><time>2025-03-28T04:37:06Z</time></trkpt>
      <trkpt lat="46.800083" lon="8.5090219"><ele>1949.0</ele><time>2025-03-28T04:37:27Z</time></trkpt>
      <trkpt lat="46.800347" lon="8.5091384"><ele>1941.8</ele><time>2025-03-28T04:37:53Z</time></trkpt>
      <trkpt lat="46.8003653" lon="8.5079417"><ele>1890.0</ele><time>2025-03-28T04:42:49Z</time></trkpt>
      <trkpt lat="46.800271" lon="8.5076782"><ele>1886.1</ele><time>2025-03-28T04:42:54Z</time></trkpt>
      <trkpt lat="46.8005238" lon="8.5077231"><ele>1875.0</ele><time>2025-03-28T04:45:53Z</time></trkpt>
      <trkpt lat="46.8004703" lon="8.5074324"><ele>1867.4</ele><time>2025-03-28T04:46:18Z</time></trkpt>
      <trkpt lat="46.8010774" lon="8.5081785"><ele>1851.8</ele><time>2025-03-28T04:50:48Z</time></trkpt>
      <trkpt lat="46.8010518" lon="8.5078767"><ele>1833.9</ele><time>2025-03-28T04:54:16Z</time></trkpt>
      <trkpt lat="46.8011835" lon="8.5076185"><ele>1822.3</ele><time>2025-03-28T04:54:27Z</time></trkpt>
      <trkpt lat="46.8010475" lon="8.50712"><ele>1806.9</ele><time>2025-03-28T04:54:42Z</time></trkpt>
      <trkpt lat="46.8014622" lon="8.5068818"><ele>1792.9</ele><time>2025-03-28T04:56:11Z</time></trkpt>
      <trkpt lat="46.8011976" lon="8.5066982"><ele>1785.4</ele><time>2025-03-28T04:57:19Z</time></trkpt>
      <trkpt lat="46.8011963" lon="8.5059938"><ele>1762.1</ele><time>2025-03-28T04:57:34Z</time></trkpt>
      <trkpt lat="46.8014522" lon="8.5054993"><ele>1731.7</ele><time>2025-03-28T05:04:23Z</time></trkpt>
      <trkpt lat="46.8017391" lon="8.5052985"><ele>1730.3</ele><time>2025-03-28T05:05:03Z</time></trkpt>
      <trkpt lat="46.8017003" lon="8.5050565"><ele>1719.8</ele><time>2025-03-28T05:22:06Z</time></trkpt>
      <trkpt lat="46.8018498" lon="8.5048677"><ele>1706.7</ele><time>2025-03-28T05:22:57Z</time></trkpt>
      <trkpt lat="46.8017367" lon="8.5044969"><ele>1689.9</ele><time>2025-03-28T05:25:10Z</time></trkpt>
      <trkpt lat="46.8020503" lon="8.5045379"><ele>1680.7</ele><time>2025-03-28T05:28:31Z</time></trkpt>
      <trkpt lat="46.8021469" lon="8.5043657"><ele>1678.0</ele><time>2025-03-28T05:28:51Z</time></trkpt>
      <trkpt lat="46.802218" lon="8.5030732"><ele>1657.9</ele><time>2025-03-28T05:31:59Z</time></trkpt>
      <trkpt lat="46.8019713" lon="8.5024412"><ele>1619.6</ele><time>2025-03-28T05:34:22Z</time></trkpt>
      <trkpt lat="46.8023808" lon="8.5018883"><ele>1584.7</ele><time>2025-03-28T05:36:07Z</time></trkpt>
      <trkpt lat="46.8024504" lon="8.5015694"><ele>1568.6</ele><time>2025-03-28T05:36:55Z</time></trkpt>
      <trkpt lat="46.8023316" lon="8.5014061"><ele>1562.9</ele><time>2025-03-28T05:37:15Z</time></trkpt>
      <trkpt lat="46.8023311" lon="8.5007663"><ele>1530.8</ele><time>2025-03-28T05:38:41Z</time></trkpt>
      <trkpt lat="46.8022052" lon="8.500632"><ele>1522.8</ele><time>2025-03-28T05:39:01Z</time></trkpt>
      <trkpt lat="46.8021365" lon="8.4999643"><ele>1500.6</ele><time>2025-03-28T05:40:02Z</time></trkpt>
      <trkpt lat="46.8011635" lon="8.5004369"><ele>1479.9</ele><time>2025-03-28T05:41:25Z</time></trkpt>
      <trkpt lat="46.8008713" lon="8.5004338"><ele>1476.0</ele><time>2025-03-28T05:41:46Z</time></trkpt>
      <trkpt lat="46.8001926" lon="8.4992722"><ele>1459.9</ele><time>2025-03-28T05:43:11Z</time></trkpt>
      <trkpt lat="46.8005345" lon="8.4969608"><ele>1419.4</ele><time>2025-03-28T05:45:34Z</time></trkpt>
      <trkpt lat="46.8003458" lon="8.4954418"><ele>1397.1</ele><time>2025-03-28T05:47:00Z</time></trkpt>
      <trkpt lat="46.8005902" lon="8.4947748"><ele>1390.1</ele><time>2025-03-28T05:47:46Z</time></trkpt>
      <trkpt lat="46.8003698" lon="8.4945758"><ele>1394.1</ele><time>2025-03-28T06:15:14Z</time></trkpt>
      <trkpt lat="46.8004126" lon="8.4943609"><ele>1395.7</ele><time>2025-03-28T06:15:35Z</time></trkpt>
      <trkpt lat="46.8010155" lon="8.4948803"><ele>1402.8</ele><time>2025-03-28T06:16:55Z</time></trkpt>
      <trkpt lat="46.8017" lon="8.4960255"><ele>1408.9</ele><time>2025-03-28T06:18:37Z</time></trkpt>
      <trkpt lat="46.802131" lon="8.496374"><ele>1411.0</ele><time>2025-03-28T06:19:19Z</time></trkpt>
      <trkpt lat="46.8031374" lon="8.4980076"><ele>1414.1</ele><time>2025-03-28T06:21:27Z</time></trkpt>
      <trkpt lat="46.8047852" lon="8.4986985"><ele>1434.1</ele><time>2025-03-28T06:24:02Z</time></trkpt>
      <trkpt lat="46.8062378" lon="8.5001343"><ele>1446.2</ele><time>2025-03-28T06:26:47Z</time></trkpt>
      <trkpt lat="46.8065195" lon="8.5006154"><ele>1449.1</ele><time>2025-03-28T06:27:35Z</time></trkpt>
      <trkpt lat="46.806793" lon="8.499647"><ele>1479.4</ele><time>2025-03-28T06:30:15Z</time></trkpt>
      <trkpt lat="46.8069777" lon="8.4998303"><ele>1490.5</ele><time>2025-03-28T06:30:58Z</time></trkpt>
      <trkpt lat="46.8070526" lon="8.4996381"><ele>1497.8</ele><time>2025-03-28T06:31:30Z</time></trkpt>
      <trkpt lat="46.8073239" lon="8.5000396"><ele>1516.2</ele><time>2025-03-28T06:32:50Z</time></trkpt>
      <trkpt lat="46.8073814" lon="8.4999213"><ele>1519.4</ele><time>2025-03-28T06:33:06Z</time></trkpt>
      <trkpt lat="46.8084972" lon="8.4998661"><ele>1559.5</ele><time>2025-03-28T06:36:23Z</time></trkpt>
      <trkpt lat="46.8080275" lon="8.4993695"><ele>1579.0</ele><time>2025-03-28T06:37:43Z</time></trkpt>
      <trkpt lat="46.8075006" lon="8.4983412"><ele>1597.3</ele><time>2025-03-28T06:49:47Z</time></trkpt>
      <trkpt lat="46.8074901" lon="8.4977028"><ele>1603.6</ele><time>2025-03-28T07:05:04Z</time></trkpt>
      <trkpt lat="46.8072746" lon="8.4974941"><ele>1606.7</ele><time>2025-03-28T07:05:47Z</time></trkpt>
      <trkpt lat="46.8068546" lon="8.4959045"><ele>1622.6</ele><time>2025-03-28T07:09:04Z</time></trkpt>
      <trkpt lat="46.8064266" lon="8.4935918"><ele>1661.5</ele><time>2025-03-28T07:13:26Z</time></trkpt>
      <trkpt lat="46.8053823" lon="8.4916466"><ele>1670.3</ele><time>2025-03-28T07:17:58Z</time></trkpt>
      <trkpt lat="46.8047245" lon="8.4907503"><ele>1680.3</ele><time>2025-03-28T07:19:39Z</time></trkpt>
      <trkpt lat="46.8035481" lon="8.485547"><ele>1716.6</ele><time>2025-03-28T07:39:09Z</time></trkpt>
      <trkpt lat="46.8033494" lon="8.4851935"><ele>1722.9</ele><time>2025-03-28T07:40:04Z</time></trkpt>
      <trkpt lat="46.8032361" lon="8.4845777"><ele>1727.0</ele><time>2025-03-28T07:41:10Z</time></trkpt>
      <trkpt lat="46.8028499" lon="8.4840541"><ele>1737.1</ele><time>2025-03-28T07:42:38Z</time></trkpt>
      <trkpt lat="46.8027959" lon="8.483574"><ele>1749.7</ele><time>2025-03-28T07:44:36Z</time></trkpt>
      <trkpt lat="46.8029219" lon="8.4835757"><ele>1755.1</ele><time>2025-03-28T07:45:12Z</time></trkpt>
      <trkpt lat="46.8029568" lon="8.4832091"><ele>1762.3</ele><time>2025-03-28T07:46:46Z</time></trkpt>
      <trkpt lat="46.802843" lon="8.4828477"><ele>1769.7</ele><time>2025-03-28T07:47:37Z</time></trkpt>
      <trkpt lat="46.8031604" lon="8.4828837"><ele>1778.3</ele><time>2025-03-28T07:48:57Z</time></trkpt>
      <trkpt lat="46.8028277" lon="8.4820671"><ele>1793.1</ele><time>2025-03-28T07:51:06Z</time></trkpt>
      <trkpt lat="46.8030485" lon="8.482174"><ele>1797.7</ele><time>2025-03-28T07:52:09Z</time></trkpt>
      <trkpt lat="46.803001" lon="8.4817302"><ele>1808.0</ele><time>2025-03-28T07:53:11Z</time></trkpt>
      <trkpt lat="46.8032754" lon="8.4817766"><ele>1816.2</ele><time>2025-03-28T07:55:08Z</time></trkpt>
      <trkpt lat="46.8032227" lon="8.4809404"><ele>1826.2</ele><time>2025-03-28T07:56:38Z</time></trkpt>
      <trkpt lat="46.8028221" lon="8.4789651"><ele>1838.8</ele><time>2025-03-28T07:59:45Z</time></trkpt>
      <trkpt lat="46.8022343" lon="8.477748"><ele>1839.0</ele><time>2025-03-28T08:01:21Z</time></trkpt>
      <trkpt lat="46.8013687" lon="8.4749424"><ele>1831.7</ele><time>2025-03-28T08:09:28Z</time></trkpt>
      <trkpt lat="46.8013284" lon="8.4743827"><ele>1835.7</ele><time>2025-03-28T08:10:26Z</time></trkpt>
      <trkpt lat="46.8015163" lon="8.474377"><ele>1842.5</ele><time>2025-03-28T08:11:09Z</time></trkpt>
      <trkpt lat="46.8015406" lon="8.4736826"><ele>1853.0</ele><time>2025-03-28T08:12:56Z</time></trkpt>
      <trkpt lat="46.8017457" lon="8.4739416"><ele>1859.4</ele><time>2025-03-28T08:13:44Z</time></trkpt>
      <trkpt lat="46.8017998" lon="8.4737595"><ele>1862.4</ele><time>2025-03-28T08:14:10Z</time></trkpt>
      <trkpt lat="46.8019899" lon="8.4737457"><ele>1869.8</ele><time>2025-03-28T08:14:52Z</time></trkpt>
      <trkpt lat="46.802132" lon="8.4732894"><ele>1877.9</ele><time>2025-03-28T08:16:31Z</time></trkpt>
      <trkpt lat="46.8025806" lon="8.4736251"><ele>1877.6</ele><time>2025-03-28T08:17:40Z</time></trkpt>
      <trkpt lat="46.802824" lon="8.4736142"><ele>1879.1</ele><time>2025-03-28T08:18:06Z</time></trkpt>
      <trkpt lat="46.8032737" lon="8.4718192"><ele>1906.8</ele><time>2025-03-28T08:22:50Z</time></trkpt>
      <trkpt lat="46.8034019" lon="8.4716758"><ele>1909.6</ele><time>2025-03-28T08:23:22Z</time></trkpt>
      <trkpt lat="46.8034974" lon="8.4720266"><ele>1917.6</ele><time>2025-03-28T08:24:13Z</time></trkpt>
      <trkpt lat="46.8036234" lon="8.4717359"><ele>1922.6</ele><time>2025-03-28T08:24:55Z</time></trkpt>
      <trkpt lat="46.8037308" lon="8.4722059"><ele>1934.8</ele><time>2025-03-28T08:25:53Z</time></trkpt>
      <trkpt lat="46.8040223" lon="8.4713861"><ele>1949.4</ele><time>2025-03-28T08:27:56Z</time></trkpt>
      <trkpt lat="46.8041318" lon="8.4718477"><ele>1962.5</ele><time>2025-03-28T08:29:32Z</time></trkpt>
      <trkpt lat="46.8046516" lon="8.4710221"><ele>1980.3</ele><time>2025-03-28T08:33:31Z</time></trkpt>
      <trkpt lat="46.8048142" lon="8.4725922"><ele>2006.8</ele><time>2025-03-28T08:36:48Z</time></trkpt>
      <trkpt lat="46.8051222" lon="8.4721971"><ele>2016.2</ele><time>2025-03-28T08:38:32Z</time></trkpt>
      <trkpt lat="46.8051803" lon="8.4727632"><ele>2027.4</ele><time>2025-03-28T08:40:17Z</time></trkpt>
      <trkpt lat="46.8056788" lon="8.4721828"><ele>2042.8</ele><time>2025-03-28T08:42:10Z</time></trkpt>
      <trkpt lat="46.8057438" lon="8.4730433"><ele>2058.4</ele><time>2025-03-28T08:43:58Z</time></trkpt>
      <trkpt lat="46.8059874" lon="8.4727822"><ele>2064.7</ele><time>2025-03-28T08:45:00Z</time></trkpt>
      <trkpt lat="46.8060463" lon="8.4733289"><ele>2076.2</ele><time>2025-03-28T08:46:11Z</time></trkpt>
      <trkpt lat="46.8063665" lon="8.4729722"><ele>2084.7</ele><time>2025-03-28T08:47:28Z</time></trkpt>
      <trkpt lat="46.8064075" lon="8.4736154"><ele>2096.1</ele><time>2025-03-28T08:48:53Z</time></trkpt>
      <trkpt lat="46.8066314" lon="8.4732906"><ele>2101.8</ele><time>2025-03-28T08:50:02Z</time></trkpt>
      <trkpt lat="46.8066757" lon="8.4737463"><ele>2109.4</ele><time>2025-03-28T08:51:06Z</time></trkpt>
      <trkpt lat="46.8071488" lon="8.473164"><ele>2123.1</ele><time>2025-03-28T08:52:52Z</time></trkpt>
      <trkpt lat="46.8072276" lon="8.473638"><ele>2131.8</ele><time>2025-03-28T08:53:54Z</time></trkpt>
      <trkpt lat="46.8076829" lon="8.4732076"><ele>2147.4</ele><time>2025-03-28T08:55:34Z</time></trkpt>
      <trkpt lat="46.8077557" lon="8.4740168"><ele>2159.0</ele><time>2025-03-28T08:57:15Z</time></trkpt>
      <trkpt lat="46.8087265" lon="8.4731702"><ele>2184.9</ele><time>2025-03-28T09:31:06Z</time></trkpt>
      <trkpt lat="46.8086993" lon="8.4736748"><ele>2192.1</ele><time>2025-03-28T09:32:08Z</time></trkpt>
      <trkpt lat="46.8087808" lon="8.4736509"><ele>2194.5</ele><time>2025-03-28T09:32:45Z</time></trkpt>
      <trkpt lat="46.8097636" lon="8.4724188"><ele>2221.3</ele><time>2025-03-28T09:36:11Z</time></trkpt>
      <trkpt lat="46.8097627" lon="8.4731017"><ele>2237.2</ele><time>2025-03-28T09:37:36Z</time></trkpt>
      <trkpt lat="46.8106131" lon="8.4720041"><ele>2262.3</ele><time>2025-03-28T09:40:48Z</time></trkpt>
      <trkpt lat="46.8104606" lon="8.4724002"><ele>2265.0</ele><time>2025-03-28T09:41:47Z</time></trkpt>
      <trkpt lat="46.8104325" lon="8.4735358"><ele>2285.5</ele><time>2025-03-28T09:44:06Z</time></trkpt>
      <trkpt lat="46.8107071" lon="8.4731554"><ele>2293.6</ele><time>2025-03-28T09:45:08Z</time></trkpt>
      <trkpt lat="46.8106966" lon="8.4734556"><ele>2300.0</ele><time>2025-03-28T09:45:50Z</time></trkpt>
      <trkpt lat="46.8109429" lon="8.4731078"><ele>2308.9</ele><time>2025-03-28T09:46:52Z</time></trkpt>
      <trkpt lat="46.8109057" lon="8.4732437"><ele>2314.4</ele><time>2025-03-28T09:47:14Z</time></trkpt>
      <trkpt lat="46.811205" lon="8.4730163"><ele>2318.6</ele><time>2025-03-28T09:48:18Z</time></trkpt>
      <trkpt lat="46.8118235" lon="8.4730049"><ele>2327.4</ele><time>2025-03-28T09:50:18Z</time></trkpt>
      <trkpt lat="46.8112161" lon="8.4742784"><ele>2362.1</ele><time>2025-03-28T10:00:40Z</time></trkpt>
      <trkpt lat="46.8116705" lon="8.4742152"><ele>2369.5</ele><time>2025-03-28T10:02:38Z</time></trkpt>
      <trkpt lat="46.811386" lon="8.4748639"><ele>2385.2</ele><time>2025-03-28T10:04:24Z</time></trkpt>
      <trkpt lat="46.8115687" lon="8.4747794"><ele>2384.2</ele><time>2025-03-28T10:05:18Z</time></trkpt>
      <trkpt lat="46.8116139" lon="8.4750664"><ele>2403.6</ele><time>2025-03-28T10:08:03Z</time></trkpt>
      <trkpt lat="46.8118898" lon="8.4748747"><ele>2403.7</ele><time>2025-03-28T10:09:50Z</time></trkpt>
      <trkpt lat="46.8118175" lon="8.4751289"><ele>2419.4</ele><time>2025-03-28T10:20:30Z</time></trkpt>
      <trkpt lat="46.8119008" lon="8.4758747"><ele>2435.7</ele><time>2025-03-28T10:38:43Z</time></trkpt>
      <trkpt lat="46.8117844" lon="8.4765129"><ele>2451.8</ele><time>2025-03-28T10:40:22Z</time></trkpt>
      <trkpt lat="46.8120182" lon="8.4763689"><ele>2456.2</ele><time>2025-03-28T10:41:13Z</time></trkpt>
      <trkpt lat="46.8119666" lon="8.4766418"><ele>2466.5</ele><time>2025-03-28T10:42:41Z</time></trkpt>
      <trkpt lat="46.8125507" lon="8.4760926"><ele>2485.6</ele><time>2025-03-28T10:44:36Z</time></trkpt>
      <trkpt lat="46.8124133" lon="8.476995"><ele>2515.3</ele><time>2025-03-28T10:49:20Z</time></trkpt>
      <trkpt lat="46.8130585" lon="8.4765085"><ele>2527.6</ele><time>2025-03-28T10:54:22Z</time></trkpt>
      <trkpt lat="46.8130157" lon="8.4769313"><ele>2538.4</ele><time>2025-03-28T10:55:07Z</time></trkpt>
      <trkpt lat="46.8132174" lon="8.4766176"><ele>2549.4</ele><time>2025-03-28T10:56:02Z</time></trkpt>
      <trkpt lat="46.8131879" lon="8.4772058"><ele>2570.7</ele><time>2025-03-28T10:58:36Z</time></trkpt>
      <trkpt lat="46.8137864" lon="8.4766338"><ele>2596.1</ele><time>2025-03-28T11:02:59Z</time></trkpt>
      <trkpt lat="46.8136356" lon="8.477016"><ele>2594.3</ele><time>2025-03-28T11:03:31Z</time></trkpt>
      <trkpt lat="46.813825" lon="8.4770397"><ele>2620.2</ele><time>2025-03-28T11:09:28Z</time></trkpt>
      <trkpt lat="46.8138608" lon="8.4774853"><ele>2619.7</ele><time>2025-03-28T11:18:11Z</time></trkpt>
      <trkpt lat="46.813607" lon="8.4784347"><ele>2617.3</ele><time>2025-03-28T11:53:04Z</time></trkpt>
      <trkpt lat="46.8139611" lon="8.4785965"><ele>2603.3</ele><time>2025-03-28T11:54:19Z</time></trkpt>
      <trkpt lat="46.8141377" lon="8.4789443"><ele>2589.9</ele><time>2025-03-28T12:06:10Z</time></trkpt>
      <trkpt lat="46.8148065" lon="8.4791145"><ele>2574.5</ele><time>2025-03-28T12:06:57Z</time></trkpt>
      <trkpt lat="46.8154903" lon="8.4796366"><ele>2550.8</ele><time>2025-03-28T12:07:17Z</time></trkpt>
      <trkpt lat="46.8160808" lon="8.4796443"><ele>2538.0</ele><time>2025-03-28T12:07:28Z</time></trkpt>
      <trkpt lat="46.8170686" lon="8.4791843"><ele>2522.5</ele><time>2025-03-28T12:08:03Z</time></trkpt>
      <trkpt lat="46.8170702" lon="8.4758805"><ele>2489.3</ele><time>2025-03-28T12:13:10Z</time></trkpt>
      <trkpt lat="46.8172948" lon="8.4751118"><ele>2458.7</ele><time>2025-03-28T12:13:15Z</time></trkpt>
      <trkpt lat="46.8175903" lon="8.4745811"><ele>2447.1</ele><time>2025-03-28T12:13:20Z</time></trkpt>
      <trkpt lat="46.8176473" lon="8.4746538"><ele>2430.3</ele><time>2025-03-28T12:13:26Z</time></trkpt>
      <trkpt lat="46.8175286" lon="8.4749496"><ele>2408.6</ele><time>2025-03-28T12:16:35Z</time></trkpt>
      <trkpt lat="46.8170646" lon="8.4734021"><ele>2379.7</ele><time>2025-03-28T12:16:50Z</time></trkpt>
      <trkpt lat="46.8170266" lon="8.4728527"><ele>2348.1</ele><time>2025-03-28T12:16:55Z</time></trkpt>
      <trkpt lat="46.8173422" lon="8.4716085"><ele>2278.4</ele><time>2025-03-28T12:17:11Z</time></trkpt>
      <trkpt lat="46.8173767" lon="8.4719087"><ele>2235.8</ele><time>2025-03-28T12:19:39Z</time></trkpt>
      <trkpt lat="46.8176096" lon="8.4718339"><ele>2226.5</ele><time>2025-03-28T12:19:49Z</time></trkpt>
      <trkpt lat="46.8177951" lon="8.4705532"><ele>2178.1</ele><time>2025-03-28T12:21:19Z</time></trkpt>
      <trkpt lat="46.81772" lon="8.4698319"><ele>2170.2</ele><time>2025-03-28T12:21:24Z</time></trkpt>
      <trkpt lat="46.8181852" lon="8.4681251"><ele>2142.0</ele><time>2025-03-28T12:21:39Z</time></trkpt>
      <trkpt lat="46.8183225" lon="8.4679821"><ele>2115.1</ele><time>2025-03-28T12:21:44Z</time></trkpt>
      <trkpt lat="46.8184067" lon="8.4682615"><ele>2093.9</ele><time>2025-03-28T12:22:10Z</time></trkpt>
      <trkpt lat="46.8185724" lon="8.4682724"><ele>2083.7</ele><time>2025-03-28T12:22:26Z</time></trkpt>
      <trkpt lat="46.8194286" lon="8.468075"><ele>2063.3</ele><time>2025-03-28T12:23:46Z</time></trkpt>
      <trkpt lat="46.8199333" lon="8.4677392"><ele>2055.5</ele><time>2025-03-28T12:25:35Z</time></trkpt>
      <trkpt lat="46.8200359" lon="8.4675369"><ele>2046.0</ele><time>2025-03-28T12:25:51Z</time></trkpt>
      <trkpt lat="46.8199155" lon="8.4671122"><ele>2025.7</ele><time>2025-03-28T12:26:42Z</time></trkpt>
      <trkpt lat="46.8201665" lon="8.4668655"><ele>2018.9</ele><time>2025-03-28T12:27:18Z</time></trkpt>
      <trkpt lat="46.8203317" lon="8.4664287"><ele>2007.6</ele><time>2025-03-28T12:28:08Z</time></trkpt>
      <trkpt lat="46.8202779" lon="8.4661068"><ele>1996.0</ele><time>2025-03-28T12:33:11Z</time></trkpt>
      <trkpt lat="46.8206242" lon="8.4656205"><ele>1975.1</ele><time>2025-03-28T12:33:38Z</time></trkpt>
      <trkpt lat="46.8203693" lon="8.4649625"><ele>1931.8</ele><time>2025-03-28T12:39:13Z</time></trkpt>
      <trkpt lat="46.8204979" lon="8.4639233"><ele>1921.1</ele><time>2025-03-28T12:41:06Z</time></trkpt>
      <trkpt lat="46.8203159" lon="8.4640566"><ele>1910.1</ele><time>2025-03-28T12:42:43Z</time></trkpt>
      <trkpt lat="46.8202612" lon="8.4637352"><ele>1903.7</ele><time>2025-03-28T12:45:22Z</time></trkpt>
      <trkpt lat="46.8199107" lon="8.463603"><ele>1887.2</ele><time>2025-03-28T12:45:37Z</time></trkpt>
      <trkpt lat="46.8195924" lon="8.4642778"><ele>1874.6</ele><time>2025-03-28T12:46:53Z</time></trkpt>
      <trkpt lat="46.8196659" lon="8.4634984"><ele>1868.3</ele><time>2025-03-28T12:48:15Z</time></trkpt>
      <trkpt lat="46.8195506" lon="8.4631327"><ele>1868.4</ele><time>2025-03-28T12:50:37Z</time></trkpt>
      <trkpt lat="46.8196953" lon="8.4633197"><ele>1866.7</ele><time>2025-03-28T12:51:29Z</time></trkpt>
      <trkpt lat="46.8195559" lon="8.4627862"><ele>1864.3</ele><time>2025-03-28T12:54:41Z</time></trkpt>
      <trkpt lat="46.8191481" lon="8.4629605"><ele>1842.4</ele><time>2025-03-28T12:56:07Z</time></trkpt>
      <trkpt lat="46.8191994" lon="8.4631326"><ele>1833.4</ele><time>2025-03-28T12:56:54Z</time></trkpt>
      <trkpt lat="46.8190069" lon="8.4634913"><ele>1820.1</ele><time>2025-03-28T12:59:48Z</time></trkpt>
      <trkpt lat="46.8185711" lon="8.4632944"><ele>1795.1</ele><time>2025-03-28T13:04:38Z</time></trkpt>
      <trkpt lat="46.8179607" lon="8.4636007"><ele>1776.4</ele><time>2025-03-28T13:04:48Z</time></trkpt>
      <trkpt lat="46.8179423" lon="8.4639473"><ele>1770.5</ele><time>2025-03-28T13:05:04Z</time></trkpt>
      <trkpt lat="46.8176819" lon="8.4642526"><ele>1761.1</ele><time>2025-03-28T13:05:30Z</time></trkpt>
      <trkpt lat="46.8168538" lon="8.463118"><ele>1714.7</ele><time>2025-03-28T13:06:47Z</time></trkpt>
      <trkpt lat="46.8156152" lon="8.4623397"><ele>1673.4</ele><time>2025-03-28T13:07:08Z</time></trkpt>
      <trkpt lat="46.8151023" lon="8.461676"><ele>1659.0</ele><time>2025-03-28T13:07:24Z</time></trkpt>
      <trkpt lat="46.814314" lon="8.4602442"><ele>1634.2</ele><time>2025-03-28T13:07:59Z</time></trkpt>
      <trkpt lat="46.8123791" lon="8.4546256"><ele>1590.8</ele><time>2025-03-28T13:21:17Z</time></trkpt>
      <trkpt lat="46.8122023" lon="8.454238"><ele>1585.5</ele><time>2025-03-28T13:21:38Z</time></trkpt>
      <trkpt lat="46.8119754" lon="8.4541715"><ele>1581.1</ele><time>2025-03-28T13:21:53Z</time></trkpt>
      <trkpt lat="46.8117547" lon="8.4538602"><ele>1573.7</ele><time>2025-03-28T13:22:09Z</time></trkpt>
      <trkpt lat="46.8111052" lon="8.4522721"><ele>1542.0</ele><time>2025-03-28T13:23:20Z</time></trkpt>
      <trkpt lat="46.8105536" lon="8.4516487"><ele>1530.0</ele><time>2025-03-28T13:24:00Z</time></trkpt>
      <trkpt lat="46.8102398" lon="8.45163"><ele>1520.1</ele><time>2025-03-28T13:24:20Z</time></trkpt>
      <trkpt lat="46.8094913" lon="8.4510302"><ele>1502.7</ele><time>2025-03-28T13:25:18Z</time></trkpt>
      <trkpt lat="46.8092491" lon="8.451536"><ele>1494.7</ele><time>2025-03-28T13:25:44Z</time></trkpt>
      <trkpt lat="46.8095107" lon="8.4518763"><ele>1482.3</ele><time>2025-03-28T13:26:04Z</time></trkpt>
      <trkpt lat="46.8090144" lon="8.4516917"><ele>1479.1</ele><time>2025-03-28T13:26:29Z</time></trkpt>
      <trkpt lat="46.808834" lon="8.4512692"><ele>1481.7</ele><time>2025-03-28T13:26:44Z</time></trkpt>
      <trkpt lat="46.8085218" lon="8.4496854"><ele>1437.0</ele><time>2025-03-28T13:28:09Z</time></trkpt>
      <trkpt lat="46.8088027" lon="8.4476859"><ele>1398.3</ele><time>2025-03-28T13:29:37Z</time></trkpt>
      <trkpt lat="46.809417" lon="8.4465326"><ele>1377.1</ele><time>2025-03-28T13:30:37Z</time></trkpt>
      <trkpt lat="46.8100933" lon="8.4458204"><ele>1367.4</ele><time>2025-03-28T13:31:28Z</time></trkpt>
      <trkpt lat="46.8102623" lon="8.4454628"><ele>1362.7</ele><time>2025-03-28T13:31:43Z</time></trkpt>
      <trkpt lat="46.8102982" lon="8.4447178"><ele>1349.7</ele><time>2025-03-28T13:32:08Z</time></trkpt>
      <trkpt lat="46.8105466" lon="8.4444907"><ele>1342.5</ele><time>2025-03-28T13:32:24Z</time></trkpt>
      <trkpt lat="46.8102158" lon="8.444361"><ele>1327.9</ele><time>2025-03-28T13:32:49Z</time></trkpt>
      <trkpt lat="46.810425" lon="8.4441914"><ele>1314.1</ele><time>2025-03-28T13:33:09Z</time></trkpt>
      <trkpt lat="46.8101513" lon="8.4441363"><ele>1304.2</ele><time>2025-03-28T13:33:29Z</time></trkpt>
      <trkpt lat="46.8102736" lon="8.4439217"><ele>1294.9</ele><time>2025-03-28T13:33:45Z</time></trkpt>
      <trkpt lat="46.8101159" lon="8.4438307"><ele>1289.9</ele><time>2025-03-28T13:33:56Z</time></trkpt>
      <trkpt lat="46.8096609" lon="8.4443738"><ele>1285.5</ele><time>2025-03-28T13:34:32Z</time></trkpt>
      <trkpt lat="46.8097654" lon="8.4434919"><ele>1262.9</ele><time>2025-03-28T13:35:14Z</time></trkpt>
      <trkpt lat="46.8093676" lon="8.4439687"><ele>1250.9</ele><time>2025-03-28T13:35:44Z</time></trkpt>
      <trkpt lat="46.8099608" lon="8.4420718"><ele>1211.5</ele><time>2025-03-28T13:37:10Z</time></trkpt>
      <trkpt lat="46.8092675" lon="8.4426684"><ele>1195.3</ele><time>2025-03-28T13:38:00Z</time></trkpt>
      <trkpt lat="46.809407" lon="8.4417862"><ele>1179.7</ele><time>2025-03-28T13:38:42Z</time></trkpt>
      <trkpt lat="46.8084788" lon="8.4431402"><ele>1147.2</ele><time>2025-03-28T13:40:09Z</time></trkpt>
      <trkpt lat="46.8081509" lon="8.4439247"><ele>1135.7</ele><time>2025-03-28T13:40:50Z</time></trkpt>
      <trkpt lat="46.8061105" lon="8.4455793"><ele>1080.8</ele><time>2025-03-28T13:43:22Z</time></trkpt>
      <trkpt lat="46.8057881" lon="8.4456347"><ele>1073.9</ele><time>2025-03-28T13:43:43Z</time></trkpt>
      <trkpt lat="46.8056404" lon="8.4454244"><ele>1069.1</ele><time>2025-03-28T13:43:58Z</time></trkpt>
      <trkpt lat="46.8058478" lon="8.4451776"><ele>1063.3</ele><time>2025-03-28T13:46:36Z</time></trkpt>
      <trkpt lat="46.8060353" lon="8.4427839"><ele>1056.5</ele><time>2025-03-28T13:49:48Z</time></trkpt>
      <trkpt lat="46.806933" lon="8.4413658"><ele>1053.9</ele><time>2025-03-28T13:49:59Z</time></trkpt>
      <trkpt lat="46.8072541" lon="8.4405702"><ele>1054.8</ele><time>2025-03-28T13:50:04Z</time></trkpt>
      <trkpt lat="46.8080657" lon="8.4377451"><ele>1048.4</ele><time>2025-03-28T13:50:20Z</time></trkpt>
      <trkpt lat="46.8084408" lon="8.4357211"><ele>1048.0</ele><time>2025-03-28T13:50:31Z</time></trkpt>
      <trkpt lat="46.8086858" lon="8.4348911"><ele>1043.3</ele><time>2025-03-28T13:50:36Z</time></trkpt>
      <trkpt lat="46.8091342" lon="8.4340105"><ele>1039.2</ele><time>2025-03-28T13:50:42Z</time></trkpt>
      <trkpt lat="46.8096582" lon="8.4322762"><ele>1036.5</ele><time>2025-03-28T13:50:52Z</time></trkpt>
      <trkpt lat="46.8096834" lon="8.4291372"><ele>1028.5</ele><time>2025-03-28T13:51:08Z</time></trkpt>
      <trkpt lat="46.8092455" lon="8.425489"><ele>1027.9</ele><time>2025-03-28T13:51:30Z</time></trkpt>
      <trkpt lat="46.8093633" lon="8.4248017"><ele>1025.4</ele><time>2025-03-28T13:51:35Z</time></trkpt>
      <trkpt lat="46.8104687" lon="8.4213854"><ele>1019.4</ele><time>2025-03-28T13:52:44Z</time></trkpt>
      <trkpt lat="46.8107578" lon="8.4206635"><ele>1018.6</ele><time>2025-03-28T13:52:50Z</time></trkpt>
      <trkpt lat="46.811612" lon="8.4196898"><ele>1017.1</ele><time>2025-03-28T13:53:00Z</time></trkpt>
      <trkpt lat="46.8127731" lon="8.4179591"><ele>1016.3</ele><time>2025-03-28T13:53:16Z</time></trkpt>
      <trkpt lat="46.8143052" lon="8.416711"><ele>1015.9</ele><time>2025-03-28T13:53:59Z</time></trkpt>
      <trkpt lat="46.8173967" lon="8.413212"><ele>1009.6</ele><time>2025-03-28T13:54:52Z</time></trkpt>
      <trkpt lat="46.8181317" lon="8.4129803"><ele>1007.8</ele><time>2025-03-28T13:55:08Z</time></trkpt>
      <trkpt lat="46.8187237" lon="8.4123687"><ele>1008.3</ele><time>2025-03-28T13:55:18Z</time></trkpt>
      <trkpt lat="46.8201251" lon="8.4067695"><ele>997.5</ele><time>2025-03-28T13:56:04Z</time></trkpt>
      <trkpt lat="46.8209751" lon="8.4044852"><ele>1000.0</ele><time>2025-03-28T13:56:52Z</time></trkpt>
      <trkpt lat="46.8210005" lon="8.4041094"><ele>998.5</ele><time>2025-03-28T13:56:58Z</time></trkpt>
      <trkpt lat="46.8202625" lon="8.4024181"><ele>1001.1</ele><time>2025-03-28T13:57:24Z</time></trkpt>
      <trkpt lat="46.8191594" lon="8.4030381"><ele>1002.4</ele><time>2025-03-28T13:58:23Z</time></trkpt>
      <trkpt lat="46.8188533" lon="8.4030103"><ele>1000.1</ele><time>2025-03-28T13:58:28Z</time></trkpt>
      <trkpt lat="46.8182524" lon="8.4024723"><ele>999.6</ele><time>2025-03-28T13:58:44Z</time></trkpt>
      <trkpt lat="46.8183945" lon="8.3982359"><ele>994.6</ele><time>2025-03-28T13:59:22Z</time></trkpt>
      <trkpt lat="46.8169327" lon="8.3979589"><ele>996.5</ele><time>2025-03-28T13:59:54Z</time></trkpt>
      <trkpt lat="46.816831" lon="8.3976853"><ele>994.5</ele><time>2025-03-28T13:59:59Z</time></trkpt>
      <trkpt lat="46.8168246" lon="8.3967827"><ele>993.2</ele><time>2025-03-28T14:00:10Z</time></trkpt>
      <trkpt lat="46.8165732" lon="8.3957132"><ele>992.2</ele><time>2025-03-28T14:00:31Z</time></trkpt>
      <trkpt lat="46.8163527" lon="8.3957857"><ele>984.8</ele><time>2025-03-28T14:00:58Z</time></trkpt>
      <trkpt lat="46.8161678" lon="8.395522"><ele>992.8</ele><time>2025-03-28T14:01:40Z</time></trkpt>
      <trkpt lat="46.8161111" lon="8.396228"><ele>991.3</ele><time>2025-03-28T14:05:14Z</time></trkpt>
      <trkpt lat="46.8162983" lon="8.3963816"><ele>1009.8</ele><time>2025-03-28T14:05:30Z</time></trkpt>
      <trkpt lat="46.8162512" lon="8.3966934"><ele>998.9</ele><time>2025-03-28T14:06:02Z</time></trkpt>
      <trkpt lat="46.7968886" lon="8.3975599"><ele>1565.6</ele><time>2025-03-28T14:14:02Z</time></trkpt>
      <trkpt lat="46.793779" lon="8.3976512"><ele>1770.2</ele><time>2025-03-28T14:15:22Z</time></trkpt>
      <trkpt lat="46.7933303" lon="8.3974035"><ele>1785.0</ele><time>2025-03-28T14:16:42Z</time></trkpt>
      <trkpt lat="46.7932017" lon="8.3975313"><ele>1787.2</ele><time>2025-03-28T14:17:24Z</time></trkpt>
      <trkpt lat="46.7932905" lon="8.3971692"><ele>1784.0</ele><time>2025-03-28T14:17:46Z</time></trkpt>
      <trkpt lat="46.7932204" lon="8.3969522"><ele>1782.4</ele><time>2025-03-28T14:17:51Z</time></trkpt>
      <trkpt lat="46.7923245" lon="8.3957033"><ele>1765.8</ele><time>2025-03-28T14:18:50Z</time></trkpt>
      <trkpt lat="46.7902977" lon="8.3892156"><ele>1786.2</ele><time>2025-03-28T14:24:45Z</time></trkpt>
      <trkpt lat="46.7909787" lon="8.3875536"><ele>1774.7</ele><time>2025-03-28T14:25:21Z</time></trkpt>
      <trkpt lat="46.7913101" lon="8.3875792"><ele>1768.0</ele><time>2025-03-28T14:25:46Z</time></trkpt>
      <trkpt lat="46.7910403" lon="8.3877316"><ele>1774.6</ele><time>2025-03-28T14:26:29Z</time></trkpt>
      <trkpt lat="46.7903262" lon="8.3876962"><ele>1806.9</ele><time>2025-03-28T14:26:50Z</time></trkpt>
      <trkpt lat="46.7782982" lon="8.3866183"><ele>2208.6</ele><time>2025-03-28T14:34:48Z</time></trkpt>
      <trkpt lat="46.777816" lon="8.3838984"><ele>2191.5</ele><time>2025-03-28T14:35:30Z</time></trkpt>
      <trkpt lat="46.7777938" lon="8.3824643"><ele>2181.1</ele><time>2025-03-28T14:35:40Z</time></trkpt>
      <trkpt lat="46.7776337" lon="8.3815839"><ele>2163.7</ele><time>2025-03-28T14:35:46Z</time></trkpt>
      <trkpt lat="46.7767022" lon="8.3793384"><ele>2120.9</ele><time>2025-03-28T14:36:02Z</time></trkpt>
      <trkpt lat="46.7763686" lon="8.3775412"><ele>2078.3</ele><time>2025-03-28T14:36:12Z</time></trkpt>
      <trkpt lat="46.7758352" lon="8.3757594"><ele>2037.6</ele><time>2025-03-28T14:36:23Z</time></trkpt>
      <trkpt lat="46.7752518" lon="8.3725882"><ele>1978.3</ele><time>2025-03-28T14:36:44Z</time></trkpt>
      <trkpt lat="46.7750077" lon="8.3704232"><ele>1936.6</ele><time>2025-03-28T14:38:14Z</time></trkpt>
      <trkpt lat="46.7750164" lon="8.3699734"><ele>1930.5</ele><time>2025-03-28T14:38:20Z</time></trkpt>
      <trkpt lat="46.7751298" lon="8.3698097"><ele>1923.2</ele><time>2025-03-28T14:38:25Z</time></trkpt>
      <trkpt lat="46.7750226" lon="8.3691469"><ele>1912.5</ele><time>2025-03-28T14:38:35Z</time></trkpt>
      <trkpt lat="46.774711" lon="8.3677889"><ele>1888.2</ele><time>2025-03-28T14:38:50Z</time></trkpt>
      <trkpt lat="46.7741725" lon="8.3664864"><ele>1863.0</ele><time>2025-03-28T14:41:10Z</time></trkpt>
      <trkpt lat="46.7736699" lon="8.3641927"><ele>1852.5</ele><time>2025-03-28T14:42:29Z</time></trkpt>
      <trkpt lat="46.7726606" lon="8.3571546"><ele>1849.8</ele><time>2025-03-28T14:48:03Z</time></trkpt>
      <trkpt lat="46.7723211" lon="8.3528662"><ele>1850.8</ele><time>2025-03-28T14:51:23Z</time></trkpt>
      <trkpt lat="46.7733691" lon="8.3512329"><ele>1851.9</ele><time>2025-03-28T14:53:23Z</time></trkpt>
      <trkpt lat="46.7738336" lon="8.3502727"><ele>1850.6</ele><time>2025-03-28T14:54:20Z</time></trkpt>
      <trkpt lat="46.7739728" lon="8.3482029"><ele>1861.9</ele><time>2025-03-28T14:57:03Z</time></trkpt>
      <trkpt lat="46.7742911" lon="8.3468566"><ele>1865.3</ele><time>2025-03-28T14:58:27Z</time></trkpt>
      <trkpt lat="46.7747089" lon="8.345881"><ele>1852.3</ele><time>2025-03-28T14:59:25Z</time></trkpt>
      <trkpt lat="46.7758826" lon="8.345077"><ele>1841.9</ele><time>2025-03-28T15:00:29Z</time></trkpt>
      <trkpt lat="46.7759066" lon="8.3441488"><ele>1836.9</ele><time>2025-03-28T15:03:33Z</time></trkpt>
      <trkpt lat="46.7758037" lon="8.343595"><ele>1828.7</ele><time>2025-03-28T15:03:44Z</time></trkpt>
      <trkpt lat="46.7760972" lon="8.3427614"><ele>1820.9</ele><time>2025-03-28T15:04:05Z</time></trkpt>
      <trkpt lat="46.7760799" lon="8.3420182"><ele>1814.3</ele><time>2025-03-28T15:04:20Z</time></trkpt>
      <trkpt lat="46.7762891" lon="8.3408594"><ele>1803.3</ele><time>2025-03-28T15:04:46Z</time></trkpt>
      <trkpt lat="46.7761966" lon="8.3399478"><ele>1795.6</ele><time>2025-03-28T15:05:02Z</time></trkpt>
      <trkpt lat="46.7760417" lon="8.3397155"><ele>1792.4</ele><time>2025-03-28T15:05:07Z</time></trkpt>
      <trkpt lat="46.7755861" lon="8.3395262"><ele>1784.1</ele><time>2025-03-28T15:05:17Z</time></trkpt>
      <trkpt lat="46.7754945" lon="8.3393054"><ele>1782.4</ele><time>2025-03-28T15:05:22Z</time></trkpt>
      <trkpt lat="46.7757359" lon="8.3386166"><ele>1775.0</ele><time>2025-03-28T15:05:38Z</time></trkpt>
      <trkpt lat="46.7757512" lon="8.3379945"><ele>1769.7</ele><time>2025-03-28T15:05:48Z</time></trkpt>
      <trkpt lat="46.775499" lon="8.3355609"><ele>1746.9</ele><time>2025-03-28T15:07:42Z</time></trkpt>
      <trkpt lat="46.7749848" lon="8.3324826"><ele>1718.3</ele><time>2025-03-28T15:09:16Z</time></trkpt>
      <trkpt lat="46.7748788" lon="8.3324937"><ele>1715.3</ele><time>2025-03-28T15:09:21Z</time></trkpt>
      <trkpt lat="46.7747792" lon="8.3335946"><ele>1705.3</ele><time>2025-03-28T15:09:46Z</time></trkpt>
      <trkpt lat="46.7746765" lon="8.3338206"><ele>1704.3</ele><time>2025-03-28T15:09:51Z</time></trkpt>
      <trkpt lat="46.7745291" lon="8.3338148"><ele>1704.4</ele><time>2025-03-28T15:10:11Z</time></trkpt>
      <trkpt lat="46.7740394" lon="8.3319239"><ele>1689.8</ele><time>2025-03-28T15:10:57Z</time></trkpt>
      <trkpt lat="46.7716876" lon="8.3275897"><ele>1651.5</ele><time>2025-03-28T15:12:32Z</time></trkpt>
      <trkpt lat="46.7705566" lon="8.3260329"><ele>1630.1</ele><time>2025-03-28T15:13:24Z</time></trkpt>
      <trkpt lat="46.7698488" lon="8.3247247"><ele>1618.5</ele><time>2025-03-28T15:13:46Z</time></trkpt>
      <trkpt lat="46.7694666" lon="8.3243233"><ele>1615.0</ele><time>2025-03-28T15:14:02Z</time></trkpt>
      <trkpt lat="46.768636" lon="8.3239393"><ele>1602.8</ele><time>2025-03-28T15:14:38Z</time></trkpt>
      <trkpt lat="46.7681383" lon="8.3222461"><ele>1593.2</ele><time>2025-03-28T15:15:57Z</time></trkpt>
      <trkpt lat="46.7668211" lon="8.3206052"><ele>1569.7</ele><time>2025-03-28T15:17:09Z</time></trkpt>
      <trkpt lat="46.766436" lon="8.3203751"><ele>1564.6</ele><time>2025-03-28T15:17:25Z</time></trkpt>
      <trkpt lat="46.7663153" lon="8.3205419"><ele>1563.6</ele><time>2025-03-28T15:17:36Z</time></trkpt>
      <trkpt lat="46.7666322" lon="8.3208312"><ele>1558.3</ele><time>2025-03-28T15:18:07Z</time></trkpt>
      <trkpt lat="46.76693" lon="8.3216815"><ele>1547.7</ele><time>2025-03-28T15:18:22Z</time></trkpt>
      <trkpt lat="46.7668472" lon="8.3225817"><ele>1541.3</ele><time>2025-03-28T15:18:33Z</time></trkpt>
      <trkpt lat="46.7664776" lon="8.3229446"><ele>1540.9</ele><time>2025-03-28T15:18:43Z</time></trkpt>
      <trkpt lat="46.7659473" lon="8.3228927"><ele>1538.3</ele><time>2025-03-28T15:19:03Z</time></trkpt>
      <trkpt lat="46.763852" lon="8.3203701"><ele>1511.8</ele><time>2025-03-28T15:21:07Z</time></trkpt>
      <trkpt lat="46.7635557" lon="8.3198959"><ele>1504.8</ele><time>2025-03-28T15:21:28Z</time></trkpt>
      <trkpt lat="46.7632195" lon="8.318675"><ele>1494.7</ele><time>2025-03-28T15:22:41Z</time></trkpt>
      <trkpt lat="46.7628928" lon="8.3181392"><ele>1491.5</ele><time>2025-03-28T15:23:23Z</time></trkpt>
      <trkpt lat="46.7624687" lon="8.3177682"><ele>1484.0</ele><time>2025-03-28T15:24:00Z</time></trkpt>
      <trkpt lat="46.7614633" lon="8.3171528"><ele>1465.3</ele><time>2025-03-28T15:25:23Z</time></trkpt>
      <trkpt lat="46.761434" lon="8.3173475"><ele>1459.1</ele><time>2025-03-28T15:26:03Z</time></trkpt>
      <trkpt lat="46.7612027" lon="8.3173985"><ele>1453.2</ele><time>2025-03-28T15:26:09Z</time></trkpt>
      <trkpt lat="46.7611475" lon="8.3177654"><ele>1445.7</ele><time>2025-03-28T15:26:14Z</time></trkpt>
      <trkpt lat="46.761259" lon="8.3180946"><ele>1441.0</ele><time>2025-03-28T15:26:19Z</time></trkpt>
      <trkpt lat="46.7610497" lon="8.3181382"><ele>1438.1</ele><time>2025-03-28T15:26:25Z</time></trkpt>
      <trkpt lat="46.7581965" lon="8.3157889"><ele>1405.9</ele><time>2025-03-28T15:30:06Z</time></trkpt>
      <trkpt lat="46.7562305" lon="8.3145172"><ele>1379.3</ele><time>2025-03-28T15:31:26Z</time></trkpt>
      <trkpt lat="46.7561486" lon="8.3142304"><ele>1378.8</ele><time>2025-03-28T15:32:14Z</time></trkpt>
      <trkpt lat="46.7561922" lon="8.3133693"><ele>1371.2</ele><time>2025-03-28T15:33:00Z</time></trkpt>
      <trkpt lat="46.7556786" lon="8.3120364"><ele>1359.0</ele><time>2025-03-28T15:34:14Z</time></trkpt>
      <trkpt lat="46.7553133" lon="8.3114429"><ele>1351.3</ele><time>2025-03-28T15:34:29Z</time></trkpt>
      <trkpt lat="46.7547915" lon="8.3110043"><ele>1345.5</ele><time>2025-03-28T15:34:45Z</time></trkpt>
      <trkpt lat="46.7546677" lon="8.310528"><ele>1340.6</ele><time>2025-03-28T15:35:11Z</time></trkpt>
      <trkpt lat="46.7537095" lon="8.3092329"><ele>1329.8</ele><time>2025-03-28T15:36:15Z</time></trkpt>
      <trkpt lat="46.7527086" lon="8.3074408"><ele>1318.7</ele><time>2025-03-28T15:37:51Z</time></trkpt>
      <trkpt lat="46.7519659" lon="8.306906"><ele>1322.7</ele><time>2025-03-28T15:38:31Z</time></trkpt>
      <trkpt lat="46.7500712" lon="8.3038342"><ele>1298.8</ele><time>2025-03-28T15:41:21Z</time></trkpt>
      <trkpt lat="46.7497834" lon="8.3029609"><ele>1292.0</ele><time>2025-03-28T15:41:51Z</time></trkpt>
      <trkpt lat="46.749191" lon="8.3017856"><ele>1288.2</ele><time>2025-03-28T15:42:27Z</time></trkpt>
      <trkpt lat="46.747996" lon="8.3002397"><ele>1288.3</ele><time>2025-03-28T15:44:45Z</time></trkpt>
      <trkpt lat="46.7476288" lon="8.2991634"><ele>1276.2</ele><time>2025-03-28T15:46:08Z</time></trkpt>
      <trkpt lat="46.7468848" lon="8.2981612"><ele>1285.9</ele><time>2025-03-28T15:53:29Z</time></trkpt>
      <trkpt lat="46.7456608" lon="8.2959444"><ele>1273.2</ele><time>2025-03-28T15:55:53Z</time></trkpt>
      <trkpt lat="46.7449718" lon="8.2950614"><ele>1269.9</ele><time>2025-03-28T15:57:02Z</time></trkpt>
      <trkpt lat="46.7444176" lon="8.293762"><ele>1262.3</ele><time>2025-03-28T15:58:12Z</time></trkpt>
      <trkpt lat="46.7432745" lon="8.29231"><ele>1251.8</ele><time>2025-03-28T15:59:36Z</time></trkpt>
      <trkpt lat="46.7421329" lon="8.2895698"><ele>1233.9</ele><time>2025-03-28T16:01:34Z</time></trkpt>
      <trkpt lat="46.741084" lon="8.2883903"><ele>1230.5</ele><time>2025-03-28T16:02:54Z</time></trkpt>
      <trkpt lat="46.7406159" lon="8.2873937"><ele>1231.3</ele><time>2025-03-28T16:03:47Z</time></trkpt>
      <trkpt lat="46.740062" lon="8.2869757"><ele>1228.0</ele><time>2025-03-28T16:04:24Z</time></trkpt>
      <trkpt lat="46.7393743" lon="8.2860871"><ele>1226.2</ele><time>2025-03-28T16:05:23Z</time></trkpt>
      <trkpt lat="46.7383114" lon="8.2835808"><ele>1228.8</ele><time>2025-03-28T16:07:36Z</time></trkpt>
      <trkpt lat="46.7375189" lon="8.2826919"><ele>1228.2</ele><time>2025-03-28T16:08:40Z</time></trkpt>
      <trkpt lat="46.7363188" lon="8.2817191"><ele>1223.1</ele><time>2025-03-28T16:10:06Z</time></trkpt>
      <trkpt lat="46.7342142" lon="8.2785279"><ele>1217.5</ele><time>2025-03-28T16:13:02Z</time></trkpt>
      <trkpt lat="46.7335225" lon="8.2780294"><ele>1219.4</ele><time>2025-03-28T16:13:50Z</time></trkpt>
      <trkpt lat="46.7325376" lon="8.2767576"><ele>1218.1</ele><time>2025-03-28T16:15:10Z</time></trkpt>
      <trkpt lat="46.7319869" lon="8.2764137"><ele>1215.1</ele><time>2025-03-28T16:15:47Z</time></trkpt>
      <trkpt lat="46.7307672" lon="8.275121"><ele>1211.6</ele><time>2025-03-28T16:17:23Z</time></trkpt>
      <trkpt lat="46.7292463" lon="8.2746285"><ele>1205.3</ele><time>2025-03-28T16:18:54Z</time></trkpt>
      <trkpt lat="46.7286039" lon="8.274051"><ele>1207.2</ele><time>2025-03-28T16:19:26Z</time></trkpt>
      <trkpt lat="46.7281816" lon="8.2734182"><ele>1205.8</ele><time>2025-03-28T16:20:03Z</time></trkpt>
      <trkpt lat="46.727376" lon="8.2715315"><ele>1209.9</ele><time>2025-03-28T16:21:39Z</time></trkpt>
      <trkpt lat="46.7268458" lon="8.2707971"><ele>1208.5</ele><time>2025-03-28T16:22:48Z</time></trkpt>
      <trkpt lat="46.7262425" lon="8.270432"><ele>1201.7</ele><time>2025-03-28T16:23:26Z</time></trkpt>
      <trkpt lat="46.7254558" lon="8.2704664"><ele>1201.1</ele><time>2025-03-28T16:24:17Z</time></trkpt>
      <trkpt lat="46.7245299" lon="8.2701004"><ele>1211.1</ele><time>2025-03-28T16:25:21Z</time></trkpt>
      <trkpt lat="46.724109" lon="8.2696028"><ele>1214.3</ele><time>2025-03-28T16:26:02Z</time></trkpt>
      <trkpt lat="46.7240002" lon="8.2692105"><ele>1214.7</ele><time>2025-03-28T16:26:23Z</time></trkpt>
    </trkseg>
  </trk>
</gpx>
