<?xml version="1.0" encoding="UTF-8"?>
<gpx xmlns="http://www.topografix.com/GPX/1/1" version="1.1" creator="AlpineQuest 2.4.1.r10260" xmlns:xsi="http://www.w3.org/2001/XMLSchema-instance" xsi:schemaLocation="http://www.topografix.com/GPX/1/1 http://www.topografix.com/GPX/1/1/gpx.xsd">
<metadata>
<link href="https://www.alpinequest.net/fr" />
<time>2026-09-14T09:04:20Z</time>
</metadata>
<trk>
<name>Géorgie Petit Caucase #3</name>
<extensions>
    <line xmlns="http://www.topografix.com/GPX/gpx_style/0/2">
        <color>90EE90</color>
    </line>
</extensions>
<trkseg>
<extensions>
    <type>walk</type>
</extensions>
<trkpt lat="41.7178973" lon="43.4416038">
<ele>1640.226</ele>
</trkpt>
<trkpt lat="41.7178395" lon="43.4414745">
<ele>1642.75</ele>
</trkpt>
<trkpt lat="41.7177245" lon="43.4415655">
<ele>1642.75</ele>
</trkpt>
<trkpt lat="41.7177295" lon="43.4416765">
<ele>1642.5</ele>
</trkpt>
<trkpt lat="41.7175435" lon="43.4419065">
<ele>1642.75</ele>
</trkpt>
<trkpt lat="41.7175345" lon="43.4420055">
<ele>1642.75</ele>
</trkpt>
<trkpt lat="41.7173235" lon="43.4419595">
<ele>1643.75</ele>
</trkpt>
<trkpt lat="41.7172565" lon="43.4419595">
<ele>1644.25</ele>
</trkpt>
<trkpt lat="41.7171705" lon="43.4420095">
<ele>1644.5</ele>
</trkpt>
<trkpt lat="41.7166875" lon="43.4424205">
<ele>1647.75</ele>
</trkpt>
<trkpt lat="41.7165435" lon="43.4424025">
<ele>1648.0</ele>
</trkpt>
<trkpt lat="41.7164275" lon="43.4422675">
<ele>1648.5</ele>
</trkpt>
<trkpt lat="41.7162045" lon="43.4419075">
<ele>1649.5</ele>
</trkpt>
<trkpt lat="41.7160015" lon="43.4417115">
<ele>1650.75</ele>
</trkpt>
<trkpt lat="41.7154825" lon="43.4414445">
<ele>1651.75</ele>
</trkpt>
<trkpt lat="41.7151295" lon="43.4412305">
<ele>1652.5</ele>
</trkpt>
<trkpt lat="41.7137935" lon="43.4427785">
<ele>1656.25</ele>
</trkpt>
<trkpt lat="41.7129605" lon="43.4435945">
<ele>1657.5</ele>
</trkpt>
<trkpt lat="41.7129045" lon="43.4432785">
<ele>1658.75</ele>
</trkpt>
<trkpt lat="41.7129965" lon="43.4422845">
<ele>1662.75</ele>
</trkpt>
<trkpt lat="41.7128575" lon="43.4415115">
<ele>1667.5</ele>
</trkpt>
<trkpt lat="41.7128245" lon="43.4407655">
<ele>1672.0</ele>
</trkpt>
<trkpt lat="41.7121485" lon="43.4395775">
<ele>1682.75</ele>
</trkpt>
<trkpt lat="41.7115555" lon="43.4387795">
<ele>1685.25</ele>
</trkpt>
<trkpt lat="41.7113595" lon="43.4387245">
<ele>1685.25</ele>
</trkpt>
<trkpt lat="41.7100035" lon="43.4389695">
<ele>1694.5</ele>
</trkpt>
<trkpt lat="41.7082725" lon="43.4383865">
<ele>1710.0</ele>
</trkpt>
<trkpt lat="41.7076715" lon="43.4384195">
<ele>1714.75</ele>
</trkpt>
<trkpt lat="41.7069555" lon="43.4387015">
<ele>1725.0</ele>
</trkpt>
<trkpt lat="41.7063695" lon="43.4394195">
<ele>1731.0</ele>
</trkpt>
<trkpt lat="41.7062165" lon="43.4395445">
<ele>1731.75</ele>
</trkpt>
<trkpt lat="41.7061025" lon="43.4395445">
<ele>1733.0</ele>
</trkpt>
<trkpt lat="41.7055335" lon="43.4393505">
<ele>1739.5</ele>
</trkpt>
<trkpt lat="41.7051585" lon="43.4391745">
<ele>1743.75</ele>
</trkpt>
<trkpt lat="41.7048225" lon="43.4391865">
<ele>1744.5</ele>
</trkpt>
<trkpt lat="41.7044715" lon="43.4392835">
<ele>1743.0</ele>
</trkpt>
<trkpt lat="41.7042225" lon="43.4392005">
<ele>1744.25</ele>
</trkpt>
<trkpt lat="41.7040345" lon="43.4386505">
<ele>1746.25</ele>
</trkpt>
<trkpt lat="41.7039605" lon="43.4382665">
<ele>1748.5</ele>
</trkpt>
<trkpt lat="41.7037755" lon="43.4375715">
<ele>1752.5</ele>
</trkpt>
<trkpt lat="41.7036755" lon="43.4368335">
<ele>1761.25</ele>
</trkpt>
<trkpt lat="41.7037495" lon="43.4356445">
<ele>1767.75</ele>
</trkpt>
<trkpt lat="41.7037015" lon="43.4352915">
<ele>1770.5</ele>
</trkpt>
<trkpt lat="41.7034985" lon="43.4348885">
<ele>1775.5</ele>
</trkpt>
<trkpt lat="41.7033355" lon="43.4347175">
<ele>1779.75</ele>
</trkpt>
<trkpt lat="41.7030665" lon="43.4345415">
<ele>1782.0</ele>
</trkpt>
<trkpt lat="41.7028115" lon="43.4345305">
<ele>1780.5</ele>
</trkpt>
<trkpt lat="41.7027155" lon="43.4344935">
<ele>1780.5</ele>
</trkpt>
<trkpt lat="41.7022745" lon="43.4341275">
<ele>1785.75</ele>
</trkpt>
<trkpt lat="41.7017815" lon="43.4336455">
<ele>1792.5</ele>
</trkpt>
<trkpt lat="41.7016135" lon="43.4335255">
<ele>1793.5</ele>
</trkpt>
<trkpt lat="41.7013545" lon="43.4332955">
<ele>1794.5</ele>
</trkpt>
<trkpt lat="41.7012375" lon="43.4330815">
<ele>1796.25</ele>
</trkpt>
<trkpt lat="41.7010245" lon="43.4325955">
<ele>1801.75</ele>
</trkpt>
<trkpt lat="41.7008875" lon="43.4319065">
<ele>1809.25</ele>
</trkpt>
<trkpt lat="41.7007105" lon="43.4315675">
<ele>1813.0</ele>
</trkpt>
<trkpt lat="41.7004555" lon="43.4314215">
<ele>1815.25</ele>
</trkpt>
<trkpt lat="41.7000885" lon="43.4312595">
<ele>1819.5</ele>
</trkpt>
<trkpt lat="41.6999675" lon="43.4311875">
<ele>1821.0</ele>
</trkpt>
<trkpt lat="41.6994975" lon="43.4307565">
<ele>1821.75</ele>
</trkpt>
<trkpt lat="41.6991725" lon="43.4301345">
<ele>1831.0</ele>
</trkpt>
<trkpt lat="41.6986065" lon="43.4288005">
<ele>1836.25</ele>
</trkpt>
<trkpt lat="41.6985265" lon="43.4285865">
<ele>1836.0</ele>
</trkpt>
<trkpt lat="41.6982655" lon="43.4274095">
<ele>1850.0</ele>
</trkpt>
<trkpt lat="41.6976845" lon="43.4259545">
<ele>1858.25</ele>
</trkpt>
<trkpt lat="41.6975405" lon="43.4255015">
<ele>1859.25</ele>
</trkpt>
<trkpt lat="41.6973885" lon="43.4248945">
<ele>1864.0</ele>
</trkpt>
<trkpt lat="41.6971785" lon="43.4241985">
<ele>1872.0</ele>
</trkpt>
<trkpt lat="41.6969895" lon="43.4239125">
<ele>1871.25</ele>
</trkpt>
<trkpt lat="41.6966815" lon="43.4231695">
<ele>1882.0</ele>
</trkpt>
<trkpt lat="41.6965585" lon="43.4229735">
<ele>1884.25</ele>
</trkpt>
<trkpt lat="41.6962875" lon="43.4227505">
<ele>1880.75</ele>
</trkpt>
<trkpt lat="41.6960375" lon="43.4223735">
<ele>1882.75</ele>
</trkpt>
<trkpt lat="41.6959915" lon="43.4222685">
<ele>1883.25</ele>
</trkpt>
<trkpt lat="41.6958825" lon="43.4218325">
<ele>1889.25</ele>
</trkpt>
<trkpt lat="41.6955655" lon="43.4209735">
<ele>1902.5</ele>
</trkpt>
<trkpt lat="41.6948835" lon="43.4198285">
<ele>1912.0</ele>
</trkpt>
<trkpt lat="41.6947555" lon="43.4195125">
<ele>1918.75</ele>
</trkpt>
<trkpt lat="41.6946225" lon="43.4193805">
<ele>1918.75</ele>
</trkpt>
<trkpt lat="41.6943525" lon="43.4193245">
<ele>1911.75</ele>
</trkpt>
<trkpt lat="41.6942275" lon="43.4192105">
<ele>1911.5</ele>
</trkpt>
<trkpt lat="41.6940755" lon="43.4189165">
<ele>1913.0</ele>
</trkpt>
<trkpt lat="41.6939085" lon="43.4183915">
<ele>1916.75</ele>
</trkpt>
<trkpt lat="41.6938545" lon="43.4181615">
<ele>1918.25</ele>
</trkpt>
<trkpt lat="41.6938545" lon="43.4163995">
<ele>1932.5</ele>
</trkpt>
<trkpt lat="41.6938075" lon="43.4151175">
<ele>1943.75</ele>
</trkpt>
<trkpt lat="41.6937765" lon="43.4149485">
<ele>1944.75</ele>
</trkpt>
<trkpt lat="41.6936535" lon="43.4144555">
<ele>1946.5</ele>
</trkpt>
<trkpt lat="41.6934905" lon="43.4134005">
<ele>1958.0</ele>
</trkpt>
<trkpt lat="41.6933825" lon="43.4131345">
<ele>1960.0</ele>
</trkpt>
<trkpt lat="41.6931765" lon="43.4128345">
<ele>1957.5</ele>
</trkpt>
<trkpt lat="41.6929185" lon="43.4120455">
<ele>1960.75</ele>
</trkpt>
<trkpt lat="41.6928875" lon="43.4116685">
<ele>1967.25</ele>
</trkpt>
<trkpt lat="41.6928145" lon="43.4113045">
<ele>1973.25</ele>
</trkpt>
<trkpt lat="41.6925675" lon="43.4107765">
<ele>1978.75</ele>
</trkpt>
<trkpt lat="41.6923755" lon="43.4105755">
<ele>1978.75</ele>
</trkpt>
<trkpt lat="41.6920975" lon="43.4103945">
<ele>1975.0</ele>
</trkpt>
<trkpt lat="41.6918195" lon="43.4096885">
<ele>1985.0</ele>
</trkpt>
<trkpt lat="41.6915895" lon="43.4095495">
<ele>1980.75</ele>
</trkpt>
<trkpt lat="41.6913855" lon="43.4090445">
<ele>1983.75</ele>
</trkpt>
<trkpt lat="41.6913385" lon="43.4088815">
<ele>1984.0</ele>
</trkpt>
<trkpt lat="41.6913395" lon="43.4082555">
<ele>1991.75</ele>
</trkpt>
<trkpt lat="41.6912795" lon="43.4077065">
<ele>1995.5</ele>
</trkpt>
<trkpt lat="41.6908295" lon="43.4070025">
<ele>1998.75</ele>
</trkpt>
<trkpt lat="41.6907935" lon="43.4065675">
<ele>2003.25</ele>
</trkpt>
<trkpt lat="41.6908065" lon="43.4059785">
<ele>2006.5</ele>
</trkpt>
<trkpt lat="41.6907625" lon="43.4057295">
<ele>2008.5</ele>
</trkpt>
<trkpt lat="41.6906805" lon="43.4054435">
<ele>2011.25</ele>
</trkpt>
<trkpt lat="41.6904365" lon="43.4047435">
<ele>2019.75</ele>
</trkpt>
<trkpt lat="41.6903085" lon="43.4043385">
<ele>2023.75</ele>
</trkpt>
<trkpt lat="41.6902175" lon="43.4039755">
<ele>2027.5</ele>
</trkpt>
<trkpt lat="41.6902625" lon="43.4037045">
<ele>2029.0</ele>
</trkpt>
<trkpt lat="41.6903805" lon="43.4033165">
<ele>2030.5</ele>
</trkpt>
<trkpt lat="41.6905545" lon="43.4028305">
<ele>2032.25</ele>
</trkpt>
<trkpt lat="41.6905415" lon="43.4023255">
<ele>2035.75</ele>
</trkpt>
<trkpt lat="41.6904345" lon="43.4021865">
<ele>2037.75</ele>
</trkpt>
<trkpt lat="41.6902845" lon="43.4018905">
<ele>2041.25</ele>
</trkpt>
<trkpt lat="41.6902375" lon="43.4008895">
<ele>2047.0</ele>
</trkpt>
<trkpt lat="41.6899775" lon="43.3999135">
<ele>2055.0</ele>
</trkpt>
<trkpt lat="41.6898285" lon="43.3997695">
<ele>2056.0</ele>
</trkpt>
<trkpt lat="41.6893855" lon="43.3994195">
<ele>2060.0</ele>
</trkpt>
<trkpt lat="41.6891505" lon="43.3989495">
<ele>2063.75</ele>
</trkpt>
<trkpt lat="41.6890535" lon="43.3986905">
<ele>2063.25</ele>
</trkpt>
<trkpt lat="41.6888535" lon="43.3983085">
<ele>2061.5</ele>
</trkpt>
<trkpt lat="41.6893525" lon="43.3976425">
<ele>2076.0</ele>
</trkpt>
<trkpt lat="41.6894815" lon="43.3966605">
<ele>2079.25</ele>
</trkpt>
<trkpt lat="41.6895725" lon="43.3955995">
<ele>2082.25</ele>
</trkpt>
<trkpt lat="41.6896055" lon="43.3949415">
<ele>2082.5</ele>
</trkpt>
<trkpt lat="41.6895895" lon="43.3940455">
<ele>2082.5</ele>
</trkpt>
<trkpt lat="41.6894835" lon="43.3921355">
<ele>2098.0</ele>
</trkpt>
<trkpt lat="41.6894795" lon="43.3903345">
<ele>2109.0</ele>
</trkpt>
<trkpt lat="41.6894525" lon="43.3896095">
<ele>2111.0</ele>
</trkpt>
<trkpt lat="41.6895555" lon="43.3889845">
<ele>2111.5</ele>
</trkpt>
<trkpt lat="41.6894525" lon="43.3882315">
<ele>2108.75</ele>
</trkpt>
<trkpt lat="41.6893315" lon="43.3878035">
<ele>2114.25</ele>
</trkpt>
<trkpt lat="41.6891355" lon="43.3873275">
<ele>2120.25</ele>
</trkpt>
<trkpt lat="41.6888105" lon="43.3865845">
<ele>2127.5</ele>
</trkpt>
<trkpt lat="41.6882445" lon="43.3854735">
<ele>2149.0</ele>
</trkpt>
<trkpt lat="41.6877535" lon="43.3847275">
<ele>2173.75</ele>
</trkpt>
<trkpt lat="41.6875935" lon="43.3846085">
<ele>2176.25</ele>
</trkpt>
<trkpt lat="41.6875435" lon="43.3846875">
<ele>2174.0</ele>
</trkpt>
<trkpt lat="41.6873235" lon="43.3857795">
<ele>2149.0</ele>
</trkpt>
<trkpt lat="41.6871935" lon="43.3861205">
<ele>2141.0</ele>
</trkpt>
<trkpt lat="41.6870605" lon="43.3860475">
<ele>2143.5</ele>
</trkpt>
<trkpt lat="41.6868625" lon="43.3856475">
<ele>2159.25</ele>
</trkpt>
<trkpt lat="41.6865305" lon="43.3854415">
<ele>2167.75</ele>
</trkpt>
<trkpt lat="41.6863025" lon="43.3853895">
<ele>2164.75</ele>
</trkpt>
<trkpt lat="41.6855025" lon="43.3843925">
<ele>2182.75</ele>
</trkpt>
<trkpt lat="41.6852055" lon="43.3839865">
<ele>2185.5</ele>
</trkpt>
<trkpt lat="41.6849995" lon="43.3834125">
<ele>2196.25</ele>
</trkpt>
<trkpt lat="41.6848195" lon="43.3828065">
<ele>2212.5</ele>
</trkpt>
<trkpt lat="41.6844085" lon="43.3823815">
<ele>2216.25</ele>
</trkpt>
<trkpt lat="41.6843025" lon="43.3823265">
<ele>2215.25</ele>
</trkpt>
<trkpt lat="41.6837545" lon="43.3831595">
<ele>2208.75</ele>
</trkpt>
<trkpt lat="41.6835685" lon="43.3838705">
<ele>2197.0</ele>
</trkpt>
<trkpt lat="41.6832845" lon="43.3838485">
<ele>2206.25</ele>
</trkpt>
<trkpt lat="41.6829645" lon="43.3835635">
<ele>2219.75</ele>
</trkpt>
<trkpt lat="41.6828075" lon="43.3834645">
<ele>2224.75</ele>
</trkpt>
<trkpt lat="41.6823005" lon="43.3836685">
<ele>2226.25</ele>
</trkpt>
<trkpt lat="41.6820745" lon="43.3836845">
<ele>2230.25</ele>
</trkpt>
<trkpt lat="41.6818905" lon="43.3836735">
<ele>2233.75</ele>
</trkpt>
<trkpt lat="41.6817385" lon="43.3836525">
<ele>2236.75</ele>
</trkpt>
<trkpt lat="41.6816575" lon="43.3836685">
<ele>2238.0</ele>
</trkpt>
<trkpt lat="41.6816415" lon="43.3837275">
<ele>2238.25</ele>
</trkpt>
<trkpt lat="41.6816865" lon="43.3838295">
<ele>2236.5</ele>
</trkpt>
<trkpt lat="41.6817785" lon="43.3839795">
<ele>2233.0</ele>
</trkpt>
<trkpt lat="41.6818145" lon="43.3841775">
<ele>2230.25</ele>
</trkpt>
<trkpt lat="41.6818265" lon="43.3844355">
<ele>2232.0</ele>
</trkpt>
<trkpt lat="41.6818225" lon="43.3847515">
<ele>2235.0</ele>
</trkpt>
<trkpt lat="41.6817905" lon="43.3851275">
<ele>2237.75</ele>
</trkpt>
<trkpt lat="41.6817385" lon="43.3853575">
<ele>2239.25</ele>
</trkpt>
<trkpt lat="41.6816615" lon="43.3856045">
<ele>2242.0</ele>
</trkpt>
<trkpt lat="41.6816535" lon="43.3857545">
<ele>2241.75</ele>
</trkpt>
<trkpt lat="41.6817145" lon="43.3860235">
<ele>2240.5</ele>
</trkpt>
<trkpt lat="41.6818265" lon="43.3863825">
<ele>2239.0</ele>
</trkpt>
<trkpt lat="41.6818265" lon="43.3866725">
<ele>2241.75</ele>
</trkpt>
<trkpt lat="41.6817025" lon="43.3868605">
<ele>2244.5</ele>
</trkpt>
<trkpt lat="41.6816295" lon="43.3870795">
<ele>2243.5</ele>
</trkpt>
<trkpt lat="41.6816335" lon="43.3872145">
<ele>2241.25</ele>
</trkpt>
<trkpt lat="41.6815225" lon="43.3873455">
<ele>2240.75</ele>
</trkpt>
<trkpt lat="41.6809945" lon="43.3871525">
<ele>2250.0</ele>
</trkpt>
<trkpt lat="41.6800505" lon="43.3871525">
<ele>2267.0</ele>
</trkpt>
<trkpt lat="41.6794485" lon="43.3871085">
<ele>2273.0</ele>
</trkpt>
<trkpt lat="41.6792575" lon="43.3871495">
<ele>2274.0</ele>
</trkpt>
<trkpt lat="41.6791215" lon="43.3872745">
<ele>2273.75</ele>
</trkpt>
<trkpt lat="41.6783955" lon="43.3877075">
<ele>2276.75</ele>
</trkpt>
<trkpt lat="41.6782215" lon="43.3877435">
<ele>2278.75</ele>
</trkpt>
<trkpt lat="41.6776045" lon="43.3873795">
<ele>2290.0</ele>
</trkpt>
<trkpt lat="41.6773425" lon="43.3875955">
<ele>2292.25</ele>
</trkpt>
<trkpt lat="41.6768365" lon="43.3882415">
<ele>2293.5</ele>
</trkpt>
<trkpt lat="41.6765645" lon="43.3886635">
<ele>2294.0</ele>
</trkpt>
<trkpt lat="41.6763785" lon="43.3889105">
<ele>2294.75</ele>
</trkpt>
<trkpt lat="41.6760045" lon="43.3892835">
<ele>2295.0</ele>
</trkpt>
<trkpt lat="41.6758495" lon="43.3893625">
<ele>2295.5</ele>
</trkpt>
<trkpt lat="41.6755845" lon="43.3893745">
<ele>2299.0</ele>
</trkpt>
<trkpt lat="41.6755105" lon="43.3894245">
<ele>2299.25</ele>
</trkpt>
<trkpt lat="41.6743135" lon="43.3897315">
<ele>2310.5</ele>
</trkpt>
<trkpt lat="41.6739185" lon="43.3900875">
<ele>2308.0</ele>
</trkpt>
<trkpt lat="41.6732095" lon="43.3909095">
<ele>2299.25</ele>
</trkpt>
<trkpt lat="41.6728485" lon="43.3912535">
<ele>2298.75</ele>
</trkpt>
<trkpt lat="41.6724045" lon="43.3914925">
<ele>2302.25</ele>
</trkpt>
<trkpt lat="41.6721585" lon="43.3915675">
<ele>2299.75</ele>
</trkpt>
<trkpt lat="41.6719175" lon="43.3915255">
<ele>2300.0</ele>
</trkpt>
<trkpt lat="41.6716175" lon="43.3913665">
<ele>2301.5</ele>
</trkpt>
<trkpt lat="41.6713125" lon="43.3911685">
<ele>2298.5</ele>
</trkpt>
<trkpt lat="41.6707415" lon="43.3904655">
<ele>2295.75</ele>
</trkpt>
<trkpt lat="41.6704235" lon="43.3901675">
<ele>2295.5</ele>
</trkpt>
<trkpt lat="41.6703225" lon="43.3901245">
<ele>2294.75</ele>
</trkpt>
<trkpt lat="41.6700675" lon="43.3902165">
<ele>2289.5</ele>
</trkpt>
<trkpt lat="41.6697865" lon="43.3902595">
<ele>2288.25</ele>
</trkpt>
<trkpt lat="41.6696705" lon="43.3902255">
<ele>2289.0</ele>
</trkpt>
</trkseg>
<trkseg>
<extensions>
    <type>walk</type>
</extensions>
<trkpt lat="41.6625917" lon="43.4108795">
<ele>2730.36</ele>
</trkpt>
<trkpt lat="41.6633207" lon="43.412184">
<ele>2713.719</ele>
</trkpt>
<trkpt lat="41.6624605" lon="43.4133565">
<ele>2674.94</ele>
</trkpt>
<trkpt lat="41.6622362" lon="43.4149377">
<ele>2644.308</ele>
</trkpt>
<trkpt lat="41.6620349" lon="43.4165507">
<ele>2647.362</ele>
</trkpt>
<trkpt lat="41.6617885" lon="43.4171535">
<ele>2656.912</ele>
</trkpt>
<trkpt lat="41.6617534" lon="43.4187639">
<ele>2694.4</ele>
</trkpt>
<trkpt lat="41.6621625" lon="43.4203204">
<ele>2695.039</ele>
</trkpt>
<trkpt lat="41.6620836" lon="43.421979">
<ele>2676.313</ele>
</trkpt>
<trkpt lat="41.6622728" lon="43.423595">
<ele>2665.659</ele>
</trkpt>
<trkpt lat="41.6623898" lon="43.4252248">
<ele>2701.892</ele>
</trkpt>
<trkpt lat="41.662091" lon="43.4268065">
<ele>2696.59</ele>
</trkpt>
<trkpt lat="41.6616452" lon="43.4283581">
<ele>2675.025</ele>
</trkpt>
<trkpt lat="41.6610786" lon="43.4297886">
<ele>2687.435</ele>
</trkpt>
<trkpt lat="41.6605851" lon="43.4312911">
<ele>2689.01</ele>
</trkpt>
<trkpt lat="41.6601635" lon="43.432832">
<ele>2700.044</ele>
</trkpt>
<trkpt lat="41.6600842" lon="43.4344929">
<ele>2723.053</ele>
</trkpt>
<trkpt lat="41.6600818" lon="43.4351537">
<ele>2738.458</ele>
</trkpt>
<trkpt lat="41.6596346" lon="43.4366941">
<ele>2783.298</ele>
</trkpt>
<trkpt lat="41.6594342" lon="43.4383074">
<ele>2827.159</ele>
</trkpt>
<trkpt lat="41.6598194" lon="43.4398468">
<ele>2798.668</ele>
</trkpt>
<trkpt lat="41.660106" lon="43.4414322">
<ele>2761.185</ele>
</trkpt>
<trkpt lat="41.6602961" lon="43.4430613">
<ele>2741.283</ele>
</trkpt>
<trkpt lat="41.6604856" lon="43.4446787">
<ele>2731.186</ele>
</trkpt>
<trkpt lat="41.6607963" lon="43.4462639">
<ele>2717.07</ele>
</trkpt>
<trkpt lat="41.6615239" lon="43.4476418">
<ele>2712.213</ele>
</trkpt>
<trkpt lat="41.6623246" lon="43.4489443">
<ele>2706.139</ele>
</trkpt>
<trkpt lat="41.6630783" lon="43.4502178">
<ele>2688.241</ele>
</trkpt>
<trkpt lat="41.6636343" lon="43.4516541">
<ele>2688.955</ele>
</trkpt>
<trkpt lat="41.6638498" lon="43.4530299">
<ele>2689.525</ele>
</trkpt>
<trkpt lat="41.6639903" lon="43.4546658">
<ele>2671.042</ele>
</trkpt>
<trkpt lat="41.6638139" lon="43.4563063">
<ele>2626.652</ele>
</trkpt>
<trkpt lat="41.6634661" lon="43.4579035">
<ele>2606.224</ele>
</trkpt>
<trkpt lat="41.6632648" lon="43.4595463">
<ele>2582.137</ele>
</trkpt>
<trkpt lat="41.6637707" lon="43.4610742">
<ele>2531.973</ele>
</trkpt>
<trkpt lat="41.664939" lon="43.4617907">
<ele>2479.675</ele>
</trkpt>
<trkpt lat="41.6661348" lon="43.4621919">
<ele>2414.919</ele>
</trkpt>
<trkpt lat="41.667139" lon="43.4611444">
<ele>2353.553</ele>
</trkpt>
<trkpt lat="41.6682391" lon="43.4604427">
<ele>2306.375</ele>
</trkpt>
<trkpt lat="41.6693426" lon="43.4598">
<ele>2270.974</ele>
</trkpt>
<trkpt lat="41.6705884" lon="43.4592645">
<ele>2228.261</ele>
</trkpt>
<trkpt lat="41.6717869" lon="43.4589405">
<ele>2196.011</ele>
</trkpt>
<trkpt lat="41.6729849" lon="43.4583762">
<ele>2138.715</ele>
</trkpt>
<trkpt lat="41.6740628" lon="43.4575535">
<ele>2114.984</ele>
</trkpt>
<trkpt lat="41.6751161" lon="43.4566397">
<ele>2112.683</ele>
</trkpt>
<trkpt lat="41.6762271" lon="43.455781">
<ele>2075.897</ele>
</trkpt>
<trkpt lat="41.6773747" lon="43.4549448">
<ele>2024.139</ele>
</trkpt>
<trkpt lat="41.6785998" lon="43.4542742">
<ele>1990.76</ele>
</trkpt>
<trkpt lat="41.6797958" lon="43.4536328">
<ele>1958.741</ele>
</trkpt>
<trkpt lat="41.6799894" lon="43.4531833">
<ele>1954.421</ele>
</trkpt>
<trkpt lat="41.6808672" lon="43.4518841">
<ele>1928.173</ele>
</trkpt>
<trkpt lat="41.6815809" lon="43.4505601">
<ele>1914.977</ele>
</trkpt>
<trkpt lat="41.6825132" lon="43.4492379">
<ele>1899.262</ele>
</trkpt>
<trkpt lat="41.6834689" lon="43.4480829">
<ele>1884.557</ele>
</trkpt>
<trkpt lat="41.6845211" lon="43.4470783">
<ele>1866.029</ele>
</trkpt>
<trkpt lat="41.685666" lon="43.4465439">
<ele>1851.985</ele>
</trkpt>
<trkpt lat="41.6868706" lon="43.4460661">
<ele>1836.225</ele>
</trkpt>
<trkpt lat="41.6881891" lon="43.4456374">
<ele>1822.98</ele>
</trkpt>
<trkpt lat="41.689532" lon="43.4452842">
<ele>1813.346</ele>
</trkpt>
<trkpt lat="41.6907083" lon="43.4451099">
<ele>1802.731</ele>
</trkpt>
<trkpt lat="41.6919766" lon="43.4452361">
<ele>1785.103</ele>
</trkpt>
<trkpt lat="41.6934101" lon="43.4454411">
<ele>1768.921</ele>
</trkpt>
<trkpt lat="41.6947173" lon="43.4455552">
<ele>1757.037</ele>
</trkpt>
<trkpt lat="41.6960072" lon="43.4453959">
<ele>1744.87</ele>
</trkpt>
<trkpt lat="41.6973222" lon="43.445209">
<ele>1736.29</ele>
</trkpt>
<trkpt lat="41.6985697" lon="43.44499">
<ele>1722.411</ele>
</trkpt>
<trkpt lat="41.6997649" lon="43.4447879">
<ele>1710.893</ele>
</trkpt>
<trkpt lat="41.700981" lon="43.4445848">
<ele>1702.4</ele>
</trkpt>
<trkpt lat="41.702178" lon="43.4442907">
<ele>1692.159</ele>
</trkpt>
<trkpt lat="41.7033984" lon="43.443922">
<ele>1687.738</ele>
</trkpt>
<trkpt lat="41.7045231" lon="43.4433557">
<ele>1678.434</ele>
</trkpt>
<trkpt lat="41.7057192" lon="43.443576">
<ele>1676.223</ele>
</trkpt>
<trkpt lat="41.70694" lon="43.4437342">
<ele>1676.357</ele>
</trkpt>
<trkpt lat="41.7081832" lon="43.4436368">
<ele>1666.081</ele>
</trkpt>
<trkpt lat="41.7094561" lon="43.4438126">
<ele>1664.854</ele>
</trkpt>
<trkpt lat="41.710648" lon="43.4440452">
<ele>1660.542</ele>
</trkpt>
<trkpt lat="41.7119171" lon="43.4439474">
<ele>1657.888</ele>
</trkpt>
<trkpt lat="41.7131141" lon="43.4435172">
<ele>1657.733</ele>
</trkpt>
<trkpt lat="41.7143108" lon="43.443103">
<ele>1653.798</ele>
</trkpt>
<trkpt lat="41.7154837" lon="43.4425671">
<ele>1649.0</ele>
</trkpt>
<trkpt lat="41.7166554" lon="43.4421382">
<ele>1647.791</ele>
</trkpt>
<trkpt lat="41.7173155" lon="43.441644">
<ele>1643.664</ele>
</trkpt>
<trkseg>
<extensions>
    <type>walk</type>
</extensions>
<trkpt lat="41.7173155" lon="43.441644">
<ele>1643.664</ele>
</trkpt>
<trkpt lat="41.7172485" lon="43.4417245">
<ele>1644.0</ele>
</trkpt>
<trkpt lat="41.7173165" lon="43.4418985">
<ele>1643.75</ele>
</trkpt>
<trkpt lat="41.7173235" lon="43.4419595">
<ele>1643.75</ele>
</trkpt>
<trkpt lat="41.7175345" lon="43.4420055">
<ele>1642.75</ele>
</trkpt>
<trkpt lat="41.7176745" lon="43.4421335">
<ele>1642.25</ele>
</trkpt>
<trkpt lat="41.7177765" lon="43.4421695">
<ele>1642.0</ele>
</trkpt>
<trkpt lat="41.7177775" lon="43.4423925">
<ele>1641.75</ele>
</trkpt>
<trkpt lat="41.7178445" lon="43.4425935">
<ele>1641.25</ele>
</trkpt>
<trkpt lat="41.7172875" lon="43.4435265">
<ele>1643.0</ele>
</trkpt>
<trkpt lat="41.7168795" lon="43.4444715">
<ele>1643.0</ele>
</trkpt>
<trkpt lat="41.7163845" lon="43.4458515">
<ele>1639.25</ele>
</trkpt>
<trkpt lat="41.7162355" lon="43.4459955">
<ele>1639.25</ele>
</trkpt>
<trkpt lat="41.7158585" lon="43.4461145">
<ele>1640.25</ele>
</trkpt>
<trkpt lat="41.7155435" lon="43.4465285">
<ele>1642.0</ele>
</trkpt>
<trkpt lat="41.7152795" lon="43.4467165">
<ele>1643.5</ele>
</trkpt>
<trkpt lat="41.7147995" lon="43.4476135">
<ele>1646.25</ele>
</trkpt>
<trkpt lat="41.7144155" lon="43.4486045">
<ele>1643.25</ele>
</trkpt>
<trkpt lat="41.7136295" lon="43.4507815">
<ele>1640.0</ele>
</trkpt>
<trkpt lat="41.7131515" lon="43.4516585">
<ele>1638.75</ele>
</trkpt>
<trkpt lat="41.7128725" lon="43.4524145">
<ele>1647.5</ele>
</trkpt>
<trkpt lat="41.7128135" lon="43.4525355">
<ele>1649.0</ele>
</trkpt>
<trkpt lat="41.7127655" lon="43.4526545">
<ele>1650.25</ele>
</trkpt>
<trkpt lat="41.7126945" lon="43.4527825">
<ele>1651.5</ele>
</trkpt>
<trkpt lat="41.7125915" lon="43.4529395">
<ele>1653.0</ele>
</trkpt>
<trkpt lat="41.7124195" lon="43.4531765">
<ele>1654.5</ele>
</trkpt>
<trkpt lat="41.7123915" lon="43.4532735">
<ele>1654.75</ele>
</trkpt>
<trkpt lat="41.7123765" lon="43.4533765">
<ele>1655.0</ele>
</trkpt>
<trkpt lat="41.7124095" lon="43.4535465">
<ele>1654.75</ele>
</trkpt>
<trkpt lat="41.7155725" lon="43.4680805">
<ele>1661.5</ele>
</trkpt>
<trkpt lat="41.7164655" lon="43.4723575">
<ele>1673.75</ele>
</trkpt>
<trkpt lat="41.7165215" lon="43.4729135">
<ele>1674.25</ele>
</trkpt>
<trkpt lat="41.7165295" lon="43.4742555">
<ele>1675.25</ele>
</trkpt>
<trkpt lat="41.7163405" lon="43.4754905">
<ele>1672.0</ele>
</trkpt>
<trkpt lat="41.7160745" lon="43.4765875">
<ele>1672.0</ele>
</trkpt>
<trkpt lat="41.7148255" lon="43.4773825">
<ele>1681.0</ele>
</trkpt>
<trkpt lat="41.7143095" lon="43.4776545">
<ele>1686.75</ele>
</trkpt>
<trkpt lat="41.7124885" lon="43.4788865">
<ele>1702.0</ele>
</trkpt>
<trkpt lat="41.7120285" lon="43.4793175">
<ele>1707.5</ele>
</trkpt>
<trkpt lat="41.7109035" lon="43.4811525">
<ele>1726.0</ele>
</trkpt>
<trkpt lat="41.7105815" lon="43.4813115">
<ele>1727.25</ele>
</trkpt>
<trkpt lat="41.7104035" lon="43.4813545">
<ele>1727.75</ele>
</trkpt>
<trkpt lat="41.7102685" lon="43.4813745">
<ele>1728.0</ele>
</trkpt>
<trkpt lat="41.7100335" lon="43.4815125">
<ele>1728.5</ele>
</trkpt>
<trkpt lat="41.7098225" lon="43.4816955">
<ele>1731.0</ele>
</trkpt>
<trkpt lat="41.7095965" lon="43.4819615">
<ele>1734.75</ele>
</trkpt>
<trkpt lat="41.7092235" lon="43.4825965">
<ele>1741.0</ele>
</trkpt>
<trkpt lat="41.7091025" lon="43.4830985">
<ele>1743.75</ele>
</trkpt>
<trkpt lat="41.7087965" lon="43.4838505">
<ele>1750.5</ele>
</trkpt>
<trkpt lat="41.7084715" lon="43.4849415">
<ele>1761.5</ele>
</trkpt>
<trkpt lat="41.7079895" lon="43.4861435">
<ele>1771.0</ele>
</trkpt>
<trkpt lat="41.7080745" lon="43.4861785">
<ele>1771.5</ele>
</trkpt>
<trkpt lat="41.7081625" lon="43.4862745">
<ele>1772.25</ele>
</trkpt>
<trkpt lat="41.7081775" lon="43.4863115">
<ele>1772.5</ele>
</trkpt>
<trkpt lat="41.7081775" lon="43.4863525">
<ele>1772.75</ele>
</trkpt>
<trkpt lat="41.7081555" lon="43.4864895">
<ele>1773.5</ele>
</trkpt>
<trkpt lat="41.7080775" lon="43.4866255">
<ele>1774.25</ele>
</trkpt>
<trkpt lat="41.7079765" lon="43.4868335">
<ele>1775.5</ele>
</trkpt>
<trkpt lat="41.7078595" lon="43.4870445">
<ele>1777.0</ele>
</trkpt>
<trkpt lat="41.7078135" lon="43.4871605">
<ele>1778.0</ele>
</trkpt>
<trkpt lat="41.7078075" lon="43.4872885">
<ele>1779.0</ele>
</trkpt>
<trkpt lat="41.7077675" lon="43.4874245">
<ele>1780.0</ele>
</trkpt>
<trkpt lat="41.7076515" lon="43.4875765">
<ele>1781.5</ele>
</trkpt>
<trkpt lat="41.7075215" lon="43.4877955">
<ele>1783.75</ele>
</trkpt>
<trkpt lat="41.7072005" lon="43.4882895">
<ele>1788.5</ele>
</trkpt>
<trkpt lat="41.7070705" lon="43.4885135">
<ele>1790.5</ele>
</trkpt>
<trkpt lat="41.7068985" lon="43.4888595">
<ele>1793.0</ele>
</trkpt>
<trkpt lat="41.7066515" lon="43.4893055">
<ele>1796.5</ele>
</trkpt>
<trkpt lat="41.7064655" lon="43.4895685">
<ele>1800.5</ele>
</trkpt>
<trkpt lat="41.7063305" lon="43.4896835">
<ele>1802.25</ele>
</trkpt>
<trkpt lat="41.7061525" lon="43.4899655">
<ele>1805.75</ele>
</trkpt>
<trkpt lat="41.7057605" lon="43.4904235">
<ele>1813.25</ele>
</trkpt>
<trkpt lat="41.7057115" lon="43.4906125">
<ele>1816.0</ele>
</trkpt>
<trkpt lat="41.7055925" lon="43.4908865">
<ele>1820.0</ele>
</trkpt>
<trkpt lat="41.7055605" lon="43.4910175">
<ele>1822.5</ele>
</trkpt>
<trkpt lat="41.7055325" lon="43.4911575">
<ele>1825.0</ele>
</trkpt>
<trkpt lat="41.7054305" lon="43.4913475">
<ele>1828.0</ele>
</trkpt>
<trkpt lat="41.7053725" lon="43.4914855">
<ele>1829.75</ele>
</trkpt>
<trkpt lat="41.7052295" lon="43.4917185">
<ele>1832.25</ele>
</trkpt>
<trkpt lat="41.7051265" lon="43.4919175">
<ele>1835.0</ele>
</trkpt>
<trkpt lat="41.7050085" lon="43.4922075">
<ele>1838.75</ele>
</trkpt>
<trkpt lat="41.7049265" lon="43.4924815">
<ele>1843.0</ele>
</trkpt>
<trkpt lat="41.7048105" lon="43.4930735">
<ele>1854.0</ele>
</trkpt>
<trkpt lat="41.7047705" lon="43.4932015">
<ele>1856.0</ele>
</trkpt>
<trkpt lat="41.7046915" lon="43.4933805">
<ele>1858.75</ele>
</trkpt>
<trkpt lat="41.7042785" lon="43.4938855">
<ele>1862.5</ele>
</trkpt>
<trkpt lat="41.7040395" lon="43.4942005">
<ele>1865.0</ele>
</trkpt>
<trkpt lat="41.7039195" lon="43.4943325">
<ele>1867.25</ele>
</trkpt>
<trkpt lat="41.7038355" lon="43.4944145">
<ele>1868.5</ele>
</trkpt>
<trkpt lat="41.7037005" lon="43.4945175">
<ele>1869.25</ele>
</trkpt>
<trkpt lat="41.7034535" lon="43.4946675">
<ele>1868.5</ele>
</trkpt>
<trkpt lat="41.7034175" lon="43.4947115">
<ele>1868.75</ele>
</trkpt>
<trkpt lat="41.7033735" lon="43.4947665">
<ele>1869.0</ele>
</trkpt>
<trkpt lat="41.7033385" lon="43.4948365">
<ele>1869.5</ele>
</trkpt>
<trkpt lat="41.7032555" lon="43.4949645">
<ele>1871.25</ele>
</trkpt>
<trkpt lat="41.7032185" lon="43.4950545">
<ele>1873.0</ele>
</trkpt>
<trkpt lat="41.7031175" lon="43.4952245">
<ele>1876.5</ele>
</trkpt>
<trkpt lat="41.7030085" lon="43.4953955">
<ele>1879.5</ele>
</trkpt>
<trkpt lat="41.7028945" lon="43.4955405">
<ele>1881.75</ele>
</trkpt>
<trkpt lat="41.7027995" lon="43.4957135">
<ele>1884.25</ele>
</trkpt>
<trkpt lat="41.7025975" lon="43.4959565">
<ele>1886.25</ele>
</trkpt>
<trkpt lat="41.7024465" lon="43.4960835">
<ele>1886.75</ele>
</trkpt>
<trkpt lat="41.7023345" lon="43.4961475">
<ele>1887.5</ele>
</trkpt>
<trkpt lat="41.7020745" lon="43.4962425">
<ele>1888.25</ele>
</trkpt>
<trkpt lat="41.7020335" lon="43.4962865">
<ele>1888.75</ele>
</trkpt>
<trkpt lat="41.7020235" lon="43.4963245">
<ele>1889.25</ele>
</trkpt>
<trkpt lat="41.7020155" lon="43.4964425">
<ele>1890.5</ele>
</trkpt>
<trkpt lat="41.7020425" lon="43.4967595">
<ele>1894.5</ele>
</trkpt>
<trkpt lat="41.7020355" lon="43.4970145">
<ele>1897.25</ele>
</trkpt>
<trkpt lat="41.7020285" lon="43.4970605">
<ele>1897.75</ele>
</trkpt>
<trkpt lat="41.7019825" lon="43.4972285">
<ele>1899.5</ele>
</trkpt>
<trkpt lat="41.7018845" lon="43.4975365">
<ele>1902.25</ele>
</trkpt>
<trkpt lat="41.7018015" lon="43.4977695">
<ele>1905.5</ele>
</trkpt>
<trkpt lat="41.7017845" lon="43.4979595">
<ele>1908.75</ele>
</trkpt>
<trkpt lat="41.7017715" lon="43.4982995">
<ele>1914.25</ele>
</trkpt>
<trkpt lat="41.7017565" lon="43.4984265">
<ele>1916.25</ele>
</trkpt>
<trkpt lat="41.7016575" lon="43.4986955">
<ele>1919.5</ele>
</trkpt>
<trkpt lat="41.7016225" lon="43.4987415">
<ele>1920.25</ele>
</trkpt>
<trkpt lat="41.7015845" lon="43.4987765">
<ele>1920.5</ele>
</trkpt>
<trkpt lat="41.7013405" lon="43.4989095">
<ele>1922.0</ele>
</trkpt>
<trkpt lat="41.7012585" lon="43.4989745">
<ele>1922.75</ele>
</trkpt>
<trkpt lat="41.7009395" lon="43.4991465">
<ele>1924.0</ele>
</trkpt>
<trkpt lat="41.7004875" lon="43.4991345">
<ele>1922.5</ele>
</trkpt>
<trkpt lat="41.7004265" lon="43.4993335">
<ele>1925.0</ele>
</trkpt>
<trkpt lat="41.7002045" lon="43.4995815">
<ele>1927.0</ele>
</trkpt>
<trkpt lat="41.6999015" lon="43.4992035">
<ele>1922.75</ele>
</trkpt>
<trkpt lat="41.6995485" lon="43.4993215">
<ele>1926.25</ele>
</trkpt>
<trkpt lat="41.6990725" lon="43.4998785">
<ele>1935.0</ele>
</trkpt>
<trkpt lat="41.6983825" lon="43.5002795">
<ele>1943.5</ele>
</trkpt>
<trkpt lat="41.6975525" lon="43.5011115">
<ele>1959.25</ele>
</trkpt>
<trkpt lat="41.6965625" lon="43.5017275">
<ele>1970.5</ele>
</trkpt>
<trkpt lat="41.6962765" lon="43.5022225">
<ele>1978.0</ele>
</trkpt>
<trkpt lat="41.6959035" lon="43.5020355">
<ele>1979.25</ele>
</trkpt>
<trkpt lat="41.6951565" lon="43.5025265">
<ele>1993.0</ele>
</trkpt>
<trkpt lat="41.6942505" lon="43.5035305">
<ele>2016.25</ele>
</trkpt>
<trkpt lat="41.6921095" lon="43.5063005">
<ele>2083.5</ele>
</trkpt>
<trkpt lat="41.6915255" lon="43.5070095">
<ele>2099.75</ele>
</trkpt>
<trkpt lat="41.6909995" lon="43.5078365">
<ele>2117.25</ele>
</trkpt>
<trkpt lat="41.6892235" lon="43.5081195">
<ele>2152.0</ele>
</trkpt>
<trkpt lat="41.6891545" lon="43.5084235">
<ele>2159.25</ele>
</trkpt>
<trkpt lat="41.6892965" lon="43.5090835">
<ele>2171.0</ele>
</trkpt>
<trkpt lat="41.6896245" lon="43.5096665">
<ele>2178.75</ele>
</trkpt>
<trkpt lat="41.6898795" lon="43.5099155">
<ele>2180.0</ele>
</trkpt>
<trkpt lat="41.6901395" lon="43.5104325">
<ele>2187.25</ele>
</trkpt>
<trkpt lat="41.6902105" lon="43.5106725">
<ele>2190.75</ele>
</trkpt>
<trkpt lat="41.6901475" lon="43.5109755">
<ele>2197.75</ele>
</trkpt>
<trkpt lat="41.6898395" lon="43.5117045">
<ele>2217.25</ele>
</trkpt>
<trkpt lat="41.6897735" lon="43.5122185">
<ele>2225.75</ele>
</trkpt>
<trkpt lat="41.6898145" lon="43.5131485">
<ele>2234.75</ele>
</trkpt>
<trkpt lat="41.6896955" lon="43.5137575">
<ele>2250.0</ele>
</trkpt>
<trkseg>
<trkpt lat="41.6890465" lon="43.5157205">
<ele>2301.75</ele>
</trkpt>
<trkpt lat="41.6888545" lon="43.5146115">
<ele>2301.0</ele>
</trkpt>
<trkpt lat="41.6884425" lon="43.5130825">
<ele>2306.75</ele>
</trkpt>
<trkpt lat="41.6883515" lon="43.5128535">
<ele>2307.0</ele>
</trkpt>
<trkpt lat="41.6882525" lon="43.5126675">
<ele>2307.5</ele>
</trkpt>
<trkpt lat="41.6880815" lon="43.5124335">
<ele>2309.25</ele>
</trkpt>
<trkpt lat="41.6876645" lon="43.5120425">
<ele>2315.25</ele>
</trkpt>
<trkpt lat="41.6870815" lon="43.5115575">
<ele>2321.5</ele>
</trkpt>
<trkpt lat="41.6864635" lon="43.5109305">
<ele>2325.25</ele>
</trkpt>
<trkpt lat="41.6854665" lon="43.5097935">
<ele>2328.25</ele>
</trkpt>
<trkpt lat="41.6852165" lon="43.5094435">
<ele>2326.0</ele>
</trkpt>
<trkpt lat="41.6851295" lon="43.5093685">
<ele>2326.0</ele>
</trkpt>
<trkpt lat="41.6850495" lon="43.5093335">
<ele>2327.25</ele>
</trkpt>
<trkpt lat="41.6849825" lon="43.5093195">
<ele>2328.75</ele>
</trkpt>
<trkpt lat="41.6848995" lon="43.5093395">
<ele>2332.0</ele>
</trkpt>
<trkpt lat="41.6847505" lon="43.5094345">
<ele>2339.75</ele>
</trkpt>
<trkpt lat="41.6846955" lon="43.5094515">
<ele>2342.0</ele>
</trkpt>
<trkpt lat="41.6846255" lon="43.5094465">
<ele>2344.0</ele>
</trkpt>
<trkpt lat="41.6845585" lon="43.5094165">
<ele>2345.0</ele>
</trkpt>
<trkpt lat="41.6843125" lon="43.5091355">
<ele>2343.0</ele>
</trkpt>
<trkpt lat="41.6842635" lon="43.5091085">
<ele>2344.0</ele>
</trkpt>
<trkpt lat="41.6842245" lon="43.5091015">
<ele>2345.0</ele>
</trkpt>
<trkpt lat="41.6841945" lon="43.5091115">
<ele>2346.0</ele>
</trkpt>
<trkpt lat="41.6841635" lon="43.5091335">
<ele>2347.5</ele>
</trkpt>
<trkpt lat="41.6841505" lon="43.5091555">
<ele>2348.5</ele>
</trkpt>
<trkpt lat="41.6841465" lon="43.5091925">
<ele>2350.0</ele>
</trkpt>
<trkpt lat="41.6841535" lon="43.5092405">
<ele>2351.25</ele>
</trkpt>
<trkpt lat="41.6841745" lon="43.5092885">
<ele>2352.0</ele>
</trkpt>
<trkpt lat="41.6842035" lon="43.5093285">
<ele>2352.5</ele>
</trkpt>
<trkpt lat="41.6843785" lon="43.5094905">
<ele>2353.0</ele>
</trkpt>
<trkpt lat="41.6844495" lon="43.5095385">
<ele>2352.75</ele>
</trkpt>
<trkpt lat="41.6845455" lon="43.5095815">
<ele>2351.25</ele>
</trkpt>
<trkpt lat="41.6848315" lon="43.5096355">
<ele>2344.25</ele>
</trkpt>
<trkpt lat="41.6849055" lon="43.5096775">
<ele>2343.5</ele>
</trkpt>
<trkpt lat="41.6849675" lon="43.5097375">
<ele>2343.75</ele>
</trkpt>
<trkpt lat="41.6851045" lon="43.5100095">
<ele>2348.25</ele>
</trkpt>
<trkpt lat="41.6854465" lon="43.5104125">
<ele>2349.75</ele>
</trkpt>
<trkpt lat="41.6855755" lon="43.5106295">
<ele>2353.0</ele>
</trkpt>
<trkpt lat="41.6856985" lon="43.5110135">
<ele>2361.25</ele>
</trkpt>
<trkpt lat="41.6857295" lon="43.5110785">
<ele>2362.0</ele>
</trkpt>
<trkpt lat="41.6864115" lon="43.5121175">
<ele>2367.75</ele>
</trkpt>
<trkpt lat="41.6870505" lon="43.5129405">
<ele>2369.0</ele>
</trkpt>
<trkpt lat="41.6872915" lon="43.5133935">
<ele>2370.75</ele>
</trkpt>
<trkpt lat="41.6873485" lon="43.5135545">
<ele>2370.0</ele>
</trkpt>
<trkpt lat="41.6873905" lon="43.5137695">
<ele>2370.25</ele>
</trkpt>
<trkpt lat="41.6874135" lon="43.5142645">
<ele>2374.0</ele>
</trkpt>
<trkpt lat="41.6873665" lon="43.5154535">
<ele>2381.0</ele>
</trkpt>
<trkpt lat="41.6872635" lon="43.5162085">
<ele>2385.25</ele>
</trkpt>
<trkpt lat="41.6872545" lon="43.5165055">
<ele>2385.75</ele>
</trkpt>
<trkpt lat="41.6872645" lon="43.5167885">
<ele>2387.0</ele>
</trkpt>
<trkpt lat="41.6872895" lon="43.5171335">
<ele>2390.75</ele>
</trkpt>
<trkpt lat="41.6873525" lon="43.5173675">
<ele>2390.75</ele>
</trkpt>
<trkpt lat="41.6874075" lon="43.5175415">
<ele>2390.75</ele>
</trkpt>
<trkpt lat="41.6875165" lon="43.5177005">
<ele>2389.75</ele>
</trkpt>
<trkpt lat="41.6879535" lon="43.5181475">
<ele>2396.0</ele>
</trkpt>
<trkpt lat="41.6892665" lon="43.5188095">
<ele>2404.5</ele>
</trkpt>
<trkpt lat="41.6895225" lon="43.5188485">
<ele>2406.75</ele>
</trkpt>
<trkpt lat="41.6897215" lon="43.5188665">
<ele>2408.0</ele>
</trkpt>
<trkpt lat="41.6899435" lon="43.5188475">
<ele>2407.5</ele>
</trkpt>
<trkpt lat="41.6905135" lon="43.5186725">
<ele>2399.5</ele>
</trkpt>
<trkpt lat="41.6906525" lon="43.5186585">
<ele>2398.75</ele>
</trkpt>
<trkpt lat="41.6907605" lon="43.5186815">
<ele>2399.5</ele>
</trkpt>
<trkpt lat="41.6908555" lon="43.5187475">
<ele>2402.0</ele>
</trkpt>
<trkpt lat="41.6911285" lon="43.5190285">
<ele>2410.25</ele>
</trkpt>
<trkpt lat="41.6912595" lon="43.5191015">
<ele>2411.75</ele>
</trkpt>
<trkpt lat="41.6914565" lon="43.5191335">
<ele>2410.25</ele>
</trkpt>
<trkpt lat="41.6916155" lon="43.5191085">
<ele>2407.25</ele>
</trkpt>
<trkpt lat="41.6921705" lon="43.5189035">
<ele>2400.25</ele>
</trkpt>
<trkpt lat="41.6922485" lon="43.5189175">
<ele>2400.75</ele>
</trkpt>
<trkpt lat="41.6923045" lon="43.5189635">
<ele>2402.5</ele>
</trkpt>
<trkpt lat="41.6923405" lon="43.5190695">
<ele>2406.25</ele>
</trkpt>
<trkpt lat="41.6923375" lon="43.5191915">
<ele>2410.75</ele>
</trkpt>
<trkpt lat="41.6923035" lon="43.5192695">
<ele>2413.75</ele>
</trkpt>
<trkpt lat="41.6922285" lon="43.5193205">
<ele>2415.5</ele>
</trkpt>
<trkpt lat="41.6914615" lon="43.5193535">
<ele>2418.0</ele>
</trkpt>
<trkpt lat="41.6913195" lon="43.5193335">
<ele>2419.5</ele>
</trkpt>
<trkpt lat="41.6912085" lon="43.5193075">
<ele>2420.25</ele>
</trkpt>
<trkpt lat="41.6906965" lon="43.5190835">
<ele>2416.75</ele>
</trkpt>
<trkpt lat="41.6905815" lon="43.5190645">
<ele>2416.0</ele>
</trkpt>
<trkpt lat="41.6904555" lon="43.5190795">
<ele>2417.0</ele>
</trkpt>
<trkpt lat="41.6902145" lon="43.5191555">
<ele>2421.0</ele>
</trkpt>
<trkpt lat="41.6900225" lon="43.5192835">
<ele>2428.25</ele>
</trkpt>
<trkpt lat="41.6898945" lon="43.5193445">
<ele>2431.5</ele>
</trkpt>
<trkpt lat="41.6897585" lon="43.5193795">
<ele>2433.25</ele>
</trkpt>
<trkpt lat="41.6891605" lon="43.5194285">
<ele>2435.0</ele>
</trkpt>
<trkpt lat="41.6887095" lon="43.5194505">
<ele>2441.75</ele>
</trkpt>
<trkpt lat="41.6881775" lon="43.5194985">
<ele>2449.0</ele>
</trkpt>
<trkpt lat="41.6878675" lon="43.5194955">
<ele>2450.25</ele>
</trkpt>
<trkpt lat="41.6873745" lon="43.5193555">
<ele>2449.0</ele>
</trkpt>
<trkpt lat="41.6870265" lon="43.5191415">
<ele>2450.75</ele>
</trkpt>
<trkpt lat="41.6863385" lon="43.5185585">
<ele>2452.0</ele>
</trkpt>
<trkpt lat="41.6861825" lon="43.5183965">
<ele>2452.0</ele>
</trkpt>
<trkpt lat="41.6860825" lon="43.5182515">
<ele>2452.5</ele>
</trkpt>
<trkpt lat="41.6856715" lon="43.5173355">
<ele>2453.75</ele>
</trkpt>
<trkpt lat="41.6854785" lon="43.5174825">
<ele>2454.5</ele>
</trkpt>
<trkpt lat="41.6851885" lon="43.5176265">
<ele>2454.75</ele>
</trkpt>
<trkpt lat="41.6856165" lon="43.5184865">
<ele>2460.0</ele>
</trkpt>
<trkpt lat="41.6857585" lon="43.5187445">
<ele>2463.0</ele>
</trkpt>
<trkpt lat="41.6857985" lon="43.5189805">
<ele>2465.5</ele>
</trkpt>
<trkpt lat="41.6857745" lon="43.5192135">
<ele>2468.0</ele>
</trkpt>
<trkpt lat="41.6858175" lon="43.5193545">
<ele>2470.5</ele>
</trkpt>
<trkpt lat="41.6859315" lon="43.5194895">
<ele>2472.5</ele>
</trkpt>
<trkpt lat="41.6861235" lon="43.5196485">
<ele>2474.75</ele>
</trkpt>
<trkpt lat="41.6865205" lon="43.5201245">
<ele>2484.5</ele>
</trkpt>
<trkpt lat="41.6867115" lon="43.5202695">
<ele>2488.0</ele>
</trkpt>
<trkpt lat="41.6864525" lon="43.5202865">
<ele>2487.5</ele>
</trkpt>
<trkpt lat="41.6862535" lon="43.5204145">
<ele>2488.5</ele>
</trkpt>
<trkpt lat="41.6861575" lon="43.5206445">
<ele>2491.5</ele>
</trkpt>
<trkpt lat="41.6861625" lon="43.5208265">
<ele>2494.5</ele>
</trkpt>
<trkpt lat="41.6862285" lon="43.5211365">
<ele>2498.5</ele>
</trkpt>
<trkpt lat="41.6863385" lon="43.5217805">
<ele>2506.75</ele>
</trkpt>
<trkpt lat="41.6863735" lon="43.5217385">
<ele>2507.5</ele>
</trkpt>
<trkpt lat="41.6864285" lon="43.5217285">
<ele>2509.0</ele>
</trkpt>
<trkpt lat="41.6864935" lon="43.5217305">
<ele>2510.5</ele>
</trkpt>
<trkpt lat="41.6868075" lon="43.5220325">
<ele>2517.5</ele>
</trkpt>
<trkpt lat="41.6869395" lon="43.5222055">
<ele>2520.5</ele>
</trkpt>
<trkpt lat="41.6871085" lon="43.5225065">
<ele>2524.75</ele>
</trkpt>
<trkpt lat="41.6874615" lon="43.5229985">
<ele>2530.75</ele>
</trkpt>
<trkpt lat="41.6885025" lon="43.5244975">
<ele>2552.5</ele>
</trkpt>
<trkpt lat="41.6889415" lon="43.5251655">
<ele>2560.5</ele>
</trkpt>
<trkpt lat="41.6890215" lon="43.5252265">
<ele>2562.5</ele>
</trkpt>
<trkpt lat="41.6890755" lon="43.5251995">
<ele>2564.0</ele>
</trkpt>
<trkpt lat="41.6891135" lon="43.5250845">
<ele>2565.25</ele>
</trkpt>
<trkpt lat="41.6891015" lon="43.5250085">
<ele>2565.25</ele>
</trkpt>
<trkpt lat="41.6889305" lon="43.5244895">
<ele>2563.0</ele>
</trkpt>
<trkpt lat="41.6889265" lon="43.5244095">
<ele>2563.25</ele>
</trkpt>
<trkpt lat="41.6889375" lon="43.5243255">
<ele>2564.0</ele>
</trkpt>
<trkpt lat="41.6889685" lon="43.5242685">
<ele>2565.0</ele>
</trkpt>
<trkpt lat="41.6890135" lon="43.5242415">
<ele>2566.0</ele>
</trkpt>
<trkpt lat="41.6890865" lon="43.5242955">
<ele>2567.5</ele>
</trkpt>
<trkpt lat="41.6894035" lon="43.5249055">
<ele>2573.25</ele>
</trkpt>
<trkpt lat="41.6897005" lon="43.5255845">
<ele>2578.0</ele>
</trkpt>
<trkpt lat="41.6898415" lon="43.5260505">
<ele>2579.75</ele>
</trkpt>
<trkpt lat="41.6898795" lon="43.5262675">
<ele>2580.5</ele>
</trkpt>
<trkpt lat="41.6900745" lon="43.5270385">
<ele>2585.75</ele>
</trkpt>
<trkpt lat="41.6902465" lon="43.5275755">
<ele>2591.25</ele>
</trkpt>
<trkpt lat="41.6904105" lon="43.5282135">
<ele>2595.25</ele>
</trkpt>
<trkpt lat="41.6904865" lon="43.5284345">
<ele>2597.75</ele>
</trkpt>
<trkpt lat="41.6906045" lon="43.5289035">
<ele>2602.0</ele>
</trkpt>
<trkpt lat="41.6907535" lon="43.5293495">
<ele>2606.75</ele>
</trkpt>
<trkpt lat="41.6910055" lon="43.5300175">
<ele>2613.75</ele>
</trkpt>
<trkpt lat="41.6912415" lon="43.5311355">
<ele>2610.75</ele>
</trkpt>
<trkpt lat="41.6913985" lon="43.5315965">
<ele>2611.75</ele>
</trkpt>
<trkpt lat="41.6914435" lon="43.5316505">
<ele>2613.0</ele>
</trkpt>
<trkpt lat="41.6915125" lon="43.5316575">
<ele>2615.5</ele>
</trkpt>
<trkpt lat="41.6922645" lon="43.5340335">
<ele>2634.25</ele>
</trkpt>
<trkpt lat="41.6927245" lon="43.5357355">
<ele>2642.25</ele>
</trkpt>
<trkpt lat="41.6930125" lon="43.5362075">
<ele>2648.0</ele>
</trkpt>
<trkpt lat="41.6931515" lon="43.5366365">
<ele>2650.75</ele>
</trkpt>
<trkpt lat="41.6934505" lon="43.5369805">
<ele>2654.75</ele>
</trkpt>
<trkpt lat="41.6936965" lon="43.5373375">
<ele>2656.75</ele>
</trkpt>
<trkpt lat="41.6938775" lon="43.5375455">
<ele>2658.25</ele>
</trkpt>
<trkpt lat="41.6939475" lon="43.5379525">
<ele>2662.0</ele>
</trkpt>
<trkpt lat="41.6938675" lon="43.5382745">
<ele>2665.0</ele>
</trkpt>
<trkpt lat="41.6935035" lon="43.5388685">
<ele>2671.0</ele>
</trkpt>
<trkpt lat="41.6932795" lon="43.5391405">
<ele>2673.5</ele>
</trkpt>
<trkpt lat="41.6928205" lon="43.5393195">
<ele>2674.0</ele>
</trkpt>
<trkpt lat="41.6927775" lon="43.5394475">
<ele>2675.25</ele>
</trkpt>
<trkpt lat="41.6928365" lon="43.5395765">
<ele>2676.75</ele>
</trkpt>
<trkpt lat="41.6929855" lon="43.5397055">
<ele>2678.75</ele>
</trkpt>
<trkpt lat="41.6933705" lon="43.5402485">
<ele>2688.25</ele>
</trkpt>
<trkpt lat="41.6935145" lon="43.5402915">
<ele>2689.25</ele>
</trkpt>
<trkpt lat="41.6938355" lon="43.5403495">
<ele>2691.0</ele>
</trkpt>
<trkpt lat="41.6940055" lon="43.5404995">
<ele>2693.5</ele>
</trkpt>
<trkpt lat="41.6940115" lon="43.5406635">
<ele>2695.5</ele>
</trkpt>
<trkpt lat="41.6939575" lon="43.5409925">
<ele>2699.5</ele>
</trkpt>
<trkpt lat="41.6939045" lon="43.5411575">
<ele>2701.5</ele>
</trkpt>
<trkpt lat="41.6937975" lon="43.5413005">
<ele>2702.75</ele>
</trkpt>
<trkpt lat="41.6936265" lon="43.5414935">
<ele>2703.75</ele>
</trkpt>
<trkpt lat="41.6935785" lon="43.5417365">
<ele>2706.0</ele>
</trkpt>
<trkpt lat="41.6935945" lon="43.5420295">
<ele>2708.75</ele>
</trkpt>
<trkpt lat="41.6935835" lon="43.5424805">
<ele>2713.0</ele>
</trkpt>
<trkpt lat="41.6935785" lon="43.5430315">
<ele>2715.25</ele>
</trkpt>
<trkpt lat="41.6936105" lon="43.5433175">
<ele>2716.75</ele>
</trkpt>
<trkpt lat="41.6937015" lon="43.5434465">
<ele>2718.0</ele>
</trkpt>
<trkpt lat="41.6938355" lon="43.5434385">
<ele>2720.0</ele>
</trkpt>
<trkpt lat="41.6940535" lon="43.5432675">
<ele>2722.75</ele>
</trkpt>
<trkpt lat="41.6942565" lon="43.5431675">
<ele>2724.0</ele>
</trkpt>
<trkpt lat="41.6944015" lon="43.5431955">
<ele>2724.5</ele>
</trkpt>
<trkpt lat="41.6945775" lon="43.5434175">
<ele>2725.5</ele>
</trkpt>
<trkpt lat="41.6947805" lon="43.5438035">
<ele>2727.0</ele>
</trkpt>
<trkpt lat="41.6948075" lon="43.5440895">
<ele>2728.0</ele>
</trkpt>
<trkpt lat="41.6948015" lon="43.5443975">
<ele>2727.5</ele>
</trkpt>
<trkpt lat="41.6948395" lon="43.5446045">
<ele>2727.25</ele>
</trkpt>
<trkpt lat="41.6949245" lon="43.5447625">
<ele>2728.0</ele>
</trkpt>
<trkpt lat="41.6957685" lon="43.5459785">
<ele>2731.25</ele>
</trkpt>
<trkpt lat="41.6959395" lon="43.5464005">
<ele>2732.25</ele>
</trkpt>
<trkpt lat="41.6960785" lon="43.5470155">
<ele>2734.0</ele>
</trkpt>
<trkpt lat="41.6961955" lon="43.5474225">
<ele>2734.25</ele>
</trkpt>
<trkpt lat="41.6962495" lon="43.5481025">
<ele>2734.0</ele>
</trkpt>
<trkpt lat="41.6962385" lon="43.5487395">
<ele>2735.0</ele>
</trkpt>
<trkpt lat="41.6965055" lon="43.5507485">
<ele>2753.25</ele>
</trkpt>
<trkpt lat="41.6966015" lon="43.5511785">
<ele>2760.75</ele>
</trkpt>
<trkpt lat="41.6966605" lon="43.5515145">
<ele>2767.25</ele>
</trkpt>
<trkpt lat="41.6966125" lon="43.5517785">
<ele>2769.25</ele>
</trkpt>
<trkpt lat="41.6965745" lon="43.5519215">
<ele>2769.25</ele>
</trkpt>
<trkpt lat="41.6969325" lon="43.5533595">
<ele>2777.5</ele>
</trkpt>
<trkpt lat="41.6970285" lon="43.5539245">
<ele>2780.5</ele>
</trkpt>
<trkpt lat="41.6971515" lon="43.5542105">
<ele>2782.75</ele>
</trkpt>
<trkpt lat="41.6971995" lon="43.5545325">
<ele>2786.5</ele>
</trkpt>
<trkpt lat="41.6971565" lon="43.5547905">
<ele>2789.5</ele>
</trkpt>
<trkpt lat="41.6973225" lon="43.5552765">
<ele>2794.25</ele>
</trkpt>
<trkpt lat="41.6973815" lon="43.5555415">
<ele>2796.25</ele>
</trkpt>
<trkpt lat="41.6973215" lon="43.5559355">
<ele>2797.25</ele>
</trkpt>
<trkpt lat="41.6972995" lon="43.5562255">
<ele>2797.0</ele>
</trkpt>
<trkpt lat="41.6973475" lon="43.5564885">
<ele>2797.75</ele>
</trkpt>
<trkpt lat="41.6972541" lon="43.5565276">
<ele>2798.402</ele>
</trkpt>
<trkpt lat="41.6957261" lon="43.559182">
<ele>2726.953</ele>
</trkpt>
<trkpt lat="41.6941051" lon="43.5616165">
<ele>2621.855</ele>
</trkpt>
<trkpt lat="41.6923865" lon="43.5638992">
<ele>2523.069</ele>
</trkpt>
<trkpt lat="41.6901288" lon="43.5652758">
<ele>2422.035</ele>
</trkpt>
<trkpt lat="41.6880304" lon="43.5668903">
<ele>2320.094</ele>
</trkpt>
<trkpt lat="41.6863625" lon="43.5693553">
<ele>2264.09</ele>
</trkpt>
<trkpt lat="41.685135" lon="43.5718161">
<ele>2218.907</ele>
</trkpt>
<trkpt lat="41.6832228" lon="43.5738547">
<ele>2177.208</ele>
</trkpt>
<trkpt lat="41.6815994" lon="43.5763809">
<ele>2162.18</ele>
</trkpt>
<trkpt lat="41.6794528" lon="43.5778373">
<ele>2115.298</ele>
</trkpt>
<trkpt lat="41.6770592" lon="43.5773073">
<ele>2157.087</ele>
</trkpt>
<trkpt lat="41.6765014" lon="43.577064">
<ele>2163.092</ele>
</trkpt>
<trkpt lat="41.6741414" lon="43.5778968">
<ele>2194.026</ele>
</trkpt>
<trkpt lat="41.6717887" lon="43.5787274">
<ele>2234.938</ele>
</trkpt>
<trkpt lat="41.6693931" lon="43.5792876">
<ele>2238.396</ele>
</trkpt>
<trkpt lat="41.6672393" lon="43.5808129">
<ele>2243.703</ele>
</trkpt>
<trkpt lat="41.6651818" lon="43.5826097">
<ele>2260.567</ele>
</trkpt>
<trkpt lat="41.6635635" lon="43.5850115">
<ele>2302.31</ele>
</trkpt>
<trkpt lat="41.6620404" lon="43.5876821">
<ele>2367.356</ele>
</trkpt>
<trkpt lat="41.6615404" lon="43.5908495">
<ele>2407.637</ele>
</trkpt>
<trkpt lat="41.6614794" lon="43.5941646">
<ele>2455.951</ele>
</trkpt>
<trkpt lat="41.661325" lon="43.5963414">
<ele>2482.744</ele>
</trkpt>
<trkpt lat="41.6617536" lon="43.5996031">
<ele>2409.943</ele>
</trkpt>
<trkpt lat="41.6622772" lon="43.6028349">
<ele>2319.517</ele>
</trkpt>
<trkpt lat="41.6629017" lon="43.6059799">
<ele>2228.995</ele>
</trkpt>
<trkpt lat="41.6633791" lon="43.6092409">
<ele>2135.342</ele>
</trkpt>
<trkpt lat="41.6634162" lon="43.6124704">
<ele>2067.693</ele>
</trkpt>
<trkpt lat="41.6638437" lon="43.6157626">
<ele>2034.089</ele>
</trkpt>
<trkpt lat="41.6639782" lon="43.6190535">
<ele>2012.764</ele>
</trkpt>
<trkpt lat="41.6638717" lon="43.6214683">
<ele>2003.124</ele>
</trkpt>
<trkseg>
<trkpt lat="41.6625484" lon="43.6231456">
<ele>2003.458</ele>
</trkpt>
<trkpt lat="41.6584495" lon="43.6265477">
<ele>1991.0</ele>
</trkpt>
<trkpt lat="41.6537462" lon="43.6287518">
<ele>1991.0</ele>
</trkpt>
<trkpt lat="41.6488563" lon="43.6301041">
<ele>1991.0</ele>
</trkpt>
<trkpt lat="41.6470017" lon="43.6306964">
<ele>1991.0</ele>
</trkpt>
<trkpt lat="41.6446066" lon="43.6319162">
<ele>1991.0</ele>
</trkpt>
<trkpt lat="41.6422567" lon="43.6333177">
<ele>1991.0</ele>
</trkpt>
<trkpt lat="41.6398577" lon="43.6346902">
<ele>1991.0</ele>
</trkpt>
<trkpt lat="41.6373635" lon="43.6350989">
<ele>1991.0</ele>
</trkpt>
<trkpt lat="41.6349204" lon="43.6350225">
<ele>2009.485</ele>
</trkpt>
<trkpt lat="41.6324734" lon="43.6357303">
<ele>1996.294</ele>
</trkpt>
<trkpt lat="41.630165" lon="43.6369879">
<ele>1991.0</ele>
</trkpt>
<trkpt lat="41.6295736" lon="43.6402046">
<ele>1991.386</ele>
</trkpt>
<trkpt lat="41.6280975" lon="43.6428218">
<ele>2026.381</ele>
</trkpt>
<trkpt lat="41.6262818" lon="43.6450434">
<ele>2028.362</ele>
</trkpt>
<trkpt lat="41.6243199" lon="43.6470219">
<ele>2036.552</ele>
</trkpt>
<trkpt lat="41.6237313" lon="43.6471699">
<ele>2035.0</ele>
</trkpt>
<trkpt lat="41.6215753" lon="43.6486052">
<ele>2035.699</ele>
</trkpt>
<trkpt lat="41.6192266" lon="43.6493733">
<ele>2037.784</ele>
</trkpt>
<trkpt lat="41.6168317" lon="43.6497499">
<ele>2053.565</ele>
</trkpt>
<trkpt lat="41.614481" lon="43.6504595">
<ele>2056.74</ele>
</trkpt>
<trkpt lat="41.6122281" lon="43.6516805">
<ele>2073.95</ele>
</trkpt>
<trkpt lat="41.6103146" lon="43.6537495">
<ele>2095.244</ele>
</trkpt>
<trkpt lat="41.6092824" lon="43.6548912">
<ele>2101.287</ele>
</trkpt>
<trkpt lat="41.6069763" lon="43.6558438">
<ele>2138.612</ele>
</trkpt>
<trkpt lat="41.6048232" lon="43.6573073">
<ele>2159.453</ele>
</trkpt>
<trkpt lat="41.6025101" lon="43.6585644">
<ele>2159.364</ele>
</trkpt>
<trkpt lat="41.6001682" lon="43.659631">
<ele>2181.491</ele>
</trkpt>
<trkpt lat="41.5977678" lon="43.6602784">
<ele>2183.04</ele>
</trkpt>
<trkpt lat="41.5955139" lon="43.6616268">
<ele>2184.87</ele>
</trkpt>
<trkpt lat="41.5939423" lon="43.6641196">
<ele>2210.046</ele>
</trkpt>
<trkpt lat="41.5920276" lon="43.6661565">
<ele>2246.785</ele>
</trkpt>
<trkpt lat="41.5898218" lon="43.6675003">
<ele>2300.285</ele>
</trkpt>
<trkpt lat="41.5876633" lon="43.6689665">
<ele>2335.703</ele>
</trkpt>
<trkpt lat="41.5853637" lon="43.670067">
<ele>2378.427</ele>
</trkpt>
<trkpt lat="41.5830113" lon="43.6708065">
<ele>2434.797</ele>
</trkpt>
<trkpt lat="41.5806112" lon="43.6717267">
<ele>2418.254</ele>
</trkpt>
<trkpt lat="41.5781136" lon="43.6725856">
<ele>2468.262</ele>
</trkpt>
<trkpt lat="41.5757152" lon="43.6732633">
<ele>2482.015</ele>
</trkpt>
<trkpt lat="41.5734622" lon="43.674755">
<ele>2527.289</ele>
</trkpt>
<trkpt lat="41.5712103" lon="43.676038">
<ele>2565.361</ele>
</trkpt>
<trkpt lat="41.569096" lon="43.6776847">
<ele>2588.691</ele>
</trkpt>
<trkpt lat="41.5666545" lon="43.6786744">
<ele>2637.561</ele>
</trkpt>
<trkpt lat="41.5648811" lon="43.6809009">
<ele>2705.112</ele>
</trkpt>
<trkpt lat="41.5628205" lon="43.6826059">
<ele>2772.175</ele>
</trkpt>
<trkpt lat="41.5607614" lon="43.6842798">
<ele>2813.222</ele>
</trkpt>
<trkpt lat="41.5585035" lon="43.6856832">
<ele>2839.282</ele>
</trkpt>
<trkpt lat="41.5562005" lon="43.6868447">
<ele>2875.49</ele>
</trkpt>
<trkpt lat="41.5538035" lon="43.6872803">
<ele>2878.17</ele>
</trkpt>
<trkpt lat="41.5514055" lon="43.6876267">
<ele>2819.848</ele>
</trkpt>
<trkpt lat="41.5490071" lon="43.6872476">
<ele>2804.556</ele>
</trkpt>
<trkpt lat="41.5465618" lon="43.6869612">
<ele>2811.963</ele>
</trkpt>
<trkpt lat="41.5441715" lon="43.6862821">
<ele>2855.186</ele>
</trkpt>
<trkpt lat="41.5441709" lon="43.6861911">
<ele>2854.541</ele>
</trkpt>
<trkpt lat="41.5432187" lon="43.685187">
<ele>2854.691</ele>
</trkpt>
<trkpt lat="41.5421947" lon="43.6842907">
<ele>2855.0</ele>
</trkpt>
<trkpt lat="41.5414406" lon="43.683033">
<ele>2894.242</ele>
</trkpt>
<trkpt lat="41.5406381" lon="43.681791">
<ele>2909.01</ele>
</trkpt>
<trkpt lat="41.5395382" lon="43.6810733">
<ele>2922.196</ele>
</trkpt>
<trkpt lat="41.5385131" lon="43.6806296">
<ele>2937.523</ele>
</trkpt>
<trkpt lat="41.538357" lon="43.679851">
<ele>2948.356</ele>
</trkpt>
<trkpt lat="41.5380784" lon="43.6791099">
<ele>2945.626</ele>
</trkpt>
<trkpt lat="41.5377632" lon="43.6783919">
<ele>2937.727</ele>
</trkpt>
<trkpt lat="41.5374107" lon="43.6777102">
<ele>2934.288</ele>
</trkpt>
<trkpt lat="41.5373033" lon="43.6768793">
<ele>2942.205</ele>
</trkpt>
<trkpt lat="41.5372332" lon="43.6760495">
<ele>2955.75</ele>
</trkpt>
<trkpt lat="41.5369668" lon="43.6753151">
<ele>2968.194</ele>
</trkpt>
<trkpt lat="41.5364141" lon="43.674773">
<ele>2996.345</ele>
</trkpt>
<trkpt lat="41.5359645" lon="43.6745592">
<ele>3011.954</ele>
</trkpt>
<trkpt lat="41.5359552" lon="43.6737419">
<ele>3034.749</ele>
</trkpt>
<trkpt lat="41.5356772" lon="43.6730031">
<ele>3050.717</ele>
</trkpt>
<trkpt lat="41.5355325" lon="43.6721875">
<ele>3086.184</ele>
</trkpt>
<trkpt lat="41.5357312" lon="43.6714264">
<ele>3112.326</ele>
</trkpt>
<trkpt lat="41.5360396" lon="43.6707342">
<ele>3155.004</ele>
</trkpt>
<trkpt lat="41.5355772" lon="43.6701954">
<ele>3190.828</ele>
</trkpt>
<trkpt lat="41.5349777" lon="43.6700102">
<ele>3197.163</ele>
</trkpt>
<trkpt lat="41.5343772" lon="43.6701049">
<ele>3217.143</ele>
</trkpt>
<trkpt lat="41.5337879" lon="43.6704033">
<ele>3244.708</ele>
</trkpt>
<trkpt lat="41.5331998" lon="43.6706484">
<ele>3271.088</ele>
</trkpt>
<trkpt lat="41.5326611" lon="43.6710674">
<ele>3267.94</ele>
</trkpt>
<trkpt lat="41.532341" lon="43.6717731">
<ele>3261.103</ele>
</trkpt>
<trkpt lat="41.5322056" lon="43.6719685">
<ele>3259.025</ele>
</trkpt>
<trkpt lat="41.5320198" lon="43.672794">
<ele>3254.325</ele>
</trkpt>
<trkpt lat="41.5316743" lon="43.6734642">
<ele>3245.203</ele>
</trkpt>
<trkpt lat="41.5312926" lon="43.6741108">
<ele>3236.546</ele>
</trkpt>
<trkpt lat="41.5309234" lon="43.6747937">
<ele>3230.16</ele>
</trkpt>
<trkpt lat="41.5306874" lon="43.6756147">
<ele>3214.873</ele>
</trkpt>
<trkpt lat="41.5304648" lon="43.676427">
<ele>3193.246</ele>
</trkpt>
<trkpt lat="41.530156" lon="43.6771725">
<ele>3174.693</ele>
</trkpt>
<trkpt lat="41.5297502" lon="43.6778266">
<ele>3170.548</ele>
</trkpt>
<trkpt lat="41.529283" lon="43.6783368">
<ele>3157.702</ele>
</trkpt>
<trkpt lat="41.5287798" lon="43.6788689">
<ele>3135.118</ele>
</trkpt>
<trkpt lat="41.5283129" lon="43.6794084">
<ele>3112.456</ele>
</trkpt>
<trkpt lat="41.527858" lon="43.6799492">
<ele>3100.232</ele>
</trkpt>
<trkpt lat="41.527661" lon="43.6800055">
<ele>3098.131</ele>
</trkpt>
<trkpt lat="41.5264306" lon="43.6796239">
<ele>3080.6</ele>
</trkpt>
<trkpt lat="41.5252323" lon="43.6793744">
<ele>3061.114</ele>
</trkpt>
<trkpt lat="41.5240321" lon="43.6791553">
<ele>3052.567</ele>
</trkpt>
<trkpt lat="41.5228864" lon="43.6785148">
<ele>3046.356</ele>
</trkpt>
<trkpt lat="41.5218854" lon="43.6775571">
<ele>3041.357</ele>
</trkpt>
<trkpt lat="41.5210091" lon="43.6763906">
<ele>3010.958</ele>
</trkpt>
<trkpt lat="41.5200823" lon="43.6753423">
<ele>2974.387</ele>
</trkpt>
<trkpt lat="41.5191073" lon="43.6743403">
<ele>2948.962</ele>
</trkpt>
<trkpt lat="41.5179843" lon="43.6735938">
<ele>2917.232</ele>
</trkpt>
<trkpt lat="41.5167868" lon="43.6731933">
<ele>2896.803</ele>
</trkpt>
<trkpt lat="41.5155633" lon="43.6730346">
<ele>2877.822</ele>
</trkpt>
<trkpt lat="41.5143613" lon="43.6729058">
<ele>2857.296</ele>
</trkpt>
<trkpt lat="41.5131382" lon="43.6730489">
<ele>2846.57</ele>
</trkpt>
<trkpt lat="41.511938" lon="43.6732821">
<ele>2837.276</ele>
</trkpt>
<trkpt lat="41.5107141" lon="43.6731994">
<ele>2817.68</ele>
</trkpt>
<trkpt lat="41.5094645" lon="43.6732206">
<ele>2795.477</ele>
</trkpt>
<trkpt lat="41.5082415" lon="43.6733484">
<ele>2774.439</ele>
</trkpt>
<trkpt lat="41.5070193" lon="43.6732498">
<ele>2757.69</ele>
</trkpt>
<trkpt lat="41.5057236" lon="43.6732715">
<ele>2688.57</ele>
</trkpt>
<trkpt lat="41.5044738" lon="43.673158">
<ele>2628.767</ele>
</trkpt>
<trkpt lat="41.5032752" lon="43.672803">
<ele>2596.254</ele>
</trkpt>
<trkpt lat="41.5029572" lon="43.6725139">
<ele>2592.218</ele>
</trkpt>
<trkpt lat="41.501721" lon="43.6724454">
<ele>2584.333</ele>
</trkpt>
<trkpt lat="41.5004968" lon="43.6724525">
<ele>2595.87</ele>
</trkpt>
<trkpt lat="41.4992422" lon="43.6722321">
<ele>2612.708</ele>
</trkpt>
<trkpt lat="41.4979966" lon="43.6720433">
<ele>2596.583</ele>
</trkpt>
<trkpt lat="41.496799" lon="43.6717644">
<ele>2581.923</ele>
</trkpt>
<trkpt lat="41.4956506" lon="43.6712275">
<ele>2563.93</ele>
</trkpt>
<trkpt lat="41.4945024" lon="43.6705411">
<ele>2562.0</ele>
</trkpt>
<trkpt lat="41.493379" lon="43.6698702">
<ele>2565.0</ele>
</trkpt>
<trkpt lat="41.4922559" lon="43.6692142">
<ele>2566.616</ele>
</trkpt>
<trkpt lat="41.4911051" lon="43.6687088">
<ele>2567.845</ele>
</trkpt>
<trkpt lat="41.4899055" lon="43.6690034">
<ele>2568.165</ele>
</trkpt>
<trkpt lat="41.4898331" lon="43.6690029">
<ele>2568.422</ele>
</trkpt>
<trkseg>
<trkpt lat="41.4877346" lon="43.6671775">
<ele>2569.411</ele>
</trkpt>
<trkpt lat="41.4853352" lon="43.6666486">
<ele>2587.144</ele>
</trkpt>
<trkpt lat="41.4829392" lon="43.6657573">
<ele>2616.974</ele>
</trkpt>
<trkpt lat="41.4805351" lon="43.6666768">
<ele>2690.151</ele>
</trkpt>
<trkpt lat="41.4783231" lon="43.6679915">
<ele>2687.806</ele>
</trkpt>
<trkpt lat="41.4760653" lon="43.6691537">
<ele>2717.017</ele>
</trkpt>
<trkpt lat="41.4736141" lon="43.6693473">
<ele>2705.301</ele>
</trkpt>
<trkpt lat="41.4711162" lon="43.6692102">
<ele>2726.819</ele>
</trkpt>
<trkpt lat="41.4686179" lon="43.6693145">
<ele>2757.042</ele>
</trkpt>
<trkpt lat="41.4661665" lon="43.6694795">
<ele>2786.528</ele>
</trkpt>
<trkpt lat="41.4638628" lon="43.6705215">
<ele>2809.866</ele>
</trkpt>
<trkpt lat="41.4615113" lon="43.6705344">
<ele>2821.635</ele>
</trkpt>
<trkpt lat="41.4591051" lon="43.6699721">
<ele>2820.179</ele>
</trkpt>
<trkpt lat="41.4567025" lon="43.6695342">
<ele>2818.581</ele>
</trkpt>
<trkpt lat="41.4553248" lon="43.6693704">
<ele>2865.51</ele>
</trkpt>
<trkpt lat="41.4543233" lon="43.6683673">
<ele>2926.296</ele>
</trkpt>
<trkpt lat="41.4532721" lon="43.6675454">
<ele>2931.621</ele>
</trkpt>
<trkpt lat="41.4521478" lon="43.666813">
<ele>2901.752</ele>
</trkpt>
<trkpt lat="41.4509482" lon="43.6663523">
<ele>2891.013</ele>
</trkpt>
<trkpt lat="41.4497493" lon="43.6659369">
<ele>2871.486</ele>
</trkpt>
<trkpt lat="41.44855" lon="43.6656124">
<ele>2872.431</ele>
</trkpt>
<trkpt lat="41.4473757" lon="43.6651824">
<ele>2869.584</ele>
</trkpt>
<trkpt lat="41.446226" lon="43.6645866">
<ele>2869.188</ele>
</trkpt>
<trkpt lat="41.4450769" lon="43.6639758">
<ele>2860.759</ele>
</trkpt>
<trkpt lat="41.4439759" lon="43.6632894">
<ele>2858.158</ele>
</trkpt>
<trkpt lat="41.4428766" lon="43.6624973">
<ele>2854.686</ele>
</trkpt>
<trkpt lat="41.4419245" lon="43.6614206">
<ele>2894.627</ele>
</trkpt>
<trkpt lat="41.4411206" lon="43.6601791">
<ele>2958.724</ele>
</trkpt>
<trkpt lat="41.4403641" lon="43.658873">
<ele>3021.079</ele>
</trkpt>
<trkpt lat="41.4395596" lon="43.6576451">
<ele>3088.218</ele>
</trkpt>
<trkpt lat="41.4390728" lon="43.6569043">
<ele>3121.111</ele>
</trkpt>
<trkpt lat="41.4380957" lon="43.6557947">
<ele>3163.519</ele>
</trkpt>
<trkpt lat="41.4369953" lon="43.6549723">
<ele>3195.444</ele>
</trkpt>
<trkpt lat="41.4362398" lon="43.6537001">
<ele>3248.994</ele>
</trkpt>
<trkpt lat="41.4356809" lon="43.6522475">
<ele>3235.584</ele>
</trkpt>
<trkpt lat="41.4359563" lon="43.6506654">
<ele>3238.528</ele>
</trkpt>
<trkpt lat="41.4362564" lon="43.6490369">
<ele>3251.2</ele>
</trkpt>
<trkpt lat="41.4366053" lon="43.6474704">
<ele>3257.578</ele>
</trkpt>
<trkpt lat="41.436841" lon="43.6466945">
<ele>3282.345</ele>
</trkpt>
<trkpt lat="41.436062" lon="43.6454231">
<ele>3265.488</ele>
</trkpt>
<trkpt lat="41.4350628" lon="43.6443464">
<ele>3200.156</ele>
</trkpt>
<trkpt lat="41.4340596" lon="43.6434488">
<ele>3138.2</ele>
</trkpt>
<trkpt lat="41.4333784" lon="43.6420114">
<ele>3087.572</ele>
</trkpt>
<trkpt lat="41.433604" lon="43.6404294">
<ele>3028.079</ele>
</trkpt>
<trkpt lat="41.433953" lon="43.6389661">
<ele>2961.828</ele>
</trkpt>
<trkpt lat="41.4339584" lon="43.6372713">
<ele>2909.811</ele>
</trkpt>
<trkpt lat="41.4341356" lon="43.6356277">
<ele>2875.287</ele>
</trkpt>
<trkpt lat="41.43446" lon="43.6340304">
<ele>2826.96</ele>
</trkpt>
<trkpt lat="41.4346868" lon="43.6323574">
<ele>2766.94</ele>
</trkpt>
<trkpt lat="41.4346933" lon="43.6307119">
<ele>2718.223</ele>
</trkpt>
<trkpt lat="41.4346749" lon="43.6290383">
<ele>2671.551</ele>
</trkpt>
<trkpt lat="41.4344361" lon="43.6274374">
<ele>2642.708</ele>
</trkpt>
<trkpt lat="41.4341235" lon="43.6258202">
<ele>2598.786</ele>
</trkpt>
<trkpt lat="41.4340065" lon="43.6242043">
<ele>2555.281</ele>
</trkpt>
<trkpt lat="41.433982" lon="43.6242039">
<ele>2555.527</ele>
</trkpt>
<trkpt lat="41.4335956" lon="43.6225849">
<ele>2538.008</ele>
</trkpt>
<trkpt lat="41.4332341" lon="43.6209995">
<ele>2504.729</ele>
</trkpt>
<trkpt lat="41.4328725" lon="43.6193525">
<ele>2469.291</ele>
</trkpt>
<trkpt lat="41.4322162" lon="43.6179904">
<ele>2451.889</ele>
</trkpt>
<trkpt lat="41.4315346" lon="43.6165511">
<ele>2413.526</ele>
</trkpt>
<trkpt lat="41.4307049" lon="43.6154734">
<ele>2377.11</ele>
</trkpt>
<trkpt lat="41.4291435" lon="43.6130157">
<ele>2321.416</ele>
</trkpt>
<trkpt lat="41.4285384" lon="43.6115085">
<ele>2302.599</ele>
</trkpt>
<trkpt lat="41.427957" lon="43.6099272">
<ele>2267.625</ele>
</trkpt>
<trkpt lat="41.4278629" lon="43.6082451">
<ele>2252.994</ele>
</trkpt>
<trkpt lat="41.4278934" lon="43.6066156">
<ele>2240.466</ele>
</trkpt>
<trkpt lat="41.4280949" lon="43.6049736">
<ele>2215.478</ele>
</trkpt>
<trkpt lat="41.4282722" lon="43.6033165">
<ele>2191.211</ele>
</trkpt>
<trkpt lat="41.4285472" lon="43.6017081">
<ele>2169.01</ele>
</trkpt>
<trkpt lat="41.428576" lon="43.601583">
<ele>2166.62</ele>
</trkpt>
<trkpt lat="41.4288758" lon="43.5998927">
<ele>2141.484</ele>
</trkpt>
<trkpt lat="41.4292267" lon="43.5982423">
<ele>2117.912</ele>
</trkpt>
<trkpt lat="41.4297216" lon="43.596709">
<ele>2096.458</ele>
</trkpt>
<trkpt lat="41.430316" lon="43.5952466">
<ele>2080.51</ele>
</trkpt>
<trkpt lat="41.4309837" lon="43.5938629">
<ele>2064.924</ele>
</trkpt>
<trkpt lat="41.431406" lon="43.5923228">
<ele>2046.956</ele>
</trkpt>
<trkpt lat="41.4316571" lon="43.590695">
<ele>2031.506</ele>
</trkpt>
<trkpt lat="41.4316096" lon="43.5903045">
<ele>2028.007</ele>
</trkpt>
<trkpt lat="41.4317871" lon="43.5886912">
<ele>2017.143</ele>
</trkpt>
<trkpt lat="41.4322581" lon="43.5871546">
<ele>2002.43</ele>
</trkpt>
<trkpt lat="41.4328756" lon="43.5857557">
<ele>2003.533</ele>
</trkpt>
<trkpt lat="41.4330293" lon="43.5841426">
<ele>2010.803</ele>
</trkpt>
<trkpt lat="41.4326434" lon="43.5825707">
<ele>2011.875</ele>
</trkpt>
<trkpt lat="41.4319867" lon="43.5811479">
<ele>2005.271</ele>
</trkpt>
<trkpt lat="41.4317222" lon="43.5795769">
<ele>2013.917</ele>
</trkpt>
<trkpt lat="41.4328032" lon="43.5787391">
<ele>2021.238</ele>
</trkpt>
<trkpt lat="41.4338836" lon="43.5777965">
<ele>2029.905</ele>
</trkpt>
<trkpt lat="41.4349666" lon="43.5769578">
<ele>2018.427</ele>
</trkpt>
<trkpt lat="41.4360711" lon="43.5762714">
<ele>2019.215</ele>
</trkpt>
<trkpt lat="41.4364657" lon="43.5760164">
<ele>2021.701</ele>
</trkpt>
<trkpt lat="41.4376705" lon="43.5754947">
<ele>2033.781</ele>
</trkpt>
<trkpt lat="41.438821" lon="43.5746734">
<ele>2025.0</ele>
</trkpt>
<trkpt lat="41.439925" lon="43.5739733">
<ele>2013.456</ele>
</trkpt>
<trkpt lat="41.44086" lon="43.5729521">
<ele>2006.145</ele>
</trkpt>
<trkpt lat="41.4417231" lon="43.5717953">
<ele>2003.0</ele>
</trkpt>
<trkpt lat="41.4427563" lon="43.570745">
<ele>2001.395</ele>
</trkpt>
<trkpt lat="41.4437872" lon="43.5698948">
<ele>2004.015</ele>
</trkpt>
<trkpt lat="41.4448197" lon="43.5689806">
<ele>1992.895</ele>
</trkpt>
<trkpt lat="41.4452321" lon="43.5686998">
<ele>1991.07</ele>
</trkpt>
<trkpt lat="41.4462919" lon="43.5678747">
<ele>1979.349</ele>
</trkpt>
<trkpt lat="41.4474214" lon="43.5671424">
<ele>1971.935</ele>
</trkpt>
<trkpt lat="41.4484292" lon="43.566169">
<ele>1965.238</ele>
</trkpt>
<trkpt lat="41.4495353" lon="43.5654358">
<ele>1954.535</ele>
</trkpt>
<trkpt lat="41.4506893" lon="43.5646894">
<ele>1950.18</ele>
</trkpt>
<trkpt lat="41.4519405" lon="43.5641541">
<ele>1949.956</ele>
</trkpt>
<trkpt lat="41.4531184" lon="43.5637241">
<ele>1947.541</ele>
</trkpt>
<trkpt lat="41.4542961" lon="43.5631293">
<ele>1947.074</ele>
</trkpt>
<trkpt lat="41.4554734" lon="43.5626534">
<ele>1956.409</ele>
</trkpt>
<trkpt lat="41.4567008" lon="43.562254">
<ele>1951.777</ele>
</trkpt>
<trkpt lat="41.4579037" lon="43.5615832">
<ele>1942.847</ele>
</trkpt>
<trkpt lat="41.4590319" lon="43.5609722">
<ele>1938.53</ele>
</trkpt>
<trkpt lat="41.4601862" lon="43.5602406">
<ele>1936.016</ele>
</trkpt>
<trkseg>
<trkpt lat="41.663247" lon="42.603187">
<ele>1493.625</ele>
</trkpt>
<trkpt lat="41.6644333" lon="42.6026827">
<ele>1510.315</ele>
</trkpt>
<trkpt lat="41.6655037" lon="42.6019444">
<ele>1523.44</ele>
</trkpt>
<trkpt lat="41.6664793" lon="42.6009176">
<ele>1559.156</ele>
</trkpt>
<trkpt lat="41.6668935" lon="42.5993988">
<ele>1569.408</ele>
</trkpt>
<trkpt lat="41.6674541" lon="42.5979187">
<ele>1579.243</ele>
</trkpt>
<trkpt lat="41.6681661" lon="42.5966156">
<ele>1588.466</ele>
</trkpt>
<trkpt lat="41.6690696" lon="42.5953786">
<ele>1622.855</ele>
</trkpt>
<trkpt lat="41.6699252" lon="42.5941704">
<ele>1645.055</ele>
</trkpt>
<trkpt lat="41.6704598" lon="42.5936322">
<ele>1659.026</ele>
</trkpt>
<trkpt lat="41.6717324" lon="42.5933608">
<ele>1684.627</ele>
</trkpt>
<trkpt lat="41.6726129" lon="42.5922594">
<ele>1709.953</ele>
</trkpt>
<trkpt lat="41.673101" lon="42.5907063">
<ele>1724.915</ele>
</trkpt>
<trkpt lat="41.6738094" lon="42.5893941">
<ele>1731.751</ele>
</trkpt>
<trkpt lat="41.6743952" lon="42.5879301">
<ele>1747.257</ele>
</trkpt>
<trkpt lat="41.6751034" lon="42.5865869">
<ele>1752.2</ele>
</trkpt>
<trkpt lat="41.6759584" lon="42.5854092">
<ele>1765.892</ele>
</trkpt>
<trkpt lat="41.6768634" lon="42.5842455">
<ele>1786.616</ele>
</trkpt>
<trkpt lat="41.6775958" lon="42.5829174">
<ele>1790.907</ele>
</trkpt>
<trkpt lat="41.6783024" lon="42.5816065">
<ele>1797.761</ele>
</trkpt>
<trkpt lat="41.678328" lon="42.581607">
<ele>1797.664</ele>
</trkpt>
<trkpt lat="41.6781327" lon="42.5799899">
<ele>1831.831</ele>
</trkpt>
<trkpt lat="41.6773738" lon="42.5787196">
<ele>1841.615</ele>
</trkpt>
<trkpt lat="41.6766927" lon="42.5773504">
<ele>1857.837</ele>
</trkpt>
<trkpt lat="41.6763267" lon="42.5757673">
<ele>1883.58</ele>
</trkpt>
<trkpt lat="41.6767648" lon="42.5742566">
<ele>1905.119</ele>
</trkpt>
<trkpt lat="41.6770584" lon="42.573879">
<ele>1912.496</ele>
</trkpt>
<trkpt lat="41.6770096" lon="42.5721567">
<ele>1929.119</ele>
</trkpt>
<trkpt lat="41.6770096" lon="42.5704663">
<ele>1934.902</ele>
</trkpt>
<trkpt lat="41.6770828" lon="42.5688069">
<ele>1955.185</ele>
</trkpt>
<trkpt lat="41.6769368" lon="42.5671171">
<ele>1973.729</ele>
</trkpt>
<trkpt lat="41.676473" lon="42.5655483">
<ele>1995.397</ele>
</trkpt>
<trkpt lat="41.676226" lon="42.5621628">
<ele>2019.502</ele>
</trkpt>
<trkpt lat="41.6757383" lon="42.5589142">
<ele>2008.969</ele>
</trkpt>
<trkpt lat="41.6752033" lon="42.5557471">
<ele>2011.31</ele>
</trkpt>
<trkpt lat="41.6738831" lon="42.5529717">
<ele>2047.497</ele>
</trkpt>
<trkpt lat="41.6733981" lon="42.5498025">
<ele>2071.677</ele>
</trkpt>
<trkpt lat="41.6738346" lon="42.5465792">
<ele>2094.058</ele>
</trkpt>
<trkpt lat="41.6740794" lon="42.5433203">
<ele>2111.173</ele>
</trkpt>
<trkpt lat="41.6740802" lon="42.5427446">
<ele>2120.56</ele>
</trkpt>
<trkpt lat="41.6736856" lon="42.5394393">
<ele>2170.793</ele>
</trkpt>
<trkpt lat="41.6728556" lon="42.5363591">
<ele>2242.68</ele>
</trkpt>
<trkpt lat="41.6718839" lon="42.5330588">
<ele>2273.64</ele>
</trkpt>
<trkpt lat="41.6716363" lon="42.5298499">
<ele>2318.052</ele>
</trkpt>
<trkpt lat="41.6716852" lon="42.5265903">
<ele>2361.643</ele>
</trkpt>
<trkpt lat="41.672027" lon="42.5233613">
<ele>2398.502</ele>
</trkpt>
<trkpt lat="41.6718317" lon="42.5201333">
<ele>2415.064</ele>
</trkpt>
<trkpt lat="41.671148" lon="42.5170239">
<ele>2454.486</ele>
</trkpt>
<trkpt lat="41.6701217" lon="42.5161481">
<ele>2454.925</ele>
</trkpt>
<trkpt lat="41.6689498" lon="42.515665">
<ele>2447.406</ele>
</trkpt>
<trkpt lat="41.6677774" lon="42.5152275">
<ele>2450.001</ele>
</trkpt>
<trkpt lat="41.6666553" lon="42.5145193">
<ele>2443.66</ele>
</trkpt>
<trkpt lat="41.6658967" lon="42.5131425">
<ele>2428.539</ele>
</trkpt>
<trkpt lat="41.6652357" lon="42.5117365">
<ele>2419.081</ele>
</trkpt>
<trkpt lat="41.6646256" lon="42.51032">
<ele>2377.027</ele>
</trkpt>
<trkpt lat="41.6645272" lon="42.5086593">
<ele>2315.279</ele>
</trkpt>
<trkpt lat="41.6644783" lon="42.5070299">
<ele>2259.273</ele>
</trkpt>
<trkpt lat="41.664308" lon="42.5053852">
<ele>2206.2</ele>
</trkpt>
<trkpt lat="41.6641609" lon="42.5049463">
<ele>2186.477</ele>
</trkpt>
<trkpt lat="41.6632966" lon="42.5036436">
<ele>2131.01</ele>
</trkpt>
<trkpt lat="41.6625097" lon="42.5023247">
<ele>2098.915</ele>
</trkpt>
<trkpt lat="41.6618259" lon="42.5008905">
<ele>2077.562</ele>
</trkpt>
<trkpt lat="41.6616051" lon="42.4992913">
<ele>2061.054</ele>
</trkpt>
<trkpt lat="41.6613609" lon="42.4976154">
<ele>2045.983</ele>
</trkpt>
<trkpt lat="41.6614825" lon="42.4959561">
<ele>1999.021</ele>
</trkpt>
<trkpt lat="41.6619958" lon="42.4944914">
<ele>1947.832</ele>
</trkpt>
<trkpt lat="41.6621435" lon="42.4928336">
<ele>1917.136</ele>
</trkpt>
<trkpt lat="41.6619959" lon="42.4926205">
<ele>1911.391</ele>
</trkpt>
<trkpt lat="41.6611156" lon="42.4914427">
<ele>1898.948</ele>
</trkpt>
<trkpt lat="41.6601367" lon="42.4905047">
<ele>1872.149</ele>
</trkpt>
<trkpt lat="41.6593053" lon="42.4893421">
<ele>1838.671</ele>
</trkpt>
<trkpt lat="41.6588175" lon="42.4878344">
<ele>1819.613</ele>
</trkpt>
<trkpt lat="41.6586214" lon="42.4869123">
<ele>1816.014</ele>
</trkpt>
<trkpt lat="41.6583288" lon="42.485252">
<ele>1796.446</ele>
</trkpt>
<trkpt lat="41.6577922" lon="42.4837736">
<ele>1749.539</ele>
</trkpt>
<trkpt lat="41.6579861" lon="42.4821735">
<ele>1720.435</ele>
</trkpt>
<trkpt lat="41.6584011" lon="42.4806496">
<ele>1698.12</ele>
</trkpt>
<trkpt lat="41.6586214" lon="42.4790649">
<ele>1688.25</ele>
</trkpt>
<trkpt lat="41.6581584" lon="42.4775265">
<ele>1643.784</ele>
</trkpt>
<trkpt lat="41.6577666" lon="42.4763937">
<ele>1626.425</ele>
</trkpt>
<trkpt lat="41.6575702" lon="42.474786">
<ele>1614.382</ele>
</trkpt>
<trkpt lat="41.6574247" lon="42.4731114">
<ele>1620.881</ele>
</trkpt>
<trkpt lat="41.6573989" lon="42.4714993">
<ele>1600.274</ele>
</trkpt>
<trkpt lat="41.6562015" lon="42.4710765">
<ele>1581.499</ele>
</trkpt>
<trkpt lat="41.6550788" lon="42.4704735">
<ele>1570.911</ele>
</trkpt>
<trkpt lat="41.6538324" lon="42.4703384">
<ele>1571.67</ele>
</trkpt>
<trkpt lat="41.6526365" lon="42.4700511">
<ele>1556.336</ele>
</trkpt>
<trkpt lat="41.6514397" lon="42.4698254">
<ele>1555.693</ele>
</trkpt>
<trkpt lat="41.6502202" lon="42.4695694">
<ele>1556.013</ele>
</trkpt>
<trkpt lat="41.6492424" lon="42.46889">
<ele>1552.475</ele>
</trkpt>
<trkseg>
<extensions>
    <type>walk</type>
</extensions>
<trkpt lat="41.6492445" lon="42.4688905">
<ele>1552.25</ele>
</trkpt>
<trkpt lat="41.6491755" lon="42.4691565">
<ele>1554.75</ele>
</trkpt>
<trkpt lat="41.6494225" lon="42.4695375">
<ele>1558.5</ele>
</trkpt>
<trkpt lat="41.6496955" lon="42.4697975">
<ele>1564.25</ele>
</trkpt>
<trkpt lat="41.6500835" lon="42.4699365">
<ele>1570.0</ele>
</trkpt>
<trkpt lat="41.6504865" lon="42.4700505">
<ele>1572.75</ele>
</trkpt>
<trkpt lat="41.6513175" lon="42.4701495">
<ele>1572.25</ele>
</trkpt>
<trkpt lat="41.6516955" lon="42.4701635">
<ele>1569.75</ele>
</trkpt>
<trkpt lat="41.6520285" lon="42.4702895">
<ele>1571.25</ele>
</trkpt>
<trkpt lat="41.6522425" lon="42.4704365">
<ele>1573.5</ele>
</trkpt>
<trkpt lat="41.6524465" lon="42.4706895">
<ele>1577.75</ele>
</trkpt>
<trkpt lat="41.6526565" lon="42.4708655">
<ele>1581.5</ele>
</trkpt>
<trkpt lat="41.6529185" lon="42.4709955">
<ele>1584.25</ele>
</trkpt>
<trkpt lat="41.6532175" lon="42.4709685">
<ele>1582.75</ele>
</trkpt>
<trkpt lat="41.6535105" lon="42.4708755">
<ele>1582.5</ele>
</trkpt>
<trkpt lat="41.6537245" lon="42.4708225">
<ele>1584.25</ele>
</trkpt>
<trkpt lat="41.6540525" lon="42.4708225">
<ele>1589.0</ele>
</trkpt>
<trkpt lat="41.6546795" lon="42.4707825">
<ele>1583.25</ele>
</trkpt>
<trkpt lat="41.6550525" lon="42.4708425">
<ele>1580.75</ele>
</trkpt>
<trkpt lat="41.6553255" lon="42.4709955">
<ele>1584.25</ele>
</trkpt>
<trkpt lat="41.6562145" lon="42.4712685">
<ele>1593.75</ele>
</trkpt>
<trkpt lat="41.6570995" lon="42.4714075">
<ele>1599.25</ele>
</trkpt>
<trkpt lat="41.6573845" lon="42.4713915">
<ele>1596.5</ele>
</trkpt>
<trkpt lat="41.6575755" lon="42.4714935">
<ele>1596.25</ele>
</trkpt>
<trkpt lat="41.6576985" lon="42.4717515">
<ele>1598.5</ele>
</trkpt>
<trkpt lat="41.6577955" lon="42.4721095">
<ele>1599.75</ele>
</trkpt>
<trkpt lat="41.6578425" lon="42.4725125">
<ele>1603.0</ele>
</trkpt>
<trkpt lat="41.6577075" lon="42.4733165">
<ele>1608.5</ele>
</trkpt>
<trkpt lat="41.6576695" lon="42.4742125">
<ele>1614.25</ele>
</trkpt>
<trkpt lat="41.6576095" lon="42.4746695">
<ele>1615.0</ele>
</trkpt>
<trkpt lat="41.6576325" lon="42.4751465">
<ele>1615.5</ele>
</trkpt>
<trkpt lat="41.6577155" lon="42.4755215">
<ele>1618.5</ele>
</trkpt>
<trkpt lat="41.6577945" lon="42.4757335">
<ele>1619.75</ele>
</trkpt>
<trkpt lat="41.6579075" lon="42.4758135">
<ele>1619.25</ele>
</trkpt>
<trkpt lat="41.6580995" lon="42.4757795">
<ele>1616.25</ele>
</trkpt>
<trkpt lat="41.6582675" lon="42.4756835">
<ele>1612.75</ele>
</trkpt>
<trkpt lat="41.6584635" lon="42.4754775">
<ele>1611.25</ele>
</trkpt>
<trkpt lat="41.6585605" lon="42.4753755">
<ele>1611.25</ele>
</trkpt>
<trkpt lat="41.6587555" lon="42.4752865">
<ele>1612.5</ele>
</trkpt>
<trkpt lat="41.6591755" lon="42.4749335">
<ele>1612.25</ele>
</trkpt>
<trkpt lat="41.6594425" lon="42.4748975">
<ele>1616.75</ele>
</trkpt>
<trkpt lat="41.6596945" lon="42.4748125">
<ele>1620.25</ele>
</trkpt>
<trkpt lat="41.6598455" lon="42.4748055">
<ele>1623.0</ele>
</trkpt>
<trkpt lat="41.6599965" lon="42.4748925">
<ele>1626.75</ele>
</trkpt>
<trkpt lat="41.6600805" lon="42.4751555">
<ele>1633.0</ele>
</trkpt>
<trkpt lat="41.6601815" lon="42.4752525">
<ele>1637.5</ele>
</trkpt>
<trkpt lat="41.6603545" lon="42.4752685">
<ele>1642.75</ele>
</trkpt>
<trkpt lat="41.6604675" lon="42.4752685">
<ele>1645.75</ele>
</trkpt>
<trkpt lat="41.6605565" lon="42.4752275">
<ele>1647.75</ele>
</trkpt>
<trkpt lat="41.6606095" lon="42.4751165">
<ele>1647.75</ele>
</trkpt>
<trkpt lat="41.6606265" lon="42.4747265">
<ele>1644.25</ele>
</trkpt>
<trkpt lat="41.6606055" lon="42.4743305">
<ele>1640.0</ele>
</trkpt>
<trkpt lat="41.6604915" lon="42.4729535">
<ele>1633.5</ele>
</trkpt>
<trkpt lat="41.6605335" lon="42.4727425">
<ele>1634.5</ele>
</trkpt>
<trkpt lat="41.6606485" lon="42.4727155">
<ele>1638.0</ele>
</trkpt>
<trkpt lat="41.6607895" lon="42.4727785">
<ele>1642.5</ele>
</trkpt>
<trkpt lat="41.6611645" lon="42.4735905">
<ele>1652.5</ele>
</trkpt>
<trkpt lat="41.6613245" lon="42.4737455">
<ele>1656.75</ele>
</trkpt>
<trkpt lat="41.6617775" lon="42.4738045">
<ele>1668.0</ele>
</trkpt>
<trkpt lat="41.6618985" lon="42.4737845">
<ele>1671.0</ele>
</trkpt>
<trkpt lat="41.6620405" lon="42.4736785">
<ele>1672.75</ele>
</trkpt>
<trkpt lat="41.6622285" lon="42.4734505">
<ele>1673.25</ele>
</trkpt>
<trkpt lat="41.6623185" lon="42.4732565">
<ele>1671.5</ele>
</trkpt>
<trkpt lat="41.6624625" lon="42.4730265">
<ele>1670.25</ele>
</trkpt>
<trkpt lat="41.6626935" lon="42.4729205">
<ele>1671.25</ele>
</trkpt>
<trkpt lat="41.6630315" lon="42.4729355">
<ele>1675.75</ele>
</trkpt>
<trkpt lat="41.6635215" lon="42.4729985">
<ele>1680.5</ele>
</trkpt>
<trkpt lat="41.6641345" lon="42.4733745">
<ele>1684.25</ele>
</trkpt>
<trkpt lat="41.6643115" lon="42.4735065">
<ele>1687.5</ele>
</trkpt>
<trkpt lat="41.6646465" lon="42.4740225">
<ele>1698.5</ele>
</trkpt>
<trkpt lat="41.6648695" lon="42.4741575">
<ele>1698.5</ele>
</trkpt>
<trkpt lat="41.6652095" lon="42.4742345">
<ele>1699.5</ele>
</trkpt>
<trkpt lat="41.6654705" lon="42.4741375">
<ele>1692.0</ele>
</trkpt>
<trkpt lat="41.6656335" lon="42.4740005">
<ele>1688.5</ele>
</trkpt>
<trkpt lat="41.6658255" lon="42.4739195">
<ele>1686.0</ele>
</trkpt>
<trkpt lat="41.6661805" lon="42.4738695">
<ele>1685.0</ele>
</trkpt>
<trkpt lat="41.6664615" lon="42.4738435">
<ele>1684.0</ele>
</trkpt>
<trkpt lat="41.6667695" lon="42.4739325">
<ele>1685.25</ele>
</trkpt>
<trkpt lat="41.6669075" lon="42.4740765">
<ele>1687.75</ele>
</trkpt>
<trkpt lat="41.6670745" lon="42.4742325">
<ele>1690.5</ele>
</trkpt>
<trkpt lat="41.6672435" lon="42.4743215">
<ele>1691.25</ele>
</trkpt>
<trkpt lat="41.6673555" lon="42.4742505">
<ele>1687.25</ele>
</trkpt>
<trkpt lat="41.6674355" lon="42.4740425">
<ele>1681.25</ele>
</trkpt>
<trkpt lat="41.6675935" lon="42.4737785">
<ele>1676.25</ele>
</trkpt>
<trkpt lat="41.6677895" lon="42.4735815">
<ele>1673.5</ele>
</trkpt>
<trkpt lat="41.6678815" lon="42.4734725">
<ele>1672.0</ele>
</trkpt>
<trkpt lat="41.6678995" lon="42.4733855">
<ele>1670.75</ele>
</trkpt>
<trkpt lat="41.6678995" lon="42.4731205">
<ele>1670.0</ele>
</trkpt>
<trkpt lat="41.6679105" lon="42.4728205">
<ele>1670.25</ele>
</trkpt>
<trkpt lat="41.6679515" lon="42.4726205">
<ele>1670.5</ele>
</trkpt>
<trkpt lat="41.6681045" lon="42.4723875">
<ele>1672.5</ele>
</trkpt>
<trkpt lat="41.6681615" lon="42.4722255">
<ele>1674.25</ele>
</trkpt>
<trkpt lat="41.6682195" lon="42.4723355">
<ele>1674.0</ele>
</trkpt>
<trkpt lat="41.6683125" lon="42.4723965">
<ele>1674.5</ele>
</trkpt>
<trkpt lat="41.6683975" lon="42.4724885">
<ele>1675.25</ele>
</trkpt>
<trkpt lat="41.6683965" lon="42.4726075">
<ele>1675.0</ele>
</trkpt>
<trkpt lat="41.6683005" lon="42.4726845">
<ele>1673.25</ele>
</trkpt>
<trkpt lat="41.6682765" lon="42.4727555">
<ele>1672.75</ele>
</trkpt>
<trkpt lat="41.6682705" lon="42.4728525">
<ele>1672.5</ele>
</trkpt>
<trkpt lat="41.6682985" lon="42.4729485">
<ele>1672.5</ele>
</trkpt>
<trkpt lat="41.6683715" lon="42.4730355">
<ele>1673.25</ele>
</trkpt>
<trkpt lat="41.6684455" lon="42.4730715">
<ele>1674.75</ele>
</trkpt>
<trkpt lat="41.6685575" lon="42.4730915">
<ele>1676.75</ele>
</trkpt>
<trkpt lat="41.6686375" lon="42.4731195">
<ele>1678.25</ele>
</trkpt>
<trkpt lat="41.6687325" lon="42.4731985">
<ele>1680.0</ele>
</trkpt>
<trkpt lat="41.6688315" lon="42.4733305">
<ele>1681.5</ele>
</trkpt>
<trkpt lat="41.6689205" lon="42.4733585">
<ele>1683.25</ele>
</trkpt>
<trkpt lat="41.6690365" lon="42.4733075">
<ele>1685.5</ele>
</trkpt>
<trkpt lat="41.6691275" lon="42.4733025">
<ele>1687.25</ele>
</trkpt>
<trkpt lat="41.6692515" lon="42.4733485">
<ele>1689.75</ele>
</trkpt>
<trkpt lat="41.6693865" lon="42.4734375">
<ele>1693.0</ele>
</trkpt>
<trkpt lat="41.6694875" lon="42.4735675">
<ele>1695.5</ele>
</trkpt>
<trkpt lat="41.6695595" lon="42.4737095">
<ele>1697.25</ele>
</trkpt>
<trkpt lat="41.6697115" lon="42.4739235">
<ele>1701.25</ele>
</trkpt>
<trkpt lat="41.6698045" lon="42.4740715">
<ele>1703.75</ele>
</trkpt>
<trkpt lat="41.6698335" lon="42.4741985">
<ele>1705.25</ele>
</trkpt>
<trkpt lat="41.6698975" lon="42.4742975">
<ele>1708.75</ele>
</trkpt>
<trkpt lat="41.6699965" lon="42.4742745">
<ele>1710.75</ele>
</trkpt>
<trkpt lat="41.6700615" lon="42.4742115">
<ele>1711.75</ele>
</trkpt>
<trkpt lat="41.6701205" lon="42.4741195">
<ele>1712.5</ele>
</trkpt>
<trkpt lat="41.6702005" lon="42.4740505">
<ele>1714.75</ele>
</trkpt>
<trkpt lat="41.6702515" lon="42.4739775">
<ele>1716.0</ele>
</trkpt>
<trkpt lat="41.6702815" lon="42.4738805">
<ele>1716.5</ele>
</trkpt>
<trkpt lat="41.6702935" lon="42.4737655">
<ele>1716.5</ele>
</trkpt>
<trkpt lat="41.6703355" lon="42.4736795">
<ele>1717.25</ele>
</trkpt>
<trkpt lat="41.6703925" lon="42.4736695">
<ele>1718.75</ele>
</trkpt>
<trkpt lat="41.6704915" lon="42.4736995">
<ele>1721.75</ele>
</trkpt>
<trkpt lat="41.6706145" lon="42.4737505">
<ele>1725.5</ele>
</trkpt>
<trkpt lat="41.6707515" lon="42.4737765">
<ele>1729.75</ele>
</trkpt>
<trkpt lat="41.6711455" lon="42.4738295">
<ele>1739.75</ele>
</trkpt>
<trkpt lat="41.6712305" lon="42.4738655">
<ele>1742.0</ele>
</trkpt>
<trkpt lat="41.6713565" lon="42.4738905">
<ele>1745.25</ele>
</trkpt>
<trkpt lat="41.6715595" lon="42.4739085">
<ele>1750.25</ele>
</trkpt>
<trkpt lat="41.6716695" lon="42.4739415">
<ele>1753.25</ele>
</trkpt>
<trkpt lat="41.6719795" lon="42.4741375">
<ele>1762.25</ele>
</trkpt>
<trkpt lat="41.6720345" lon="42.4742415">
<ele>1764.0</ele>
</trkpt>
<trkpt lat="41.6720535" lon="42.4743995">
<ele>1765.0</ele>
</trkpt>
<trkpt lat="41.6720195" lon="42.4744685">
<ele>1764.5</ele>
</trkpt>
<trkpt lat="41.6719795" lon="42.4745885">
<ele>1764.0</ele>
</trkpt>
<trkpt lat="41.6719965" lon="42.4746995">
<ele>1764.75</ele>
</trkpt>
<trkpt lat="41.6720865" lon="42.4747915">
<ele>1767.25</ele>
</trkpt>
<trkpt lat="41.6722705" lon="42.4747995">
<ele>1772.0</ele>
</trkpt>
<trkpt lat="41.6723755" lon="42.4747615">
<ele>1774.25</ele>
</trkpt>
<trkpt lat="41.6724895" lon="42.4746945">
<ele>1776.75</ele>
</trkpt>
<trkpt lat="41.6725785" lon="42.4747155">
<ele>1778.5</ele>
</trkpt>
<trkpt lat="41.6726925" lon="42.4748175">
<ele>1781.0</ele>
</trkpt>
<trkpt lat="41.6727975" lon="42.4749395">
<ele>1783.75</ele>
</trkpt>
<trkpt lat="41.6728395" lon="42.4750585">
<ele>1785.25</ele>
</trkpt>
<trkpt lat="41.6728635" lon="42.4752375">
<ele>1786.5</ele>
</trkpt>
<trkpt lat="41.6729205" lon="42.4754585">
<ele>1788.75</ele>
</trkpt>
<trkpt lat="41.6729985" lon="42.4756135">
<ele>1790.75</ele>
</trkpt>
<trkpt lat="41.6730515" lon="42.4756285">
<ele>1791.5</ele>
</trkpt>
<trkpt lat="41.6730915" lon="42.4755935">
<ele>1792.0</ele>
</trkpt>
<trkpt lat="41.6731105" lon="42.4754275">
<ele>1791.75</ele>
</trkpt>
<trkpt lat="41.6731625" lon="42.4752655">
<ele>1792.0</ele>
</trkpt>
<trkpt lat="41.6732365" lon="42.4751685">
<ele>1792.75</ele>
</trkpt>
<trkpt lat="41.6733165" lon="42.4751585">
<ele>1794.25</ele>
</trkpt>
<trkpt lat="41.6733825" lon="42.4751785">
<ele>1795.5</ele>
</trkpt>
<trkpt lat="41.6734325" lon="42.4752905">
<ele>1796.75</ele>
</trkpt>
<trkpt lat="41.6734605" lon="42.4754995">
<ele>1798.25</ele>
</trkpt>
<trkpt lat="41.6735505" lon="42.4755935">
<ele>1800.5</ele>
</trkpt>
<trkpt lat="41.6737005" lon="42.4756465">
<ele>1804.0</ele>
</trkpt>
<trkpt lat="41.6738425" lon="42.4756675">
<ele>1807.25</ele>
</trkpt>
<trkpt lat="41.6739515" lon="42.4756235">
<ele>1809.25</ele>
</trkpt>
<trkpt lat="41.6740675" lon="42.4755245">
<ele>1811.0</ele>
</trkpt>
<trkpt lat="41.6741505" lon="42.4755145">
<ele>1812.5</ele>
</trkpt>
<trkpt lat="41.6741855" lon="42.4755245">
<ele>1813.25</ele>
</trkpt>
<trkpt lat="41.6742415" lon="42.4756135">
<ele>1815.0</ele>
</trkpt>
<trkpt lat="41.6742915" lon="42.4758605">
<ele>1817.75</ele>
</trkpt>
<trkpt lat="41.6744035" lon="42.4760515">
<ele>1819.0</ele>
</trkpt>
<trkpt lat="41.6745575" lon="42.4761715">
<ele>1820.75</ele>
</trkpt>
<trkpt lat="41.6746485" lon="42.4763365">
<ele>1821.5</ele>
</trkpt>
<trkpt lat="41.6747155" lon="42.4765425">
<ele>1821.5</ele>
</trkpt>
<trkpt lat="41.6749775" lon="42.4767435">
<ele>1824.0</ele>
</trkpt>
<trkpt lat="41.6751885" lon="42.4767895">
<ele>1825.0</ele>
</trkpt>
<trkpt lat="41.6753765" lon="42.4767875">
<ele>1825.5</ele>
</trkpt>
<trkpt lat="41.6756005" lon="42.4766415">
<ele>1826.25</ele>
</trkpt>
<trkpt lat="41.6756875" lon="42.4765245">
<ele>1827.25</ele>
</trkpt>
<trkpt lat="41.6757285" lon="42.4763975">
<ele>1828.25</ele>
</trkpt>
<trkpt lat="41.6757325" lon="42.4762645">
<ele>1829.25</ele>
</trkpt>
<trkpt lat="41.6757235" lon="42.4760575">
<ele>1830.75</ele>
</trkpt>
<trkpt lat="41.6757275" lon="42.4757605">
<ele>1832.25</ele>
</trkpt>
<trkpt lat="41.6757635" lon="42.4756135">
<ele>1832.75</ele>
</trkpt>
<trkpt lat="41.6758225" lon="42.4755895">
<ele>1833.25</ele>
</trkpt>
<trkpt lat="41.6758745" lon="42.4756075">
<ele>1833.75</ele>
</trkpt>
<trkpt lat="41.6759395" lon="42.4756665">
<ele>1834.25</ele>
</trkpt>
<trkpt lat="41.6760465" lon="42.4759805">
<ele>1834.25</ele>
</trkpt>
<trkpt lat="41.6761205" lon="42.4760515">
<ele>1834.75</ele>
</trkpt>
<trkpt lat="41.6761935" lon="42.4760395">
<ele>1835.75</ele>
</trkpt>
<trkpt lat="41.6763025" lon="42.4759485">
<ele>1837.5</ele>
</trkpt>
<trkpt lat="41.6763685" lon="42.4759305">
<ele>1838.25</ele>
</trkpt>
<trkpt lat="41.6764145" lon="42.4759545">
<ele>1838.75</ele>
</trkpt>
<trkpt lat="41.6764345" lon="42.4760275">
<ele>1838.75</ele>
</trkpt>
<trkpt lat="41.6764575" lon="42.4761515">
<ele>1838.5</ele>
</trkpt>
<trkpt lat="41.6765755" lon="42.4762605">
<ele>1839.75</ele>
</trkpt>
<trkpt lat="41.6767495" lon="42.4765325">
<ele>1841.25</ele>
</trkpt>
<trkpt lat="41.6768385" lon="42.4766535">
<ele>1842.25</ele>
</trkpt>
<trkpt lat="41.6769625" lon="42.4767445">
<ele>1844.0</ele>
</trkpt>
<trkpt lat="41.6770795" lon="42.4767925">
<ele>1845.5</ele>
</trkpt>
<trkpt lat="41.6771965" lon="42.4767865">
<ele>1847.0</ele>
</trkpt>
<trkpt lat="41.6774235" lon="42.4767185">
<ele>1850.0</ele>
</trkpt>
<trkpt lat="41.6774945" lon="42.4767185">
<ele>1851.0</ele>
</trkpt>
<trkpt lat="41.6776285" lon="42.4767465">
<ele>1852.0</ele>
</trkpt>
<trkpt lat="41.6777185" lon="42.4767405">
<ele>1852.75</ele>
</trkpt>
<trkpt lat="41.6778375" lon="42.4767045">
<ele>1853.75</ele>
</trkpt>
<trkpt lat="41.6780245" lon="42.4767285">
<ele>1855.25</ele>
</trkpt>
<trkpt lat="41.6780925" lon="42.4767605">
<ele>1856.0</ele>
</trkpt>
<trkpt lat="41.6781815" lon="42.4768345">
<ele>1856.75</ele>
</trkpt>
<trkpt lat="41.6782835" lon="42.4768835">
<ele>1857.5</ele>
</trkpt>
<trkpt lat="41.6783775" lon="42.4769035">
<ele>1858.0</ele>
</trkpt>
<trkpt lat="41.6784465" lon="42.4769375">
<ele>1858.25</ele>
</trkpt>
<trkseg>
<trkpt lat="41.6787155" lon="42.4772255">
<ele>1858.75</ele>
</trkpt>
<trkpt lat="41.6788845" lon="42.4773895">
<ele>1859.25</ele>
</trkpt>
<trkpt lat="41.6790135" lon="42.4774855">
<ele>1859.5</ele>
</trkpt>
<trkpt lat="41.6790965" lon="42.4775125">
<ele>1860.0</ele>
</trkpt>
<trkpt lat="41.6792255" lon="42.4775005">
<ele>1860.25</ele>
</trkpt>
<trkpt lat="41.6795375" lon="42.4774895">
<ele>1862.0</ele>
</trkpt>
<trkpt lat="41.6796935" lon="42.4775145">
<ele>1863.25</ele>
</trkpt>
<trkpt lat="41.6798335" lon="42.4775045">
<ele>1864.0</ele>
</trkpt>
<trkpt lat="41.6799215" lon="42.4775185">
<ele>1864.75</ele>
</trkpt>
<trkpt lat="41.6800135" lon="42.4775545">
<ele>1865.75</ele>
</trkpt>
<trkpt lat="41.6801145" lon="42.4775645">
<ele>1867.0</ele>
</trkpt>
<trkpt lat="41.6801715" lon="42.4775785">
<ele>1867.75</ele>
</trkpt>
<trkpt lat="41.6802705" lon="42.4776325">
<ele>1869.25</ele>
</trkpt>
<trkpt lat="41.6803195" lon="42.4776955">
<ele>1870.25</ele>
</trkpt>
<trkpt lat="41.6804495" lon="42.4779795">
<ele>1874.0</ele>
</trkpt>
<trkpt lat="41.6805345" lon="42.4780385">
<ele>1874.75</ele>
</trkpt>
<trkpt lat="41.6806035" lon="42.4780485">
<ele>1875.25</ele>
</trkpt>
<trkpt lat="41.6806945" lon="42.4780315">
<ele>1875.75</ele>
</trkpt>
<trkpt lat="41.6807865" lon="42.4779695">
<ele>1875.75</ele>
</trkpt>
<trkpt lat="41.6809365" lon="42.4778025">
<ele>1875.5</ele>
</trkpt>
<trkpt lat="41.6811435" lon="42.4775525">
<ele>1875.0</ele>
</trkpt>
<trkpt lat="41.6812145" lon="42.4773835">
<ele>1874.25</ele>
</trkpt>
<trkpt lat="41.6814345" lon="42.4771095">
<ele>1873.5</ele>
</trkpt>
<trkpt lat="41.6815465" lon="42.4770825">
<ele>1873.75</ele>
</trkpt>
<trkpt lat="41.6817175" lon="42.4770945">
<ele>1874.75</ele>
</trkpt>
<trkpt lat="41.6818655" lon="42.4771155">
<ele>1875.75</ele>
</trkpt>
<trkpt lat="41.6819825" lon="42.4771495">
<ele>1876.75</ele>
</trkpt>
<trkpt lat="41.6821165" lon="42.4772945">
<ele>1878.5</ele>
</trkpt>
<trkpt lat="41.6822165" lon="42.4772845">
<ele>1879.25</ele>
</trkpt>
<trkpt lat="41.6822985" lon="42.4772645">
<ele>1879.75</ele>
</trkpt>
<trkpt lat="41.6823745" lon="42.4773025">
<ele>1880.5</ele>
</trkpt>
<trkpt lat="41.6824795" lon="42.4774255">
<ele>1882.25</ele>
</trkpt>
<trkpt lat="41.6825465" lon="42.4775605">
<ele>1883.5</ele>
</trkpt>
<trkpt lat="41.6825505" lon="42.4776975">
<ele>1884.75</ele>
</trkpt>
<trkpt lat="41.6824735" lon="42.4778995">
<ele>1885.5</ele>
</trkpt>
<trkpt lat="41.6824285" lon="42.4780365">
<ele>1886.0</ele>
</trkpt>
<trkpt lat="41.6824275" lon="42.4781505">
<ele>1887.0</ele>
</trkpt>
<trkpt lat="41.6824465" lon="42.4782835">
<ele>1888.0</ele>
</trkpt>
<trkpt lat="41.6825465" lon="42.4784375">
<ele>1889.75</ele>
</trkpt>
<trkpt lat="41.6826465" lon="42.4785475">
<ele>1891.0</ele>
</trkpt>
<trkpt lat="41.6827875" lon="42.4786305">
<ele>1892.5</ele>
</trkpt>
<trkpt lat="41.6828975" lon="42.4786565">
<ele>1893.75</ele>
</trkpt>
<trkpt lat="41.6829935" lon="42.4786165">
<ele>1894.5</ele>
</trkpt>
<trkpt lat="41.6831185" lon="42.4786145">
<ele>1895.5</ele>
</trkpt>
<trkpt lat="41.6832075" lon="42.4786005">
<ele>1896.25</ele>
</trkpt>
<trkpt lat="41.6833435" lon="42.4786125">
<ele>1897.5</ele>
</trkpt>
<trkpt lat="41.6834205" lon="42.4785885">
<ele>1897.5</ele>
</trkpt>
<trkpt lat="41.6834905" lon="42.4784755">
<ele>1896.75</ele>
</trkpt>
<trkpt lat="41.6835605" lon="42.4784065">
<ele>1896.0</ele>
</trkpt>
<trkpt lat="41.6836235" lon="42.4783885">
<ele>1896.0</ele>
</trkpt>
<trkpt lat="41.6837425" lon="42.4784855">
<ele>1896.5</ele>
</trkpt>
<trkpt lat="41.6838275" lon="42.4785195">
<ele>1896.75</ele>
</trkpt>
<trkpt lat="41.6839185" lon="42.4785295">
<ele>1896.75</ele>
</trkpt>
<trkpt lat="41.6840505" lon="42.4785725">
<ele>1897.25</ele>
</trkpt>
<trkpt lat="41.6842135" lon="42.4786705">
<ele>1898.5</ele>
</trkpt>
<trkpt lat="41.6842925" lon="42.4786665">
<ele>1898.75</ele>
</trkpt>
<trkpt lat="41.6844055" lon="42.4785825">
<ele>1899.0</ele>
</trkpt>
<trkpt lat="41.6844925" lon="42.4785725">
<ele>1899.5</ele>
</trkpt>
<trkpt lat="41.6845565" lon="42.4786005">
<ele>1900.0</ele>
</trkpt>
<trkpt lat="41.6845925" lon="42.4786365">
<ele>1900.5</ele>
</trkpt>
<trkpt lat="41.6846865" lon="42.4786405">
<ele>1901.0</ele>
</trkpt>
<trkpt lat="41.6847685" lon="42.4786625">
<ele>1901.5</ele>
</trkpt>
<trkpt lat="41.6848675" lon="42.4787315">
<ele>1902.25</ele>
</trkpt>
<trkpt lat="41.6849375" lon="42.4787945">
<ele>1902.5</ele>
</trkpt>
<trkpt lat="41.6849875" lon="42.4787815">
<ele>1902.75</ele>
</trkpt>
<trkpt lat="41.6850705" lon="42.4787875">
<ele>1903.75</ele>
</trkpt>
<trkpt lat="41.6852355" lon="42.4788605">
<ele>1905.75</ele>
</trkpt>
<trkpt lat="41.6853105" lon="42.4789425">
<ele>1906.5</ele>
</trkpt>
<trkpt lat="41.6853795" lon="42.4790515">
<ele>1907.0</ele>
</trkpt>
<trkpt lat="41.6854475" lon="42.4791865">
<ele>1907.75</ele>
</trkpt>
<trkpt lat="41.6855425" lon="42.4792915">
<ele>1909.5</ele>
</trkpt>
<trkpt lat="41.6856075" lon="42.4793805">
<ele>1910.75</ele>
</trkpt>
<trkpt lat="41.6856845" lon="42.4796015">
<ele>1912.5</ele>
</trkpt>
<trkpt lat="41.6857185" lon="42.4796525">
<ele>1913.0</ele>
</trkpt>
<trkpt lat="41.6858255" lon="42.4797715">
<ele>1914.0</ele>
</trkpt>
<trkpt lat="41.6859105" lon="42.4798295">
<ele>1915.0</ele>
</trkpt>
<trkpt lat="41.6859835" lon="42.4799465">
<ele>1916.25</ele>
</trkpt>
<trkpt lat="41.6860975" lon="42.4801065">
<ele>1918.0</ele>
</trkpt>
<trkpt lat="41.6862085" lon="42.4802045">
<ele>1919.5</ele>
</trkpt>
<trkpt lat="41.6863145" lon="42.4802725">
<ele>1920.75</ele>
</trkpt>
<trkpt lat="41.6864395" lon="42.4803245">
<ele>1922.25</ele>
</trkpt>
<trkpt lat="41.6865105" lon="42.4803745">
<ele>1923.25</ele>
</trkpt>
<trkpt lat="41.6866275" lon="42.4805275">
<ele>1924.75</ele>
</trkpt>
<trkpt lat="41.6867175" lon="42.4805955">
<ele>1925.75</ele>
</trkpt>
<trkpt lat="41.6868015" lon="42.4806105">
<ele>1926.5</ele>
</trkpt>
<trkpt lat="41.6868885" lon="42.4806095">
<ele>1927.0</ele>
</trkpt>
<trkpt lat="41.6869505" lon="42.4805625">
<ele>1927.5</ele>
</trkpt>
<trkpt lat="41.6869985" lon="42.4804775">
<ele>1927.75</ele>
</trkpt>
<trkpt lat="41.6870665" lon="42.4804525">
<ele>1928.25</ele>
</trkpt>
<trkpt lat="41.6871445" lon="42.4804495">
<ele>1929.0</ele>
</trkpt>
<trkpt lat="41.6872405" lon="42.4804655">
<ele>1929.75</ele>
</trkpt>
<trkpt lat="41.6874835" lon="42.4805395">
<ele>1931.75</ele>
</trkpt>
<trkpt lat="41.6875905" lon="42.4805535">
<ele>1933.0</ele>
</trkpt>
<trkpt lat="41.6877495" lon="42.4806435">
<ele>1935.25</ele>
</trkpt>
<trkpt lat="41.6878205" lon="42.4806495">
<ele>1936.25</ele>
</trkpt>
<trkpt lat="41.6880115" lon="42.4806975">
<ele>1939.0</ele>
</trkpt>
<trkpt lat="41.6880575" lon="42.4807405">
<ele>1939.75</ele>
</trkpt>
<trkpt lat="41.6881075" lon="42.4808095">
<ele>1940.5</ele>
</trkpt>
<trkpt lat="41.6881825" lon="42.4808475">
<ele>1941.75</ele>
</trkpt>
<trkpt lat="41.6883315" lon="42.4808955">
<ele>1944.0</ele>
</trkpt>
<trkpt lat="41.6883835" lon="42.4808865">
<ele>1944.25</ele>
</trkpt>
<trkpt lat="41.6885275" lon="42.4807575">
<ele>1944.75</ele>
</trkpt>
<trkpt lat="41.6886195" lon="42.4807365">
<ele>1945.25</ele>
</trkpt>
<trkpt lat="41.6887165" lon="42.4807285">
<ele>1945.75</ele>
</trkpt>
<trkpt lat="41.6888535" lon="42.4807755">
<ele>1946.75</ele>
</trkpt>
<trkpt lat="41.6890365" lon="42.4808675">
<ele>1948.25</ele>
</trkpt>
<trkpt lat="41.6891765" lon="42.4810115">
<ele>1949.25</ele>
</trkpt>
<trkpt lat="41.6892505" lon="42.4810975">
<ele>1949.5</ele>
</trkpt>
<trkpt lat="41.6894465" lon="42.4811965">
<ele>1950.75</ele>
</trkpt>
<trkpt lat="41.6894745" lon="42.4812515">
<ele>1950.75</ele>
</trkpt>
<trkpt lat="41.6895285" lon="42.4814935">
<ele>1951.5</ele>
</trkpt>
<trkpt lat="41.6895875" lon="42.4815945">
<ele>1951.75</ele>
</trkpt>
<trkpt lat="41.6896425" lon="42.4817465">
<ele>1952.5</ele>
</trkpt>
<trkpt lat="41.6896515" lon="42.4818965">
<ele>1953.0</ele>
</trkpt>
<trkpt lat="41.6899465" lon="42.4819135">
<ele>1954.75</ele>
</trkpt>
<trkpt lat="41.6902185" lon="42.4819055">
<ele>1956.75</ele>
</trkpt>
<trkpt lat="41.6901395" lon="42.4816735">
<ele>1955.25</ele>
</trkpt>
<trkpt lat="41.6900575" lon="42.4812485">
<ele>1954.0</ele>
</trkpt>
<trkpt lat="41.6901935" lon="42.4811585">
<ele>1955.75</ele>
</trkpt>
<trkpt lat="41.6906515" lon="42.4815435">
<ele>1960.5</ele>
</trkpt>
<trkpt lat="41.6908545" lon="42.4809545">
<ele>1964.75</ele>
</trkpt>
<trkpt lat="41.6912225" lon="42.4808285">
<ele>1969.0</ele>
</trkpt>
<trkpt lat="41.6915995" lon="42.4807205">
<ele>1973.25</ele>
</trkpt>
<trkpt lat="41.6917725" lon="42.4808515">
<ele>1975.5</ele>
</trkpt>
<trkpt lat="41.6918495" lon="42.4810345">
<ele>1976.5</ele>
</trkpt>
<trkpt lat="41.6919455" lon="42.4813225">
<ele>1977.5</ele>
</trkpt>
<trkpt lat="41.6920845" lon="42.4813355">
<ele>1979.5</ele>
</trkpt>
<trkpt lat="41.6923135" lon="42.4811605">
<ele>1983.25</ele>
</trkpt>
<trkpt lat="41.6926245" lon="42.4809515">
<ele>1989.5</ele>
</trkpt>
<trkpt lat="41.6927455" lon="42.4808445">
<ele>1992.75</ele>
</trkpt>
<trkpt lat="41.6928735" lon="42.4808205">
<ele>1996.0</ele>
</trkpt>
<trkpt lat="41.6930075" lon="42.4807125">
<ele>1999.5</ele>
</trkpt>
<trkpt lat="41.6931245" lon="42.4808605">
<ele>2001.75</ele>
</trkpt>
<trkpt lat="41.6932585" lon="42.4809435">
<ele>2004.0</ele>
</trkpt>
<trkpt lat="41.6934205" lon="42.4806405">
<ele>2009.75</ele>
</trkpt>
<trkpt lat="41.6934665" lon="42.4804085">
<ele>2012.0</ele>
</trkpt>
<trkpt lat="41.6935345" lon="42.4802875">
<ele>2014.5</ele>
</trkpt>
<trkpt lat="41.6936255" lon="42.4803475">
<ele>2016.25</ele>
</trkpt>
<trkpt lat="41.6937155" lon="42.4805055">
<ele>2017.0</ele>
</trkpt>
<trkpt lat="41.6938405" lon="42.4805595">
<ele>2019.25</ele>
</trkpt>
<trkpt lat="41.6940885" lon="42.4804865">
<ele>2025.75</ele>
</trkpt>
<trkpt lat="41.6942335" lon="42.4804875">
<ele>2028.25</ele>
</trkpt>
<trkpt lat="41.6944165" lon="42.4805765">
<ele>2030.0</ele>
</trkpt>
<trkpt lat="41.6946305" lon="42.4806055">
<ele>2032.75</ele>
</trkpt>
<trkpt lat="41.6947995" lon="42.4805155">
<ele>2036.0</ele>
</trkpt>
<trkpt lat="41.6954005" lon="42.4804945">
<ele>2042.75</ele>
</trkpt>
<trkpt lat="41.6956095" lon="42.4805565">
<ele>2044.75</ele>
</trkpt>
<trkpt lat="41.6958205" lon="42.4807325">
<ele>2046.0</ele>
</trkpt>
<trkpt lat="41.6959825" lon="42.4809025">
<ele>2048.5</ele>
</trkpt>
<trkpt lat="41.6961215" lon="42.4809185">
<ele>2050.75</ele>
</trkpt>
<trkpt lat="41.6966665" lon="42.4807175">
<ele>2060.5</ele>
</trkpt>
<trkpt lat="41.6967605" lon="42.4806565">
<ele>2062.25</ele>
</trkpt>
<trkpt lat="41.6967615" lon="42.4805825">
<ele>2062.5</ele>
</trkpt>
<trkpt lat="41.6967335" lon="42.4804385">
<ele>2062.75</ele>
</trkpt>
<trkpt lat="41.6965925" lon="42.4800625">
<ele>2062.25</ele>
</trkpt>
<trkpt lat="41.6965105" lon="42.4797305">
<ele>2062.25</ele>
</trkpt>
<trkpt lat="41.6964915" lon="42.4793615">
<ele>2063.75</ele>
</trkpt>
<trkpt lat="41.6965055" lon="42.4792045">
<ele>2064.5</ele>
</trkpt>
<trkpt lat="41.6965395" lon="42.4789645">
<ele>2065.25</ele>
</trkpt>
<trkpt lat="41.6965985" lon="42.4786705">
<ele>2066.0</ele>
</trkpt>
<trkpt lat="41.6965615" lon="42.4784565">
<ele>2065.75</ele>
</trkpt>
<trkpt lat="41.6966045" lon="42.4776305">
<ele>2068.5</ele>
</trkpt>
<trkpt lat="41.6965945" lon="42.4775655">
<ele>2068.5</ele>
</trkpt>
<trkpt lat="41.6964545" lon="42.4772645">
<ele>2062.75</ele>
</trkpt>
<trkpt lat="41.6964335" lon="42.4771825">
<ele>2061.0</ele>
</trkpt>
<trkpt lat="41.6964135" lon="42.4771085">
<ele>2059.5</ele>
</trkpt>
<trkpt lat="41.6964575" lon="42.4769455">
<ele>2057.5</ele>
</trkpt>
<trkpt lat="41.6966785" lon="42.4766955">
<ele>2057.5</ele>
</trkpt>
<trkpt lat="41.6968485" lon="42.4765345">
<ele>2058.0</ele>
</trkpt>
<trkpt lat="41.6969715" lon="42.4762285">
<ele>2055.25</ele>
</trkpt>
<trkpt lat="41.6970465" lon="42.4761365">
<ele>2055.5</ele>
</trkpt>
<trkpt lat="41.6970695" lon="42.4760815">
<ele>2055.25</ele>
</trkpt>
<trkpt lat="41.6970755" lon="42.4760025">
<ele>2054.0</ele>
</trkpt>
<trkpt lat="41.6970325" lon="42.4758705">
<ele>2050.5</ele>
</trkpt>
<trkpt lat="41.6968875" lon="42.4756235">
<ele>2046.0</ele>
</trkpt>
<trkpt lat="41.6968085" lon="42.4749565">
<ele>2044.5</ele>
</trkpt>
<trkpt lat="41.6967875" lon="42.4748645">
<ele>2044.0</ele>
</trkpt>
<trkpt lat="41.6967085" lon="42.4746675">
<ele>2041.75</ele>
</trkpt>
<trkpt lat="41.6961915" lon="42.4739595">
<ele>2034.75</ele>
</trkpt>
<trkpt lat="41.6956295" lon="42.4737065">
<ele>2027.0</ele>
</trkpt>
<trkpt lat="41.6955295" lon="42.4736295">
<ele>2026.25</ele>
</trkpt>
<trkpt lat="41.6954735" lon="42.4734755">
<ele>2026.75</ele>
</trkpt>
<trkpt lat="41.6954245" lon="42.4732035">
<ele>2026.75</ele>
</trkpt>
<trkpt lat="41.6954425" lon="42.4728655">
<ele>2026.25</ele>
</trkpt>
<trkpt lat="41.6954235" lon="42.4726885">
<ele>2025.5</ele>
</trkpt>
<trkpt lat="41.6954585" lon="42.4722635">
<ele>2025.5</ele>
</trkpt>
<trkpt lat="41.6954725" lon="42.4722055">
<ele>2025.75</ele>
</trkpt>
<trkpt lat="41.6955035" lon="42.4721545">
<ele>2026.5</ele>
</trkpt>
<trkpt lat="41.6955295" lon="42.4720075">
<ele>2027.0</ele>
</trkpt>
<trkpt lat="41.6955185" lon="42.4719275">
<ele>2026.5</ele>
</trkpt>
<trkpt lat="41.6954735" lon="42.4716225">
<ele>2025.5</ele>
</trkpt>
<trkpt lat="41.6955475" lon="42.4714475">
<ele>2027.75</ele>
</trkpt>
<trkpt lat="41.6955995" lon="42.4710395">
<ele>2030.25</ele>
</trkpt>
<trkpt lat="41.6956785" lon="42.4707705">
<ele>2033.0</ele>
</trkpt>
<trkpt lat="41.6956805" lon="42.4705175">
<ele>2033.5</ele>
</trkpt>
<trkpt lat="41.6956215" lon="42.4703425">
<ele>2032.25</ele>
</trkpt>
<trkpt lat="41.6956195" lon="42.4702825">
<ele>2032.25</ele>
</trkpt>
<trkpt lat="41.6956925" lon="42.4700725">
<ele>2034.5</ele>
</trkpt>
<trkpt lat="41.6957615" lon="42.4696605">
<ele>2038.25</ele>
</trkpt>
<trkpt lat="41.6957615" lon="42.4695045">
<ele>2039.25</ele>
</trkpt>
<trkpt lat="41.6956895" lon="42.4693085">
<ele>2038.75</ele>
</trkpt>
<trkpt lat="41.6957065" lon="42.4691515">
<ele>2040.0</ele>
</trkpt>
<trkpt lat="41.6956485" lon="42.4689055">
<ele>2040.75</ele>
</trkpt>
<trkpt lat="41.6956165" lon="42.4685355">
<ele>2042.75</ele>
</trkpt>
<trkpt lat="41.6955735" lon="42.4682605">
<ele>2043.0</ele>
</trkpt>
<trkpt lat="41.6955235" lon="42.4681255">
<ele>2041.25</ele>
</trkpt>
<trkpt lat="41.6955705" lon="42.4681125">
<ele>2042.0</ele>
</trkpt>
<trkpt lat="41.6958495" lon="42.4681985">
<ele>2047.25</ele>
</trkpt>
<trkpt lat="41.6959515" lon="42.4682745">
<ele>2047.75</ele>
</trkpt>
<trkpt lat="41.6960765" lon="42.4684405">
<ele>2048.0</ele>
</trkpt>
<trkpt lat="41.6962305" lon="42.4685695">
<ele>2048.25</ele>
</trkpt>
<trkpt lat="41.6967415" lon="42.4692135">
<ele>2057.75</ele>
</trkpt>
<trkpt lat="41.6968425" lon="42.4694175">
<ele>2059.75</ele>
</trkpt>
<trkpt lat="41.6969135" lon="42.4696125">
<ele>2062.5</ele>
</trkpt>
<trkpt lat="41.6970245" lon="42.4698625">
<ele>2067.5</ele>
</trkpt>
<trkpt lat="41.6970735" lon="42.4699945">
<ele>2070.5</ele>
</trkpt>
<trkpt lat="41.6972125" lon="42.4702325">
<ele>2075.75</ele>
</trkpt>
<trkpt lat="41.6973685" lon="42.4705455">
<ele>2083.5</ele>
</trkpt>
<trkpt lat="41.6976865" lon="42.4708875">
<ele>2093.5</ele>
</trkpt>
<trkpt lat="41.6977475" lon="42.4709825">
<ele>2094.5</ele>
</trkpt>
<trkpt lat="41.6977985" lon="42.4710295">
<ele>2095.25</ele>
</trkpt>
<trkpt lat="41.6978495" lon="42.4710425">
<ele>2096.0</ele>
</trkpt>
<trkpt lat="41.6979595" lon="42.4710215">
<ele>2097.25</ele>
</trkpt>
<trkpt lat="41.6980165" lon="42.4710325">
<ele>2098.0</ele>
</trkpt>
<trkpt lat="41.6981105" lon="42.4711065">
<ele>2099.75</ele>
</trkpt>
<trkpt lat="41.6983135" lon="42.4714605">
<ele>2107.5</ele>
</trkpt>
<trkpt lat="41.6986285" lon="42.4718055">
<ele>2114.5</ele>
</trkpt>
<trkpt lat="41.6987385" lon="42.4719785">
<ele>2117.75</ele>
</trkpt>
<trkpt lat="41.6987535" lon="42.4720475">
<ele>2118.5</ele>
</trkpt>
<trkpt lat="41.6988535" lon="42.4722605">
<ele>2123.25</ele>
</trkpt>
<trkpt lat="41.6989475" lon="42.4726135">
<ele>2129.75</ele>
</trkpt>
<trkpt lat="41.6990075" lon="42.4729565">
<ele>2132.25</ele>
</trkpt>
<trkpt lat="41.6990495" lon="42.4731245">
<ele>2134.0</ele>
</trkpt>
<trkpt lat="41.6992085" lon="42.4735545">
<ele>2137.25</ele>
</trkpt>
<trkpt lat="41.6992445" lon="42.4736155">
<ele>2137.5</ele>
</trkpt>
<trkpt lat="41.6992975" lon="42.4735805">
<ele>2138.75</ele>
</trkpt>
<trkpt lat="41.6993075" lon="42.4735035">
<ele>2139.5</ele>
</trkpt>
<trkpt lat="41.6992475" lon="42.4732015">
<ele>2139.25</ele>
</trkpt>
<trkpt lat="41.6992725" lon="42.4729225">
<ele>2138.25</ele>
</trkpt>
<trkpt lat="41.6993525" lon="42.4726785">
<ele>2137.25</ele>
</trkpt>
<trkpt lat="41.6994095" lon="42.4726165">
<ele>2136.75</ele>
</trkpt>
<trkpt lat="41.6994605" lon="42.4726075">
<ele>2136.5</ele>
</trkpt>
<trkpt lat="41.6995145" lon="42.4726365">
<ele>2136.75</ele>
</trkpt>
<trkpt lat="41.6997595" lon="42.4728995">
<ele>2139.75</ele>
</trkpt>
<trkpt lat="41.7003655" lon="42.4734245">
<ele>2149.0</ele>
</trkpt>
<trkpt lat="41.7005305" lon="42.4734845">
<ele>2150.25</ele>
</trkpt>
<trkpt lat="41.7007195" lon="42.4735845">
<ele>2152.5</ele>
</trkpt>
<trkpt lat="41.7012745" lon="42.4740105">
<ele>2166.5</ele>
</trkpt>
<trkpt lat="41.7013025" lon="42.4740795">
<ele>2169.0</ele>
</trkpt>
<trkpt lat="41.7012785" lon="42.4741415">
<ele>2170.75</ele>
</trkpt>
<trkpt lat="41.7009225" lon="42.4741305">
<ele>2167.75</ele>
</trkpt>
<trkpt lat="41.7004775" lon="42.4740385">
<ele>2163.25</ele>
</trkpt>
<trkpt lat="41.7004205" lon="42.4740595">
<ele>2163.5</ele>
</trkpt>
<trkpt lat="41.7004045" lon="42.4741225">
<ele>2164.75</ele>
</trkpt>
<trkpt lat="41.7004315" lon="42.4741965">
<ele>2166.25</ele>
</trkpt>
<trkpt lat="41.7006005" lon="42.4742935">
<ele>2168.25</ele>
</trkpt>
<trkpt lat="41.7007365" lon="42.4745265">
<ele>2173.5</ele>
</trkpt>
<trkpt lat="41.7008475" lon="42.4746605">
<ele>2178.25</ele>
</trkpt>
<trkpt lat="41.7009425" lon="42.4748475">
<ele>2184.0</ele>
</trkpt>
<trkpt lat="41.7010895" lon="42.4752125">
<ele>2191.25</ele>
</trkpt>
<trkpt lat="41.7012765" lon="42.4754935">
<ele>2196.75</ele>
</trkpt>
<trkpt lat="41.7013085" lon="42.4755645">
<ele>2198.0</ele>
</trkpt>
<trkpt lat="41.7013885" lon="42.4756595">
<ele>2200.75</ele>
</trkpt>
<trkpt lat="41.7015525" lon="42.4758035">
<ele>2206.75</ele>
</trkpt>
<trkpt lat="41.7017625" lon="42.4760795">
<ele>2212.0</ele>
</trkpt>
<trkpt lat="41.7020305" lon="42.4765115">
<ele>2216.25</ele>
</trkpt>
<trkpt lat="41.7027285" lon="42.4777795">
<ele>2240.0</ele>
</trkpt>
<trkpt lat="41.7031805" lon="42.4785145">
<ele>2255.25</ele>
</trkpt>
<trkpt lat="41.7035175" lon="42.4789035">
<ele>2262.75</ele>
</trkpt>
<trkpt lat="41.7037695" lon="42.4792895">
<ele>2268.5</ele>
</trkpt>
<trkpt lat="41.7039055" lon="42.4796115">
<ele>2272.0</ele>
</trkpt>
<trkpt lat="41.7043925" lon="42.4802715">
<ele>2285.5</ele>
</trkpt>
<trkpt lat="41.7050755" lon="42.4814705">
<ele>2297.5</ele>
</trkpt>
<trkpt lat="41.7054205" lon="42.4819445">
<ele>2295.25</ele>
</trkpt>
<trkpt lat="41.7055335" lon="42.4820325">
<ele>2294.75</ele>
</trkpt>
<trkpt lat="41.7057135" lon="42.4820915">
<ele>2295.5</ele>
</trkpt>
<trkpt lat="41.7062425" lon="42.4820935">
<ele>2296.75</ele>
</trkpt>
<trkpt lat="41.7066855" lon="42.4822185">
<ele>2293.5</ele>
</trkpt>
<trkpt lat="41.7067565" lon="42.4822235">
<ele>2294.0</ele>
</trkpt>
<trkpt lat="41.7069775" lon="42.4821565">
<ele>2298.0</ele>
</trkpt>
<trkpt lat="41.7070635" lon="42.4821885">
<ele>2298.25</ele>
</trkpt>
<trkpt lat="41.7071665" lon="42.4822845">
<ele>2297.0</ele>
</trkpt>
<trkpt lat="41.7074375" lon="42.4822905">
<ele>2299.75</ele>
</trkpt>
<trkpt lat="41.7075985" lon="42.4824025">
<ele>2299.0</ele>
</trkpt>
<trkpt lat="41.7077245" lon="42.4824615">
<ele>2299.0</ele>
</trkpt>
<trkpt lat="41.7081345" lon="42.4823685">
<ele>2305.0</ele>
</trkpt>
<trkpt lat="41.7083155" lon="42.4823635">
<ele>2307.0</ele>
</trkpt>
<trkpt lat="41.7085915" lon="42.4824155">
<ele>2304.25</ele>
</trkpt>
<trkpt lat="41.7088855" lon="42.4823155">
<ele>2304.75</ele>
</trkpt>
<trkpt lat="41.7089755" lon="42.4823795">
<ele>2302.75</ele>
</trkpt>
<trkpt lat="41.7091475" lon="42.4825565">
<ele>2298.75</ele>
</trkpt>
<trkpt lat="41.7094315" lon="42.4826215">
<ele>2302.75</ele>
</trkpt>
<trkpt lat="41.7096685" lon="42.4829325">
<ele>2304.75</ele>
</trkpt>
<trkpt lat="41.7097435" lon="42.4830595">
<ele>2305.0</ele>
</trkpt>
<trkpt lat="41.7098425" lon="42.4831185">
<ele>2306.25</ele>
</trkpt>
<trkpt lat="41.7100555" lon="42.4831505">
<ele>2310.0</ele>
</trkpt>
<trkpt lat="41.7100885" lon="42.4832065">
<ele>2310.25</ele>
</trkpt>
<trkpt lat="41.7100365" lon="42.4833255">
<ele>2308.0</ele>
</trkpt>
<trkpt lat="41.7100165" lon="42.4834485">
<ele>2307.5</ele>
</trkpt>
<trkpt lat="41.7100495" lon="42.4838705">
<ele>2309.5</ele>
</trkpt>
<trkpt lat="41.7104645" lon="42.4839455">
<ele>2320.75</ele>
</trkpt>
<trkpt lat="41.7107325" lon="42.4837115">
<ele>2327.5</ele>
</trkpt>
<trkpt lat="41.7110775" lon="42.4832465">
<ele>2335.25</ele>
</trkpt>
<trkpt lat="41.7113305" lon="42.4831185">
<ele>2340.5</ele>
</trkpt>
<trkpt lat="41.7115535" lon="42.4830755">
<ele>2344.5</ele>
</trkpt>
<trkpt lat="41.7118175" lon="42.4830885">
<ele>2348.5</ele>
</trkpt>
<trkpt lat="41.7121235" lon="42.4831355">
<ele>2352.0</ele>
</trkpt>
<trkpt lat="41.7123035" lon="42.4833725">
<ele>2354.25</ele>
</trkpt>
<trkpt lat="41.7125195" lon="42.4836235">
<ele>2358.0</ele>
</trkpt>
<trkpt lat="41.7128585" lon="42.4839485">
<ele>2365.75</ele>
</trkpt>
<trkpt lat="41.7130545" lon="42.4841155">
<ele>2369.5</ele>
</trkpt>
<trkpt lat="41.7134195" lon="42.4844865">
<ele>2375.25</ele>
</trkpt>
<trkpt lat="41.7135365" lon="42.4845395">
<ele>2377.5</ele>
</trkpt>
<trkpt lat="41.7136185" lon="42.4844505">
<ele>2379.25</ele>
</trkpt>
<trkpt lat="41.7137755" lon="42.4843865">
<ele>2382.5</ele>
</trkpt>
<trkpt lat="41.7138605" lon="42.4843265">
<ele>2384.0</ele>
</trkpt>
<trkpt lat="41.7142215" lon="42.4842965">
<ele>2391.5</ele>
</trkpt>
<trkpt lat="41.7143725" lon="42.4844585">
<ele>2396.0</ele>
</trkpt>
<trkpt lat="41.7144745" lon="42.4844135">
<ele>2398.75</ele>
</trkpt>
<trkpt lat="41.7146145" lon="42.4844265">
<ele>2402.5</ele>
</trkpt>
<trkpt lat="41.7147635" lon="42.4842925">
<ele>2406.5</ele>
</trkpt>
<trkpt lat="41.7153065" lon="42.4839985">
<ele>2421.25</ele>
</trkpt>
<trkpt lat="41.7155225" lon="42.4839855">
<ele>2426.75</ele>
</trkpt>
<trkpt lat="41.7155785" lon="42.4838785">
<ele>2428.0</ele>
</trkpt>
<trkpt lat="41.7156025" lon="42.4837035">
<ele>2428.5</ele>
</trkpt>
<trkpt lat="41.7155295" lon="42.4834135">
<ele>2426.75</ele>
</trkpt>
<trkpt lat="41.7154245" lon="42.4827075">
<ele>2426.0</ele>
</trkpt>
<trkpt lat="41.7153375" lon="42.4824455">
<ele>2427.25</ele>
</trkpt>
<trkpt lat="41.7152545" lon="42.4820525">
<ele>2435.0</ele>
</trkpt>
<trkpt lat="41.7152875" lon="42.4819245">
<ele>2437.5</ele>
</trkpt>
<trkpt lat="41.7152595" lon="42.4817695">
<ele>2440.5</ele>
</trkpt>
<trkpt lat="41.7152015" lon="42.4817055">
<ele>2442.0</ele>
</trkpt>
<trkpt lat="41.7151365" lon="42.4812575">
<ele>2453.0</ele>
</trkpt>
<trkpt lat="41.7153325" lon="42.4806665">
<ele>2463.5</ele>
</trkpt>
<trkpt lat="41.7153545" lon="42.4804915">
<ele>2464.75</ele>
</trkpt>
<trkpt lat="41.7152415" lon="42.4802845">
<ele>2467.5</ele>
</trkpt>
<trkpt lat="41.7151845" lon="42.4800975">
<ele>2470.0</ele>
</trkpt>
<trkpt lat="41.7151645" lon="42.4797165">
<ele>2470.25</ele>
</trkpt>
<trkpt lat="41.7151355" lon="42.4794045">
<ele>2469.75</ele>
</trkpt>
<trkpt lat="41.7151355" lon="42.4791995">
<ele>2469.0</ele>
</trkpt>
<trkpt lat="41.7152325" lon="42.4789545">
<ele>2466.5</ele>
</trkpt>
<trkpt lat="41.7153085" lon="42.4787415">
<ele>2465.0</ele>
</trkpt>
<trkpt lat="41.7154315" lon="42.4785335">
<ele>2464.0</ele>
</trkpt>
<trkpt lat="41.7155955" lon="42.4784115">
<ele>2464.0</ele>
</trkpt>
<trkpt lat="41.7157775" lon="42.4783335">
<ele>2464.75</ele>
</trkpt>
<trkpt lat="41.7158825" lon="42.4781935">
<ele>2464.25</ele>
</trkpt>
<trkpt lat="41.7159955" lon="42.4779615">
<ele>2464.0</ele>
</trkpt>
<trkpt lat="41.7161345" lon="42.4777935">
<ele>2465.0</ele>
</trkpt>
<trkpt lat="41.7162765" lon="42.4775915">
<ele>2468.75</ele>
</trkpt>
<trkpt lat="41.7164825" lon="42.4772575">
<ele>2476.75</ele>
</trkpt>
<trkpt lat="41.7167965" lon="42.4768265">
<ele>2483.75</ele>
</trkpt>
<trkpt lat="41.7168365" lon="42.4766785">
<ele>2486.0</ele>
</trkpt>
<trkpt lat="41.7166625" lon="42.4759075">
<ele>2494.5</ele>
</trkpt>
<trkpt lat="41.7166005" lon="42.4755505">
<ele>2493.75</ele>
</trkpt>
<trkpt lat="41.7161995" lon="42.4755368">
<ele>2491.659</ele>
</trkpt>
<trkpt lat="41.716054" lon="42.4739136">
<ele>2473.748</ele>
</trkpt>
<trkpt lat="41.7155879" lon="42.4723898">
<ele>2451.346</ele>
</trkpt>
<trkpt lat="41.7149067" lon="42.4710347">
<ele>2430.834</ele>
</trkpt>
<trkpt lat="41.7144673" lon="42.4695265">
<ele>2420.426</ele>
</trkpt>
<trkpt lat="41.714027" lon="42.4680178">
<ele>2412.859</ele>
</trkpt>
<trkpt lat="41.7138556" lon="42.4663738">
<ele>2372.69</ele>
</trkpt>
<trkpt lat="41.7142692" lon="42.4648354">
<ele>2339.912</ele>
</trkpt>
<trkpt lat="41.7150497" lon="42.463582">
<ele>2320.753</ele>
</trkpt>
<trkpt lat="41.7153185" lon="42.4627358">
<ele>2295.209</ele>
</trkpt>
<trkpt lat="41.715758" lon="42.4611808">
<ele>2233.004</ele>
</trkpt>
<trkpt lat="41.716148" lon="42.4595514">
<ele>2193.489</ele>
</trkpt>
<trkpt lat="41.7164881" lon="42.4578927">
<ele>2163.786</ele>
</trkpt>
<trkpt lat="41.7167316" lon="42.4562663">
<ele>2144.4</ele>
</trkpt>
<trkpt lat="41.7169759" lon="42.4546171">
<ele>2122.464</ele>
</trkpt>
<trkpt lat="41.7174149" lon="42.4531067">
<ele>2084.169</ele>
</trkpt>
<trkpt lat="41.7179752" lon="42.4516443">
<ele>2063.898</ele>
</trkpt>
<trkpt lat="41.7184877" lon="42.4501666">
<ele>2062.601</ele>
</trkpt>
<trkpt lat="41.7178772" lon="42.448776">
<ele>2083.718</ele>
</trkpt>
<trkpt lat="41.7177063" lon="42.4484287">
<ele>2084.223</ele>
</trkpt>
<trkpt lat="41.7173709" lon="42.4471204">
<ele>2088.343</ele>
</trkpt>
<trkseg>
<trkpt lat="41.7173485" lon="42.4471235">
<ele>2091.25</ele>
</trkpt>
<trkpt lat="41.7173205" lon="42.4469295">
<ele>2092.75</ele>
</trkpt>
<trkpt lat="41.7172015" lon="42.4465135">
<ele>2098.25</ele>
</trkpt>
<trkpt lat="41.7170975" lon="42.4463495">
<ele>2102.5</ele>
</trkpt>
<trkpt lat="41.7170755" lon="42.4461415">
<ele>2104.0</ele>
</trkpt>
<trkpt lat="41.7170755" lon="42.4457365">
<ele>2104.25</ele>
</trkpt>
<trkpt lat="41.7170615" lon="42.4453785">
<ele>2103.75</ele>
</trkpt>
<trkpt lat="41.7169995" lon="42.4451035">
<ele>2105.25</ele>
</trkpt>
<trkpt lat="41.7170145" lon="42.4448285">
<ele>2102.75</ele>
</trkpt>
<trkpt lat="41.7170145" lon="42.4446305">
<ele>2101.0</ele>
</trkpt>
<trkpt lat="41.7169455" lon="42.4443985">
<ele>2101.5</ele>
</trkpt>
<trkpt lat="41.7168815" lon="42.4440895">
<ele>2100.75</ele>
</trkpt>
<trkpt lat="41.7168885" lon="42.4438135">
<ele>2098.75</ele>
</trkpt>
<trkpt lat="41.7168415" lon="42.4436735">
<ele>2099.25</ele>
</trkpt>
<trkpt lat="41.7167445" lon="42.4435235">
<ele>2101.0</ele>
</trkpt>
<trkpt lat="41.7167265" lon="42.4434035">
<ele>2100.75</ele>
</trkpt>
<trkpt lat="41.7167515" lon="42.4431475">
<ele>2098.25</ele>
</trkpt>
<trkpt lat="41.7167475" lon="42.4427755">
<ele>2096.0</ele>
</trkpt>
<trkpt lat="41.7167045" lon="42.4424665">
<ele>2095.0</ele>
</trkpt>
<trkpt lat="41.7166825" lon="42.4422105">
<ele>2094.5</ele>
</trkpt>
<trkpt lat="41.7166825" lon="42.4419585">
<ele>2093.5</ele>
</trkpt>
<trkpt lat="41.7166535" lon="42.4416445">
<ele>2093.5</ele>
</trkpt>
<trkpt lat="41.7165455" lon="42.4410555">
<ele>2101.5</ele>
</trkpt>
<trkpt lat="41.7165385" lon="42.4407945">
<ele>2103.5</ele>
</trkpt>
<trkpt lat="41.7165245" lon="42.4405625">
<ele>2106.25</ele>
</trkpt>
<trkpt lat="41.7165525" lon="42.4403505">
<ele>2107.5</ele>
</trkpt>
<trkpt lat="41.7167185" lon="42.4398335">
<ele>2106.5</ele>
</trkpt>
<trkpt lat="41.7168525" lon="42.4390465">
<ele>2112.25</ele>
</trkpt>
<trkpt lat="41.7168915" lon="42.4385485">
<ele>2118.0</ele>
</trkpt>
<trkpt lat="41.7168595" lon="42.4382635">
<ele>2121.0</ele>
</trkpt>
<trkpt lat="41.7167985" lon="42.4380465">
<ele>2120.25</ele>
</trkpt>
<trkpt lat="41.7167295" lon="42.4377565">
<ele>2119.0</ele>
</trkpt>
<trkpt lat="41.7167115" lon="42.4373755">
<ele>2115.5</ele>
</trkpt>
<trkpt lat="41.7167155" lon="42.4369885">
<ele>2112.25</ele>
</trkpt>
<trkpt lat="41.7167725" lon="42.4365535">
<ele>2107.75</ele>
</trkpt>
<trkpt lat="41.7168415" lon="42.4363025">
<ele>2105.25</ele>
</trkpt>
<trkpt lat="41.7169605" lon="42.4361485">
<ele>2103.75</ele>
</trkpt>
<trkpt lat="41.7170905" lon="42.4360855">
<ele>2102.5</ele>
</trkpt>
<trkpt lat="41.7172235" lon="42.4359745">
<ele>2102.25</ele>
</trkpt>
<trkpt lat="41.7173245" lon="42.4358395">
<ele>2103.0</ele>
</trkpt>
<trkpt lat="41.7174075" lon="42.4356125">
<ele>2101.0</ele>
</trkpt>
<trkpt lat="41.7174365" lon="42.4354245">
<ele>2099.5</ele>
</trkpt>
<trkpt lat="41.7174105" lon="42.4353005">
<ele>2098.25</ele>
</trkpt>
<trkpt lat="41.7171785" lon="42.4349685">
<ele>2094.25</ele>
</trkpt>
<trkpt lat="41.7170735" lon="42.4348695">
<ele>2091.25</ele>
</trkpt>
<trkpt lat="41.7169265" lon="42.4348235">
<ele>2090.25</ele>
</trkpt>
<trkpt lat="41.7167905" lon="42.4347505">
<ele>2088.5</ele>
</trkpt>
<trkpt lat="41.7166465" lon="42.4347465">
<ele>2088.75</ele>
</trkpt>
<trkpt lat="41.7163595" lon="42.4346995">
<ele>2087.0</ele>
</trkpt>
<trkpt lat="41.7159635" lon="42.4344975">
<ele>2082.75</ele>
</trkpt>
<trkpt lat="41.7158325" lon="42.4343715">
<ele>2080.75</ele>
</trkpt>
<trkpt lat="41.7158245" lon="42.4341855">
<ele>2078.25</ele>
</trkpt>
<trkpt lat="41.7157515" lon="42.4336165">
<ele>2071.0</ele>
</trkpt>
<trkpt lat="41.7156935" lon="42.4332885">
<ele>2067.0</ele>
</trkpt>
<trkpt lat="41.7157145" lon="42.4329875">
<ele>2062.5</ele>
</trkpt>
<trkpt lat="41.7158285" lon="42.4326105">
<ele>2056.5</ele>
</trkpt>
<trkpt lat="41.7160045" lon="42.4322935">
<ele>2047.5</ele>
</trkpt>
<trkpt lat="41.7161435" lon="42.4321405">
<ele>2042.25</ele>
</trkpt>
<trkpt lat="41.7161265" lon="42.4320475">
<ele>2040.5</ele>
</trkpt>
<trkpt lat="41.7160735" lon="42.4320145">
<ele>2040.5</ele>
</trkpt>
<trkpt lat="41.7159265" lon="42.4320525">
<ele>2043.5</ele>
</trkpt>
<trkpt lat="41.7157105" lon="42.4321895">
<ele>2048.25</ele>
</trkpt>
<trkpt lat="41.7155385" lon="42.4323425">
<ele>2052.5</ele>
</trkpt>
<trkpt lat="41.7154365" lon="42.4324195">
<ele>2054.75</ele>
</trkpt>
<trkpt lat="41.7153555" lon="42.4323975">
<ele>2054.5</ele>
</trkpt>
<trkpt lat="41.7152915" lon="42.4323275">
<ele>2053.0</ele>
</trkpt>
<trkpt lat="41.7152875" lon="42.4322045">
<ele>2049.75</ele>
</trkpt>
<trkpt lat="41.7151715" lon="42.4321115">
<ele>2047.75</ele>
</trkpt>
<trkpt lat="41.7150375" lon="42.4318265">
<ele>2040.25</ele>
</trkpt>
<trkpt lat="41.7149265" lon="42.4316905">
<ele>2036.5</ele>
</trkpt>
<trkpt lat="41.7148015" lon="42.4316775">
<ele>2036.5</ele>
</trkpt>
<trkpt lat="41.7146495" lon="42.4317085">
<ele>2037.5</ele>
</trkpt>
<trkpt lat="41.7145195" lon="42.4317645">
<ele>2039.0</ele>
</trkpt>
<trkpt lat="41.7143585" lon="42.4317395">
<ele>2038.5</ele>
</trkpt>
<trkpt lat="41.7142515" lon="42.4316595">
<ele>2036.75</ele>
</trkpt>
<trkpt lat="41.7141135" lon="42.4315225">
<ele>2035.25</ele>
</trkpt>
<trkpt lat="41.7137385" lon="42.4314615">
<ele>2040.75</ele>
</trkpt>
<trkpt lat="41.7136695" lon="42.4312075">
<ele>2036.75</ele>
</trkpt>
<trkpt lat="41.7135955" lon="42.4310395">
<ele>2034.5</ele>
</trkpt>
<trkpt lat="41.7135585" lon="42.4308235">
<ele>2030.75</ele>
</trkpt>
<trkpt lat="41.7134615" lon="42.4305015">
<ele>2027.75</ele>
</trkpt>
<trkpt lat="41.7134105" lon="42.4303585">
<ele>2026.25</ele>
</trkpt>
<trkpt lat="41.7132625" lon="42.4302475">
<ele>2025.25</ele>
</trkpt>
<trkpt lat="41.7131145" lon="42.4302165">
<ele>2024.25</ele>
</trkpt>
<trkpt lat="41.7130085" lon="42.4301355">
<ele>2022.75</ele>
</trkpt>
<trkpt lat="41.7128605" lon="42.4299435">
<ele>2019.75</ele>
</trkpt>
<trkpt lat="41.7126155" lon="42.4296585">
<ele>2018.5</ele>
</trkpt>
<trkpt lat="41.7123605" lon="42.4294425">
<ele>2016.25</ele>
</trkpt>
<trkpt lat="41.7121525" lon="42.4292255">
<ele>2012.25</ele>
</trkpt>
<trkpt lat="41.7120185" lon="42.4289595">
<ele>2008.5</ele>
</trkpt>
<trkpt lat="41.7120055" lon="42.4287115">
<ele>2007.0</ele>
</trkpt>
<trkpt lat="41.7121115" lon="42.4284635">
<ele>2007.5</ele>
</trkpt>
<trkpt lat="41.7121625" lon="42.4282715">
<ele>2007.25</ele>
</trkpt>
<trkpt lat="41.7122635" lon="42.4281235">
<ele>2007.25</ele>
</trkpt>
<trkpt lat="41.7124855" lon="42.4279315">
<ele>2009.25</ele>
</trkpt>
<trkpt lat="41.7124535" lon="42.4278755">
<ele>2008.0</ele>
</trkpt>
<trkpt lat="41.7123335" lon="42.4275965">
<ele>2003.0</ele>
</trkpt>
<trkpt lat="41.7121295" lon="42.4269215">
<ele>1994.0</ele>
</trkpt>
<trkpt lat="41.7119445" lon="42.4265565">
<ele>1990.5</ele>
</trkpt>
<trkpt lat="41.7118475" lon="42.4260915">
<ele>1991.0</ele>
</trkpt>
<trkpt lat="41.7116905" lon="42.4258625">
<ele>1996.0</ele>
</trkpt>
<trkpt lat="41.7115105" lon="42.4257445">
<ele>1995.0</ele>
</trkpt>
<trkpt lat="41.7114175" lon="42.4257515">
<ele>1994.25</ele>
</trkpt>
<trkpt lat="41.7113165" lon="42.4258815">
<ele>1993.0</ele>
</trkpt>
<trkpt lat="41.7111865" lon="42.4259805">
<ele>1990.25</ele>
</trkpt>
<trkpt lat="41.7110485" lon="42.4259675">
<ele>1988.75</ele>
</trkpt>
<trkpt lat="41.7108405" lon="42.4258195">
<ele>1989.0</ele>
</trkpt>
<trkpt lat="41.7106645" lon="42.4257445">
<ele>1986.5</ele>
</trkpt>
<trkpt lat="41.7105075" lon="42.4257515">
<ele>1983.5</ele>
</trkpt>
<trkpt lat="41.7103405" lon="42.4258135">
<ele>1980.0</ele>
</trkpt>
<trkpt lat="41.7101695" lon="42.4258625">
<ele>1976.5</ele>
</trkpt>
<trkpt lat="41.7100915" lon="42.4258135">
<ele>1975.75</ele>
</trkpt>
<trkpt lat="41.7100585" lon="42.4256585">
<ele>1975.75</ele>
</trkpt>
<trkpt lat="41.7100445" lon="42.4254225">
<ele>1976.75</ele>
</trkpt>
<trkpt lat="41.7100075" lon="42.4252925">
<ele>1976.5</ele>
</trkpt>
<trkpt lat="41.7098095" lon="42.4251315">
<ele>1972.0</ele>
</trkpt>
<trkpt lat="41.7094855" lon="42.4249395">
<ele>1964.25</ele>
</trkpt>
<trkpt lat="41.7094065" lon="42.4247665">
<ele>1962.5</ele>
</trkpt>
<trkpt lat="41.7093975" lon="42.4245995">
<ele>1962.5</ele>
</trkpt>
<trkpt lat="41.7094575" lon="42.4243945">
<ele>1964.0</ele>
</trkpt>
<trkpt lat="41.7094905" lon="42.4242215">
<ele>1964.75</ele>
</trkpt>
<trkpt lat="41.7093975" lon="42.4240295">
<ele>1961.0</ele>
</trkpt>
<trkpt lat="41.7092035" lon="42.4239555">
<ele>1955.75</ele>
</trkpt>
<trkpt lat="41.7089725" lon="42.4239485">
<ele>1950.75</ele>
</trkpt>
<trkpt lat="41.7088195" lon="42.4240415">
<ele>1949.5</ele>
</trkpt>
<trkpt lat="41.7086805" lon="42.4240485">
<ele>1946.75</ele>
</trkpt>
<trkpt lat="41.7085565" lon="42.4239735">
<ele>1942.25</ele>
</trkpt>
<trkpt lat="41.7082325" lon="42.4238375">
<ele>1932.25</ele>
</trkpt>
<trkpt lat="41.7078765" lon="42.4237695">
<ele>1925.0</ele>
</trkpt>
<trkpt lat="41.7076965" lon="42.4238315">
<ele>1923.5</ele>
</trkpt>
<trkpt lat="41.7074555" lon="42.4239985">
<ele>1922.25</ele>
</trkpt>
<trkpt lat="41.7073405" lon="42.4242025">
<ele>1922.5</ele>
</trkpt>
<trkpt lat="41.7072565" lon="42.4242275">
<ele>1920.5</ele>
</trkpt>
<trkpt lat="41.7071505" lon="42.4241845">
<ele>1919.0</ele>
</trkpt>
<trkpt lat="41.7069475" lon="42.4240045">
<ele>1913.0</ele>
</trkpt>
<trkpt lat="41.7069005" lon="42.4238375">
<ele>1909.75</ele>
</trkpt>
<trkpt lat="41.7069845" lon="42.4236885">
<ele>1909.0</ele>
</trkpt>
<trkpt lat="41.7071785" lon="42.4235465">
<ele>1910.25</ele>
</trkpt>
<trkpt lat="41.7073495" lon="42.4233915">
<ele>1910.5</ele>
</trkpt>
<trkpt lat="41.7075525" lon="42.4231815">
<ele>1907.5</ele>
</trkpt>
<trkpt lat="41.7076595" lon="42.4231125">
<ele>1906.75</ele>
</trkpt>
<trkpt lat="41.7078625" lon="42.4231685">
<ele>1911.25</ele>
</trkpt>
<trkpt lat="41.7080425" lon="42.4231565">
<ele>1913.25</ele>
</trkpt>
<trkpt lat="41.7081905" lon="42.4230325">
<ele>1913.25</ele>
</trkpt>
<trkpt lat="41.7082235" lon="42.4228655">
<ele>1911.0</ele>
</trkpt>
<trkpt lat="41.7081785" lon="42.4226685">
<ele>1906.5</ele>
</trkpt>
<trkpt lat="41.7082475" lon="42.4222635">
<ele>1903.0</ele>
</trkpt>
<trkpt lat="41.7082065" lon="42.4219625">
<ele>1898.25</ele>
</trkpt>
<trkpt lat="41.7081335" lon="42.4217055">
<ele>1892.0</ele>
</trkpt>
<trkpt lat="41.7080595" lon="42.4214865">
<ele>1887.0</ele>
</trkpt>
<trkpt lat="41.7080235" lon="42.4210715">
<ele>1883.25</ele>
</trkpt>
<trkpt lat="41.7079455" lon="42.4207865">
<ele>1878.25</ele>
</trkpt>
<trkpt lat="41.7078065" lon="42.4205845">
<ele>1871.75</ele>
</trkpt>
<trkpt lat="41.7076355" lon="42.4202615">
<ele>1867.0</ele>
</trkpt>
<trkpt lat="41.7074555" lon="42.4201085">
<ele>1865.0</ele>
</trkpt>
<trkpt lat="41.7071495" lon="42.4198845">
<ele>1857.0</ele>
</trkpt>
<trkpt lat="41.7069945" lon="42.4197965">
<ele>1853.5</ele>
</trkpt>
<trkpt lat="41.7069205" lon="42.4197095">
<ele>1852.0</ele>
</trkpt>
<trkpt lat="41.7067005" lon="42.4191735">
<ele>1851.5</ele>
</trkpt>
<trkpt lat="41.7065535" lon="42.4189925">
<ele>1845.25</ele>
</trkpt>
<trkpt lat="41.7063935" lon="42.4187525">
<ele>1839.0</ele>
</trkpt>
<trkpt lat="41.7062555" lon="42.4186315">
<ele>1837.0</ele>
</trkpt>
<trkpt lat="41.7059895" lon="42.4185225">
<ele>1836.5</ele>
</trkpt>
<trkpt lat="41.7058385" lon="42.4185225">
<ele>1836.75</ele>
</trkpt>
<trkpt lat="41.7057035" lon="42.4184405">
<ele>1836.5</ele>
</trkpt>
<trkpt lat="41.7056595" lon="42.4182925">
<ele>1837.0</ele>
</trkpt>
<trkpt lat="41.7057085" lon="42.4181885">
<ele>1835.0</ele>
</trkpt>
<trkpt lat="41.7058505" lon="42.4180135">
<ele>1830.25</ele>
</trkpt>
<trkpt lat="41.7060145" lon="42.4179645">
<ele>1826.25</ele>
</trkpt>
<trkpt lat="41.7061895" lon="42.4179485">
<ele>1822.75</ele>
</trkpt>
<trkpt lat="41.7063985" lon="42.4179645">
<ele>1819.75</ele>
</trkpt>
<trkpt lat="41.7065855" lon="42.4179105">
<ele>1814.5</ele>
</trkpt>
<trkpt lat="41.7067415" lon="42.4178005">
<ele>1806.25</ele>
</trkpt>
<trkpt lat="41.7068675" lon="42.4176915">
<ele>1798.5</ele>
</trkpt>
<trkpt lat="41.7069045" lon="42.4177455">
<ele>1799.5</ele>
</trkpt>
<trkpt lat="41.7069535" lon="42.4180085">
<ele>1806.5</ele>
</trkpt>
<trkpt lat="41.7069695" lon="42.4182605">
<ele>1814.0</ele>
</trkpt>
<trkpt lat="41.7070595" lon="42.4183205">
<ele>1811.75</ele>
</trkpt>
<trkpt lat="41.7071375" lon="42.4184405">
<ele>1813.0</ele>
</trkpt>
<trkpt lat="41.7073455" lon="42.4185445">
<ele>1809.5</ele>
</trkpt>
<trkpt lat="41.7075005" lon="42.4184675">
<ele>1799.0</ele>
</trkpt>
<trkpt lat="41.7076105" lon="42.4183365">
<ele>1788.25</ele>
</trkpt>
<trkpt lat="41.7076275" lon="42.4181285">
<ele>1784.5</ele>
</trkpt>
<trkpt lat="41.7076275" lon="42.4178935">
<ele>1781.0</ele>
</trkpt>
<trkpt lat="41.7075695" lon="42.4175815">
<ele>1778.0</ele>
</trkpt>
<trkpt lat="41.7075695" lon="42.4173795">
<ele>1773.0</ele>
</trkpt>
<trkpt lat="41.7076675" lon="42.4172045">
<ele>1764.75</ele>
</trkpt>
<trkpt lat="41.7078105" lon="42.4171775">
<ele>1760.0</ele>
</trkpt>
<trkpt lat="41.7079455" lon="42.4172425">
<ele>1758.25</ele>
</trkpt>
<trkpt lat="41.7080475" lon="42.4174455">
<ele>1761.5</ele>
</trkpt>
<trkpt lat="41.7081535" lon="42.4178335">
<ele>1765.75</ele>
</trkpt>
<trkpt lat="41.7082885" lon="42.4179315">
<ele>1763.75</ele>
</trkpt>
<trkpt lat="41.7083705" lon="42.4179815">
<ele>1763.0</ele>
</trkpt>
<trkpt lat="41.7084435" lon="42.4180085">
<ele>1762.25</ele>
</trkpt>
<trkpt lat="41.7084885" lon="42.4179105">
<ele>1759.75</ele>
</trkpt>
<trkpt lat="41.7084725" lon="42.4177895">
<ele>1757.75</ele>
</trkpt>
<trkpt lat="41.7084195" lon="42.4176475">
<ele>1756.0</ele>
</trkpt>
<trkpt lat="41.7083455" lon="42.4171005">
<ele>1743.25</ele>
</trkpt>
<trkpt lat="41.7082605" lon="42.4169305">
<ele>1740.5</ele>
</trkpt>
<trkpt lat="41.7082115" lon="42.4167725">
<ele>1737.0</ele>
</trkpt>
<trkpt lat="41.7082155" lon="42.4166905">
<ele>1734.5</ele>
</trkpt>
<trkpt lat="41.7082805" lon="42.4167065">
<ele>1733.25</ele>
</trkpt>
<trkpt lat="41.7083665" lon="42.4168215">
<ele>1735.0</ele>
</trkpt>
<trkpt lat="41.7084565" lon="42.4169695">
<ele>1738.25</ele>
</trkpt>
<trkpt lat="41.7086495" lon="42.4170895">
<ele>1739.0</ele>
</trkpt>
<trkpt lat="41.7088215" lon="42.4173915">
<ele>1743.75</ele>
</trkpt>
<trkpt lat="41.7088985" lon="42.4173675">
<ele>1741.75</ele>
</trkpt>
<trkpt lat="41.7089335" lon="42.4172325">
<ele>1738.5</ele>
</trkpt>
<trkpt lat="41.7088985" lon="42.4170735">
<ele>1735.5</ele>
</trkpt>
<trkpt lat="41.7087675" lon="42.4166285">
<ele>1727.0</ele>
</trkpt>
<trkpt lat="41.7085425" lon="42.4161845">
<ele>1720.25</ele>
</trkpt>
<trkpt lat="41.7083055" lon="42.4159145">
<ele>1716.75</ele>
</trkpt>
<trkpt lat="41.7082285" lon="42.4156285">
<ele>1712.0</ele>
</trkpt>
<trkpt lat="41.7082345" lon="42.4153825">
<ele>1707.75</ele>
</trkpt>
<trkpt lat="41.7083465" lon="42.4151835">
<ele>1704.0</ele>
</trkpt>
<trkpt lat="41.7084415" lon="42.4150325">
<ele>1701.75</ele>
</trkpt>
<trkpt lat="41.7084595" lon="42.4148745">
<ele>1700.5</ele>
</trkpt>
<trkpt lat="41.7084065" lon="42.4146755">
<ele>1699.25</ele>
</trkpt>
<trkpt lat="41.7083645" lon="42.4143265">
<ele>1697.0</ele>
</trkpt>
<trkpt lat="41.7083055" lon="42.4139135">
<ele>1694.25</ele>
</trkpt>
<trkpt lat="41.7080865" lon="42.4132385">
<ele>1687.75</ele>
</trkpt>
<trkpt lat="41.7080445" lon="42.4130555">
<ele>1686.0</ele>
</trkpt>
<trkpt lat="41.7081095" lon="42.4126585">
<ele>1684.25</ele>
</trkpt>
<trkpt lat="41.7080865" lon="42.4120235">
<ele>1677.75</ele>
</trkpt>
<trkpt lat="41.7079795" lon="42.4117455">
<ele>1673.75</ele>
</trkpt>
<trkpt lat="41.7078195" lon="42.4115315">
<ele>1670.75</ele>
</trkpt>
<trkpt lat="41.7076655" lon="42.4112855">
<ele>1668.25</ele>
</trkpt>
<trkpt lat="41.7075405" lon="42.4109115">
<ele>1665.5</ele>
</trkpt>
<trkpt lat="41.7074515" lon="42.4106975">
<ele>1663.0</ele>
</trkpt>
<trkpt lat="41.7074165" lon="42.4104595">
<ele>1659.75</ele>
</trkpt>
<trkpt lat="41.7074935" lon="42.4101495">
<ele>1656.5</ele>
</trkpt>
<trkpt lat="41.7075345" lon="42.4094985">
<ele>1649.0</ele>
</trkpt>
<trkpt lat="41.7075825" lon="42.4092845">
<ele>1646.25</ele>
</trkpt>
<trkpt lat="41.7076835" lon="42.4090855">
<ele>1642.0</ele>
</trkpt>
<trkpt lat="41.7077305" lon="42.4089505">
<ele>1637.75</ele>
</trkpt>
<trkpt lat="41.7079615" lon="42.4087995">
<ele>1632.5</ele>
</trkpt>
<trkpt lat="41.7080985" lon="42.4085215">
<ele>1623.0</ele>
</trkpt>
<trkpt lat="41.7081575" lon="42.4082595">
<ele>1614.5</ele>
</trkpt>
<trkpt lat="41.7081215" lon="42.4081325">
<ele>1611.25</ele>
</trkpt>
<trkpt lat="41.7079915" lon="42.4080215">
<ele>1609.5</ele>
</trkpt>
<trkpt lat="41.7078785" lon="42.4080215">
<ele>1610.5</ele>
</trkpt>
<trkpt lat="41.7076065" lon="42.4077995">
<ele>1608.5</ele>
</trkpt>
<trkpt lat="41.7072735" lon="42.4076005">
<ele>1604.0</ele>
</trkpt>
<trkpt lat="41.7070785" lon="42.4073545">
<ele>1597.75</ele>
</trkpt>
<trkpt lat="41.7066045" lon="42.4070135">
<ele>1588.5</ele>
</trkpt>
<trkpt lat="41.7064915" lon="42.4069735">
<ele>1588.0</ele>
</trkpt>
<trkpt lat="41.7063785" lon="42.4071165">
<ele>1590.0</ele>
</trkpt>
<trkpt lat="41.7062665" lon="42.4071955">
<ele>1591.25</ele>
</trkpt>
<trkpt lat="41.7061535" lon="42.4071005">
<ele>1590.0</ele>
</trkpt>
<trkpt lat="41.7061125" lon="42.4069255">
<ele>1587.5</ele>
</trkpt>
<trkpt lat="41.7060115" lon="42.4065925">
<ele>1583.5</ele>
</trkpt>
<trkpt lat="41.7059105" lon="42.4064975">
<ele>1583.0</ele>
</trkpt>
<trkpt lat="41.7056095" lon="42.4061765">
<ele>1585.25</ele>
</trkpt>
<trkpt lat="41.7053645" lon="42.4058795">
<ele>1583.0</ele>
</trkpt>
<trkpt lat="41.7051655" lon="42.4055815">
<ele>1577.75</ele>
</trkpt>
<trkpt lat="41.7050035" lon="42.4054705">
<ele>1574.75</ele>
</trkpt>
<trkpt lat="41.7044625" lon="42.4055885">
<ele>1580.5</ele>
</trkpt>
<trkpt lat="41.7041995" lon="42.4054765">
<ele>1579.25</ele>
</trkpt>
<trkpt lat="41.7040695" lon="42.4052225">
<ele>1575.5</ele>
</trkpt>
<trkpt lat="41.7039445" lon="42.4048885">
<ele>1570.25</ele>
</trkpt>
<trkpt lat="41.7038295" lon="42.4047585">
<ele>1569.25</ele>
</trkpt>
<trkpt lat="41.7034915" lon="42.4046525">
<ele>1573.5</ele>
</trkpt>
<trkpt lat="41.7033895" lon="42.4045475">
<ele>1572.0</ele>
</trkpt>
<trkpt lat="41.7032785" lon="42.4043685">
<ele>1567.5</ele>
</trkpt>
<trkpt lat="41.7031125" lon="42.4042065">
<ele>1562.75</ele>
</trkpt>
<trkpt lat="41.7027655" lon="42.4041325">
<ele>1561.25</ele>
</trkpt>
<trkpt lat="41.7025115" lon="42.4040275">
<ele>1559.5</ele>
</trkpt>
<trkpt lat="41.7023175" lon="42.4037305">
<ele>1553.75</ele>
</trkpt>
<trkpt lat="41.7020535" lon="42.4035635">
<ele>1550.25</ele>
</trkpt>
<trkpt lat="41.7018595" lon="42.4032785">
<ele>1541.75</ele>
</trkpt>
<trkpt lat="41.7015455" lon="42.4029005">
<ele>1534.75</ele>
</trkpt>
<trkpt lat="41.7012905" lon="42.4025415">
<ele>1528.75</ele>
</trkpt>
<trkpt lat="41.7010875" lon="42.4022255">
<ele>1525.25</ele>
</trkpt>
<trkpt lat="41.7010505" lon="42.4019905">
<ele>1521.75</ele>
</trkpt>
<trkpt lat="41.7009435" lon="42.4016305">
<ele>1517.0</ele>
</trkpt>
<trkpt lat="41.7008325" lon="42.4015195">
<ele>1516.0</ele>
</trkpt>
<trkpt lat="41.7007005" lon="42.4014935">
<ele>1519.5</ele>
</trkpt>
<trkpt lat="41.7005795" lon="42.4012055">
<ele>1515.25</ele>
</trkpt>
<trkpt lat="41.7005725" lon="42.4009945">
<ele>1509.5</ele>
</trkpt>
<trkpt lat="41.7005905" lon="42.4006855">
<ele>1500.5</ele>
</trkpt>
<trkpt lat="41.7007375" lon="42.4001345">
<ele>1482.25</ele>
</trkpt>
<trkpt lat="41.7008575" lon="42.3994645">
<ele>1460.5</ele>
</trkpt>
<trkpt lat="41.7009675" lon="42.3992715">
<ele>1453.75</ele>
</trkpt>
<trkpt lat="41.7010855" lon="42.3992745">
<ele>1452.75</ele>
</trkpt>
<trkpt lat="41.7011825" lon="42.3993655">
<ele>1454.0</ele>
</trkpt>
<trkpt lat="41.7013035" lon="42.3994995">
<ele>1455.25</ele>
</trkpt>
<trkpt lat="41.7014025" lon="42.3995275">
<ele>1454.5</ele>
</trkpt>
<trkpt lat="41.7014815" lon="42.3995275">
<ele>1453.25</ele>
</trkpt>
<trkpt lat="41.7016025" lon="42.3994745">
<ele>1450.75</ele>
</trkpt>
<trkpt lat="41.7016935" lon="42.3993415">
<ele>1447.25</ele>
</trkpt>
<trkpt lat="41.7019195" lon="42.3988185">
<ele>1432.75</ele>
</trkpt>
<trkpt lat="41.7020925" lon="42.3984595">
<ele>1424.0</ele>
</trkpt>
<trkpt lat="41.7021815" lon="42.3981615">
<ele>1418.75</ele>
</trkpt>
<trkpt lat="41.7021395" lon="42.3978205">
<ele>1416.0</ele>
</trkpt>
<trkpt lat="41.7021495" lon="42.3977335">
<ele>1415.0</ele>
</trkpt>
<trkpt lat="41.7019205" lon="42.3976665">
<ele>1418.25</ele>
</trkpt>
<trkpt lat="41.7017905" lon="42.3976575">
<ele>1420.5</ele>
</trkpt>
<trkseg>
<extensions>
    <type>walk</type>
</extensions>
<trkpt lat="41.7150565" lon="42.3741835">
<ele>1342.0</ele>
</trkpt>
<trkpt lat="41.7146185" lon="42.3737415">
<ele>1338.0</ele>
</trkpt>
<trkpt lat="41.7145265" lon="42.3735985">
<ele>1337.75</ele>
</trkpt>
<trkpt lat="41.7143025" lon="42.3731305">
<ele>1335.5</ele>
</trkpt>
<trkpt lat="41.7142165" lon="42.3728845">
<ele>1332.5</ele>
</trkpt>
<trkpt lat="41.7141555" lon="42.3724975">
<ele>1329.5</ele>
</trkpt>
<trkpt lat="41.7141695" lon="42.3722915">
<ele>1328.5</ele>
</trkpt>
<trkpt lat="41.7141305" lon="42.3719345">
<ele>1325.0</ele>
</trkpt>
<trkpt lat="41.7141335" lon="42.3718255">
<ele>1324.25</ele>
</trkpt>
<trkpt lat="41.7141605" lon="42.3716925">
<ele>1324.0</ele>
</trkpt>
<trkpt lat="41.7141975" lon="42.3716215">
<ele>1324.5</ele>
</trkpt>
<trkpt lat="41.7143245" lon="42.3715065">
<ele>1327.25</ele>
</trkpt>
<trkpt lat="41.7143945" lon="42.3714885">
<ele>1329.0</ele>
</trkpt>
<trkpt lat="41.7144885" lon="42.3713955">
<ele>1330.5</ele>
</trkpt>
<trkpt lat="41.7145335" lon="42.3712455">
<ele>1329.0</ele>
</trkpt>
<trkpt lat="41.7145425" lon="42.3711085">
<ele>1326.75</ele>
</trkpt>
<trkpt lat="41.7145835" lon="42.3710355">
<ele>1326.25</ele>
</trkpt>
<trkpt lat="41.7148945" lon="42.3708575">
<ele>1328.5</ele>
</trkpt>
<trkpt lat="41.7151325" lon="42.3707895">
<ele>1330.75</ele>
</trkpt>
<trkpt lat="41.7152485" lon="42.3707775">
<ele>1332.0</ele>
</trkpt>
<trkpt lat="41.7154965" lon="42.3707505">
<ele>1334.25</ele>
</trkpt>
<trkpt lat="41.7161945" lon="42.3706355">
<ele>1339.25</ele>
</trkpt>
<trkpt lat="41.7163225" lon="42.3705275">
<ele>1338.75</ele>
</trkpt>
<trkpt lat="41.7163785" lon="42.3703965">
<ele>1337.5</ele>
</trkpt>
<trkpt lat="41.7166465" lon="42.3703515">
<ele>1339.25</ele>
</trkpt>
<trkpt lat="41.7167855" lon="42.3703435">
<ele>1340.5</ele>
</trkpt>
<trkpt lat="41.7170735" lon="42.3702865">
<ele>1342.25</ele>
</trkpt>
<trkpt lat="41.7174335" lon="42.3703495">
<ele>1346.0</ele>
</trkpt>
<trkpt lat="41.7177175" lon="42.3702885">
<ele>1350.25</ele>
</trkpt>
<trkpt lat="41.7180135" lon="42.3703955">
<ele>1356.0</ele>
</trkpt>
<trkpt lat="41.7182225" lon="42.3704515">
<ele>1360.0</ele>
</trkpt>
<trkpt lat="41.7184965" lon="42.3705095">
<ele>1366.75</ele>
</trkpt>
<trkpt lat="41.7185705" lon="42.3704905">
<ele>1368.75</ele>
</trkpt>
<trkpt lat="41.7185945" lon="42.3704245">
<ele>1369.25</ele>
</trkpt>
<trkpt lat="41.7185765" lon="42.3703025">
<ele>1368.5</ele>
</trkpt>
<trkpt lat="41.7185865" lon="42.3701985">
<ele>1368.5</ele>
</trkpt>
<trkpt lat="41.7186825" lon="42.3701285">
<ele>1371.0</ele>
</trkpt>
<trkpt lat="41.7188265" lon="42.3701745">
<ele>1375.0</ele>
</trkpt>
<trkpt lat="41.7190385" lon="42.3702395">
<ele>1381.25</ele>
</trkpt>
<trkpt lat="41.7191845" lon="42.3702145">
<ele>1385.0</ele>
</trkpt>
<trkpt lat="41.7192945" lon="42.3701485">
<ele>1386.5</ele>
</trkpt>
<trkpt lat="41.7194675" lon="42.3700025">
<ele>1388.5</ele>
</trkpt>
<trkpt lat="41.7194925" lon="42.3699285">
<ele>1389.75</ele>
</trkpt>
<trkpt lat="41.7193895" lon="42.3697495">
<ele>1389.75</ele>
</trkpt>
<trkpt lat="41.7193725" lon="42.3696935">
<ele>1390.25</ele>
</trkpt>
<trkpt lat="41.7193675" lon="42.3694255">
<ele>1392.75</ele>
</trkpt>
<trkpt lat="41.7194005" lon="42.3692285">
<ele>1395.0</ele>
</trkpt>
<trkpt lat="41.7194435" lon="42.3690615">
<ele>1397.0</ele>
</trkpt>
<trkpt lat="41.7195085" lon="42.3689485">
<ele>1399.0</ele>
</trkpt>
<trkpt lat="41.7195505" lon="42.3688385">
<ele>1400.5</ele>
</trkpt>
<trkpt lat="41.7196085" lon="42.3686325">
<ele>1403.0</ele>
</trkpt>
<trkpt lat="41.7196305" lon="42.3683735">
<ele>1405.75</ele>
</trkpt>
<trkpt lat="41.7196275" lon="42.3683295">
<ele>1406.0</ele>
</trkpt>
<trkpt lat="41.7196705" lon="42.3683925">
<ele>1406.0</ele>
</trkpt>
<trkpt lat="41.7198525" lon="42.3684715">
<ele>1407.75</ele>
</trkpt>
<trkpt lat="41.7201335" lon="42.3685155">
<ele>1409.5</ele>
</trkpt>
<trkpt lat="41.7203995" lon="42.3684395">
<ele>1410.75</ele>
</trkpt>
<trkpt lat="41.7204775" lon="42.3683715">
<ele>1411.75</ele>
</trkpt>
<trkpt lat="41.7207605" lon="42.3681265">
<ele>1415.0</ele>
</trkpt>
<trkpt lat="41.7208955" lon="42.3678925">
<ele>1418.5</ele>
</trkpt>
<trkpt lat="41.7210505" lon="42.3677215">
<ele>1422.0</ele>
</trkpt>
<trkpt lat="41.7210915" lon="42.3676775">
<ele>1423.0</ele>
</trkpt>
<trkpt lat="41.7212945" lon="42.3674185">
<ele>1429.0</ele>
</trkpt>
<trkpt lat="41.7214925" lon="42.3673425">
<ele>1432.5</ele>
</trkpt>
<trkpt lat="41.7217455" lon="42.3671215">
<ele>1438.5</ele>
</trkpt>
<trkpt lat="41.7217895" lon="42.3670515">
<ele>1440.25</ele>
</trkpt>
<trkpt lat="41.7219265" lon="42.3668645">
<ele>1444.5</ele>
</trkpt>
<trkpt lat="41.7221165" lon="42.3665515">
<ele>1452.0</ele>
</trkpt>
<trkpt lat="41.7224285" lon="42.3653835">
<ele>1477.0</ele>
</trkpt>
<trkpt lat="41.7225015" lon="42.3649135">
<ele>1485.75</ele>
</trkpt>
<trkpt lat="41.7225305" lon="42.3644955">
<ele>1495.0</ele>
</trkpt>
<trkpt lat="41.7225065" lon="42.3642415">
<ele>1500.25</ele>
</trkpt>
<trkpt lat="41.7224865" lon="42.3638505">
<ele>1508.25</ele>
</trkpt>
<trkpt lat="41.7225405" lon="42.3635235">
<ele>1515.0</ele>
</trkpt>
<trkpt lat="41.7226475" lon="42.3633085">
<ele>1519.25</ele>
</trkpt>
<trkpt lat="41.7228035" lon="42.3631585">
<ele>1521.75</ele>
</trkpt>
<trkpt lat="41.7230665" lon="42.3630145">
<ele>1524.0</ele>
</trkpt>
<trkpt lat="41.7233975" lon="42.3627215">
<ele>1528.75</ele>
</trkpt>
<trkpt lat="41.7236355" lon="42.3625325">
<ele>1532.25</ele>
</trkpt>
<trkpt lat="41.7238355" lon="42.3622515">
<ele>1535.5</ele>
</trkpt>
<trkpt lat="41.7239475" lon="42.3619845">
<ele>1538.5</ele>
</trkpt>
<trkpt lat="41.7240935" lon="42.3614495">
<ele>1542.5</ele>
</trkpt>
<trkpt lat="41.7242295" lon="42.3612665">
<ele>1544.5</ele>
</trkpt>
<trkpt lat="41.7245265" lon="42.3610445">
<ele>1551.75</ele>
</trkpt>
<trkpt lat="41.7247345" lon="42.3609345">
<ele>1556.5</ele>
</trkpt>
<trkpt lat="41.7248185" lon="42.3608315">
<ele>1559.0</ele>
</trkpt>
<trkpt lat="41.7250245" lon="42.3604805">
<ele>1562.25</ele>
</trkpt>
<trkpt lat="41.7251045" lon="42.3602255">
<ele>1563.25</ele>
</trkpt>
<trkpt lat="41.7251045" lon="42.3600495">
<ele>1562.5</ele>
</trkpt>
<trkpt lat="41.7251395" lon="42.3598855">
<ele>1562.0</ele>
</trkpt>
<trkpt lat="41.7252275" lon="42.3596515">
<ele>1561.25</ele>
</trkpt>
<trkpt lat="41.7253685" lon="42.3595485">
<ele>1563.25</ele>
</trkpt>
<trkpt lat="41.7255505" lon="42.3595055">
<ele>1566.5</ele>
</trkpt>
<trkpt lat="41.7256085" lon="42.3595995">
<ele>1569.0</ele>
</trkpt>
<trkpt lat="41.7255355" lon="42.3597165">
<ele>1569.0</ele>
</trkpt>
<trkpt lat="41.7254595" lon="42.3598625">
<ele>1569.25</ele>
</trkpt>
<trkpt lat="41.7255115" lon="42.3600655">
<ele>1572.5</ele>
</trkpt>
<trkpt lat="41.7256655" lon="42.3606085">
<ele>1578.0</ele>
</trkpt>
<trkpt lat="41.7256995" lon="42.3606705">
<ele>1579.0</ele>
</trkpt>
<trkpt lat="41.7257465" lon="42.3606685">
<ele>1580.25</ele>
</trkpt>
<trkpt lat="41.7257765" lon="42.3605745">
<ele>1580.5</ele>
</trkpt>
<trkpt lat="41.7258175" lon="42.3604105">
<ele>1581.0</ele>
</trkpt>
<trkpt lat="41.7258645" lon="42.3602825">
<ele>1581.5</ele>
</trkpt>
<trkpt lat="41.7259665" lon="42.3602435">
<ele>1583.0</ele>
</trkpt>
<trkpt lat="41.7264665" lon="42.3604615">
<ele>1593.25</ele>
</trkpt>
<trkpt lat="41.7266235" lon="42.3605495">
<ele>1597.0</ele>
</trkpt>
<trkpt lat="41.7268255" lon="42.3607435">
<ele>1602.75</ele>
</trkpt>
<trkpt lat="41.7268785" lon="42.3608315">
<ele>1605.0</ele>
</trkpt>
<trkpt lat="41.7270425" lon="42.3612245">
<ele>1607.75</ele>
</trkpt>
<trkpt lat="41.7271175" lon="42.3612425">
<ele>1609.5</ele>
</trkpt>
<trkpt lat="41.7271985" lon="42.3612235">
<ele>1611.5</ele>
</trkpt>
<trkpt lat="41.7272675" lon="42.3611055">
<ele>1613.0</ele>
</trkpt>
<trkpt lat="41.7273355" lon="42.3608465">
<ele>1613.75</ele>
</trkpt>
<trkpt lat="41.7273905" lon="42.3607045">
<ele>1612.75</ele>
</trkpt>
<trkpt lat="41.7273985" lon="42.3604905">
<ele>1609.5</ele>
</trkpt>
<trkpt lat="41.7274725" lon="42.3603595">
<ele>1608.5</ele>
</trkpt>
<trkpt lat="41.7275955" lon="42.3603475">
<ele>1609.25</ele>
</trkpt>
<trkpt lat="41.7277085" lon="42.3604215">
<ele>1611.25</ele>
</trkpt>
<trkpt lat="41.7280025" lon="42.3605305">
<ele>1616.25</ele>
</trkpt>
<trkpt lat="41.7282935" lon="42.3605495">
<ele>1619.25</ele>
</trkpt>
<trkpt lat="41.7285455" lon="42.3605895">
<ele>1619.5</ele>
</trkpt>
<trkpt lat="41.7288845" lon="42.3606965">
<ele>1618.75</ele>
</trkpt>
<trkpt lat="41.7295565" lon="42.3608085">
<ele>1622.75</ele>
</trkpt>
<trkpt lat="41.7296705" lon="42.3607975">
<ele>1624.5</ele>
</trkpt>
<trkpt lat="41.7298365" lon="42.3608545">
<ele>1628.25</ele>
</trkpt>
<trkpt lat="41.7300255" lon="42.3608305">
<ele>1630.5</ele>
</trkpt>
<trkpt lat="41.7301815" lon="42.3607915">
<ele>1633.25</ele>
</trkpt>
<trkpt lat="41.7305385" lon="42.3608135">
<ele>1640.75</ele>
</trkpt>
<trkpt lat="41.7306515" lon="42.3608855">
<ele>1644.5</ele>
</trkpt>
<trkpt lat="41.7307925" lon="42.3606225">
<ele>1643.5</ele>
</trkpt>
<trkpt lat="41.7309605" lon="42.3604905">
<ele>1646.0</ele>
</trkpt>
<trkpt lat="41.7312235" lon="42.3605225">
<ele>1652.75</ele>
</trkpt>
<trkpt lat="41.7313875" lon="42.3603315">
<ele>1655.75</ele>
</trkpt>
<trkpt lat="41.7312275" lon="42.3600535">
<ele>1649.5</ele>
</trkpt>
<trkpt lat="41.7312085" lon="42.3599545">
<ele>1650.25</ele>
</trkpt>
<trkpt lat="41.7311165" lon="42.3597335">
<ele>1655.0</ele>
</trkpt>
<trkpt lat="41.7310255" lon="42.3596075">
<ele>1657.0</ele>
</trkpt>
<trkpt lat="41.7308915" lon="42.3595345">
<ele>1655.75</ele>
</trkpt>
<trkpt lat="41.7306555" lon="42.3594395">
<ele>1653.5</ele>
</trkpt>
<trkpt lat="41.7305335" lon="42.3593555">
<ele>1653.5</ele>
</trkpt>
<trkpt lat="41.7304265" lon="42.3591995">
<ele>1655.5</ele>
</trkpt>
<trkpt lat="41.7303235" lon="42.3590165">
<ele>1658.0</ele>
</trkpt>
<trkpt lat="41.7301445" lon="42.3587995">
<ele>1658.25</ele>
</trkpt>
<trkpt lat="41.7300295" lon="42.3586015">
<ele>1658.75</ele>
</trkpt>
<trkpt lat="41.7299665" lon="42.3583965">
<ele>1661.5</ele>
</trkpt>
<trkpt lat="41.7299535" lon="42.3581555">
<ele>1664.5</ele>
</trkpt>
<trkpt lat="41.7299975" lon="42.3579175">
<ele>1668.75</ele>
</trkpt>
<trkpt lat="41.7301485" lon="42.3573155">
<ele>1682.5</ele>
</trkpt>
<trkpt lat="41.7302485" lon="42.3571565">
<ele>1688.5</ele>
</trkpt>
<trkpt lat="41.7302445" lon="42.3570635">
<ele>1689.25</ele>
</trkpt>
<trkpt lat="41.7302505" lon="42.3568725">
<ele>1691.25</ele>
</trkpt>
<trkpt lat="41.7301785" lon="42.3565855">
<ele>1692.0</ele>
</trkpt>
<trkpt lat="41.7299915" lon="42.3562545">
<ele>1692.5</ele>
</trkpt>
<trkpt lat="41.7297205" lon="42.3558845">
<ele>1689.25</ele>
</trkpt>
<trkpt lat="41.7296495" lon="42.3556105">
<ele>1691.5</ele>
</trkpt>
<trkpt lat="41.7296555" lon="42.3553625">
<ele>1696.0</ele>
</trkpt>
<trkpt lat="41.7297205" lon="42.3552355">
<ele>1699.25</ele>
</trkpt>
<trkpt lat="41.7296905" lon="42.3551825">
<ele>1699.5</ele>
</trkpt>
<trkpt lat="41.7296255" lon="42.3551445">
<ele>1699.25</ele>
</trkpt>
<trkpt lat="41.7294415" lon="42.3550605">
<ele>1698.25</ele>
</trkpt>
<trkpt lat="41.7293205" lon="42.3549655">
<ele>1698.75</ele>
</trkpt>
<trkpt lat="41.7292725" lon="42.3548455">
<ele>1699.5</ele>
</trkpt>
<trkpt lat="41.7293655" lon="42.3547455">
<ele>1701.0</ele>
</trkpt>
<trkpt lat="41.7295185" lon="42.3547325">
<ele>1702.25</ele>
</trkpt>
<trkpt lat="41.7296405" lon="42.3546675">
<ele>1703.25</ele>
</trkpt>
<trkpt lat="41.7298165" lon="42.3545245">
<ele>1704.5</ele>
</trkpt>
<trkpt lat="41.7298925" lon="42.3544145">
<ele>1705.0</ele>
</trkpt>
<trkpt lat="41.7300215" lon="42.3544195">
<ele>1705.25</ele>
</trkpt>
<trkpt lat="41.7301515" lon="42.3544765">
<ele>1706.25</ele>
</trkpt>
<trkpt lat="41.7304225" lon="42.3546405">
<ele>1708.25</ele>
</trkpt>
<trkpt lat="41.7307505" lon="42.3547515">
<ele>1710.75</ele>
</trkpt>
<trkpt lat="41.7308805" lon="42.3548275">
<ele>1711.75</ele>
</trkpt>
<trkpt lat="41.7311125" lon="42.3548925">
<ele>1713.75</ele>
</trkpt>
<trkpt lat="41.7313115" lon="42.3549645">
<ele>1715.75</ele>
</trkpt>
<trkpt lat="41.7315205" lon="42.3549865">
<ele>1717.5</ele>
</trkpt>
<trkpt lat="41.7320315" lon="42.3548865">
<ele>1720.25</ele>
</trkpt>
<trkpt lat="41.7324595" lon="42.3547765">
<ele>1721.75</ele>
</trkpt>
<trkpt lat="41.7327075" lon="42.3547165">
<ele>1723.5</ele>
</trkpt>
<trkpt lat="41.7329935" lon="42.3546595">
<ele>1726.0</ele>
</trkpt>
<trkpt lat="41.7332525" lon="42.3546445">
<ele>1728.5</ele>
</trkpt>
<trkpt lat="41.7333525" lon="42.3545675">
<ele>1729.25</ele>
</trkpt>
<trkpt lat="41.7334895" lon="42.3544955">
<ele>1731.5</ele>
</trkpt>
<trkpt lat="41.7336055" lon="42.3542645">
<ele>1732.25</ele>
</trkpt>
<trkpt lat="41.7336545" lon="42.3540075">
<ele>1733.0</ele>
</trkpt>
<trkpt lat="41.7336725" lon="42.3537595">
<ele>1733.75</ele>
</trkpt>
<trkpt lat="41.7339615" lon="42.3533875">
<ele>1743.25</ele>
</trkpt>
<trkpt lat="41.7340175" lon="42.3531725">
<ele>1746.0</ele>
</trkpt>
<trkpt lat="41.7341535" lon="42.3530335">
<ele>1751.25</ele>
</trkpt>
<trkpt lat="41.7342175" lon="42.3521425">
<ele>1764.0</ele>
</trkpt>
<trkpt lat="41.7341135" lon="42.3514135">
<ele>1772.25</ele>
</trkpt>
<trkpt lat="41.7342015" lon="42.3507805">
<ele>1784.5</ele>
</trkpt>
<trkpt lat="41.7344575" lon="42.3501585">
<ele>1793.5</ele>
</trkpt>
<trkpt lat="41.7349705" lon="42.3495685">
<ele>1806.75</ele>
</trkpt>
<trkpt lat="41.7352025" lon="42.3491285">
<ele>1811.5</ele>
</trkpt>
<trkpt lat="41.7355945" lon="42.3489245">
<ele>1827.25</ele>
</trkpt>
<trkpt lat="41.7359305" lon="42.3489135">
<ele>1841.5</ele>
</trkpt>
<trkpt lat="41.7355705" lon="42.3477335">
<ele>1834.75</ele>
</trkpt>
<trkpt lat="41.7358345" lon="42.3473045">
<ele>1855.0</ele>
</trkpt>
<trkpt lat="41.7356905" lon="42.3467465">
<ele>1853.75</ele>
</trkpt>
<trkpt lat="41.7355305" lon="42.3459845">
<ele>1860.25</ele>
</trkpt>
<trkpt lat="41.7353705" lon="42.3454485">
<ele>1862.25</ele>
</trkpt>
<trkpt lat="41.7354525" lon="42.3447335">
<ele>1875.5</ele>
</trkpt>
<trkpt lat="41.7357225" lon="42.3442895">
<ele>1888.75</ele>
</trkpt>
<trkpt lat="41.7360435" lon="42.3427125">
<ele>1925.25</ele>
</trkpt>
<trkpt lat="41.7361155" lon="42.3424865">
<ele>1931.0</ele>
</trkpt>
<trkpt lat="41.7362275" lon="42.3412745">
<ele>1947.75</ele>
</trkpt>
<trkpt lat="41.7367315" lon="42.3407485">
<ele>1949.0</ele>
</trkpt>
<trkpt lat="41.7375565" lon="42.3399125">
<ele>1943.5</ele>
</trkpt>
<trkpt lat="41.7383525" lon="42.3396535">
<ele>1953.75</ele>
</trkpt>
<trkpt lat="41.7386025" lon="42.3394705">
<ele>1948.75</ele>
</trkpt>
<trkpt lat="41.7388535" lon="42.3393545">
<ele>1945.5</ele>
</trkpt>
<trkpt lat="41.7390815" lon="42.3393125">
<ele>1945.25</ele>
</trkpt>
<trkpt lat="41.7393535" lon="42.3393045">
<ele>1950.25</ele>
</trkpt>
<trkpt lat="41.7395135" lon="42.3395135">
<ele>1962.5</ele>
</trkpt>
<trkpt lat="41.7397815" lon="42.3391825">
<ele>1957.75</ele>
</trkpt>
<trkpt lat="41.7396295" lon="42.3381315">
<ele>1940.0</ele>
</trkpt>
<trkpt lat="41.7397815" lon="42.3379165">
<ele>1947.25</ele>
</trkpt>
<trkpt lat="41.7401265" lon="42.3374875">
<ele>1960.25</ele>
</trkpt>
<trkpt lat="41.7408135" lon="42.3369195">
<ele>1961.75</ele>
</trkpt>
<trkpt lat="41.7411175" lon="42.3368565">
<ele>1961.25</ele>
</trkpt>
<trkpt lat="41.7414235" lon="42.3368605">
<ele>1962.75</ele>
</trkpt>
<trkpt lat="41.7420235" lon="42.3370045">
<ele>1974.5</ele>
</trkpt>
<trkpt lat="41.7424795" lon="42.3369505">
<ele>1979.0</ele>
</trkpt>
<trkpt lat="41.7428705" lon="42.3368325">
<ele>1983.25</ele>
</trkpt>
<trkpt lat="41.7430495" lon="42.3366955">
<ele>1983.5</ele>
</trkpt>
<trkpt lat="41.7431805" lon="42.3364745">
<ele>1985.75</ele>
</trkpt>
<trkpt lat="41.7432525" lon="42.3363265">
<ele>1987.0</ele>
</trkpt>
<trkpt lat="41.7433685" lon="42.3361465">
<ele>1988.75</ele>
</trkpt>
<trkpt lat="41.7435145" lon="42.3360765">
<ele>1990.75</ele>
</trkpt>
<trkpt lat="41.7436805" lon="42.3361245">
<ele>1993.5</ele>
</trkpt>
<trkpt lat="41.7438365" lon="42.3363055">
<ele>1997.75</ele>
</trkpt>
<trkpt lat="41.7438895" lon="42.3364335">
<ele>2000.25</ele>
</trkpt>
<trkpt lat="41.7439445" lon="42.3361955">
<ele>1998.25</ele>
</trkpt>
<trkpt lat="41.7442005" lon="42.3355885">
<ele>1992.5</ele>
</trkpt>
<trkpt lat="41.7445535" lon="42.3350845">
<ele>1996.25</ele>
</trkpt>
<trkpt lat="41.7449855" lon="42.3346975">
<ele>2005.5</ele>
</trkpt>
<trkpt lat="41.7450575" lon="42.3342575">
<ele>2001.25</ele>
</trkpt>
<trkpt lat="41.7452415" lon="42.3338505">
<ele>2010.75</ele>
</trkpt>
<trkpt lat="41.7450495" lon="42.3334745">
<ele>1996.75</ele>
</trkpt>
<trkpt lat="41.7450655" lon="42.3331635">
<ele>2000.0</ele>
</trkpt>
<trkpt lat="41.7451295" lon="42.3328735">
<ele>2008.25</ele>
</trkpt>
<trkpt lat="41.7448335" lon="42.3324445">
<ele>2001.0</ele>
</trkpt>
<trkpt lat="41.7446895" lon="42.3317475">
<ele>2011.75</ele>
</trkpt>
<trkpt lat="41.7441125" lon="42.3313825">
<ele>1995.75</ele>
</trkpt>
<trkpt lat="41.7440005" lon="42.3311465">
<ele>1993.25</ele>
</trkpt>
<trkpt lat="41.7441445" lon="42.3304175">
<ele>1995.75</ele>
</trkpt>
<trkpt lat="41.7445615" lon="42.3299125">
<ele>1998.75</ele>
</trkpt>
<trkpt lat="41.7455375" lon="42.3294835">
<ele>2003.25</ele>
</trkpt>
<trkpt lat="41.7462905" lon="42.3292175">
<ele>1998.0</ele>
</trkpt>
<trkpt lat="41.7464995" lon="42.3291835">
<ele>1998.75</ele>
</trkpt>
<trkpt lat="41.7468055" lon="42.3290205">
<ele>1995.5</ele>
</trkpt>
<trkpt lat="41.7471825" lon="42.3290045">
<ele>1996.25</ele>
</trkpt>
<trkpt lat="41.7474625" lon="42.3288305">
<ele>1993.5</ele>
</trkpt>
<trkpt lat="41.7476685" lon="42.3289195">
<ele>1993.5</ele>
</trkpt>
<trkpt lat="41.7477645" lon="42.3289195">
<ele>1992.25</ele>
</trkpt>
<trkpt lat="41.7480695" lon="42.3291105">
<ele>1990.75</ele>
</trkpt>
<trkpt lat="41.7483635" lon="42.3292225">
<ele>1987.5</ele>
</trkpt>
<trkpt lat="41.7486435" lon="42.3292345">
<ele>1986.25</ele>
</trkpt>
<trkpt lat="41.7487765" lon="42.3292075">
<ele>1985.25</ele>
</trkpt>
<trkpt lat="41.7491665" lon="42.3293365">
<ele>1984.0</ele>
</trkpt>
<trkpt lat="41.7496785" lon="42.3293705">
<ele>1979.25</ele>
</trkpt>
<trkpt lat="41.7504165" lon="42.3296315">
<ele>1972.5</ele>
</trkpt>
<trkpt lat="41.7508835" lon="42.3299555">
<ele>1963.5</ele>
</trkpt>
<trkpt lat="41.7511525" lon="42.3302485">
<ele>1968.25</ele>
</trkpt>
<trkpt lat="41.7513115" lon="42.3303395">
<ele>1969.25</ele>
</trkpt>
<trkpt lat="41.7513315" lon="42.3303465">
<ele>1969.25</ele>
</trkpt>
<trkpt lat="41.7513795" lon="42.3303815">
<ele>1969.5</ele>
</trkpt>
<trkpt lat="41.7514355" lon="42.3305995">
<ele>1967.75</ele>
</trkpt>
<trkpt lat="41.7515495" lon="42.3309055">
<ele>1965.25</ele>
</trkpt>
<trkpt lat="41.7517125" lon="42.3311865">
<ele>1965.25</ele>
</trkpt>
<trkpt lat="41.7519295" lon="42.3314175">
<ele>1965.75</ele>
</trkpt>
<trkpt lat="41.7520365" lon="42.3314735">
<ele>1965.25</ele>
</trkpt>
<trkpt lat="41.7521225" lon="42.3314385">
<ele>1964.5</ele>
</trkpt>
<trkpt lat="41.7522945" lon="42.3313175">
<ele>1963.5</ele>
</trkpt>
<trkpt lat="41.7525325" lon="42.3312655">
<ele>1962.5</ele>
</trkpt>
<trkpt lat="41.7527725" lon="42.3311605">
<ele>1960.5</ele>
</trkpt>
<trkpt lat="41.7530515" lon="42.3309245">
<ele>1955.5</ele>
</trkpt>
<trkpt lat="41.7531235" lon="42.3308905">
<ele>1954.0</ele>
</trkpt>
<trkpt lat="41.7535465" lon="42.3309295">
<ele>1950.25</ele>
</trkpt>
<trkpt lat="41.7537325" lon="42.3308635">
<ele>1948.0</ele>
</trkpt>
<trkpt lat="41.7538835" lon="42.3306895">
<ele>1949.75</ele>
</trkpt>
<trkpt lat="41.7540515" lon="42.3306665">
<ele>1949.25</ele>
</trkpt>
<trkpt lat="41.7543465" lon="42.3305005">
<ele>1949.25</ele>
</trkpt>
<trkpt lat="41.7545915" lon="42.3305225">
<ele>1945.0</ele>
</trkpt>
<trkpt lat="41.7546815" lon="42.3304905">
<ele>1944.0</ele>
</trkpt>
<trkpt lat="41.7548465" lon="42.3302935">
<ele>1942.25</ele>
</trkpt>
<trkpt lat="41.7549015" lon="42.3302885">
<ele>1941.25</ele>
</trkpt>
<trkpt lat="41.7549605" lon="42.3303285">
<ele>1939.75</ele>
</trkpt>
<trkpt lat="41.7549075" lon="42.3301895">
<ele>1941.5</ele>
</trkpt>
<trkpt lat="41.7548935" lon="42.3300545">
<ele>1942.5</ele>
</trkpt>
<trkpt lat="41.7549775" lon="42.3298105">
<ele>1943.5</ele>
</trkpt>
<trkpt lat="41.7549915" lon="42.3295395">
<ele>1947.25</ele>
</trkpt>
<trkpt lat="41.7550125" lon="42.3293145">
<ele>1950.5</ele>
</trkpt>
<trkpt lat="41.7550885" lon="42.3292045">
<ele>1952.25</ele>
</trkpt>
<trkpt lat="41.7550995" lon="42.3292085">
<ele>1952.0</ele>
</trkpt>
<trkpt lat="41.7552595" lon="42.3292575">
<ele>1951.25</ele>
</trkpt>
<trkpt lat="41.7554435" lon="42.3291965">
<ele>1952.0</ele>
</trkpt>
<trkpt lat="41.7558975" lon="42.3291625">
<ele>1952.0</ele>
</trkpt>
<trkpt lat="41.7561065" lon="42.3290665">
<ele>1954.5</ele>
</trkpt>
<trkpt lat="41.7562785" lon="42.3290665">
<ele>1954.5</ele>
</trkpt>
<trkpt lat="41.7564505" lon="42.3289675">
<ele>1957.5</ele>
</trkpt>
<trkpt lat="41.7570415" lon="42.3287885">
<ele>1960.75</ele>
</trkpt>
<trkpt lat="41.7571595" lon="42.3287195">
<ele>1961.5</ele>
</trkpt>
<trkpt lat="41.7572475" lon="42.3286895">
<ele>1961.5</ele>
</trkpt>
<trkpt lat="41.7573505" lon="42.3286015">
<ele>1962.25</ele>
</trkpt>
<trkpt lat="41.7574005" lon="42.3285865">
<ele>1962.0</ele>
</trkpt>
<trkpt lat="41.7576025" lon="42.3284605">
<ele>1962.5</ele>
</trkpt>
<trkpt lat="41.7576445" lon="42.3284255">
<ele>1962.5</ele>
</trkpt>
<trkpt lat="41.7577505" lon="42.3282465">
<ele>1965.0</ele>
</trkpt>
<trkpt lat="41.7579605" lon="42.3279795">
<ele>1968.25</ele>
</trkpt>
<trkpt lat="41.7580945" lon="42.3276895">
<ele>1971.25</ele>
</trkpt>
<trkpt lat="41.7582625" lon="42.3274495">
<ele>1971.0</ele>
</trkpt>
<trkpt lat="41.7584285" lon="42.3272615">
<ele>1973.0</ele>
</trkpt>
<trkpt lat="41.7585825" lon="42.3271895">
<ele>1973.0</ele>
</trkpt>
<trkpt lat="41.7588005" lon="42.3269915">
<ele>1973.75</ele>
</trkpt>
<trkpt lat="41.7591205" lon="42.3265335">
<ele>1973.5</ele>
</trkpt>
<trkpt lat="41.7593565" lon="42.3263395">
<ele>1973.0</ele>
</trkpt>
<trkpt lat="41.7593985" lon="42.3263165">
<ele>1972.75</ele>
</trkpt>
<trkpt lat="41.7595345" lon="42.3262795">
<ele>1971.5</ele>
</trkpt>
<trkpt lat="41.7597815" lon="42.3261905">
<ele>1968.75</ele>
</trkpt>
<trkpt lat="41.7600755" lon="42.3262285">
<ele>1966.0</ele>
</trkpt>
<trkpt lat="41.7602155" lon="42.3262985">
<ele>1967.25</ele>
</trkpt>
<trkpt lat="41.7603805" lon="42.3263335">
<ele>1969.25</ele>
</trkpt>
<trkpt lat="41.7606245" lon="42.3264165">
<ele>1972.5</ele>
</trkpt>
<trkpt lat="41.7607465" lon="42.3263555">
<ele>1974.25</ele>
</trkpt>
<trkpt lat="41.7610045" lon="42.3261405">
<ele>1977.0</ele>
</trkpt>
<trkpt lat="41.7610655" lon="42.3261405">
<ele>1977.5</ele>
</trkpt>
<trkpt lat="41.7611915" lon="42.3261635">
<ele>1978.75</ele>
</trkpt>
<trkpt lat="41.7614135" lon="42.3263355">
<ele>1979.75</ele>
</trkpt>
<trkpt lat="41.7617985" lon="42.3263775">
<ele>1983.0</ele>
</trkpt>
<trkpt lat="41.7620315" lon="42.3263505">
<ele>1986.5</ele>
</trkpt>
<trkpt lat="41.7621425" lon="42.3264355">
<ele>1986.25</ele>
</trkpt>
<trkpt lat="41.7622245" lon="42.3265485">
<ele>1984.75</ele>
</trkpt>
<trkpt lat="41.7623625" lon="42.3266835">
<ele>1983.25</ele>
</trkpt>
<trkpt lat="41.7625395" lon="42.3267245">
<ele>1984.75</ele>
</trkpt>
<trkpt lat="41.7626905" lon="42.3267205">
<ele>1985.5</ele>
</trkpt>
<trkpt lat="41.7628325" lon="42.3266975">
<ele>1986.0</ele>
</trkpt>
<trkpt lat="41.7631985" lon="42.3267775">
<ele>1987.75</ele>
</trkpt>
<trkpt lat="41.7633365" lon="42.3267925">
<ele>1988.25</ele>
</trkpt>
<trkpt lat="41.7634635" lon="42.3267645">
<ele>1989.0</ele>
</trkpt>
<trkpt lat="41.7639115" lon="42.3264655">
<ele>1996.0</ele>
</trkpt>
<trkpt lat="41.7643315" lon="42.3263275">
<ele>1999.5</ele>
</trkpt>
<trkpt lat="41.7644575" lon="42.3262705">
<ele>2000.5</ele>
</trkpt>
<trkpt lat="41.7646365" lon="42.3261335">
<ele>2000.75</ele>
</trkpt>
<trkpt lat="41.7648115" lon="42.3259345">
<ele>1998.25</ele>
</trkpt>
<trkpt lat="41.7649225" lon="42.3257255">
<ele>1996.75</ele>
</trkpt>
<trkpt lat="41.7649305" lon="42.3256185">
<ele>1998.25</ele>
</trkpt>
<trkpt lat="41.7649955" lon="42.3254235">
<ele>1999.5</ele>
</trkpt>
<trkpt lat="41.7652755" lon="42.3249475">
<ele>2003.25</ele>
</trkpt>
<trkpt lat="41.7654655" lon="42.3247855">
<ele>2002.75</ele>
</trkpt>
<trkpt lat="41.7655545" lon="42.3247645">
<ele>2001.5</ele>
</trkpt>
<trkpt lat="41.7656705" lon="42.3246035">
<ele>2000.25</ele>
</trkpt>
<trkpt lat="41.7658035" lon="42.3242985">
<ele>1997.75</ele>
</trkpt>
<trkpt lat="41.7658225" lon="42.3241615">
<ele>1997.25</ele>
</trkpt>
<trkpt lat="41.7659295" lon="42.3239855">
<ele>2000.0</ele>
</trkpt>
<trkpt lat="41.7660595" lon="42.3238635">
<ele>2001.75</ele>
</trkpt>
<trkpt lat="41.7660705" lon="42.3238065">
<ele>2002.5</ele>
</trkpt>
<trkpt lat="41.7662235" lon="42.3235045">
<ele>2005.75</ele>
</trkpt>
<trkpt lat="41.7664065" lon="42.3233525">
<ele>2006.25</ele>
</trkpt>
<trkpt lat="41.7666515" lon="42.3230955">
<ele>2006.75</ele>
</trkpt>
<trkpt lat="41.7670315" lon="42.3226735">
<ele>2013.25</ele>
</trkpt>
<trkpt lat="41.7671385" lon="42.3223565">
<ele>2017.25</ele>
</trkpt>
<trkpt lat="41.7671305" lon="42.3221285">
<ele>2019.25</ele>
</trkpt>
<trkpt lat="41.7673965" lon="42.3217955">
<ele>2024.25</ele>
</trkpt>
<trkpt lat="41.7675295" lon="42.3217025">
<ele>2026.5</ele>
</trkpt>
<trkpt lat="41.7674845" lon="42.3215355">
<ele>2026.25</ele>
</trkpt>
<trkpt lat="41.7674995" lon="42.3212715">
<ele>2027.25</ele>
</trkpt>
<trkpt lat="41.7675685" lon="42.3210845">
<ele>2030.5</ele>
</trkpt>
<trkpt lat="41.7675445" lon="42.3209425">
<ele>2030.25</ele>
</trkpt>
<trkpt lat="41.7675415" lon="42.3206735">
<ele>2030.75</ele>
</trkpt>
<trkpt lat="41.7674745" lon="42.3203805">
<ele>2030.0</ele>
</trkpt>
<trkpt lat="41.7674625" lon="42.3201375">
<ele>2030.75</ele>
</trkpt>
<trkpt lat="41.7674995" lon="42.3199375">
<ele>2031.75</ele>
</trkpt>
<trkpt lat="41.7672935" lon="42.3197385">
<ele>2034.75</ele>
</trkpt>
<trkpt lat="41.7673135" lon="42.3196305">
<ele>2036.0</ele>
</trkpt>
<trkpt lat="41.7674775" lon="42.3196625">
<ele>2036.0</ele>
</trkpt>
<trkpt lat="41.7677965" lon="42.3196265">
<ele>2044.0</ele>
</trkpt>
<trkpt lat="41.7678635" lon="42.3196625">
<ele>2045.25</ele>
</trkpt>
<trkpt lat="41.7679025" lon="42.3197925">
<ele>2044.75</ele>
</trkpt>
<trkpt lat="41.7679875" lon="42.3199975">
<ele>2045.0</ele>
</trkpt>
<trkpt lat="41.7679905" lon="42.3200725">
<ele>2045.25</ele>
</trkpt>
<trkpt lat="41.7679315" lon="42.3201785">
<ele>2043.75</ele>
</trkpt>
<trkpt lat="41.7679405" lon="42.3203335">
<ele>2044.5</ele>
</trkpt>
<trkpt lat="41.7680435" lon="42.3206245">
<ele>2049.0</ele>
</trkpt>
<trkpt lat="41.7680835" lon="42.3207555">
<ele>2051.0</ele>
</trkpt>
<trkpt lat="41.7680305" lon="42.3209085">
<ele>2048.75</ele>
</trkpt>
<trkpt lat="41.7680035" lon="42.3212725">
<ele>2045.0</ele>
</trkpt>
<trkpt lat="41.7681265" lon="42.3214415">
<ele>2048.0</ele>
</trkpt>
<trkpt lat="41.7682605" lon="42.3215295">
<ele>2051.75</ele>
</trkpt>
<trkpt lat="41.7684125" lon="42.3216475">
<ele>2055.75</ele>
</trkpt>
<trkpt lat="41.7684785" lon="42.3218575">
<ele>2053.25</ele>
</trkpt>
<trkpt lat="41.7685625" lon="42.3220055">
<ele>2052.5</ele>
</trkpt>
<trkpt lat="41.7686385" lon="42.3220745">
<ele>2053.0</ele>
</trkpt>
<trkpt lat="41.7687865" lon="42.3221625">
<ele>2054.75</ele>
</trkpt>
<trkpt lat="41.7689145" lon="42.3221775">
<ele>2057.75</ele>
</trkpt>
<trkpt lat="41.7690695" lon="42.3222235">
<ele>2060.75</ele>
</trkpt>
<trkpt lat="41.7692635" lon="42.3221355">
<ele>2064.75</ele>
</trkpt>
<trkpt lat="41.7693515" lon="42.3221505">
<ele>2063.5</ele>
</trkpt>
<trkpt lat="41.7694235" lon="42.3222155">
<ele>2061.0</ele>
</trkpt>
<trkpt lat="41.7694885" lon="42.3223295">
<ele>2057.25</ele>
</trkpt>
<trkpt lat="41.7695575" lon="42.3224135">
<ele>2054.5</ele>
</trkpt>
<trkpt lat="41.7696335" lon="42.3224365">
<ele>2053.25</ele>
</trkpt>
<trkpt lat="41.7696945" lon="42.3223795">
<ele>2054.25</ele>
</trkpt>
<trkpt lat="41.7697065" lon="42.3222765">
<ele>2056.75</ele>
</trkpt>
<trkpt lat="41.7694655" lon="42.3218305">
<ele>2071.25</ele>
</trkpt>
<trkpt lat="41.7694085" lon="42.3217925">
<ele>2073.0</ele>
</trkpt>
<trkpt lat="41.7692595" lon="42.3218185">
<ele>2074.25</ele>
</trkpt>
<trkpt lat="41.7690845" lon="42.3217955">
<ele>2073.5</ele>
</trkpt>
<trkpt lat="41.7689165" lon="42.3217195">
<ele>2070.25</ele>
</trkpt>
<trkpt lat="41.7688555" lon="42.3216355">
<ele>2070.25</ele>
</trkpt>
<trkpt lat="41.7688215" lon="42.3215405">
<ele>2070.25</ele>
</trkpt>
<trkpt lat="41.7687945" lon="42.3211855">
<ele>2073.5</ele>
</trkpt>
<trkpt lat="41.7687565" lon="42.3210675">
<ele>2073.5</ele>
</trkpt>
<trkpt lat="41.7687445" lon="42.3209605">
<ele>2074.25</ele>
</trkpt>
<trkpt lat="41.7687865" lon="42.3208885">
<ele>2076.5</ele>
</trkpt>
<trkpt lat="41.7689055" lon="42.3207925">
<ele>2081.25</ele>
</trkpt>
<trkpt lat="41.7690465" lon="42.3205795">
<ele>2086.0</ele>
</trkpt>
<trkpt lat="41.7691985" lon="42.3205295">
<ele>2090.25</ele>
</trkpt>
<trkpt lat="41.7693055" lon="42.3203925">
<ele>2089.5</ele>
</trkpt>
<trkpt lat="41.7694125" lon="42.3202315">
<ele>2089.0</ele>
</trkpt>
<trkpt lat="41.7694395" lon="42.3201515">
<ele>2089.0</ele>
</trkpt>
<trkpt lat="41.7694355" lon="42.3200605">
<ele>2089.0</ele>
</trkpt>
<trkpt lat="41.7693785" lon="42.3198775">
<ele>2090.0</ele>
</trkpt>
<trkpt lat="41.7693475" lon="42.3194685">
<ele>2092.75</ele>
</trkpt>
<trkpt lat="41.7692715" lon="42.3191905">
<ele>2094.5</ele>
</trkpt>
<trkpt lat="41.7692945" lon="42.3186985">
<ele>2099.5</ele>
</trkpt>
<trkpt lat="41.7693665" lon="42.3181645">
<ele>2105.5</ele>
</trkpt>
<trkpt lat="41.7693625" lon="42.3180115">
<ele>2106.75</ele>
</trkpt>
<trkpt lat="41.7693095" lon="42.3178855">
<ele>2106.75</ele>
</trkpt>
<trkpt lat="41.7692005" lon="42.3176745">
<ele>2105.75</ele>
</trkpt>
<trkpt lat="41.7692155" lon="42.3174395">
<ele>2107.5</ele>
</trkpt>
<trkpt lat="41.7692725" lon="42.3173275">
<ele>2109.75</ele>
</trkpt>
<trkpt lat="41.7693355" lon="42.3173455">
<ele>2111.0</ele>
</trkpt>
<trkpt lat="41.7693645" lon="42.3175935">
<ele>2110.0</ele>
</trkpt>
<trkpt lat="41.7694505" lon="42.3176985">
<ele>2111.25</ele>
</trkpt>
<trkpt lat="41.7695425" lon="42.3178365">
<ele>2111.75</ele>
</trkpt>
<trkpt lat="41.7696195" lon="42.3178645">
<ele>2113.0</ele>
</trkpt>
<trkpt lat="41.7697365" lon="42.3177545">
<ele>2116.75</ele>
</trkpt>
<trkpt lat="41.7697865" lon="42.3176125">
<ele>2119.75</ele>
</trkpt>
<trkpt lat="41.7699085" lon="42.3175245">
<ele>2124.25</ele>
</trkpt>
<trkpt lat="41.7700305" lon="42.3175425">
<ele>2126.5</ele>
</trkpt>
<trkpt lat="41.7702595" lon="42.3176695">
<ele>2127.5</ele>
</trkpt>
<trkpt lat="41.7704145" lon="42.3176595">
<ele>2130.0</ele>
</trkpt>
<trkpt lat="41.7705305" lon="42.3175245">
<ele>2134.5</ele>
</trkpt>
<trkpt lat="41.7706475" lon="42.3174705">
<ele>2136.75</ele>
</trkpt>
<trkpt lat="41.7707625" lon="42.3175385">
<ele>2137.75</ele>
</trkpt>
<trkpt lat="41.7709695" lon="42.3176905">
<ele>2137.0</ele>
</trkpt>
<trkpt lat="41.7711655" lon="42.3176725">
<ele>2140.25</ele>
</trkpt>
<trkpt lat="41.7714035" lon="42.3176265">
<ele>2144.25</ele>
</trkpt>
<trkpt lat="41.7714805" lon="42.3176305">
<ele>2145.25</ele>
</trkpt>
<trkpt lat="41.7715445" lon="42.3176875">
<ele>2145.25</ele>
</trkpt>
<trkpt lat="41.7715985" lon="42.3177145">
<ele>2145.5</ele>
</trkpt>
<trkpt lat="41.7716555" lon="42.3177065">
<ele>2146.5</ele>
</trkpt>
<trkpt lat="41.7718115" lon="42.3176115">
<ele>2149.5</ele>
</trkpt>
<trkpt lat="41.7721245" lon="42.3176155">
<ele>2152.5</ele>
</trkpt>
<trkpt lat="41.7721815" lon="42.3176345">
<ele>2153.0</ele>
</trkpt>
<trkpt lat="41.7722505" lon="42.3176115">
<ele>2154.0</ele>
</trkpt>
<trkpt lat="41.7725065" lon="42.3173405">
<ele>2156.0</ele>
</trkpt>
<trkpt lat="41.7725635" lon="42.3173095">
<ele>2155.75</ele>
</trkpt>
<trkpt lat="41.7727195" lon="42.3173405">
<ele>2156.5</ele>
</trkpt>
<trkpt lat="41.7727885" lon="42.3172905">
<ele>2156.25</ele>
</trkpt>
<trkpt lat="41.7729105" lon="42.3171305">
<ele>2156.0</ele>
</trkpt>
<trkpt lat="41.7731775" lon="42.3169135">
<ele>2158.0</ele>
</trkpt>
<trkpt lat="41.7733605" lon="42.3166725">
<ele>2161.0</ele>
</trkpt>
<trkpt lat="41.7735555" lon="42.3163295">
<ele>2161.75</ele>
</trkpt>
<trkpt lat="41.7736205" lon="42.3162765">
<ele>2162.5</ele>
</trkpt>
<trkpt lat="41.7738675" lon="42.3161485">
<ele>2166.0</ele>
</trkpt>
<trkpt lat="41.7740165" lon="42.3160925">
<ele>2168.5</ele>
</trkpt>
<trkpt lat="41.7741575" lon="42.3160665">
<ele>2171.0</ele>
</trkpt>
<trkpt lat="41.7742915" lon="42.3161005">
<ele>2175.0</ele>
</trkpt>
<trkpt lat="41.7743675" lon="42.3161615">
<ele>2177.25</ele>
</trkpt>
<trkpt lat="41.7744745" lon="42.3162875">
<ele>2180.5</ele>
</trkpt>
<trkpt lat="41.7745965" lon="42.3164935">
<ele>2184.5</ele>
</trkpt>
<trkpt lat="41.7746345" lon="42.3166005">
<ele>2185.75</ele>
</trkpt>
<trkpt lat="41.7746505" lon="42.3169855">
<ele>2181.25</ele>
</trkpt>
<trkpt lat="41.7746725" lon="42.3171035">
<ele>2180.25</ele>
</trkpt>
<trkpt lat="41.7748335" lon="42.3173825">
<ele>2180.25</ele>
</trkpt>
<trkpt lat="41.7748825" lon="42.3174395">
<ele>2180.75</ele>
</trkpt>
<trkpt lat="41.7754715" lon="42.3176545">
<ele>2189.25</ele>
</trkpt>
<trkpt lat="41.7756885" lon="42.3177415">
<ele>2191.75</ele>
</trkpt>
<trkpt lat="41.7758645" lon="42.3178715">
<ele>2192.75</ele>
</trkpt>
<trkpt lat="41.7760375" lon="42.3179035">
<ele>2196.5</ele>
</trkpt>
<trkpt lat="41.7761725" lon="42.3178985">
<ele>2200.25</ele>
</trkpt>
<trkpt lat="41.7762525" lon="42.3180035">
<ele>2199.25</ele>
</trkpt>
<trkpt lat="41.7764175" lon="42.3183555">
<ele>2192.25</ele>
</trkpt>
<trkpt lat="41.7765075" lon="42.3185905">
<ele>2188.0</ele>
</trkpt>
<trkpt lat="41.7766555" lon="42.3186855">
<ele>2188.25</ele>
</trkpt>
<trkpt lat="41.7770855" lon="42.3183115">
<ele>2196.75</ele>
</trkpt>
<trkpt lat="41.7773505" lon="42.3181395">
<ele>2202.5</ele>
</trkpt>
<trkpt lat="41.7775115" lon="42.3180665">
<ele>2205.0</ele>
</trkpt>
<trkpt lat="41.7776635" lon="42.3180465">
<ele>2206.5</ele>
</trkpt>
<trkpt lat="41.7778815" lon="42.3181755">
<ele>2202.75</ele>
</trkpt>
<trkpt lat="41.7779265" lon="42.3181645">
<ele>2203.5</ele>
</trkpt>
<trkpt lat="41.7781025" lon="42.3180075">
<ele>2209.75</ele>
</trkpt>
<trkpt lat="41.7783355" lon="42.3180725">
<ele>2208.75</ele>
</trkpt>
<trkpt lat="41.7783805" lon="42.3180725">
<ele>2210.25</ele>
</trkpt>
<trkpt lat="41.7784875" lon="42.3179505">
<ele>2217.25</ele>
</trkpt>
<trkpt lat="41.7786635" lon="42.3180195">
<ele>2221.0</ele>
</trkpt>
<trkpt lat="41.7787695" lon="42.3181035">
<ele>2222.5</ele>
</trkpt>
<trkpt lat="41.7788535" lon="42.3186605">
<ele>2216.5</ele>
</trkpt>
<trkpt lat="41.7788925" lon="42.3191255">
<ele>2213.25</ele>
</trkpt>
<trkpt lat="41.7789645" lon="42.3194465">
<ele>2210.5</ele>
</trkpt>
<trkpt lat="41.7790825" lon="42.3197625">
<ele>2208.5</ele>
</trkpt>
<trkpt lat="41.7793155" lon="42.3197325">
<ele>2211.75</ele>
</trkpt>
<trkpt lat="41.7794075" lon="42.3197625">
<ele>2211.0</ele>
</trkpt>
<trkpt lat="41.7795975" lon="42.3197665">
<ele>2210.75</ele>
</trkpt>
<trkpt lat="41.7797045" lon="42.3196865">
<ele>2212.75</ele>
</trkpt>
<trkpt lat="41.7797845" lon="42.3196595">
<ele>2213.5</ele>
</trkpt>
<trkpt lat="41.7801245" lon="42.3197015">
<ele>2212.0</ele>
</trkpt>
<trkpt lat="41.7802385" lon="42.3196405">
<ele>2213.75</ele>
</trkpt>
<trkpt lat="41.7804215" lon="42.3194305">
<ele>2219.75</ele>
</trkpt>
<trkpt lat="41.7805015" lon="42.3192705">
<ele>2224.5</ele>
</trkpt>
<trkpt lat="41.7805895" lon="42.3190265">
<ele>2230.5</ele>
</trkpt>
<trkpt lat="41.7806045" lon="42.3189535">
<ele>2232.0</ele>
</trkpt>
<trkpt lat="41.7805785" lon="42.3187895">
<ele>2235.75</ele>
</trkpt>
<trkpt lat="41.7805855" lon="42.3187255">
<ele>2237.0</ele>
</trkpt>
<trkpt lat="41.7806315" lon="42.3186865">
<ele>2238.0</ele>
</trkpt>
<trkpt lat="41.7809555" lon="42.3190185">
<ele>2233.5</ele>
</trkpt>
<trkpt lat="41.7811275" lon="42.3191105">
<ele>2236.25</ele>
</trkpt>
<trkpt lat="41.7813865" lon="42.3193165">
<ele>2237.75</ele>
</trkpt>
<trkpt lat="41.7814475" lon="42.3194385">
<ele>2235.75</ele>
</trkpt>
<trkpt lat="41.7814935" lon="42.3196135">
<ele>2231.75</ele>
</trkpt>
<trkpt lat="41.7816005" lon="42.3197705">
<ele>2230.0</ele>
</trkpt>
<trkpt lat="41.7816425" lon="42.3197895">
<ele>2230.5</ele>
</trkpt>
<trkpt lat="41.7817375" lon="42.3197775">
<ele>2233.0</ele>
</trkpt>
<trkpt lat="41.7819095" lon="42.3195335">
<ele>2243.75</ele>
</trkpt>
<trkpt lat="41.7819665" lon="42.3195335">
<ele>2245.0</ele>
</trkpt>
<trkpt lat="41.7820425" lon="42.3195755">
<ele>2245.25</ele>
</trkpt>
<trkpt lat="41.7821575" lon="42.3197205">
<ele>2243.25</ele>
</trkpt>
<trkpt lat="41.7822585" lon="42.3198765">
<ele>2240.75</ele>
</trkpt>
<trkpt lat="41.7825005" lon="42.3198885">
<ele>2245.25</ele>
</trkpt>
<trkpt lat="41.7827795" lon="42.3196635">
<ele>2253.5</ele>
</trkpt>
<trkpt lat="41.7829625" lon="42.3196445">
<ele>2255.0</ele>
</trkpt>
<trkpt lat="41.7831495" lon="42.3197015">
<ele>2254.0</ele>
</trkpt>
<trkpt lat="41.7833175" lon="42.3196635">
<ele>2256.25</ele>
</trkpt>
<trkpt lat="41.7833555" lon="42.3196175">
<ele>2258.25</ele>
</trkpt>
<trkpt lat="41.7834355" lon="42.3195795">
<ele>2260.5</ele>
</trkpt>
<trkpt lat="41.7834735" lon="42.3196135">
<ele>2259.75</ele>
</trkpt>
<trkpt lat="41.7835685" lon="42.3197895">
<ele>2254.5</ele>
</trkpt>
<trkpt lat="41.7836685" lon="42.3198695">
<ele>2253.0</ele>
</trkpt>
<trkpt lat="41.7837865" lon="42.3198545">
<ele>2255.25</ele>
</trkpt>
<trkpt lat="41.7838855" lon="42.3197555">
<ele>2259.5</ele>
</trkpt>
<trkpt lat="41.7839315" lon="42.3197355">
<ele>2260.75</ele>
</trkpt>
<trkpt lat="41.7840995" lon="42.3197475">
<ele>2262.25</ele>
</trkpt>
<trkpt lat="41.7842515" lon="42.3197205">
<ele>2266.0</ele>
</trkpt>
<trkpt lat="41.7843815" lon="42.3196525">
<ele>2270.75</ele>
</trkpt>
<trkpt lat="41.7844465" lon="42.3197055">
<ele>2271.25</ele>
</trkpt>
<trkpt lat="41.7844995" lon="42.3198125">
<ele>2271.0</ele>
</trkpt>
<trkpt lat="41.7845335" lon="42.3199685">
<ele>2269.5</ele>
</trkpt>
<trkpt lat="41.7845565" lon="42.3203765">
<ele>2264.25</ele>
</trkpt>
<trkpt lat="41.7847475" lon="42.3206175">
<ele>2268.75</ele>
</trkpt>
<trkpt lat="41.7849495" lon="42.3208265">
<ele>2275.5</ele>
</trkpt>
<trkpt lat="41.7851405" lon="42.3209645">
<ele>2282.25</ele>
</trkpt>
<trkpt lat="41.7852545" lon="42.3210745">
<ele>2286.0</ele>
</trkpt>
<trkpt lat="41.7853005" lon="42.3211515">
<ele>2287.0</ele>
</trkpt>
<trkpt lat="41.7853275" lon="42.3212355">
<ele>2287.0</ele>
</trkpt>
<trkpt lat="41.7852895" lon="42.3214565">
<ele>2283.0</ele>
</trkpt>
<trkpt lat="41.7853045" lon="42.3216475">
<ele>2281.5</ele>
</trkpt>
<trkpt lat="41.7853775" lon="42.3218345">
<ele>2281.5</ele>
</trkpt>
<trkpt lat="41.7854995" lon="42.3219405">
<ele>2284.25</ele>
</trkpt>
<trkpt lat="41.7855375" lon="42.3220135">
<ele>2284.25</ele>
</trkpt>
<trkpt lat="41.7855335" lon="42.3223295">
<ele>2278.25</ele>
</trkpt>
<trkpt lat="41.7856325" lon="42.3224945">
<ele>2278.5</ele>
</trkpt>
<trkpt lat="41.7856745" lon="42.3225435">
<ele>2278.75</ele>
</trkpt>
<trkpt lat="41.7860595" lon="42.3227685">
<ele>2285.5</ele>
</trkpt>
<trkpt lat="41.7862205" lon="42.3228185">
<ele>2289.25</ele>
</trkpt>
<trkpt lat="41.7864375" lon="42.3227725">
<ele>2297.25</ele>
</trkpt>
<trkpt lat="41.7865095" lon="42.3228145">
<ele>2298.25</ele>
</trkpt>
<trkpt lat="41.7867085" lon="42.3230665">
<ele>2296.0</ele>
</trkpt>
<trkpt lat="41.7868765" lon="42.3232265">
<ele>2294.0</ele>
</trkpt>
<trkpt lat="41.7869445" lon="42.3232115">
<ele>2295.75</ele>
</trkpt>
<trkpt lat="41.7870665" lon="42.3232565">
<ele>2296.5</ele>
</trkpt>
<trkpt lat="41.7872195" lon="42.3232495">
<ele>2299.5</ele>
</trkpt>
<trkpt lat="41.7873455" lon="42.3231925">
<ele>2303.75</ele>
</trkpt>
<trkpt lat="41.7874825" lon="42.3230545">
<ele>2311.0</ele>
</trkpt>
<trkpt lat="41.7876965" lon="42.3231005">
<ele>2316.75</ele>
</trkpt>
<trkpt lat="41.7877345" lon="42.3231505">
<ele>2316.5</ele>
</trkpt>
<trkpt lat="41.7877345" lon="42.3233025">
<ele>2312.25</ele>
</trkpt>
<trkpt lat="41.7878755" lon="42.3236965">
<ele>2314.75</ele>
</trkpt>
<trkpt lat="41.7879625" lon="42.3238085">
<ele>2317.5</ele>
</trkpt>
<trkpt lat="41.7880515" lon="42.3239435">
<ele>2320.25</ele>
</trkpt>
<trkpt lat="41.7881195" lon="42.3240315">
<ele>2322.25</ele>
</trkpt>
<trkpt lat="41.7881545" lon="42.3241805">
<ele>2322.75</ele>
</trkpt>
<trkpt lat="41.7881845" lon="42.3242445">
<ele>2324.25</ele>
</trkpt>
<trkpt lat="41.7882185" lon="42.3244435">
<ele>2325.75</ele>
</trkpt>
<trkpt lat="41.7882655" lon="42.3246115">
<ele>2327.5</ele>
</trkpt>
<trkpt lat="41.7883685" lon="42.3247865">
<ele>2330.5</ele>
</trkpt>
<trkpt lat="41.7884695" lon="42.3249875">
<ele>2334.0</ele>
</trkpt>
<trkpt lat="41.7885935" lon="42.3251195">
<ele>2339.25</ele>
</trkpt>
<trkpt lat="41.7886335" lon="42.3252745">
<ele>2341.5</ele>
</trkpt>
<trkpt lat="41.7886705" lon="42.3255015">
<ele>2343.5</ele>
</trkpt>
<trkpt lat="41.7887235" lon="42.3256215">
<ele>2345.0</ele>
</trkpt>
<trkpt lat="41.7888205" lon="42.3257315">
<ele>2347.0</ele>
</trkpt>
<trkpt lat="41.7890025" lon="42.3258595">
<ele>2350.0</ele>
</trkpt>
<trkpt lat="41.7892215" lon="42.3260275">
<ele>2355.25</ele>
</trkpt>
<trkpt lat="41.7893715" lon="42.3261205">
<ele>2359.0</ele>
</trkpt>
<trkpt lat="41.7894955" lon="42.3261555">
<ele>2361.75</ele>
</trkpt>
<trkpt lat="41.7895575" lon="42.3261865">
<ele>2363.0</ele>
</trkpt>
<trkpt lat="41.7895315" lon="42.3263525">
<ele>2364.25</ele>
</trkpt>
<trkpt lat="41.7895175" lon="42.3265845">
<ele>2366.25</ele>
</trkpt>
<trkpt lat="41.7895365" lon="42.3268895">
<ele>2372.25</ele>
</trkpt>
<trkpt lat="41.7896085" lon="42.3269985">
<ele>2375.75</ele>
</trkpt>
<trkpt lat="41.7896595" lon="42.3268945">
<ele>2374.0</ele>
</trkpt>
<trkpt lat="41.7896545" lon="42.3266295">
<ele>2368.5</ele>
</trkpt>
<trkpt lat="41.7897015" lon="42.3264125">
<ele>2367.5</ele>
</trkpt>
<trkpt lat="41.7900645" lon="42.3260035">
<ele>2371.0</ele>
</trkpt>
<trkpt lat="41.7904115" lon="42.3257805">
<ele>2375.0</ele>
</trkpt>
<trkpt lat="41.7905855" lon="42.3257505">
<ele>2377.75</ele>
</trkpt>
<trkpt lat="41.7907395" lon="42.3257715">
<ele>2379.5</ele>
</trkpt>
<trkpt lat="41.7908285" lon="42.3257195">
<ele>2381.25</ele>
</trkpt>
<trkpt lat="41.7909405" lon="42.3256755">
<ele>2383.25</ele>
</trkpt>
<trkpt lat="41.7911445" lon="42.3256985">
<ele>2385.75</ele>
</trkpt>
<trkpt lat="41.7914718" lon="42.3257972">
<ele>2389.194</ele>
</trkpt>
<trkpt lat="41.7917593" lon="42.3259241">
<ele>2391.0</ele>
</trkpt>
<trkpt lat="41.792042" lon="42.326063">
<ele>2391.412</ele>
</trkpt>
<trkpt lat="41.7923454" lon="42.3261393">
<ele>2393.286</ele>
</trkpt>
<trkpt lat="41.7926538" lon="42.3261924">
<ele>2395.261</ele>
</trkpt>
<trkpt lat="41.7929579" lon="42.3261664">
<ele>2396.191</ele>
</trkpt>
<trkpt lat="41.7932734" lon="42.3261281">
<ele>2398.289</ele>
</trkpt>
<trkpt lat="41.7935806" lon="42.3260413">
<ele>2394.833</ele>
</trkpt>
<trkpt lat="41.7938664" lon="42.3258842">
<ele>2384.555</ele>
</trkpt>
<trkpt lat="41.7941546" lon="42.3257017">
<ele>2379.685</ele>
</trkpt>
<trkpt lat="41.7944378" lon="42.3255077">
<ele>2381.45</ele>
</trkpt>
<trkpt lat="41.7947329" lon="42.3254262">
<ele>2382.66</ele>
</trkpt>
<trkpt lat="41.7950624" lon="42.3254282">
<ele>2382.565</ele>
</trkpt>
<trkpt lat="41.7953899" lon="42.325381">
<ele>2383.652</ele>
</trkpt>
<trkpt lat="41.7957104" lon="42.3253234">
<ele>2386.893</ele>
</trkpt>
<trkpt lat="41.7960145" lon="42.3252937">
<ele>2387.295</ele>
</trkpt>
<trkpt lat="41.7963298" lon="42.3252327">
<ele>2388.899</ele>
</trkpt>
<trkpt lat="41.796657" lon="42.325197">
<ele>2387.13</ele>
</trkpt>
<trkpt lat="41.796981" lon="42.325105">
<ele>2385.911</ele>
</trkpt>
<trkpt lat="41.7972872" lon="42.3249761">
<ele>2380.665</ele>
</trkpt>
<trkpt lat="41.7975534" lon="42.3247274">
<ele>2379.716</ele>
</trkpt>
<trkpt lat="41.7977628" lon="42.3244233">
<ele>2384.273</ele>
</trkpt>
<trkpt lat="41.797909" lon="42.3241711">
<ele>2389.131</ele>
</trkpt>
<trkpt lat="41.7981935" lon="42.3239655">
<ele>2390.063</ele>
</trkpt>
<trkpt lat="41.7984549" lon="42.3237283">
<ele>2399.926</ele>
</trkpt>
<trkpt lat="41.7986927" lon="42.3233951">
<ele>2414.309</ele>
</trkpt>
<trkpt lat="41.7989026" lon="42.323099">
<ele>2425.58</ele>
</trkpt>
<trkpt lat="41.7991611" lon="42.3228059">
<ele>2431.717</ele>
</trkpt>
<trkpt lat="41.7993916" lon="42.3225448">
<ele>2432.549</ele>
</trkpt>
<trkpt lat="41.7996635" lon="42.322261">
<ele>2436.442</ele>
</trkpt>
<trkpt lat="41.7999488" lon="42.3220066">
<ele>2446.695</ele>
</trkpt>
<trkpt lat="41.8002184" lon="42.3217911">
<ele>2458.639</ele>
</trkpt>
<trkpt lat="41.8005157" lon="42.3216279">
<ele>2470.048</ele>
</trkpt>
<trkpt lat="41.8006264" lon="42.321565">
<ele>2474.537</ele>
</trkpt>
<trkpt lat="41.8009734" lon="42.3214284">
<ele>2489.334</ele>
</trkpt>
<trkpt lat="41.8012849" lon="42.3213422">
<ele>2500.068</ele>
</trkpt>
<trkpt lat="41.8016941" lon="42.3212229">
<ele>2506.496</ele>
</trkpt>
<trkpt lat="41.8020178" lon="42.321112">
<ele>2501.556</ele>
</trkpt>
<trkpt lat="41.8023518" lon="42.3209926">
<ele>2489.855</ele>
</trkpt>
<trkpt lat="41.8026422" lon="42.3208242">
<ele>2487.173</ele>
</trkpt>
<trkpt lat="41.8029191" lon="42.3206462">
<ele>2488.86</ele>
</trkpt>
<trkpt lat="41.8031929" lon="42.3204039">
<ele>2494.265</ele>
</trkpt>
<trkpt lat="41.8034419" lon="42.320141">
<ele>2499.375</ele>
</trkpt>
<trkpt lat="41.8036714" lon="42.3198809">
<ele>2503.214</ele>
</trkpt>
<trkpt lat="41.8039201" lon="42.3194984">
<ele>2504.985</ele>
</trkpt>
<trkpt lat="41.8041388" lon="42.3191211">
<ele>2515.261</ele>
</trkpt>
<trkpt lat="41.8042621" lon="42.3189084">
<ele>2510.772</ele>
</trkpt>
<trkpt lat="41.8045265" lon="42.3185538">
<ele>2501.48</ele>
</trkpt>
<trkpt lat="41.8048069" lon="42.3182213">
<ele>2507.892</ele>
</trkpt>
<trkpt lat="41.8050692" lon="42.31787">
<ele>2515.914</ele>
</trkpt>
<trkpt lat="41.805303" lon="42.3175595">
<ele>2526.246</ele>
</trkpt>
<trkpt lat="41.8055442" lon="42.317108">
<ele>2541.549</ele>
</trkpt>
<trkpt lat="41.8057669" lon="42.3166776">
<ele>2555.962</ele>
</trkpt>
<trkpt lat="41.8059449" lon="42.3163338">
<ele>2568.088</ele>
</trkpt>
<trkpt lat="41.8059769" lon="42.3162719">
<ele>2570.492</ele>
</trkpt>
<trkpt lat="41.8063174" lon="42.3159441">
<ele>2590.012</ele>
</trkpt>
<trkpt lat="41.8066252" lon="42.3157829">
<ele>2603.895</ele>
</trkpt>
<trkpt lat="41.8070164" lon="42.3156615">
<ele>2618.241</ele>
</trkpt>
<trkpt lat="41.8073943" lon="42.3155185">
<ele>2625.226</ele>
</trkpt>
<trkpt lat="41.8076827" lon="42.3153427">
<ele>2634.133</ele>
</trkpt>
<trkpt lat="41.8080549" lon="42.3150704">
<ele>2645.248</ele>
</trkpt>
<trkpt lat="41.8083084" lon="42.3148526">
<ele>2646.912</ele>
</trkpt>
<trkpt lat="41.8086252" lon="42.3145804">
<ele>2655.202</ele>
</trkpt>
<trkpt lat="41.8086831" lon="42.3145306">
<ele>2655.938</ele>
</trkpt>
<trkpt lat="41.8090172" lon="42.3144405">
<ele>2659.805</ele>
</trkpt>
<trkpt lat="41.8093556" lon="42.3143023">
<ele>2664.53</ele>
</trkpt>
<trkpt lat="41.8097042" lon="42.3142157">
<ele>2667.193</ele>
</trkpt>
<trkpt lat="41.8100414" lon="42.3141336">
<ele>2671.614</ele>
</trkpt>
<trkpt lat="41.8103495" lon="42.3139557">
<ele>2675.697</ele>
</trkpt>
<trkpt lat="41.810637" lon="42.3137348">
<ele>2676.294</ele>
</trkpt>
<trkpt lat="41.810962" lon="42.3135063">
<ele>2674.742</ele>
</trkpt>
<trkpt lat="41.81117" lon="42.3133545">
<ele>2672.804</ele>
</trkpt>
<trkpt lat="41.8116417" lon="42.3128091">
<ele>2662.641</ele>
</trkpt>
<trkpt lat="41.8121418" lon="42.3123601">
<ele>2651.816</ele>
</trkpt>
<trkpt lat="41.8127418" lon="42.3121502">
<ele>2625.581</ele>
</trkpt>
<trkpt lat="41.8133887" lon="42.311921">
<ele>2580.578</ele>
</trkpt>
<trkpt lat="41.8140131" lon="42.3117163">
<ele>2561.66</ele>
</trkpt>
<trkpt lat="41.8146253" lon="42.3115283">
<ele>2533.686</ele>
</trkpt>
<trkpt lat="41.8152702" lon="42.3114882">
<ele>2527.624</ele>
</trkpt>
<trkpt lat="41.8158778" lon="42.3114214">
<ele>2502.259</ele>
</trkpt>
<trkpt lat="41.8160813" lon="42.311356">
<ele>2492.449</ele>
</trkpt>
<trkpt lat="41.8167188" lon="42.3115532">
<ele>2476.253</ele>
</trkpt>
<trkpt lat="41.8172903" lon="42.3117982">
<ele>2465.222</ele>
</trkpt>
<trkpt lat="41.8178833" lon="42.3121415">
<ele>2449.599</ele>
</trkpt>
<trkpt lat="41.818428" lon="42.3125117">
<ele>2437.004</ele>
</trkpt>
<trkpt lat="41.8190401" lon="42.3127544">
<ele>2419.015</ele>
</trkpt>
<trkpt lat="41.8196179" lon="42.313054">
<ele>2401.629</ele>
</trkpt>
<trkpt lat="41.8201753" lon="42.3134377">
<ele>2352.342</ele>
</trkpt>
<trkpt lat="41.8207322" lon="42.313962">
<ele>2323.63</ele>
</trkpt>
<trkpt lat="41.8212444" lon="42.3143959">
<ele>2298.885</ele>
</trkpt>
<trkpt lat="41.8217852" lon="42.3147483">
<ele>2282.68</ele>
</trkpt>
<trkpt lat="41.8222968" lon="42.3151748">
<ele>2270.305</ele>
</trkpt>
<trkpt lat="41.8227984" lon="42.3156334">
<ele>2253.729</ele>
</trkpt>
<trkpt lat="41.8233239" lon="42.316067">
<ele>2243.318</ele>
</trkpt>
<trkpt lat="41.8239024" lon="42.3164024">
<ele>2223.037</ele>
</trkpt>
<trkpt lat="41.8243237" lon="42.3165123">
<ele>2214.192</ele>
</trkpt>
<trkpt lat="41.825541" lon="42.3169226">
<ele>2188.538</ele>
</trkpt>
<trkpt lat="41.8267135" lon="42.3173687">
<ele>2166.126</ele>
</trkpt>
<trkpt lat="41.8278656" lon="42.317906">
<ele>2139.642</ele>
</trkpt>
<trkpt lat="41.8290901" lon="42.3179525">
<ele>2112.223</ele>
</trkpt>
<trkpt lat="41.8303484" lon="42.3177393">
<ele>2092.43</ele>
</trkpt>
<trkpt lat="41.8315597" lon="42.3175607">
<ele>2058.024</ele>
</trkpt>
<trkpt lat="41.8327092" lon="42.3175994">
<ele>2051.246</ele>
</trkpt>
<trkpt lat="41.8332424" lon="42.3179782">
<ele>2046.64</ele>
</trkpt>
<trkpt lat="41.8336992" lon="42.3185233">
<ele>2037.947</ele>
</trkpt>
<trkpt lat="41.8342856" lon="42.3187536">
<ele>2038.257</ele>
</trkpt>
<trkpt lat="41.8348612" lon="42.3190008">
<ele>2034.583</ele>
</trkpt>
<trkpt lat="41.8354545" lon="42.3191387">
<ele>2033.432</ele>
</trkpt>
<trkpt lat="41.8360589" lon="42.3192315">
<ele>2017.435</ele>
</trkpt>
<trkpt lat="41.8366128" lon="42.3195629">
<ele>2011.787</ele>
</trkpt>
<trkpt lat="41.8372019" lon="42.3198313">
<ele>2007.843</ele>
</trkpt>
<trkpt lat="41.8377569" lon="42.3201699">
<ele>1994.727</ele>
</trkpt>
<trkpt lat="41.8383496" lon="42.3205059">
<ele>1983.55</ele>
</trkpt>
<trkpt lat="41.8389067" lon="42.3208822">
<ele>1996.127</ele>
</trkpt>
<trkpt lat="41.8394991" lon="42.3212253">
<ele>2002.651</ele>
</trkpt>
<trkpt lat="41.8400345" lon="42.3216494">
<ele>1999.42</ele>
</trkpt>
<trkpt lat="41.8404114" lon="42.3222938">
<ele>1989.059</ele>
</trkpt>
<trkpt lat="41.8407185" lon="42.3230051">
<ele>1992.596</ele>
</trkpt>
<trkpt lat="41.8407374" lon="42.3231461">
<ele>1995.308</ele>
</trkpt>
<trkpt lat="41.8411531" lon="42.3238013">
<ele>2012.182</ele>
</trkpt>
<trkpt lat="41.8415421" lon="42.3244513">
<ele>2015.868</ele>
</trkpt>
<trkpt lat="41.8419934" lon="42.3250764">
<ele>2015.612</ele>
</trkpt>
<trkpt lat="41.8425314" lon="42.3255729">
<ele>2000.185</ele>
</trkpt>
<trkpt lat="41.8431009" lon="42.3259337">
<ele>1982.614</ele>
</trkpt>
<trkpt lat="41.843746" lon="42.3261347">
<ele>1963.855</ele>
</trkpt>
<trkpt lat="41.8443715" lon="42.3261722">
<ele>1925.713</ele>
</trkpt>
<trkpt lat="41.84499" lon="42.3263388">
<ele>1907.17</ele>
</trkpt>
<trkpt lat="41.8455848" lon="42.3264999">
<ele>1880.198</ele>
</trkpt>
<trkpt lat="41.8461881" lon="42.3263805">
<ele>1861.169</ele>
</trkpt>
<trkpt lat="41.8464977" lon="42.3264636">
<ele>1857.386</ele>
</trkpt>
</trkseg>
</trkseg>
</trkseg>
</trkseg>
</trkseg>
</trkseg>
</trkseg>
</trkseg>
</trkseg>
</trkseg>
</trk>
</gpx>
