<?xml version="1.0" encoding="UTF-8"?>
<gpx version="1.1" creator="lgrs-site-migration" xmlns="http://www.topografix.com/GPX/1/1">
  <trk><name>raid-ski-grece-tzoumerka-pinde</name>
    <trkseg>
      <trkpt lat="39.4484923" lon="21.2277145"></trkpt>
      <trkpt lat="39.4484466" lon="21.2274771"></trkpt>
      <trkpt lat="39.4486485" lon="21.2275857"></trkpt>
      <trkpt lat="39.4491285" lon="21.2276231"></trkpt>
      <trkpt lat="39.4491751" lon="21.2272702"></trkpt>
      <trkpt lat="39.4494956" lon="21.2270055"></trkpt>
      <trkpt lat="39.4495558" lon="21.2264602"></trkpt>
      <trkpt lat="39.4497879" lon="21.2259274"></trkpt>
      <trkpt lat="39.4498711" lon="21.2253312"></trkpt>
      <trkpt lat="39.4502593" lon="21.2242731"></trkpt>
      <trkpt lat="39.4511905" lon="21.2229056"></trkpt>
      <trkpt lat="39.4515393" lon="21.2225764"></trkpt>
      <trkpt lat="39.4516491" lon="21.2224897"></trkpt>
      <trkpt lat="39.4519165" lon="21.2224901"></trkpt>
      <trkpt lat="39.4526345" lon="21.2217896"></trkpt>
      <trkpt lat="39.4533377" lon="21.2222416"></trkpt>
      <trkpt lat="39.4535781" lon="21.2226474"></trkpt>
      <trkpt lat="39.4538653" lon="21.2226355"></trkpt>
      <trkpt lat="39.4541027" lon="21.2228508"></trkpt>
      <trkpt lat="39.4542234" lon="21.2227789"></trkpt>
      <trkpt lat="39.4547253" lon="21.2216735"></trkpt>
      <trkpt lat="39.4551592" lon="21.2219056"></trkpt>
      <trkpt lat="39.4551856" lon="21.2215813"></trkpt>
      <trkpt lat="39.4550648" lon="21.2213626"></trkpt>
      <trkpt lat="39.4550206" lon="21.2210131"></trkpt>
      <trkpt lat="39.4539217" lon="21.2210523"></trkpt>
      <trkpt lat="39.4535876" lon="21.2206812"></trkpt>
      <trkpt lat="39.4531588" lon="21.2205385"></trkpt>
      <trkpt lat="39.4530271" lon="21.2202791"></trkpt>
      <trkpt lat="39.453018" lon="21.2199734"></trkpt>
      <trkpt lat="39.4524708" lon="21.2197083"></trkpt>
      <trkpt lat="39.4524926" lon="21.2195985"></trkpt>
      <trkpt lat="39.4528273" lon="21.2195627"></trkpt>
      <trkpt lat="39.4534708" lon="21.2192495"></trkpt>
      <trkpt lat="39.4536836" lon="21.2190034"></trkpt>
      <trkpt lat="39.4545198" lon="21.2185722"></trkpt>
      <trkpt lat="39.4547453" lon="21.2182975"></trkpt>
      <trkpt lat="39.4555372" lon="21.217707"></trkpt>
      <trkpt lat="39.4562311" lon="21.217674"></trkpt>
      <trkpt lat="39.4569277" lon="21.2172781"></trkpt>
      <trkpt lat="39.4572647" lon="21.2173394"></trkpt>
      <trkpt lat="39.4574387" lon="21.2174872"></trkpt>
      <trkpt lat="39.4579589" lon="21.21849"></trkpt>
      <trkpt lat="39.4581311" lon="21.2186029"></trkpt>
      <trkpt lat="39.458404" lon="21.2179248"></trkpt>
      <trkpt lat="39.4591096" lon="21.2168982"></trkpt>
      <trkpt lat="39.4593114" lon="21.2160558"></trkpt>
      <trkpt lat="39.4601772" lon="21.2152"></trkpt>
      <trkpt lat="39.4607205" lon="21.2150758"></trkpt>
      <trkpt lat="39.4609442" lon="21.2151731"></trkpt>
      <trkpt lat="39.4613924" lon="21.2152002"></trkpt>
      <trkpt lat="39.4615745" lon="21.2152765"></trkpt>
      <trkpt lat="39.4620029" lon="21.2157453"></trkpt>
      <trkpt lat="39.4624415" lon="21.2158612"></trkpt>
      <trkpt lat="39.4626935" lon="21.2158384"></trkpt>
      <trkpt lat="39.4632991" lon="21.2155286"></trkpt>
      <trkpt lat="39.4636856" lon="21.2145988"></trkpt>
      <trkpt lat="39.4643808" lon="21.2144176"></trkpt>
      <trkpt lat="39.4647562" lon="21.2139229"></trkpt>
      <trkpt lat="39.4650958" lon="21.2136905"></trkpt>
      <trkpt lat="39.4651096" lon="21.2135883"></trkpt>
      <trkpt lat="39.4650161" lon="21.213532"></trkpt>
      <trkpt lat="39.4645164" lon="21.2136013"></trkpt>
      <trkpt lat="39.4640706" lon="21.2134564"></trkpt>
      <trkpt lat="39.4639837" lon="21.2132882"></trkpt>
      <trkpt lat="39.4638946" lon="21.212548"></trkpt>
      <trkpt lat="39.4639035" lon="21.2120369"></trkpt>
      <trkpt lat="39.46404" lon="21.2114107"></trkpt>
      <trkpt lat="39.463978" lon="21.2106938"></trkpt>
      <trkpt lat="39.4642917" lon="21.2110543"></trkpt>
      <trkpt lat="39.4647048" lon="21.2108377"></trkpt>
      <trkpt lat="39.46495" lon="21.2111308"></trkpt>
      <trkpt lat="39.4651734" lon="21.2111711"></trkpt>
      <trkpt lat="39.464836" lon="21.2104686"></trkpt>
      <trkpt lat="39.464523" lon="21.2101799"></trkpt>
      <trkpt lat="39.4648122" lon="21.2100236"></trkpt>
      <trkpt lat="39.4640113" lon="21.209601"></trkpt>
      <trkpt lat="39.464083" lon="21.209519"></trkpt>
      <trkpt lat="39.4644198" lon="21.2095218"></trkpt>
      <trkpt lat="39.4645053" lon="21.2094215"></trkpt>
      <trkpt lat="39.4645333" lon="21.209493"></trkpt>
      <trkpt lat="39.4655177" lon="21.2093759"></trkpt>
      <trkpt lat="39.466339" lon="21.2099837"></trkpt>
      <trkpt lat="39.4665805" lon="21.209759"></trkpt>
      <trkpt lat="39.4666284" lon="21.2095177"></trkpt>
      <trkpt lat="39.4670411" lon="21.208818"></trkpt>
      <trkpt lat="39.4676795" lon="21.207995"></trkpt>
      <trkpt lat="39.4678171" lon="21.2076927"></trkpt>
      <trkpt lat="39.4677936" lon="21.2074084"></trkpt>
      <trkpt lat="39.4676108" lon="21.2072671"></trkpt>
      <trkpt lat="39.4675604" lon="21.2070957"></trkpt>
      <trkpt lat="39.4680123" lon="21.2062082"></trkpt>
      <trkpt lat="39.4681795" lon="21.2062493"></trkpt>
      <trkpt lat="39.4686182" lon="21.2066641"></trkpt>
      <trkpt lat="39.4686624" lon="21.2063878"></trkpt>
      <trkpt lat="39.4687821" lon="21.2064675"></trkpt>
      <trkpt lat="39.4688072" lon="21.2062697"></trkpt>
      <trkpt lat="39.4689592" lon="21.2063886"></trkpt>
      <trkpt lat="39.4691131" lon="21.2062388"></trkpt>
      <trkpt lat="39.4700986" lon="21.2060047"></trkpt>
      <trkpt lat="39.4709678" lon="21.205999"></trkpt>
      <trkpt lat="39.4710705" lon="21.2058871"></trkpt>
      <trkpt lat="39.4713903" lon="21.2058047"></trkpt>
      <trkpt lat="39.4717986" lon="21.2053978"></trkpt>
      <trkpt lat="39.4721023" lon="21.2054398"></trkpt>
      <trkpt lat="39.4722347" lon="21.2053688"></trkpt>
      <trkpt lat="39.4724386" lon="21.2049192"></trkpt>
      <trkpt lat="39.4729138" lon="21.2043539"></trkpt>
      <trkpt lat="39.4736055" lon="21.20411"></trkpt>
      <trkpt lat="39.4741364" lon="21.2036089"></trkpt>
      <trkpt lat="39.4749985" lon="21.2033342"></trkpt>
      <trkpt lat="39.4755269" lon="21.2029948"></trkpt>
      <trkpt lat="39.4756912" lon="21.2033226"></trkpt>
      <trkpt lat="39.4759192" lon="21.2030996"></trkpt>
      <trkpt lat="39.4761891" lon="21.2031209"></trkpt>
      <trkpt lat="39.4764823" lon="21.203027"></trkpt>
      <trkpt lat="39.4766818" lon="21.20288"></trkpt>
      <trkpt lat="39.4778038" lon="21.2025379"></trkpt>
      <trkpt lat="39.4781088" lon="21.2023048"></trkpt>
      <trkpt lat="39.4783722" lon="21.2023415"></trkpt>
      <trkpt lat="39.4788462" lon="21.202213"></trkpt>
      <trkpt lat="39.4789376" lon="21.2020374"></trkpt>
      <trkpt lat="39.4796272" lon="21.202322"></trkpt>
      <trkpt lat="39.4801859" lon="21.2023307"></trkpt>
      <trkpt lat="39.4802254" lon="21.2021021"></trkpt>
      <trkpt lat="39.4804607" lon="21.2019177"></trkpt>
      <trkpt lat="39.4803365" lon="21.201765"></trkpt>
      <trkpt lat="39.4803579" lon="21.2014417"></trkpt>
      <trkpt lat="39.4807147" lon="21.2009632"></trkpt>
      <trkpt lat="39.480949" lon="21.2007405"></trkpt>
      <trkpt lat="39.4812503" lon="21.2005867"></trkpt>
      <trkpt lat="39.481523" lon="21.2005619"></trkpt>
      <trkpt lat="39.482132" lon="21.2001311"></trkpt>
      <trkpt lat="39.4828227" lon="21.1998588"></trkpt>
      <trkpt lat="39.4838169" lon="21.1997541"></trkpt>
      <trkpt lat="39.4841813" lon="21.1993928"></trkpt>
      <trkpt lat="39.484854" lon="21.1991228"></trkpt>
      <trkpt lat="39.4851584" lon="21.1988326"></trkpt>
      <trkpt lat="39.4856559" lon="21.1988203"></trkpt>
      <trkpt lat="39.4859999" lon="21.1986076"></trkpt>
      <trkpt lat="39.4866379" lon="21.1986227"></trkpt>
      <trkpt lat="39.4867281" lon="21.1985784"></trkpt>
      <trkpt lat="39.4867825" lon="21.1983595"></trkpt>
      <trkpt lat="39.4872323" lon="21.1982912"></trkpt>
      <trkpt lat="39.4877149" lon="21.1979947"></trkpt>
      <trkpt lat="39.4880242" lon="21.1979217"></trkpt>
      <trkpt lat="39.4885044" lon="21.1979544"></trkpt>
      <trkpt lat="39.4891313" lon="21.1974697"></trkpt>
      <trkpt lat="39.4895027" lon="21.1974054"></trkpt>
      <trkpt lat="39.4897504" lon="21.197594"></trkpt>
      <trkpt lat="39.4904177" lon="21.1976312"></trkpt>
      <trkpt lat="39.4906089" lon="21.1970897"></trkpt>
      <trkpt lat="39.4905763" lon="21.1964249"></trkpt>
      <trkpt lat="39.490646" lon="21.1961645"></trkpt>
      <trkpt lat="39.4908526" lon="21.1959775"></trkpt>
      <trkpt lat="39.4912104" lon="21.194989"></trkpt>
      <trkpt lat="39.4916667" lon="21.1942922"></trkpt>
      <trkpt lat="39.4917153" lon="21.1938444"></trkpt>
      <trkpt lat="39.4921695" lon="21.1933892"></trkpt>
      <trkpt lat="39.4923728" lon="21.1929447"></trkpt>
      <trkpt lat="39.4925387" lon="21.192874"></trkpt>
      <trkpt lat="39.4928123" lon="21.192907"></trkpt>
      <trkpt lat="39.4930842" lon="21.1926539"></trkpt>
      <trkpt lat="39.4934593" lon="21.1926793"></trkpt>
      <trkpt lat="39.4938555" lon="21.1924731"></trkpt>
      <trkpt lat="39.4947187" lon="21.1924367"></trkpt>
      <trkpt lat="39.4955037" lon="21.1920783"></trkpt>
      <trkpt lat="39.4964236" lon="21.1920313"></trkpt>
      <trkpt lat="39.496782" lon="21.1921387"></trkpt>
      <trkpt lat="39.4969985" lon="21.1923849"></trkpt>
      <trkpt lat="39.4973837" lon="21.1920469"></trkpt>
      <trkpt lat="39.4975875" lon="21.1920515"></trkpt>
      <trkpt lat="39.4980941" lon="21.1913007"></trkpt>
      <trkpt lat="39.4981359" lon="21.1913789"></trkpt>
      <trkpt lat="39.498634" lon="21.1913026"></trkpt>
      <trkpt lat="39.4987059" lon="21.1910659"></trkpt>
      <trkpt lat="39.4988135" lon="21.1910488"></trkpt>
      <trkpt lat="39.4989062" lon="21.1907187"></trkpt>
      <trkpt lat="39.499105" lon="21.1908219"></trkpt>
      <trkpt lat="39.4993488" lon="21.1906691"></trkpt>
      <trkpt lat="39.499463" lon="21.1904575"></trkpt>
      <trkpt lat="39.4992871" lon="21.1904689"></trkpt>
      <trkpt lat="39.4993912" lon="21.1899169"></trkpt>
      <trkpt lat="39.4992437" lon="21.1895002"></trkpt>
      <trkpt lat="39.4995827" lon="21.1893898"></trkpt>
      <trkpt lat="39.4994706" lon="21.1889758"></trkpt>
      <trkpt lat="39.500359" lon="21.188061"></trkpt>
      <trkpt lat="39.5007792" lon="21.1882117"></trkpt>
      <trkpt lat="39.5011239" lon="21.188052"></trkpt>
      <trkpt lat="39.5013643" lon="21.1882845"></trkpt>
      <trkpt lat="39.5014162" lon="21.1881807"></trkpt>
      <trkpt lat="39.5017514" lon="21.1881723"></trkpt>
      <trkpt lat="39.5019121" lon="21.1880804"></trkpt>
      <trkpt lat="39.503561" lon="21.1881836"></trkpt>
      <trkpt lat="39.5042936" lon="21.1888158"></trkpt>
      <trkpt lat="39.5047193" lon="21.1890358"></trkpt>
      <trkpt lat="39.5049928" lon="21.1897419"></trkpt>
      <trkpt lat="39.5051942" lon="21.1895932"></trkpt>
      <trkpt lat="39.5054274" lon="21.1896585"></trkpt>
      <trkpt lat="39.5054798" lon="21.1898222"></trkpt>
      <trkpt lat="39.506064" lon="21.1895946"></trkpt>
      <trkpt lat="39.5059152" lon="21.1899749"></trkpt>
      <trkpt lat="39.506189" lon="21.1898894"></trkpt>
      <trkpt lat="39.5064125" lon="21.1900103"></trkpt>
      <trkpt lat="39.5070007" lon="21.1898559"></trkpt>
      <trkpt lat="39.5071738" lon="21.1900395"></trkpt>
      <trkpt lat="39.5073227" lon="21.1897508"></trkpt>
      <trkpt lat="39.5074833" lon="21.1900414"></trkpt>
      <trkpt lat="39.507688" lon="21.1901255"></trkpt>
      <trkpt lat="39.5078746" lon="21.1897073"></trkpt>
      <trkpt lat="39.5082757" lon="21.1894451"></trkpt>
      <trkpt lat="39.5083293" lon="21.1892594"></trkpt>
      <trkpt lat="39.508868" lon="21.1885821"></trkpt>
      <trkpt lat="39.5091056" lon="21.1877584"></trkpt>
      <trkpt lat="39.5094646" lon="21.1871078"></trkpt>
      <trkpt lat="39.5097679" lon="21.1868197"></trkpt>
      <trkpt lat="39.5105394" lon="21.1866024"></trkpt>
      <trkpt lat="39.5111838" lon="21.1865792"></trkpt>
      <trkpt lat="39.5115358" lon="21.1864128"></trkpt>
      <trkpt lat="39.5121188" lon="21.18659"></trkpt>
      <trkpt lat="39.5131657" lon="21.1860963"></trkpt>
      <trkpt lat="39.5135499" lon="21.1860807"></trkpt>
      <trkpt lat="39.5138075" lon="21.1862305"></trkpt>
      <trkpt lat="39.5139355" lon="21.1861675"></trkpt>
      <trkpt lat="39.5140174" lon="21.1862165"></trkpt>
      <trkpt lat="39.5141902" lon="21.1859069"></trkpt>
      <trkpt lat="39.5146135" lon="21.1858697"></trkpt>
      <trkpt lat="39.5151019" lon="21.1854085"></trkpt>
      <trkpt lat="39.5150937" lon="21.1852606"></trkpt>
      <trkpt lat="39.5153255" lon="21.1850262"></trkpt>
      <trkpt lat="39.5161037" lon="21.1846326"></trkpt>
      <trkpt lat="39.5164775" lon="21.1840622"></trkpt>
      <trkpt lat="39.5169196" lon="21.1835979"></trkpt>
      <trkpt lat="39.5171732" lon="21.1836705"></trkpt>
      <trkpt lat="39.5175016" lon="21.1834427"></trkpt>
      <trkpt lat="39.518177" lon="21.1823345"></trkpt>
      <trkpt lat="39.5184031" lon="21.1821133"></trkpt>
      <trkpt lat="39.5188553" lon="21.181132"></trkpt>
      <trkpt lat="39.5195289" lon="21.1805768"></trkpt>
      <trkpt lat="39.5196293" lon="21.180213"></trkpt>
      <trkpt lat="39.5200956" lon="21.1796774"></trkpt>
      <trkpt lat="39.5203742" lon="21.1795453"></trkpt>
      <trkpt lat="39.5222652" lon="21.1794145"></trkpt>
      <trkpt lat="39.5227395" lon="21.1796675"></trkpt>
      <trkpt lat="39.5239297" lon="21.1800408"></trkpt>
      <trkpt lat="39.5240551" lon="21.1802069"></trkpt>
      <trkpt lat="39.5246053" lon="21.1800547"></trkpt>
      <trkpt lat="39.525073" lon="21.1804009"></trkpt>
      <trkpt lat="39.5253125" lon="21.1804547"></trkpt>
      <trkpt lat="39.5260944" lon="21.1803617"></trkpt>
      <trkpt lat="39.5265019" lon="21.1801138"></trkpt>
      <trkpt lat="39.5272427" lon="21.1798368"></trkpt>
      <trkpt lat="39.5284274" lon="21.1799296"></trkpt>
      <trkpt lat="39.528804" lon="21.1803849"></trkpt>
      <trkpt lat="39.5289892" lon="21.1804892"></trkpt>
      <trkpt lat="39.5292099" lon="21.1805667"></trkpt>
      <trkpt lat="39.5295773" lon="21.1805509"></trkpt>
      <trkpt lat="39.5297596" lon="21.180653"></trkpt>
      <trkpt lat="39.529928" lon="21.1813749"></trkpt>
      <trkpt lat="39.5303813" lon="21.1815134"></trkpt>
      <trkpt lat="39.5305656" lon="21.1818284"></trkpt>
      <trkpt lat="39.5308252" lon="21.181705"></trkpt>
      <trkpt lat="39.53107" lon="21.1813832"></trkpt>
      <trkpt lat="39.5319389" lon="21.1809831"></trkpt>
      <trkpt lat="39.5322519" lon="21.1806941"></trkpt>
      <trkpt lat="39.533337" lon="21.1805572"></trkpt>
      <trkpt lat="39.5335722" lon="21.1803585"></trkpt>
      <trkpt lat="39.5338943" lon="21.1803125"></trkpt>
      <trkpt lat="39.5341783" lon="21.1803597"></trkpt>
      <trkpt lat="39.5345151" lon="21.180847"></trkpt>
      <trkpt lat="39.5353295" lon="21.1806745"></trkpt>
      <trkpt lat="39.5357389" lon="21.1808433"></trkpt>
      <trkpt lat="39.536138" lon="21.1808374"></trkpt>
      <trkpt lat="39.5361978" lon="21.1809877"></trkpt>
      <trkpt lat="39.5360282" lon="21.1814313"></trkpt>
      <trkpt lat="39.5361823" lon="21.181491"></trkpt>
      <trkpt lat="39.5367277" lon="21.1813587"></trkpt>
      <trkpt lat="39.5370508" lon="21.1810822"></trkpt>
      <trkpt lat="39.5372491" lon="21.1810852"></trkpt>
      <trkpt lat="39.5374467" lon="21.1814282"></trkpt>
      <trkpt lat="39.537685" lon="21.1815049"></trkpt>
      <trkpt lat="39.5379305" lon="21.1818183"></trkpt>
      <trkpt lat="39.53833" lon="21.1818713"></trkpt>
      <trkpt lat="39.5385336" lon="21.1822523"></trkpt>
      <trkpt lat="39.5388581" lon="21.1819976"></trkpt>
      <trkpt lat="39.5391389" lon="21.1814903"></trkpt>
      <trkpt lat="39.5394245" lon="21.1813359"></trkpt>
      <trkpt lat="39.5395609" lon="21.1813644"></trkpt>
      <trkpt lat="39.5398476" lon="21.1821868"></trkpt>
      <trkpt lat="39.5401864" lon="21.1825763"></trkpt>
      <trkpt lat="39.540161" lon="21.1822135"></trkpt>
      <trkpt lat="39.5407147" lon="21.1816448"></trkpt>
      <trkpt lat="39.5412019" lon="21.1814523"></trkpt>
      <trkpt lat="39.5416471" lon="21.181544"></trkpt>
      <trkpt lat="39.5419412" lon="21.1809665"></trkpt>
      <trkpt lat="39.5430554" lon="21.180613"></trkpt>
      <trkpt lat="39.5438286" lon="21.1808732"></trkpt>
      <trkpt lat="39.5442108" lon="21.1811227"></trkpt>
      <trkpt lat="39.5446753" lon="21.1811805"></trkpt>
      <trkpt lat="39.5452252" lon="21.1814286"></trkpt>
      <trkpt lat="39.5455124" lon="21.1813612"></trkpt>
      <trkpt lat="39.5459194" lon="21.1816037"></trkpt>
      <trkpt lat="39.5467278" lon="21.1815608"></trkpt>
      <trkpt lat="39.5471797" lon="21.181705"></trkpt>
      <trkpt lat="39.5472928" lon="21.1813986"></trkpt>
      <trkpt lat="39.5476839" lon="21.1808927"></trkpt>
      <trkpt lat="39.5478412" lon="21.1802806"></trkpt>
      <trkpt lat="39.5480886" lon="21.1798855"></trkpt>
      <trkpt lat="39.5480988" lon="21.1788663"></trkpt>
      <trkpt lat="39.5482319" lon="21.1784429"></trkpt>
      <trkpt lat="39.54846" lon="21.1783499"></trkpt>
      <trkpt lat="39.5487652" lon="21.177869"></trkpt>
      <trkpt lat="39.5493733" lon="21.1772399"></trkpt>
      <trkpt lat="39.5496493" lon="21.177114"></trkpt>
      <trkpt lat="39.5501403" lon="21.177109"></trkpt>
      <trkpt lat="39.5506571" lon="21.1769751"></trkpt>
      <trkpt lat="39.5508851" lon="21.1768489"></trkpt>
      <trkpt lat="39.5511308" lon="21.1765385"></trkpt>
      <trkpt lat="39.5508936" lon="21.1762623"></trkpt>
      <trkpt lat="39.5507232" lon="21.1756836"></trkpt>
      <trkpt lat="39.550371" lon="21.1753815"></trkpt>
      <trkpt lat="39.5502744" lon="21.1750381"></trkpt>
      <trkpt lat="39.5504094" lon="21.1744592"></trkpt>
      <trkpt lat="39.5508964" lon="21.1738647"></trkpt>
      <trkpt lat="39.5511463" lon="21.1733354"></trkpt>
      <trkpt lat="39.5514158" lon="21.172039"></trkpt>
      <trkpt lat="39.5516579" lon="21.1719217"></trkpt>
      <trkpt lat="39.5520645" lon="21.1714813"></trkpt>
      <trkpt lat="39.5526393" lon="21.1713122"></trkpt>
      <trkpt lat="39.5532858" lon="21.1708911"></trkpt>
      <trkpt lat="39.5542142" lon="21.1706746"></trkpt>
      <trkpt lat="39.5553213" lon="21.1710486"></trkpt>
      <trkpt lat="39.5554847" lon="21.1713004"></trkpt>
      <trkpt lat="39.5555443" lon="21.1717039"></trkpt>
      <trkpt lat="39.5557553" lon="21.1721256"></trkpt>
      <trkpt lat="39.5564314" lon="21.1717528"></trkpt>
      <trkpt lat="39.556693" lon="21.1714628"></trkpt>
      <trkpt lat="39.5572288" lon="21.1717768"></trkpt>
      <trkpt lat="39.5574606" lon="21.1717108"></trkpt>
      <trkpt lat="39.558407" lon="21.1706497"></trkpt>
      <trkpt lat="39.5585275" lon="21.1702421"></trkpt>
      <trkpt lat="39.5589539" lon="21.16959"></trkpt>
      <trkpt lat="39.559327" lon="21.1692622"></trkpt>
      <trkpt lat="39.5599155" lon="21.1690541"></trkpt>
      <trkpt lat="39.5605256" lon="21.1687116"></trkpt>
      <trkpt lat="39.5608253" lon="21.1686501"></trkpt>
      <trkpt lat="39.5610088" lon="21.1684881"></trkpt>
      <trkpt lat="39.5613513" lon="21.1685963"></trkpt>
      <trkpt lat="39.561554" lon="21.16925"></trkpt>
      <trkpt lat="39.5619224" lon="21.1696287"></trkpt>
      <trkpt lat="39.56247" lon="21.1697854"></trkpt>
      <trkpt lat="39.562745" lon="21.1697004"></trkpt>
      <trkpt lat="39.5633003" lon="21.17029"></trkpt>
      <trkpt lat="39.5636124" lon="21.1703052"></trkpt>
      <trkpt lat="39.563878" lon="21.170488"></trkpt>
      <trkpt lat="39.5644718" lon="21.170623"></trkpt>
      <trkpt lat="39.5648723" lon="21.1712845"></trkpt>
      <trkpt lat="39.5651726" lon="21.1715849"></trkpt>
      <trkpt lat="39.5653892" lon="21.1720297"></trkpt>
      <trkpt lat="39.5654737" lon="21.1718788"></trkpt>
      <trkpt lat="39.5655454" lon="21.1709163"></trkpt>
      <trkpt lat="39.5656453" lon="21.1707597"></trkpt>
      <trkpt lat="39.5659988" lon="21.1705396"></trkpt>
      <trkpt lat="39.5661007" lon="21.1702489"></trkpt>
      <trkpt lat="39.5663331" lon="21.1700494"></trkpt>
      <trkpt lat="39.5666038" lon="21.1695416"></trkpt>
      <trkpt lat="39.5671895" lon="21.1694404"></trkpt>
      <trkpt lat="39.5680524" lon="21.1695083"></trkpt>
      <trkpt lat="39.5683618" lon="21.1697435"></trkpt>
      <trkpt lat="39.5685447" lon="21.1702619"></trkpt>
      <trkpt lat="39.5688745" lon="21.1705373"></trkpt>
      <trkpt lat="39.5692697" lon="21.1705857"></trkpt>
      <trkpt lat="39.5695224" lon="21.1698578"></trkpt>
      <trkpt lat="39.5695141" lon="21.1696513"></trkpt>
      <trkpt lat="39.5694484" lon="21.1693934"></trkpt>
      <trkpt lat="39.5692196" lon="21.1691664"></trkpt>
      <trkpt lat="39.5690363" lon="21.1683878"></trkpt>
      <trkpt lat="39.5688257" lon="21.1682395"></trkpt>
      <trkpt lat="39.5687914" lon="21.1679971"></trkpt>
      <trkpt lat="39.5686287" lon="21.1678789"></trkpt>
      <trkpt lat="39.5686496" lon="21.167441"></trkpt>
      <trkpt lat="39.5685484" lon="21.1669251"></trkpt>
      <trkpt lat="39.5682731" lon="21.1665623"></trkpt>
      <trkpt lat="39.5678577" lon="21.1662725"></trkpt>
      <trkpt lat="39.5680864" lon="21.1667529"></trkpt>
      <trkpt lat="39.5681163" lon="21.1670705"></trkpt>
      <trkpt lat="39.5679691" lon="21.1670623"></trkpt>
      <trkpt lat="39.5676141" lon="21.1667642"></trkpt>
      <trkpt lat="39.5674853" lon="21.1663679"></trkpt>
      <trkpt lat="39.5674339" lon="21.1655511"></trkpt>
      <trkpt lat="39.5670965" lon="21.164718"></trkpt>
      <trkpt lat="39.5671828" lon="21.1640658"></trkpt>
      <trkpt lat="39.5676376" lon="21.1635647"></trkpt>
      <trkpt lat="39.5676402" lon="21.1633856"></trkpt>
      <trkpt lat="39.5673313" lon="21.1629378"></trkpt>
      <trkpt lat="39.5670702" lon="21.1627721"></trkpt>
      <trkpt lat="39.5668388" lon="21.1621314"></trkpt>
      <trkpt lat="39.5664592" lon="21.1613777"></trkpt>
      <trkpt lat="39.5663886" lon="21.1613969"></trkpt>
      <trkpt lat="39.5663654" lon="21.1609072"></trkpt>
      <trkpt lat="39.5662577" lon="21.1606899"></trkpt>
      <trkpt lat="39.5662692" lon="21.160205"></trkpt>
      <trkpt lat="39.5661425" lon="21.1601235"></trkpt>
      <trkpt lat="39.5657554" lon="21.1602058"></trkpt>
      <trkpt lat="39.5654778" lon="21.1599258"></trkpt>
      <trkpt lat="39.5649801" lon="21.1592475"></trkpt>
      <trkpt lat="39.5648337" lon="21.1591976"></trkpt>
      <trkpt lat="39.5646481" lon="21.1585032"></trkpt>
      <trkpt lat="39.56471" lon="21.1578119"></trkpt>
      <trkpt lat="39.5646023" lon="21.1574928"></trkpt>
      <trkpt lat="39.5646132" lon="21.1566179"></trkpt>
      <trkpt lat="39.5646909" lon="21.1566448"></trkpt>
      <trkpt lat="39.5649991" lon="21.1563235"></trkpt>
      <trkpt lat="39.5651494" lon="21.1556746"></trkpt>
      <trkpt lat="39.5655026" lon="21.1551833"></trkpt>
      <trkpt lat="39.5659216" lon="21.1550015"></trkpt>
      <trkpt lat="39.5661335" lon="21.1547134"></trkpt>
      <trkpt lat="39.5661026" lon="21.1545311"></trkpt>
      <trkpt lat="39.565828" lon="21.1543072"></trkpt>
      <trkpt lat="39.5656622" lon="21.1540348"></trkpt>
      <trkpt lat="39.5656566" lon="21.1538885"></trkpt>
      <trkpt lat="39.5659462" lon="21.1535173"></trkpt>
      <trkpt lat="39.5661694" lon="21.1527412"></trkpt>
      <trkpt lat="39.5664385" lon="21.1525439"></trkpt>
      <trkpt lat="39.5663237" lon="21.1522415"></trkpt>
      <trkpt lat="39.5668987" lon="21.1517879"></trkpt>
      <trkpt lat="39.5669786" lon="21.1516127"></trkpt>
      <trkpt lat="39.5669124" lon="21.1512444"></trkpt>
      <trkpt lat="39.5667797" lon="21.1511397"></trkpt>
      <trkpt lat="39.5667961" lon="21.1509724"></trkpt>
      <trkpt lat="39.5670968" lon="21.1504687"></trkpt>
      <trkpt lat="39.5670197" lon="21.1501068"></trkpt>
      <trkpt lat="39.5672475" lon="21.1500541"></trkpt>
      <trkpt lat="39.5673349" lon="21.1499119"></trkpt>
      <trkpt lat="39.5673143" lon="21.1496547"></trkpt>
      <trkpt lat="39.5670688" lon="21.1491494"></trkpt>
      <trkpt lat="39.5670961" lon="21.1488217"></trkpt>
      <trkpt lat="39.5674389" lon="21.1480496"></trkpt>
      <trkpt lat="39.5678327" lon="21.1479119"></trkpt>
      <trkpt lat="39.567947" lon="21.1475738"></trkpt>
      <trkpt lat="39.5674223" lon="21.1465259"></trkpt>
      <trkpt lat="39.5673739" lon="21.1458227"></trkpt>
      <trkpt lat="39.5670548" lon="21.1452738"></trkpt>
      <trkpt lat="39.5669804" lon="21.1448522"></trkpt>
      <trkpt lat="39.5671182" lon="21.1449056"></trkpt>
      <trkpt lat="39.567013" lon="21.1448342"></trkpt>
      <trkpt lat="39.5670765" lon="21.1446598"></trkpt>
      <trkpt lat="39.5672446" lon="21.1445497"></trkpt>
      <trkpt lat="39.5673149" lon="21.1446617"></trkpt>
      <trkpt lat="39.5680937" lon="21.1442279"></trkpt>
      <trkpt lat="39.5684845" lon="21.1436941"></trkpt>
      <trkpt lat="39.5688653" lon="21.143415"></trkpt>
      <trkpt lat="39.5689749" lon="21.1432317"></trkpt>
      <trkpt lat="39.5691261" lon="21.1422829"></trkpt>
      <trkpt lat="39.5696006" lon="21.1418214"></trkpt>
      <trkpt lat="39.5696982" lon="21.1411645"></trkpt>
      <trkpt lat="39.5699545" lon="21.1409386"></trkpt>
      <trkpt lat="39.5701179" lon="21.1404179"></trkpt>
      <trkpt lat="39.570155" lon="21.1397462"></trkpt>
      <trkpt lat="39.569986" lon="21.1394267"></trkpt>
      <trkpt lat="39.5698156" lon="21.1393239"></trkpt>
      <trkpt lat="39.5699091" lon="21.1386984"></trkpt>
      <trkpt lat="39.5700829" lon="21.1387016"></trkpt>
      <trkpt lat="39.5707125" lon="21.1390651"></trkpt>
      <trkpt lat="39.571338" lon="21.1391707"></trkpt>
      <trkpt lat="39.571106" lon="21.1388853"></trkpt>
      <trkpt lat="39.5705434" lon="21.138561"></trkpt>
      <trkpt lat="39.570475" lon="21.1384768"></trkpt>
      <trkpt lat="39.5705563" lon="21.1383943"></trkpt>
      <trkpt lat="39.5710142" lon="21.1384946"></trkpt>
      <trkpt lat="39.5715356" lon="21.1384383"></trkpt>
      <trkpt lat="39.5720999" lon="21.1389975"></trkpt>
      <trkpt lat="39.5723751" lon="21.1390735"></trkpt>
      <trkpt lat="39.5725347" lon="21.1392966"></trkpt>
      <trkpt lat="39.572744" lon="21.1390954"></trkpt>
      <trkpt lat="39.5736422" lon="21.1387517"></trkpt>
      <trkpt lat="39.5737401" lon="21.1387572"></trkpt>
      <trkpt lat="39.5739345" lon="21.1391672"></trkpt>
      <trkpt lat="39.5744869" lon="21.1389553"></trkpt>
      <trkpt lat="39.5747613" lon="21.1391898"></trkpt>
      <trkpt lat="39.574923" lon="21.1396051"></trkpt>
      <trkpt lat="39.5752398" lon="21.1396063"></trkpt>
      <trkpt lat="39.5755027" lon="21.1402889"></trkpt>
      <trkpt lat="39.5758751" lon="21.1405785"></trkpt>
      <trkpt lat="39.5761321" lon="21.1406231"></trkpt>
      <trkpt lat="39.5766493" lon="21.1411371"></trkpt>
      <trkpt lat="39.5767401" lon="21.1412966"></trkpt>
      <trkpt lat="39.5766728" lon="21.1415858"></trkpt>
      <trkpt lat="39.5769663" lon="21.1416206"></trkpt>
      <trkpt lat="39.5773819" lon="21.1418526"></trkpt>
      <trkpt lat="39.5776703" lon="21.1421948"></trkpt>
      <trkpt lat="39.5777357" lon="21.1424425"></trkpt>
      <trkpt lat="39.5781546" lon="21.1426325"></trkpt>
      <trkpt lat="39.5784793" lon="21.1429274"></trkpt>
      <trkpt lat="39.5789523" lon="21.1427691"></trkpt>
      <trkpt lat="39.5787876" lon="21.1426777"></trkpt>
      <trkpt lat="39.578887" lon="21.1425693"></trkpt>
      <trkpt lat="39.5790533" lon="21.1427714"></trkpt>
      <trkpt lat="39.5791369" lon="21.1426913"></trkpt>
      <trkpt lat="39.5794494" lon="21.1430722"></trkpt>
      <trkpt lat="39.5796209" lon="21.1431441"></trkpt>
      <trkpt lat="39.5798424" lon="21.1430736"></trkpt>
      <trkpt lat="39.580028" lon="21.1431587"></trkpt>
      <trkpt lat="39.5804119" lon="21.1436684"></trkpt>
      <trkpt lat="39.5805949" lon="21.1436794"></trkpt>
      <trkpt lat="39.5809598" lon="21.1441682"></trkpt>
      <trkpt lat="39.5810416" lon="21.1441087"></trkpt>
      <trkpt lat="39.5810623" lon="21.1439402"></trkpt>
      <trkpt lat="39.5807512" lon="21.1433703"></trkpt>
      <trkpt lat="39.5808225" lon="21.1432504"></trkpt>
      <trkpt lat="39.5807708" lon="21.1427699"></trkpt>
      <trkpt lat="39.580949" lon="21.1428147"></trkpt>
      <trkpt lat="39.5808007" lon="21.1425895"></trkpt>
      <trkpt lat="39.5807078" lon="21.1421503"></trkpt>
      <trkpt lat="39.5803278" lon="21.1416074"></trkpt>
      <trkpt lat="39.5805159" lon="21.1412055"></trkpt>
      <trkpt lat="39.5802909" lon="21.1406003"></trkpt>
      <trkpt lat="39.5803515" lon="21.1403376"></trkpt>
      <trkpt lat="39.5802763" lon="21.1401879"></trkpt>
      <trkpt lat="39.5800153" lon="21.1401545"></trkpt>
      <trkpt lat="39.5799679" lon="21.1398179"></trkpt>
      <trkpt lat="39.58034" lon="21.1396057"></trkpt>
      <trkpt lat="39.5806177" lon="21.1396456"></trkpt>
      <trkpt lat="39.5809316" lon="21.139951"></trkpt>
      <trkpt lat="39.5811533" lon="21.1400157"></trkpt>
      <trkpt lat="39.5815749" lon="21.1404446"></trkpt>
      <trkpt lat="39.5818803" lon="21.1404397"></trkpt>
      <trkpt lat="39.5819963" lon="21.1403223"></trkpt>
      <trkpt lat="39.5819649" lon="21.1401444"></trkpt>
      <trkpt lat="39.581484" lon="21.1396864"></trkpt>
      <trkpt lat="39.5813574" lon="21.1394375"></trkpt>
      <trkpt lat="39.5805749" lon="21.1387255"></trkpt>
      <trkpt lat="39.5800616" lon="21.138039"></trkpt>
      <trkpt lat="39.5793619" lon="21.1375433"></trkpt>
      <trkpt lat="39.5790456" lon="21.1376261"></trkpt>
      <trkpt lat="39.5789694" lon="21.1375628"></trkpt>
      <trkpt lat="39.5788106" lon="21.1371569"></trkpt>
      <trkpt lat="39.57875" lon="21.1362804"></trkpt>
      <trkpt lat="39.5785812" lon="21.1357534"></trkpt>
      <trkpt lat="39.5783745" lon="21.1354566"></trkpt>
      <trkpt lat="39.5778599" lon="21.1350424"></trkpt>
      <trkpt lat="39.5773818" lon="21.1349799"></trkpt>
      <trkpt lat="39.5771549" lon="21.134859"></trkpt>
      <trkpt lat="39.577007" lon="21.1346072"></trkpt>
      <trkpt lat="39.5769839" lon="21.1343068"></trkpt>
      <trkpt lat="39.5771208" lon="21.1340784"></trkpt>
      <trkpt lat="39.5775392" lon="21.1338682"></trkpt>
      <trkpt lat="39.5778949" lon="21.1335146"></trkpt>
      <trkpt lat="39.5782035" lon="21.1335227"></trkpt>
      <trkpt lat="39.5785315" lon="21.1336506"></trkpt>
      <trkpt lat="39.5789752" lon="21.1334232"></trkpt>
      <trkpt lat="39.5791812" lon="21.1331821"></trkpt>
      <trkpt lat="39.5797149" lon="21.1331262"></trkpt>
      <trkpt lat="39.5800937" lon="21.1325469"></trkpt>
      <trkpt lat="39.5805139" lon="21.1322626"></trkpt>
      <trkpt lat="39.5807498" lon="21.1317212"></trkpt>
      <trkpt lat="39.5811222" lon="21.1314046"></trkpt>
      <trkpt lat="39.5813591" lon="21.130895"></trkpt>
      <trkpt lat="39.5812665" lon="21.1301563"></trkpt>
      <trkpt lat="39.5814856" lon="21.1296684"></trkpt>
      <trkpt lat="39.5814147" lon="21.1288631"></trkpt>
      <trkpt lat="39.5814618" lon="21.128464"></trkpt>
      <trkpt lat="39.5815912" lon="21.1282354"></trkpt>
      <trkpt lat="39.5818745" lon="21.1280394"></trkpt>
      <trkpt lat="39.5823901" lon="21.1274527"></trkpt>
      <trkpt lat="39.5829214" lon="21.1271503"></trkpt>
      <trkpt lat="39.5831702" lon="21.1264633"></trkpt>
      <trkpt lat="39.5831316" lon="21.1252293"></trkpt>
      <trkpt lat="39.5828649" lon="21.1248532"></trkpt>
      <trkpt lat="39.5828055" lon="21.1246178"></trkpt>
      <trkpt lat="39.5829324" lon="21.1247504"></trkpt>
      <trkpt lat="39.5827221" lon="21.1245292"></trkpt>
      <trkpt lat="39.5826721" lon="21.1243512"></trkpt>
      <trkpt lat="39.5827968" lon="21.1239742"></trkpt>
      <trkpt lat="39.5827685" lon="21.123799"></trkpt>
      <trkpt lat="39.5836219" lon="21.1231891"></trkpt>
      <trkpt lat="39.5834862" lon="21.1238022"></trkpt>
      <trkpt lat="39.5833839" lon="21.123888"></trkpt>
      <trkpt lat="39.5835713" lon="21.1237795"></trkpt>
      <trkpt lat="39.5839078" lon="21.1234296"></trkpt>
      <trkpt lat="39.584063" lon="21.1230953"></trkpt>
      <trkpt lat="39.5841141" lon="21.1232072"></trkpt>
      <trkpt lat="39.584199" lon="21.1231827"></trkpt>
      <trkpt lat="39.584139" lon="21.1232113"></trkpt>
      <trkpt lat="39.5840795" lon="21.1228782"></trkpt>
      <trkpt lat="39.5841313" lon="21.1232769"></trkpt>
      <trkpt lat="39.5844161" lon="21.1236615"></trkpt>
      <trkpt lat="39.5841707" lon="21.1241566"></trkpt>
      <trkpt lat="39.584157" lon="21.1246951"></trkpt>
      <trkpt lat="39.5845846" lon="21.1251283"></trkpt>
      <trkpt lat="39.5848968" lon="21.1257842"></trkpt>
      <trkpt lat="39.5848458" lon="21.1257124"></trkpt>
      <trkpt lat="39.5850455" lon="21.1252986"></trkpt>
      <trkpt lat="39.5854225" lon="21.1247925"></trkpt>
      <trkpt lat="39.5855814" lon="21.1246173"></trkpt>
      <trkpt lat="39.5859886" lon="21.124423"></trkpt>
      <trkpt lat="39.5870279" lon="21.1248519"></trkpt>
      <trkpt lat="39.5872716" lon="21.1252794"></trkpt>
      <trkpt lat="39.5875783" lon="21.1252673"></trkpt>
      <trkpt lat="39.5876497" lon="21.1253438"></trkpt>
      <trkpt lat="39.5878506" lon="21.1252252"></trkpt>
      <trkpt lat="39.58817" lon="21.1252429"></trkpt>
      <trkpt lat="39.5884029" lon="21.1254392"></trkpt>
      <trkpt lat="39.5885786" lon="21.1254601"></trkpt>
      <trkpt lat="39.5886763" lon="21.1255754"></trkpt>
      <trkpt lat="39.5886342" lon="21.1257464"></trkpt>
      <trkpt lat="39.5888895" lon="21.1258576"></trkpt>
      <trkpt lat="39.5890787" lon="21.1263225"></trkpt>
      <trkpt lat="39.5894675" lon="21.1260367"></trkpt>
      <trkpt lat="39.5895633" lon="21.1262103"></trkpt>
      <trkpt lat="39.5896931" lon="21.1262063"></trkpt>
      <trkpt lat="39.5899206" lon="21.1258462"></trkpt>
      <trkpt lat="39.5900293" lon="21.1258092"></trkpt>
      <trkpt lat="39.5898729" lon="21.1259624"></trkpt>
      <trkpt lat="39.5897927" lon="21.1261854"></trkpt>
      <trkpt lat="39.5898415" lon="21.1263076"></trkpt>
      <trkpt lat="39.5896407" lon="21.1267553"></trkpt>
      <trkpt lat="39.5897491" lon="21.1268993"></trkpt>
      <trkpt lat="39.5892993" lon="21.1272568"></trkpt>
      <trkpt lat="39.5892684" lon="21.127431"></trkpt>
      <trkpt lat="39.5893951" lon="21.1275866"></trkpt>
      <trkpt lat="39.5893109" lon="21.1278118"></trkpt>
      <trkpt lat="39.5887945" lon="21.1281308"></trkpt>
      <trkpt lat="39.5884523" lon="21.1286607"></trkpt>
      <trkpt lat="39.5879251" lon="21.129124"></trkpt>
      <trkpt lat="39.5877527" lon="21.1294002"></trkpt>
      <trkpt lat="39.5878343" lon="21.1295291"></trkpt>
      <trkpt lat="39.5876829" lon="21.1298727"></trkpt>
      <trkpt lat="39.5871651" lon="21.1304334"></trkpt>
      <trkpt lat="39.5871131" lon="21.1305295"></trkpt>
      <trkpt lat="39.5871755" lon="21.1306091"></trkpt>
      <trkpt lat="39.5869773" lon="21.1309495"></trkpt>
      <trkpt lat="39.5863857" lon="21.1314908"></trkpt>
      <trkpt lat="39.5864571" lon="21.1320774"></trkpt>
      <trkpt lat="39.586616" lon="21.1321092"></trkpt>
      <trkpt lat="39.5865787" lon="21.13234"></trkpt>
      <trkpt lat="39.5866712" lon="21.1323783"></trkpt>
      <trkpt lat="39.5866876" lon="21.1326563"></trkpt>
      <trkpt lat="39.5869553" lon="21.1325369"></trkpt>
      <trkpt lat="39.5873693" lon="21.1326936"></trkpt>
      <trkpt lat="39.5883915" lon="21.1325972"></trkpt>
      <trkpt lat="39.5887533" lon="21.1329078"></trkpt>
      <trkpt lat="39.5900501" lon="21.1324323"></trkpt>
      <trkpt lat="39.5903953" lon="21.1324126"></trkpt>
      <trkpt lat="39.5916933" lon="21.1327212"></trkpt>
      <trkpt lat="39.5923091" lon="21.1331133"></trkpt>
      <trkpt lat="39.5929104" lon="21.1333238"></trkpt>
      <trkpt lat="39.5931786" lon="21.1335159"></trkpt>
      <trkpt lat="39.5934081" lon="21.1339464"></trkpt>
      <trkpt lat="39.5936897" lon="21.1342217"></trkpt>
      <trkpt lat="39.5938516" lon="21.1342655"></trkpt>
      <trkpt lat="39.594463" lon="21.134169"></trkpt>
      <trkpt lat="39.5953344" lon="21.1337337"></trkpt>
      <trkpt lat="39.5965036" lon="21.1335291"></trkpt>
      <trkpt lat="39.5971302" lon="21.1332489"></trkpt>
      <trkpt lat="39.5976491" lon="21.1328691"></trkpt>
      <trkpt lat="39.5982799" lon="21.1329104"></trkpt>
      <trkpt lat="39.5993227" lon="21.1325238"></trkpt>
      <trkpt lat="39.5998736" lon="21.1325057"></trkpt>
      <trkpt lat="39.6005511" lon="21.1323367"></trkpt>
      <trkpt lat="39.6015442" lon="21.1315081"></trkpt>
      <trkpt lat="39.601991" lon="21.1308023"></trkpt>
      <trkpt lat="39.6026105" lon="21.1305479"></trkpt>
      <trkpt lat="39.6029457" lon="21.1301608"></trkpt>
      <trkpt lat="39.603467" lon="21.1298111"></trkpt>
      <trkpt lat="39.6040813" lon="21.1295482"></trkpt>
      <trkpt lat="39.6046893" lon="21.1294851"></trkpt>
      <trkpt lat="39.6053934" lon="21.1292558"></trkpt>
      <trkpt lat="39.6058265" lon="21.1293535"></trkpt>
      <trkpt lat="39.6073076" lon="21.1285475"></trkpt>
      <trkpt lat="39.6075486" lon="21.128591"></trkpt>
      <trkpt lat="39.6078872" lon="21.129155"></trkpt>
      <trkpt lat="39.6081649" lon="21.1292793"></trkpt>
      <trkpt lat="39.6082887" lon="21.1298177"></trkpt>
      <trkpt lat="39.6083959" lon="21.1299523"></trkpt>
      <trkpt lat="39.6086875" lon="21.1300554"></trkpt>
      <trkpt lat="39.6091012" lon="21.1300481"></trkpt>
      <trkpt lat="39.6092341" lon="21.1301325"></trkpt>
      <trkpt lat="39.6092455" lon="21.1303362"></trkpt>
      <trkpt lat="39.6090275" lon="21.1308674"></trkpt>
      <trkpt lat="39.6090478" lon="21.1311116"></trkpt>
      <trkpt lat="39.6095557" lon="21.1316058"></trkpt>
      <trkpt lat="39.6103189" lon="21.1326695"></trkpt>
      <trkpt lat="39.610289" lon="21.1328636"></trkpt>
      <trkpt lat="39.6100653" lon="21.1331001"></trkpt>
      <trkpt lat="39.6098882" lon="21.1334702"></trkpt>
      <trkpt lat="39.6099297" lon="21.1341897"></trkpt>
      <trkpt lat="39.6096688" lon="21.1350568"></trkpt>
      <trkpt lat="39.6099125" lon="21.1357372"></trkpt>
      <trkpt lat="39.60993" lon="21.1376823"></trkpt>
      <trkpt lat="39.6100474" lon="21.1377931"></trkpt>
      <trkpt lat="39.6106332" lon="21.1376224"></trkpt>
      <trkpt lat="39.6105755" lon="21.1380424"></trkpt>
      <trkpt lat="39.6106399" lon="21.1384589"></trkpt>
      <trkpt lat="39.6103318" lon="21.1389829"></trkpt>
      <trkpt lat="39.6107453" lon="21.1396911"></trkpt>
      <trkpt lat="39.6107047" lon="21.1401169"></trkpt>
      <trkpt lat="39.6108347" lon="21.1404148"></trkpt>
      <trkpt lat="39.6107038" lon="21.1411676"></trkpt>
      <trkpt lat="39.6107995" lon="21.1412764"></trkpt>
      <trkpt lat="39.6109042" lon="21.1411816"></trkpt>
      <trkpt lat="39.6112984" lon="21.1411733"></trkpt>
      <trkpt lat="39.6113598" lon="21.1414474"></trkpt>
      <trkpt lat="39.6103228" lon="21.1424793"></trkpt>
      <trkpt lat="39.6090883" lon="21.1434343"></trkpt>
      <trkpt lat="39.6090055" lon="21.1434469"></trkpt>
      <trkpt lat="39.6089949" lon="21.1433538"></trkpt>
      <trkpt lat="39.6078008" lon="21.1439009"></trkpt>
      <trkpt lat="39.6074554" lon="21.1441389"></trkpt>
      <trkpt lat="39.6069958" lon="21.1446552"></trkpt>
      <trkpt lat="39.6070951" lon="21.145409"></trkpt>
      <trkpt lat="39.60679" lon="21.1463024"></trkpt>
      <trkpt lat="39.6067893" lon="21.1468209"></trkpt>
      <trkpt lat="39.6069081" lon="21.1470349"></trkpt>
      <trkpt lat="39.6069624" lon="21.1477184"></trkpt>
      <trkpt lat="39.607107" lon="21.1481269"></trkpt>
      <trkpt lat="39.608883" lon="21.1494253"></trkpt>
      <trkpt lat="39.6090411" lon="21.1498154"></trkpt>
      <trkpt lat="39.6088198" lon="21.1502955"></trkpt>
      <trkpt lat="39.6088769" lon="21.1504487"></trkpt>
      <trkpt lat="39.6091686" lon="21.1505131"></trkpt>
      <trkpt lat="39.6095267" lon="21.1502918"></trkpt>
      <trkpt lat="39.6099461" lon="21.1504116"></trkpt>
      <trkpt lat="39.6100268" lon="21.1505637"></trkpt>
      <trkpt lat="39.6099655" lon="21.1510614"></trkpt>
      <trkpt lat="39.6100267" lon="21.151304"></trkpt>
      <trkpt lat="39.6100919" lon="21.1513999"></trkpt>
      <trkpt lat="39.6103535" lon="21.1514651"></trkpt>
      <trkpt lat="39.611995" lon="21.1513436"></trkpt>
      <trkpt lat="39.6109033" lon="21.1508935"></trkpt>
      <trkpt lat="39.6109391" lon="21.1506541"></trkpt>
      <trkpt lat="39.6113979" lon="21.1497742"></trkpt>
      <trkpt lat="39.6115365" lon="21.1498029"></trkpt>
      <trkpt lat="39.6116279" lon="21.1499714"></trkpt>
      <trkpt lat="39.6120565" lon="21.149531"></trkpt>
      <trkpt lat="39.6120625" lon="21.1499739"></trkpt>
      <trkpt lat="39.6125048" lon="21.1499171"></trkpt>
      <trkpt lat="39.6125043" lon="21.1497956"></trkpt>
      <trkpt lat="39.6126424" lon="21.1496397"></trkpt>
      <trkpt lat="39.613157" lon="21.1496164"></trkpt>
      <trkpt lat="39.6131098" lon="21.1494004"></trkpt>
      <trkpt lat="39.6134698" lon="21.1493833"></trkpt>
      <trkpt lat="39.613446" lon="21.1491646"></trkpt>
      <trkpt lat="39.6136801" lon="21.1491491"></trkpt>
      <trkpt lat="39.6137503" lon="21.1489762"></trkpt>
      <trkpt lat="39.6138912" lon="21.1489775"></trkpt>
      <trkpt lat="39.6138937" lon="21.1488149"></trkpt>
      <trkpt lat="39.614079" lon="21.1485584"></trkpt>
      <trkpt lat="39.6149958" lon="21.1486202"></trkpt>
      <trkpt lat="39.6160601" lon="21.1484831"></trkpt>
      <trkpt lat="39.6165668" lon="21.1486347"></trkpt>
      <trkpt lat="39.6170271" lon="21.1489326"></trkpt>
      <trkpt lat="39.6175898" lon="21.1495315"></trkpt>
      <trkpt lat="39.6178325" lon="21.1503597"></trkpt>
      <trkpt lat="39.6178923" lon="21.1509484"></trkpt>
      <trkpt lat="39.6182778" lon="21.1514228"></trkpt>
      <trkpt lat="39.618648" lon="21.1521378"></trkpt>
      <trkpt lat="39.6189472" lon="21.1524485"></trkpt>
      <trkpt lat="39.6193216" lon="21.1525795"></trkpt>
      <trkpt lat="39.6199324" lon="21.1529796"></trkpt>
      <trkpt lat="39.6212787" lon="21.1531659"></trkpt>
      <trkpt lat="39.6215869" lon="21.1533092"></trkpt>
      <trkpt lat="39.6220376" lon="21.1531249"></trkpt>
      <trkpt lat="39.622392" lon="21.154065"></trkpt>
      <trkpt lat="39.6226148" lon="21.1549788"></trkpt>
      <trkpt lat="39.6227032" lon="21.1559894"></trkpt>
      <trkpt lat="39.6223746" lon="21.1573168"></trkpt>
      <trkpt lat="39.6220515" lon="21.1578493"></trkpt>
      <trkpt lat="39.6217466" lon="21.1578766"></trkpt>
      <trkpt lat="39.6216314" lon="21.1580163"></trkpt>
      <trkpt lat="39.6216274" lon="21.1583689"></trkpt>
      <trkpt lat="39.6219668" lon="21.1587918"></trkpt>
      <trkpt lat="39.6229323" lon="21.1595509"></trkpt>
      <trkpt lat="39.6233312" lon="21.1601256"></trkpt>
      <trkpt lat="39.6235854" lon="21.1606685"></trkpt>
      <trkpt lat="39.6235749" lon="21.1608018"></trkpt>
      <trkpt lat="39.6236984" lon="21.1609057"></trkpt>
      <trkpt lat="39.623641" lon="21.161154"></trkpt>
      <trkpt lat="39.6238657" lon="21.161219"></trkpt>
      <trkpt lat="39.6238985" lon="21.161701"></trkpt>
      <trkpt lat="39.6240898" lon="21.1618039"></trkpt>
      <trkpt lat="39.624139" lon="21.1619527"></trkpt>
      <trkpt lat="39.624093" lon="21.1629041"></trkpt>
      <trkpt lat="39.6242168" lon="21.1630782"></trkpt>
      <trkpt lat="39.6246094" lon="21.1632945"></trkpt>
      <trkpt lat="39.6247351" lon="21.163512"></trkpt>
      <trkpt lat="39.6255083" lon="21.1637484"></trkpt>
      <trkpt lat="39.6260546" lon="21.1641171"></trkpt>
      <trkpt lat="39.6265259" lon="21.1653417"></trkpt>
      <trkpt lat="39.6268752" lon="21.1656465"></trkpt>
      <trkpt lat="39.6272807" lon="21.1657879"></trkpt>
      <trkpt lat="39.6274734" lon="21.1665187"></trkpt>
      <trkpt lat="39.6282471" lon="21.1675687"></trkpt>
      <trkpt lat="39.6286338" lon="21.167769"></trkpt>
      <trkpt lat="39.6297749" lon="21.1676571"></trkpt>
      <trkpt lat="39.6299463" lon="21.1676844"></trkpt>
      <trkpt lat="39.6305703" lon="21.1681265"></trkpt>
      <trkpt lat="39.6307479" lon="21.1680962"></trkpt>
      <trkpt lat="39.6313098" lon="21.1674272"></trkpt>
      <trkpt lat="39.6314324" lon="21.1669752"></trkpt>
      <trkpt lat="39.6318488" lon="21.1661993"></trkpt>
      <trkpt lat="39.6320214" lon="21.1660584"></trkpt>
      <trkpt lat="39.6322024" lon="21.1660916"></trkpt>
      <trkpt lat="39.6323218" lon="21.16594"></trkpt>
      <trkpt lat="39.63232" lon="21.1657069"></trkpt>
      <trkpt lat="39.6320809" lon="21.1653405"></trkpt>
      <trkpt lat="39.6321671" lon="21.1652052"></trkpt>
      <trkpt lat="39.6318946" lon="21.1643144"></trkpt>
      <trkpt lat="39.632175" lon="21.1638723"></trkpt>
      <trkpt lat="39.6322412" lon="21.163229"></trkpt>
      <trkpt lat="39.6321292" lon="21.1624138"></trkpt>
      <trkpt lat="39.6323925" lon="21.1624804"></trkpt>
      <trkpt lat="39.6321536" lon="21.1619983"></trkpt>
      <trkpt lat="39.6326837" lon="21.1617577"></trkpt>
      <trkpt lat="39.6325383" lon="21.1615004"></trkpt>
      <trkpt lat="39.6319893" lon="21.161111"></trkpt>
      <trkpt lat="39.6321325" lon="21.1608809"></trkpt>
      <trkpt lat="39.6319651" lon="21.1604356"></trkpt>
      <trkpt lat="39.6317598" lon="21.1602852"></trkpt>
      <trkpt lat="39.6317924" lon="21.1598943"></trkpt>
      <trkpt lat="39.6320552" lon="21.1591452"></trkpt>
      <trkpt lat="39.6320013" lon="21.1582826"></trkpt>
      <trkpt lat="39.6320808" lon="21.1580433"></trkpt>
      <trkpt lat="39.6319957" lon="21.1574592"></trkpt>
      <trkpt lat="39.6318978" lon="21.1573142"></trkpt>
      <trkpt lat="39.631606" lon="21.1571605"></trkpt>
      <trkpt lat="39.6314404" lon="21.1567418"></trkpt>
      <trkpt lat="39.631699" lon="21.1567123"></trkpt>
      <trkpt lat="39.6321852" lon="21.1560861"></trkpt>
      <trkpt lat="39.6319395" lon="21.1556455"></trkpt>
      <trkpt lat="39.6315509" lon="21.1554721"></trkpt>
      <trkpt lat="39.6317405" lon="21.155309"></trkpt>
      <trkpt lat="39.631472" lon="21.1552107"></trkpt>
      <trkpt lat="39.6312255" lon="21.1548762"></trkpt>
      <trkpt lat="39.6309616" lon="21.1547957"></trkpt>
      <trkpt lat="39.6306885" lon="21.1543574"></trkpt>
      <trkpt lat="39.6302777" lon="21.1540876"></trkpt>
      <trkpt lat="39.630553" lon="21.1538489"></trkpt>
      <trkpt lat="39.6304642" lon="21.1535165"></trkpt>
      <trkpt lat="39.6305025" lon="21.1533013"></trkpt>
      <trkpt lat="39.6309416" lon="21.1532673"></trkpt>
      <trkpt lat="39.6309514" lon="21.152577"></trkpt>
      <trkpt lat="39.6314593" lon="21.1529205"></trkpt>
      <trkpt lat="39.6315662" lon="21.1528374"></trkpt>
      <trkpt lat="39.6315783" lon="21.1526337"></trkpt>
      <trkpt lat="39.6317366" lon="21.1523536"></trkpt>
      <trkpt lat="39.6321161" lon="21.1522951"></trkpt>
      <trkpt lat="39.6330107" lon="21.1518916"></trkpt>
      <trkpt lat="39.634419" lon="21.1521103"></trkpt>
      <trkpt lat="39.635748" lon="21.1518078"></trkpt>
      <trkpt lat="39.6364367" lon="21.1516108"></trkpt>
      <trkpt lat="39.6368701" lon="21.1513347"></trkpt>
      <trkpt lat="39.6373218" lon="21.151178"></trkpt>
      <trkpt lat="39.638049" lon="21.1506398"></trkpt>
      <trkpt lat="39.6386486" lon="21.1507454"></trkpt>
      <trkpt lat="39.6390366" lon="21.1507236"></trkpt>
      <trkpt lat="39.6405405" lon="21.1499465"></trkpt>
      <trkpt lat="39.6413329" lon="21.1483864"></trkpt>
      <trkpt lat="39.6414704" lon="21.1471994"></trkpt>
      <trkpt lat="39.642117" lon="21.146631"></trkpt>
      <trkpt lat="39.6425334" lon="21.1457535"></trkpt>
      <trkpt lat="39.6427779" lon="21.1456006"></trkpt>
      <trkpt lat="39.64314" lon="21.1456387"></trkpt>
      <trkpt lat="39.6434381" lon="21.1458064"></trkpt>
      <trkpt lat="39.6437592" lon="21.1457696"></trkpt>
      <trkpt lat="39.6442453" lon="21.1470397"></trkpt>
      <trkpt lat="39.644158" lon="21.1473768"></trkpt>
      <trkpt lat="39.6440648" lon="21.1473717"></trkpt>
      <trkpt lat="39.6441995" lon="21.1476071"></trkpt>
      <trkpt lat="39.6440559" lon="21.1476186"></trkpt>
      <trkpt lat="39.6443852" lon="21.1479545"></trkpt>
      <trkpt lat="39.6446626" lon="21.147769"></trkpt>
      <trkpt lat="39.6448437" lon="21.1483645"></trkpt>
      <trkpt lat="39.6456416" lon="21.1484047"></trkpt>
      <trkpt lat="39.6469105" lon="21.1490531"></trkpt>
      <trkpt lat="39.6476191" lon="21.1490707"></trkpt>
      <trkpt lat="39.6476809" lon="21.1492008"></trkpt>
      <trkpt lat="39.6479502" lon="21.1491668"></trkpt>
      <trkpt lat="39.6484644" lon="21.1495208"></trkpt>
      <trkpt lat="39.6488059" lon="21.149586"></trkpt>
      <trkpt lat="39.6488038" lon="21.1498196"></trkpt>
      <trkpt lat="39.6492772" lon="21.1495886"></trkpt>
      <trkpt lat="39.6493179" lon="21.1497879"></trkpt>
      <trkpt lat="39.6494435" lon="21.1498533"></trkpt>
      <trkpt lat="39.6495943" lon="21.1497137"></trkpt>
      <trkpt lat="39.6496816" lon="21.1497888"></trkpt>
      <trkpt lat="39.6498028" lon="21.1496391"></trkpt>
      <trkpt lat="39.6498833" lon="21.1496927"></trkpt>
      <trkpt lat="39.6500291" lon="21.1494756"></trkpt>
      <trkpt lat="39.6502294" lon="21.1496677"></trkpt>
      <trkpt lat="39.6504412" lon="21.1494851"></trkpt>
      <trkpt lat="39.6505641" lon="21.1496533"></trkpt>
      <trkpt lat="39.6504769" lon="21.1502384"></trkpt>
      <trkpt lat="39.6511231" lon="21.150033"></trkpt>
      <trkpt lat="39.651094" lon="21.1502516"></trkpt>
      <trkpt lat="39.6512288" lon="21.1502991"></trkpt>
      <trkpt lat="39.6511807" lon="21.1506072"></trkpt>
      <trkpt lat="39.6514094" lon="21.150581"></trkpt>
      <trkpt lat="39.6518664" lon="21.1501452"></trkpt>
      <trkpt lat="39.6521055" lon="21.1495317"></trkpt>
      <trkpt lat="39.6521623" lon="21.148984"></trkpt>
      <trkpt lat="39.6522784" lon="21.1488788"></trkpt>
      <trkpt lat="39.652357" lon="21.1491642"></trkpt>
      <trkpt lat="39.6528709" lon="21.1490687"></trkpt>
      <trkpt lat="39.653535" lon="21.1491615"></trkpt>
      <trkpt lat="39.6538742" lon="21.1490876"></trkpt>
      <trkpt lat="39.6540629" lon="21.1492267"></trkpt>
      <trkpt lat="39.6543691" lon="21.1492148"></trkpt>
      <trkpt lat="39.6545702" lon="21.1492986"></trkpt>
      <trkpt lat="39.6548888" lon="21.1495126"></trkpt>
      <trkpt lat="39.6556324" lon="21.1492659"></trkpt>
      <trkpt lat="39.6565684" lon="21.1493197"></trkpt>
      <trkpt lat="39.6576104" lon="21.1492173"></trkpt>
      <trkpt lat="39.6580074" lon="21.1493014"></trkpt>
      <trkpt lat="39.6582389" lon="21.1491288"></trkpt>
      <trkpt lat="39.6581593" lon="21.1494496"></trkpt>
      <trkpt lat="39.6576827" lon="21.1503082"></trkpt>
      <trkpt lat="39.6591371" lon="21.1504244"></trkpt>
      <trkpt lat="39.6595458" lon="21.1504027"></trkpt>
      <trkpt lat="39.6596437" lon="21.1502634"></trkpt>
      <trkpt lat="39.6612054" lon="21.1504949"></trkpt>
      <trkpt lat="39.6617914" lon="21.1504728"></trkpt>
      <trkpt lat="39.6627743" lon="21.1510882"></trkpt>
      <trkpt lat="39.6633598" lon="21.1510525"></trkpt>
      <trkpt lat="39.6636707" lon="21.1512577"></trkpt>
      <trkpt lat="39.6638523" lon="21.1513146"></trkpt>
      <trkpt lat="39.6641826" lon="21.1512345"></trkpt>
      <trkpt lat="39.6643888" lon="21.1513877"></trkpt>
      <trkpt lat="39.6648429" lon="21.1511819"></trkpt>
      <trkpt lat="39.6650833" lon="21.1511908"></trkpt>
      <trkpt lat="39.6653227" lon="21.1506913"></trkpt>
      <trkpt lat="39.6667281" lon="21.1504842"></trkpt>
      <trkpt lat="39.6690306" lon="21.150176"></trkpt>
      <trkpt lat="39.6699585" lon="21.1504733"></trkpt>
      <trkpt lat="39.6705464" lon="21.1500175"></trkpt>
      <trkpt lat="39.6707389" lon="21.1500069"></trkpt>
      <trkpt lat="39.671559" lon="21.1504018"></trkpt>
      <trkpt lat="39.6722514" lon="21.1511507"></trkpt>
      <trkpt lat="39.6725651" lon="21.1518043"></trkpt>
      <trkpt lat="39.6727768" lon="21.1526803"></trkpt>
      <trkpt lat="39.6732002" lon="21.1530419"></trkpt>
      <trkpt lat="39.6728884" lon="21.1533942"></trkpt>
      <trkpt lat="39.6726208" lon="21.1539487"></trkpt>
      <trkpt lat="39.6727494" lon="21.1548279"></trkpt>
      <trkpt lat="39.6727069" lon="21.1552205"></trkpt>
      <trkpt lat="39.6729492" lon="21.1561719"></trkpt>
      <trkpt lat="39.6734016" lon="21.1567507"></trkpt>
      <trkpt lat="39.6737042" lon="21.1575988"></trkpt>
      <trkpt lat="39.6740228" lon="21.1577937"></trkpt>
      <trkpt lat="39.6741653" lon="21.1583049"></trkpt>
      <trkpt lat="39.6744595" lon="21.1586943"></trkpt>
      <trkpt lat="39.6747934" lon="21.1597462"></trkpt>
      <trkpt lat="39.6749701" lon="21.1598484"></trkpt>
      <trkpt lat="39.6750838" lon="21.1604299"></trkpt>
      <trkpt lat="39.6754195" lon="21.1609755"></trkpt>
      <trkpt lat="39.6756541" lon="21.1620321"></trkpt>
      <trkpt lat="39.675958" lon="21.1623896"></trkpt>
      <trkpt lat="39.676078" lon="21.1634359"></trkpt>
      <trkpt lat="39.6765064" lon="21.163632"></trkpt>
      <trkpt lat="39.6766613" lon="21.1630772"></trkpt>
      <trkpt lat="39.6768132" lon="21.1629877"></trkpt>
      <trkpt lat="39.6771082" lon="21.1633292"></trkpt>
      <trkpt lat="39.6769954" lon="21.1648243"></trkpt>
      <trkpt lat="39.6772863" lon="21.1661966"></trkpt>
      <trkpt lat="39.6766348" lon="21.1671547"></trkpt>
      <trkpt lat="39.6764791" lon="21.1670234"></trkpt>
      <trkpt lat="39.6762076" lon="21.1664485"></trkpt>
      <trkpt lat="39.6760518" lon="21.1663032"></trkpt>
      <trkpt lat="39.6763314" lon="21.1679979"></trkpt>
      <trkpt lat="39.6764804" lon="21.1682061"></trkpt>
      <trkpt lat="39.6768884" lon="21.1680753"></trkpt>
      <trkpt lat="39.6770753" lon="21.1681452"></trkpt>
      <trkpt lat="39.6770822" lon="21.1690092"></trkpt>
      <trkpt lat="39.6776242" lon="21.170443"></trkpt>
      <trkpt lat="39.6779667" lon="21.1705983"></trkpt>
      <trkpt lat="39.6779758" lon="21.1706695"></trkpt>
      <trkpt lat="39.6778433" lon="21.1707722"></trkpt>
      <trkpt lat="39.677644" lon="21.1707393"></trkpt>
      <trkpt lat="39.6771615" lon="21.1704411"></trkpt>
      <trkpt lat="39.6768272" lon="21.169991"></trkpt>
      <trkpt lat="39.6766248" lon="21.1699263"></trkpt>
      <trkpt lat="39.6765839" lon="21.1700232"></trkpt>
      <trkpt lat="39.6768013" lon="21.1702308"></trkpt>
      <trkpt lat="39.6768958" lon="21.170757"></trkpt>
      <trkpt lat="39.6777329" lon="21.1714896"></trkpt>
      <trkpt lat="39.6787223" lon="21.1710189"></trkpt>
      <trkpt lat="39.6785138" lon="21.1718498"></trkpt>
      <trkpt lat="39.6786418" lon="21.1720397"></trkpt>
      <trkpt lat="39.6788195" lon="21.1719436"></trkpt>
      <trkpt lat="39.6788799" lon="21.1719874"></trkpt>
      <trkpt lat="39.6790214" lon="21.1722907"></trkpt>
      <trkpt lat="39.6788272" lon="21.1734707"></trkpt>
      <trkpt lat="39.6788447" lon="21.1738084"></trkpt>
      <trkpt lat="39.6784907" lon="21.1755809"></trkpt>
      <trkpt lat="39.6786851" lon="21.1762279"></trkpt>
      <trkpt lat="39.6791816" lon="21.1772153"></trkpt>
      <trkpt lat="39.6792014" lon="21.1780409"></trkpt>
      <trkpt lat="39.678951" lon="21.178742"></trkpt>
      <trkpt lat="39.678422" lon="21.1797278"></trkpt>
      <trkpt lat="39.6782018" lon="21.1803742"></trkpt>
      <trkpt lat="39.6781199" lon="21.1810156"></trkpt>
      <trkpt lat="39.6784771" lon="21.1820726"></trkpt>
      <trkpt lat="39.6784733" lon="21.1828194"></trkpt>
      <trkpt lat="39.6788235" lon="21.183371"></trkpt>
      <trkpt lat="39.6787032" lon="21.1839761"></trkpt>
      <trkpt lat="39.6789274" lon="21.1851833"></trkpt>
      <trkpt lat="39.6793545" lon="21.1856142"></trkpt>
      <trkpt lat="39.6799928" lon="21.1857671"></trkpt>
      <trkpt lat="39.6800802" lon="21.1859679"></trkpt>
      <trkpt lat="39.682066" lon="21.1871552"></trkpt>
      <trkpt lat="39.6822175" lon="21.1874563"></trkpt>
      <trkpt lat="39.6822966" lon="21.1879664"></trkpt>
      <trkpt lat="39.6820747" lon="21.1885791"></trkpt>
      <trkpt lat="39.6821307" lon="21.1896919"></trkpt>
      <trkpt lat="39.6822019" lon="21.1897643"></trkpt>
      <trkpt lat="39.6822064" lon="21.1895672"></trkpt>
      <trkpt lat="39.6823815" lon="21.1897518"></trkpt>
      <trkpt lat="39.6825398" lon="21.1900807"></trkpt>
      <trkpt lat="39.6825563" lon="21.1903848"></trkpt>
      <trkpt lat="39.6827563" lon="21.1907712"></trkpt>
      <trkpt lat="39.6825206" lon="21.1902929"></trkpt>
      <trkpt lat="39.6825811" lon="21.1902074"></trkpt>
      <trkpt lat="39.6824314" lon="21.1900094"></trkpt>
      <trkpt lat="39.6824551" lon="21.1901809"></trkpt>
      <trkpt lat="39.6825425" lon="21.1901839"></trkpt>
      <trkpt lat="39.6826707" lon="21.1900309"></trkpt>
      <trkpt lat="39.682643" lon="21.1898356"></trkpt>
      <trkpt lat="39.6827574" lon="21.1896569"></trkpt>
      <trkpt lat="39.6824511" lon="21.1891833"></trkpt>
      <trkpt lat="39.6824521" lon="21.188849"></trkpt>
      <trkpt lat="39.6825732" lon="21.1885979"></trkpt>
      <trkpt lat="39.6826603" lon="21.1879729"></trkpt>
      <trkpt lat="39.6826431" lon="21.18771"></trkpt>
      <trkpt lat="39.6824047" lon="21.1870659"></trkpt>
      <trkpt lat="39.6820466" lon="21.1868387"></trkpt>
      <trkpt lat="39.6808895" lon="21.1864889"></trkpt>
      <trkpt lat="39.6798934" lon="21.1857523"></trkpt>
      <trkpt lat="39.6794606" lon="21.1857069"></trkpt>
      <trkpt lat="39.6790916" lon="21.185495"></trkpt>
      <trkpt lat="39.6789424" lon="21.1852959"></trkpt>
      <trkpt lat="39.6787193" lon="21.1842724"></trkpt>
      <trkpt lat="39.678716" lon="21.1837739"></trkpt>
      <trkpt lat="39.6788304" lon="21.1833852"></trkpt>
      <trkpt lat="39.6784639" lon="21.1827864"></trkpt>
      <trkpt lat="39.678466" lon="21.1819814"></trkpt>
      <trkpt lat="39.6781225" lon="21.1810207"></trkpt>
      <trkpt lat="39.6781914" lon="21.1803642"></trkpt>
      <trkpt lat="39.6785809" lon="21.1792659"></trkpt>
      <trkpt lat="39.678878" lon="21.1789073"></trkpt>
      <trkpt lat="39.6791992" lon="21.1780442"></trkpt>
      <trkpt lat="39.6791975" lon="21.1772292"></trkpt>
      <trkpt lat="39.6788197" lon="21.1765486"></trkpt>
      <trkpt lat="39.6785802" lon="21.1763574"></trkpt>
      <trkpt lat="39.6788055" lon="21.1765095"></trkpt>
      <trkpt lat="39.6784865" lon="21.1756086"></trkpt>
      <trkpt lat="39.6790438" lon="21.172332"></trkpt>
      <trkpt lat="39.6787991" lon="21.1719694"></trkpt>
      <trkpt lat="39.6784458" lon="21.1722941"></trkpt>
      <trkpt lat="39.6782292" lon="21.1726319"></trkpt>
      <trkpt lat="39.6780024" lon="21.1724911"></trkpt>
      <trkpt lat="39.6775546" lon="21.1724958"></trkpt>
      <trkpt lat="39.6773276" lon="21.1723662"></trkpt>
      <trkpt lat="39.6772275" lon="21.1716181"></trkpt>
      <trkpt lat="39.6770238" lon="21.1710847"></trkpt>
      <trkpt lat="39.6770582" lon="21.170971"></trkpt>
      <trkpt lat="39.6768527" lon="21.1706907"></trkpt>
      <trkpt lat="39.6768084" lon="21.1702664"></trkpt>
      <trkpt lat="39.6765348" lon="21.1700112"></trkpt>
      <trkpt lat="39.6766062" lon="21.1698397"></trkpt>
      <trkpt lat="39.6765091" lon="21.1697265"></trkpt>
      <trkpt lat="39.6766412" lon="21.1696466"></trkpt>
      <trkpt lat="39.676661" lon="21.1691593"></trkpt>
      <trkpt lat="39.6762645" lon="21.1690479"></trkpt>
      <trkpt lat="39.6762667" lon="21.1687187"></trkpt>
      <trkpt lat="39.6763923" lon="21.1686643"></trkpt>
      <trkpt lat="39.676452" lon="21.1682318"></trkpt>
      <trkpt lat="39.6763072" lon="21.1680475"></trkpt>
      <trkpt lat="39.6760523" lon="21.1664554"></trkpt>
      <trkpt lat="39.6760551" lon="21.1663273"></trkpt>
      <trkpt lat="39.6761384" lon="21.166342"></trkpt>
      <trkpt lat="39.6764627" lon="21.1669989"></trkpt>
      <trkpt lat="39.6766686" lon="21.1671404"></trkpt>
      <trkpt lat="39.6772432" lon="21.1660967"></trkpt>
      <trkpt lat="39.6769729" lon="21.1647764"></trkpt>
      <trkpt lat="39.6770863" lon="21.1632748"></trkpt>
      <trkpt lat="39.6767388" lon="21.1629193"></trkpt>
      <trkpt lat="39.6764781" lon="21.1636663"></trkpt>
      <trkpt lat="39.6760064" lon="21.1633604"></trkpt>
      <trkpt lat="39.6759065" lon="21.1623395"></trkpt>
      <trkpt lat="39.6756224" lon="21.1620435"></trkpt>
      <trkpt lat="39.6754441" lon="21.1611089"></trkpt>
      <trkpt lat="39.6750029" lon="21.1602799"></trkpt>
      <trkpt lat="39.6749812" lon="21.1600108"></trkpt>
      <trkpt lat="39.674681" lon="21.1594813"></trkpt>
      <trkpt lat="39.6744606" lon="21.1587084"></trkpt>
      <trkpt lat="39.6741394" lon="21.1582623"></trkpt>
      <trkpt lat="39.6740444" lon="21.1578225"></trkpt>
      <trkpt lat="39.6736906" lon="21.1576066"></trkpt>
      <trkpt lat="39.67341" lon="21.1568079"></trkpt>
      <trkpt lat="39.672918" lon="21.1561282"></trkpt>
      <trkpt lat="39.6727062" lon="21.1552025"></trkpt>
      <trkpt lat="39.6727579" lon="21.1548783"></trkpt>
      <trkpt lat="39.6725997" lon="21.1539584"></trkpt>
      <trkpt lat="39.6728676" lon="21.1533948"></trkpt>
      <trkpt lat="39.6731605" lon="21.1531364"></trkpt>
      <trkpt lat="39.6731856" lon="21.1529703"></trkpt>
      <trkpt lat="39.6730022" lon="21.1529452"></trkpt>
      <trkpt lat="39.6727797" lon="21.152712"></trkpt>
      <trkpt lat="39.6725755" lon="21.1518123"></trkpt>
      <trkpt lat="39.6721307" lon="21.1509825"></trkpt>
      <trkpt lat="39.6718664" lon="21.1506573"></trkpt>
      <trkpt lat="39.6709949" lon="21.1500193"></trkpt>
      <trkpt lat="39.6712821" lon="21.1498517"></trkpt>
      <trkpt lat="39.6717126" lon="21.1498192"></trkpt>
      <trkpt lat="39.6715749" lon="21.1495296"></trkpt>
      <trkpt lat="39.6716543" lon="21.1494654"></trkpt>
      <trkpt lat="39.6726579" lon="21.1496964"></trkpt>
      <trkpt lat="39.6732033" lon="21.1492743"></trkpt>
      <trkpt lat="39.6734587" lon="21.1488685"></trkpt>
      <trkpt lat="39.6738081" lon="21.1486026"></trkpt>
      <trkpt lat="39.6743783" lon="21.1484191"></trkpt>
      <trkpt lat="39.6750912" lon="21.1484185"></trkpt>
      <trkpt lat="39.6753411" lon="21.1479947"></trkpt>
      <trkpt lat="39.6753122" lon="21.1477052"></trkpt>
      <trkpt lat="39.6756446" lon="21.1470335"></trkpt>
      <trkpt lat="39.6754755" lon="21.1461751"></trkpt>
      <trkpt lat="39.6757515" lon="21.1458518"></trkpt>
      <trkpt lat="39.675918" lon="21.1459041"></trkpt>
      <trkpt lat="39.675946" lon="21.1456695"></trkpt>
      <trkpt lat="39.676122" lon="21.1457417"></trkpt>
      <trkpt lat="39.6761903" lon="21.1455961"></trkpt>
      <trkpt lat="39.6763615" lon="21.1456537"></trkpt>
      <trkpt lat="39.6755268" lon="21.1439105"></trkpt>
      <trkpt lat="39.6755532" lon="21.1434743"></trkpt>
      <trkpt lat="39.6751097" lon="21.1431993"></trkpt>
      <trkpt lat="39.6751529" lon="21.1427674"></trkpt>
      <trkpt lat="39.6754995" lon="21.14199"></trkpt>
      <trkpt lat="39.6757074" lon="21.1412633"></trkpt>
      <trkpt lat="39.6755121" lon="21.1410564"></trkpt>
      <trkpt lat="39.6756559" lon="21.1408271"></trkpt>
      <trkpt lat="39.6753928" lon="21.1407393"></trkpt>
      <trkpt lat="39.675725" lon="21.1403987"></trkpt>
      <trkpt lat="39.675454" lon="21.1402803"></trkpt>
      <trkpt lat="39.6755518" lon="21.1401488"></trkpt>
      <trkpt lat="39.6755093" lon="21.1399326"></trkpt>
      <trkpt lat="39.6756946" lon="21.139575"></trkpt>
      <trkpt lat="39.6756394" lon="21.1391653"></trkpt>
      <trkpt lat="39.6755502" lon="21.138947"></trkpt>
      <trkpt lat="39.675066" lon="21.1383945"></trkpt>
      <trkpt lat="39.6751712" lon="21.1382918"></trkpt>
      <trkpt lat="39.6751275" lon="21.1381273"></trkpt>
      <trkpt lat="39.6747179" lon="21.1374471"></trkpt>
      <trkpt lat="39.6735845" lon="21.1362528"></trkpt>
      <trkpt lat="39.6733634" lon="21.135919"></trkpt>
      <trkpt lat="39.673475" lon="21.1357243"></trkpt>
      <trkpt lat="39.6732522" lon="21.1356355"></trkpt>
      <trkpt lat="39.6731406" lon="21.1354516"></trkpt>
      <trkpt lat="39.6733102" lon="21.1345256"></trkpt>
      <trkpt lat="39.6735123" lon="21.1342519"></trkpt>
      <trkpt lat="39.6747882" lon="21.1336918"></trkpt>
      <trkpt lat="39.6751654" lon="21.1328377"></trkpt>
      <trkpt lat="39.6751986" lon="21.1322339"></trkpt>
      <trkpt lat="39.6742379" lon="21.1321326"></trkpt>
      <trkpt lat="39.6734588" lon="21.1314346"></trkpt>
      <trkpt lat="39.6737225" lon="21.1304777"></trkpt>
      <trkpt lat="39.6735549" lon="21.1292863"></trkpt>
      <trkpt lat="39.6731596" lon="21.1289224"></trkpt>
      <trkpt lat="39.6722964" lon="21.1276879"></trkpt>
      <trkpt lat="39.672258" lon="21.1269555"></trkpt>
      <trkpt lat="39.6719566" lon="21.1261325"></trkpt>
      <trkpt lat="39.6720107" lon="21.1251007"></trkpt>
      <trkpt lat="39.6716295" lon="21.1245569"></trkpt>
      <trkpt lat="39.6716608" lon="21.1243763"></trkpt>
      <trkpt lat="39.6712069" lon="21.122617"></trkpt>
      <trkpt lat="39.6710049" lon="21.1221358"></trkpt>
      <trkpt lat="39.6709722" lon="21.1217635"></trkpt>
      <trkpt lat="39.6706863" lon="21.1213078"></trkpt>
      <trkpt lat="39.6705475" lon="21.1208106"></trkpt>
      <trkpt lat="39.6709181" lon="21.1201802"></trkpt>
      <trkpt lat="39.6717282" lon="21.1195874"></trkpt>
      <trkpt lat="39.6717179" lon="21.1191829"></trkpt>
      <trkpt lat="39.6718067" lon="21.1188835"></trkpt>
      <trkpt lat="39.6721552" lon="21.118478"></trkpt>
      <trkpt lat="39.6727027" lon="21.1181033"></trkpt>
      <trkpt lat="39.6747783" lon="21.1172412"></trkpt>
      <trkpt lat="39.6755589" lon="21.1169969"></trkpt>
      <trkpt lat="39.676683" lon="21.1170249"></trkpt>
      <trkpt lat="39.6772158" lon="21.1168845"></trkpt>
      <trkpt lat="39.6775671" lon="21.1166664"></trkpt>
      <trkpt lat="39.6780412" lon="21.1167043"></trkpt>
      <trkpt lat="39.6795458" lon="21.1174109"></trkpt>
      <trkpt lat="39.6800032" lon="21.1173523"></trkpt>
      <trkpt lat="39.6806524" lon="21.1175496"></trkpt>
      <trkpt lat="39.6810855" lon="21.1175891"></trkpt>
      <trkpt lat="39.6811932" lon="21.1173729"></trkpt>
      <trkpt lat="39.6814651" lon="21.1171345"></trkpt>
      <trkpt lat="39.6816941" lon="21.1172169"></trkpt>
      <trkpt lat="39.6818833" lon="21.1174628"></trkpt>
      <trkpt lat="39.6824947" lon="21.1169206"></trkpt>
      <trkpt lat="39.682959" lon="21.1173691"></trkpt>
      <trkpt lat="39.6830185" lon="21.1180167"></trkpt>
      <trkpt lat="39.6834542" lon="21.1177541"></trkpt>
      <trkpt lat="39.6832368" lon="21.1184546"></trkpt>
      <trkpt lat="39.6822792" lon="21.1197829"></trkpt>
      <trkpt lat="39.6811174" lon="21.1209484"></trkpt>
      <trkpt lat="39.6814481" lon="21.1210776"></trkpt>
      <trkpt lat="39.681471" lon="21.1212964"></trkpt>
      <trkpt lat="39.6818753" lon="21.1215577"></trkpt>
      <trkpt lat="39.682529" lon="21.1223419"></trkpt>
      <trkpt lat="39.6825536" lon="21.1221117"></trkpt>
      <trkpt lat="39.6827804" lon="21.1223981"></trkpt>
      <trkpt lat="39.6828779" lon="21.1221675"></trkpt>
      <trkpt lat="39.6835119" lon="21.1230254"></trkpt>
      <trkpt lat="39.6835772" lon="21.1227154"></trkpt>
      <trkpt lat="39.683798" lon="21.1230284"></trkpt>
      <trkpt lat="39.6838705" lon="21.1228449"></trkpt>
      <trkpt lat="39.684033" lon="21.1230112"></trkpt>
      <trkpt lat="39.6835757" lon="21.1235464"></trkpt>
      <trkpt lat="39.6834759" lon="21.1238261"></trkpt>
      <trkpt lat="39.6835115" lon="21.1243798"></trkpt>
      <trkpt lat="39.6836015" lon="21.1245237"></trkpt>
      <trkpt lat="39.6835139" lon="21.12468"></trkpt>
      <trkpt lat="39.683546" lon="21.1249818"></trkpt>
      <trkpt lat="39.6840646" lon="21.1253114"></trkpt>
      <trkpt lat="39.6842132" lon="21.1259171"></trkpt>
      <trkpt lat="39.6841738" lon="21.1263022"></trkpt>
      <trkpt lat="39.6847757" lon="21.1274598"></trkpt>
      <trkpt lat="39.6849826" lon="21.1283692"></trkpt>
      <trkpt lat="39.684691" lon="21.1296573"></trkpt>
      <trkpt lat="39.6843797" lon="21.1305126"></trkpt>
      <trkpt lat="39.6841638" lon="21.1319128"></trkpt>
      <trkpt lat="39.6841915" lon="21.1321971"></trkpt>
      <trkpt lat="39.6843709" lon="21.1323068"></trkpt>
      <trkpt lat="39.6843182" lon="21.1324037"></trkpt>
      <trkpt lat="39.6840476" lon="21.1325001"></trkpt>
      <trkpt lat="39.68447" lon="21.1327319"></trkpt>
      <trkpt lat="39.684737" lon="21.1330824"></trkpt>
      <trkpt lat="39.6848129" lon="21.1334362"></trkpt>
      <trkpt lat="39.6847013" lon="21.1339031"></trkpt>
      <trkpt lat="39.6851733" lon="21.134452"></trkpt>
      <trkpt lat="39.6854377" lon="21.1351082"></trkpt>
      <trkpt lat="39.6859169" lon="21.1355465"></trkpt>
      <trkpt lat="39.6859185" lon="21.1352336"></trkpt>
      <trkpt lat="39.6861598" lon="21.1350076"></trkpt>
      <trkpt lat="39.6874937" lon="21.1346615"></trkpt>
      <trkpt lat="39.6877313" lon="21.1350405"></trkpt>
      <trkpt lat="39.6881228" lon="21.1351006"></trkpt>
      <trkpt lat="39.6885148" lon="21.135493"></trkpt>
      <trkpt lat="39.6888839" lon="21.1353157"></trkpt>
      <trkpt lat="39.6897995" lon="21.1357166"></trkpt>
      <trkpt lat="39.6897598" lon="21.1361179"></trkpt>
      <trkpt lat="39.6899164" lon="21.1362348"></trkpt>
      <trkpt lat="39.6902337" lon="21.136294"></trkpt>
      <trkpt lat="39.6910142" lon="21.136228"></trkpt>
      <trkpt lat="39.6910624" lon="21.1363654"></trkpt>
      <trkpt lat="39.6912415" lon="21.1364479"></trkpt>
      <trkpt lat="39.6916494" lon="21.1369441"></trkpt>
      <trkpt lat="39.6924075" lon="21.1369507"></trkpt>
      <trkpt lat="39.6925218" lon="21.1374428"></trkpt>
      <trkpt lat="39.6927614" lon="21.1374874"></trkpt>
      <trkpt lat="39.6931649" lon="21.1372095"></trkpt>
      <trkpt lat="39.6944928" lon="21.1380619"></trkpt>
      <trkpt lat="39.6949367" lon="21.1382582"></trkpt>
      <trkpt lat="39.6956675" lon="21.1383645"></trkpt>
      <trkpt lat="39.696524" lon="21.1387268"></trkpt>
      <trkpt lat="39.6967902" lon="21.1385091"></trkpt>
      <trkpt lat="39.6969056" lon="21.1382008"></trkpt>
      <trkpt lat="39.6973965" lon="21.1383862"></trkpt>
      <trkpt lat="39.6980115" lon="21.1380773"></trkpt>
      <trkpt lat="39.6983901" lon="21.1385304"></trkpt>
      <trkpt lat="39.6986877" lon="21.1384206"></trkpt>
      <trkpt lat="39.699218" lon="21.1384015"></trkpt>
      <trkpt lat="39.6996005" lon="21.1386105"></trkpt>
      <trkpt lat="39.7004317" lon="21.1386406"></trkpt>
      <trkpt lat="39.7006978" lon="21.1387399"></trkpt>
      <trkpt lat="39.7016078" lon="21.1400036"></trkpt>
      <trkpt lat="39.7022174" lon="21.1413175"></trkpt>
      <trkpt lat="39.702409" lon="21.141338"></trkpt>
      <trkpt lat="39.7027442" lon="21.1416381"></trkpt>
      <trkpt lat="39.7030581" lon="21.1422063"></trkpt>
      <trkpt lat="39.7033523" lon="21.1424318"></trkpt>
      <trkpt lat="39.7035676" lon="21.1429803"></trkpt>
      <trkpt lat="39.704408" lon="21.1435639"></trkpt>
      <trkpt lat="39.7046972" lon="21.1432092"></trkpt>
      <trkpt lat="39.7046644" lon="21.1431157"></trkpt>
      <trkpt lat="39.7047849" lon="21.1429366"></trkpt>
      <trkpt lat="39.7050166" lon="21.1429633"></trkpt>
      <trkpt lat="39.7050639" lon="21.1430728"></trkpt>
      <trkpt lat="39.7052159" lon="21.1430232"></trkpt>
      <trkpt lat="39.7051816" lon="21.1429319"></trkpt>
      <trkpt lat="39.7053845" lon="21.1429229"></trkpt>
      <trkpt lat="39.7054706" lon="21.1428259"></trkpt>
      <trkpt lat="39.7056429" lon="21.1428914"></trkpt>
      <trkpt lat="39.7058308" lon="21.1425842"></trkpt>
      <trkpt lat="39.706602" lon="21.1424867"></trkpt>
      <trkpt lat="39.7069822" lon="21.1418517"></trkpt>
      <trkpt lat="39.7072396" lon="21.1419541"></trkpt>
      <trkpt lat="39.7077936" lon="21.1415655"></trkpt>
      <trkpt lat="39.7085809" lon="21.1413979"></trkpt>
      <trkpt lat="39.7091794" lon="21.141099"></trkpt>
      <trkpt lat="39.7104849" lon="21.1411252"></trkpt>
      <trkpt lat="39.7107267" lon="21.1410532"></trkpt>
      <trkpt lat="39.7107984" lon="21.1409039"></trkpt>
      <trkpt lat="39.7106018" lon="21.1405464"></trkpt>
      <trkpt lat="39.7106201" lon="21.140422"></trkpt>
      <trkpt lat="39.7107689" lon="21.1404157"></trkpt>
      <trkpt lat="39.7109098" lon="21.1402457"></trkpt>
      <trkpt lat="39.7111484" lon="21.1401676"></trkpt>
      <trkpt lat="39.7113555" lon="21.1397543"></trkpt>
      <trkpt lat="39.7115306" lon="21.1396541"></trkpt>
      <trkpt lat="39.7120291" lon="21.1395971"></trkpt>
      <trkpt lat="39.7124326" lon="21.1396658"></trkpt>
      <trkpt lat="39.7125676" lon="21.1396027"></trkpt>
      <trkpt lat="39.7128832" lon="21.1399776"></trkpt>
      <trkpt lat="39.7135735" lon="21.1403494"></trkpt>
      <trkpt lat="39.7137016" lon="21.1403908"></trkpt>
      <trkpt lat="39.7143225" lon="21.1402457"></trkpt>
      <trkpt lat="39.7156218" lon="21.1407959"></trkpt>
      <trkpt lat="39.7158502" lon="21.1408287"></trkpt>
      <trkpt lat="39.7162602" lon="21.1406661"></trkpt>
      <trkpt lat="39.7168415" lon="21.1408314"></trkpt>
      <trkpt lat="39.7174496" lon="21.1408096"></trkpt>
      <trkpt lat="39.7179584" lon="21.140496"></trkpt>
      <trkpt lat="39.7197202" lon="21.1389731"></trkpt>
      <trkpt lat="39.7200511" lon="21.1388619"></trkpt>
      <trkpt lat="39.7201684" lon="21.1385413"></trkpt>
      <trkpt lat="39.7205095" lon="21.138539"></trkpt>
      <trkpt lat="39.7208725" lon="21.1387374"></trkpt>
      <trkpt lat="39.7211676" lon="21.1387566"></trkpt>
      <trkpt lat="39.7211879" lon="21.1381718"></trkpt>
      <trkpt lat="39.7214198" lon="21.1377763"></trkpt>
      <trkpt lat="39.7215161" lon="21.1377815"></trkpt>
      <trkpt lat="39.7214601" lon="21.1382704"></trkpt>
      <trkpt lat="39.721741" lon="21.1382592"></trkpt>
      <trkpt lat="39.7221151" lon="21.1381018"></trkpt>
      <trkpt lat="39.7223689" lon="21.1381604"></trkpt>
      <trkpt lat="39.7225821" lon="21.1380419"></trkpt>
      <trkpt lat="39.7225994" lon="21.13816"></trkpt>
      <trkpt lat="39.7227249" lon="21.1380726"></trkpt>
      <trkpt lat="39.7231493" lon="21.1386557"></trkpt>
      <trkpt lat="39.7233645" lon="21.1388043"></trkpt>
      <trkpt lat="39.7238039" lon="21.1389043"></trkpt>
      <trkpt lat="39.7240714" lon="21.1391979"></trkpt>
      <trkpt lat="39.7249888" lon="21.1407852"></trkpt>
      <trkpt lat="39.725532" lon="21.1413854"></trkpt>
      <trkpt lat="39.7259246" lon="21.1416881"></trkpt>
      <trkpt lat="39.7261141" lon="21.1416545"></trkpt>
      <trkpt lat="39.7265667" lon="21.140854"></trkpt>
      <trkpt lat="39.7270212" lon="21.1406319"></trkpt>
      <trkpt lat="39.7272953" lon="21.1410029"></trkpt>
      <trkpt lat="39.7283679" lon="21.141059"></trkpt>
      <trkpt lat="39.7292329" lon="21.1413024"></trkpt>
      <trkpt lat="39.7295549" lon="21.1412949"></trkpt>
      <trkpt lat="39.7298508" lon="21.1409941"></trkpt>
      <trkpt lat="39.7299406" lon="21.1407373"></trkpt>
      <trkpt lat="39.7299853" lon="21.1401059"></trkpt>
      <trkpt lat="39.7299175" lon="21.1393181"></trkpt>
      <trkpt lat="39.7300488" lon="21.1391856"></trkpt>
      <trkpt lat="39.7304196" lon="21.139161"></trkpt>
      <trkpt lat="39.7311134" lon="21.1387737"></trkpt>
      <trkpt lat="39.7314471" lon="21.1373969"></trkpt>
      <trkpt lat="39.7316931" lon="21.1369654"></trkpt>
      <trkpt lat="39.7315451" lon="21.1361215"></trkpt>
      <trkpt lat="39.7312053" lon="21.1354785"></trkpt>
      <trkpt lat="39.7310819" lon="21.1349178"></trkpt>
      <trkpt lat="39.7311659" lon="21.1346869"></trkpt>
      <trkpt lat="39.7315083" lon="21.1344887"></trkpt>
      <trkpt lat="39.7321184" lon="21.1343604"></trkpt>
      <trkpt lat="39.7321402" lon="21.1337839"></trkpt>
      <trkpt lat="39.7325715" lon="21.132924"></trkpt>
      <trkpt lat="39.7325974" lon="21.1321365"></trkpt>
      <trkpt lat="39.7321586" lon="21.1308512"></trkpt>
      <trkpt lat="39.7321327" lon="21.1300779"></trkpt>
      <trkpt lat="39.7324046" lon="21.1296884"></trkpt>
      <trkpt lat="39.7332088" lon="21.1295328"></trkpt>
      <trkpt lat="39.733457" lon="21.1295736"></trkpt>
      <trkpt lat="39.7334758" lon="21.1293922"></trkpt>
      <trkpt lat="39.8358751" lon="21.1963613"></trkpt>
      <trkpt lat="39.8359961" lon="21.1963029"></trkpt>
      <trkpt lat="39.8369309" lon="21.196343"></trkpt>
      <trkpt lat="39.8371252" lon="21.1960483"></trkpt>
      <trkpt lat="39.8374142" lon="21.1958722"></trkpt>
      <trkpt lat="39.8376346" lon="21.195593"></trkpt>
      <trkpt lat="39.8381749" lon="21.194489"></trkpt>
      <trkpt lat="39.8389113" lon="21.1941718"></trkpt>
      <trkpt lat="39.8399141" lon="21.1930238"></trkpt>
      <trkpt lat="39.8400195" lon="21.1929883"></trkpt>
      <trkpt lat="39.840484" lon="21.1931469"></trkpt>
      <trkpt lat="39.840776" lon="21.1930983"></trkpt>
      <trkpt lat="39.8410021" lon="21.193225"></trkpt>
      <trkpt lat="39.8410885" lon="21.1935467"></trkpt>
      <trkpt lat="39.8412964" lon="21.1935967"></trkpt>
      <trkpt lat="39.8416612" lon="21.192748"></trkpt>
      <trkpt lat="39.8416801" lon="21.1919443"></trkpt>
      <trkpt lat="39.8416316" lon="21.1918478"></trkpt>
      <trkpt lat="39.8413917" lon="21.1917872"></trkpt>
      <trkpt lat="39.8411114" lon="21.1917985"></trkpt>
      <trkpt lat="39.8410181" lon="21.1919271"></trkpt>
      <trkpt lat="39.8410184" lon="21.1917004"></trkpt>
      <trkpt lat="39.8409067" lon="21.1917948"></trkpt>
      <trkpt lat="39.8408277" lon="21.1917427"></trkpt>
      <trkpt lat="39.8408001" lon="21.1913911"></trkpt>
      <trkpt lat="39.8412474" lon="21.1899444"></trkpt>
      <trkpt lat="39.8415394" lon="21.1894122"></trkpt>
      <trkpt lat="39.8416569" lon="21.1886458"></trkpt>
      <trkpt lat="39.8420198" lon="21.1878975"></trkpt>
      <trkpt lat="39.8423258" lon="21.1875738"></trkpt>
      <trkpt lat="39.8423941" lon="21.1873401"></trkpt>
      <trkpt lat="39.8427111" lon="21.1872234"></trkpt>
      <trkpt lat="39.8430789" lon="21.1866601"></trkpt>
      <trkpt lat="39.8434075" lon="21.1866111"></trkpt>
      <trkpt lat="39.8434535" lon="21.1863935"></trkpt>
      <trkpt lat="39.8442433" lon="21.1853842"></trkpt>
      <trkpt lat="39.8444936" lon="21.185706"></trkpt>
      <trkpt lat="39.844613" lon="21.1864155"></trkpt>
      <trkpt lat="39.8447006" lon="21.1863921"></trkpt>
      <trkpt lat="39.8447513" lon="21.1864993"></trkpt>
      <trkpt lat="39.8451944" lon="21.1857122"></trkpt>
      <trkpt lat="39.8452792" lon="21.1852396"></trkpt>
      <trkpt lat="39.8455813" lon="21.1846991"></trkpt>
      <trkpt lat="39.845706" lon="21.1849703"></trkpt>
      <trkpt lat="39.8459045" lon="21.1843057"></trkpt>
      <trkpt lat="39.8460874" lon="21.1849358"></trkpt>
      <trkpt lat="39.8462028" lon="21.1848706"></trkpt>
      <trkpt lat="39.8463769" lon="21.1842359"></trkpt>
      <trkpt lat="39.8463211" lon="21.183507"></trkpt>
      <trkpt lat="39.8465799" lon="21.1810944"></trkpt>
      <trkpt lat="39.8462905" lon="21.1793809"></trkpt>
      <trkpt lat="39.8463749" lon="21.17858"></trkpt>
      <trkpt lat="39.8465682" lon="21.1778236"></trkpt>
      <trkpt lat="39.8472929" lon="21.1764753"></trkpt>
      <trkpt lat="39.8475522" lon="21.1761505"></trkpt>
      <trkpt lat="39.8478581" lon="21.1743468"></trkpt>
      <trkpt lat="39.848191" lon="21.1734961"></trkpt>
      <trkpt lat="39.8487508" lon="21.1730848"></trkpt>
      <trkpt lat="39.8497126" lon="21.1720629"></trkpt>
      <trkpt lat="39.8501918" lon="21.1719038"></trkpt>
      <trkpt lat="39.8510369" lon="21.1719793"></trkpt>
      <trkpt lat="39.851794" lon="21.1722714"></trkpt>
      <trkpt lat="39.8525841" lon="21.1723391"></trkpt>
      <trkpt lat="39.852868" lon="21.1725588"></trkpt>
      <trkpt lat="39.8530544" lon="21.1725194"></trkpt>
      <trkpt lat="39.8528442" lon="21.1715866"></trkpt>
      <trkpt lat="39.8531453" lon="21.1710909"></trkpt>
      <trkpt lat="39.8532745" lon="21.1710098"></trkpt>
      <trkpt lat="39.8536605" lon="21.1710938"></trkpt>
      <trkpt lat="39.8541884" lon="21.1713629"></trkpt>
      <trkpt lat="39.8544678" lon="21.1706919"></trkpt>
      <trkpt lat="39.8549733" lon="21.169887"></trkpt>
      <trkpt lat="39.855331" lon="21.1694927"></trkpt>
      <trkpt lat="39.8561166" lon="21.1675739"></trkpt>
      <trkpt lat="39.856579" lon="21.1669476"></trkpt>
      <trkpt lat="39.8576845" lon="21.1659486"></trkpt>
      <trkpt lat="39.8578617" lon="21.1660126"></trkpt>
      <trkpt lat="39.8582219" lon="21.1659551"></trkpt>
      <trkpt lat="39.8587005" lon="21.165727"></trkpt>
      <trkpt lat="39.8589385" lon="21.1659165"></trkpt>
      <trkpt lat="39.8590791" lon="21.1661988"></trkpt>
      <trkpt lat="39.8592869" lon="21.1662438"></trkpt>
      <trkpt lat="39.8597086" lon="21.1667164"></trkpt>
      <trkpt lat="39.8599491" lon="21.166833"></trkpt>
      <trkpt lat="39.8606599" lon="21.1669198"></trkpt>
      <trkpt lat="39.8612482" lon="21.1673531"></trkpt>
      <trkpt lat="39.8616537" lon="21.1675199"></trkpt>
      <trkpt lat="39.862216" lon="21.1679137"></trkpt>
      <trkpt lat="39.8623126" lon="21.167895"></trkpt>
      <trkpt lat="39.8627109" lon="21.1683465"></trkpt>
      <trkpt lat="39.8631093" lon="21.1684745"></trkpt>
      <trkpt lat="39.8637159" lon="21.1691458"></trkpt>
      <trkpt lat="39.8638378" lon="21.1691093"></trkpt>
      <trkpt lat="39.8641897" lon="21.1693351"></trkpt>
      <trkpt lat="39.8643501" lon="21.169276"></trkpt>
      <trkpt lat="39.865191" lon="21.1693755"></trkpt>
      <trkpt lat="39.865472" lon="21.1694847"></trkpt>
      <trkpt lat="39.865772" lon="21.1694274"></trkpt>
      <trkpt lat="39.8662929" lon="21.1695356"></trkpt>
      <trkpt lat="39.8670187" lon="21.1692532"></trkpt>
      <trkpt lat="39.867148" lon="21.1690221"></trkpt>
      <trkpt lat="39.8671442" lon="21.169237"></trkpt>
      <trkpt lat="39.8677154" lon="21.1698146"></trkpt>
      <trkpt lat="39.867812" lon="21.1703085"></trkpt>
      <trkpt lat="39.868135" lon="21.1705484"></trkpt>
      <trkpt lat="39.869541" lon="21.1721645"></trkpt>
      <trkpt lat="39.8698058" lon="21.172514"></trkpt>
      <trkpt lat="39.8699954" lon="21.1730013"></trkpt>
      <trkpt lat="39.8700991" lon="21.1729048"></trkpt>
      <trkpt lat="39.8702632" lon="21.1734486"></trkpt>
      <trkpt lat="39.8702975" lon="21.1749566"></trkpt>
      <trkpt lat="39.8704035" lon="21.1750245"></trkpt>
      <trkpt lat="39.8704358" lon="21.1754355"></trkpt>
      <trkpt lat="39.8705995" lon="21.1752325"></trkpt>
      <trkpt lat="39.870678" lon="21.1753546"></trkpt>
      <trkpt lat="39.8714146" lon="21.1746683"></trkpt>
      <trkpt lat="39.8715077" lon="21.1750158"></trkpt>
      <trkpt lat="39.8716802" lon="21.1745916"></trkpt>
      <trkpt lat="39.8715921" lon="21.1740016"></trkpt>
      <trkpt lat="39.8717122" lon="21.1741839"></trkpt>
      <trkpt lat="39.8719791" lon="21.1737255"></trkpt>
      <trkpt lat="39.8720974" lon="21.1740642"></trkpt>
      <trkpt lat="39.8723122" lon="21.1736915"></trkpt>
      <trkpt lat="39.8724167" lon="21.1737286"></trkpt>
      <trkpt lat="39.8725432" lon="21.173569"></trkpt>
      <trkpt lat="39.8730908" lon="21.1734307"></trkpt>
      <trkpt lat="39.8730647" lon="21.173642"></trkpt>
      <trkpt lat="39.8736278" lon="21.1736796"></trkpt>
      <trkpt lat="39.8740053" lon="21.173903"></trkpt>
      <trkpt lat="39.8737286" lon="21.1741081"></trkpt>
      <trkpt lat="39.8738147" lon="21.1742068"></trkpt>
      <trkpt lat="39.8736782" lon="21.1745091"></trkpt>
      <trkpt lat="39.8736823" lon="21.1752222"></trkpt>
      <trkpt lat="39.8738003" lon="21.1752106"></trkpt>
      <trkpt lat="39.8738346" lon="21.1756338"></trkpt>
      <trkpt lat="39.8739493" lon="21.1755462"></trkpt>
      <trkpt lat="39.874086" lon="21.1759191"></trkpt>
      <trkpt lat="39.8741893" lon="21.1756674"></trkpt>
      <trkpt lat="39.8742665" lon="21.1756929"></trkpt>
      <trkpt lat="39.8745781" lon="21.1764984"></trkpt>
      <trkpt lat="39.8752072" lon="21.1772351"></trkpt>
      <trkpt lat="39.8756953" lon="21.1774847"></trkpt>
      <trkpt lat="39.875896" lon="21.1777455"></trkpt>
      <trkpt lat="39.8767137" lon="21.1780092"></trkpt>
      <trkpt lat="39.8769081" lon="21.178167"></trkpt>
      <trkpt lat="39.8773293" lon="21.1781911"></trkpt>
      <trkpt lat="39.8774657" lon="21.1783224"></trkpt>
      <trkpt lat="39.8787626" lon="21.1784482"></trkpt>
      <trkpt lat="39.8800577" lon="21.17909"></trkpt>
      <trkpt lat="39.8801311" lon="21.1792832"></trkpt>
      <trkpt lat="39.88037" lon="21.1792596"></trkpt>
      <trkpt lat="39.8808613" lon="21.1789099"></trkpt>
      <trkpt lat="39.8811584" lon="21.17884"></trkpt>
      <trkpt lat="39.881773" lon="21.1782933"></trkpt>
      <trkpt lat="39.8820091" lon="21.1775696"></trkpt>
      <trkpt lat="39.881928" lon="21.1770132"></trkpt>
      <trkpt lat="39.8820261" lon="21.1758906"></trkpt>
      <trkpt lat="39.8821742" lon="21.1752765"></trkpt>
      <trkpt lat="39.8824365" lon="21.1747058"></trkpt>
      <trkpt lat="39.8829495" lon="21.1741713"></trkpt>
      <trkpt lat="39.8831667" lon="21.1741069"></trkpt>
      <trkpt lat="39.8833615" lon="21.1742626"></trkpt>
      <trkpt lat="39.8835904" lon="21.1742603"></trkpt>
      <trkpt lat="39.8838475" lon="21.1743938"></trkpt>
      <trkpt lat="39.8840199" lon="21.1742996"></trkpt>
      <trkpt lat="39.8849284" lon="21.1745482"></trkpt>
      <trkpt lat="39.8858006" lon="21.1749387"></trkpt>
      <trkpt lat="39.8859478" lon="21.1749497"></trkpt>
      <trkpt lat="39.8860956" lon="21.1747915"></trkpt>
      <trkpt lat="39.8867189" lon="21.1745347"></trkpt>
      <trkpt lat="39.8870826" lon="21.1742255"></trkpt>
      <trkpt lat="39.8870093" lon="21.1739856"></trkpt>
      <trkpt lat="39.8871571" lon="21.1739419"></trkpt>
      <trkpt lat="39.88734" lon="21.1735501"></trkpt>
      <trkpt lat="39.8876098" lon="21.1732577"></trkpt>
      <trkpt lat="39.8881718" lon="21.1720958"></trkpt>
      <trkpt lat="39.8883784" lon="21.1714216"></trkpt>
      <trkpt lat="39.8883462" lon="21.1711062"></trkpt>
      <trkpt lat="39.8889603" lon="21.1706299"></trkpt>
      <trkpt lat="39.8896854" lon="21.1692421"></trkpt>
      <trkpt lat="39.890806" lon="21.1682164"></trkpt>
      <trkpt lat="39.8913394" lon="21.1678364"></trkpt>
      <trkpt lat="39.89159" lon="21.1678159"></trkpt>
      <trkpt lat="39.8921452" lon="21.1680977"></trkpt>
      <trkpt lat="39.8930177" lon="21.168126"></trkpt>
      <trkpt lat="39.8934758" lon="21.1682581"></trkpt>
      <trkpt lat="39.8937805" lon="21.1682029"></trkpt>
      <trkpt lat="39.8946745" lon="21.1683782"></trkpt>
      <trkpt lat="39.8952656" lon="21.1683875"></trkpt>
      <trkpt lat="39.895798" lon="21.168219"></trkpt>
      <trkpt lat="39.8969858" lon="21.1671517"></trkpt>
      <trkpt lat="39.8973575" lon="21.1665554"></trkpt>
      <trkpt lat="39.8978178" lon="21.1661603"></trkpt>
      <trkpt lat="39.8984323" lon="21.1652215"></trkpt>
      <trkpt lat="39.8997019" lon="21.1643904"></trkpt>
      <trkpt lat="39.8998721" lon="21.1640703"></trkpt>
      <trkpt lat="39.9004143" lon="21.163808"></trkpt>
      <trkpt lat="39.9014557" lon="21.163592"></trkpt>
      <trkpt lat="39.9025224" lon="21.1636563"></trkpt>
      <trkpt lat="39.9028636" lon="21.1635526"></trkpt>
      <trkpt lat="39.9032086" lon="21.1642201"></trkpt>
      <trkpt lat="39.9032498" lon="21.1651244"></trkpt>
      <trkpt lat="39.9037102" lon="21.1656439"></trkpt>
      <trkpt lat="39.9042083" lon="21.1664222"></trkpt>
      <trkpt lat="39.9043286" lon="21.167423"></trkpt>
      <trkpt lat="39.9047297" lon="21.1674673"></trkpt>
      <trkpt lat="39.9050161" lon="21.1677075"></trkpt>
      <trkpt lat="39.9053155" lon="21.167755"></trkpt>
      <trkpt lat="39.9053738" lon="21.1678863"></trkpt>
      <trkpt lat="39.9056889" lon="21.1675876"></trkpt>
      <trkpt lat="39.9061299" lon="21.1673732"></trkpt>
      <trkpt lat="39.9061994" lon="21.1672428"></trkpt>
      <trkpt lat="39.9065592" lon="21.1672498"></trkpt>
      <trkpt lat="39.906774" lon="21.1666908"></trkpt>
      <trkpt lat="39.9072047" lon="21.1661458"></trkpt>
      <trkpt lat="39.9072622" lon="21.1662604"></trkpt>
      <trkpt lat="39.9073572" lon="21.166248"></trkpt>
      <trkpt lat="39.9076881" lon="21.1660405"></trkpt>
      <trkpt lat="39.9079828" lon="21.1661066"></trkpt>
      <trkpt lat="39.9082591" lon="21.1663734"></trkpt>
      <trkpt lat="39.9083837" lon="21.1667069"></trkpt>
      <trkpt lat="39.9086277" lon="21.1668298"></trkpt>
      <trkpt lat="39.9091698" lon="21.1675607"></trkpt>
      <trkpt lat="39.9092828" lon="21.1672494"></trkpt>
      <trkpt lat="39.9092758" lon="21.1665841"></trkpt>
      <trkpt lat="39.9093638" lon="21.1663566"></trkpt>
      <trkpt lat="39.9094867" lon="21.1664311"></trkpt>
      <trkpt lat="39.9097717" lon="21.1658445"></trkpt>
      <trkpt lat="39.9099612" lon="21.1659899"></trkpt>
      <trkpt lat="39.9099683" lon="21.1662216"></trkpt>
      <trkpt lat="39.9102511" lon="21.1666163"></trkpt>
      <trkpt lat="39.9103401" lon="21.1663919"></trkpt>
      <trkpt lat="39.9105972" lon="21.1667987"></trkpt>
      <trkpt lat="39.9109258" lon="21.1670446"></trkpt>
      <trkpt lat="39.9117379" lon="21.1672786"></trkpt>
      <trkpt lat="39.9120833" lon="21.1675005"></trkpt>
      <trkpt lat="39.9123699" lon="21.1675408"></trkpt>
      <trkpt lat="39.9126038" lon="21.1674919"></trkpt>
      <trkpt lat="39.9129809" lon="21.1672445"></trkpt>
      <trkpt lat="39.9131231" lon="21.1672535"></trkpt>
      <trkpt lat="39.9131434" lon="21.1677911"></trkpt>
      <trkpt lat="39.9136362" lon="21.1676773"></trkpt>
      <trkpt lat="39.9138187" lon="21.1679275"></trkpt>
      <trkpt lat="39.9142833" lon="21.1678456"></trkpt>
      <trkpt lat="39.9148543" lon="21.1682911"></trkpt>
      <trkpt lat="39.9149834" lon="21.1682452"></trkpt>
      <trkpt lat="39.9154009" lon="21.1684907"></trkpt>
      <trkpt lat="39.9155329" lon="21.1684816"></trkpt>
      <trkpt lat="39.9156277" lon="21.1686021"></trkpt>
      <trkpt lat="39.9158035" lon="21.1685783"></trkpt>
      <trkpt lat="39.9158466" lon="21.1686787"></trkpt>
      <trkpt lat="39.9161216" lon="21.1686183"></trkpt>
      <trkpt lat="39.916154" lon="21.1689819"></trkpt>
      <trkpt lat="39.9163055" lon="21.1689019"></trkpt>
      <trkpt lat="39.9163823" lon="21.16912"></trkpt>
      <trkpt lat="39.9165431" lon="21.1691858"></trkpt>
      <trkpt lat="39.9166132" lon="21.1694566"></trkpt>
      <trkpt lat="39.9167749" lon="21.1692838"></trkpt>
      <trkpt lat="39.9170419" lon="21.169343"></trkpt>
      <trkpt lat="39.9171049" lon="21.1695761"></trkpt>
      <trkpt lat="39.9172762" lon="21.1695872"></trkpt>
      <trkpt lat="39.917392" lon="21.1698011"></trkpt>
      <trkpt lat="39.9181664" lon="21.1695493"></trkpt>
      <trkpt lat="39.9184027" lon="21.1695541"></trkpt>
      <trkpt lat="39.9197623" lon="21.1682869"></trkpt>
      <trkpt lat="39.9201904" lon="21.1672349"></trkpt>
      <trkpt lat="39.921248" lon="21.1653049"></trkpt>
      <trkpt lat="39.9213384" lon="21.1647637"></trkpt>
      <trkpt lat="39.9221016" lon="21.1636515"></trkpt>
      <trkpt lat="39.9227024" lon="21.1625144"></trkpt>
      <trkpt lat="39.9228375" lon="21.1618491"></trkpt>
      <trkpt lat="39.9222723" lon="21.1609028"></trkpt>
      <trkpt lat="39.9221796" lon="21.1595867"></trkpt>
      <trkpt lat="39.9223697" lon="21.1592391"></trkpt>
      <trkpt lat="39.9229036" lon="21.1590482"></trkpt>
      <trkpt lat="39.9234374" lon="21.1585427"></trkpt>
      <trkpt lat="39.9232872" lon="21.1576372"></trkpt>
      <trkpt lat="39.923574" lon="21.1562086"></trkpt>
      <trkpt lat="39.923668" lon="21.1560513"></trkpt>
      <trkpt lat="39.9238975" lon="21.1560691"></trkpt>
      <trkpt lat="39.924145" lon="21.1559423"></trkpt>
      <trkpt lat="39.9244672" lon="21.1555933"></trkpt>
      <trkpt lat="39.924636" lon="21.1552359"></trkpt>
      <trkpt lat="39.9249255" lon="21.154898"></trkpt>
      <trkpt lat="39.9254941" lon="21.1534321"></trkpt>
      <trkpt lat="39.9259728" lon="21.152812"></trkpt>
      <trkpt lat="39.9265294" lon="21.1518155"></trkpt>
      <trkpt lat="39.9284319" lon="21.149802"></trkpt>
      <trkpt lat="39.9291705" lon="21.1485777"></trkpt>
      <trkpt lat="39.9293743" lon="21.148578"></trkpt>
      <trkpt lat="39.9290824" lon="21.1484273"></trkpt>
      <trkpt lat="39.9290718" lon="21.1483209"></trkpt>
      <trkpt lat="39.9283745" lon="21.147732"></trkpt>
      <trkpt lat="39.9265372" lon="21.1471333"></trkpt>
      <trkpt lat="39.9262219" lon="21.1469248"></trkpt>
      <trkpt lat="39.9259129" lon="21.1462577"></trkpt>
      <trkpt lat="39.9261679" lon="21.1452852"></trkpt>
      <trkpt lat="39.9264609" lon="21.1449921"></trkpt>
      <trkpt lat="39.9268987" lon="21.1438927"></trkpt>
      <trkpt lat="39.9276155" lon="21.1426822"></trkpt>
      <trkpt lat="39.9277549" lon="21.1419327"></trkpt>
      <trkpt lat="39.9274462" lon="21.1413604"></trkpt>
      <trkpt lat="39.9270684" lon="21.1409631"></trkpt>
      <trkpt lat="39.9262038" lon="21.1404611"></trkpt>
      <trkpt lat="39.9262864" lon="21.1402724"></trkpt>
      <trkpt lat="39.9267505" lon="21.1400565"></trkpt>
      <trkpt lat="39.9267489" lon="21.139841"></trkpt>
      <trkpt lat="39.9266135" lon="21.1396083"></trkpt>
      <trkpt lat="39.9265996" lon="21.1391545"></trkpt>
      <trkpt lat="39.9264736" lon="21.1389921"></trkpt>
      <trkpt lat="39.9266553" lon="21.1388664"></trkpt>
      <trkpt lat="39.9267792" lon="21.1385241"></trkpt>
      <trkpt lat="39.9265755" lon="21.1382246"></trkpt>
      <trkpt lat="39.9263928" lon="21.138131"></trkpt>
      <trkpt lat="39.9260986" lon="21.1365593"></trkpt>
      <trkpt lat="39.9255306" lon="21.1349894"></trkpt>
      <trkpt lat="39.9252295" lon="21.1348527"></trkpt>
      <trkpt lat="39.924964" lon="21.1343587"></trkpt>
      <trkpt lat="39.9247267" lon="21.1341418"></trkpt>
      <trkpt lat="39.9245122" lon="21.1335208"></trkpt>
      <trkpt lat="39.9242171" lon="21.133098"></trkpt>
      <trkpt lat="39.9242425" lon="21.1328286"></trkpt>
      <trkpt lat="39.924751" lon="21.1319165"></trkpt>
      <trkpt lat="39.924847" lon="21.1315128"></trkpt>
      <trkpt lat="39.9247611" lon="21.1314296"></trkpt>
      <trkpt lat="39.923813" lon="21.1312522"></trkpt>
      <trkpt lat="39.9228573" lon="21.1313693"></trkpt>
      <trkpt lat="39.9225286" lon="21.1310694"></trkpt>
      <trkpt lat="39.9222446" lon="21.1311016"></trkpt>
      <trkpt lat="39.9219735" lon="21.1308136"></trkpt>
      <trkpt lat="39.9211687" lon="21.1302686"></trkpt>
      <trkpt lat="39.921056" lon="21.1293385"></trkpt>
      <trkpt lat="39.9209339" lon="21.1292497"></trkpt>
      <trkpt lat="39.9201506" lon="21.1304582"></trkpt>
      <trkpt lat="39.9198823" lon="21.1305933"></trkpt>
      <trkpt lat="39.9197097" lon="21.1305387"></trkpt>
      <trkpt lat="39.9195873" lon="21.1293996"></trkpt>
      <trkpt lat="39.9193768" lon="21.1291588"></trkpt>
      <trkpt lat="39.9193493" lon="21.1286758"></trkpt>
      <trkpt lat="39.9190816" lon="21.1285079"></trkpt>
      <trkpt lat="39.9191164" lon="21.1282765"></trkpt>
      <trkpt lat="39.9189301" lon="21.1282035"></trkpt>
      <trkpt lat="39.9189416" lon="21.1277143"></trkpt>
      <trkpt lat="39.9187206" lon="21.1271029"></trkpt>
      <trkpt lat="39.9178238" lon="21.1257154"></trkpt>
      <trkpt lat="39.9181862" lon="21.1249843"></trkpt>
      <trkpt lat="39.9183968" lon="21.1247761"></trkpt>
      <trkpt lat="39.9181878" lon="21.1243601"></trkpt>
      <trkpt lat="39.9176874" lon="21.1237229"></trkpt>
      <trkpt lat="39.9177004" lon="21.1233475"></trkpt>
      <trkpt lat="39.917555" lon="21.1226494"></trkpt>
      <trkpt lat="39.9176078" lon="21.1223232"></trkpt>
      <trkpt lat="39.9174263" lon="21.1208873"></trkpt>
      <trkpt lat="39.9176141" lon="21.1189234"></trkpt>
      <trkpt lat="39.9179757" lon="21.1174759"></trkpt>
      <trkpt lat="39.9183138" lon="21.1168115"></trkpt>
      <trkpt lat="39.9184969" lon="21.1158945"></trkpt>
      <trkpt lat="39.9189434" lon="21.1152609"></trkpt>
      <trkpt lat="39.9192154" lon="21.1145928"></trkpt>
      <trkpt lat="39.9192374" lon="21.114416"></trkpt>
      <trkpt lat="39.9190591" lon="21.1144626"></trkpt>
      <trkpt lat="39.9190441" lon="21.1144073"></trkpt>
      <trkpt lat="39.9189887" lon="21.1136009"></trkpt>
      <trkpt lat="39.9193091" lon="21.1130215"></trkpt>
      <trkpt lat="39.919599" lon="21.1119333"></trkpt>
      <trkpt lat="39.9201345" lon="21.1108842"></trkpt>
      <trkpt lat="39.92051" lon="21.1095642"></trkpt>
      <trkpt lat="39.9210957" lon="21.1080262"></trkpt>
      <trkpt lat="39.921613" lon="21.1076094"></trkpt>
      <trkpt lat="39.9216333" lon="21.1075089"></trkpt>
      <trkpt lat="39.9214395" lon="21.1073428"></trkpt>
      <trkpt lat="39.9218117" lon="21.1071794"></trkpt>
      <trkpt lat="39.9219625" lon="21.1068717"></trkpt>
      <trkpt lat="39.9224084" lon="21.1049467"></trkpt>
      <trkpt lat="39.9229957" lon="21.1033817"></trkpt>
      <trkpt lat="39.923368" lon="21.1018433"></trkpt>
      <trkpt lat="39.9240192" lon="21.1010784"></trkpt>
      <trkpt lat="39.9245016" lon="21.100263"></trkpt>
      <trkpt lat="39.9247155" lon="21.0989063"></trkpt>
      <trkpt lat="39.9254049" lon="21.0975562"></trkpt>
      <trkpt lat="39.9256677" lon="21.0962893"></trkpt>
      <trkpt lat="39.9254268" lon="21.0963943"></trkpt>
      <trkpt lat="39.9253455" lon="21.096283"></trkpt>
      <trkpt lat="39.9253754" lon="21.0961096"></trkpt>
      <trkpt lat="39.9251681" lon="21.0958297"></trkpt>
      <trkpt lat="39.9254466" lon="21.0957315"></trkpt>
      <trkpt lat="39.9260053" lon="21.0957448"></trkpt>
      <trkpt lat="39.9276913" lon="21.0965589"></trkpt>
      <trkpt lat="39.9284869" lon="21.0966828"></trkpt>
      <trkpt lat="39.9296472" lon="21.0970266"></trkpt>
      <trkpt lat="39.930363" lon="21.0970814"></trkpt>
      <trkpt lat="39.9310381" lon="21.096928"></trkpt>
      <trkpt lat="39.9315515" lon="21.0969939"></trkpt>
      <trkpt lat="39.9316826" lon="21.0973933"></trkpt>
      <trkpt lat="39.932124" lon="21.0972032"></trkpt>
      <trkpt lat="39.9323542" lon="21.0972446"></trkpt>
      <trkpt lat="39.9336396" lon="21.0960236"></trkpt>
      <trkpt lat="39.9353564" lon="21.0949181"></trkpt>
      <trkpt lat="39.9357051" lon="21.0949666"></trkpt>
      <trkpt lat="39.9361184" lon="21.0952343"></trkpt>
      <trkpt lat="39.9368948" lon="21.0954035"></trkpt>
      <trkpt lat="39.9379277" lon="21.094447"></trkpt>
      <trkpt lat="39.9383948" lon="21.0942773"></trkpt>
      <trkpt lat="39.9386533" lon="21.0944731"></trkpt>
      <trkpt lat="39.9388765" lon="21.0949783"></trkpt>
      <trkpt lat="39.9390431" lon="21.0949565"></trkpt>
      <trkpt lat="39.939299" lon="21.0952326"></trkpt>
      <trkpt lat="39.9393205" lon="21.0951765"></trkpt>
      <trkpt lat="39.9396309" lon="21.0952818"></trkpt>
      <trkpt lat="39.9398922" lon="21.0954399"></trkpt>
      <trkpt lat="39.9400132" lon="21.0959657"></trkpt>
      <trkpt lat="39.94026" lon="21.0961849"></trkpt>
      <trkpt lat="39.9401819" lon="21.0963382"></trkpt>
      <trkpt lat="39.9405091" lon="21.0964711"></trkpt>
      <trkpt lat="39.9407536" lon="21.0967342"></trkpt>
      <trkpt lat="39.9411097" lon="21.0969085"></trkpt>
      <trkpt lat="39.9414105" lon="21.0972896"></trkpt>
      <trkpt lat="39.9416492" lon="21.0978106"></trkpt>
      <trkpt lat="39.9422454" lon="21.0984391"></trkpt>
      <trkpt lat="39.9426871" lon="21.0985978"></trkpt>
      <trkpt lat="39.9429708" lon="21.0992366"></trkpt>
      <trkpt lat="39.9432739" lon="21.0995816"></trkpt>
      <trkpt lat="39.9440204" lon="21.0998921"></trkpt>
      <trkpt lat="39.9442381" lon="21.0998937"></trkpt>
      <trkpt lat="39.9446306" lon="21.0997124"></trkpt>
      <trkpt lat="39.944915" lon="21.0993912"></trkpt>
      <trkpt lat="39.9450763" lon="21.0993263"></trkpt>
      <trkpt lat="39.9457314" lon="21.0993996"></trkpt>
      <trkpt lat="39.9462619" lon="21.0991643"></trkpt>
      <trkpt lat="39.9473853" lon="21.0992958"></trkpt>
      <trkpt lat="39.9476289" lon="21.0995009"></trkpt>
      <trkpt lat="39.9478152" lon="21.0995812"></trkpt>
      <trkpt lat="39.9480554" lon="21.0995241"></trkpt>
      <trkpt lat="39.9484452" lon="21.099757"></trkpt>
      <trkpt lat="39.9488711" lon="21.0994922"></trkpt>
      <trkpt lat="39.9496445" lon="21.0994701"></trkpt>
      <trkpt lat="39.9501567" lon="21.0999094"></trkpt>
      <trkpt lat="39.9501262" lon="21.1000355"></trkpt>
      <trkpt lat="39.9499394" lon="21.1001101"></trkpt>
      <trkpt lat="39.949665" lon="21.1000828"></trkpt>
      <trkpt lat="39.9496145" lon="21.1002246"></trkpt>
      <trkpt lat="39.9505589" lon="21.1005724"></trkpt>
      <trkpt lat="39.951127" lon="21.1002016"></trkpt>
      <trkpt lat="39.9517789" lon="21.1006801"></trkpt>
      <trkpt lat="39.9519511" lon="21.1006654"></trkpt>
      <trkpt lat="39.9521701" lon="21.100814"></trkpt>
      <trkpt lat="39.9525809" lon="21.1008818"></trkpt>
      <trkpt lat="39.9527965" lon="21.1012267"></trkpt>
      <trkpt lat="39.9529647" lon="21.1013244"></trkpt>
      <trkpt lat="39.9530891" lon="21.1012982"></trkpt>
      <trkpt lat="39.9533044" lon="21.1014933"></trkpt>
      <trkpt lat="39.9538921" lon="21.1017162"></trkpt>
      <trkpt lat="39.954233" lon="21.102156"></trkpt>
      <trkpt lat="39.9547579" lon="21.102107"></trkpt>
      <trkpt lat="39.9549184" lon="21.1019947"></trkpt>
      <trkpt lat="39.9557649" lon="21.1030981"></trkpt>
      <trkpt lat="39.9576552" lon="21.1039116"></trkpt>
      <trkpt lat="39.959198" lon="21.1054158"></trkpt>
      <trkpt lat="39.9595327" lon="21.1060062"></trkpt>
      <trkpt lat="39.9600937" lon="21.1062079"></trkpt>
      <trkpt lat="39.9608144" lon="21.1066846"></trkpt>
      <trkpt lat="39.9612673" lon="21.1075955"></trkpt>
      <trkpt lat="39.9615301" lon="21.1083726"></trkpt>
      <trkpt lat="39.9620613" lon="21.1089819"></trkpt>
      <trkpt lat="39.9623477" lon="21.1095173"></trkpt>
      <trkpt lat="39.9627486" lon="21.1106783"></trkpt>
      <trkpt lat="39.9628181" lon="21.1113396"></trkpt>
      <trkpt lat="39.9630188" lon="21.1118211"></trkpt>
      <trkpt lat="39.9630927" lon="21.1122998"></trkpt>
      <trkpt lat="39.9639811" lon="21.1138544"></trkpt>
      <trkpt lat="39.964048" lon="21.1145682"></trkpt>
      <trkpt lat="39.9639717" lon="21.1153377"></trkpt>
      <trkpt lat="39.9642433" lon="21.1161381"></trkpt>
      <trkpt lat="39.9644308" lon="21.1163554"></trkpt>
      <trkpt lat="39.9651192" lon="21.1167994"></trkpt>
      <trkpt lat="39.9656011" lon="21.1178871"></trkpt>
      <trkpt lat="39.9658062" lon="21.1181161"></trkpt>
      <trkpt lat="39.966419" lon="21.1183535"></trkpt>
      <trkpt lat="39.9670597" lon="21.1187798"></trkpt>
      <trkpt lat="39.9674434" lon="21.1187976"></trkpt>
      <trkpt lat="39.9680785" lon="21.1189743"></trkpt>
      <trkpt lat="39.9687816" lon="21.1193663"></trkpt>
      <trkpt lat="39.9689948" lon="21.1191276"></trkpt>
      <trkpt lat="39.9690248" lon="21.1183365"></trkpt>
      <trkpt lat="39.9692223" lon="21.1181331"></trkpt>
      <trkpt lat="39.9698495" lon="21.1181332"></trkpt>
      <trkpt lat="39.9701158" lon="21.1183161"></trkpt>
      <trkpt lat="39.970474" lon="21.1188167"></trkpt>
      <trkpt lat="39.9706705" lon="21.118806"></trkpt>
      <trkpt lat="39.9707661" lon="21.1184814"></trkpt>
      <trkpt lat="39.9706662" lon="21.1174228"></trkpt>
      <trkpt lat="39.9710698" lon="21.1169663"></trkpt>
      <trkpt lat="39.9712982" lon="21.1164488"></trkpt>
      <trkpt lat="39.971801" lon="21.1160533"></trkpt>
      <trkpt lat="39.9723834" lon="21.1160809"></trkpt>
      <trkpt lat="39.9726252" lon="21.115833"></trkpt>
      <trkpt lat="39.9727897" lon="21.1157978"></trkpt>
      <trkpt lat="39.9730939" lon="21.1159618"></trkpt>
      <trkpt lat="39.9734093" lon="21.1159135"></trkpt>
      <trkpt lat="39.9741878" lon="21.1160903"></trkpt>
      <trkpt lat="39.9750775" lon="21.1166095"></trkpt>
      <trkpt lat="39.975332" lon="21.116563"></trkpt>
      <trkpt lat="39.9755585" lon="21.1164006"></trkpt>
      <trkpt lat="39.975937" lon="21.1158586"></trkpt>
      <trkpt lat="39.9762192" lon="21.1165841"></trkpt>
      <trkpt lat="39.9765879" lon="21.1166375"></trkpt>
      <trkpt lat="39.9766612" lon="21.1164576"></trkpt>
      <trkpt lat="39.97663" lon="21.1164088"></trkpt>
      <trkpt lat="39.976499" lon="21.1164932"></trkpt>
      <trkpt lat="39.9765658" lon="21.1165083"></trkpt>
      <trkpt lat="39.9767094" lon="21.1163145"></trkpt>
      <trkpt lat="39.9766484" lon="21.1162684"></trkpt>
      <trkpt lat="39.9768802" lon="21.1150911"></trkpt>
      <trkpt lat="39.9767708" lon="21.1145989"></trkpt>
      <trkpt lat="39.9770481" lon="21.1139791"></trkpt>
      <trkpt lat="39.9767372" lon="21.1133696"></trkpt>
      <trkpt lat="39.9760413" lon="21.1126821"></trkpt>
      <trkpt lat="39.9759139" lon="21.1123019"></trkpt>
      <trkpt lat="39.9755082" lon="21.1123792"></trkpt>
      <trkpt lat="39.975209" lon="21.1116043"></trkpt>
      <trkpt lat="39.9749785" lon="21.1122008"></trkpt>
      <trkpt lat="39.974898" lon="21.1122073"></trkpt>
      <trkpt lat="39.9747651" lon="21.1115126"></trkpt>
      <trkpt lat="39.9749292" lon="21.1109442"></trkpt>
      <trkpt lat="39.9750481" lon="21.1108217"></trkpt>
      <trkpt lat="39.9752012" lon="21.1108152"></trkpt>
      <trkpt lat="39.975891" lon="21.1112794"></trkpt>
      <trkpt lat="39.9761614" lon="21.111291"></trkpt>
      <trkpt lat="39.9768723" lon="21.1107585"></trkpt>
      <trkpt lat="39.9768135" lon="21.1104328"></trkpt>
      <trkpt lat="39.9769341" lon="21.1094808"></trkpt>
      <trkpt lat="39.9768978" lon="21.1089551"></trkpt>
      <trkpt lat="39.976967" lon="21.1088689"></trkpt>
      <trkpt lat="39.9776139" lon="21.109214"></trkpt>
      <trkpt lat="39.9780318" lon="21.1096169"></trkpt>
      <trkpt lat="39.9781575" lon="21.1095566"></trkpt>
      <trkpt lat="39.9783223" lon="21.109055"></trkpt>
      <trkpt lat="39.9784221" lon="21.1090385"></trkpt>
      <trkpt lat="39.978827" lon="21.1095994"></trkpt>
      <trkpt lat="39.9789872" lon="21.1096301"></trkpt>
      <trkpt lat="39.9797184" lon="21.1087218"></trkpt>
      <trkpt lat="39.980172" lon="21.1090351"></trkpt>
      <trkpt lat="39.9806167" lon="21.1098039"></trkpt>
      <trkpt lat="39.9808565" lon="21.1099126"></trkpt>
      <trkpt lat="39.9812724" lon="21.1092834"></trkpt>
      <trkpt lat="39.9813673" lon="21.1084002"></trkpt>
      <trkpt lat="39.9821127" lon="21.1079593"></trkpt>
      <trkpt lat="39.9824966" lon="21.1079542"></trkpt>
      <trkpt lat="39.9826317" lon="21.1078501"></trkpt>
      <trkpt lat="39.9826414" lon="21.1072652"></trkpt>
      <trkpt lat="39.982994" lon="21.1069937"></trkpt>
      <trkpt lat="39.9830672" lon="21.1068112"></trkpt>
      <trkpt lat="39.983017" lon="21.1064908"></trkpt>
      <trkpt lat="39.9827832" lon="21.1060802"></trkpt>
      <trkpt lat="39.9829794" lon="21.1054836"></trkpt>
      <trkpt lat="39.9828642" lon="21.104869"></trkpt>
      <trkpt lat="39.9829638" lon="21.1046966"></trkpt>
      <trkpt lat="39.9833028" lon="21.1044571"></trkpt>
      <trkpt lat="39.983338" lon="21.1041943"></trkpt>
      <trkpt lat="39.9830883" lon="21.103844"></trkpt>
      <trkpt lat="39.9830364" lon="21.10308"></trkpt>
      <trkpt lat="39.9828306" lon="21.1026997"></trkpt>
      <trkpt lat="39.9826606" lon="21.1025382"></trkpt>
      <trkpt lat="39.9824665" lon="21.102493"></trkpt>
      <trkpt lat="39.9821356" lon="21.1026779"></trkpt>
      <trkpt lat="39.981989" lon="21.1026709"></trkpt>
      <trkpt lat="39.9818556" lon="21.1021803"></trkpt>
      <trkpt lat="39.9817006" lon="21.1020027"></trkpt>
      <trkpt lat="39.981688" lon="21.1018798"></trkpt>
      <trkpt lat="39.9820179" lon="21.1014166"></trkpt>
      <trkpt lat="39.9815829" lon="21.1007758"></trkpt>
      <trkpt lat="39.981492" lon="21.1001901"></trkpt>
      <trkpt lat="39.9813135" lon="21.0997701"></trkpt>
      <trkpt lat="39.9812827" lon="21.099323"></trkpt>
      <trkpt lat="39.9810969" lon="21.0991171"></trkpt>
      <trkpt lat="39.9812846" lon="21.0986383"></trkpt>
      <trkpt lat="39.9811249" lon="21.0983068"></trkpt>
      <trkpt lat="39.9812764" lon="21.0980117"></trkpt>
      <trkpt lat="39.9817005" lon="21.0983252"></trkpt>
      <trkpt lat="39.9818986" lon="21.0982887"></trkpt>
      <trkpt lat="39.9822005" lon="21.0986079"></trkpt>
      <trkpt lat="39.9822995" lon="21.0988936"></trkpt>
      <trkpt lat="39.9824367" lon="21.0989725"></trkpt>
      <trkpt lat="39.9827927" lon="21.0988866"></trkpt>
      <trkpt lat="39.9829509" lon="21.0987383"></trkpt>
      <trkpt lat="39.9830414" lon="21.0985197"></trkpt>
      <trkpt lat="39.9829249" lon="21.0981728"></trkpt>
      <trkpt lat="39.9829558" lon="21.097861"></trkpt>
      <trkpt lat="39.983712" lon="21.0971678"></trkpt>
      <trkpt lat="39.9834179" lon="21.0966884"></trkpt>
      <trkpt lat="39.9834373" lon="21.0965156"></trkpt>
      <trkpt lat="39.9838978" lon="21.0960033"></trkpt>
      <trkpt lat="39.9844945" lon="21.0955827"></trkpt>
      <trkpt lat="39.9846291" lon="21.095388"></trkpt>
      <trkpt lat="39.9845089" lon="21.0947678"></trkpt>
      <trkpt lat="39.9848429" lon="21.0938737"></trkpt>
      <trkpt lat="39.9848161" lon="21.0934415"></trkpt>
      <trkpt lat="39.9857927" lon="21.0927707"></trkpt>
      <trkpt lat="39.985782" lon="21.0925896"></trkpt>
      <trkpt lat="39.9853558" lon="21.0921478"></trkpt>
      <trkpt lat="39.9850256" lon="21.0915728"></trkpt>
      <trkpt lat="39.9850537" lon="21.0908318"></trkpt>
      <trkpt lat="39.9849787" lon="21.0902673"></trkpt>
      <trkpt lat="39.9851818" lon="21.0899771"></trkpt>
      <trkpt lat="39.9856083" lon="21.0898378"></trkpt>
      <trkpt lat="39.9859907" lon="21.0889989"></trkpt>
      <trkpt lat="39.9867328" lon="21.0883309"></trkpt>
      <trkpt lat="39.9869392" lon="21.0883566"></trkpt>
      <trkpt lat="39.9871016" lon="21.0886147"></trkpt>
      <trkpt lat="39.9874113" lon="21.0901297"></trkpt>
      <trkpt lat="39.9876112" lon="21.0904098"></trkpt>
      <trkpt lat="39.9879268" lon="21.0905671"></trkpt>
      <trkpt lat="39.9884331" lon="21.0904811"></trkpt>
      <trkpt lat="39.9888615" lon="21.0906723"></trkpt>
      <trkpt lat="39.9894754" lon="21.090636"></trkpt>
      <trkpt lat="39.98998" lon="21.0911074"></trkpt>
      <trkpt lat="39.9906027" lon="21.0913007"></trkpt>
      <trkpt lat="39.9907199" lon="21.0912371"></trkpt>
      <trkpt lat="39.9902925" lon="21.0903991"></trkpt>
      <trkpt lat="39.9906363" lon="21.0902463"></trkpt>
      <trkpt lat="39.9906397" lon="21.0900529"></trkpt>
      <trkpt lat="39.9907966" lon="21.0900426"></trkpt>
      <trkpt lat="39.9909495" lon="21.0898236"></trkpt>
      <trkpt lat="39.9911597" lon="21.0897012"></trkpt>
      <trkpt lat="39.9911843" lon="21.0895217"></trkpt>
      <trkpt lat="39.990984" lon="21.0893627"></trkpt>
      <trkpt lat="39.9911493" lon="21.0892637"></trkpt>
      <trkpt lat="39.9910609" lon="21.089128"></trkpt>
      <trkpt lat="39.9914527" lon="21.0887116"></trkpt>
      <trkpt lat="39.9920598" lon="21.088719"></trkpt>
      <trkpt lat="39.9924658" lon="21.0881916"></trkpt>
      <trkpt lat="39.9930805" lon="21.0881043"></trkpt>
      <trkpt lat="39.9936176" lon="21.0884564"></trkpt>
      <trkpt lat="39.9940204" lon="21.088346"></trkpt>
      <trkpt lat="39.9942453" lon="21.0885583"></trkpt>
      <trkpt lat="39.9943172" lon="21.0883375"></trkpt>
      <trkpt lat="39.9944495" lon="21.088279"></trkpt>
      <trkpt lat="39.9949627" lon="21.0884198"></trkpt>
      <trkpt lat="39.9949224" lon="21.0887321"></trkpt>
      <trkpt lat="39.9956794" lon="21.0890458"></trkpt>
      <trkpt lat="39.9951826" lon="21.0896845"></trkpt>
      <trkpt lat="39.9951624" lon="21.0897985"></trkpt>
      <trkpt lat="39.9953524" lon="21.0898624"></trkpt>
      <trkpt lat="39.9953225" lon="21.0903288"></trkpt>
      <trkpt lat="39.9958325" lon="21.0904064"></trkpt>
      <trkpt lat="39.9964018" lon="21.0906262"></trkpt>
      <trkpt lat="39.997166" lon="21.0906602"></trkpt>
      <trkpt lat="39.9974857" lon="21.0905622"></trkpt>
      <trkpt lat="39.9982498" lon="21.0907027"></trkpt>
      <trkpt lat="39.998987" lon="21.0910435"></trkpt>
      <trkpt lat="39.9995504" lon="21.0909256"></trkpt>
      <trkpt lat="40.0005415" lon="21.0904305"></trkpt>
      <trkpt lat="40.0017506" lon="21.0899742"></trkpt>
      <trkpt lat="40.0043396" lon="21.0910264"></trkpt>
      <trkpt lat="40.0046924" lon="21.0908295"></trkpt>
      <trkpt lat="40.0054149" lon="21.0906034"></trkpt>
      <trkpt lat="40.0057638" lon="21.0906183"></trkpt>
      <trkpt lat="40.0065435" lon="21.0915073"></trkpt>
      <trkpt lat="40.0067648" lon="21.0916413"></trkpt>
      <trkpt lat="40.0073574" lon="21.0923931"></trkpt>
      <trkpt lat="40.0076358" lon="21.0929704"></trkpt>
      <trkpt lat="40.0077387" lon="21.0929071"></trkpt>
      <trkpt lat="40.0082633" lon="21.0929482"></trkpt>
      <trkpt lat="40.0085832" lon="21.0924587"></trkpt>
      <trkpt lat="40.0090191" lon="21.0924384"></trkpt>
      <trkpt lat="40.00919" lon="21.0925711"></trkpt>
      <trkpt lat="40.0094855" lon="21.0925032"></trkpt>
      <trkpt lat="40.0097445" lon="21.0918398"></trkpt>
      <trkpt lat="40.0101831" lon="21.0922377"></trkpt>
      <trkpt lat="40.0111597" lon="21.0910821"></trkpt>
      <trkpt lat="40.0115229" lon="21.0910152"></trkpt>
      <trkpt lat="40.0123945" lon="21.0917409"></trkpt>
      <trkpt lat="40.0126496" lon="21.092537"></trkpt>
      <trkpt lat="40.0129793" lon="21.093025"></trkpt>
      <trkpt lat="40.0138795" lon="21.093507"></trkpt>
      <trkpt lat="40.0141004" lon="21.0938863"></trkpt>
      <trkpt lat="40.0142153" lon="21.0943317"></trkpt>
      <trkpt lat="40.0143187" lon="21.096712"></trkpt>
      <trkpt lat="40.0145896" lon="21.0970567"></trkpt>
      <trkpt lat="40.0145805" lon="21.0972935"></trkpt>
      <trkpt lat="40.0146227" lon="21.0971774"></trkpt>
      <trkpt lat="40.0145993" lon="21.097072"></trkpt>
      <trkpt lat="40.0145537" lon="21.0971704"></trkpt>
      <trkpt lat="40.0145778" lon="21.0982745"></trkpt>
      <trkpt lat="40.0145175" lon="21.0975083"></trkpt>
      <trkpt lat="40.0146076" lon="21.09736"></trkpt>
      <trkpt lat="40.0145804" lon="21.0970898"></trkpt>
      <trkpt lat="40.0147821" lon="21.0965466"></trkpt>
      <trkpt lat="40.0149735" lon="21.0965348"></trkpt>
      <trkpt lat="40.0148837" lon="21.0963588"></trkpt>
      <trkpt lat="40.0150704" lon="21.0963443"></trkpt>
      <trkpt lat="40.0154529" lon="21.0966527"></trkpt>
      <trkpt lat="40.01585" lon="21.096324"></trkpt>
      <trkpt lat="40.0161288" lon="21.0962951"></trkpt>
      <trkpt lat="40.0160832" lon="21.0961411"></trkpt>
      <trkpt lat="40.0164873" lon="21.0959901"></trkpt>
      <trkpt lat="40.0166278" lon="21.0961393"></trkpt>
      <trkpt lat="40.0168662" lon="21.0960904"></trkpt>
      <trkpt lat="40.0172081" lon="21.0962583"></trkpt>
      <trkpt lat="40.0175742" lon="21.0961347"></trkpt>
      <trkpt lat="40.0178622" lon="21.0961734"></trkpt>
      <trkpt lat="40.0182538" lon="21.096411"></trkpt>
      <trkpt lat="40.018386" lon="21.0956475"></trkpt>
      <trkpt lat="40.0185081" lon="21.0953091"></trkpt>
      <trkpt lat="40.0186026" lon="21.0952824"></trkpt>
      <trkpt lat="40.0195337" lon="21.0956149"></trkpt>
      <trkpt lat="40.0200634" lon="21.0960416"></trkpt>
      <trkpt lat="40.0204502" lon="21.0967586"></trkpt>
      <trkpt lat="40.0207275" lon="21.0968923"></trkpt>
      <trkpt lat="40.020779" lon="21.0972713"></trkpt>
      <trkpt lat="40.0210339" lon="21.0976019"></trkpt>
      <trkpt lat="40.0220761" lon="21.0975387"></trkpt>
      <trkpt lat="40.0226587" lon="21.097351"></trkpt>
      <trkpt lat="40.0228379" lon="21.0974109"></trkpt>
      <trkpt lat="40.0228634" lon="21.0976312"></trkpt>
      <trkpt lat="40.0229479" lon="21.0976622"></trkpt>
      <trkpt lat="40.0230799" lon="21.0975001"></trkpt>
      <trkpt lat="40.0231305" lon="21.0970398"></trkpt>
      <trkpt lat="40.0233275" lon="21.096958"></trkpt>
      <trkpt lat="40.0245469" lon="21.0955481"></trkpt>
      <trkpt lat="40.024531" lon="21.0950689"></trkpt>
      <trkpt lat="40.0248275" lon="21.0952318"></trkpt>
      <trkpt lat="40.0249907" lon="21.0949482"></trkpt>
      <trkpt lat="40.0253321" lon="21.0948358"></trkpt>
      <trkpt lat="40.0254389" lon="21.0947209"></trkpt>
      <trkpt lat="40.0255164" lon="21.0947556"></trkpt>
      <trkpt lat="40.0255644" lon="21.0945782"></trkpt>
      <trkpt lat="40.0258022" lon="21.0944883"></trkpt>
      <trkpt lat="40.0258588" lon="21.0943231"></trkpt>
      <trkpt lat="40.0257573" lon="21.0940817"></trkpt>
      <trkpt lat="40.0259786" lon="21.0940588"></trkpt>
      <trkpt lat="40.0260761" lon="21.0937324"></trkpt>
      <trkpt lat="40.0269178" lon="21.0935569"></trkpt>
      <trkpt lat="40.0274577" lon="21.0931911"></trkpt>
      <trkpt lat="40.0275467" lon="21.093299"></trkpt>
      <trkpt lat="40.0278324" lon="21.0931317"></trkpt>
      <trkpt lat="40.0279349" lon="21.0931804"></trkpt>
      <trkpt lat="40.0276099" lon="21.0932409"></trkpt>
      <trkpt lat="40.027815" lon="21.0931277"></trkpt>
      <trkpt lat="40.0279867" lon="21.093211"></trkpt>
      <trkpt lat="40.0282389" lon="21.0928988"></trkpt>
      <trkpt lat="40.0284851" lon="21.0930401"></trkpt>
      <trkpt lat="40.0287692" lon="21.0930127"></trkpt>
      <trkpt lat="40.0288208" lon="21.0928013"></trkpt>
      <trkpt lat="40.0295122" lon="21.0925085"></trkpt>
      <trkpt lat="40.0294153" lon="21.0922882"></trkpt>
      <trkpt lat="40.0299014" lon="21.0922966"></trkpt>
      <trkpt lat="40.0301773" lon="21.0916686"></trkpt>
      <trkpt lat="40.0318351" lon="21.0904283"></trkpt>
      <trkpt lat="40.0322252" lon="21.0897283"></trkpt>
      <trkpt lat="40.0325015" lon="21.0894076"></trkpt>
      <trkpt lat="40.0322465" lon="21.0886555"></trkpt>
      <trkpt lat="40.0324531" lon="21.0875022"></trkpt>
      <trkpt lat="40.03234" lon="21.085583"></trkpt>
      <trkpt lat="40.0325046" lon="21.0850398"></trkpt>
      <trkpt lat="40.0323854" lon="21.0844488"></trkpt>
      <trkpt lat="40.0327119" lon="21.0840249"></trkpt>
      <trkpt lat="40.0327908" lon="21.0843432"></trkpt>
      <trkpt lat="40.0330679" lon="21.0846331"></trkpt>
      <trkpt lat="40.0332942" lon="21.0846818"></trkpt>
      <trkpt lat="40.0336091" lon="21.0845737"></trkpt>
      <trkpt lat="40.0341653" lon="21.0828305"></trkpt>
      <trkpt lat="40.0341402" lon="21.0822128"></trkpt>
      <trkpt lat="40.0342178" lon="21.0821137"></trkpt>
      <trkpt lat="40.033963" lon="21.0812536"></trkpt>
      <trkpt lat="40.0339336" lon="21.0802825"></trkpt>
      <trkpt lat="40.0344891" lon="21.0805146"></trkpt>
      <trkpt lat="40.0350036" lon="21.080527"></trkpt>
      <trkpt lat="40.034957" lon="21.0792331"></trkpt>
      <trkpt lat="40.0349931" lon="21.0788766"></trkpt>
      <trkpt lat="40.0351412" lon="21.0786301"></trkpt>
      <trkpt lat="40.0357784" lon="21.0793534"></trkpt>
      <trkpt lat="40.0361504" lon="21.0793698"></trkpt>
      <trkpt lat="40.036643" lon="21.0792061"></trkpt>
      <trkpt lat="40.0371529" lon="21.0787728"></trkpt>
      <trkpt lat="40.0373288" lon="21.0787963"></trkpt>
      <trkpt lat="40.0374341" lon="21.0785459"></trkpt>
      <trkpt lat="40.0376428" lon="21.0784737"></trkpt>
      <trkpt lat="40.0376872" lon="21.0783315"></trkpt>
      <trkpt lat="40.0383046" lon="21.0777627"></trkpt>
      <trkpt lat="40.0386128" lon="21.077223"></trkpt>
      <trkpt lat="40.0391336" lon="21.0771928"></trkpt>
      <trkpt lat="40.0396736" lon="21.0772895"></trkpt>
      <trkpt lat="40.0401693" lon="21.0772304"></trkpt>
      <trkpt lat="40.0416384" lon="21.0767682"></trkpt>
      <trkpt lat="40.0424802" lon="21.0766062"></trkpt>
      <trkpt lat="40.0435324" lon="21.0767334"></trkpt>
      <trkpt lat="40.0436894" lon="21.0769229"></trkpt>
      <trkpt lat="40.0446719" lon="21.0775455"></trkpt>
      <trkpt lat="40.0449553" lon="21.0774077"></trkpt>
      <trkpt lat="40.0450004" lon="21.0772663"></trkpt>
      <trkpt lat="40.0453514" lon="21.0769858"></trkpt>
      <trkpt lat="40.0457449" lon="21.07693"></trkpt>
      <trkpt lat="40.0487306" lon="21.0771041"></trkpt>
      <trkpt lat="40.0490532" lon="21.0773358"></trkpt>
      <trkpt lat="40.0495405" lon="21.0780789"></trkpt>
      <trkpt lat="40.0497576" lon="21.0780491"></trkpt>
      <trkpt lat="40.049815" lon="21.0779621"></trkpt>
      <trkpt lat="40.0500604" lon="21.0781341"></trkpt>
      <trkpt lat="40.0501072" lon="21.0785258"></trkpt>
      <trkpt lat="40.0506006" lon="21.0786004"></trkpt>
      <trkpt lat="40.0510737" lon="21.0788192"></trkpt>
      <trkpt lat="40.0533182" lon="21.0806485"></trkpt>
      <trkpt lat="40.0543035" lon="21.0811567"></trkpt>
      <trkpt lat="40.0559139" lon="21.0825087"></trkpt>
      <trkpt lat="40.0569135" lon="21.0829775"></trkpt>
      <trkpt lat="40.0575282" lon="21.0834503"></trkpt>
      <trkpt lat="40.057646" lon="21.0834118"></trkpt>
      <trkpt lat="40.0578151" lon="21.0835369"></trkpt>
      <trkpt lat="40.0580241" lon="21.0833129"></trkpt>
      <trkpt lat="40.0583676" lon="21.083388"></trkpt>
      <trkpt lat="40.0586286" lon="21.0838914"></trkpt>
      <trkpt lat="40.0590236" lon="21.0836014"></trkpt>
      <trkpt lat="40.0590781" lon="21.0833467"></trkpt>
      <trkpt lat="40.058959" lon="21.0831329"></trkpt>
      <trkpt lat="40.0590372" lon="21.0824352"></trkpt>
      <trkpt lat="40.0584259" lon="21.0814203"></trkpt>
      <trkpt lat="40.0580901" lon="21.081217"></trkpt>
      <trkpt lat="40.0580364" lon="21.0810407"></trkpt>
      <trkpt lat="40.0578995" lon="21.0810358"></trkpt>
      <trkpt lat="40.0581141" lon="21.0812165"></trkpt>
      <trkpt lat="40.0580057" lon="21.0810685"></trkpt>
      <trkpt lat="40.0581591" lon="21.0811755"></trkpt>
      <trkpt lat="40.0583596" lon="21.0808669"></trkpt>
      <trkpt lat="40.0583356" lon="21.0799077"></trkpt>
      <trkpt lat="40.0582599" lon="21.0793684"></trkpt>
      <trkpt lat="40.0579435" lon="21.0784863"></trkpt>
      <trkpt lat="40.0577041" lon="21.0782885"></trkpt>
      <trkpt lat="40.0576146" lon="21.0780789"></trkpt>
      <trkpt lat="40.0574991" lon="21.0773702"></trkpt>
      <trkpt lat="40.0575252" lon="21.0771415"></trkpt>
      <trkpt lat="40.057752" lon="21.0771903"></trkpt>
      <trkpt lat="40.057761" lon="21.076961"></trkpt>
      <trkpt lat="40.0580418" lon="21.0769861"></trkpt>
      <trkpt lat="40.0580322" lon="21.0765114"></trkpt>
      <trkpt lat="40.0586845" lon="21.0765671"></trkpt>
      <trkpt lat="40.0586094" lon="21.0762914"></trkpt>
      <trkpt lat="40.0586662" lon="21.0760847"></trkpt>
      <trkpt lat="40.0589885" lon="21.0761979"></trkpt>
      <trkpt lat="40.0603405" lon="21.076273"></trkpt>
      <trkpt lat="40.0608721" lon="21.0765159"></trkpt>
      <trkpt lat="40.0626576" lon="21.0762328"></trkpt>
      <trkpt lat="40.0629573" lon="21.0762422"></trkpt>
      <trkpt lat="40.0635049" lon="21.0764953"></trkpt>
      <trkpt lat="40.0636313" lon="21.0766673"></trkpt>
      <trkpt lat="40.0636692" lon="21.0771678"></trkpt>
      <trkpt lat="40.0632413" lon="21.0782749"></trkpt>
      <trkpt lat="40.0632443" lon="21.078564"></trkpt>
      <trkpt lat="40.0635276" lon="21.0787854"></trkpt>
      <trkpt lat="40.0636292" lon="21.0792894"></trkpt>
      <trkpt lat="40.0639126" lon="21.0795683"></trkpt>
      <trkpt lat="40.064065" lon="21.0791454"></trkpt>
      <trkpt lat="40.0639361" lon="21.0795465"></trkpt>
      <trkpt lat="40.0640839" lon="21.0792883"></trkpt>
      <trkpt lat="40.0639363" lon="21.0795443"></trkpt>
      <trkpt lat="40.0640862" lon="21.0794694"></trkpt>
      <trkpt lat="40.0637279" lon="21.0790538"></trkpt>
      <trkpt lat="40.0639644" lon="21.079554"></trkpt>
      <trkpt lat="40.0637861" lon="21.0794525"></trkpt>
      <trkpt lat="40.0637774" lon="21.0792689"></trkpt>
      <trkpt lat="40.0638377" lon="21.0791084"></trkpt>
      <trkpt lat="40.0640028" lon="21.0790642"></trkpt>
      <trkpt lat="40.0639431" lon="21.0788312"></trkpt>
      <trkpt lat="40.0639985" lon="21.0786699"></trkpt>
      <trkpt lat="40.0646746" lon="21.0783858"></trkpt>
      <trkpt lat="40.0650355" lon="21.0779035"></trkpt>
      <trkpt lat="40.0651731" lon="21.0775648"></trkpt>
      <trkpt lat="40.0652328" lon="21.0769315"></trkpt>
      <trkpt lat="40.0654077" lon="21.0767332"></trkpt>
      <trkpt lat="40.0658249" lon="21.0758418"></trkpt>
      <trkpt lat="40.0655415" lon="21.0736261"></trkpt>
      <trkpt lat="40.0657683" lon="21.0728251"></trkpt>
      <trkpt lat="40.0657765" lon="21.072205"></trkpt>
      <trkpt lat="40.0654816" lon="21.0715863"></trkpt>
      <trkpt lat="40.0647849" lon="21.0694125"></trkpt>
      <trkpt lat="40.0647785" lon="21.0677977"></trkpt>
      <trkpt lat="40.0641999" lon="21.0681034"></trkpt>
      <trkpt lat="40.0644124" lon="21.0671395"></trkpt>
      <trkpt lat="40.0643335" lon="21.0671399"></trkpt>
      <trkpt lat="40.0643218" lon="21.0669815"></trkpt>
      <trkpt lat="40.0645022" lon="21.0667663"></trkpt>
      <trkpt lat="40.0644465" lon="21.0663831"></trkpt>
      <trkpt lat="40.0645575" lon="21.0661282"></trkpt>
      <trkpt lat="40.0642772" lon="21.0651594"></trkpt>
      <trkpt lat="40.0636645" lon="21.0644617"></trkpt>
      <trkpt lat="40.0636878" lon="21.0642962"></trkpt>
      <trkpt lat="40.063571" lon="21.064228"></trkpt>
      <trkpt lat="40.0635334" lon="21.0639902"></trkpt>
      <trkpt lat="40.0633407" lon="21.0637719"></trkpt>
      <trkpt lat="40.0633009" lon="21.0633054"></trkpt>
      <trkpt lat="40.0635976" lon="21.062266"></trkpt>
      <trkpt lat="40.0643407" lon="21.0614078"></trkpt>
      <trkpt lat="40.0643732" lon="21.0604363"></trkpt>
      <trkpt lat="40.0642864" lon="21.0601191"></trkpt>
      <trkpt lat="40.0645084" lon="21.0585361"></trkpt>
      <trkpt lat="40.0647657" lon="21.0579128"></trkpt>
      <trkpt lat="40.065079" lon="21.0574558"></trkpt>
      <trkpt lat="40.0653585" lon="21.056567"></trkpt>
      <trkpt lat="40.0657013" lon="21.0561443"></trkpt>
      <trkpt lat="40.0659598" lon="21.0550844"></trkpt>
      <trkpt lat="40.0662884" lon="21.0545753"></trkpt>
      <trkpt lat="40.0664219" lon="21.0540073"></trkpt>
      <trkpt lat="40.0663902" lon="21.0532906"></trkpt>
      <trkpt lat="40.0666022" lon="21.0533711"></trkpt>
      <trkpt lat="40.0664963" lon="21.0525813"></trkpt>
      <trkpt lat="40.0666289" lon="21.052579"></trkpt>
      <trkpt lat="40.0664447" lon="21.0525869"></trkpt>
      <trkpt lat="40.0663754" lon="21.0528281"></trkpt>
      <trkpt lat="40.0661828" lon="21.0530335"></trkpt>
      <trkpt lat="40.0654746" lon="21.0532805"></trkpt>
      <trkpt lat="40.0649874" lon="21.0537658"></trkpt>
      <trkpt lat="40.0646304" lon="21.0537895"></trkpt>
      <trkpt lat="40.0644423" lon="21.0536768"></trkpt>
      <trkpt lat="40.0640683" lon="21.0540606"></trkpt>
      <trkpt lat="40.063635" lon="21.0540798"></trkpt>
      <trkpt lat="40.0632063" lon="21.0544136"></trkpt>
      <trkpt lat="40.0622974" lon="21.0543462"></trkpt>
      <trkpt lat="40.0620677" lon="21.0544103"></trkpt>
      <trkpt lat="40.0617153" lon="21.0542328"></trkpt>
      <trkpt lat="40.0614554" lon="21.0542476"></trkpt>
      <trkpt lat="40.0611499" lon="21.0541239"></trkpt>
      <trkpt lat="40.0606774" lon="21.0537502"></trkpt>
      <trkpt lat="40.0607314" lon="21.0532129"></trkpt>
      <trkpt lat="40.0605056" lon="21.0529569"></trkpt>
      <trkpt lat="40.0604889" lon="21.0522903"></trkpt>
      <trkpt lat="40.0601766" lon="21.0516492"></trkpt>
      <trkpt lat="40.0598063" lon="21.0517115"></trkpt>
      <trkpt lat="40.0596069" lon="21.0513938"></trkpt>
      <trkpt lat="40.0592951" lon="21.0502383"></trkpt>
      <trkpt lat="40.0586837" lon="21.0488255"></trkpt>
      <trkpt lat="40.0582473" lon="21.0484521"></trkpt>
      <trkpt lat="40.057906" lon="21.0479929"></trkpt>
      <trkpt lat="40.0578142" lon="21.0477117"></trkpt>
      <trkpt lat="40.0574029" lon="21.0472543"></trkpt>
      <trkpt lat="40.0571443" lon="21.0465916"></trkpt>
      <trkpt lat="40.0573818" lon="21.0464851"></trkpt>
      <trkpt lat="40.0575606" lon="21.0465491"></trkpt>
      <trkpt lat="40.0583898" lon="21.0472722"></trkpt>
      <trkpt lat="40.0590878" lon="21.0485163"></trkpt>
      <trkpt lat="40.0599476" lon="21.0496166"></trkpt>
      <trkpt lat="40.060327" lon="21.0499803"></trkpt>
      <trkpt lat="40.060453" lon="21.05069"></trkpt>
      <trkpt lat="40.0605701" lon="21.0505333"></trkpt>
      <trkpt lat="40.0607496" lon="21.0510191"></trkpt>
      <trkpt lat="40.0614169" lon="21.0513015"></trkpt>
      <trkpt lat="40.0615149" lon="21.050643"></trkpt>
      <trkpt lat="40.0621998" lon="21.051082"></trkpt>
      <trkpt lat="40.0622809" lon="21.0509352"></trkpt>
      <trkpt lat="40.0624135" lon="21.0509232"></trkpt>
      <trkpt lat="40.0625105" lon="21.0510567"></trkpt>
      <trkpt lat="40.0625937" lon="21.0509316"></trkpt>
      <trkpt lat="40.0627086" lon="21.0511179"></trkpt>
      <trkpt lat="40.0628092" lon="21.0510053"></trkpt>
      <trkpt lat="40.0630693" lon="21.0515402"></trkpt>
      <trkpt lat="40.0631477" lon="21.0514771"></trkpt>
      <trkpt lat="40.0636091" lon="21.0517857"></trkpt>
      <trkpt lat="40.0640992" lon="21.0523325"></trkpt>
      <trkpt lat="40.0646282" lon="21.0525504"></trkpt>
      <trkpt lat="40.0648794" lon="21.0529135"></trkpt>
      <trkpt lat="40.0650952" lon="21.0524983"></trkpt>
      <trkpt lat="40.0654732" lon="21.0532999"></trkpt>
      <trkpt lat="40.0655431" lon="21.05303"></trkpt>
      <trkpt lat="40.0659079" lon="21.0534637"></trkpt>
      <trkpt lat="40.0659467" lon="21.0531301"></trkpt>
      <trkpt lat="40.0661184" lon="21.0532075"></trkpt>
      <trkpt lat="40.0661236" lon="21.0529877"></trkpt>
      <trkpt lat="40.0663757" lon="21.0530485"></trkpt>
      <trkpt lat="40.066398" lon="21.0526468"></trkpt>
      <trkpt lat="40.0664828" lon="21.0526522"></trkpt>
      <trkpt lat="40.066589" lon="21.0524911"></trkpt>
      <trkpt lat="40.0664522" lon="21.0520302"></trkpt>
      <trkpt lat="40.0663027" lon="21.0519703"></trkpt>
      <trkpt lat="40.066061" lon="21.0512661"></trkpt>
      <trkpt lat="40.0660612" lon="21.0507008"></trkpt>
      <trkpt lat="40.0658726" lon="21.0501945"></trkpt>
      <trkpt lat="40.0658012" lon="21.0495822"></trkpt>
      <trkpt lat="40.0660738" lon="21.0491623"></trkpt>
      <trkpt lat="40.0665216" lon="21.0488294"></trkpt>
      <trkpt lat="40.0660749" lon="21.0488081"></trkpt>
      <trkpt lat="40.0658231" lon="21.0485139"></trkpt>
      <trkpt lat="40.0657096" lon="21.0481117"></trkpt>
      <trkpt lat="40.06519" lon="21.04801"></trkpt>
      <trkpt lat="40.0649948" lon="21.0474685"></trkpt>
      <trkpt lat="40.0647182" lon="21.0470667"></trkpt>
      <trkpt lat="40.0651878" lon="21.0466776"></trkpt>
      <trkpt lat="40.0658262" lon="21.0463773"></trkpt>
      <trkpt lat="40.0658295" lon="21.04586"></trkpt>
      <trkpt lat="40.065989" lon="21.0454203"></trkpt>
      <trkpt lat="40.0657954" lon="21.0453573"></trkpt>
      <trkpt lat="40.0658076" lon="21.0447486"></trkpt>
      <trkpt lat="40.0657475" lon="21.0446613"></trkpt>
      <trkpt lat="40.0653399" lon="21.0445267"></trkpt>
      <trkpt lat="40.0653102" lon="21.0443221"></trkpt>
      <trkpt lat="40.0651262" lon="21.0442433"></trkpt>
      <trkpt lat="40.065079" lon="21.044101"></trkpt>
      <trkpt lat="40.0651958" lon="21.0438675"></trkpt>
      <trkpt lat="40.0652091" lon="21.0435097"></trkpt>
      <trkpt lat="40.0650349" lon="21.0425988"></trkpt>
      <trkpt lat="40.0648712" lon="21.0423212"></trkpt>
      <trkpt lat="40.0649108" lon="21.0418331"></trkpt>
      <trkpt lat="40.0648062" lon="21.0413566"></trkpt>
      <trkpt lat="40.0641591" lon="21.040754"></trkpt>
      <trkpt lat="40.0641189" lon="21.0405474"></trkpt>
      <trkpt lat="40.0644318" lon="21.0398273"></trkpt>
      <trkpt lat="40.0643732" lon="21.0391378"></trkpt>
      <trkpt lat="40.0648832" lon="21.0383333"></trkpt>
      <trkpt lat="40.0646964" lon="21.0377334"></trkpt>
      <trkpt lat="40.0647123" lon="21.0374133"></trkpt>
      <trkpt lat="40.0651082" lon="21.036867"></trkpt>
      <trkpt lat="40.0653477" lon="21.0366718"></trkpt>
      <trkpt lat="40.0653106" lon="21.036351"></trkpt>
      <trkpt lat="40.0650388" lon="21.0361364"></trkpt>
      <trkpt lat="40.0649166" lon="21.0358554"></trkpt>
      <trkpt lat="40.0649844" lon="21.0352973"></trkpt>
      <trkpt lat="40.0646989" lon="21.0347288"></trkpt>
      <trkpt lat="40.0647536" lon="21.0342351"></trkpt>
      <trkpt lat="40.0651923" lon="21.0340369"></trkpt>
      <trkpt lat="40.065422" lon="21.0340216"></trkpt>
      <trkpt lat="40.06553" lon="21.0341636"></trkpt>
      <trkpt lat="40.0659134" lon="21.0340331"></trkpt>
      <trkpt lat="40.0660922" lon="21.033793"></trkpt>
      <trkpt lat="40.0662176" lon="21.0338261"></trkpt>
      <trkpt lat="40.0664752" lon="21.0333597"></trkpt>
      <trkpt lat="40.0667926" lon="21.0330152"></trkpt>
      <trkpt lat="40.0666824" lon="21.0326921"></trkpt>
      <trkpt lat="40.0663071" lon="21.0322377"></trkpt>
      <trkpt lat="40.0661275" lon="21.0313087"></trkpt>
      <trkpt lat="40.066187" lon="21.0311452"></trkpt>
      <trkpt lat="40.0661055" lon="21.0310388"></trkpt>
      <trkpt lat="40.0659847" lon="21.0311086"></trkpt>
      <trkpt lat="40.0660341" lon="21.0308971"></trkpt>
      <trkpt lat="40.065833" lon="21.030985"></trkpt>
      <trkpt lat="40.0658342" lon="21.0306916"></trkpt>
      <trkpt lat="40.0657453" lon="21.0306131"></trkpt>
      <trkpt lat="40.0659877" lon="21.0303146"></trkpt>
      <trkpt lat="40.0657571" lon="21.0302791"></trkpt>
      <trkpt lat="40.0658516" lon="21.0301509"></trkpt>
      <trkpt lat="40.0653929" lon="21.0302704"></trkpt>
      <trkpt lat="40.0653033" lon="21.0301461"></trkpt>
      <trkpt lat="40.065811" lon="21.0296211"></trkpt>
      <trkpt lat="40.0662503" lon="21.0294222"></trkpt>
      <trkpt lat="40.0665142" lon="21.029651"></trkpt>
      <trkpt lat="40.066598" lon="21.02959"></trkpt>
      <trkpt lat="40.0668448" lon="21.0296883"></trkpt>
      <trkpt lat="40.0669694" lon="21.0296396"></trkpt>
      <trkpt lat="40.0669056" lon="21.0298442"></trkpt>
      <trkpt lat="40.0670797" lon="21.029878"></trkpt>
      <trkpt lat="40.0672469" lon="21.0301067"></trkpt>
      <trkpt lat="40.0674849" lon="21.0300041"></trkpt>
      <trkpt lat="40.0675397" lon="21.0297989"></trkpt>
      <trkpt lat="40.0674501" lon="21.0294506"></trkpt>
      <trkpt lat="40.0675016" lon="21.0291691"></trkpt>
      <trkpt lat="40.0674308" lon="21.0286493"></trkpt>
      <trkpt lat="40.0675801" lon="21.0283022"></trkpt>
      <trkpt lat="40.0675288" lon="21.0280434"></trkpt>
      <trkpt lat="40.0676751" lon="21.0276703"></trkpt>
      <trkpt lat="40.0676283" lon="21.0274564"></trkpt>
      <trkpt lat="40.0678532" lon="21.0271504"></trkpt>
      <trkpt lat="40.0679757" lon="21.0267611"></trkpt>
      <trkpt lat="40.0683417" lon="21.0265683"></trkpt>
      <trkpt lat="40.0685376" lon="21.0266555"></trkpt>
      <trkpt lat="40.0684683" lon="21.0263925"></trkpt>
      <trkpt lat="40.0683255" lon="21.0264123"></trkpt>
      <trkpt lat="40.0683164" lon="21.0262418"></trkpt>
      <trkpt lat="40.0680554" lon="21.0261245"></trkpt>
      <trkpt lat="40.0679753" lon="21.0256563"></trkpt>
      <trkpt lat="40.0678813" lon="21.0255568"></trkpt>
      <trkpt lat="40.0679382" lon="21.0253254"></trkpt>
      <trkpt lat="40.067877" lon="21.0252414"></trkpt>
      <trkpt lat="40.067792" lon="21.0251972"></trkpt>
      <trkpt lat="40.0675833" lon="21.0252916"></trkpt>
      <trkpt lat="40.0675339" lon="21.0251188"></trkpt>
      <trkpt lat="40.0672068" lon="21.0249308"></trkpt>
      <trkpt lat="40.0670578" lon="21.0246893"></trkpt>
      <trkpt lat="40.0669005" lon="21.0246462"></trkpt>
      <trkpt lat="40.0669805" lon="21.0244889"></trkpt>
      <trkpt lat="40.0665895" lon="21.0243746"></trkpt>
      <trkpt lat="40.0666734" lon="21.0240409"></trkpt>
      <trkpt lat="40.0665539" lon="21.0236454"></trkpt>
      <trkpt lat="40.0667215" lon="21.023468"></trkpt>
      <trkpt lat="40.0665989" lon="21.0232935"></trkpt>
      <trkpt lat="40.0668212" lon="21.0232588"></trkpt>
      <trkpt lat="40.06672" lon="21.022998"></trkpt>
      <trkpt lat="40.0668941" lon="21.0230811"></trkpt>
      <trkpt lat="40.0668393" lon="21.022883"></trkpt>
      <trkpt lat="40.0669167" lon="21.0227824"></trkpt>
      <trkpt lat="40.067112" lon="21.0228654"></trkpt>
      <trkpt lat="40.0674363" lon="21.0227816"></trkpt>
      <trkpt lat="40.0677012" lon="21.0225252"></trkpt>
      <trkpt lat="40.067986" lon="21.0224265"></trkpt>
      <trkpt lat="40.0684912" lon="21.0229743"></trkpt>
      <trkpt lat="40.0689956" lon="21.02328"></trkpt>
      <trkpt lat="40.0692853" lon="21.0232264"></trkpt>
      <trkpt lat="40.0695345" lon="21.0230351"></trkpt>
      <trkpt lat="40.070171" lon="21.0236057"></trkpt>
      <trkpt lat="40.0705328" lon="21.0236435"></trkpt>
      <trkpt lat="40.0707265" lon="21.0237566"></trkpt>
      <trkpt lat="40.0710942" lon="21.0241626"></trkpt>
      <trkpt lat="40.0714803" lon="21.0239539"></trkpt>
      <trkpt lat="40.0717882" lon="21.0249506"></trkpt>
      <trkpt lat="40.0719371" lon="21.0248348"></trkpt>
      <trkpt lat="40.0719391" lon="21.025087"></trkpt>
      <trkpt lat="40.0717768" lon="21.0253233"></trkpt>
      <trkpt lat="40.0717564" lon="21.0256325"></trkpt>
      <trkpt lat="40.0718628" lon="21.025422"></trkpt>
      <trkpt lat="40.0720036" lon="21.0253594"></trkpt>
      <trkpt lat="40.0719802" lon="21.0255862"></trkpt>
      <trkpt lat="40.0721514" lon="21.0258362"></trkpt>
      <trkpt lat="40.0726953" lon="21.0262565"></trkpt>
      <trkpt lat="40.0727963" lon="21.0262497"></trkpt>
      <trkpt lat="40.0727764" lon="21.0264953"></trkpt>
      <trkpt lat="40.0731839" lon="21.0273895"></trkpt>
      <trkpt lat="40.0733272" lon="21.0274238"></trkpt>
      <trkpt lat="40.0738706" lon="21.0281338"></trkpt>
      <trkpt lat="40.0740815" lon="21.0280243"></trkpt>
      <trkpt lat="40.074336" lon="21.0281406"></trkpt>
      <trkpt lat="40.0745965" lon="21.0281088"></trkpt>
      <trkpt lat="40.0744622" lon="21.0269158"></trkpt>
      <trkpt lat="40.0749918" lon="21.0266558"></trkpt>
      <trkpt lat="40.0752966" lon="21.0269045"></trkpt>
      <trkpt lat="40.0754963" lon="21.02666"></trkpt>
      <trkpt lat="40.0754757" lon="21.0264837"></trkpt>
      <trkpt lat="40.0762942" lon="21.0264299"></trkpt>
      <trkpt lat="40.076893" lon="21.0273774"></trkpt>
      <trkpt lat="40.0770395" lon="21.027316"></trkpt>
      <trkpt lat="40.077119" lon="21.0274664"></trkpt>
      <trkpt lat="40.0771906" lon="21.0273943"></trkpt>
      <trkpt lat="40.0772755" lon="21.0274562"></trkpt>
      <trkpt lat="40.0771758" lon="21.0271951"></trkpt>
      <trkpt lat="40.0772671" lon="21.0271658"></trkpt>
      <trkpt lat="40.0781103" lon="21.027613"></trkpt>
      <trkpt lat="40.0781536" lon="21.0278095"></trkpt>
      <trkpt lat="40.0787499" lon="21.0283345"></trkpt>
      <trkpt lat="40.0790128" lon="21.0287599"></trkpt>
      <trkpt lat="40.0792764" lon="21.0289401"></trkpt>
      <trkpt lat="40.0794364" lon="21.029279"></trkpt>
      <trkpt lat="40.0797293" lon="21.0295831"></trkpt>
      <trkpt lat="40.0797848" lon="21.0294745"></trkpt>
      <trkpt lat="40.0796568" lon="21.0292134"></trkpt>
      <trkpt lat="40.0790079" lon="21.0283551"></trkpt>
      <trkpt lat="40.0789983" lon="21.0281655"></trkpt>
      <trkpt lat="40.079143" lon="21.027968"></trkpt>
      <trkpt lat="40.0793954" lon="21.0272197"></trkpt>
      <trkpt lat="40.0799817" lon="21.0266598"></trkpt>
      <trkpt lat="40.080208" lon="21.0262897"></trkpt>
      <trkpt lat="40.0804242" lon="21.0262172"></trkpt>
      <trkpt lat="40.0806304" lon="21.0258264"></trkpt>
      <trkpt lat="40.080501" lon="21.0257734"></trkpt>
      <trkpt lat="40.0806047" lon="21.0255082"></trkpt>
      <trkpt lat="40.0810219" lon="21.0249085"></trkpt>
      <trkpt lat="40.0811286" lon="21.024889"></trkpt>
      <trkpt lat="40.0811984" lon="21.0247549"></trkpt>
      <trkpt lat="40.0815937" lon="21.0247437"></trkpt>
      <trkpt lat="40.0816586" lon="21.024933"></trkpt>
      <trkpt lat="40.0818267" lon="21.0246426"></trkpt>
      <trkpt lat="40.0820607" lon="21.0247816"></trkpt>
      <trkpt lat="40.0823954" lon="21.0247339"></trkpt>
      <trkpt lat="40.0822651" lon="21.0243945"></trkpt>
      <trkpt lat="40.0823847" lon="21.0243368"></trkpt>
      <trkpt lat="40.0824332" lon="21.0241088"></trkpt>
      <trkpt lat="40.0829547" lon="21.0237037"></trkpt>
      <trkpt lat="40.0831416" lon="21.0237704"></trkpt>
      <trkpt lat="40.0835303" lon="21.0247801"></trkpt>
      <trkpt lat="40.0833351" lon="21.026307"></trkpt>
      <trkpt lat="40.0834249" lon="21.0268551"></trkpt>
      <trkpt lat="40.0836525" lon="21.0270933"></trkpt>
      <trkpt lat="40.0840757" lon="21.0269522"></trkpt>
      <trkpt lat="40.0850258" lon="21.0257967"></trkpt>
      <trkpt lat="40.0858751" lon="21.0260182"></trkpt>
      <trkpt lat="40.0862354" lon="21.0257541"></trkpt>
      <trkpt lat="40.0863811" lon="21.0257433"></trkpt>
      <trkpt lat="40.0869914" lon="21.0259854"></trkpt>
      <trkpt lat="40.0879224" lon="21.0255951"></trkpt>
      <trkpt lat="40.0883404" lon="21.0253103"></trkpt>
      <trkpt lat="40.0887378" lon="21.0256096"></trkpt>
      <trkpt lat="40.0893143" lon="21.0263573"></trkpt>
      <trkpt lat="40.0896042" lon="21.0265083"></trkpt>
      <trkpt lat="40.0900527" lon="21.0264625"></trkpt>
      <trkpt lat="40.0904117" lon="21.0257374"></trkpt>
      <trkpt lat="40.0910562" lon="21.0255366"></trkpt>
      <trkpt lat="40.0916339" lon="21.0247309"></trkpt>
      <trkpt lat="40.0915832" lon="21.0232652"></trkpt>
      <trkpt lat="40.0922502" lon="21.0222863"></trkpt>
      <trkpt lat="40.092756" lon="21.0221628"></trkpt>
      <trkpt lat="40.0934978" lon="21.0215388"></trkpt>
      <trkpt lat="40.0942012" lon="21.0212705"></trkpt>
      <trkpt lat="40.0952214" lon="21.0211421"></trkpt>
      <trkpt lat="40.0957234" lon="21.0209236"></trkpt>
      <trkpt lat="40.0958511" lon="21.0195854"></trkpt>
      <trkpt lat="40.0961786" lon="21.018742"></trkpt>
      <trkpt lat="40.0962953" lon="21.0181575"></trkpt>
      <trkpt lat="40.0966176" lon="21.0176923"></trkpt>
      <trkpt lat="40.0968068" lon="21.0177228"></trkpt>
      <trkpt lat="40.0971947" lon="21.0180752"></trkpt>
      <trkpt lat="40.0974439" lon="21.0181347"></trkpt>
      <trkpt lat="40.0976346" lon="21.0180124"></trkpt>
      <trkpt lat="40.097843" lon="21.0175178"></trkpt>
      <trkpt lat="40.0980693" lon="21.0175077"></trkpt>
      <trkpt lat="40.0988518" lon="21.0179931"></trkpt>
      <trkpt lat="40.0993531" lon="21.0180142"></trkpt>
      <trkpt lat="40.0995741" lon="21.0186474"></trkpt>
      <trkpt lat="40.1008351" lon="21.0197557"></trkpt>
      <trkpt lat="40.1011016" lon="21.0198066"></trkpt>
      <trkpt lat="40.1014019" lon="21.019594"></trkpt>
      <trkpt lat="40.101607" lon="21.0196576"></trkpt>
      <trkpt lat="40.1017308" lon="21.0197885"></trkpt>
      <trkpt lat="40.101824" lon="21.0206188"></trkpt>
      <trkpt lat="40.1024106" lon="21.0213992"></trkpt>
      <trkpt lat="40.1024404" lon="21.022046"></trkpt>
      <trkpt lat="40.1026984" lon="21.0226385"></trkpt>
      <trkpt lat="40.1028642" lon="21.0227846"></trkpt>
      <trkpt lat="40.1029705" lon="21.0228123"></trkpt>
      <trkpt lat="40.1031144" lon="21.0227124"></trkpt>
      <trkpt lat="40.1033698" lon="21.0223151"></trkpt>
      <trkpt lat="40.1040657" lon="21.021883"></trkpt>
      <trkpt lat="40.1039682" lon="21.0211592"></trkpt>
      <trkpt lat="40.1043189" lon="21.020311"></trkpt>
      <trkpt lat="40.1043972" lon="21.0196203"></trkpt>
      <trkpt lat="40.1043023" lon="21.0194132"></trkpt>
      <trkpt lat="40.1045203" lon="21.019547"></trkpt>
      <trkpt lat="40.1045986" lon="21.019504"></trkpt>
      <trkpt lat="40.1045249" lon="21.0190186"></trkpt>
      <trkpt lat="40.1048495" lon="21.0170398"></trkpt>
      <trkpt lat="40.10505" lon="21.0166754"></trkpt>
      <trkpt lat="40.1053008" lon="21.0165241"></trkpt>
      <trkpt lat="40.1060027" lon="21.0154254"></trkpt>
      <trkpt lat="40.1063325" lon="21.0153362"></trkpt>
      <trkpt lat="40.1066635" lon="21.0150831"></trkpt>
      <trkpt lat="40.1065727" lon="21.0149458"></trkpt>
      <trkpt lat="40.1061142" lon="21.0147571"></trkpt>
      <trkpt lat="40.1059643" lon="21.014369"></trkpt>
      <trkpt lat="40.1059964" lon="21.0142482"></trkpt>
      <trkpt lat="40.1062239" lon="21.01385"></trkpt>
      <trkpt lat="40.1066552" lon="21.0133615"></trkpt>
      <trkpt lat="40.1070099" lon="21.0125289"></trkpt>
      <trkpt lat="40.1073824" lon="21.012048"></trkpt>
      <trkpt lat="40.1074148" lon="21.0115211"></trkpt>
      <trkpt lat="40.1078715" lon="21.0102713"></trkpt>
      <trkpt lat="40.107889" lon="21.0092606"></trkpt>
      <trkpt lat="40.1084921" lon="21.0083673"></trkpt>
      <trkpt lat="40.1080746" lon="21.0077739"></trkpt>
      <trkpt lat="40.1079411" lon="21.0072828"></trkpt>
      <trkpt lat="40.1078075" lon="21.0072826"></trkpt>
      <trkpt lat="40.1076027" lon="21.0068009"></trkpt>
      <trkpt lat="40.1074853" lon="21.0068118"></trkpt>
      <trkpt lat="40.1074206" lon="21.0065822"></trkpt>
      <trkpt lat="40.1073324" lon="21.0066886"></trkpt>
      <trkpt lat="40.1071801" lon="21.0064179"></trkpt>
      <trkpt lat="40.1070025" lon="21.0062985"></trkpt>
      <trkpt lat="40.1069047" lon="21.006057"></trkpt>
      <trkpt lat="40.1068414" lon="21.0060002"></trkpt>
      <trkpt lat="40.1063278" lon="21.0064796"></trkpt>
      <trkpt lat="40.1060668" lon="21.0065538"></trkpt>
      <trkpt lat="40.1059585" lon="21.0061644"></trkpt>
      <trkpt lat="40.1058039" lon="21.0059492"></trkpt>
      <trkpt lat="40.1051273" lon="21.0053171"></trkpt>
      <trkpt lat="40.1046576" lon="21.0046785"></trkpt>
      <trkpt lat="40.1044006" lon="21.0045432"></trkpt>
      <trkpt lat="40.1037586" lon="21.0039552"></trkpt>
      <trkpt lat="40.1038962" lon="21.0036536"></trkpt>
      <trkpt lat="40.1039694" lon="21.0031614"></trkpt>
      <trkpt lat="40.1038491" lon="21.0023847"></trkpt>
      <trkpt lat="40.103913" lon="21.0021582"></trkpt>
      <trkpt lat="40.1037889" lon="21.0018316"></trkpt>
      <trkpt lat="40.1040262" lon="21.0015036"></trkpt>
      <trkpt lat="40.1045293" lon="21.0012454"></trkpt>
      <trkpt lat="40.1043286" lon="21.0005639"></trkpt>
      <trkpt lat="40.1043975" lon="20.9997763"></trkpt>
      <trkpt lat="40.1043385" lon="20.9996247"></trkpt>
      <trkpt lat="40.1041052" lon="20.9996116"></trkpt>
      <trkpt lat="40.1039351" lon="20.9994098"></trkpt>
      <trkpt lat="40.1041282" lon="20.9991736"></trkpt>
      <trkpt lat="40.1040184" lon="20.9990737"></trkpt>
      <trkpt lat="40.103858" lon="20.9984033"></trkpt>
      <trkpt lat="40.1037108" lon="20.9959607"></trkpt>
      <trkpt lat="40.1038338" lon="20.995185"></trkpt>
      <trkpt lat="40.1047174" lon="20.9931852"></trkpt>
      <trkpt lat="40.1045287" lon="20.9925096"></trkpt>
      <trkpt lat="40.1051529" lon="20.9901736"></trkpt>
      <trkpt lat="40.1053589" lon="20.9898244"></trkpt>
      <trkpt lat="40.1053791" lon="20.9895922"></trkpt>
      <trkpt lat="40.1051361" lon="20.9895797"></trkpt>
      <trkpt lat="40.1051327" lon="20.9895206"></trkpt>
      <trkpt lat="40.1054905" lon="20.9887138"></trkpt>
      <trkpt lat="40.1054404" lon="20.9878351"></trkpt>
      <trkpt lat="40.105659" lon="20.9878021"></trkpt>
      <trkpt lat="40.1055709" lon="20.9875245"></trkpt>
      <trkpt lat="40.1056844" lon="20.9873791"></trkpt>
      <trkpt lat="40.1057165" lon="20.9868085"></trkpt>
      <trkpt lat="40.1059549" lon="20.9861706"></trkpt>
      <trkpt lat="40.1061095" lon="20.9834076"></trkpt>
      <trkpt lat="40.1062344" lon="20.9825913"></trkpt>
      <trkpt lat="40.1066157" lon="20.9815722"></trkpt>
      <trkpt lat="40.1066515" lon="20.9803146"></trkpt>
      <trkpt lat="40.1069119" lon="20.9795619"></trkpt>
      <trkpt lat="40.1069751" lon="20.9786645"></trkpt>
      <trkpt lat="40.1071709" lon="20.9785405"></trkpt>
      <trkpt lat="40.1078535" lon="20.9777349"></trkpt>
      <trkpt lat="40.1079692" lon="20.9773372"></trkpt>
      <trkpt lat="40.1079505" lon="20.9761194"></trkpt>
      <trkpt lat="40.1082332" lon="20.9756976"></trkpt>
      <trkpt lat="40.1083277" lon="20.9753697"></trkpt>
      <trkpt lat="40.1087233" lon="20.9749777"></trkpt>
      <trkpt lat="40.1089705" lon="20.9734806"></trkpt>
      <trkpt lat="40.1086178" lon="20.9727871"></trkpt>
      <trkpt lat="40.108198" lon="20.9726984"></trkpt>
      <trkpt lat="40.107831" lon="20.9723659"></trkpt>
      <trkpt lat="40.1078399" lon="20.97157"></trkpt>
      <trkpt lat="40.1080195" lon="20.9712104"></trkpt>
      <trkpt lat="40.1079414" lon="20.9709899"></trkpt>
      <trkpt lat="40.1076894" lon="20.9709201"></trkpt>
      <trkpt lat="40.1070583" lon="20.9710771"></trkpt>
      <trkpt lat="40.106522" lon="20.9708127"></trkpt>
      <trkpt lat="40.1058891" lon="20.9709388"></trkpt>
      <trkpt lat="40.1056978" lon="20.9706777"></trkpt>
      <trkpt lat="40.1055607" lon="20.9696156"></trkpt>
      <trkpt lat="40.1053774" lon="20.9692642"></trkpt>
      <trkpt lat="40.1051369" lon="20.96888"></trkpt>
      <trkpt lat="40.1046174" lon="20.9685329"></trkpt>
      <trkpt lat="40.1044412" lon="20.9684662"></trkpt>
      <trkpt lat="40.1041047" lon="20.9685244"></trkpt>
      <trkpt lat="40.1037307" lon="20.9682513"></trkpt>
      <trkpt lat="40.1034529" lon="20.9681681"></trkpt>
      <trkpt lat="40.1024136" lon="20.9682203"></trkpt>
      <trkpt lat="40.1020292" lon="20.9684925"></trkpt>
      <trkpt lat="40.1015877" lon="20.9690558"></trkpt>
      <trkpt lat="40.1014357" lon="20.9689268"></trkpt>
      <trkpt lat="40.1011315" lon="20.9683724"></trkpt>
      <trkpt lat="40.1005799" lon="20.9686036"></trkpt>
      <trkpt lat="40.1007057" lon="20.9684708"></trkpt>
      <trkpt lat="40.1006292" lon="20.9683536"></trkpt>
      <trkpt lat="40.1008269" lon="20.9679894"></trkpt>
      <trkpt lat="40.1006282" lon="20.9678991"></trkpt>
      <trkpt lat="40.1007847" lon="20.9676129"></trkpt>
      <trkpt lat="40.1006532" lon="20.9676038"></trkpt>
      <trkpt lat="40.1005451" lon="20.9672874"></trkpt>
      <trkpt lat="40.1001511" lon="20.966913"></trkpt>
      <trkpt lat="40.1005014" lon="20.9668127"></trkpt>
      <trkpt lat="40.1004897" lon="20.9666517"></trkpt>
      <trkpt lat="40.1007959" lon="20.9663875"></trkpt>
      <trkpt lat="40.1003315" lon="20.9661857"></trkpt>
      <trkpt lat="40.1005496" lon="20.9658919"></trkpt>
      <trkpt lat="40.1003655" lon="20.9656416"></trkpt>
      <trkpt lat="40.1003193" lon="20.9650165"></trkpt>
      <trkpt lat="40.1001159" lon="20.9644046"></trkpt>
      <trkpt lat="40.1003613" lon="20.9642951"></trkpt>
      <trkpt lat="40.1003912" lon="20.964206"></trkpt>
      <trkpt lat="40.0999113" lon="20.962933"></trkpt>
      <trkpt lat="40.1000158" lon="20.9623229"></trkpt>
      <trkpt lat="40.0998758" lon="20.9592166"></trkpt>
      <trkpt lat="40.0999826" lon="20.9573565"></trkpt>
      <trkpt lat="40.0995796" lon="20.9561635"></trkpt>
      <trkpt lat="40.0988471" lon="20.9546501"></trkpt>
      <trkpt lat="40.09887" lon="20.9542905"></trkpt>
      <trkpt lat="40.0990159" lon="20.9540655"></trkpt>
      <trkpt lat="40.0986966" lon="20.9537616"></trkpt>
      <trkpt lat="40.0985056" lon="20.9532899"></trkpt>
      <trkpt lat="40.0984183" lon="20.9533213"></trkpt>
      <trkpt lat="40.098365" lon="20.9532178"></trkpt>
      <trkpt lat="40.0985654" lon="20.9526148"></trkpt>
      <trkpt lat="40.0985059" lon="20.9524951"></trkpt>
      <trkpt lat="40.0986397" lon="20.9522666"></trkpt>
      <trkpt lat="40.0985229" lon="20.9518839"></trkpt>
      <trkpt lat="40.0985657" lon="20.9515272"></trkpt>
      <trkpt lat="40.0976706" lon="20.9514196"></trkpt>
      <trkpt lat="40.0954771" lon="20.9497524"></trkpt>
      <trkpt lat="40.0943019" lon="20.9491767"></trkpt>
      <trkpt lat="40.093937" lon="20.9492477"></trkpt>
      <trkpt lat="40.0936515" lon="20.9491945"></trkpt>
      <trkpt lat="40.092593" lon="20.9502952"></trkpt>
      <trkpt lat="40.0925096" lon="20.9500891"></trkpt>
      <trkpt lat="40.0922859" lon="20.9499673"></trkpt>
      <trkpt lat="40.0920537" lon="20.950242"></trkpt>
      <trkpt lat="40.091537" lon="20.9499321"></trkpt>
      <trkpt lat="40.0908275" lon="20.9501814"></trkpt>
      <trkpt lat="40.0902285" lon="20.9498553"></trkpt>
      <trkpt lat="40.0900599" lon="20.9497277"></trkpt>
      <trkpt lat="40.0900321" lon="20.9496047"></trkpt>
      <trkpt lat="40.0897395" lon="20.9496"></trkpt>
      <trkpt lat="40.0889166" lon="20.9490961"></trkpt>
      <trkpt lat="40.0878685" lon="20.9490151"></trkpt>
      <trkpt lat="40.0876107" lon="20.9489123"></trkpt>
      <trkpt lat="40.0871522" lon="20.9484763"></trkpt>
      <trkpt lat="40.0863696" lon="20.9471338"></trkpt>
      <trkpt lat="40.0862845" lon="20.9468861"></trkpt>
      <trkpt lat="40.0863296" lon="20.9463308"></trkpt>
      <trkpt lat="40.0858003" lon="20.9455774"></trkpt>
      <trkpt lat="40.0857295" lon="20.9450344"></trkpt>
      <trkpt lat="40.0854998" lon="20.9442972"></trkpt>
      <trkpt lat="40.0858471" lon="20.943516"></trkpt>
      <trkpt lat="40.0856523" lon="20.9433425"></trkpt>
      <trkpt lat="40.0857456" lon="20.9422064"></trkpt>
      <trkpt lat="40.0858998" lon="20.9412182"></trkpt>
      <trkpt lat="40.0861279" lon="20.9406232"></trkpt>
      <trkpt lat="40.0861696" lon="20.9399043"></trkpt>
      <trkpt lat="40.0858398" lon="20.9392528"></trkpt>
      <trkpt lat="40.0855798" lon="20.9390834"></trkpt>
      <trkpt lat="40.0855951" lon="20.9384344"></trkpt>
      <trkpt lat="40.0854879" lon="20.9380242"></trkpt>
      <trkpt lat="40.0852512" lon="20.9380262"></trkpt>
      <trkpt lat="40.0851361" lon="20.9381271"></trkpt>
      <trkpt lat="40.0851898" lon="20.9379212"></trkpt>
      <trkpt lat="40.085051" lon="20.9375431"></trkpt>
      <trkpt lat="40.0851869" lon="20.9371071"></trkpt>
      <trkpt lat="40.0852879" lon="20.9359965"></trkpt>
      <trkpt lat="40.085497" lon="20.9353158"></trkpt>
      <trkpt lat="40.0852481" lon="20.93489"></trkpt>
      <trkpt lat="40.0852708" lon="20.9346855"></trkpt>
      <trkpt lat="40.0849499" lon="20.9342246"></trkpt>
      <trkpt lat="40.0854576" lon="20.9328543"></trkpt>
      <trkpt lat="40.0853825" lon="20.93284"></trkpt>
      <trkpt lat="40.0854304" lon="20.9317504"></trkpt>
      <trkpt lat="40.0845802" lon="20.9313431"></trkpt>
      <trkpt lat="40.0843465" lon="20.9308416"></trkpt>
      <trkpt lat="40.0838191" lon="20.9304315"></trkpt>
      <trkpt lat="40.0835734" lon="20.9295814"></trkpt>
      <trkpt lat="40.0833976" lon="20.9292794"></trkpt>
      <trkpt lat="40.0827989" lon="20.9287865"></trkpt>
      <trkpt lat="40.0826417" lon="20.9284619"></trkpt>
      <trkpt lat="40.0828171" lon="20.9283557"></trkpt>
      <trkpt lat="40.0832059" lon="20.9275746"></trkpt>
      <trkpt lat="40.0839513" lon="20.9280158"></trkpt>
      <trkpt lat="40.0839769" lon="20.9269566"></trkpt>
      <trkpt lat="40.0845358" lon="20.9273966"></trkpt>
      <trkpt lat="40.0845279" lon="20.9265437"></trkpt>
      <trkpt lat="40.0851366" lon="20.9273829"></trkpt>
      <trkpt lat="40.0854163" lon="20.9266501"></trkpt>
      <trkpt lat="40.0855872" lon="20.9266635"></trkpt>
      <trkpt lat="40.085815" lon="20.9270715"></trkpt>
      <trkpt lat="40.086185" lon="20.9266393"></trkpt>
      <trkpt lat="40.0864075" lon="20.9254128"></trkpt>
      <trkpt lat="40.0867616" lon="20.9246795"></trkpt>
      <trkpt lat="40.0871212" lon="20.9256645"></trkpt>
      <trkpt lat="40.0875181" lon="20.9263385"></trkpt>
      <trkpt lat="40.087776" lon="20.924771"></trkpt>
      <trkpt lat="40.0882599" lon="20.924201"></trkpt>
      <trkpt lat="40.0883602" lon="20.9249967"></trkpt>
      <trkpt lat="40.0885597" lon="20.9246678"></trkpt>
      <trkpt lat="40.0887265" lon="20.9245833"></trkpt>
      <trkpt lat="40.0889764" lon="20.9249956"></trkpt>
      <trkpt lat="40.0889386" lon="20.9251246"></trkpt>
      <trkpt lat="40.0887629" lon="20.9247848"></trkpt>
      <trkpt lat="40.0886803" lon="20.9247683"></trkpt>
      <trkpt lat="40.0887914" lon="20.9245352"></trkpt>
      <trkpt lat="40.0893221" lon="20.9247391"></trkpt>
      <trkpt lat="40.0893087" lon="20.9245457"></trkpt>
      <trkpt lat="40.0894737" lon="20.92455"></trkpt>
      <trkpt lat="40.0903002" lon="20.9247983"></trkpt>
      <trkpt lat="40.0906284" lon="20.9240681"></trkpt>
      <trkpt lat="40.090917" lon="20.9237979"></trkpt>
      <trkpt lat="40.0906732" lon="20.9235997"></trkpt>
      <trkpt lat="40.0906725" lon="20.9231864"></trkpt>
      <trkpt lat="40.0916416" lon="20.9226878"></trkpt>
      <trkpt lat="40.0920294" lon="20.9223825"></trkpt>
      <trkpt lat="40.091943" lon="20.9216077"></trkpt>
      <trkpt lat="40.091781" lon="20.9212182"></trkpt>
      <trkpt lat="40.0906831" lon="20.9203821"></trkpt>
      <trkpt lat="40.09045" lon="20.9195114"></trkpt>
      <trkpt lat="40.0905021" lon="20.9191232"></trkpt>
      <trkpt lat="40.0904038" lon="20.9187197"></trkpt>
      <trkpt lat="40.0898286" lon="20.9180636"></trkpt>
      <trkpt lat="40.089741" lon="20.917853"></trkpt>
      <trkpt lat="40.0899212" lon="20.917493"></trkpt>
      <trkpt lat="40.0898286" lon="20.917296"></trkpt>
      <trkpt lat="40.0900837" lon="20.9168544"></trkpt>
      <trkpt lat="40.0899809" lon="20.9168731"></trkpt>
      <trkpt lat="40.0896755" lon="20.9164173"></trkpt>
      <trkpt lat="40.0894524" lon="20.9162794"></trkpt>
      <trkpt lat="40.0893535" lon="20.9159796"></trkpt>
      <trkpt lat="40.0893456" lon="20.9154202"></trkpt>
      <trkpt lat="40.0895187" lon="20.9150845"></trkpt>
      <trkpt lat="40.0896977" lon="20.9149605"></trkpt>
      <trkpt lat="40.0897262" lon="20.914726"></trkpt>
      <trkpt lat="40.0900177" lon="20.9143418"></trkpt>
      <trkpt lat="40.0899134" lon="20.9138573"></trkpt>
      <trkpt lat="40.0901222" lon="20.9129962"></trkpt>
      <trkpt lat="40.0900963" lon="20.9124836"></trkpt>
      <trkpt lat="40.0899086" lon="20.9124654"></trkpt>
      <trkpt lat="40.0897778" lon="20.9121099"></trkpt>
      <trkpt lat="40.0897744" lon="20.9123374"></trkpt>
      <trkpt lat="40.0888216" lon="20.913077"></trkpt>
      <trkpt lat="40.0883675" lon="20.9127851"></trkpt>
      <trkpt lat="40.088071" lon="20.9128221"></trkpt>
      <trkpt lat="40.0878852" lon="20.9129889"></trkpt>
      <trkpt lat="40.0871742" lon="20.9128679"></trkpt>
      <trkpt lat="40.086481" lon="20.9126242"></trkpt>
      <trkpt lat="40.0854509" lon="20.9125551"></trkpt>
      <trkpt lat="40.0850976" lon="20.9123675"></trkpt>
      <trkpt lat="40.0847067" lon="20.9126897"></trkpt>
      <trkpt lat="40.0844502" lon="20.9126165"></trkpt>
      <trkpt lat="40.0843439" lon="20.9124795"></trkpt>
      <trkpt lat="40.0840523" lon="20.9126655"></trkpt>
      <trkpt lat="40.0837573" lon="20.9126122"></trkpt>
      <trkpt lat="40.0832418" lon="20.9127075"></trkpt>
      <trkpt lat="40.0823324" lon="20.9120345"></trkpt>
      <trkpt lat="40.0821218" lon="20.9119233"></trkpt>
      <trkpt lat="40.081947" lon="20.9119464"></trkpt>
      <trkpt lat="40.0818424" lon="20.9117316"></trkpt>
      <trkpt lat="40.0816228" lon="20.9116516"></trkpt>
      <trkpt lat="40.0813507" lon="20.911332"></trkpt>
      <trkpt lat="40.0811778" lon="20.9112808"></trkpt>
      <trkpt lat="40.0799351" lon="20.9117282"></trkpt>
      <trkpt lat="40.079254" lon="20.9116401"></trkpt>
      <trkpt lat="40.0789403" lon="20.9114603"></trkpt>
      <trkpt lat="40.0788707" lon="20.9116556"></trkpt>
      <trkpt lat="40.078624" lon="20.9119053"></trkpt>
      <trkpt lat="40.0784686" lon="20.9119007"></trkpt>
      <trkpt lat="40.0783492" lon="20.9120816"></trkpt>
      <trkpt lat="40.078335" lon="20.9123077"></trkpt>
      <trkpt lat="40.0780421" lon="20.9125854"></trkpt>
      <trkpt lat="40.0777901" lon="20.9125718"></trkpt>
      <trkpt lat="40.0773783" lon="20.9127501"></trkpt>
      <trkpt lat="40.0770756" lon="20.912806"></trkpt>
      <trkpt lat="40.0765297" lon="20.9126914"></trkpt>
      <trkpt lat="40.0763467" lon="20.912881"></trkpt>
      <trkpt lat="40.0761832" lon="20.9127878"></trkpt>
      <trkpt lat="40.0759428" lon="20.912858"></trkpt>
      <trkpt lat="40.0758721" lon="20.9126293"></trkpt>
      <trkpt lat="40.0759488" lon="20.9123473"></trkpt>
      <trkpt lat="40.0758296" lon="20.9122938"></trkpt>
      <trkpt lat="40.0755117" lon="20.9125744"></trkpt>
      <trkpt lat="40.0747672" lon="20.9128502"></trkpt>
      <trkpt lat="40.0742794" lon="20.9129055"></trkpt>
      <trkpt lat="40.0739635" lon="20.912729"></trkpt>
      <trkpt lat="40.073836" lon="20.9128586"></trkpt>
      <trkpt lat="40.0735443" lon="20.9126744"></trkpt>
      <trkpt lat="40.0731349" lon="20.9126669"></trkpt>
      <trkpt lat="40.0729937" lon="20.9124999"></trkpt>
      <trkpt lat="40.0727161" lon="20.9124422"></trkpt>
      <trkpt lat="40.0725615" lon="20.912294"></trkpt>
      <trkpt lat="40.0723231" lon="20.9123417"></trkpt>
      <trkpt lat="40.0718459" lon="20.9119345"></trkpt>
      <trkpt lat="40.0715171" lon="20.911152"></trkpt>
      <trkpt lat="40.0710578" lon="20.9108235"></trkpt>
      <trkpt lat="40.0702201" lon="20.9112014"></trkpt>
      <trkpt lat="40.0700054" lon="20.9112105"></trkpt>
      <trkpt lat="40.0697233" lon="20.9110932"></trkpt>
      <trkpt lat="40.0691874" lon="20.9106725"></trkpt>
      <trkpt lat="40.0690261" lon="20.9106624"></trkpt>
      <trkpt lat="40.0688798" lon="20.9104547"></trkpt>
      <trkpt lat="40.0686428" lon="20.9106397"></trkpt>
      <trkpt lat="40.0685705" lon="20.9104072"></trkpt>
      <trkpt lat="40.0686513" lon="20.9092165"></trkpt>
      <trkpt lat="40.0685461" lon="20.9088402"></trkpt>
      <trkpt lat="40.0687153" lon="20.9079928"></trkpt>
      <trkpt lat="40.0686217" lon="20.9078599"></trkpt>
      <trkpt lat="40.0684234" lon="20.9078038"></trkpt>
      <trkpt lat="40.0682553" lon="20.9079165"></trkpt>
      <trkpt lat="40.0679972" lon="20.9079234"></trkpt>
      <trkpt lat="40.0672296" lon="20.9077871"></trkpt>
      <trkpt lat="40.066972" lon="20.9075824"></trkpt>
      <trkpt lat="40.0666766" lon="20.9075371"></trkpt>
      <trkpt lat="40.06608" lon="20.9079719"></trkpt>
      <trkpt lat="40.0659112" lon="20.907841"></trkpt>
      <trkpt lat="40.0656316" lon="20.9079533"></trkpt>
      <trkpt lat="40.065674" lon="20.9081262"></trkpt>
      <trkpt lat="40.0653584" lon="20.9081447"></trkpt>
      <trkpt lat="40.065079" lon="20.9085966"></trkpt>
      <trkpt lat="40.0648978" lon="20.9084183"></trkpt>
      <trkpt lat="40.0646651" lon="20.9086828"></trkpt>
      <trkpt lat="40.0641494" lon="20.9088949"></trkpt>
      <trkpt lat="40.0632937" lon="20.9085544"></trkpt>
      <trkpt lat="40.0632212" lon="20.9083993"></trkpt>
      <trkpt lat="40.063037" lon="20.9083778"></trkpt>
      <trkpt lat="40.0627484" lon="20.9086468"></trkpt>
      <trkpt lat="40.0626398" lon="20.9085574"></trkpt>
      <trkpt lat="40.062547" lon="20.9085912"></trkpt>
      <trkpt lat="40.0622853" lon="20.9083067"></trkpt>
      <trkpt lat="40.0621589" lon="20.9083776"></trkpt>
      <trkpt lat="40.0619355" lon="20.9080492"></trkpt>
      <trkpt lat="40.061724" lon="20.9081962"></trkpt>
      <trkpt lat="40.0607533" lon="20.9075468"></trkpt>
      <trkpt lat="40.0608047" lon="20.9076602"></trkpt>
      <trkpt lat="40.0607292" lon="20.907805"></trkpt>
      <trkpt lat="40.0606514" lon="20.9076607"></trkpt>
      <trkpt lat="40.0604139" lon="20.9076451"></trkpt>
      <trkpt lat="40.0601388" lon="20.9081057"></trkpt>
      <trkpt lat="40.0598364" lon="20.9080355"></trkpt>
      <trkpt lat="40.0596121" lon="20.9075912"></trkpt>
      <trkpt lat="40.0596383" lon="20.9074162"></trkpt>
      <trkpt lat="40.0594318" lon="20.9068556"></trkpt>
      <trkpt lat="40.058772" lon="20.9060285"></trkpt>
      <trkpt lat="40.058375" lon="20.9057439"></trkpt>
      <trkpt lat="40.0580256" lon="20.9051819"></trkpt>
      <trkpt lat="40.0574996" lon="20.9047832"></trkpt>
      <trkpt lat="40.057505" lon="20.9045614"></trkpt>
      <trkpt lat="40.0573129" lon="20.9044166"></trkpt>
      <trkpt lat="40.0570777" lon="20.9044665"></trkpt>
      <trkpt lat="40.0566827" lon="20.904951"></trkpt>
      <trkpt lat="40.0563884" lon="20.9050936"></trkpt>
      <trkpt lat="40.0559412" lon="20.9049422"></trkpt>
      <trkpt lat="40.0554133" lon="20.9049358"></trkpt>
      <trkpt lat="40.0549346" lon="20.9047041"></trkpt>
      <trkpt lat="40.0547778" lon="20.9047058"></trkpt>
      <trkpt lat="40.054567" lon="20.9044777"></trkpt>
      <trkpt lat="40.0539387" lon="20.9049794"></trkpt>
      <trkpt lat="40.0536987" lon="20.9049434"></trkpt>
      <trkpt lat="40.0532802" lon="20.9051346"></trkpt>
      <trkpt lat="40.0524105" lon="20.9049876"></trkpt>
      <trkpt lat="40.0519396" lon="20.9050913"></trkpt>
      <trkpt lat="40.0517447" lon="20.904798"></trkpt>
      <trkpt lat="40.051818" lon="20.9044823"></trkpt>
      <trkpt lat="40.0517318" lon="20.9044583"></trkpt>
      <trkpt lat="40.0514374" lon="20.9046837"></trkpt>
      <trkpt lat="40.0509035" lon="20.9046874"></trkpt>
      <trkpt lat="40.0505139" lon="20.9050138"></trkpt>
      <trkpt lat="40.0497939" lon="20.9049788"></trkpt>
      <trkpt lat="40.0494594" lon="20.9051701"></trkpt>
      <trkpt lat="40.0491768" lon="20.9051666"></trkpt>
      <trkpt lat="40.0484895" lon="20.9055165"></trkpt>
      <trkpt lat="40.047996" lon="20.9059944"></trkpt>
      <trkpt lat="40.0479269" lon="20.9061832"></trkpt>
      <trkpt lat="40.0477256" lon="20.9059419"></trkpt>
      <trkpt lat="40.047248" lon="20.9061353"></trkpt>
      <trkpt lat="40.0470832" lon="20.9063536"></trkpt>
      <trkpt lat="40.0469343" lon="20.9061882"></trkpt>
      <trkpt lat="40.0467944" lon="20.9061906"></trkpt>
      <trkpt lat="40.0465511" lon="20.9066157"></trkpt>
      <trkpt lat="40.0464022" lon="20.9072241"></trkpt>
      <trkpt lat="40.0460929" lon="20.907234"></trkpt>
      <trkpt lat="40.0458517" lon="20.9074488"></trkpt>
      <trkpt lat="40.0456342" lon="20.9072547"></trkpt>
      <trkpt lat="40.0456792" lon="20.9069532"></trkpt>
      <trkpt lat="40.04559" lon="20.9069402"></trkpt>
      <trkpt lat="40.0455455" lon="20.9067684"></trkpt>
      <trkpt lat="40.0452782" lon="20.9066242"></trkpt>
      <trkpt lat="40.0448005" lon="20.9065964"></trkpt>
      <trkpt lat="40.0445997" lon="20.9068379"></trkpt>
      <trkpt lat="40.0447378" lon="20.9075571"></trkpt>
      <trkpt lat="40.0446003" lon="20.9075374"></trkpt>
      <trkpt lat="40.0444785" lon="20.9076471"></trkpt>
      <trkpt lat="40.0442175" lon="20.9074582"></trkpt>
      <trkpt lat="40.043877" lon="20.9074159"></trkpt>
      <trkpt lat="40.0439201" lon="20.9080874"></trkpt>
      <trkpt lat="40.0438298" lon="20.9080588"></trkpt>
      <trkpt lat="40.0435642" lon="20.9082324"></trkpt>
      <trkpt lat="40.0431474" lon="20.908254"></trkpt>
      <trkpt lat="40.0431643" lon="20.908613"></trkpt>
      <trkpt lat="40.0429232" lon="20.908751"></trkpt>
      <trkpt lat="40.0427155" lon="20.9085984"></trkpt>
      <trkpt lat="40.0425236" lon="20.9088335"></trkpt>
      <trkpt lat="40.0422755" lon="20.9084399"></trkpt>
      <trkpt lat="40.0419297" lon="20.9084185"></trkpt>
      <trkpt lat="40.0421311" lon="20.9083437"></trkpt>
      <trkpt lat="40.0418048" lon="20.9084659"></trkpt>
    </trkseg>
  </trk>
</gpx>