<?xml version="1.0" encoding="UTF-8"?>
<gpx version="1.1" creator="lesgrandsraidsaski.com" xmlns="http://www.topografix.com/GPX/1/1">
  <metadata>
    <desc>Trace simplifiée pour affichage web (RDP epsilon=8m) — dérivée de data/gpx-sources/kosovo-montagnes-sar-2025.original.gpx, jamais utilisée pour les calculs de distance/dénivelé.</desc>
  </metadata>
  <trk>
    <name>Kosovo — traversée des montagnes de Šar</name>
    <trkseg>
      <trkpt lat="41.720756" lon="20.4473357"><ele>1348.0</ele><time>2025-02-07T09:03:56Z</time></trkpt>
      <trkpt lat="41.7206678" lon="20.4478978"><ele>1349.4</ele><time>2025-02-07T09:07:54Z</time></trkpt>
      <trkpt lat="41.7203484" lon="20.4481989"><ele>1355.2</ele><time>2025-02-07T09:08:35Z</time></trkpt>
      <trkpt lat="41.7197941" lon="20.4483829"><ele>1360.4</ele><time>2025-02-07T09:09:45Z</time></trkpt>
      <trkpt lat="41.7195703" lon="20.4481264"><ele>1361.4</ele><time>2025-02-07T09:10:52Z</time></trkpt>
      <trkpt lat="41.7192279" lon="20.4483372"><ele>1366.6</ele><time>2025-02-07T09:11:35Z</time></trkpt>
      <trkpt lat="41.7194236" lon="20.4485523"><ele>1369.6</ele><time>2025-02-07T09:12:06Z</time></trkpt>
      <trkpt lat="41.719442" lon="20.4488585"><ele>1372.5</ele><time>2025-02-07T09:12:36Z</time></trkpt>
      <trkpt lat="41.7191825" lon="20.4490813"><ele>1383.7</ele><time>2025-02-07T09:13:18Z</time></trkpt>
      <trkpt lat="41.7192017" lon="20.4493953"><ele>1392.1</ele><time>2025-02-07T09:14:01Z</time></trkpt>
      <trkpt lat="41.7187751" lon="20.4495383"><ele>1401.7</ele><time>2025-02-07T09:15:05Z</time></trkpt>
      <trkpt lat="41.7183946" lon="20.4499853"><ele>1418.0</ele><time>2025-02-07T09:16:51Z</time></trkpt>
      <trkpt lat="41.7177722" lon="20.4501755"><ele>1436.7</ele><time>2025-02-07T09:18:20Z</time></trkpt>
      <trkpt lat="41.7177608" lon="20.4506291"><ele>1445.4</ele><time>2025-02-07T09:19:52Z</time></trkpt>
      <trkpt lat="41.7179328" lon="20.4509177"><ele>1457.8</ele><time>2025-02-07T09:20:38Z</time></trkpt>
      <trkpt lat="41.7180637" lon="20.451821"><ele>1471.2</ele><time>2025-02-07T09:22:08Z</time></trkpt>
      <trkpt lat="41.7173758" lon="20.4522047"><ele>1486.7</ele><time>2025-02-07T09:24:02Z</time></trkpt>
      <trkpt lat="41.7167008" lon="20.4528582"><ele>1509.7</ele><time>2025-02-07T09:26:04Z</time></trkpt>
      <trkpt lat="41.7174761" lon="20.453092"><ele>1526.5</ele><time>2025-02-07T09:27:55Z</time></trkpt>
      <trkpt lat="41.7182621" lon="20.4537641"><ele>1545.1</ele><time>2025-02-07T09:30:04Z</time></trkpt>
      <trkpt lat="41.7186273" lon="20.454937"><ele>1565.5</ele><time>2025-02-07T09:32:11Z</time></trkpt>
      <trkpt lat="41.7192457" lon="20.4559238"><ele>1586.8</ele><time>2025-02-07T09:34:18Z</time></trkpt>
      <trkpt lat="41.7195224" lon="20.4566437"><ele>1598.4</ele><time>2025-02-07T09:52:32Z</time></trkpt>
      <trkpt lat="41.7195477" lon="20.4574194"><ele>1610.2</ele><time>2025-02-07T09:54:00Z</time></trkpt>
      <trkpt lat="41.7197682" lon="20.4584313"><ele>1620.7</ele><time>2025-02-07T09:55:50Z</time></trkpt>
      <trkpt lat="41.7200174" lon="20.4586737"><ele>1626.0</ele><time>2025-02-07T09:56:26Z</time></trkpt>
      <trkpt lat="41.7203387" lon="20.4595199"><ele>1629.5</ele><time>2025-02-07T09:57:43Z</time></trkpt>
      <trkpt lat="41.7203177" lon="20.4607598"><ele>1640.5</ele><time>2025-02-07T09:59:21Z</time></trkpt>
      <trkpt lat="41.7204099" lon="20.4611319"><ele>1640.5</ele><time>2025-02-07T09:59:51Z</time></trkpt>
      <trkpt lat="41.7210362" lon="20.462473"><ele>1664.0</ele><time>2025-02-07T10:02:23Z</time></trkpt>
      <trkpt lat="41.7215511" lon="20.4631713"><ele>1680.1</ele><time>2025-02-07T10:03:58Z</time></trkpt>
      <trkpt lat="41.7214586" lon="20.4633158"><ele>1685.1</ele><time>2025-02-07T10:04:19Z</time></trkpt>
      <trkpt lat="41.7220374" lon="20.4637247"><ele>1707.8</ele><time>2025-02-07T10:06:16Z</time></trkpt>
      <trkpt lat="41.7216505" lon="20.4640395"><ele>1723.6</ele><time>2025-02-07T10:07:34Z</time></trkpt>
      <trkpt lat="41.7217089" lon="20.4641229"><ele>1725.5</ele><time>2025-02-07T10:07:49Z</time></trkpt>
      <trkpt lat="41.7215849" lon="20.4642445"><ele>1729.0</ele><time>2025-02-07T10:08:14Z</time></trkpt>
      <trkpt lat="41.7218692" lon="20.4644545"><ele>1733.8</ele><time>2025-02-07T10:09:00Z</time></trkpt>
      <trkpt lat="41.7217576" lon="20.4646167"><ele>1743.3</ele><time>2025-02-07T10:10:32Z</time></trkpt>
      <trkpt lat="41.722549" lon="20.4658432"><ele>1748.3</ele><time>2025-02-07T10:13:41Z</time></trkpt>
      <trkpt lat="41.7224686" lon="20.4662886"><ele>1744.9</ele><time>2025-02-07T10:14:22Z</time></trkpt>
      <trkpt lat="41.7225254" lon="20.467263"><ele>1758.8</ele><time>2025-02-07T10:16:07Z</time></trkpt>
      <trkpt lat="41.7226382" lon="20.4674817"><ele>1762.7</ele><time>2025-02-07T10:16:37Z</time></trkpt>
      <trkpt lat="41.7229406" lon="20.4677136"><ele>1769.9</ele><time>2025-02-07T10:17:28Z</time></trkpt>
      <trkpt lat="41.7244807" lon="20.4681152"><ele>1807.6</ele><time>2025-02-07T10:21:12Z</time></trkpt>
      <trkpt lat="41.7244515" lon="20.4682342"><ele>1812.7</ele><time>2025-02-07T10:21:42Z</time></trkpt>
      <trkpt lat="41.7248271" lon="20.4684655"><ele>1820.4</ele><time>2025-02-07T10:23:46Z</time></trkpt>
      <trkpt lat="41.7259552" lon="20.4700545"><ele>1831.4</ele><time>2025-02-07T10:27:09Z</time></trkpt>
      <trkpt lat="41.7268461" lon="20.4708461"><ele>1848.3</ele><time>2025-02-07T10:29:29Z</time></trkpt>
      <trkpt lat="41.7270662" lon="20.4719993"><ele>1873.3</ele><time>2025-02-07T10:32:04Z</time></trkpt>
      <trkpt lat="41.7283206" lon="20.4736747"><ele>1917.5</ele><time>2025-02-07T10:37:18Z</time></trkpt>
      <trkpt lat="41.7286681" lon="20.4747982"><ele>1953.3</ele><time>2025-02-07T10:39:57Z</time></trkpt>
      <trkpt lat="41.7296001" lon="20.4760754"><ele>1992.0</ele><time>2025-02-07T10:43:38Z</time></trkpt>
      <trkpt lat="41.7307996" lon="20.4804521"><ele>2035.5</ele><time>2025-02-07T11:07:43Z</time></trkpt>
      <trkpt lat="41.7315672" lon="20.4824747"><ele>2064.4</ele><time>2025-02-07T11:11:21Z</time></trkpt>
      <trkpt lat="41.7319132" lon="20.4840278"><ele>2083.8</ele><time>2025-02-07T11:13:49Z</time></trkpt>
      <trkpt lat="41.7320332" lon="20.4854224"><ele>2103.9</ele><time>2025-02-07T11:16:05Z</time></trkpt>
      <trkpt lat="41.7322206" lon="20.4855605"><ele>2111.9</ele><time>2025-02-07T11:16:37Z</time></trkpt>
      <trkpt lat="41.7323354" lon="20.4863011"><ele>2123.0</ele><time>2025-02-07T11:18:07Z</time></trkpt>
      <trkpt lat="41.7329283" lon="20.487333"><ele>2142.0</ele><time>2025-02-07T11:20:24Z</time></trkpt>
      <trkpt lat="41.7325032" lon="20.4877892"><ele>2156.1</ele><time>2025-02-07T11:22:24Z</time></trkpt>
      <trkpt lat="41.733009" lon="20.4883331"><ele>2175.0</ele><time>2025-02-07T11:24:27Z</time></trkpt>
      <trkpt lat="41.732729" lon="20.4884758"><ele>2183.6</ele><time>2025-02-07T11:25:13Z</time></trkpt>
      <trkpt lat="41.7324098" lon="20.4889527"><ele>2200.7</ele><time>2025-02-07T11:26:55Z</time></trkpt>
      <trkpt lat="41.7321642" lon="20.4895024"><ele>2214.5</ele><time>2025-02-07T11:28:36Z</time></trkpt>
      <trkpt lat="41.7322221" lon="20.4896316"><ele>2219.9</ele><time>2025-02-07T11:29:17Z</time></trkpt>
      <trkpt lat="41.7320668" lon="20.489773"><ele>2220.7</ele><time>2025-02-07T11:29:48Z</time></trkpt>
      <trkpt lat="41.7321945" lon="20.4899174"><ele>2231.9</ele><time>2025-02-07T11:30:25Z</time></trkpt>
      <trkpt lat="41.7316937" lon="20.4905393"><ele>2249.1</ele><time>2025-02-07T11:32:51Z</time></trkpt>
      <trkpt lat="41.7316784" lon="20.4907165"><ele>2254.2</ele><time>2025-02-07T11:33:16Z</time></trkpt>
      <trkpt lat="41.7318366" lon="20.4908709"><ele>2259.3</ele><time>2025-02-07T11:33:56Z</time></trkpt>
      <trkpt lat="41.7315346" lon="20.4910758"><ele>2274.7</ele><time>2025-02-07T11:35:28Z</time></trkpt>
      <trkpt lat="41.7316219" lon="20.4914064"><ele>2277.0</ele><time>2025-02-07T11:36:55Z</time></trkpt>
      <trkpt lat="41.7311713" lon="20.4918287"><ele>2290.1</ele><time>2025-02-07T11:38:52Z</time></trkpt>
      <trkpt lat="41.7313563" lon="20.4920804"><ele>2300.2</ele><time>2025-02-07T11:40:09Z</time></trkpt>
      <trkpt lat="41.7311222" lon="20.4922019"><ele>2302.8</ele><time>2025-02-07T11:40:59Z</time></trkpt>
      <trkpt lat="41.7310379" lon="20.4926047"><ele>2319.2</ele><time>2025-02-07T11:42:15Z</time></trkpt>
      <trkpt lat="41.7314721" lon="20.4926903"><ele>2330.3</ele><time>2025-02-07T11:44:04Z</time></trkpt>
      <trkpt lat="41.7309839" lon="20.4936844"><ele>2344.6</ele><time>2025-02-07T11:49:07Z</time></trkpt>
      <trkpt lat="41.7306374" lon="20.4952197"><ele>2323.6</ele><time>2025-02-07T11:58:20Z</time></trkpt>
      <trkpt lat="41.7308572" lon="20.4963802"><ele>2320.1</ele><time>2025-02-07T12:00:19Z</time></trkpt>
      <trkpt lat="41.7308188" lon="20.4970344"><ele>2325.4</ele><time>2025-02-07T12:01:17Z</time></trkpt>
      <trkpt lat="41.7312382" lon="20.4984746"><ele>2298.6</ele><time>2025-02-07T12:09:15Z</time></trkpt>
      <trkpt lat="41.7309339" lon="20.4980366"><ele>2299.3</ele><time>2025-02-07T12:10:21Z</time></trkpt>
      <trkpt lat="41.7310018" lon="20.498715"><ele>2312.6</ele><time>2025-02-07T12:12:03Z</time></trkpt>
      <trkpt lat="41.7305977" lon="20.4993446"><ele>2329.8</ele><time>2025-02-07T12:14:36Z</time></trkpt>
      <trkpt lat="41.7308203" lon="20.4993971"><ele>2335.0</ele><time>2025-02-07T12:15:23Z</time></trkpt>
      <trkpt lat="41.7308101" lon="20.4992078"><ele>2334.8</ele><time>2025-02-07T12:17:37Z</time></trkpt>
      <trkpt lat="41.730822" lon="20.4995558"><ele>2334.3</ele><time>2025-02-07T12:30:08Z</time></trkpt>
      <trkpt lat="41.7299987" lon="20.5010803"><ele>2304.4</ele><time>2025-02-07T12:30:23Z</time></trkpt>
      <trkpt lat="41.7296285" lon="20.5025091"><ele>2290.3</ele><time>2025-02-07T12:30:33Z</time></trkpt>
      <trkpt lat="41.7292668" lon="20.5028539"><ele>2275.1</ele><time>2025-02-07T12:31:14Z</time></trkpt>
      <trkpt lat="41.7288142" lon="20.5028308"><ele>2268.0</ele><time>2025-02-07T12:31:19Z</time></trkpt>
      <trkpt lat="41.7285561" lon="20.5033215"><ele>2254.0</ele><time>2025-02-07T12:31:24Z</time></trkpt>
      <trkpt lat="41.728417" lon="20.5045029"><ele>2243.7</ele><time>2025-02-07T12:31:34Z</time></trkpt>
      <trkpt lat="41.7277389" lon="20.5059113"><ele>2216.1</ele><time>2025-02-07T12:31:54Z</time></trkpt>
      <trkpt lat="41.7273182" lon="20.5075473"><ele>2192.2</ele><time>2025-02-07T12:33:37Z</time></trkpt>
      <trkpt lat="41.727255" lon="20.5084842"><ele>2184.8</ele><time>2025-02-07T12:33:53Z</time></trkpt>
      <trkpt lat="41.7269185" lon="20.5090708"><ele>2175.0</ele><time>2025-02-07T12:33:58Z</time></trkpt>
      <trkpt lat="41.7273304" lon="20.5094279"><ele>2156.5</ele><time>2025-02-07T12:34:03Z</time></trkpt>
      <trkpt lat="41.7271854" lon="20.5093831"><ele>2134.6</ele><time>2025-02-07T12:34:39Z</time></trkpt>
      <trkpt lat="41.7277101" lon="20.5091439"><ele>2125.2</ele><time>2025-02-07T12:35:16Z</time></trkpt>
      <trkpt lat="41.7285318" lon="20.5095117"><ele>2123.8</ele><time>2025-02-07T12:35:46Z</time></trkpt>
      <trkpt lat="41.729427" lon="20.5103692"><ele>2115.1</ele><time>2025-02-07T12:36:11Z</time></trkpt>
      <trkpt lat="41.7308379" lon="20.5105545"><ele>2098.9</ele><time>2025-02-07T12:37:59Z</time></trkpt>
      <trkpt lat="41.7317599" lon="20.5104822"><ele>2087.5</ele><time>2025-02-07T12:38:10Z</time></trkpt>
      <trkpt lat="41.7332294" lon="20.5099282"><ele>2065.1</ele><time>2025-02-07T12:38:31Z</time></trkpt>
      <trkpt lat="41.7339941" lon="20.5098641"><ele>2059.3</ele><time>2025-02-07T12:38:41Z</time></trkpt>
      <trkpt lat="41.7344307" lon="20.5095066"><ele>2067.1</ele><time>2025-02-07T12:41:30Z</time></trkpt>
      <trkpt lat="41.7347241" lon="20.5096806"><ele>2064.9</ele><time>2025-02-07T12:41:45Z</time></trkpt>
      <trkpt lat="41.7349221" lon="20.5101538"><ele>2068.3</ele><time>2025-02-07T12:42:25Z</time></trkpt>
      <trkpt lat="41.7352023" lon="20.5103097"><ele>2069.3</ele><time>2025-02-07T12:42:41Z</time></trkpt>
      <trkpt lat="41.7354784" lon="20.5107564"><ele>2063.1</ele><time>2025-02-07T12:43:02Z</time></trkpt>
      <trkpt lat="41.7369033" lon="20.5115071"><ele>2043.9</ele><time>2025-02-07T12:43:22Z</time></trkpt>
      <trkpt lat="41.7386315" lon="20.5108071"><ele>2026.8</ele><time>2025-02-07T12:44:02Z</time></trkpt>
      <trkpt lat="41.7399107" lon="20.5114675"><ele>2017.3</ele><time>2025-02-07T12:49:00Z</time></trkpt>
      <trkpt lat="41.7412146" lon="20.511515"><ele>2004.8</ele><time>2025-02-07T12:49:26Z</time></trkpt>
      <trkpt lat="41.7426512" lon="20.5114044"><ele>1991.8</ele><time>2025-02-07T12:49:51Z</time></trkpt>
      <trkpt lat="41.7436153" lon="20.5109931"><ele>1985.0</ele><time>2025-02-07T12:50:11Z</time></trkpt>
      <trkpt lat="41.7445774" lon="20.5108046"><ele>1979.2</ele><time>2025-02-07T12:50:31Z</time></trkpt>
      <trkpt lat="41.744724" lon="20.5109594"><ele>1979.8</ele><time>2025-02-07T12:50:36Z</time></trkpt>
      <trkpt lat="41.7447962" lon="20.5116097"><ele>1979.2</ele><time>2025-02-07T12:50:51Z</time></trkpt>
      <trkpt lat="41.7456164" lon="20.5117375"><ele>1975.1</ele><time>2025-02-07T12:51:11Z</time></trkpt>
      <trkpt lat="41.7460228" lon="20.5116938"><ele>1974.0</ele><time>2025-02-07T12:51:21Z</time></trkpt>
      <trkpt lat="41.7473029" lon="20.5111317"><ele>1965.3</ele><time>2025-02-07T12:51:53Z</time></trkpt>
      <trkpt lat="41.7482693" lon="20.5112274"><ele>1960.6</ele><time>2025-02-07T12:52:14Z</time></trkpt>
      <trkpt lat="41.7487374" lon="20.5111204"><ele>1955.2</ele><time>2025-02-07T12:52:24Z</time></trkpt>
      <trkpt lat="41.7494918" lon="20.5104563"><ele>1949.5</ele><time>2025-02-07T12:52:39Z</time></trkpt>
      <trkpt lat="41.7499734" lon="20.509827"><ele>1943.2</ele><time>2025-02-07T12:52:54Z</time></trkpt>
      <trkpt lat="41.7512818" lon="20.5091672"><ele>1932.8</ele><time>2025-02-07T12:53:24Z</time></trkpt>
      <trkpt lat="41.7518124" lon="20.5080898"><ele>1921.8</ele><time>2025-02-07T12:53:34Z</time></trkpt>
      <trkpt lat="41.7521632" lon="20.507832"><ele>1915.1</ele><time>2025-02-07T12:53:39Z</time></trkpt>
      <trkpt lat="41.7538434" lon="20.5073636"><ele>1905.4</ele><time>2025-02-07T12:54:14Z</time></trkpt>
      <trkpt lat="41.7548808" lon="20.5064562"><ele>1893.6</ele><time>2025-02-07T12:54:35Z</time></trkpt>
      <trkpt lat="41.756926" lon="20.5059422"><ele>1887.4</ele><time>2025-02-07T13:35:52Z</time></trkpt>
      <trkpt lat="41.7571646" lon="20.5055307"><ele>1882.0</ele><time>2025-02-07T13:36:07Z</time></trkpt>
      <trkpt lat="41.75838" lon="20.5043623"><ele>1875.1</ele><time>2025-02-07T13:37:04Z</time></trkpt>
      <trkpt lat="41.759021" lon="20.5045816"><ele>1870.8</ele><time>2025-02-07T13:37:31Z</time></trkpt>
      <trkpt lat="41.7600881" lon="20.5039603"><ele>1852.6</ele><time>2025-02-07T13:37:41Z</time></trkpt>
      <trkpt lat="41.7609212" lon="20.5032113"><ele>1849.1</ele><time>2025-02-07T13:37:51Z</time></trkpt>
      <trkpt lat="41.7611133" lon="20.502881"><ele>1846.4</ele><time>2025-02-07T13:37:56Z</time></trkpt>
      <trkpt lat="41.7614846" lon="20.5012447"><ele>1843.7</ele><time>2025-02-07T13:38:48Z</time></trkpt>
      <trkpt lat="41.7628849" lon="20.5002648"><ele>1835.6</ele><time>2025-02-07T13:39:38Z</time></trkpt>
      <trkpt lat="41.7634446" lon="20.4992497"><ele>1816.6</ele><time>2025-02-07T13:39:48Z</time></trkpt>
      <trkpt lat="41.7641908" lon="20.4985722"><ele>1807.8</ele><time>2025-02-07T13:39:58Z</time></trkpt>
      <trkpt lat="41.7649163" lon="20.4971852"><ele>1798.8</ele><time>2025-02-07T13:40:18Z</time></trkpt>
      <trkpt lat="41.7655051" lon="20.4963781"><ele>1805.2</ele><time>2025-02-07T13:43:49Z</time></trkpt>
      <trkpt lat="41.7655836" lon="20.497344"><ele>1801.9</ele><time>2025-02-07T13:45:14Z</time></trkpt>
      <trkpt lat="41.7653069" lon="20.4988696"><ele>1823.2</ele><time>2025-02-07T13:56:10Z</time></trkpt>
      <trkpt lat="41.7654906" lon="20.49935"><ele>1831.9</ele><time>2025-02-07T13:57:52Z</time></trkpt>
      <trkpt lat="41.7657847" lon="20.4993532"><ele>1838.3</ele><time>2025-02-07T13:58:54Z</time></trkpt>
      <trkpt lat="41.7658606" lon="20.4995043"><ele>1846.4</ele><time>2025-02-07T13:59:25Z</time></trkpt>
      <trkpt lat="41.7657431" lon="20.4996628"><ele>1853.5</ele><time>2025-02-07T14:00:00Z</time></trkpt>
      <trkpt lat="41.7659444" lon="20.49984"><ele>1855.3</ele><time>2025-02-07T14:00:40Z</time></trkpt>
      <trkpt lat="41.7656519" lon="20.4999901"><ele>1864.9</ele><time>2025-02-07T14:01:40Z</time></trkpt>
      <trkpt lat="41.7658143" lon="20.5001353"><ele>1868.2</ele><time>2025-02-07T14:02:21Z</time></trkpt>
      <trkpt lat="41.765527" lon="20.5002187"><ele>1879.1</ele><time>2025-02-07T14:03:12Z</time></trkpt>
      <trkpt lat="41.7651952" lon="20.5009457"><ele>1906.9</ele><time>2025-02-07T14:07:38Z</time></trkpt>
      <trkpt lat="41.7648502" lon="20.5013083"><ele>1921.8</ele><time>2025-02-07T14:09:15Z</time></trkpt>
      <trkpt lat="41.7650083" lon="20.501458"><ele>1927.2</ele><time>2025-02-07T14:09:51Z</time></trkpt>
      <trkpt lat="41.7646303" lon="20.5018784"><ele>1946.4</ele><time>2025-02-07T14:11:42Z</time></trkpt>
      <trkpt lat="41.7642136" lon="20.5030365"><ele>1969.1</ele><time>2025-02-07T14:14:49Z</time></trkpt>
      <trkpt lat="41.7640046" lon="20.5032763"><ele>1978.4</ele><time>2025-02-07T14:15:42Z</time></trkpt>
      <trkpt lat="41.7640989" lon="20.5037916"><ele>1988.9</ele><time>2025-02-07T14:16:57Z</time></trkpt>
      <trkpt lat="41.7640099" lon="20.5040158"><ele>1996.1</ele><time>2025-02-07T14:17:34Z</time></trkpt>
      <trkpt lat="41.7641125" lon="20.5040712"><ele>1998.2</ele><time>2025-02-07T14:17:56Z</time></trkpt>
      <trkpt lat="41.764027" lon="20.5043095"><ele>2003.5</ele><time>2025-02-07T14:18:33Z</time></trkpt>
      <trkpt lat="41.7636506" lon="20.5046098"><ele>2013.1</ele><time>2025-02-07T14:30:48Z</time></trkpt>
      <trkpt lat="41.763568" lon="20.5050499"><ele>2019.7</ele><time>2025-02-07T14:31:55Z</time></trkpt>
      <trkpt lat="41.7629494" lon="20.5060564"><ele>2047.7</ele><time>2025-02-07T14:35:05Z</time></trkpt>
      <trkpt lat="41.7630784" lon="20.5061192"><ele>2052.6</ele><time>2025-02-07T14:35:35Z</time></trkpt>
      <trkpt lat="41.7629532" lon="20.5064057"><ele>2058.0</ele><time>2025-02-07T14:36:17Z</time></trkpt>
      <trkpt lat="41.7632131" lon="20.5064321"><ele>2063.2</ele><time>2025-02-07T14:37:03Z</time></trkpt>
      <trkpt lat="41.7630508" lon="20.5069386"><ele>2073.7</ele><time>2025-02-07T14:38:53Z</time></trkpt>
      <trkpt lat="41.7630825" lon="20.5078085"><ele>2090.9</ele><time>2025-02-07T14:51:10Z</time></trkpt>
      <trkpt lat="41.7636744" lon="20.5088815"><ele>2080.8</ele><time>2025-02-07T14:51:26Z</time></trkpt>
      <trkpt lat="41.764591" lon="20.509128"><ele>2064.9</ele><time>2025-02-07T14:51:42Z</time></trkpt>
      <trkpt lat="41.7655512" lon="20.5099386"><ele>2036.5</ele><time>2025-02-07T14:51:53Z</time></trkpt>
      <trkpt lat="41.7660523" lon="20.5098183"><ele>2029.6</ele><time>2025-02-07T14:51:58Z</time></trkpt>
      <trkpt lat="41.7664428" lon="20.5094133"><ele>2025.0</ele><time>2025-02-07T14:52:04Z</time></trkpt>
      <trkpt lat="41.7673435" lon="20.509319"><ele>2007.1</ele><time>2025-02-07T14:52:14Z</time></trkpt>
      <trkpt lat="41.7679277" lon="20.5088399"><ele>1987.8</ele><time>2025-02-07T14:54:30Z</time></trkpt>
      <trkpt lat="41.7689083" lon="20.5085724"><ele>1969.5</ele><time>2025-02-07T14:54:41Z</time></trkpt>
      <trkpt lat="41.7704307" lon="20.5085345"><ele>1915.9</ele><time>2025-02-07T14:54:56Z</time></trkpt>
      <trkpt lat="41.7709465" lon="20.5095372"><ele>1890.6</ele><time>2025-02-07T14:55:06Z</time></trkpt>
      <trkpt lat="41.7721618" lon="20.5089365"><ele>1881.9</ele><time>2025-02-07T14:55:32Z</time></trkpt>
      <trkpt lat="41.7731651" lon="20.5075739"><ele>1871.1</ele><time>2025-02-07T14:56:36Z</time></trkpt>
      <trkpt lat="41.7740072" lon="20.5071606"><ele>1864.4</ele><time>2025-02-07T14:56:52Z</time></trkpt>
      <trkpt lat="41.7744726" lon="20.5065838"><ele>1855.8</ele><time>2025-02-07T14:57:02Z</time></trkpt>
      <trkpt lat="41.7758847" lon="20.5059495"><ele>1844.8</ele><time>2025-02-07T14:57:33Z</time></trkpt>
      <trkpt lat="41.7768849" lon="20.505293"><ele>1835.1</ele><time>2025-02-07T14:57:49Z</time></trkpt>
      <trkpt lat="41.7782472" lon="20.5041119"><ele>1826.6</ele><time>2025-02-07T14:58:26Z</time></trkpt>
      <trkpt lat="41.7806214" lon="20.5025041"><ele>1806.7</ele><time>2025-02-07T14:59:19Z</time></trkpt>
      <trkpt lat="41.7813653" lon="20.5016735"><ele>1799.0</ele><time>2025-02-07T15:01:19Z</time></trkpt>
      <trkpt lat="41.7830727" lon="20.5008775"><ele>1787.3</ele><time>2025-02-07T15:02:26Z</time></trkpt>
      <trkpt lat="41.7835702" lon="20.5008348"><ele>1783.6</ele><time>2025-02-07T15:02:36Z</time></trkpt>
      <trkpt lat="41.7840099" lon="20.500386"><ele>1778.4</ele><time>2025-02-07T15:02:47Z</time></trkpt>
      <trkpt lat="41.7850246" lon="20.5001701"><ele>1770.4</ele><time>2025-02-07T15:03:59Z</time></trkpt>
      <trkpt lat="41.7856255" lon="20.4998512"><ele>1755.5</ele><time>2025-02-07T15:05:22Z</time></trkpt>
      <trkpt lat="41.7864965" lon="20.4992534"><ele>1749.6</ele><time>2025-02-07T15:06:13Z</time></trkpt>
      <trkpt lat="41.7869234" lon="20.4987135"><ele>1743.3</ele><time>2025-02-07T15:07:04Z</time></trkpt>
      <trkpt lat="41.78763" lon="20.4983309"><ele>1736.7</ele><time>2025-02-07T15:07:56Z</time></trkpt>
      <trkpt lat="41.7879062" lon="20.4983542"><ele>1734.2</ele><time>2025-02-07T15:08:01Z</time></trkpt>
      <trkpt lat="41.7887532" lon="20.4988863"><ele>1726.6</ele><time>2025-02-07T15:08:22Z</time></trkpt>
      <trkpt lat="41.7889118" lon="20.4987584"><ele>1721.5</ele><time>2025-02-07T15:08:27Z</time></trkpt>
      <trkpt lat="41.7892492" lon="20.4988492"><ele>1718.4</ele><time>2025-02-07T15:08:32Z</time></trkpt>
      <trkpt lat="41.7897888" lon="20.4984322"><ele>1709.8</ele><time>2025-02-07T15:14:49Z</time></trkpt>
      <trkpt lat="41.7903727" lon="20.4983225"><ele>1715.1</ele><time>2025-02-07T15:16:09Z</time></trkpt>
      <trkpt lat="41.7908686" lon="20.4979209"><ele>1714.6</ele><time>2025-02-07T15:16:35Z</time></trkpt>
      <trkpt lat="41.7912104" lon="20.4979147"><ele>1715.6</ele><time>2025-02-07T15:16:51Z</time></trkpt>
      <trkpt lat="41.7917779" lon="20.496661"><ele>1722.6</ele><time>2025-02-07T15:18:38Z</time></trkpt>
      <trkpt lat="41.7920671" lon="20.4963703"><ele>1720.8</ele><time>2025-02-07T15:19:10Z</time></trkpt>
      <trkpt lat="41.7937168" lon="20.4965528"><ele>1699.6</ele><time>2025-02-07T15:20:14Z</time></trkpt>
      <trkpt lat="41.7952999" lon="20.4963704"><ele>1686.7</ele><time>2025-02-07T15:23:16Z</time></trkpt>
      <trkpt lat="41.795935" lon="20.4965108"><ele>1682.4</ele><time>2025-02-07T15:23:57Z</time></trkpt>
      <trkpt lat="41.7961706" lon="20.4967607"><ele>1678.8</ele><time>2025-02-07T15:24:08Z</time></trkpt>
      <trkpt lat="41.7967265" lon="20.4969812"><ele>1677.5</ele><time>2025-02-07T15:24:55Z</time></trkpt>
      <trkpt lat="41.7974577" lon="20.4962409"><ele>1664.7</ele><time>2025-02-07T15:25:53Z</time></trkpt>
      <trkpt lat="41.7974301" lon="20.495951"><ele>1658.0</ele><time>2025-02-07T15:26:48Z</time></trkpt>
      <trkpt lat="41.7976396" lon="20.4955863"><ele>1647.5</ele><time>2025-02-07T15:27:44Z</time></trkpt>
      <trkpt lat="41.7982354" lon="20.49523"><ele>1631.0</ele><time>2025-02-07T15:28:47Z</time></trkpt>
      <trkpt lat="41.7987133" lon="20.4942867"><ele>1608.1</ele><time>2025-02-07T15:29:43Z</time></trkpt>
      <trkpt lat="41.8001147" lon="20.4939684"><ele>1592.6</ele><time>2025-02-07T15:30:30Z</time></trkpt>
      <trkpt lat="41.8004527" lon="20.4932709"><ele>1591.1</ele><time>2025-02-07T15:32:16Z</time></trkpt>
      <trkpt lat="41.8017228" lon="20.4927018"><ele>1587.6</ele><time>2025-02-07T15:34:03Z</time></trkpt>
      <trkpt lat="41.8024241" lon="20.492874"><ele>1583.2</ele><time>2025-02-07T15:36:04Z</time></trkpt>
      <trkpt lat="41.8027848" lon="20.4928248"><ele>1576.2</ele><time>2025-02-07T15:36:14Z</time></trkpt>
      <trkpt lat="41.8027664" lon="20.4926415"><ele>1573.4</ele><time>2025-02-07T15:36:29Z</time></trkpt>
      <trkpt lat="41.8038774" lon="20.4926855"><ele>1550.8</ele><time>2025-02-07T15:38:59Z</time></trkpt>
      <trkpt lat="41.8041346" lon="20.4922902"><ele>1545.8</ele><time>2025-02-07T15:39:09Z</time></trkpt>
      <trkpt lat="41.80498" lon="20.4918086"><ele>1534.6</ele><time>2025-02-07T15:40:32Z</time></trkpt>
      <trkpt lat="41.8067904" lon="20.4913837"><ele>1500.1</ele><time>2025-02-07T16:01:30Z</time></trkpt>
      <trkpt lat="41.8073718" lon="20.4909996"><ele>1487.6</ele><time>2025-02-07T16:02:40Z</time></trkpt>
      <trkpt lat="41.8083066" lon="20.4899105"><ele>1459.1</ele><time>2025-02-07T16:04:42Z</time></trkpt>
      <trkpt lat="41.8084796" lon="20.4890896"><ele>1441.1</ele><time>2025-02-07T16:05:54Z</time></trkpt>
      <trkpt lat="41.808451" lon="20.4886496"><ele>1433.0</ele><time>2025-02-07T16:06:40Z</time></trkpt>
      <trkpt lat="41.808913" lon="20.4883048"><ele>1420.3</ele><time>2025-02-07T16:07:25Z</time></trkpt>
      <trkpt lat="41.8092162" lon="20.4883478"><ele>1409.8</ele><time>2025-02-07T16:07:56Z</time></trkpt>
      <trkpt lat="41.8101234" lon="20.4871118"><ele>1373.5</ele><time>2025-02-07T16:10:04Z</time></trkpt>
      <trkpt lat="41.8110191" lon="20.4863934"><ele>1356.3</ele><time>2025-02-07T16:11:45Z</time></trkpt>
      <trkpt lat="41.8111843" lon="20.4860145"><ele>1348.7</ele><time>2025-02-07T16:12:53Z</time></trkpt>
      <trkpt lat="41.8116905" lon="20.4855479"><ele>1329.4</ele><time>2025-02-07T16:13:54Z</time></trkpt>
      <trkpt lat="41.8122474" lon="20.4834113"><ele>1267.9</ele><time>2025-02-07T16:17:37Z</time></trkpt>
      <trkpt lat="41.8124335" lon="20.4834823"><ele>1261.9</ele><time>2025-02-07T16:18:02Z</time></trkpt>
      <trkpt lat="41.8127228" lon="20.4829403"><ele>1259.5</ele><time>2025-02-07T16:18:54Z</time></trkpt>
      <trkpt lat="41.813026" lon="20.4831198"><ele>1250.5</ele><time>2025-02-07T16:20:23Z</time></trkpt>
      <trkpt lat="41.8131793" lon="20.4829724"><ele>1243.3</ele><time>2025-02-07T16:20:53Z</time></trkpt>
      <trkpt lat="41.8130986" lon="20.4835219"><ele>1246.0</ele><time>2025-02-07T16:21:35Z</time></trkpt>
      <trkpt lat="41.8132518" lon="20.4839232"><ele>1247.3</ele><time>2025-02-07T16:22:11Z</time></trkpt>
      <trkpt lat="41.8133506" lon="20.4863513"><ele>1250.9</ele><time>2025-02-07T16:25:10Z</time></trkpt>
      <trkpt lat="41.8138383" lon="20.4886532"><ele>1257.1</ele><time>2025-02-07T16:27:51Z</time></trkpt>
      <trkpt lat="41.8140282" lon="20.4887933"><ele>1263.9</ele><time>2025-02-07T16:28:13Z</time></trkpt>
      <trkpt lat="41.8142054" lon="20.4887036"><ele>1263.4</ele><time>2025-02-07T16:28:29Z</time></trkpt>
      <trkpt lat="41.8143698" lon="20.4883787"><ele>1263.6</ele><time>2025-02-07T16:28:54Z</time></trkpt>
      <trkpt lat="41.8143403" lon="20.4880638"><ele>1262.6</ele><time>2025-02-07T16:29:19Z</time></trkpt>
      <trkpt lat="41.8145022" lon="20.4881019"><ele>1253.4</ele><time>2025-02-07T16:31:30Z</time></trkpt>
      <trkpt lat="41.8145022" lon="20.4881019"><ele>1253.4</ele><time>2025-02-07T16:31:30Z</time></trkpt>
      <trkpt lat="41.8143585" lon="20.4881412"><ele>1270.1</ele><time>2025-02-08T07:30:59Z</time></trkpt>
      <trkpt lat="41.8143203" lon="20.4885231"><ele>1269.0</ele><time>2025-02-08T07:33:41Z</time></trkpt>
      <trkpt lat="41.8139249" lon="20.4891547"><ele>1275.1</ele><time>2025-02-08T07:34:47Z</time></trkpt>
      <trkpt lat="41.8135662" lon="20.4905705"><ele>1292.5</ele><time>2025-02-08T07:37:53Z</time></trkpt>
      <trkpt lat="41.8132527" lon="20.4906772"><ele>1295.1</ele><time>2025-02-08T07:38:39Z</time></trkpt>
      <trkpt lat="41.8130324" lon="20.4912746"><ele>1316.8</ele><time>2025-02-08T07:40:35Z</time></trkpt>
      <trkpt lat="41.8128456" lon="20.4912734"><ele>1321.8</ele><time>2025-02-08T07:41:15Z</time></trkpt>
      <trkpt lat="41.8126285" lon="20.4928269"><ele>1347.8</ele><time>2025-02-08T07:44:11Z</time></trkpt>
      <trkpt lat="41.8122688" lon="20.4935575"><ele>1361.7</ele><time>2025-02-08T07:45:42Z</time></trkpt>
      <trkpt lat="41.8124182" lon="20.4936994"><ele>1369.1</ele><time>2025-02-08T07:46:35Z</time></trkpt>
      <trkpt lat="41.8120057" lon="20.4958084"><ele>1417.6</ele><time>2025-02-08T07:51:43Z</time></trkpt>
      <trkpt lat="41.8120463" lon="20.4966875"><ele>1441.8</ele><time>2025-02-08T07:53:49Z</time></trkpt>
      <trkpt lat="41.8118961" lon="20.4974549"><ele>1453.6</ele><time>2025-02-08T07:55:32Z</time></trkpt>
      <trkpt lat="41.8116846" lon="20.4976229"><ele>1454.5</ele><time>2025-02-08T07:56:03Z</time></trkpt>
      <trkpt lat="41.8111516" lon="20.4987352"><ele>1460.8</ele><time>2025-02-08T07:57:39Z</time></trkpt>
      <trkpt lat="41.8107219" lon="20.4989521"><ele>1470.4</ele><time>2025-02-08T07:58:39Z</time></trkpt>
      <trkpt lat="41.8106697" lon="20.4992018"><ele>1473.6</ele><time>2025-02-08T07:59:10Z</time></trkpt>
      <trkpt lat="41.8108158" lon="20.4996806"><ele>1484.4</ele><time>2025-02-08T08:00:07Z</time></trkpt>
      <trkpt lat="41.8099408" lon="20.5015652"><ele>1512.6</ele><time>2025-02-08T08:17:55Z</time></trkpt>
      <trkpt lat="41.8097365" lon="20.502378"><ele>1522.7</ele><time>2025-02-08T08:19:31Z</time></trkpt>
      <trkpt lat="41.8099343" lon="20.5024058"><ele>1528.4</ele><time>2025-02-08T08:20:07Z</time></trkpt>
      <trkpt lat="41.8097212" lon="20.5023488"><ele>1530.6</ele><time>2025-02-08T08:23:36Z</time></trkpt>
      <trkpt lat="41.8085024" lon="20.5042398"><ele>1549.0</ele><time>2025-02-08T08:28:20Z</time></trkpt>
      <trkpt lat="41.808271" lon="20.5048125"><ele>1558.6</ele><time>2025-02-08T08:29:51Z</time></trkpt>
      <trkpt lat="41.8077798" lon="20.5045439"><ele>1577.5</ele><time>2025-02-08T08:31:16Z</time></trkpt>
      <trkpt lat="41.8076121" lon="20.5049816"><ele>1584.0</ele><time>2025-02-08T08:32:20Z</time></trkpt>
      <trkpt lat="41.8065338" lon="20.5060298"><ele>1599.7</ele><time>2025-02-08T08:35:18Z</time></trkpt>
      <trkpt lat="41.8068547" lon="20.5062167"><ele>1608.3</ele><time>2025-02-08T08:36:09Z</time></trkpt>
      <trkpt lat="41.8069504" lon="20.5065484"><ele>1613.8</ele><time>2025-02-08T08:37:06Z</time></trkpt>
      <trkpt lat="41.8071423" lon="20.5066894"><ele>1623.2</ele><time>2025-02-08T08:37:51Z</time></trkpt>
      <trkpt lat="41.8069812" lon="20.5069058"><ele>1632.9</ele><time>2025-02-08T08:39:07Z</time></trkpt>
      <trkpt lat="41.8070621" lon="20.5070749"><ele>1643.7</ele><time>2025-02-08T08:40:02Z</time></trkpt>
      <trkpt lat="41.8067555" lon="20.5077421"><ele>1656.4</ele><time>2025-02-08T08:43:33Z</time></trkpt>
      <trkpt lat="41.8068622" lon="20.5079791"><ele>1661.0</ele><time>2025-02-08T08:44:47Z</time></trkpt>
      <trkpt lat="41.806623" lon="20.5080205"><ele>1669.5</ele><time>2025-02-08T08:45:43Z</time></trkpt>
      <trkpt lat="41.8067305" lon="20.5083565"><ele>1677.0</ele><time>2025-02-08T08:46:35Z</time></trkpt>
      <trkpt lat="41.8050521" lon="20.5098238"><ele>1690.7</ele><time>2025-02-08T09:00:08Z</time></trkpt>
      <trkpt lat="41.8048777" lon="20.5101327"><ele>1693.4</ele><time>2025-02-08T09:00:56Z</time></trkpt>
      <trkpt lat="41.8050713" lon="20.5103707"><ele>1703.8</ele><time>2025-02-08T09:01:51Z</time></trkpt>
      <trkpt lat="41.8044074" lon="20.5111784"><ele>1719.2</ele><time>2025-02-08T09:04:18Z</time></trkpt>
      <trkpt lat="41.8044102" lon="20.5115023"><ele>1726.2</ele><time>2025-02-08T09:05:21Z</time></trkpt>
      <trkpt lat="41.8040543" lon="20.5115347"><ele>1737.3</ele><time>2025-02-08T09:06:31Z</time></trkpt>
      <trkpt lat="41.8036877" lon="20.5118058"><ele>1750.5</ele><time>2025-02-08T09:07:42Z</time></trkpt>
      <trkpt lat="41.8034017" lon="20.5122698"><ele>1759.3</ele><time>2025-02-08T09:08:53Z</time></trkpt>
      <trkpt lat="41.8031081" lon="20.5136507"><ele>1769.9</ele><time>2025-02-08T09:12:16Z</time></trkpt>
      <trkpt lat="41.8026788" lon="20.5144423"><ele>1781.5</ele><time>2025-02-08T09:14:09Z</time></trkpt>
      <trkpt lat="41.801208" lon="20.5152634"><ele>1833.7</ele><time>2025-02-08T09:19:20Z</time></trkpt>
      <trkpt lat="41.8011768" lon="20.51581"><ele>1845.3</ele><time>2025-02-08T09:20:40Z</time></trkpt>
      <trkpt lat="41.8009894" lon="20.5163356"><ele>1852.0</ele><time>2025-02-08T09:21:45Z</time></trkpt>
      <trkpt lat="41.8004997" lon="20.5166329"><ele>1872.3</ele><time>2025-02-08T09:23:28Z</time></trkpt>
      <trkpt lat="41.8002512" lon="20.5178692"><ele>1897.4</ele><time>2025-02-08T09:26:15Z</time></trkpt>
      <trkpt lat="41.7996604" lon="20.5182268"><ele>1902.7</ele><time>2025-02-08T09:27:47Z</time></trkpt>
      <trkpt lat="41.798691" lon="20.5192554"><ele>1912.5</ele><time>2025-02-08T09:30:19Z</time></trkpt>
      <trkpt lat="41.7984374" lon="20.5202611"><ele>1922.5</ele><time>2025-02-08T09:33:26Z</time></trkpt>
      <trkpt lat="41.7980168" lon="20.5209061"><ele>1941.1</ele><time>2025-02-08T09:35:17Z</time></trkpt>
      <trkpt lat="41.7979827" lon="20.5213228"><ele>1947.7</ele><time>2025-02-08T09:37:05Z</time></trkpt>
      <trkpt lat="41.7976545" lon="20.5221228"><ele>1970.0</ele><time>2025-02-08T09:39:24Z</time></trkpt>
      <trkpt lat="41.7974818" lon="20.5218513"><ele>1972.9</ele><time>2025-02-08T09:45:23Z</time></trkpt>
      <trkpt lat="41.7972817" lon="20.5220813"><ele>1983.8</ele><time>2025-02-08T09:46:51Z</time></trkpt>
      <trkpt lat="41.7966965" lon="20.522266"><ele>2003.2</ele><time>2025-02-08T09:49:03Z</time></trkpt>
      <trkpt lat="41.796292" lon="20.5219632"><ele>2015.9</ele><time>2025-02-08T09:50:47Z</time></trkpt>
      <trkpt lat="41.7961797" lon="20.5217108"><ele>2023.2</ele><time>2025-02-08T09:51:37Z</time></trkpt>
      <trkpt lat="41.7960559" lon="20.5220223"><ele>2028.8</ele><time>2025-02-08T09:52:28Z</time></trkpt>
      <trkpt lat="41.7955015" lon="20.5215097"><ele>2049.1</ele><time>2025-02-08T09:54:41Z</time></trkpt>
      <trkpt lat="41.7953336" lon="20.5224998"><ele>2067.1</ele><time>2025-02-08T09:58:02Z</time></trkpt>
      <trkpt lat="41.7947068" lon="20.523488"><ele>2087.5</ele><time>2025-02-08T10:01:04Z</time></trkpt>
      <trkpt lat="41.7946681" lon="20.5231653"><ele>2094.6</ele><time>2025-02-08T10:01:51Z</time></trkpt>
      <trkpt lat="41.794478" lon="20.5234547"><ele>2099.8</ele><time>2025-02-08T10:02:46Z</time></trkpt>
      <trkpt lat="41.7943689" lon="20.5230781"><ele>2110.5</ele><time>2025-02-08T10:03:43Z</time></trkpt>
      <trkpt lat="41.7941655" lon="20.523362"><ele>2118.0</ele><time>2025-02-08T10:04:41Z</time></trkpt>
      <trkpt lat="41.793661" lon="20.5236313"><ele>2126.1</ele><time>2025-02-08T10:06:20Z</time></trkpt>
      <trkpt lat="41.7927772" lon="20.5238597"><ele>2135.4</ele><time>2025-02-08T10:08:47Z</time></trkpt>
      <trkpt lat="41.7906584" lon="20.5255378"><ele>2167.8</ele><time>2025-02-08T10:15:07Z</time></trkpt>
      <trkpt lat="41.7901237" lon="20.5266668"><ele>2189.3</ele><time>2025-02-08T10:18:01Z</time></trkpt>
      <trkpt lat="41.7894947" lon="20.5275909"><ele>2185.7</ele><time>2025-02-08T10:19:53Z</time></trkpt>
      <trkpt lat="41.7886521" lon="20.5295075"><ele>2180.1</ele><time>2025-02-08T10:30:26Z</time></trkpt>
      <trkpt lat="41.7874835" lon="20.5316319"><ele>2194.1</ele><time>2025-02-08T10:34:40Z</time></trkpt>
      <trkpt lat="41.7869734" lon="20.5331802"><ele>2209.7</ele><time>2025-02-08T10:37:28Z</time></trkpt>
      <trkpt lat="41.78677" lon="20.5332406"><ele>2214.8</ele><time>2025-02-08T10:38:03Z</time></trkpt>
      <trkpt lat="41.7865779" lon="20.5339122"><ele>2225.9</ele><time>2025-02-08T10:39:29Z</time></trkpt>
      <trkpt lat="41.7865668" lon="20.536014"><ele>2235.6</ele><time>2025-02-08T10:42:53Z</time></trkpt>
      <trkpt lat="41.786734" lon="20.537082"><ele>2247.9</ele><time>2025-02-08T10:45:01Z</time></trkpt>
      <trkpt lat="41.7869475" lon="20.5376788"><ele>2265.0</ele><time>2025-02-08T10:46:37Z</time></trkpt>
      <trkpt lat="41.787369" lon="20.5380066"><ele>2277.6</ele><time>2025-02-08T10:48:23Z</time></trkpt>
      <trkpt lat="41.7867464" lon="20.5382109"><ele>2288.5</ele><time>2025-02-08T10:50:22Z</time></trkpt>
      <trkpt lat="41.786071" lon="20.5381151"><ele>2303.5</ele><time>2025-02-08T10:52:18Z</time></trkpt>
      <trkpt lat="41.7857629" lon="20.5383888"><ele>2311.0</ele><time>2025-02-08T10:53:43Z</time></trkpt>
      <trkpt lat="41.7858062" lon="20.538711"><ele>2321.4</ele><time>2025-02-08T10:54:30Z</time></trkpt>
      <trkpt lat="41.7853962" lon="20.5387063"><ele>2331.8</ele><time>2025-02-08T10:55:46Z</time></trkpt>
      <trkpt lat="41.7854596" lon="20.5391305"><ele>2340.0</ele><time>2025-02-08T10:56:46Z</time></trkpt>
      <trkpt lat="41.7851328" lon="20.5391817"><ele>2343.4</ele><time>2025-02-08T10:57:48Z</time></trkpt>
      <trkpt lat="41.784487" lon="20.5406666"><ele>2372.1</ele><time>2025-02-08T11:01:43Z</time></trkpt>
      <trkpt lat="41.7842086" lon="20.5410328"><ele>2379.0</ele><time>2025-02-08T11:02:51Z</time></trkpt>
      <trkpt lat="41.7835796" lon="20.5412093"><ele>2390.9</ele><time>2025-02-08T11:14:17Z</time></trkpt>
      <trkpt lat="41.7830712" lon="20.5411394"><ele>2399.2</ele><time>2025-02-08T11:15:47Z</time></trkpt>
      <trkpt lat="41.7825434" lon="20.5415587"><ele>2415.0</ele><time>2025-02-08T11:17:43Z</time></trkpt>
      <trkpt lat="41.7820204" lon="20.542266"><ele>2440.7</ele><time>2025-02-08T11:20:06Z</time></trkpt>
      <trkpt lat="41.7815992" lon="20.542015"><ele>2450.0</ele><time>2025-02-08T11:21:37Z</time></trkpt>
      <trkpt lat="41.7811767" lon="20.5426793"><ele>2467.7</ele><time>2025-02-08T11:23:44Z</time></trkpt>
      <trkpt lat="41.7809453" lon="20.542733"><ele>2474.3</ele><time>2025-02-08T11:24:31Z</time></trkpt>
      <trkpt lat="41.7807099" lon="20.5434787"><ele>2493.7</ele><time>2025-02-08T11:26:47Z</time></trkpt>
      <trkpt lat="41.7811854" lon="20.5442392"><ele>2514.1</ele><time>2025-02-08T11:29:03Z</time></trkpt>
      <trkpt lat="41.7807171" lon="20.5453758"><ele>2532.2</ele><time>2025-02-08T11:33:31Z</time></trkpt>
      <trkpt lat="41.7808773" lon="20.5457555"><ele>2539.8</ele><time>2025-02-08T11:34:23Z</time></trkpt>
      <trkpt lat="41.7812406" lon="20.545901"><ele>2546.5</ele><time>2025-02-08T11:37:07Z</time></trkpt>
      <trkpt lat="41.782161" lon="20.5453993"><ele>2569.5</ele><time>2025-02-08T11:40:14Z</time></trkpt>
      <trkpt lat="41.7824758" lon="20.5457872"><ele>2575.2</ele><time>2025-02-08T11:41:21Z</time></trkpt>
      <trkpt lat="41.7824813" lon="20.5454959"><ele>2563.1</ele><time>2025-02-08T11:41:57Z</time></trkpt>
      <trkpt lat="41.7830195" lon="20.5461957"><ele>2561.1</ele><time>2025-02-08T11:42:59Z</time></trkpt>
      <trkpt lat="41.7832237" lon="20.5468204"><ele>2565.9</ele><time>2025-02-08T11:44:22Z</time></trkpt>
      <trkpt lat="41.783865" lon="20.5468793"><ele>2577.4</ele><time>2025-02-08T11:46:40Z</time></trkpt>
      <trkpt lat="41.7834344" lon="20.5474788"><ele>2598.6</ele><time>2025-02-08T12:27:02Z</time></trkpt>
      <trkpt lat="41.7839578" lon="20.5475489"><ele>2619.9</ele><time>2025-02-08T12:30:16Z</time></trkpt>
      <trkpt lat="41.7848953" lon="20.5474842"><ele>2646.9</ele><time>2025-02-08T12:34:15Z</time></trkpt>
      <trkpt lat="41.7859672" lon="20.5476295"><ele>2643.0</ele><time>2025-02-08T12:37:10Z</time></trkpt>
      <trkpt lat="41.7865945" lon="20.5475015"><ele>2654.4</ele><time>2025-02-08T12:39:01Z</time></trkpt>
      <trkpt lat="41.7870379" lon="20.5471655"><ele>2668.2</ele><time>2025-02-08T12:41:23Z</time></trkpt>
      <trkpt lat="41.7879997" lon="20.5470277"><ele>2680.0</ele><time>2025-02-08T12:44:25Z</time></trkpt>
      <trkpt lat="41.7880274" lon="20.5468507"><ele>2686.6</ele><time>2025-02-08T12:44:56Z</time></trkpt>
      <trkpt lat="41.7888968" lon="20.5470013"><ele>2709.8</ele><time>2025-02-08T12:48:25Z</time></trkpt>
      <trkpt lat="41.7894394" lon="20.5468771"><ele>2729.9</ele><time>2025-02-08T12:52:09Z</time></trkpt>
      <trkpt lat="41.7897085" lon="20.5470125"><ele>2739.6</ele><time>2025-02-08T12:53:30Z</time></trkpt>
      <trkpt lat="41.7899244" lon="20.5468858"><ele>2748.8</ele><time>2025-02-08T12:55:07Z</time></trkpt>
      <trkpt lat="41.7901002" lon="20.5470516"><ele>2753.5</ele><time>2025-02-08T12:56:07Z</time></trkpt>
      <trkpt lat="41.7905172" lon="20.5466371"><ele>2745.1</ele><time>2025-02-08T13:14:48Z</time></trkpt>
      <trkpt lat="41.7912464" lon="20.5464678"><ele>2736.8</ele><time>2025-02-08T13:15:04Z</time></trkpt>
      <trkpt lat="41.790963" lon="20.546645"><ele>2727.5</ele><time>2025-02-08T13:16:47Z</time></trkpt>
      <trkpt lat="41.7908391" lon="20.5469602"><ele>2711.0</ele><time>2025-02-08T13:16:52Z</time></trkpt>
      <trkpt lat="41.7909537" lon="20.5472017"><ele>2702.1</ele><time>2025-02-08T13:16:57Z</time></trkpt>
      <trkpt lat="41.7912448" lon="20.5473139"><ele>2680.7</ele><time>2025-02-08T13:18:18Z</time></trkpt>
      <trkpt lat="41.7913962" lon="20.5477181"><ele>2659.2</ele><time>2025-02-08T13:18:23Z</time></trkpt>
      <trkpt lat="41.7912628" lon="20.5488992"><ele>2626.4</ele><time>2025-02-08T13:18:44Z</time></trkpt>
      <trkpt lat="41.7914345" lon="20.5502388"><ele>2570.8</ele><time>2025-02-08T13:18:59Z</time></trkpt>
      <trkpt lat="41.7924628" lon="20.5524842"><ele>2510.2</ele><time>2025-02-08T13:25:13Z</time></trkpt>
      <trkpt lat="41.7928678" lon="20.5527402"><ele>2479.6</ele><time>2025-02-08T13:25:23Z</time></trkpt>
      <trkpt lat="41.7934448" lon="20.5526884"><ele>2460.7</ele><time>2025-02-08T13:25:29Z</time></trkpt>
      <trkpt lat="41.7941362" lon="20.5537426"><ele>2419.7</ele><time>2025-02-08T13:25:50Z</time></trkpt>
      <trkpt lat="41.7947309" lon="20.5537239"><ele>2400.6</ele><time>2025-02-08T13:26:05Z</time></trkpt>
      <trkpt lat="41.7958167" lon="20.5545274"><ele>2374.0</ele><time>2025-02-08T13:28:10Z</time></trkpt>
      <trkpt lat="41.7961308" lon="20.5544992"><ele>2360.6</ele><time>2025-02-08T13:28:20Z</time></trkpt>
      <trkpt lat="41.7967369" lon="20.5550709"><ele>2325.9</ele><time>2025-02-08T13:28:35Z</time></trkpt>
      <trkpt lat="41.7973096" lon="20.5551819"><ele>2298.6</ele><time>2025-02-08T13:28:46Z</time></trkpt>
      <trkpt lat="41.7980845" lon="20.5549234"><ele>2277.0</ele><time>2025-02-08T13:29:01Z</time></trkpt>
      <trkpt lat="41.7985998" lon="20.5550076"><ele>2251.9</ele><time>2025-02-08T13:29:11Z</time></trkpt>
      <trkpt lat="41.799258" lon="20.5555244"><ele>2227.4</ele><time>2025-02-08T13:29:26Z</time></trkpt>
      <trkpt lat="41.8002038" lon="20.5568056"><ele>2212.7</ele><time>2025-02-08T13:29:47Z</time></trkpt>
      <trkpt lat="41.800925" lon="20.5573063"><ele>2202.7</ele><time>2025-02-08T13:30:03Z</time></trkpt>
      <trkpt lat="41.8014682" lon="20.5574125"><ele>2198.5</ele><time>2025-02-08T13:30:18Z</time></trkpt>
      <trkpt lat="41.8022185" lon="20.5583293"><ele>2185.5</ele><time>2025-02-08T13:33:14Z</time></trkpt>
      <trkpt lat="41.8039691" lon="20.5591675"><ele>2181.6</ele><time>2025-02-08T13:33:54Z</time></trkpt>
      <trkpt lat="41.8044088" lon="20.5590762"><ele>2178.9</ele><time>2025-02-08T13:34:05Z</time></trkpt>
      <trkpt lat="41.8046871" lon="20.559369"><ele>2175.9</ele><time>2025-02-08T13:34:15Z</time></trkpt>
      <trkpt lat="41.8048287" lon="20.5592752"><ele>2173.2</ele><time>2025-02-08T13:34:26Z</time></trkpt>
      <trkpt lat="41.805502" lon="20.5596489"><ele>2164.0</ele><time>2025-02-08T13:35:28Z</time></trkpt>
      <trkpt lat="41.8058935" lon="20.5596778"><ele>2159.7</ele><time>2025-02-08T13:35:33Z</time></trkpt>
      <trkpt lat="41.8064809" lon="20.5602838"><ele>2155.4</ele><time>2025-02-08T13:35:43Z</time></trkpt>
      <trkpt lat="41.8069458" lon="20.5604723"><ele>2154.2</ele><time>2025-02-08T13:35:53Z</time></trkpt>
      <trkpt lat="41.8071579" lon="20.5604363"><ele>2151.8</ele><time>2025-02-08T13:35:58Z</time></trkpt>
      <trkpt lat="41.8077405" lon="20.5598672"><ele>2142.5</ele><time>2025-02-08T13:36:13Z</time></trkpt>
      <trkpt lat="41.8080601" lon="20.5597749"><ele>2138.8</ele><time>2025-02-08T13:36:18Z</time></trkpt>
      <trkpt lat="41.8110291" lon="20.5597693"><ele>2124.3</ele><time>2025-02-08T13:37:29Z</time></trkpt>
      <trkpt lat="41.8109259" lon="20.5590053"><ele>2124.9</ele><time>2025-02-08T13:38:00Z</time></trkpt>
      <trkpt lat="41.810735" lon="20.5587897"><ele>2123.6</ele><time>2025-02-08T13:39:28Z</time></trkpt>
      <trkpt lat="41.8107282" lon="20.5583359"><ele>2116.1</ele><time>2025-02-08T13:39:38Z</time></trkpt>
      <trkpt lat="41.8115187" lon="20.5570577"><ele>2112.1</ele><time>2025-02-08T13:40:19Z</time></trkpt>
      <trkpt lat="41.8117893" lon="20.5551607"><ele>2099.1</ele><time>2025-02-08T13:40:59Z</time></trkpt>
      <trkpt lat="41.8120996" lon="20.5547982"><ele>2090.2</ele><time>2025-02-08T13:41:04Z</time></trkpt>
      <trkpt lat="41.8120739" lon="20.5538"><ele>2075.0</ele><time>2025-02-08T13:44:37Z</time></trkpt>
      <trkpt lat="41.8122529" lon="20.5532669"><ele>2070.9</ele><time>2025-02-08T13:44:42Z</time></trkpt>
      <trkpt lat="41.8134808" lon="20.5520072"><ele>2048.3</ele><time>2025-02-08T13:45:02Z</time></trkpt>
      <trkpt lat="41.8142218" lon="20.551569"><ele>2040.3</ele><time>2025-02-08T13:45:12Z</time></trkpt>
      <trkpt lat="41.8144418" lon="20.5515797"><ele>2031.3</ele><time>2025-02-08T13:45:17Z</time></trkpt>
      <trkpt lat="41.8150479" lon="20.550984"><ele>2016.2</ele><time>2025-02-08T13:45:27Z</time></trkpt>
      <trkpt lat="41.8161392" lon="20.550286"><ele>1993.1</ele><time>2025-02-08T13:45:43Z</time></trkpt>
      <trkpt lat="41.8172372" lon="20.5485918"><ele>1977.6</ele><time>2025-02-08T13:46:13Z</time></trkpt>
      <trkpt lat="41.8178135" lon="20.5481341"><ele>1970.0</ele><time>2025-02-08T13:46:28Z</time></trkpt>
      <trkpt lat="41.8181821" lon="20.5468883"><ele>1959.0</ele><time>2025-02-08T13:48:41Z</time></trkpt>
      <trkpt lat="41.8182119" lon="20.5446645"><ele>1939.2</ele><time>2025-02-08T13:48:56Z</time></trkpt>
      <trkpt lat="41.8183836" lon="20.5429122"><ele>1926.4</ele><time>2025-02-08T13:49:12Z</time></trkpt>
      <trkpt lat="41.8188867" lon="20.5400348"><ele>1904.6</ele><time>2025-02-08T13:49:37Z</time></trkpt>
      <trkpt lat="41.8186982" lon="20.5383265"><ele>1900.3</ele><time>2025-02-08T13:50:03Z</time></trkpt>
      <trkpt lat="41.8189115" lon="20.5360263"><ele>1903.9</ele><time>2025-02-08T13:51:04Z</time></trkpt>
      <trkpt lat="41.8186123" lon="20.5340155"><ele>1906.7</ele><time>2025-02-08T13:52:00Z</time></trkpt>
      <trkpt lat="41.818459" lon="20.5318001"><ele>1900.4</ele><time>2025-02-08T13:52:57Z</time></trkpt>
      <trkpt lat="41.8184989" lon="20.530815"><ele>1895.4</ele><time>2025-02-08T13:53:17Z</time></trkpt>
      <trkpt lat="41.8177976" lon="20.5293892"><ele>1890.5</ele><time>2025-02-08T14:11:46Z</time></trkpt>
      <trkpt lat="41.8176781" lon="20.5286251"><ele>1888.4</ele><time>2025-02-08T14:11:57Z</time></trkpt>
      <trkpt lat="41.8180203" lon="20.5270128"><ele>1879.9</ele><time>2025-02-08T14:12:23Z</time></trkpt>
      <trkpt lat="41.8192897" lon="20.524777"><ele>1882.3</ele><time>2025-02-08T14:13:40Z</time></trkpt>
      <trkpt lat="41.819213" lon="20.5233162"><ele>1878.6</ele><time>2025-02-08T14:15:25Z</time></trkpt>
      <trkpt lat="41.8193061" lon="20.5219017"><ele>1866.9</ele><time>2025-02-08T14:15:40Z</time></trkpt>
      <trkpt lat="41.8190689" lon="20.5197807"><ele>1856.9</ele><time>2025-02-08T14:16:06Z</time></trkpt>
      <trkpt lat="41.8190636" lon="20.5189176"><ele>1850.9</ele><time>2025-02-08T14:16:27Z</time></trkpt>
      <trkpt lat="41.8192189" lon="20.5186237"><ele>1847.6</ele><time>2025-02-08T14:16:38Z</time></trkpt>
      <trkpt lat="41.819146" lon="20.5173196"><ele>1827.1</ele><time>2025-02-08T14:17:09Z</time></trkpt>
      <trkpt lat="41.8195689" lon="20.5159894"><ele>1818.3</ele><time>2025-02-08T14:17:35Z</time></trkpt>
      <trkpt lat="41.8195084" lon="20.5156285"><ele>1814.8</ele><time>2025-02-08T14:18:40Z</time></trkpt>
      <trkpt lat="41.8197957" lon="20.5143505"><ele>1800.8</ele><time>2025-02-08T14:19:01Z</time></trkpt>
      <trkpt lat="41.8197791" lon="20.5139032"><ele>1796.6</ele><time>2025-02-08T14:19:06Z</time></trkpt>
      <trkpt lat="41.8201211" lon="20.5131282"><ele>1787.1</ele><time>2025-02-08T14:19:26Z</time></trkpt>
      <trkpt lat="41.8201029" lon="20.5128316"><ele>1779.9</ele><time>2025-02-08T14:19:31Z</time></trkpt>
      <trkpt lat="41.8197519" lon="20.5122367"><ele>1760.1</ele><time>2025-02-08T14:19:41Z</time></trkpt>
      <trkpt lat="41.8193331" lon="20.5119261"><ele>1746.9</ele><time>2025-02-08T14:19:46Z</time></trkpt>
      <trkpt lat="41.8191194" lon="20.511483"><ele>1736.2</ele><time>2025-02-08T14:19:52Z</time></trkpt>
      <trkpt lat="41.8185846" lon="20.5111401"><ele>1718.8</ele><time>2025-02-08T14:20:02Z</time></trkpt>
      <trkpt lat="41.8186112" lon="20.5105589"><ele>1713.3</ele><time>2025-02-08T14:23:10Z</time></trkpt>
      <trkpt lat="41.8184789" lon="20.5098378"><ele>1706.7</ele><time>2025-02-08T14:23:20Z</time></trkpt>
      <trkpt lat="41.8187914" lon="20.5090324"><ele>1691.9</ele><time>2025-02-08T14:23:41Z</time></trkpt>
      <trkpt lat="41.8187224" lon="20.5088743"><ele>1684.8</ele><time>2025-02-08T14:23:46Z</time></trkpt>
      <trkpt lat="41.8191016" lon="20.5083073"><ele>1661.3</ele><time>2025-02-08T14:25:22Z</time></trkpt>
      <trkpt lat="41.8190232" lon="20.5079898"><ele>1653.2</ele><time>2025-02-08T14:28:51Z</time></trkpt>
      <trkpt lat="41.8191026" lon="20.5070633"><ele>1630.8</ele><time>2025-02-08T14:30:03Z</time></trkpt>
      <trkpt lat="41.8197114" lon="20.5056505"><ele>1615.1</ele><time>2025-02-08T14:32:20Z</time></trkpt>
      <trkpt lat="41.819998" lon="20.5054538"><ele>1608.8</ele><time>2025-02-08T14:32:56Z</time></trkpt>
      <trkpt lat="41.8197951" lon="20.505304"><ele>1609.3</ele><time>2025-02-08T14:46:45Z</time></trkpt>
      <trkpt lat="41.8187157" lon="20.5061021"><ele>1583.7</ele><time>2025-02-08T14:49:25Z</time></trkpt>
      <trkpt lat="41.8186373" lon="20.5051334"><ele>1555.2</ele><time>2025-02-08T14:51:16Z</time></trkpt>
      <trkpt lat="41.8189314" lon="20.5040179"><ele>1535.8</ele><time>2025-02-08T14:53:13Z</time></trkpt>
      <trkpt lat="41.8190721" lon="20.5038506"><ele>1525.9</ele><time>2025-02-08T14:53:50Z</time></trkpt>
      <trkpt lat="41.8191376" lon="20.5032425"><ele>1502.1</ele><time>2025-02-08T14:55:15Z</time></trkpt>
      <trkpt lat="41.8189325" lon="20.5028825"><ele>1494.3</ele><time>2025-02-08T14:55:53Z</time></trkpt>
      <trkpt lat="41.8187289" lon="20.5028007"><ele>1488.3</ele><time>2025-02-08T14:56:14Z</time></trkpt>
      <trkpt lat="41.8186651" lon="20.5025675"><ele>1485.4</ele><time>2025-02-08T14:56:30Z</time></trkpt>
      <trkpt lat="41.8182542" lon="20.5023942"><ele>1478.8</ele><time>2025-02-08T14:57:12Z</time></trkpt>
      <trkpt lat="41.8178881" lon="20.5015195"><ele>1467.6</ele><time>2025-02-08T14:58:21Z</time></trkpt>
      <trkpt lat="41.8178883" lon="20.5012703"><ele>1462.3</ele><time>2025-02-08T14:58:43Z</time></trkpt>
      <trkpt lat="41.8173225" lon="20.5002541"><ele>1442.0</ele><time>2025-02-08T15:00:40Z</time></trkpt>
      <trkpt lat="41.8172562" lon="20.499777"><ele>1436.3</ele><time>2025-02-08T15:01:12Z</time></trkpt>
      <trkpt lat="41.8174606" lon="20.4984864"><ele>1420.1</ele><time>2025-02-08T15:02:37Z</time></trkpt>
      <trkpt lat="41.8173437" lon="20.4966671"><ele>1388.7</ele><time>2025-02-08T15:04:29Z</time></trkpt>
      <trkpt lat="41.8171002" lon="20.496433"><ele>1380.7</ele><time>2025-02-08T15:04:56Z</time></trkpt>
      <trkpt lat="41.8169963" lon="20.4960383"><ele>1372.4</ele><time>2025-02-08T15:05:21Z</time></trkpt>
      <trkpt lat="41.8169446" lon="20.4946049"><ele>1362.4</ele><time>2025-02-08T15:06:41Z</time></trkpt>
      <trkpt lat="41.8167555" lon="20.4935062"><ele>1346.0</ele><time>2025-02-08T15:07:48Z</time></trkpt>
      <trkpt lat="41.8159646" lon="20.492592"><ele>1337.5</ele><time>2025-02-08T15:09:06Z</time></trkpt>
      <trkpt lat="41.8162409" lon="20.4917686"><ele>1329.5</ele><time>2025-02-08T15:10:20Z</time></trkpt>
      <trkpt lat="41.8158122" lon="20.4909812"><ele>1314.4</ele><time>2025-02-08T15:11:17Z</time></trkpt>
      <trkpt lat="41.8156617" lon="20.4902152"><ele>1305.9</ele><time>2025-02-08T15:12:26Z</time></trkpt>
      <trkpt lat="41.8158017" lon="20.4891476"><ele>1295.4</ele><time>2025-02-08T15:13:35Z</time></trkpt>
      <trkpt lat="41.816124" lon="20.4888602"><ele>1294.7</ele><time>2025-02-08T15:14:07Z</time></trkpt>
      <trkpt lat="41.8165059" lon="20.4879664"><ele>1294.3</ele><time>2025-02-08T15:15:48Z</time></trkpt>
      <trkpt lat="41.8166946" lon="20.4861383"><ele>1276.3</ele><time>2025-02-08T15:17:42Z</time></trkpt>
      <trkpt lat="41.816398" lon="20.4852819"><ele>1259.9</ele><time>2025-02-08T15:19:00Z</time></trkpt>
      <trkpt lat="41.8161383" lon="20.485109"><ele>1255.8</ele><time>2025-02-08T15:19:45Z</time></trkpt>
      <trkpt lat="41.8161173" lon="20.4849246"><ele>1258.9</ele><time>2025-02-08T15:20:16Z</time></trkpt>
      <trkpt lat="41.8160712" lon="20.485127"><ele>1253.9</ele><time>2025-02-08T15:20:27Z</time></trkpt>
      <trkpt lat="41.8160866" lon="20.4849218"><ele>1252.7</ele><time>2025-02-08T15:20:48Z</time></trkpt>
      <trkpt lat="41.8155365" lon="20.4855142"><ele>1244.6</ele><time>2025-02-08T15:22:35Z</time></trkpt>
      <trkpt lat="41.8156649" lon="20.4863832"><ele>1249.2</ele><time>2025-02-08T15:24:23Z</time></trkpt>
      <trkpt lat="41.8155637" lon="20.487062"><ele>1252.7</ele><time>2025-02-08T15:34:11Z</time></trkpt>
      <trkpt lat="41.8144863" lon="20.4881597"><ele>1263.5</ele><time>2025-02-08T15:37:33Z</time></trkpt>
      <trkpt lat="41.8143479" lon="20.4880444"><ele>1268.7</ele><time>2025-02-08T15:39:57Z</time></trkpt>
      <trkpt lat="41.8143479" lon="20.4880444"><ele>1268.7</ele><time>2025-02-08T15:39:57Z</time></trkpt>
      <trkpt lat="41.8145341" lon="20.4882255"><ele>1278.2</ele><time>2025-02-09T05:13:18Z</time></trkpt>
      <trkpt lat="41.8149702" lon="20.4875466"><ele>1261.6</ele><time>2025-02-09T05:14:39Z</time></trkpt>
      <trkpt lat="41.8155346" lon="20.4871055"><ele>1257.2</ele><time>2025-02-09T05:15:43Z</time></trkpt>
      <trkpt lat="41.8155841" lon="20.4861968"><ele>1252.4</ele><time>2025-02-09T05:16:41Z</time></trkpt>
      <trkpt lat="41.8157548" lon="20.4860122"><ele>1253.9</ele><time>2025-02-09T05:17:08Z</time></trkpt>
      <trkpt lat="41.8158841" lon="20.4851842"><ele>1261.7</ele><time>2025-02-09T05:17:53Z</time></trkpt>
      <trkpt lat="41.816018" lon="20.4851092"><ele>1257.6</ele><time>2025-02-09T05:18:35Z</time></trkpt>
      <trkpt lat="41.8159067" lon="20.4852933"><ele>1252.4</ele><time>2025-02-09T05:18:46Z</time></trkpt>
      <trkpt lat="41.8160992" lon="20.4851262"><ele>1257.0</ele><time>2025-02-09T05:19:46Z</time></trkpt>
      <trkpt lat="41.8159031" lon="20.4851579"><ele>1253.5</ele><time>2025-02-09T05:19:56Z</time></trkpt>
      <trkpt lat="41.8158635" lon="20.485044"><ele>1261.4</ele><time>2025-02-09T05:20:06Z</time></trkpt>
      <trkpt lat="41.8162933" lon="20.4851714"><ele>1259.0</ele><time>2025-02-09T05:21:07Z</time></trkpt>
      <trkpt lat="41.8167125" lon="20.4861766"><ele>1275.9</ele><time>2025-02-09T05:22:50Z</time></trkpt>
      <trkpt lat="41.8163937" lon="20.4883767"><ele>1300.4</ele><time>2025-02-09T05:25:55Z</time></trkpt>
      <trkpt lat="41.8161285" lon="20.4888974"><ele>1301.5</ele><time>2025-02-09T05:26:37Z</time></trkpt>
      <trkpt lat="41.8157823" lon="20.4892451"><ele>1298.4</ele><time>2025-02-09T05:27:14Z</time></trkpt>
      <trkpt lat="41.8157462" lon="20.4899255"><ele>1303.3</ele><time>2025-02-09T05:28:00Z</time></trkpt>
      <trkpt lat="41.815844" lon="20.4903045"><ele>1309.0</ele><time>2025-02-09T05:28:30Z</time></trkpt>
      <trkpt lat="41.8157424" lon="20.4906697"><ele>1315.9</ele><time>2025-02-09T05:29:05Z</time></trkpt>
      <trkpt lat="41.8162609" lon="20.4918525"><ele>1331.5</ele><time>2025-02-09T05:30:45Z</time></trkpt>
      <trkpt lat="41.8159538" lon="20.492575"><ele>1343.0</ele><time>2025-02-09T05:31:48Z</time></trkpt>
      <trkpt lat="41.8167462" lon="20.4934975"><ele>1351.7</ele><time>2025-02-09T05:33:20Z</time></trkpt>
      <trkpt lat="41.8169423" lon="20.4946181"><ele>1369.3</ele><time>2025-02-09T05:34:50Z</time></trkpt>
      <trkpt lat="41.8169702" lon="20.4959935"><ele>1380.5</ele><time>2025-02-09T05:36:18Z</time></trkpt>
      <trkpt lat="41.8171248" lon="20.4964679"><ele>1389.1</ele><time>2025-02-09T05:36:58Z</time></trkpt>
      <trkpt lat="41.8173604" lon="20.4966828"><ele>1396.2</ele><time>2025-02-09T05:37:33Z</time></trkpt>
      <trkpt lat="41.8174533" lon="20.4986391"><ele>1427.6</ele><time>2025-02-09T05:40:25Z</time></trkpt>
      <trkpt lat="41.8170974" lon="20.499576"><ele>1437.8</ele><time>2025-02-09T05:41:42Z</time></trkpt>
      <trkpt lat="41.8173222" lon="20.4993546"><ele>1440.3</ele><time>2025-02-09T05:42:23Z</time></trkpt>
      <trkpt lat="41.8172622" lon="20.4997411"><ele>1439.2</ele><time>2025-02-09T05:42:53Z</time></trkpt>
      <trkpt lat="41.8173542" lon="20.5003201"><ele>1446.6</ele><time>2025-02-09T05:43:38Z</time></trkpt>
      <trkpt lat="41.81789" lon="20.5012858"><ele>1466.8</ele><time>2025-02-09T05:45:36Z</time></trkpt>
      <trkpt lat="41.8181395" lon="20.5021267"><ele>1477.2</ele><time>2025-02-09T05:47:18Z</time></trkpt>
      <trkpt lat="41.8187247" lon="20.5024143"><ele>1484.6</ele><time>2025-02-09T05:48:34Z</time></trkpt>
      <trkpt lat="41.818712" lon="20.5027558"><ele>1488.2</ele><time>2025-02-09T05:49:09Z</time></trkpt>
      <trkpt lat="41.81896" lon="20.5029212"><ele>1492.7</ele><time>2025-02-09T05:49:46Z</time></trkpt>
      <trkpt lat="41.8191588" lon="20.5032976"><ele>1503.4</ele><time>2025-02-09T05:50:32Z</time></trkpt>
      <trkpt lat="41.8190196" lon="20.5038816"><ele>1521.2</ele><time>2025-02-09T05:52:09Z</time></trkpt>
      <trkpt lat="41.8191602" lon="20.5038942"><ele>1524.0</ele><time>2025-02-09T05:52:39Z</time></trkpt>
      <trkpt lat="41.818807" lon="20.5044718"><ele>1544.6</ele><time>2025-02-09T05:54:34Z</time></trkpt>
      <trkpt lat="41.8186335" lon="20.5052663"><ele>1559.8</ele><time>2025-02-09T05:56:25Z</time></trkpt>
      <trkpt lat="41.8186604" lon="20.5060437"><ele>1579.7</ele><time>2025-02-09T05:58:18Z</time></trkpt>
      <trkpt lat="41.8188445" lon="20.5057373"><ele>1583.9</ele><time>2025-02-09T05:59:10Z</time></trkpt>
      <trkpt lat="41.8191628" lon="20.5057351"><ele>1599.1</ele><time>2025-02-09T06:00:23Z</time></trkpt>
      <trkpt lat="41.8199024" lon="20.5052414"><ele>1616.4</ele><time>2025-02-09T06:02:34Z</time></trkpt>
      <trkpt lat="41.8199899" lon="20.5054057"><ele>1621.2</ele><time>2025-02-09T06:02:54Z</time></trkpt>
      <trkpt lat="41.8197147" lon="20.5061319"><ele>1635.9</ele><time>2025-02-09T06:23:29Z</time></trkpt>
      <trkpt lat="41.8198226" lon="20.5065166"><ele>1647.5</ele><time>2025-02-09T06:24:43Z</time></trkpt>
      <trkpt lat="41.8197223" lon="20.5066535"><ele>1650.9</ele><time>2025-02-09T06:25:08Z</time></trkpt>
      <trkpt lat="41.8198262" lon="20.5066982"><ele>1654.1</ele><time>2025-02-09T06:25:30Z</time></trkpt>
      <trkpt lat="41.8196429" lon="20.5069136"><ele>1666.4</ele><time>2025-02-09T06:26:57Z</time></trkpt>
      <trkpt lat="41.8195317" lon="20.5078145"><ele>1688.9</ele><time>2025-02-09T06:29:59Z</time></trkpt>
      <trkpt lat="41.8195901" lon="20.5081621"><ele>1693.7</ele><time>2025-02-09T06:30:50Z</time></trkpt>
      <trkpt lat="41.8197614" lon="20.5081744"><ele>1699.3</ele><time>2025-02-09T06:31:42Z</time></trkpt>
      <trkpt lat="41.8197427" lon="20.5085476"><ele>1707.6</ele><time>2025-02-09T06:32:42Z</time></trkpt>
      <trkpt lat="41.8199087" lon="20.5087762"><ele>1719.5</ele><time>2025-02-09T06:33:49Z</time></trkpt>
      <trkpt lat="41.8200565" lon="20.5087701"><ele>1723.6</ele><time>2025-02-09T06:34:24Z</time></trkpt>
      <trkpt lat="41.8199959" lon="20.5091017"><ele>1734.9</ele><time>2025-02-09T06:35:19Z</time></trkpt>
      <trkpt lat="41.8201694" lon="20.5093571"><ele>1745.5</ele><time>2025-02-09T06:37:16Z</time></trkpt>
      <trkpt lat="41.8199692" lon="20.5103408"><ele>1756.3</ele><time>2025-02-09T06:39:29Z</time></trkpt>
      <trkpt lat="41.8200351" lon="20.511821"><ele>1761.8</ele><time>2025-02-09T06:41:46Z</time></trkpt>
      <trkpt lat="41.8202217" lon="20.5121756"><ele>1766.7</ele><time>2025-02-09T06:42:22Z</time></trkpt>
      <trkpt lat="41.8199545" lon="20.51221"><ele>1762.3</ele><time>2025-02-09T06:42:48Z</time></trkpt>
      <trkpt lat="41.8200473" lon="20.5121205"><ele>1763.1</ele><time>2025-02-09T06:45:16Z</time></trkpt>
      <trkpt lat="41.8202247" lon="20.5123029"><ele>1765.7</ele><time>2025-02-09T06:52:27Z</time></trkpt>
      <trkpt lat="41.8200805" lon="20.5125102"><ele>1774.9</ele><time>2025-02-09T06:53:18Z</time></trkpt>
      <trkpt lat="41.820017" lon="20.5131622"><ele>1784.5</ele><time>2025-02-09T06:54:58Z</time></trkpt>
      <trkpt lat="41.8197766" lon="20.5135748"><ele>1791.0</ele><time>2025-02-09T06:56:13Z</time></trkpt>
      <trkpt lat="41.8195192" lon="20.5160399"><ele>1823.9</ele><time>2025-02-09T07:02:27Z</time></trkpt>
      <trkpt lat="41.8189996" lon="20.5181038"><ele>1836.0</ele><time>2025-02-09T07:06:17Z</time></trkpt>
      <trkpt lat="41.8191336" lon="20.5207294"><ele>1862.2</ele><time>2025-02-09T07:12:13Z</time></trkpt>
      <trkpt lat="41.8193101" lon="20.5214899"><ele>1869.8</ele><time>2025-02-09T07:13:30Z</time></trkpt>
      <trkpt lat="41.8192239" lon="20.5229706"><ele>1881.8</ele><time>2025-02-09T07:26:10Z</time></trkpt>
      <trkpt lat="41.8194657" lon="20.527703"><ele>1890.5</ele><time>2025-02-09T07:32:39Z</time></trkpt>
      <trkpt lat="41.8191942" lon="20.5283117"><ele>1891.8</ele><time>2025-02-09T07:33:29Z</time></trkpt>
      <trkpt lat="41.8185915" lon="20.5288631"><ele>1887.8</ele><time>2025-02-09T07:34:31Z</time></trkpt>
      <trkpt lat="41.818484" lon="20.5317657"><ele>1907.9</ele><time>2025-02-09T07:38:08Z</time></trkpt>
      <trkpt lat="41.8185862" lon="20.5333541"><ele>1913.0</ele><time>2025-02-09T07:40:20Z</time></trkpt>
      <trkpt lat="41.8204163" lon="20.5433039"><ele>1937.0</ele><time>2025-02-09T07:52:05Z</time></trkpt>
      <trkpt lat="41.8204093" lon="20.543938"><ele>1929.9</ele><time>2025-02-09T07:53:02Z</time></trkpt>
      <trkpt lat="41.8207578" lon="20.544968"><ele>1940.6</ele><time>2025-02-09T07:54:43Z</time></trkpt>
      <trkpt lat="41.820742" lon="20.545605"><ele>1945.7</ele><time>2025-02-09T07:55:50Z</time></trkpt>
      <trkpt lat="41.8208644" lon="20.5461262"><ele>1949.0</ele><time>2025-02-09T07:56:30Z</time></trkpt>
      <trkpt lat="41.8190626" lon="20.5500581"><ele>1952.5</ele><time>2025-02-09T08:00:28Z</time></trkpt>
      <trkpt lat="41.8184642" lon="20.5509283"><ele>1951.9</ele><time>2025-02-09T08:01:08Z</time></trkpt>
      <trkpt lat="41.8179817" lon="20.5525606"><ele>1949.9</ele><time>2025-02-09T08:02:01Z</time></trkpt>
      <trkpt lat="41.8172832" lon="20.5540707"><ele>1955.6</ele><time>2025-02-09T08:02:51Z</time></trkpt>
      <trkpt lat="41.8157717" lon="20.5584364"><ele>1968.7</ele><time>2025-02-09T08:06:29Z</time></trkpt>
      <trkpt lat="41.8152939" lon="20.5610615"><ele>1984.1</ele><time>2025-02-09T08:23:32Z</time></trkpt>
      <trkpt lat="41.8149735" lon="20.561982"><ele>1994.0</ele><time>2025-02-09T08:25:19Z</time></trkpt>
      <trkpt lat="41.8149981" lon="20.562251"><ele>2001.1</ele><time>2025-02-09T08:25:55Z</time></trkpt>
      <trkpt lat="41.8152327" lon="20.5625821"><ele>2013.2</ele><time>2025-02-09T08:27:06Z</time></trkpt>
      <trkpt lat="41.8150425" lon="20.5631679"><ele>2023.8</ele><time>2025-02-09T08:28:37Z</time></trkpt>
      <trkpt lat="41.8153911" lon="20.5633047"><ele>2036.2</ele><time>2025-02-09T08:29:54Z</time></trkpt>
      <trkpt lat="41.814842" lon="20.5665519"><ele>2057.0</ele><time>2025-02-09T08:43:27Z</time></trkpt>
      <trkpt lat="41.8149037" lon="20.5679833"><ele>2050.7</ele><time>2025-02-09T08:43:57Z</time></trkpt>
      <trkpt lat="41.8158603" lon="20.5721494"><ele>2038.3</ele><time>2025-02-09T08:46:25Z</time></trkpt>
      <trkpt lat="41.8162486" lon="20.5727901"><ele>2034.8</ele><time>2025-02-09T08:46:40Z</time></trkpt>
      <trkpt lat="41.8173561" lon="20.5733827"><ele>2032.8</ele><time>2025-02-09T08:47:10Z</time></trkpt>
      <trkpt lat="41.8182167" lon="20.573049"><ele>2031.2</ele><time>2025-02-09T08:47:35Z</time></trkpt>
      <trkpt lat="41.8201556" lon="20.5736728"><ele>2023.6</ele><time>2025-02-09T08:48:28Z</time></trkpt>
      <trkpt lat="41.8220021" lon="20.5738574"><ele>2019.8</ele><time>2025-02-09T08:49:13Z</time></trkpt>
      <trkpt lat="41.8224409" lon="20.5735217"><ele>2018.1</ele><time>2025-02-09T08:49:28Z</time></trkpt>
      <trkpt lat="41.8226192" lon="20.5731899"><ele>2013.9</ele><time>2025-02-09T08:49:38Z</time></trkpt>
      <trkpt lat="41.8233459" lon="20.5733567"><ele>2010.7</ele><time>2025-02-09T08:49:53Z</time></trkpt>
      <trkpt lat="41.8250045" lon="20.5746924"><ele>2008.5</ele><time>2025-02-09T08:50:49Z</time></trkpt>
      <trkpt lat="41.8260203" lon="20.5750747"><ele>2001.7</ele><time>2025-02-09T08:55:11Z</time></trkpt>
      <trkpt lat="41.8265836" lon="20.5748199"><ele>1999.2</ele><time>2025-02-09T08:55:26Z</time></trkpt>
      <trkpt lat="41.8272129" lon="20.5753759"><ele>1991.8</ele><time>2025-02-09T08:55:41Z</time></trkpt>
      <trkpt lat="41.8277146" lon="20.5754823"><ele>1990.1</ele><time>2025-02-09T08:55:51Z</time></trkpt>
      <trkpt lat="41.8286065" lon="20.576031"><ele>1981.4</ele><time>2025-02-09T08:56:12Z</time></trkpt>
      <trkpt lat="41.8290571" lon="20.5759406"><ele>1975.1</ele><time>2025-02-09T08:56:22Z</time></trkpt>
      <trkpt lat="41.8301309" lon="20.5753089"><ele>1973.5</ele><time>2025-02-09T08:56:48Z</time></trkpt>
      <trkpt lat="41.8306694" lon="20.5755717"><ele>1958.4</ele><time>2025-02-09T08:56:59Z</time></trkpt>
      <trkpt lat="41.8307753" lon="20.5754404"><ele>1958.6</ele><time>2025-02-09T08:57:10Z</time></trkpt>
      <trkpt lat="41.8309583" lon="20.5755504"><ele>1957.6</ele><time>2025-02-09T08:57:15Z</time></trkpt>
      <trkpt lat="41.831768" lon="20.5764204"><ele>1945.3</ele><time>2025-02-09T08:57:40Z</time></trkpt>
      <trkpt lat="41.8320917" lon="20.576252"><ele>1948.0</ele><time>2025-02-09T08:59:01Z</time></trkpt>
      <trkpt lat="41.8326839" lon="20.5763902"><ele>1946.4</ele><time>2025-02-09T08:59:16Z</time></trkpt>
      <trkpt lat="41.8330578" lon="20.5759422"><ele>1946.1</ele><time>2025-02-09T08:59:31Z</time></trkpt>
      <trkpt lat="41.8332105" lon="20.5759522"><ele>1943.9</ele><time>2025-02-09T08:59:36Z</time></trkpt>
      <trkpt lat="41.8337571" lon="20.5768692"><ele>1940.0</ele><time>2025-02-09T09:00:32Z</time></trkpt>
      <trkpt lat="41.8341227" lon="20.5770407"><ele>1937.6</ele><time>2025-02-09T09:00:42Z</time></trkpt>
      <trkpt lat="41.8344706" lon="20.5777352"><ele>1937.4</ele><time>2025-02-09T09:01:02Z</time></trkpt>
      <trkpt lat="41.8348416" lon="20.5779501"><ele>1936.2</ele><time>2025-02-09T09:01:18Z</time></trkpt>
      <trkpt lat="41.8354055" lon="20.5778487"><ele>1933.5</ele><time>2025-02-09T09:01:34Z</time></trkpt>
      <trkpt lat="41.8355752" lon="20.5788991"><ele>1942.7</ele><time>2025-02-09T09:35:16Z</time></trkpt>
      <trkpt lat="41.8362291" lon="20.5791576"><ele>1972.1</ele><time>2025-02-09T09:38:20Z</time></trkpt>
      <trkpt lat="41.8368267" lon="20.5796931"><ele>1972.7</ele><time>2025-02-09T09:39:10Z</time></trkpt>
      <trkpt lat="41.8384518" lon="20.5796794"><ele>1967.3</ele><time>2025-02-09T09:40:00Z</time></trkpt>
      <trkpt lat="41.8390008" lon="20.5800254"><ele>1964.7</ele><time>2025-02-09T09:40:16Z</time></trkpt>
      <trkpt lat="41.8391375" lon="20.5808876"><ele>1964.7</ele><time>2025-02-09T09:40:36Z</time></trkpt>
      <trkpt lat="41.8389416" lon="20.5818887"><ele>1962.3</ele><time>2025-02-09T09:40:56Z</time></trkpt>
      <trkpt lat="41.8388057" lon="20.5821612"><ele>1965.0</ele><time>2025-02-09T09:41:02Z</time></trkpt>
      <trkpt lat="41.8379858" lon="20.5827132"><ele>1964.0</ele><time>2025-02-09T09:41:43Z</time></trkpt>
      <trkpt lat="41.8378408" lon="20.5829759"><ele>1966.3</ele><time>2025-02-09T09:42:04Z</time></trkpt>
      <trkpt lat="41.8383266" lon="20.584313"><ele>1961.5</ele><time>2025-02-09T09:43:44Z</time></trkpt>
      <trkpt lat="41.838568" lon="20.5846823"><ele>1957.2</ele><time>2025-02-09T09:43:54Z</time></trkpt>
      <trkpt lat="41.8387396" lon="20.5854964"><ele>1953.8</ele><time>2025-02-09T09:44:04Z</time></trkpt>
      <trkpt lat="41.8387199" lon="20.5860267"><ele>1947.5</ele><time>2025-02-09T09:44:14Z</time></trkpt>
      <trkpt lat="41.8393148" lon="20.5876551"><ele>1933.3</ele><time>2025-02-09T09:44:35Z</time></trkpt>
      <trkpt lat="41.8393725" lon="20.5886988"><ele>1931.5</ele><time>2025-02-09T09:44:55Z</time></trkpt>
      <trkpt lat="41.8397841" lon="20.5900104"><ele>1929.8</ele><time>2025-02-09T09:46:22Z</time></trkpt>
      <trkpt lat="41.8403007" lon="20.5904898"><ele>1934.5</ele><time>2025-02-09T09:47:12Z</time></trkpt>
      <trkpt lat="41.8406653" lon="20.5922322"><ele>1938.3</ele><time>2025-02-09T09:48:27Z</time></trkpt>
      <trkpt lat="41.8419208" lon="20.595061"><ele>1933.2</ele><time>2025-02-09T09:50:30Z</time></trkpt>
      <trkpt lat="41.8421795" lon="20.5961498"><ele>1932.5</ele><time>2025-02-09T09:51:46Z</time></trkpt>
      <trkpt lat="41.8421178" lon="20.5963542"><ele>1935.3</ele><time>2025-02-09T09:52:32Z</time></trkpt>
      <trkpt lat="41.8424732" lon="20.5988064"><ele>1919.2</ele><time>2025-02-09T10:07:22Z</time></trkpt>
      <trkpt lat="41.8439846" lon="20.6006793"><ele>1900.8</ele><time>2025-02-09T10:07:49Z</time></trkpt>
      <trkpt lat="41.8440183" lon="20.6027419"><ele>1887.2</ele><time>2025-02-09T10:08:52Z</time></trkpt>
      <trkpt lat="41.8457364" lon="20.6054559"><ele>1860.0</ele><time>2025-02-09T10:09:35Z</time></trkpt>
      <trkpt lat="41.845084" lon="20.607089"><ele>1844.8</ele><time>2025-02-09T10:10:00Z</time></trkpt>
      <trkpt lat="41.8446534" lon="20.6072913"><ele>1843.1</ele><time>2025-02-09T10:12:55Z</time></trkpt>
      <trkpt lat="41.8446775" lon="20.6076068"><ele>1840.3</ele><time>2025-02-09T10:13:00Z</time></trkpt>
      <trkpt lat="41.8461044" lon="20.6109968"><ele>1797.3</ele><time>2025-02-09T10:13:31Z</time></trkpt>
      <trkpt lat="41.8466764" lon="20.6130533"><ele>1766.9</ele><time>2025-02-09T10:13:47Z</time></trkpt>
      <trkpt lat="41.8481902" lon="20.6166177"><ele>1714.1</ele><time>2025-02-09T10:14:12Z</time></trkpt>
      <trkpt lat="41.8486679" lon="20.6185828"><ele>1675.8</ele><time>2025-02-09T10:14:28Z</time></trkpt>
      <trkpt lat="41.8499831" lon="20.6182606"><ele>1656.1</ele><time>2025-02-09T10:15:15Z</time></trkpt>
      <trkpt lat="41.8501728" lon="20.6186435"><ele>1646.3</ele><time>2025-02-09T10:15:20Z</time></trkpt>
      <trkpt lat="41.8510077" lon="20.6193049"><ele>1622.5</ele><time>2025-02-09T10:15:30Z</time></trkpt>
      <trkpt lat="41.8514274" lon="20.6198604"><ele>1613.5</ele><time>2025-02-09T10:15:35Z</time></trkpt>
      <trkpt lat="41.8513604" lon="20.6205133"><ele>1582.4</ele><time>2025-02-09T10:15:40Z</time></trkpt>
      <trkpt lat="41.8521633" lon="20.6220439"><ele>1538.4</ele><time>2025-02-09T10:16:05Z</time></trkpt>
      <trkpt lat="41.8519113" lon="20.6222851"><ele>1533.8</ele><time>2025-02-09T10:16:20Z</time></trkpt>
      <trkpt lat="41.8519436" lon="20.6223922"><ele>1532.4</ele><time>2025-02-09T10:16:25Z</time></trkpt>
      <trkpt lat="41.8528651" lon="20.622747"><ele>1530.9</ele><time>2025-02-09T10:17:21Z</time></trkpt>
      <trkpt lat="41.8532518" lon="20.6226174"><ele>1535.9</ele><time>2025-02-09T10:29:54Z</time></trkpt>
      <trkpt lat="41.8538189" lon="20.622995"><ele>1537.1</ele><time>2025-02-09T10:31:15Z</time></trkpt>
      <trkpt lat="41.8554277" lon="20.6253588"><ele>1542.7</ele><time>2025-02-09T10:36:04Z</time></trkpt>
      <trkpt lat="41.8557023" lon="20.6260006"><ele>1536.4</ele><time>2025-02-09T10:36:45Z</time></trkpt>
      <trkpt lat="41.8562161" lon="20.6263091"><ele>1542.5</ele><time>2025-02-09T10:37:35Z</time></trkpt>
      <trkpt lat="41.856352" lon="20.6266902"><ele>1542.4</ele><time>2025-02-09T10:38:00Z</time></trkpt>
      <trkpt lat="41.856347" lon="20.6273042"><ele>1543.8</ele><time>2025-02-09T10:38:35Z</time></trkpt>
      <trkpt lat="41.8568855" lon="20.6278999"><ele>1545.7</ele><time>2025-02-09T10:39:45Z</time></trkpt>
      <trkpt lat="41.857082" lon="20.6289848"><ele>1548.4</ele><time>2025-02-09T10:41:05Z</time></trkpt>
      <trkpt lat="41.8575964" lon="20.6302727"><ele>1551.0</ele><time>2025-02-09T10:43:39Z</time></trkpt>
      <trkpt lat="41.8582728" lon="20.6315183"><ele>1553.9</ele><time>2025-02-09T10:45:53Z</time></trkpt>
      <trkpt lat="41.8584716" lon="20.6316701"><ele>1554.2</ele><time>2025-02-09T10:46:19Z</time></trkpt>
      <trkpt lat="41.8585976" lon="20.6319817"><ele>1552.9</ele><time>2025-02-09T10:46:41Z</time></trkpt>
      <trkpt lat="41.858513" lon="20.6320952"><ele>1554.5</ele><time>2025-02-09T10:46:53Z</time></trkpt>
      <trkpt lat="41.8588428" lon="20.6327274"><ele>1553.7</ele><time>2025-02-09T10:47:56Z</time></trkpt>
      <trkpt lat="41.85917" lon="20.6329358"><ele>1558.1</ele><time>2025-02-09T10:48:44Z</time></trkpt>
      <trkpt lat="41.8592315" lon="20.6335068"><ele>1556.3</ele><time>2025-02-09T10:49:16Z</time></trkpt>
      <trkpt lat="41.8595298" lon="20.6342519"><ele>1559.3</ele><time>2025-02-09T10:50:20Z</time></trkpt>
      <trkpt lat="41.8615224" lon="20.6372621"><ele>1568.7</ele><time>2025-02-09T10:56:21Z</time></trkpt>
      <trkpt lat="41.8619618" lon="20.638119"><ele>1569.6</ele><time>2025-02-09T10:57:41Z</time></trkpt>
      <trkpt lat="41.8626543" lon="20.6388981"><ele>1572.7</ele><time>2025-02-09T10:59:22Z</time></trkpt>
      <trkpt lat="41.8637268" lon="20.6407479"><ele>1580.6</ele><time>2025-02-09T11:02:40Z</time></trkpt>
      <trkpt lat="41.8649602" lon="20.6419042"><ele>1583.7</ele><time>2025-02-09T11:05:25Z</time></trkpt>
      <trkpt lat="41.8660818" lon="20.6432598"><ele>1589.5</ele><time>2025-02-09T11:08:05Z</time></trkpt>
      <trkpt lat="41.8667362" lon="20.6436403"><ele>1591.9</ele><time>2025-02-09T11:09:25Z</time></trkpt>
      <trkpt lat="41.8674554" lon="20.6444142"><ele>1588.5</ele><time>2025-02-09T11:10:45Z</time></trkpt>
      <trkpt lat="41.8683651" lon="20.6448818"><ele>1591.5</ele><time>2025-02-09T11:12:26Z</time></trkpt>
      <trkpt lat="41.8698008" lon="20.6449284"><ele>1601.5</ele><time>2025-02-09T11:15:21Z</time></trkpt>
      <trkpt lat="41.8720058" lon="20.6460783"><ele>1607.7</ele><time>2025-02-09T11:19:33Z</time></trkpt>
      <trkpt lat="41.8723929" lon="20.6465463"><ele>1609.4</ele><time>2025-02-09T11:20:31Z</time></trkpt>
      <trkpt lat="41.8727612" lon="20.6473699"><ele>1610.4</ele><time>2025-02-09T11:21:54Z</time></trkpt>
      <trkpt lat="41.87344" lon="20.6481641"><ele>1610.4</ele><time>2025-02-09T11:23:28Z</time></trkpt>
      <trkpt lat="41.8735782" lon="20.6485805"><ele>1616.5</ele><time>2025-02-09T12:00:17Z</time></trkpt>
      <trkpt lat="41.8740933" lon="20.6493554"><ele>1616.0</ele><time>2025-02-09T12:02:14Z</time></trkpt>
      <trkpt lat="41.8750812" lon="20.6488443"><ele>1633.2</ele><time>2025-02-09T12:04:44Z</time></trkpt>
      <trkpt lat="41.877093" lon="20.649038"><ele>1661.5</ele><time>2025-02-09T12:09:19Z</time></trkpt>
      <trkpt lat="41.8777623" lon="20.6495929"><ele>1669.1</ele><time>2025-02-09T12:10:55Z</time></trkpt>
      <trkpt lat="41.8780452" lon="20.6508301"><ele>1648.4</ele><time>2025-02-09T12:11:32Z</time></trkpt>
      <trkpt lat="41.8795191" lon="20.6517193"><ele>1656.3</ele><time>2025-02-09T12:14:07Z</time></trkpt>
      <trkpt lat="41.8799406" lon="20.6521546"><ele>1655.9</ele><time>2025-02-09T12:14:49Z</time></trkpt>
      <trkpt lat="41.8807242" lon="20.6524688"><ele>1664.5</ele><time>2025-02-09T12:16:36Z</time></trkpt>
      <trkpt lat="41.8823669" lon="20.656634"><ele>1685.1</ele><time>2025-02-09T12:22:44Z</time></trkpt>
      <trkpt lat="41.8830286" lon="20.6573669"><ele>1686.3</ele><time>2025-02-09T12:29:29Z</time></trkpt>
      <trkpt lat="41.8830487" lon="20.6577066"><ele>1692.6</ele><time>2025-02-09T12:30:07Z</time></trkpt>
      <trkpt lat="41.8834427" lon="20.6586542"><ele>1709.9</ele><time>2025-02-09T12:32:09Z</time></trkpt>
      <trkpt lat="41.8838977" lon="20.6602699"><ele>1735.2</ele><time>2025-02-09T12:35:21Z</time></trkpt>
      <trkpt lat="41.8843264" lon="20.6606271"><ele>1741.8</ele><time>2025-02-09T12:36:31Z</time></trkpt>
      <trkpt lat="41.8854886" lon="20.6621024"><ele>1771.8</ele><time>2025-02-09T12:39:48Z</time></trkpt>
      <trkpt lat="41.8869533" lon="20.6632436"><ele>1771.5</ele><time>2025-02-09T12:42:23Z</time></trkpt>
      <trkpt lat="41.8874809" lon="20.6641272"><ele>1774.5</ele><time>2025-02-09T12:43:48Z</time></trkpt>
      <trkpt lat="41.8879343" lon="20.6655924"><ele>1785.6</ele><time>2025-02-09T12:46:01Z</time></trkpt>
      <trkpt lat="41.8880987" lon="20.6671174"><ele>1793.5</ele><time>2025-02-09T12:48:25Z</time></trkpt>
      <trkpt lat="41.8891754" lon="20.6700215"><ele>1819.0</ele><time>2025-02-09T12:53:05Z</time></trkpt>
      <trkpt lat="41.8902734" lon="20.6711383"><ele>1840.3</ele><time>2025-02-09T12:55:45Z</time></trkpt>
      <trkpt lat="41.8904805" lon="20.6716407"><ele>1846.3</ele><time>2025-02-09T12:56:28Z</time></trkpt>
      <trkpt lat="41.8914469" lon="20.6727445"><ele>1865.3</ele><time>2025-02-09T12:58:41Z</time></trkpt>
      <trkpt lat="41.8922534" lon="20.6734118"><ele>1877.9</ele><time>2025-02-09T13:00:12Z</time></trkpt>
      <trkpt lat="41.8932115" lon="20.6736403"><ele>1892.1</ele><time>2025-02-09T13:01:53Z</time></trkpt>
      <trkpt lat="41.8930862" lon="20.6738992"><ele>1899.3</ele><time>2025-02-09T13:02:36Z</time></trkpt>
      <trkpt lat="41.8948267" lon="20.6754862"><ele>1944.6</ele><time>2025-02-09T13:06:30Z</time></trkpt>
      <trkpt lat="41.8943632" lon="20.6763654"><ele>1961.0</ele><time>2025-02-09T13:08:01Z</time></trkpt>
      <trkpt lat="41.894501" lon="20.6772817"><ele>1978.9</ele><time>2025-02-09T13:09:21Z</time></trkpt>
      <trkpt lat="41.8950231" lon="20.677948"><ele>1987.9</ele><time>2025-02-09T13:10:41Z</time></trkpt>
      <trkpt lat="41.8955018" lon="20.6789131"><ele>1995.8</ele><time>2025-02-09T13:12:01Z</time></trkpt>
      <trkpt lat="41.8962365" lon="20.6825305"><ele>2025.7</ele><time>2025-02-09T13:16:28Z</time></trkpt>
      <trkpt lat="41.896492" lon="20.6823482"><ele>2011.6</ele><time>2025-02-09T13:17:10Z</time></trkpt>
      <trkpt lat="41.8965894" lon="20.6829955"><ele>2028.2</ele><time>2025-02-09T13:17:48Z</time></trkpt>
      <trkpt lat="41.8969964" lon="20.6838475"><ele>2042.5</ele><time>2025-02-09T13:19:08Z</time></trkpt>
      <trkpt lat="41.8983059" lon="20.6858865"><ele>2077.2</ele><time>2025-02-09T13:22:46Z</time></trkpt>
      <trkpt lat="41.8993922" lon="20.6888148"><ele>2107.9</ele><time>2025-02-09T13:28:12Z</time></trkpt>
      <trkpt lat="41.8997385" lon="20.690379"><ele>2121.8</ele><time>2025-02-09T13:29:58Z</time></trkpt>
      <trkpt lat="41.9001387" lon="20.6935028"><ele>2135.9</ele><time>2025-02-09T13:33:20Z</time></trkpt>
      <trkpt lat="41.9007123" lon="20.6956843"><ele>2145.1</ele><time>2025-02-09T13:35:54Z</time></trkpt>
      <trkpt lat="41.901869" lon="20.6955188"><ele>2148.0</ele><time>2025-02-09T13:37:52Z</time></trkpt>
      <trkpt lat="41.9033493" lon="20.6958064"><ele>2147.1</ele><time>2025-02-09T14:13:59Z</time></trkpt>
      <trkpt lat="41.904378" lon="20.6956872"><ele>2137.1</ele><time>2025-02-09T14:14:20Z</time></trkpt>
      <trkpt lat="41.9055249" lon="20.6952867"><ele>2126.3</ele><time>2025-02-09T14:14:41Z</time></trkpt>
      <trkpt lat="41.9074648" lon="20.6964174"><ele>2105.3</ele><time>2025-02-09T14:15:21Z</time></trkpt>
      <trkpt lat="41.9082223" lon="20.697289"><ele>2103.9</ele><time>2025-02-09T14:15:37Z</time></trkpt>
      <trkpt lat="41.9090552" lon="20.6974118"><ele>2094.1</ele><time>2025-02-09T14:15:52Z</time></trkpt>
      <trkpt lat="41.909936" lon="20.6980233"><ele>2086.8</ele><time>2025-02-09T14:16:07Z</time></trkpt>
      <trkpt lat="41.9111953" lon="20.6979497"><ele>2067.9</ele><time>2025-02-09T14:16:28Z</time></trkpt>
      <trkpt lat="41.9111743" lon="20.6982615"><ele>2065.7</ele><time>2025-02-09T14:16:53Z</time></trkpt>
      <trkpt lat="41.9112891" lon="20.6984257"><ele>2060.0</ele><time>2025-02-09T14:18:27Z</time></trkpt>
      <trkpt lat="41.9125746" lon="20.6991526"><ele>2039.3</ele><time>2025-02-09T14:18:43Z</time></trkpt>
      <trkpt lat="41.9141812" lon="20.6995432"><ele>2008.6</ele><time>2025-02-09T14:19:04Z</time></trkpt>
      <trkpt lat="41.9146205" lon="20.700247"><ele>1997.0</ele><time>2025-02-09T14:19:20Z</time></trkpt>
      <trkpt lat="41.9147537" lon="20.7007467"><ele>1992.4</ele><time>2025-02-09T14:19:31Z</time></trkpt>
      <trkpt lat="41.9156198" lon="20.7006296"><ele>1981.4</ele><time>2025-02-09T14:20:27Z</time></trkpt>
      <trkpt lat="41.915708" lon="20.7011688"><ele>1968.1</ele><time>2025-02-09T14:21:51Z</time></trkpt>
      <trkpt lat="41.9155836" lon="20.7015912"><ele>1959.9</ele><time>2025-02-09T14:21:56Z</time></trkpt>
      <trkpt lat="41.915692" lon="20.7020942"><ele>1937.3</ele><time>2025-02-09T14:22:02Z</time></trkpt>
      <trkpt lat="41.9166476" lon="20.7035765"><ele>1858.9</ele><time>2025-02-09T14:22:23Z</time></trkpt>
      <trkpt lat="41.9176637" lon="20.7036746"><ele>1826.9</ele><time>2025-02-09T14:22:39Z</time></trkpt>
      <trkpt lat="41.9178078" lon="20.7039113"><ele>1823.6</ele><time>2025-02-09T14:22:44Z</time></trkpt>
      <trkpt lat="41.9180348" lon="20.7039485"><ele>1816.4</ele><time>2025-02-09T14:22:50Z</time></trkpt>
      <trkpt lat="41.9182009" lon="20.7037987"><ele>1807.4</ele><time>2025-02-09T14:23:37Z</time></trkpt>
      <trkpt lat="41.918434" lon="20.7040439"><ele>1806.0</ele><time>2025-02-09T14:23:48Z</time></trkpt>
      <trkpt lat="41.9207473" lon="20.7033912"><ele>1798.6</ele><time>2025-02-09T14:32:28Z</time></trkpt>
      <trkpt lat="41.9216951" lon="20.703675"><ele>1814.6</ele><time>2025-02-09T14:34:55Z</time></trkpt>
      <trkpt lat="41.9223254" lon="20.7041643"><ele>1834.3</ele><time>2025-02-09T14:36:52Z</time></trkpt>
      <trkpt lat="41.9224761" lon="20.7044793"><ele>1840.8</ele><time>2025-02-09T14:37:39Z</time></trkpt>
      <trkpt lat="41.9224219" lon="20.7046935"><ele>1848.1</ele><time>2025-02-09T14:38:04Z</time></trkpt>
      <trkpt lat="41.9226128" lon="20.7046132"><ele>1850.3</ele><time>2025-02-09T14:38:34Z</time></trkpt>
      <trkpt lat="41.9232745" lon="20.7051986"><ele>1871.5</ele><time>2025-02-09T14:40:46Z</time></trkpt>
      <trkpt lat="41.9241269" lon="20.7054176"><ele>1872.6</ele><time>2025-02-09T14:42:40Z</time></trkpt>
      <trkpt lat="41.9246638" lon="20.7057854"><ele>1880.7</ele><time>2025-02-09T14:44:11Z</time></trkpt>
      <trkpt lat="41.9257973" lon="20.7061755"><ele>1880.7</ele><time>2025-02-09T14:50:50Z</time></trkpt>
      <trkpt lat="41.9263951" lon="20.7061735"><ele>1888.0</ele><time>2025-02-09T14:51:33Z</time></trkpt>
      <trkpt lat="41.9269677" lon="20.7064774"><ele>1900.2</ele><time>2025-02-09T14:52:42Z</time></trkpt>
      <trkpt lat="41.9268741" lon="20.7066721"><ele>1903.7</ele><time>2025-02-09T14:53:09Z</time></trkpt>
      <trkpt lat="41.9270766" lon="20.7068872"><ele>1912.0</ele><time>2025-02-09T14:53:51Z</time></trkpt>
      <trkpt lat="41.9274777" lon="20.7067748"><ele>1922.8</ele><time>2025-02-09T14:54:55Z</time></trkpt>
      <trkpt lat="41.9278492" lon="20.7070863"><ele>1933.3</ele><time>2025-02-09T14:55:59Z</time></trkpt>
      <trkpt lat="41.9281261" lon="20.707061"><ele>1936.3</ele><time>2025-02-09T14:56:37Z</time></trkpt>
      <trkpt lat="41.9288329" lon="20.7075064"><ele>1950.8</ele><time>2025-02-09T14:58:18Z</time></trkpt>
      <trkpt lat="41.9299509" lon="20.7085622"><ele>1980.8</ele><time>2025-02-09T15:01:09Z</time></trkpt>
      <trkpt lat="41.9302104" lon="20.7084128"><ele>1985.9</ele><time>2025-02-09T15:01:41Z</time></trkpt>
      <trkpt lat="41.9302185" lon="20.7087336"><ele>1990.6</ele><time>2025-02-09T15:02:13Z</time></trkpt>
      <trkpt lat="41.9307801" lon="20.7081522"><ele>2005.0</ele><time>2025-02-09T15:03:38Z</time></trkpt>
      <trkpt lat="41.9307692" lon="20.7078499"><ele>2013.5</ele><time>2025-02-09T15:04:10Z</time></trkpt>
      <trkpt lat="41.9309015" lon="20.7076596"><ele>2016.9</ele><time>2025-02-09T15:04:37Z</time></trkpt>
      <trkpt lat="41.9310552" lon="20.707914"><ele>2022.0</ele><time>2025-02-09T15:05:14Z</time></trkpt>
      <trkpt lat="41.9314146" lon="20.7075228"><ele>2027.5</ele><time>2025-02-09T15:07:01Z</time></trkpt>
      <trkpt lat="41.9318344" lon="20.7076382"><ele>2043.5</ele><time>2025-02-09T15:08:25Z</time></trkpt>
      <trkpt lat="41.9321743" lon="20.7090656"><ele>2073.7</ele><time>2025-02-09T15:11:59Z</time></trkpt>
      <trkpt lat="41.9326703" lon="20.7088633"><ele>2087.5</ele><time>2025-02-09T15:13:29Z</time></trkpt>
      <trkpt lat="41.9333999" lon="20.7090811"><ele>2103.5</ele><time>2025-02-09T15:15:43Z</time></trkpt>
      <trkpt lat="41.9332945" lon="20.7096942"><ele>2118.5</ele><time>2025-02-09T15:17:08Z</time></trkpt>
      <trkpt lat="41.9337087" lon="20.7108664"><ele>2152.7</ele><time>2025-02-09T15:21:13Z</time></trkpt>
      <trkpt lat="41.9339409" lon="20.7108422"><ele>2162.0</ele><time>2025-02-09T15:21:56Z</time></trkpt>
      <trkpt lat="41.934674" lon="20.7114531"><ele>2199.0</ele><time>2025-02-09T15:24:57Z</time></trkpt>
      <trkpt lat="41.9355412" lon="20.7115438"><ele>2209.0</ele><time>2025-02-09T15:27:05Z</time></trkpt>
      <trkpt lat="41.9359461" lon="20.71184"><ele>2230.9</ele><time>2025-02-09T15:28:04Z</time></trkpt>
      <trkpt lat="41.9361445" lon="20.7117142"><ele>2236.6</ele><time>2025-02-09T15:28:36Z</time></trkpt>
      <trkpt lat="41.9361585" lon="20.7115473"><ele>2234.2</ele><time>2025-02-09T15:29:04Z</time></trkpt>
      <trkpt lat="41.9368051" lon="20.7114384"><ele>2218.3</ele><time>2025-02-09T15:57:47Z</time></trkpt>
      <trkpt lat="41.9375274" lon="20.709921"><ele>2180.6</ele><time>2025-02-09T15:58:12Z</time></trkpt>
      <trkpt lat="41.9373695" lon="20.7096552"><ele>2172.3</ele><time>2025-02-09T15:58:18Z</time></trkpt>
      <trkpt lat="41.9385266" lon="20.708732"><ele>2137.3</ele><time>2025-02-09T15:58:34Z</time></trkpt>
      <trkpt lat="41.938748" lon="20.7083113"><ele>2126.0</ele><time>2025-02-09T15:58:39Z</time></trkpt>
      <trkpt lat="41.9405098" lon="20.7074733"><ele>2088.7</ele><time>2025-02-09T15:58:55Z</time></trkpt>
      <trkpt lat="41.9417623" lon="20.7074906"><ele>2076.7</ele><time>2025-02-09T15:59:15Z</time></trkpt>
      <trkpt lat="41.9419986" lon="20.7076155"><ele>2073.4</ele><time>2025-02-09T15:59:20Z</time></trkpt>
      <trkpt lat="41.9421186" lon="20.7074592"><ele>2071.9</ele><time>2025-02-09T15:59:25Z</time></trkpt>
      <trkpt lat="41.9428242" lon="20.7075034"><ele>2060.7</ele><time>2025-02-09T15:59:36Z</time></trkpt>
      <trkpt lat="41.9436392" lon="20.7071439"><ele>2054.0</ele><time>2025-02-09T16:02:12Z</time></trkpt>
      <trkpt lat="41.9456951" lon="20.7072702"><ele>2008.5</ele><time>2025-02-09T16:02:33Z</time></trkpt>
      <trkpt lat="41.9470433" lon="20.7077052"><ele>1986.5</ele><time>2025-02-09T16:02:43Z</time></trkpt>
      <trkpt lat="41.94861" lon="20.7078473"><ele>1948.9</ele><time>2025-02-09T16:02:54Z</time></trkpt>
      <trkpt lat="41.9493838" lon="20.7077187"><ele>1927.4</ele><time>2025-02-09T16:02:59Z</time></trkpt>
      <trkpt lat="41.9515666" lon="20.7080725"><ele>1905.4</ele><time>2025-02-09T16:03:15Z</time></trkpt>
      <trkpt lat="41.9534375" lon="20.7091192"><ele>1865.5</ele><time>2025-02-09T16:05:00Z</time></trkpt>
      <trkpt lat="41.9566595" lon="20.7087967"><ele>1784.6</ele><time>2025-02-09T16:05:25Z</time></trkpt>
      <trkpt lat="41.9582542" lon="20.7093675"><ele>1741.4</ele><time>2025-02-09T16:05:40Z</time></trkpt>
      <trkpt lat="41.9591315" lon="20.7089848"><ele>1727.0</ele><time>2025-02-09T16:05:50Z</time></trkpt>
      <trkpt lat="41.9592446" lon="20.7103912"><ele>1710.1</ele><time>2025-02-09T16:07:53Z</time></trkpt>
      <trkpt lat="41.9591333" lon="20.7109186"><ele>1703.7</ele><time>2025-02-09T16:07:58Z</time></trkpt>
      <trkpt lat="41.9596198" lon="20.711011"><ele>1691.8</ele><time>2025-02-09T16:08:04Z</time></trkpt>
      <trkpt lat="41.9601239" lon="20.7105955"><ele>1674.0</ele><time>2025-02-09T16:08:14Z</time></trkpt>
      <trkpt lat="41.9603381" lon="20.7100589"><ele>1666.3</ele><time>2025-02-09T16:08:20Z</time></trkpt>
      <trkpt lat="41.9606098" lon="20.7100665"><ele>1660.0</ele><time>2025-02-09T16:08:25Z</time></trkpt>
      <trkpt lat="41.9605212" lon="20.7104325"><ele>1651.8</ele><time>2025-02-09T16:08:30Z</time></trkpt>
      <trkpt lat="41.9614971" lon="20.711063"><ele>1609.2</ele><time>2025-02-09T16:09:08Z</time></trkpt>
      <trkpt lat="41.9625798" lon="20.7106996"><ele>1562.5</ele><time>2025-02-09T16:09:45Z</time></trkpt>
      <trkpt lat="41.9629356" lon="20.7108131"><ele>1549.3</ele><time>2025-02-09T16:10:28Z</time></trkpt>
      <trkpt lat="41.9629557" lon="20.7109398"><ele>1546.2</ele><time>2025-02-09T16:10:33Z</time></trkpt>
      <trkpt lat="41.9636337" lon="20.7110383"><ele>1525.3</ele><time>2025-02-09T16:10:49Z</time></trkpt>
      <trkpt lat="41.9638819" lon="20.7114645"><ele>1516.6</ele><time>2025-02-09T16:11:05Z</time></trkpt>
      <trkpt lat="41.9637577" lon="20.7118557"><ele>1513.7</ele><time>2025-02-09T16:11:21Z</time></trkpt>
      <trkpt lat="41.9637873" lon="20.7122488"><ele>1507.8</ele><time>2025-02-09T16:11:26Z</time></trkpt>
      <trkpt lat="41.9639414" lon="20.7124061"><ele>1504.7</ele><time>2025-02-09T16:11:31Z</time></trkpt>
      <trkpt lat="41.9653" lon="20.7112679"><ele>1497.6</ele><time>2025-02-09T16:17:32Z</time></trkpt>
      <trkpt lat="41.9658905" lon="20.7112772"><ele>1499.0</ele><time>2025-02-09T16:18:49Z</time></trkpt>
      <trkpt lat="41.9660173" lon="20.7111099"><ele>1501.9</ele><time>2025-02-09T16:19:09Z</time></trkpt>
      <trkpt lat="41.9682967" lon="20.7112656"><ele>1482.2</ele><time>2025-02-09T16:35:36Z</time></trkpt>
      <trkpt lat="41.9692636" lon="20.7110942"><ele>1481.2</ele><time>2025-02-09T16:36:56Z</time></trkpt>
      <trkpt lat="41.9713477" lon="20.709556"><ele>1467.7</ele><time>2025-02-09T16:39:57Z</time></trkpt>
      <trkpt lat="41.9723114" lon="20.7093407"><ele>1462.0</ele><time>2025-02-09T16:41:10Z</time></trkpt>
      <trkpt lat="41.9732879" lon="20.7084673"><ele>1456.4</ele><time>2025-02-09T16:42:36Z</time></trkpt>
      <trkpt lat="41.9738958" lon="20.7085546"><ele>1454.5</ele><time>2025-02-09T16:43:22Z</time></trkpt>
      <trkpt lat="41.9749435" lon="20.7082865"><ele>1448.2</ele><time>2025-02-09T17:04:59Z</time></trkpt>
      <trkpt lat="41.975909" lon="20.7086345"><ele>1447.6</ele><time>2025-02-09T17:05:41Z</time></trkpt>
      <trkpt lat="41.9764015" lon="20.7084404"><ele>1442.3</ele><time>2025-02-09T17:06:02Z</time></trkpt>
      <trkpt lat="41.9769" lon="20.7079798"><ele>1442.0</ele><time>2025-02-09T17:06:27Z</time></trkpt>
      <trkpt lat="41.9777915" lon="20.7078475"><ele>1439.6</ele><time>2025-02-09T17:07:07Z</time></trkpt>
      <trkpt lat="41.9811878" lon="20.7081391"><ele>1423.4</ele><time>2025-02-09T17:09:41Z</time></trkpt>
      <trkpt lat="41.9824066" lon="20.7087087"><ele>1416.1</ele><time>2025-02-09T17:11:02Z</time></trkpt>
      <trkpt lat="41.9832507" lon="20.7088414"><ele>1413.0</ele><time>2025-02-09T17:11:43Z</time></trkpt>
      <trkpt lat="41.9838751" lon="20.7085002"><ele>1409.4</ele><time>2025-02-09T17:12:13Z</time></trkpt>
      <trkpt lat="41.9843699" lon="20.7079199"><ele>1404.4</ele><time>2025-02-09T17:13:00Z</time></trkpt>
      <trkpt lat="41.9856861" lon="20.7070129"><ele>1399.8</ele><time>2025-02-09T17:14:37Z</time></trkpt>
      <trkpt lat="41.9868911" lon="20.7067751"><ele>1394.2</ele><time>2025-02-09T17:15:55Z</time></trkpt>
      <trkpt lat="41.987649" lon="20.7063755"><ele>1390.4</ele><time>2025-02-09T17:16:26Z</time></trkpt>
      <trkpt lat="41.9899736" lon="20.705577"><ele>1386.4</ele><time>2025-02-09T17:18:37Z</time></trkpt>
      <trkpt lat="41.9912185" lon="20.7054429"><ele>1387.9</ele><time>2025-02-09T17:24:29Z</time></trkpt>
      <trkpt lat="41.9912185" lon="20.7054429"><ele>1387.9</ele><time>2025-02-09T17:24:29Z</time></trkpt>
      <trkpt lat="41.9914984" lon="20.7056606"><ele>1395.6</ele><time>2025-02-10T09:56:13Z</time></trkpt>
      <trkpt lat="41.9917364" lon="20.7067814"><ele>1394.5</ele><time>2025-02-10T09:58:02Z</time></trkpt>
      <trkpt lat="41.991856" lon="20.7082328"><ele>1389.5</ele><time>2025-02-10T09:59:53Z</time></trkpt>
      <trkpt lat="41.991789" lon="20.7088874"><ele>1401.6</ele><time>2025-02-10T10:00:30Z</time></trkpt>
      <trkpt lat="41.9918906" lon="20.7089819"><ele>1404.6</ele><time>2025-02-10T10:00:41Z</time></trkpt>
      <trkpt lat="41.9919862" lon="20.7109022"><ele>1401.6</ele><time>2025-02-10T10:02:44Z</time></trkpt>
      <trkpt lat="41.9921691" lon="20.7115376"><ele>1414.9</ele><time>2025-02-10T10:03:26Z</time></trkpt>
      <trkpt lat="41.9921786" lon="20.7122356"><ele>1419.5</ele><time>2025-02-10T10:04:13Z</time></trkpt>
      <trkpt lat="41.9927948" lon="20.7130182"><ele>1430.5</ele><time>2025-02-10T10:05:36Z</time></trkpt>
      <trkpt lat="41.9929157" lon="20.7135363"><ele>1430.0</ele><time>2025-02-10T10:06:11Z</time></trkpt>
      <trkpt lat="41.9933089" lon="20.7140822"><ele>1436.1</ele><time>2025-02-10T10:07:18Z</time></trkpt>
      <trkpt lat="41.9932236" lon="20.7147295"><ele>1434.8</ele><time>2025-02-10T10:08:05Z</time></trkpt>
      <trkpt lat="41.9933494" lon="20.7153056"><ele>1441.0</ele><time>2025-02-10T10:09:09Z</time></trkpt>
      <trkpt lat="41.9933011" lon="20.7159321"><ele>1443.2</ele><time>2025-02-10T10:09:56Z</time></trkpt>
      <trkpt lat="41.9934116" lon="20.7163629"><ele>1447.6</ele><time>2025-02-10T10:10:31Z</time></trkpt>
      <trkpt lat="41.9933242" lon="20.7166139"><ele>1448.5</ele><time>2025-02-10T10:10:51Z</time></trkpt>
      <trkpt lat="41.9934629" lon="20.717511"><ele>1454.6</ele><time>2025-02-10T10:12:02Z</time></trkpt>
      <trkpt lat="41.9932634" lon="20.7179868"><ele>1456.1</ele><time>2025-02-10T10:12:52Z</time></trkpt>
      <trkpt lat="41.993374" lon="20.7181806"><ele>1462.1</ele><time>2025-02-10T10:13:17Z</time></trkpt>
      <trkpt lat="41.9933104" lon="20.7187935"><ele>1465.4</ele><time>2025-02-10T10:16:20Z</time></trkpt>
      <trkpt lat="41.9934433" lon="20.7188423"><ele>1465.2</ele><time>2025-02-10T10:16:41Z</time></trkpt>
      <trkpt lat="41.9934915" lon="20.719783"><ele>1476.3</ele><time>2025-02-10T10:19:37Z</time></trkpt>
      <trkpt lat="41.9939196" lon="20.7209786"><ele>1484.7</ele><time>2025-02-10T10:21:13Z</time></trkpt>
      <trkpt lat="41.9941504" lon="20.7211339"><ele>1491.3</ele><time>2025-02-10T10:21:39Z</time></trkpt>
      <trkpt lat="41.9945416" lon="20.7219496"><ele>1492.2</ele><time>2025-02-10T10:23:12Z</time></trkpt>
      <trkpt lat="41.9948411" lon="20.7220552"><ele>1496.0</ele><time>2025-02-10T10:24:37Z</time></trkpt>
      <trkpt lat="41.9952642" lon="20.722525"><ele>1505.0</ele><time>2025-02-10T10:26:08Z</time></trkpt>
      <trkpt lat="41.9957737" lon="20.722646"><ele>1508.1</ele><time>2025-02-10T10:27:05Z</time></trkpt>
      <trkpt lat="41.9964713" lon="20.7233862"><ele>1524.7</ele><time>2025-02-10T10:29:12Z</time></trkpt>
      <trkpt lat="41.9969919" lon="20.7234896"><ele>1529.1</ele><time>2025-02-10T10:30:46Z</time></trkpt>
      <trkpt lat="41.9976036" lon="20.7233982"><ele>1536.9</ele><time>2025-02-10T10:32:02Z</time></trkpt>
      <trkpt lat="41.9982163" lon="20.7242383"><ele>1557.2</ele><time>2025-02-10T10:34:49Z</time></trkpt>
      <trkpt lat="41.9981342" lon="20.7248692"><ele>1563.8</ele><time>2025-02-10T10:35:59Z</time></trkpt>
      <trkpt lat="41.9983708" lon="20.7247835"><ele>1554.8</ele><time>2025-02-10T10:38:40Z</time></trkpt>
      <trkpt lat="41.998459" lon="20.7253127"><ele>1563.1</ele><time>2025-02-10T10:39:21Z</time></trkpt>
      <trkpt lat="41.9983313" lon="20.7256167"><ele>1564.1</ele><time>2025-02-10T10:39:41Z</time></trkpt>
      <trkpt lat="41.9985913" lon="20.7263534"><ele>1579.5</ele><time>2025-02-10T10:41:09Z</time></trkpt>
      <trkpt lat="41.9985697" lon="20.7266139"><ele>1581.0</ele><time>2025-02-10T10:41:29Z</time></trkpt>
      <trkpt lat="41.999205" lon="20.7267671"><ele>1594.3</ele><time>2025-02-10T10:43:20Z</time></trkpt>
      <trkpt lat="41.9998546" lon="20.7275539"><ele>1611.8</ele><time>2025-02-10T10:44:47Z</time></trkpt>
      <trkpt lat="42.0003492" lon="20.7276608"><ele>1613.2</ele><time>2025-02-10T10:47:04Z</time></trkpt>
      <trkpt lat="42.0005243" lon="20.727834"><ele>1617.8</ele><time>2025-02-10T10:47:42Z</time></trkpt>
      <trkpt lat="42.0004731" lon="20.7280137"><ele>1621.6</ele><time>2025-02-10T10:48:13Z</time></trkpt>
      <trkpt lat="42.00078" lon="20.728266"><ele>1629.2</ele><time>2025-02-10T10:49:34Z</time></trkpt>
      <trkpt lat="42.0019775" lon="20.7283359"><ele>1642.1</ele><time>2025-02-10T10:51:50Z</time></trkpt>
      <trkpt lat="42.0020842" lon="20.7286932"><ele>1653.5</ele><time>2025-02-10T11:08:16Z</time></trkpt>
      <trkpt lat="42.0024594" lon="20.7288625"><ele>1659.2</ele><time>2025-02-10T11:09:58Z</time></trkpt>
      <trkpt lat="42.0029043" lon="20.729382"><ele>1671.4</ele><time>2025-02-10T11:11:39Z</time></trkpt>
      <trkpt lat="42.0036035" lon="20.7296164"><ele>1679.2</ele><time>2025-02-10T11:13:19Z</time></trkpt>
      <trkpt lat="42.0038767" lon="20.7299993"><ele>1689.7</ele><time>2025-02-10T11:14:16Z</time></trkpt>
      <trkpt lat="42.004559" lon="20.7304265"><ele>1703.3</ele><time>2025-02-10T11:16:07Z</time></trkpt>
      <trkpt lat="42.0047422" lon="20.7302041"><ele>1698.6</ele><time>2025-02-10T11:16:38Z</time></trkpt>
      <trkpt lat="42.0056518" lon="20.7305735"><ele>1719.3</ele><time>2025-02-10T11:19:28Z</time></trkpt>
      <trkpt lat="42.007011" lon="20.7306309"><ele>1771.6</ele><time>2025-02-10T11:24:43Z</time></trkpt>
      <trkpt lat="42.0075342" lon="20.7309358"><ele>1788.2</ele><time>2025-02-10T11:26:54Z</time></trkpt>
      <trkpt lat="42.0074428" lon="20.7311541"><ele>1794.2</ele><time>2025-02-10T11:27:36Z</time></trkpt>
      <trkpt lat="42.0077512" lon="20.7310574"><ele>1811.3</ele><time>2025-02-10T11:28:42Z</time></trkpt>
      <trkpt lat="42.0077996" lon="20.7312173"><ele>1813.4</ele><time>2025-02-10T11:29:22Z</time></trkpt>
      <trkpt lat="42.0083686" lon="20.7312684"><ele>1829.4</ele><time>2025-02-10T11:31:13Z</time></trkpt>
      <trkpt lat="42.0085625" lon="20.7315956"><ele>1837.5</ele><time>2025-02-10T11:33:15Z</time></trkpt>
      <trkpt lat="42.0091799" lon="20.7318541"><ele>1851.5</ele><time>2025-02-10T11:35:14Z</time></trkpt>
      <trkpt lat="42.0096729" lon="20.7330797"><ele>1881.3</ele><time>2025-02-10T11:47:57Z</time></trkpt>
      <trkpt lat="42.0097483" lon="20.7336364"><ele>1889.5</ele><time>2025-02-10T11:49:08Z</time></trkpt>
      <trkpt lat="42.0099241" lon="20.7336415"><ele>1893.8</ele><time>2025-02-10T11:49:43Z</time></trkpt>
      <trkpt lat="42.0099315" lon="20.7340282"><ele>1901.0</ele><time>2025-02-10T11:50:29Z</time></trkpt>
      <trkpt lat="42.0100772" lon="20.7341452"><ele>1906.7</ele><time>2025-02-10T11:51:00Z</time></trkpt>
      <trkpt lat="42.0101514" lon="20.7345275"><ele>1912.7</ele><time>2025-02-10T11:51:51Z</time></trkpt>
      <trkpt lat="42.0100552" lon="20.7348057"><ele>1917.2</ele><time>2025-02-10T11:52:22Z</time></trkpt>
      <trkpt lat="42.0092387" lon="20.7354194"><ele>1944.9</ele><time>2025-02-10T11:54:53Z</time></trkpt>
      <trkpt lat="42.0101472" lon="20.7370837"><ele>1978.6</ele><time>2025-02-10T11:59:01Z</time></trkpt>
      <trkpt lat="42.0108024" lon="20.7376968"><ele>1998.3</ele><time>2025-02-10T12:01:04Z</time></trkpt>
      <trkpt lat="42.0116563" lon="20.7381133"><ele>2022.3</ele><time>2025-02-10T12:03:35Z</time></trkpt>
      <trkpt lat="42.0126012" lon="20.7388692"><ele>2056.4</ele><time>2025-02-10T12:06:58Z</time></trkpt>
      <trkpt lat="42.012882" lon="20.738826"><ele>2066.3</ele><time>2025-02-10T12:07:53Z</time></trkpt>
      <trkpt lat="42.0129781" lon="20.7395077"><ele>2078.4</ele><time>2025-02-10T12:09:16Z</time></trkpt>
      <trkpt lat="42.0145181" lon="20.7384824"><ele>2117.8</ele><time>2025-02-10T12:14:00Z</time></trkpt>
      <trkpt lat="42.0149951" lon="20.741149"><ele>2171.2</ele><time>2025-02-10T12:20:09Z</time></trkpt>
      <trkpt lat="42.0153419" lon="20.7408059"><ele>2181.0</ele><time>2025-02-10T12:21:50Z</time></trkpt>
      <trkpt lat="42.0162417" lon="20.7393092"><ele>2190.7</ele><time>2025-02-10T12:27:46Z</time></trkpt>
      <trkpt lat="42.0164928" lon="20.7382512"><ele>2192.3</ele><time>2025-02-10T12:29:03Z</time></trkpt>
      <trkpt lat="42.0163319" lon="20.7376751"><ele>2205.5</ele><time>2025-02-10T12:29:58Z</time></trkpt>
      <trkpt lat="42.0168505" lon="20.7403551"><ele>2193.4</ele><time>2025-02-10T13:00:17Z</time></trkpt>
      <trkpt lat="42.0171613" lon="20.7411754"><ele>2193.7</ele><time>2025-02-10T13:01:23Z</time></trkpt>
      <trkpt lat="42.0176765" lon="20.7420086"><ele>2195.4</ele><time>2025-02-10T13:02:31Z</time></trkpt>
      <trkpt lat="42.0201433" lon="20.7439821"><ele>2234.6</ele><time>2025-02-10T13:08:40Z</time></trkpt>
      <trkpt lat="42.0209397" lon="20.7443745"><ele>2249.8</ele><time>2025-02-10T13:10:41Z</time></trkpt>
      <trkpt lat="42.021489" lon="20.7449537"><ele>2266.0</ele><time>2025-02-10T13:12:50Z</time></trkpt>
      <trkpt lat="42.0219669" lon="20.7451115"><ele>2276.2</ele><time>2025-02-10T13:14:56Z</time></trkpt>
      <trkpt lat="42.0233777" lon="20.7476233"><ele>2326.9</ele><time>2025-02-10T13:21:34Z</time></trkpt>
      <trkpt lat="42.0237565" lon="20.7478198"><ele>2337.4</ele><time>2025-02-10T13:22:40Z</time></trkpt>
      <trkpt lat="42.0259038" lon="20.7471554"><ele>2380.6</ele><time>2025-02-10T13:29:13Z</time></trkpt>
      <trkpt lat="42.0268053" lon="20.7478975"><ele>2400.6</ele><time>2025-02-10T13:31:46Z</time></trkpt>
      <trkpt lat="42.0275983" lon="20.7481982"><ele>2405.9</ele><time>2025-02-10T13:33:34Z</time></trkpt>
      <trkpt lat="42.0277929" lon="20.7498748"><ele>2423.0</ele><time>2025-02-10T13:36:55Z</time></trkpt>
      <trkpt lat="42.0284227" lon="20.7504861"><ele>2386.0</ele><time>2025-02-10T13:49:27Z</time></trkpt>
      <trkpt lat="42.0285601" lon="20.7507852"><ele>2373.6</ele><time>2025-02-10T13:49:33Z</time></trkpt>
      <trkpt lat="42.028597" lon="20.7514672"><ele>2352.7</ele><time>2025-02-10T13:49:38Z</time></trkpt>
      <trkpt lat="42.0296485" lon="20.7530669"><ele>2315.8</ele><time>2025-02-10T13:49:49Z</time></trkpt>
      <trkpt lat="42.0303722" lon="20.7544762"><ele>2299.6</ele><time>2025-02-10T13:49:59Z</time></trkpt>
      <trkpt lat="42.0308321" lon="20.7559478"><ele>2283.9</ele><time>2025-02-10T13:50:10Z</time></trkpt>
      <trkpt lat="42.0308977" lon="20.7585394"><ele>2265.2</ele><time>2025-02-10T13:50:31Z</time></trkpt>
      <trkpt lat="42.031269" lon="20.760512"><ele>2248.6</ele><time>2025-02-10T13:50:51Z</time></trkpt>
      <trkpt lat="42.0313411" lon="20.7622646"><ele>2238.6</ele><time>2025-02-10T13:51:12Z</time></trkpt>
      <trkpt lat="42.0320063" lon="20.7657467"><ele>2218.4</ele><time>2025-02-10T13:52:08Z</time></trkpt>
      <trkpt lat="42.0322883" lon="20.7669414"><ele>2205.2</ele><time>2025-02-10T13:52:33Z</time></trkpt>
      <trkpt lat="42.0324825" lon="20.7672867"><ele>2199.7</ele><time>2025-02-10T13:54:43Z</time></trkpt>
      <trkpt lat="42.0321125" lon="20.7685444"><ele>2157.6</ele><time>2025-02-10T13:54:58Z</time></trkpt>
      <trkpt lat="42.0323183" lon="20.769021"><ele>2153.1</ele><time>2025-02-10T13:55:03Z</time></trkpt>
      <trkpt lat="42.0326795" lon="20.7693986"><ele>2149.0</ele><time>2025-02-10T13:55:08Z</time></trkpt>
      <trkpt lat="42.0329915" lon="20.7692303"><ele>2122.3</ele><time>2025-02-10T13:55:13Z</time></trkpt>
      <trkpt lat="42.033733" lon="20.7700466"><ele>2112.7</ele><time>2025-02-10T13:55:33Z</time></trkpt>
      <trkpt lat="42.034846" lon="20.770571"><ele>2089.8</ele><time>2025-02-10T13:55:44Z</time></trkpt>
      <trkpt lat="42.0352768" lon="20.771023"><ele>2077.2</ele><time>2025-02-10T13:55:49Z</time></trkpt>
      <trkpt lat="42.0360785" lon="20.7728602"><ele>2102.3</ele><time>2025-02-10T14:08:16Z</time></trkpt>
      <trkpt lat="42.0380682" lon="20.7734456"><ele>2149.5</ele><time>2025-02-10T14:13:40Z</time></trkpt>
      <trkpt lat="42.0376985" lon="20.7721544"><ele>2168.4</ele><time>2025-02-10T14:16:52Z</time></trkpt>
      <trkpt lat="42.038342" lon="20.7724632"><ele>2191.8</ele><time>2025-02-10T14:19:12Z</time></trkpt>
      <trkpt lat="42.0382396" lon="20.7716916"><ele>2210.2</ele><time>2025-02-10T14:20:57Z</time></trkpt>
      <trkpt lat="42.0383297" lon="20.7710663"><ele>2219.9</ele><time>2025-02-10T14:22:28Z</time></trkpt>
      <trkpt lat="42.0384855" lon="20.7710142"><ele>2225.7</ele><time>2025-02-10T14:22:59Z</time></trkpt>
      <trkpt lat="42.0383257" lon="20.7704715"><ele>2235.8</ele><time>2025-02-10T14:24:20Z</time></trkpt>
      <trkpt lat="42.0385144" lon="20.7702582"><ele>2244.0</ele><time>2025-02-10T14:25:20Z</time></trkpt>
      <trkpt lat="42.0384805" lon="20.7696688"><ele>2255.5</ele><time>2025-02-10T14:26:43Z</time></trkpt>
      <trkpt lat="42.0388084" lon="20.769847"><ele>2265.2</ele><time>2025-02-10T14:28:10Z</time></trkpt>
      <trkpt lat="42.0388072" lon="20.7691687"><ele>2281.3</ele><time>2025-02-10T14:29:41Z</time></trkpt>
      <trkpt lat="42.0392555" lon="20.7694474"><ele>2294.7</ele><time>2025-02-10T14:31:13Z</time></trkpt>
      <trkpt lat="42.0392608" lon="20.7691733"><ele>2302.1</ele><time>2025-02-10T14:31:51Z</time></trkpt>
      <trkpt lat="42.0395728" lon="20.7687769"><ele>2315.0</ele><time>2025-02-10T14:33:08Z</time></trkpt>
      <trkpt lat="42.0396441" lon="20.7683646"><ele>2320.4</ele><time>2025-02-10T14:34:04Z</time></trkpt>
      <trkpt lat="42.0400404" lon="20.7681926"><ele>2334.6</ele><time>2025-02-10T14:35:35Z</time></trkpt>
      <trkpt lat="42.0400387" lon="20.7679265"><ele>2338.7</ele><time>2025-02-10T14:36:17Z</time></trkpt>
      <trkpt lat="42.040651" lon="20.7679013"><ele>2354.4</ele><time>2025-02-10T14:38:03Z</time></trkpt>
      <trkpt lat="42.0403489" lon="20.7670967"><ele>2369.3</ele><time>2025-02-10T14:40:05Z</time></trkpt>
      <trkpt lat="42.0405883" lon="20.7670382"><ele>2376.4</ele><time>2025-02-10T14:40:46Z</time></trkpt>
      <trkpt lat="42.0405361" lon="20.7668196"><ele>2379.3</ele><time>2025-02-10T14:41:16Z</time></trkpt>
      <trkpt lat="42.0414863" lon="20.7667403"><ele>2402.2</ele><time>2025-02-10T14:43:49Z</time></trkpt>
      <trkpt lat="42.0412823" lon="20.7658861"><ele>2419.8</ele><time>2025-02-10T14:46:02Z</time></trkpt>
      <trkpt lat="42.0417513" lon="20.7656317"><ele>2436.2</ele><time>2025-02-10T14:47:28Z</time></trkpt>
      <trkpt lat="42.041519" lon="20.7654103"><ele>2443.1</ele><time>2025-02-10T14:48:13Z</time></trkpt>
      <trkpt lat="42.0416268" lon="20.7652813"><ele>2449.8</ele><time>2025-02-10T14:48:43Z</time></trkpt>
      <trkpt lat="42.0410587" lon="20.7644876"><ele>2470.1</ele><time>2025-02-10T14:51:00Z</time></trkpt>
      <trkpt lat="42.041303" lon="20.7643761"><ele>2474.2</ele><time>2025-02-10T14:52:05Z</time></trkpt>
      <trkpt lat="42.0409926" lon="20.7639694"><ele>2489.2</ele><time>2025-02-10T14:53:26Z</time></trkpt>
      <trkpt lat="42.0414766" lon="20.7639497"><ele>2477.7</ele><time>2025-02-10T15:06:38Z</time></trkpt>
      <trkpt lat="42.0415449" lon="20.7641129"><ele>2478.7</ele><time>2025-02-10T15:07:31Z</time></trkpt>
      <trkpt lat="42.0425662" lon="20.7636997"><ele>2476.0</ele><time>2025-02-10T15:09:07Z</time></trkpt>
      <trkpt lat="42.0437696" lon="20.7636365"><ele>2482.8</ele><time>2025-02-10T15:12:03Z</time></trkpt>
      <trkpt lat="42.0439278" lon="20.7639163"><ele>2490.5</ele><time>2025-02-10T15:12:51Z</time></trkpt>
      <trkpt lat="42.0449768" lon="20.7644087"><ele>2514.8</ele><time>2025-02-10T15:15:47Z</time></trkpt>
      <trkpt lat="42.045376" lon="20.7651199"><ele>2523.4</ele><time>2025-02-10T15:18:17Z</time></trkpt>
      <trkpt lat="42.0452392" lon="20.7648282"><ele>2519.8</ele><time>2025-02-10T15:24:14Z</time></trkpt>
      <trkpt lat="42.0452908" lon="20.7645313"><ele>2510.7</ele><time>2025-02-10T15:25:44Z</time></trkpt>
      <trkpt lat="42.0453938" lon="20.7645591"><ele>2505.7</ele><time>2025-02-10T15:25:50Z</time></trkpt>
      <trkpt lat="42.0454043" lon="20.7644188"><ele>2499.9</ele><time>2025-02-10T15:26:00Z</time></trkpt>
      <trkpt lat="42.0456061" lon="20.7646913"><ele>2494.1</ele><time>2025-02-10T15:26:11Z</time></trkpt>
      <trkpt lat="42.045711" lon="20.764657"><ele>2493.6</ele><time>2025-02-10T15:26:16Z</time></trkpt>
      <trkpt lat="42.0457175" lon="20.764455"><ele>2487.9</ele><time>2025-02-10T15:26:22Z</time></trkpt>
      <trkpt lat="42.0459224" lon="20.7645086"><ele>2480.8</ele><time>2025-02-10T15:26:32Z</time></trkpt>
      <trkpt lat="42.0456691" lon="20.7634583"><ele>2466.6</ele><time>2025-02-10T15:26:59Z</time></trkpt>
      <trkpt lat="42.0457968" lon="20.7625707"><ele>2453.5</ele><time>2025-02-10T15:28:08Z</time></trkpt>
      <trkpt lat="42.0460572" lon="20.7626071"><ele>2444.4</ele><time>2025-02-10T15:28:19Z</time></trkpt>
      <trkpt lat="42.0467924" lon="20.7613205"><ele>2423.7</ele><time>2025-02-10T15:28:46Z</time></trkpt>
      <trkpt lat="42.0468102" lon="20.7617676"><ele>2406.3</ele><time>2025-02-10T15:31:20Z</time></trkpt>
      <trkpt lat="42.0473948" lon="20.7614497"><ele>2384.3</ele><time>2025-02-10T15:31:36Z</time></trkpt>
      <trkpt lat="42.0477082" lon="20.761536"><ele>2365.9</ele><time>2025-02-10T15:31:47Z</time></trkpt>
      <trkpt lat="42.0478214" lon="20.761775"><ele>2356.9</ele><time>2025-02-10T15:31:58Z</time></trkpt>
      <trkpt lat="42.0483068" lon="20.7616784"><ele>2336.1</ele><time>2025-02-10T15:32:08Z</time></trkpt>
      <trkpt lat="42.0492553" lon="20.7620727"><ele>2313.4</ele><time>2025-02-10T15:32:24Z</time></trkpt>
      <trkpt lat="42.0505429" lon="20.7620725"><ele>2304.5</ele><time>2025-02-10T15:33:28Z</time></trkpt>
      <trkpt lat="42.0508548" lon="20.7627725"><ele>2294.9</ele><time>2025-02-10T15:36:03Z</time></trkpt>
      <trkpt lat="42.0507216" lon="20.7629865"><ele>2294.6</ele><time>2025-02-10T15:36:08Z</time></trkpt>
      <trkpt lat="42.0508862" lon="20.7631389"><ele>2287.1</ele><time>2025-02-10T15:36:14Z</time></trkpt>
      <trkpt lat="42.0507289" lon="20.7634053"><ele>2282.6</ele><time>2025-02-10T15:36:19Z</time></trkpt>
      <trkpt lat="42.0507575" lon="20.7641152"><ele>2278.5</ele><time>2025-02-10T15:36:30Z</time></trkpt>
      <trkpt lat="42.0517087" lon="20.7646176"><ele>2260.9</ele><time>2025-02-10T15:37:02Z</time></trkpt>
      <trkpt lat="42.0521452" lon="20.7644784"><ele>2257.7</ele><time>2025-02-10T15:37:12Z</time></trkpt>
      <trkpt lat="42.0522834" lon="20.7646288"><ele>2251.8</ele><time>2025-02-10T15:37:18Z</time></trkpt>
      <trkpt lat="42.0525637" lon="20.7644754"><ele>2244.5</ele><time>2025-02-10T15:38:11Z</time></trkpt>
      <trkpt lat="42.0527129" lon="20.7646557"><ele>2233.0</ele><time>2025-02-10T15:38:22Z</time></trkpt>
      <trkpt lat="42.0533951" lon="20.7647999"><ele>2221.0</ele><time>2025-02-10T15:38:38Z</time></trkpt>
      <trkpt lat="42.0538213" lon="20.7651636"><ele>2209.5</ele><time>2025-02-10T15:38:54Z</time></trkpt>
      <trkpt lat="42.0545404" lon="20.7654177"><ele>2192.9</ele><time>2025-02-10T15:39:10Z</time></trkpt>
      <trkpt lat="42.0545382" lon="20.7660048"><ele>2178.8</ele><time>2025-02-10T15:39:15Z</time></trkpt>
      <trkpt lat="42.0542121" lon="20.7675373"><ele>2170.2</ele><time>2025-02-10T15:39:31Z</time></trkpt>
      <trkpt lat="42.0554226" lon="20.769352"><ele>2151.8</ele><time>2025-02-10T15:40:03Z</time></trkpt>
      <trkpt lat="42.0557346" lon="20.7717552"><ele>2128.1</ele><time>2025-02-10T15:40:24Z</time></trkpt>
      <trkpt lat="42.0563236" lon="20.7731399"><ele>2118.0</ele><time>2025-02-10T15:42:43Z</time></trkpt>
      <trkpt lat="42.0565588" lon="20.7742837"><ele>2106.2</ele><time>2025-02-10T15:42:59Z</time></trkpt>
      <trkpt lat="42.0566514" lon="20.7760477"><ele>2077.8</ele><time>2025-02-10T15:43:15Z</time></trkpt>
      <trkpt lat="42.0562969" lon="20.7771441"><ele>2059.8</ele><time>2025-02-10T15:43:58Z</time></trkpt>
      <trkpt lat="42.0562137" lon="20.7780189"><ele>2052.1</ele><time>2025-02-10T15:44:08Z</time></trkpt>
      <trkpt lat="42.0557089" lon="20.7795909"><ele>2039.9</ele><time>2025-02-10T15:44:35Z</time></trkpt>
      <trkpt lat="42.055624" lon="20.7813882"><ele>2029.4</ele><time>2025-02-10T15:45:28Z</time></trkpt>
      <trkpt lat="42.0559803" lon="20.7831718"><ele>2014.7</ele><time>2025-02-10T15:45:55Z</time></trkpt>
      <trkpt lat="42.0554221" lon="20.7847982"><ele>2005.0</ele><time>2025-02-10T15:46:27Z</time></trkpt>
      <trkpt lat="42.0555061" lon="20.7862752"><ele>1994.8</ele><time>2025-02-10T15:46:54Z</time></trkpt>
      <trkpt lat="42.0557564" lon="20.7873401"><ele>1990.8</ele><time>2025-02-10T15:47:52Z</time></trkpt>
      <trkpt lat="42.055988" lon="20.787718"><ele>1989.4</ele><time>2025-02-10T15:48:46Z</time></trkpt>
      <trkpt lat="42.0556241" lon="20.7878667"><ele>1972.5</ele><time>2025-02-10T15:49:12Z</time></trkpt>
      <trkpt lat="42.0561205" lon="20.7884237"><ele>1954.3</ele><time>2025-02-10T15:51:58Z</time></trkpt>
      <trkpt lat="42.0558034" lon="20.7884724"><ele>1946.0</ele><time>2025-02-10T15:52:24Z</time></trkpt>
      <trkpt lat="42.0555414" lon="20.7887506"><ele>1924.6</ele><time>2025-02-10T15:52:30Z</time></trkpt>
      <trkpt lat="42.0554533" lon="20.7886743"><ele>1919.6</ele><time>2025-02-10T15:52:35Z</time></trkpt>
      <trkpt lat="42.0556335" lon="20.7894449"><ele>1913.4</ele><time>2025-02-10T15:56:14Z</time></trkpt>
      <trkpt lat="42.0559497" lon="20.7897159"><ele>1902.3</ele><time>2025-02-10T15:56:24Z</time></trkpt>
      <trkpt lat="42.0560246" lon="20.789947"><ele>1896.8</ele><time>2025-02-10T15:56:30Z</time></trkpt>
      <trkpt lat="42.0548271" lon="20.791107"><ele>1872.7</ele><time>2025-02-10T15:57:02Z</time></trkpt>
      <trkpt lat="42.0546561" lon="20.7917012"><ele>1874.6</ele><time>2025-02-10T15:57:39Z</time></trkpt>
      <trkpt lat="42.0554613" lon="20.7927333"><ele>1872.1</ele><time>2025-02-10T15:59:15Z</time></trkpt>
      <trkpt lat="42.0555898" lon="20.7932721"><ele>1870.4</ele><time>2025-02-10T15:59:26Z</time></trkpt>
      <trkpt lat="42.0557657" lon="20.7962776"><ele>1843.2</ele><time>2025-02-10T16:02:54Z</time></trkpt>
      <trkpt lat="42.0564278" lon="20.7979462"><ele>1826.4</ele><time>2025-02-10T16:03:10Z</time></trkpt>
      <trkpt lat="42.0566436" lon="20.7983309"><ele>1824.2</ele><time>2025-02-10T16:03:15Z</time></trkpt>
      <trkpt lat="42.0569476" lon="20.7984706"><ele>1821.5</ele><time>2025-02-10T16:03:20Z</time></trkpt>
      <trkpt lat="42.0572265" lon="20.7992148"><ele>1819.3</ele><time>2025-02-10T16:03:31Z</time></trkpt>
      <trkpt lat="42.0575421" lon="20.7996064"><ele>1819.4</ele><time>2025-02-10T16:03:52Z</time></trkpt>
      <trkpt lat="42.0578526" lon="20.800632"><ele>1816.1</ele><time>2025-02-10T16:04:35Z</time></trkpt>
      <trkpt lat="42.0579424" lon="20.8014697"><ele>1807.7</ele><time>2025-02-10T16:04:46Z</time></trkpt>
      <trkpt lat="42.057692" lon="20.8024493"><ele>1782.2</ele><time>2025-02-10T16:04:56Z</time></trkpt>
      <trkpt lat="42.0579291" lon="20.8034237"><ele>1771.7</ele><time>2025-02-10T16:05:34Z</time></trkpt>
      <trkpt lat="42.0577755" lon="20.8034572"><ele>1767.5</ele><time>2025-02-10T16:05:39Z</time></trkpt>
      <trkpt lat="42.0571384" lon="20.8048445"><ele>1755.5</ele><time>2025-02-10T16:07:47Z</time></trkpt>
      <trkpt lat="42.0565444" lon="20.8051386"><ele>1748.0</ele><time>2025-02-10T16:08:08Z</time></trkpt>
      <trkpt lat="42.0562941" lon="20.8054813"><ele>1742.3</ele><time>2025-02-10T16:08:35Z</time></trkpt>
      <trkpt lat="42.0563046" lon="20.8059145"><ele>1739.0</ele><time>2025-02-10T16:08:56Z</time></trkpt>
      <trkpt lat="42.0559643" lon="20.8060301"><ele>1728.3</ele><time>2025-02-10T16:09:39Z</time></trkpt>
      <trkpt lat="42.0558294" lon="20.8064679"><ele>1722.6</ele><time>2025-02-10T16:09:44Z</time></trkpt>
      <trkpt lat="42.0551761" lon="20.8072049"><ele>1696.3</ele><time>2025-02-10T16:10:27Z</time></trkpt>
      <trkpt lat="42.055014" lon="20.8076922"><ele>1692.3</ele><time>2025-02-10T16:10:43Z</time></trkpt>
      <trkpt lat="42.054831" lon="20.8070712"><ele>1683.7</ele><time>2025-02-10T16:13:50Z</time></trkpt>
      <trkpt lat="42.0547841" lon="20.8073415"><ele>1677.2</ele><time>2025-02-10T16:14:06Z</time></trkpt>
      <trkpt lat="42.0543351" lon="20.8070752"><ele>1665.1</ele><time>2025-02-10T16:15:10Z</time></trkpt>
      <trkpt lat="42.0538436" lon="20.8072908"><ele>1647.8</ele><time>2025-02-10T16:17:44Z</time></trkpt>
      <trkpt lat="42.0537498" lon="20.8071222"><ele>1638.6</ele><time>2025-02-10T16:18:06Z</time></trkpt>
      <trkpt lat="42.0535584" lon="20.8071622"><ele>1629.1</ele><time>2025-02-10T16:18:32Z</time></trkpt>
      <trkpt lat="42.0534677" lon="20.8074721"><ele>1618.5</ele><time>2025-02-10T16:19:10Z</time></trkpt>
      <trkpt lat="42.053637" lon="20.8084682"><ele>1617.0</ele><time>2025-02-10T16:30:05Z</time></trkpt>
      <trkpt lat="42.0538251" lon="20.8085665"><ele>1622.3</ele><time>2025-02-10T16:31:06Z</time></trkpt>
      <trkpt lat="42.0537175" lon="20.8088711"><ele>1619.5</ele><time>2025-02-10T16:31:41Z</time></trkpt>
      <trkpt lat="42.0538277" lon="20.8091167"><ele>1617.2</ele><time>2025-02-10T16:32:07Z</time></trkpt>
      <trkpt lat="42.0538608" lon="20.8104674"><ele>1602.4</ele><time>2025-02-10T16:34:10Z</time></trkpt>
      <trkpt lat="42.0545722" lon="20.8113809"><ele>1602.3</ele><time>2025-02-10T16:37:10Z</time></trkpt>
      <trkpt lat="42.054844" lon="20.8124104"><ele>1579.9</ele><time>2025-02-10T16:38:57Z</time></trkpt>
      <trkpt lat="42.0544804" lon="20.8128765"><ele>1565.9</ele><time>2025-02-10T16:40:10Z</time></trkpt>
      <trkpt lat="42.0543245" lon="20.8133257"><ele>1557.8</ele><time>2025-02-10T16:40:45Z</time></trkpt>
      <trkpt lat="42.054473" lon="20.8134466"><ele>1554.9</ele><time>2025-02-10T16:41:01Z</time></trkpt>
      <trkpt lat="42.0545886" lon="20.8141608"><ele>1548.0</ele><time>2025-02-10T16:41:48Z</time></trkpt>
      <trkpt lat="42.0547784" lon="20.8144637"><ele>1546.4</ele><time>2025-02-10T16:42:20Z</time></trkpt>
      <trkpt lat="42.0547326" lon="20.8150927"><ele>1530.2</ele><time>2025-02-10T16:43:29Z</time></trkpt>
      <trkpt lat="42.0545986" lon="20.8150249"><ele>1527.1</ele><time>2025-02-10T16:43:45Z</time></trkpt>
      <trkpt lat="42.0544742" lon="20.8153082"><ele>1516.2</ele><time>2025-02-10T16:44:23Z</time></trkpt>
      <trkpt lat="42.0543558" lon="20.8152522"><ele>1510.5</ele><time>2025-02-10T16:44:44Z</time></trkpt>
      <trkpt lat="42.0541283" lon="20.8160189"><ele>1491.1</ele><time>2025-02-10T16:46:36Z</time></trkpt>
      <trkpt lat="42.0539502" lon="20.8159021"><ele>1485.3</ele><time>2025-02-10T16:46:57Z</time></trkpt>
      <trkpt lat="42.053629" lon="20.8160351"><ele>1474.3</ele><time>2025-02-10T16:47:29Z</time></trkpt>
      <trkpt lat="42.0538193" lon="20.8164071"><ele>1472.6</ele><time>2025-02-10T16:48:12Z</time></trkpt>
      <trkpt lat="42.0534924" lon="20.8174193"><ele>1465.3</ele><time>2025-02-10T16:49:48Z</time></trkpt>
      <trkpt lat="42.0535098" lon="20.8183628"><ele>1444.1</ele><time>2025-02-10T16:51:03Z</time></trkpt>
      <trkpt lat="42.0538026" lon="20.8202491"><ele>1399.1</ele><time>2025-02-10T16:53:52Z</time></trkpt>
      <trkpt lat="42.0536076" lon="20.8207406"><ele>1394.4</ele><time>2025-02-10T16:54:29Z</time></trkpt>
      <trkpt lat="42.0533211" lon="20.8209647"><ele>1387.2</ele><time>2025-02-10T16:55:17Z</time></trkpt>
      <trkpt lat="42.0533465" lon="20.8218886"><ele>1380.3</ele><time>2025-02-10T16:56:16Z</time></trkpt>
      <trkpt lat="42.0532335" lon="20.8226641"><ele>1373.8</ele><time>2025-02-10T16:57:04Z</time></trkpt>
      <trkpt lat="42.052511" lon="20.8237099"><ele>1372.4</ele><time>2025-02-10T16:58:40Z</time></trkpt>
      <trkpt lat="42.0522276" lon="20.8244033"><ele>1371.4</ele><time>2025-02-10T16:59:28Z</time></trkpt>
      <trkpt lat="42.052164" lon="20.8249962"><ele>1365.4</ele><time>2025-02-10T17:00:05Z</time></trkpt>
      <trkpt lat="42.0522331" lon="20.8251606"><ele>1363.3</ele><time>2025-02-10T17:00:17Z</time></trkpt>
      <trkpt lat="42.0525355" lon="20.8252712"><ele>1355.8</ele><time>2025-02-10T17:00:58Z</time></trkpt>
      <trkpt lat="42.0534884" lon="20.8251939"><ele>1341.9</ele><time>2025-02-10T17:02:23Z</time></trkpt>
      <trkpt lat="42.0536979" lon="20.8254694"><ele>1336.2</ele><time>2025-02-10T17:08:26Z</time></trkpt>
      <trkpt lat="42.0540507" lon="20.8256009"><ele>1330.3</ele><time>2025-02-10T17:08:58Z</time></trkpt>
      <trkpt lat="42.0543835" lon="20.8265384"><ele>1318.6</ele><time>2025-02-10T17:10:01Z</time></trkpt>
      <trkpt lat="42.0546309" lon="20.8268462"><ele>1315.1</ele><time>2025-02-10T17:10:33Z</time></trkpt>
      <trkpt lat="42.0542254" lon="20.8274945"><ele>1309.4</ele><time>2025-02-10T17:13:42Z</time></trkpt>
      <trkpt lat="42.0541131" lon="20.8273153"><ele>1304.3</ele><time>2025-02-10T17:14:19Z</time></trkpt>
      <trkpt lat="42.0546091" lon="20.8276505"><ele>1310.3</ele><time>2025-02-10T17:15:11Z</time></trkpt>
      <trkpt lat="42.0546736" lon="20.8278503"><ele>1310.0</ele><time>2025-02-10T17:20:47Z</time></trkpt>
      <trkpt lat="42.0546736" lon="20.8278503"><ele>1310.0</ele><time>2025-02-10T17:20:47Z</time></trkpt>
      <trkpt lat="42.0546683" lon="20.827647"><ele>1321.4</ele><time>2025-02-11T08:55:51Z</time></trkpt>
      <trkpt lat="42.054952" lon="20.8276918"><ele>1326.2</ele><time>2025-02-11T08:56:42Z</time></trkpt>
      <trkpt lat="42.0548676" lon="20.8286984"><ele>1339.7</ele><time>2025-02-11T08:57:46Z</time></trkpt>
      <trkpt lat="42.0550916" lon="20.8287473"><ele>1346.7</ele><time>2025-02-11T08:58:13Z</time></trkpt>
      <trkpt lat="42.0558614" lon="20.8277"><ele>1387.0</ele><time>2025-02-11T09:00:50Z</time></trkpt>
      <trkpt lat="42.056035" lon="20.8270196"><ele>1405.6</ele><time>2025-02-11T09:02:10Z</time></trkpt>
      <trkpt lat="42.0561287" lon="20.8270295"><ele>1408.4</ele><time>2025-02-11T09:02:21Z</time></trkpt>
      <trkpt lat="42.0568118" lon="20.8279896"><ele>1440.0</ele><time>2025-02-11T09:06:15Z</time></trkpt>
      <trkpt lat="42.0575427" lon="20.8285731"><ele>1465.0</ele><time>2025-02-11T09:08:07Z</time></trkpt>
      <trkpt lat="42.0585926" lon="20.828801"><ele>1495.0</ele><time>2025-02-11T09:10:21Z</time></trkpt>
      <trkpt lat="42.059516" lon="20.8294346"><ele>1511.7</ele><time>2025-02-11T09:12:02Z</time></trkpt>
      <trkpt lat="42.0606122" lon="20.8295631"><ele>1523.8</ele><time>2025-02-11T09:13:54Z</time></trkpt>
      <trkpt lat="42.0615276" lon="20.8286272"><ele>1527.3</ele><time>2025-02-11T09:24:33Z</time></trkpt>
      <trkpt lat="42.0617749" lon="20.8285479"><ele>1531.5</ele><time>2025-02-11T09:25:14Z</time></trkpt>
      <trkpt lat="42.0620808" lon="20.8277994"><ele>1537.8</ele><time>2025-02-11T09:26:32Z</time></trkpt>
      <trkpt lat="42.0621008" lon="20.8274574"><ele>1546.0</ele><time>2025-02-11T09:27:13Z</time></trkpt>
      <trkpt lat="42.0624554" lon="20.8271579"><ele>1553.9</ele><time>2025-02-11T09:28:18Z</time></trkpt>
      <trkpt lat="42.0632546" lon="20.8269666"><ele>1564.5</ele><time>2025-02-11T09:30:06Z</time></trkpt>
      <trkpt lat="42.0637789" lon="20.8263808"><ele>1571.8</ele><time>2025-02-11T09:31:30Z</time></trkpt>
      <trkpt lat="42.0658441" lon="20.8260725"><ele>1601.5</ele><time>2025-02-11T09:38:53Z</time></trkpt>
      <trkpt lat="42.066181" lon="20.8254492"><ele>1612.2</ele><time>2025-02-11T09:40:45Z</time></trkpt>
      <trkpt lat="42.0725165" lon="20.8217031"><ele>1697.6</ele><time>2025-02-11T09:57:39Z</time></trkpt>
      <trkpt lat="42.0734998" lon="20.822549"><ele>1721.2</ele><time>2025-02-11T10:00:47Z</time></trkpt>
      <trkpt lat="42.0738641" lon="20.8225001"><ele>1729.2</ele><time>2025-02-11T10:01:43Z</time></trkpt>
      <trkpt lat="42.0745785" lon="20.8216301"><ele>1736.5</ele><time>2025-02-11T10:04:15Z</time></trkpt>
      <trkpt lat="42.0748573" lon="20.8207657"><ele>1745.6</ele><time>2025-02-11T10:05:48Z</time></trkpt>
      <trkpt lat="42.0748527" lon="20.8201925"><ele>1740.4</ele><time>2025-02-11T10:06:57Z</time></trkpt>
      <trkpt lat="42.0751588" lon="20.8197709"><ele>1734.6</ele><time>2025-02-11T10:07:07Z</time></trkpt>
      <trkpt lat="42.0752976" lon="20.8197836"><ele>1735.8</ele><time>2025-02-11T10:07:58Z</time></trkpt>
      <trkpt lat="42.0754268" lon="20.8201272"><ele>1739.9</ele><time>2025-02-11T10:08:51Z</time></trkpt>
      <trkpt lat="42.0757279" lon="20.820231"><ele>1750.8</ele><time>2025-02-11T10:09:47Z</time></trkpt>
      <trkpt lat="42.0758549" lon="20.8200912"><ele>1753.2</ele><time>2025-02-11T10:10:24Z</time></trkpt>
      <trkpt lat="42.0762612" lon="20.8204549"><ele>1765.6</ele><time>2025-02-11T10:12:06Z</time></trkpt>
      <trkpt lat="42.0766122" lon="20.8200647"><ele>1778.8</ele><time>2025-02-11T10:18:50Z</time></trkpt>
      <trkpt lat="42.0778521" lon="20.8203503"><ele>1816.6</ele><time>2025-02-11T10:22:48Z</time></trkpt>
      <trkpt lat="42.077806" lon="20.8196376"><ele>1828.7</ele><time>2025-02-11T10:24:33Z</time></trkpt>
      <trkpt lat="42.0786713" lon="20.8201547"><ele>1853.5</ele><time>2025-02-11T10:27:46Z</time></trkpt>
      <trkpt lat="42.0785055" lon="20.8194919"><ele>1867.8</ele><time>2025-02-11T10:29:29Z</time></trkpt>
      <trkpt lat="42.0793198" lon="20.8198533"><ele>1890.4</ele><time>2025-02-11T10:32:16Z</time></trkpt>
      <trkpt lat="42.0789818" lon="20.8185411"><ele>1924.3</ele><time>2025-02-11T10:35:56Z</time></trkpt>
      <trkpt lat="42.0807621" lon="20.8199387"><ele>1960.2</ele><time>2025-02-11T10:42:45Z</time></trkpt>
      <trkpt lat="42.0809906" lon="20.8207997"><ele>1977.0</ele><time>2025-02-11T10:45:08Z</time></trkpt>
      <trkpt lat="42.0813019" lon="20.8198718"><ele>1999.9</ele><time>2025-02-11T10:47:47Z</time></trkpt>
      <trkpt lat="42.0813019" lon="20.8193028"><ele>2014.5</ele><time>2025-02-11T10:49:39Z</time></trkpt>
      <trkpt lat="42.0816727" lon="20.8196513"><ele>2022.3</ele><time>2025-02-11T10:50:51Z</time></trkpt>
      <trkpt lat="42.082155" lon="20.8205441"><ele>2039.3</ele><time>2025-02-11T10:53:09Z</time></trkpt>
      <trkpt lat="42.0823035" lon="20.8219432"><ele>2071.2</ele><time>2025-02-11T10:56:44Z</time></trkpt>
      <trkpt lat="42.0830559" lon="20.821203"><ele>2097.4</ele><time>2025-02-11T10:59:40Z</time></trkpt>
      <trkpt lat="42.0832607" lon="20.8212642"><ele>2101.4</ele><time>2025-02-11T11:00:26Z</time></trkpt>
      <trkpt lat="42.0835964" lon="20.8215866"><ele>2109.1</ele><time>2025-02-11T11:01:38Z</time></trkpt>
      <trkpt lat="42.083725" lon="20.8223834"><ele>2126.3</ele><time>2025-02-11T11:03:48Z</time></trkpt>
      <trkpt lat="42.084017" lon="20.8226751"><ele>2138.7</ele><time>2025-02-11T11:05:05Z</time></trkpt>
      <trkpt lat="42.0845168" lon="20.8239718"><ele>2159.2</ele><time>2025-02-11T11:17:36Z</time></trkpt>
      <trkpt lat="42.084937" lon="20.8280261"><ele>2194.9</ele><time>2025-02-11T11:25:28Z</time></trkpt>
      <trkpt lat="42.0856901" lon="20.8296593"><ele>2196.0</ele><time>2025-02-11T11:28:24Z</time></trkpt>
      <trkpt lat="42.0856514" lon="20.8298611"><ele>2203.6</ele><time>2025-02-11T11:29:07Z</time></trkpt>
      <trkpt lat="42.0858634" lon="20.8304271"><ele>2201.2</ele><time>2025-02-11T11:29:33Z</time></trkpt>
      <trkpt lat="42.0860794" lon="20.8317183"><ele>2200.2</ele><time>2025-02-11T11:31:18Z</time></trkpt>
      <trkpt lat="42.0856036" lon="20.8342953"><ele>2243.2</ele><time>2025-02-11T11:37:02Z</time></trkpt>
      <trkpt lat="42.0858495" lon="20.8353835"><ele>2253.5</ele><time>2025-02-11T11:39:09Z</time></trkpt>
      <trkpt lat="42.0862671" lon="20.8361706"><ele>2267.5</ele><time>2025-02-11T11:41:05Z</time></trkpt>
      <trkpt lat="42.0870664" lon="20.8367577"><ele>2290.7</ele><time>2025-02-11T11:44:38Z</time></trkpt>
      <trkpt lat="42.0889548" lon="20.835995"><ele>2310.9</ele><time>2025-02-11T11:49:39Z</time></trkpt>
      <trkpt lat="42.0894391" lon="20.8369942"><ele>2326.0</ele><time>2025-02-11T12:00:21Z</time></trkpt>
      <trkpt lat="42.0899855" lon="20.837626"><ele>2353.5</ele><time>2025-02-11T12:04:32Z</time></trkpt>
      <trkpt lat="42.0901807" lon="20.8380726"><ele>2363.1</ele><time>2025-02-11T12:05:53Z</time></trkpt>
      <trkpt lat="42.0919037" lon="20.8402008"><ele>2422.2</ele><time>2025-02-11T12:14:17Z</time></trkpt>
      <trkpt lat="42.0924757" lon="20.8402846"><ele>2428.4</ele><time>2025-02-11T12:19:07Z</time></trkpt>
      <trkpt lat="42.0919978" lon="20.8394686"><ele>2455.5</ele><time>2025-02-11T12:22:53Z</time></trkpt>
      <trkpt lat="42.0922459" lon="20.8394087"><ele>2465.0</ele><time>2025-02-11T12:23:59Z</time></trkpt>
      <trkpt lat="42.0920817" lon="20.8390538"><ele>2475.9</ele><time>2025-02-11T12:28:22Z</time></trkpt>
      <trkpt lat="42.0924716" lon="20.8390928"><ele>2484.4</ele><time>2025-02-11T12:29:49Z</time></trkpt>
      <trkpt lat="42.0925018" lon="20.8389729"><ele>2488.7</ele><time>2025-02-11T12:30:15Z</time></trkpt>
      <trkpt lat="42.0932801" lon="20.8394882"><ele>2498.5</ele><time>2025-02-11T12:33:16Z</time></trkpt>
      <trkpt lat="42.0942625" lon="20.8404096"><ele>2490.1</ele><time>2025-02-11T12:36:01Z</time></trkpt>
      <trkpt lat="42.0954523" lon="20.8408007"><ele>2509.1</ele><time>2025-02-11T12:39:46Z</time></trkpt>
      <trkpt lat="42.0962937" lon="20.8415788"><ele>2514.5</ele><time>2025-02-11T12:42:13Z</time></trkpt>
      <trkpt lat="42.0965736" lon="20.841666"><ele>2514.7</ele><time>2025-02-11T12:42:53Z</time></trkpt>
      <trkpt lat="42.0966791" lon="20.8418641"><ele>2517.1</ele><time>2025-02-11T12:43:19Z</time></trkpt>
      <trkpt lat="42.0969687" lon="20.8418916"><ele>2525.1</ele><time>2025-02-11T12:44:16Z</time></trkpt>
      <trkpt lat="42.0986227" lon="20.8431985"><ele>2566.9</ele><time>2025-02-11T12:54:04Z</time></trkpt>
      <trkpt lat="42.0984272" lon="20.8441907"><ele>2553.3</ele><time>2025-02-11T13:05:35Z</time></trkpt>
      <trkpt lat="42.0984319" lon="20.8445423"><ele>2548.0</ele><time>2025-02-11T13:05:40Z</time></trkpt>
      <trkpt lat="42.0985835" lon="20.8447102"><ele>2543.9</ele><time>2025-02-11T13:05:46Z</time></trkpt>
      <trkpt lat="42.0984341" lon="20.8453406"><ele>2526.5</ele><time>2025-02-11T13:05:56Z</time></trkpt>
      <trkpt lat="42.0986361" lon="20.8461557"><ele>2509.4</ele><time>2025-02-11T13:06:12Z</time></trkpt>
      <trkpt lat="42.0990904" lon="20.8470857"><ele>2481.2</ele><time>2025-02-11T13:12:11Z</time></trkpt>
      <trkpt lat="42.0994688" lon="20.8483113"><ele>2470.7</ele><time>2025-02-11T13:13:06Z</time></trkpt>
      <trkpt lat="42.0988711" lon="20.8508636"><ele>2401.5</ele><time>2025-02-11T13:14:32Z</time></trkpt>
      <trkpt lat="42.098304" lon="20.852025"><ele>2361.3</ele><time>2025-02-11T13:14:43Z</time></trkpt>
      <trkpt lat="42.0981602" lon="20.8542421"><ele>2337.3</ele><time>2025-02-11T13:14:59Z</time></trkpt>
      <trkpt lat="42.0984715" lon="20.8551425"><ele>2325.7</ele><time>2025-02-11T13:16:40Z</time></trkpt>
      <trkpt lat="42.098742" lon="20.8555097"><ele>2319.0</ele><time>2025-02-11T13:16:50Z</time></trkpt>
      <trkpt lat="42.0992705" lon="20.8559427"><ele>2307.3</ele><time>2025-02-11T13:17:00Z</time></trkpt>
      <trkpt lat="42.0996197" lon="20.856005"><ele>2293.6</ele><time>2025-02-11T13:17:05Z</time></trkpt>
      <trkpt lat="42.1003176" lon="20.85552"><ele>2241.5</ele><time>2025-02-11T13:17:15Z</time></trkpt>
      <trkpt lat="42.1008463" lon="20.854915"><ele>2216.4</ele><time>2025-02-11T13:17:25Z</time></trkpt>
      <trkpt lat="42.1017353" lon="20.8558894"><ele>2195.0</ele><time>2025-02-11T13:24:16Z</time></trkpt>
      <trkpt lat="42.1024459" lon="20.8560298"><ele>2166.5</ele><time>2025-02-11T13:24:32Z</time></trkpt>
      <trkpt lat="42.1029396" lon="20.8563883"><ele>2153.7</ele><time>2025-02-11T13:24:38Z</time></trkpt>
      <trkpt lat="42.1033355" lon="20.8559042"><ele>2126.1</ele><time>2025-02-11T13:25:23Z</time></trkpt>
      <trkpt lat="42.1038779" lon="20.8559229"><ele>2111.6</ele><time>2025-02-11T13:25:33Z</time></trkpt>
      <trkpt lat="42.1053587" lon="20.8555992"><ele>2076.2</ele><time>2025-02-11T13:25:48Z</time></trkpt>
      <trkpt lat="42.1061901" lon="20.8557148"><ele>2062.0</ele><time>2025-02-11T13:25:58Z</time></trkpt>
      <trkpt lat="42.1066991" lon="20.8561187"><ele>2057.4</ele><time>2025-02-11T13:27:25Z</time></trkpt>
      <trkpt lat="42.1074399" lon="20.8558676"><ele>2026.3</ele><time>2025-02-11T13:27:51Z</time></trkpt>
      <trkpt lat="42.1077326" lon="20.855456"><ele>2018.7</ele><time>2025-02-11T13:27:56Z</time></trkpt>
      <trkpt lat="42.1080827" lon="20.8539764"><ele>1995.9</ele><time>2025-02-11T13:28:32Z</time></trkpt>
      <trkpt lat="42.1090977" lon="20.8521267"><ele>1965.5</ele><time>2025-02-11T13:28:48Z</time></trkpt>
      <trkpt lat="42.1088889" lon="20.8513158"><ele>1949.5</ele><time>2025-02-11T13:30:42Z</time></trkpt>
      <trkpt lat="42.1085246" lon="20.8505517"><ele>1936.5</ele><time>2025-02-11T13:30:52Z</time></trkpt>
      <trkpt lat="42.1089394" lon="20.8499185"><ele>1894.9</ele><time>2025-02-11T13:31:07Z</time></trkpt>
      <trkpt lat="42.1088883" lon="20.8493207"><ele>1887.0</ele><time>2025-02-11T13:31:17Z</time></trkpt>
      <trkpt lat="42.108998" lon="20.8484789"><ele>1875.0</ele><time>2025-02-11T13:31:49Z</time></trkpt>
      <trkpt lat="42.1091248" lon="20.8488937"><ele>1867.8</ele><time>2025-02-11T13:31:59Z</time></trkpt>
      <trkpt lat="42.1093266" lon="20.848684"><ele>1849.4</ele><time>2025-02-11T13:35:16Z</time></trkpt>
      <trkpt lat="42.1097044" lon="20.8487833"><ele>1828.0</ele><time>2025-02-11T13:35:21Z</time></trkpt>
      <trkpt lat="42.1119077" lon="20.8482312"><ele>1681.4</ele><time>2025-02-11T13:37:27Z</time></trkpt>
      <trkpt lat="42.1121512" lon="20.848396"><ele>1669.4</ele><time>2025-02-11T13:39:30Z</time></trkpt>
      <trkpt lat="42.1124802" lon="20.8482777"><ele>1649.3</ele><time>2025-02-11T13:43:11Z</time></trkpt>
      <trkpt lat="42.1124197" lon="20.8484738"><ele>1645.9</ele><time>2025-02-11T13:43:38Z</time></trkpt>
      <trkpt lat="42.1133076" lon="20.8482758"><ele>1597.4</ele><time>2025-02-11T13:47:31Z</time></trkpt>
      <trkpt lat="42.1135369" lon="20.8485083"><ele>1593.2</ele><time>2025-02-11T13:47:52Z</time></trkpt>
      <trkpt lat="42.1145549" lon="20.8487565"><ele>1552.2</ele><time>2025-02-11T13:53:43Z</time></trkpt>
      <trkpt lat="42.1147308" lon="20.8485982"><ele>1537.1</ele><time>2025-02-11T13:53:53Z</time></trkpt>
      <trkpt lat="42.1147581" lon="20.8483848"><ele>1526.6</ele><time>2025-02-11T13:54:09Z</time></trkpt>
      <trkpt lat="42.1152875" lon="20.8481199"><ele>1490.8</ele><time>2025-02-11T13:57:46Z</time></trkpt>
      <trkpt lat="42.1164721" lon="20.8481389"><ele>1445.7</ele><time>2025-02-11T13:58:36Z</time></trkpt>
      <trkpt lat="42.1175396" lon="20.8479644"><ele>1409.0</ele><time>2025-02-11T14:01:50Z</time></trkpt>
      <trkpt lat="42.1177241" lon="20.8476721"><ele>1399.1</ele><time>2025-02-11T14:02:49Z</time></trkpt>
      <trkpt lat="42.1192038" lon="20.8472512"><ele>1344.0</ele><time>2025-02-11T14:09:13Z</time></trkpt>
      <trkpt lat="42.119169" lon="20.8473732"><ele>1335.7</ele><time>2025-02-11T14:09:24Z</time></trkpt>
      <trkpt lat="42.1203209" lon="20.8468668"><ele>1300.7</ele><time>2025-02-11T14:10:16Z</time></trkpt>
      <trkpt lat="42.1221201" lon="20.8470847"><ele>1253.4</ele><time>2025-02-11T14:10:56Z</time></trkpt>
      <trkpt lat="42.1225595" lon="20.8469952"><ele>1238.6</ele><time>2025-02-11T14:12:19Z</time></trkpt>
      <trkpt lat="42.1232936" lon="20.8474505"><ele>1236.2</ele><time>2025-02-11T14:13:26Z</time></trkpt>
      <trkpt lat="42.1236154" lon="20.8479937"><ele>1220.5</ele><time>2025-02-11T14:31:51Z</time></trkpt>
      <trkpt lat="42.1238074" lon="20.8480071"><ele>1216.3</ele><time>2025-02-11T14:32:06Z</time></trkpt>
      <trkpt lat="42.1239414" lon="20.8478077"><ele>1227.4</ele><time>2025-02-11T14:32:46Z</time></trkpt>
      <trkpt lat="42.1246943" lon="20.8490624"><ele>1209.0</ele><time>2025-02-11T14:34:18Z</time></trkpt>
      <trkpt lat="42.1257815" lon="20.8494395"><ele>1186.9</ele><time>2025-02-11T14:35:56Z</time></trkpt>
      <trkpt lat="42.1257761" lon="20.849597"><ele>1186.1</ele><time>2025-02-11T14:36:06Z</time></trkpt>
      <trkpt lat="42.1251525" lon="20.8502944"><ele>1166.0</ele><time>2025-02-11T14:37:22Z</time></trkpt>
      <trkpt lat="42.1251598" lon="20.8505048"><ele>1161.9</ele><time>2025-02-11T14:37:38Z</time></trkpt>
      <trkpt lat="42.1253631" lon="20.8506962"><ele>1151.8</ele><time>2025-02-11T14:38:05Z</time></trkpt>
      <trkpt lat="42.1251683" lon="20.8508499"><ele>1143.7</ele><time>2025-02-11T14:38:31Z</time></trkpt>
      <trkpt lat="42.1255391" lon="20.8510389"><ele>1135.7</ele><time>2025-02-11T14:39:09Z</time></trkpt>
      <trkpt lat="42.1251234" lon="20.8513187"><ele>1123.6</ele><time>2025-02-11T14:39:51Z</time></trkpt>
      <trkpt lat="42.1256065" lon="20.8518121"><ele>1120.9</ele><time>2025-02-11T14:41:11Z</time></trkpt>
      <trkpt lat="42.1255856" lon="20.8527724"><ele>1120.4</ele><time>2025-02-11T14:42:05Z</time></trkpt>
      <trkpt lat="42.1257091" lon="20.8533979"><ele>1115.1</ele><time>2025-02-11T14:42:47Z</time></trkpt>
      <trkpt lat="42.1262395" lon="20.8542922"><ele>1098.2</ele><time>2025-02-11T14:43:57Z</time></trkpt>
      <trkpt lat="42.1261063" lon="20.8548757"><ele>1085.8</ele><time>2025-02-11T14:44:33Z</time></trkpt>
      <trkpt lat="42.1264008" lon="20.8545539"><ele>1071.7</ele><time>2025-02-11T14:45:04Z</time></trkpt>
      <trkpt lat="42.1267909" lon="20.8546787"><ele>1065.5</ele><time>2025-02-11T14:45:36Z</time></trkpt>
      <trkpt lat="42.1274312" lon="20.8544871"><ele>1050.5</ele><time>2025-02-11T14:46:29Z</time></trkpt>
      <trkpt lat="42.1281394" lon="20.8546207"><ele>1042.7</ele><time>2025-02-11T14:47:21Z</time></trkpt>
      <trkpt lat="42.1287658" lon="20.8555549"><ele>1028.3</ele><time>2025-02-11T14:48:27Z</time></trkpt>
      <trkpt lat="42.1307006" lon="20.8568373"><ele>983.1</ele><time>2025-02-11T14:51:25Z</time></trkpt>
      <trkpt lat="42.1310516" lon="20.8575423"><ele>970.9</ele><time>2025-02-11T14:52:10Z</time></trkpt>
      <trkpt lat="42.1320768" lon="20.8585725"><ele>948.5</ele><time>2025-02-11T14:53:57Z</time></trkpt>
      <trkpt lat="42.13237" lon="20.8586672"><ele>941.5</ele><time>2025-02-11T14:54:24Z</time></trkpt>
      <trkpt lat="42.1322241" lon="20.8582679"><ele>936.6</ele><time>2025-02-11T14:54:56Z</time></trkpt>
      <trkpt lat="42.132782" lon="20.8583904"><ele>923.0</ele><time>2025-02-11T14:59:10Z</time></trkpt>
      <trkpt lat="42.1328071" lon="20.8587576"><ele>921.9</ele><time>2025-02-11T14:59:42Z</time></trkpt>
      <trkpt lat="42.1326123" lon="20.8595392"><ele>925.4</ele><time>2025-02-11T15:00:49Z</time></trkpt>
      <trkpt lat="42.1329089" lon="20.8593462"><ele>924.3</ele><time>2025-02-11T15:01:21Z</time></trkpt>
      <trkpt lat="42.1334231" lon="20.8595668"><ele>928.1</ele><time>2025-02-11T15:02:07Z</time></trkpt>
      <trkpt lat="42.1326978" lon="20.8603488"><ele>935.1</ele><time>2025-02-11T15:03:36Z</time></trkpt>
      <trkpt lat="42.1324183" lon="20.860916"><ele>941.1</ele><time>2025-02-11T15:04:17Z</time></trkpt>
      <trkpt lat="42.1323493" lon="20.8616135"><ele>931.1</ele><time>2025-02-11T15:05:03Z</time></trkpt>
      <trkpt lat="42.1320344" lon="20.8622862"><ele>937.7</ele><time>2025-02-11T15:05:50Z</time></trkpt>
      <trkpt lat="42.132215" lon="20.8626778"><ele>943.6</ele><time>2025-02-11T15:06:25Z</time></trkpt>
      <trkpt lat="42.1326885" lon="20.8630019"><ele>949.8</ele><time>2025-02-11T15:08:01Z</time></trkpt>
      <trkpt lat="42.1328763" lon="20.8619483"><ele>961.6</ele><time>2025-02-11T15:09:48Z</time></trkpt>
      <trkpt lat="42.1332971" lon="20.8614648"><ele>973.8</ele><time>2025-02-11T15:10:39Z</time></trkpt>
      <trkpt lat="42.133491" lon="20.8614772"><ele>978.1</ele><time>2025-02-11T15:11:09Z</time></trkpt>
      <trkpt lat="42.1339382" lon="20.8623132"><ele>998.2</ele><time>2025-02-11T15:13:42Z</time></trkpt>
      <trkpt lat="42.134765" lon="20.86155"><ele>1006.1</ele><time>2025-02-11T15:17:12Z</time></trkpt>
      <trkpt lat="42.1350359" lon="20.8613937"><ele>1008.2</ele><time>2025-02-11T15:17:42Z</time></trkpt>
      <trkpt lat="42.1351053" lon="20.8615112"><ele>1013.2</ele><time>2025-02-11T15:18:30Z</time></trkpt>
      <trkpt lat="42.1351779" lon="20.8618758"><ele>1019.1</ele><time>2025-02-11T15:19:23Z</time></trkpt>
      <trkpt lat="42.1349271" lon="20.8633023"><ele>1039.6</ele><time>2025-02-11T15:22:17Z</time></trkpt>
      <trkpt lat="42.134608" lon="20.8639442"><ele>1051.4</ele><time>2025-02-11T15:23:33Z</time></trkpt>
      <trkpt lat="42.1347192" lon="20.864018"><ele>1051.3</ele><time>2025-02-11T15:23:59Z</time></trkpt>
      <trkpt lat="42.1346557" lon="20.8646276"><ele>1065.2</ele><time>2025-02-11T15:25:12Z</time></trkpt>
      <trkpt lat="42.1348001" lon="20.8647437"><ele>1066.9</ele><time>2025-02-11T15:25:44Z</time></trkpt>
      <trkpt lat="42.134242" lon="20.864735"><ele>1072.3</ele><time>2025-02-11T15:33:04Z</time></trkpt>
      <trkpt lat="42.1334509" lon="20.8666127"><ele>1070.4</ele><time>2025-02-11T15:35:26Z</time></trkpt>
      <trkpt lat="42.1327944" lon="20.8671323"><ele>1069.1</ele><time>2025-02-11T15:36:28Z</time></trkpt>
      <trkpt lat="42.132348" lon="20.8681306"><ele>1076.4</ele><time>2025-02-11T15:37:43Z</time></trkpt>
      <trkpt lat="42.1315785" lon="20.8687007"><ele>1072.2</ele><time>2025-02-11T15:39:14Z</time></trkpt>
      <trkpt lat="42.1314045" lon="20.8700198"><ele>1061.6</ele><time>2025-02-11T15:40:37Z</time></trkpt>
      <trkpt lat="42.1308005" lon="20.871505"><ele>1056.9</ele><time>2025-02-11T15:42:13Z</time></trkpt>
      <trkpt lat="42.1305295" lon="20.8717021"><ele>1056.7</ele><time>2025-02-11T15:42:38Z</time></trkpt>
      <trkpt lat="42.1303214" lon="20.8716554"><ele>1061.2</ele><time>2025-02-11T15:42:54Z</time></trkpt>
      <trkpt lat="42.1302571" lon="20.8712401"><ele>1062.3</ele><time>2025-02-11T15:43:19Z</time></trkpt>
      <trkpt lat="42.1297455" lon="20.8700438"><ele>1079.0</ele><time>2025-02-11T15:45:02Z</time></trkpt>
      <trkpt lat="42.1288859" lon="20.8698855"><ele>1100.5</ele><time>2025-02-11T15:47:03Z</time></trkpt>
      <trkpt lat="42.1288795" lon="20.8695947"><ele>1103.9</ele><time>2025-02-11T15:47:49Z</time></trkpt>
      <trkpt lat="42.1289088" lon="20.8697014"><ele>1103.0</ele><time>2025-02-11T15:48:45Z</time></trkpt>
      <trkpt lat="42.1289088" lon="20.8697014"><ele>1103.0</ele><time>2025-02-11T15:48:45Z</time></trkpt>
      <trkpt lat="42.1288725" lon="20.8696173"><ele>1111.1</ele><time>2025-02-12T07:46:26Z</time></trkpt>
      <trkpt lat="42.1288248" lon="20.8699372"><ele>1107.4</ele><time>2025-02-12T07:50:27Z</time></trkpt>
      <trkpt lat="42.1286763" lon="20.8699885"><ele>1110.5</ele><time>2025-02-12T07:50:53Z</time></trkpt>
      <trkpt lat="42.1286118" lon="20.8695214"><ele>1117.2</ele><time>2025-02-12T07:51:51Z</time></trkpt>
      <trkpt lat="42.1284336" lon="20.8692935"><ele>1119.7</ele><time>2025-02-12T07:52:33Z</time></trkpt>
      <trkpt lat="42.1280124" lon="20.8694862"><ele>1125.5</ele><time>2025-02-12T07:53:32Z</time></trkpt>
      <trkpt lat="42.1279047" lon="20.8696935"><ele>1128.5</ele><time>2025-02-12T07:53:52Z</time></trkpt>
      <trkpt lat="42.1279474" lon="20.8699351"><ele>1130.8</ele><time>2025-02-12T07:54:17Z</time></trkpt>
      <trkpt lat="42.1277031" lon="20.8704094"><ele>1134.5</ele><time>2025-02-12T07:55:26Z</time></trkpt>
      <trkpt lat="42.1277013" lon="20.8708237"><ele>1143.5</ele><time>2025-02-12T07:56:03Z</time></trkpt>
      <trkpt lat="42.1273125" lon="20.8706677"><ele>1149.6</ele><time>2025-02-12T07:57:01Z</time></trkpt>
      <trkpt lat="42.1273886" lon="20.8708611"><ele>1152.0</ele><time>2025-02-12T07:57:22Z</time></trkpt>
      <trkpt lat="42.1272665" lon="20.870911"><ele>1153.8</ele><time>2025-02-12T07:57:37Z</time></trkpt>
      <trkpt lat="42.1272696" lon="20.8710913"><ele>1159.8</ele><time>2025-02-12T07:58:12Z</time></trkpt>
      <trkpt lat="42.1277096" lon="20.8715636"><ele>1168.5</ele><time>2025-02-12T07:59:22Z</time></trkpt>
      <trkpt lat="42.128047" lon="20.8722672"><ele>1183.1</ele><time>2025-02-12T08:00:50Z</time></trkpt>
      <trkpt lat="42.1279003" lon="20.8728997"><ele>1187.3</ele><time>2025-02-12T08:02:02Z</time></trkpt>
      <trkpt lat="42.1276987" lon="20.8731558"><ele>1187.7</ele><time>2025-02-12T08:02:28Z</time></trkpt>
      <trkpt lat="42.1274767" lon="20.8738326"><ele>1189.2</ele><time>2025-02-12T08:03:24Z</time></trkpt>
      <trkpt lat="42.1274019" lon="20.8758337"><ele>1217.9</ele><time>2025-02-12T08:05:57Z</time></trkpt>
      <trkpt lat="42.1272871" lon="20.8763253"><ele>1223.1</ele><time>2025-02-12T08:06:52Z</time></trkpt>
      <trkpt lat="42.1270106" lon="20.8767615"><ele>1239.8</ele><time>2025-02-12T08:08:13Z</time></trkpt>
      <trkpt lat="42.1269562" lon="20.8774048"><ele>1246.5</ele><time>2025-02-12T08:09:32Z</time></trkpt>
      <trkpt lat="42.1267913" lon="20.8772487"><ele>1251.4</ele><time>2025-02-12T08:10:36Z</time></trkpt>
      <trkpt lat="42.1265297" lon="20.8776865"><ele>1265.5</ele><time>2025-02-12T08:11:56Z</time></trkpt>
      <trkpt lat="42.1264965" lon="20.8781473"><ele>1272.5</ele><time>2025-02-12T08:12:44Z</time></trkpt>
      <trkpt lat="42.1262406" lon="20.878249"><ele>1275.4</ele><time>2025-02-12T08:13:21Z</time></trkpt>
      <trkpt lat="42.1261615" lon="20.8781064"><ele>1281.2</ele><time>2025-02-12T08:13:48Z</time></trkpt>
      <trkpt lat="42.1259326" lon="20.879018"><ele>1293.9</ele><time>2025-02-12T08:15:24Z</time></trkpt>
      <trkpt lat="42.1259173" lon="20.8788468"><ele>1297.5</ele><time>2025-02-12T08:15:40Z</time></trkpt>
      <trkpt lat="42.1256925" lon="20.8789812"><ele>1302.1</ele><time>2025-02-12T08:16:23Z</time></trkpt>
      <trkpt lat="42.1256435" lon="20.8788573"><ele>1306.1</ele><time>2025-02-12T08:16:39Z</time></trkpt>
      <trkpt lat="42.1256309" lon="20.8776752"><ele>1327.7</ele><time>2025-02-12T08:18:47Z</time></trkpt>
      <trkpt lat="42.1254937" lon="20.8771224"><ele>1332.6</ele><time>2025-02-12T08:20:01Z</time></trkpt>
      <trkpt lat="42.1251241" lon="20.878165"><ele>1345.8</ele><time>2025-02-12T08:21:32Z</time></trkpt>
      <trkpt lat="42.1250462" lon="20.8796971"><ele>1348.9</ele><time>2025-02-12T08:23:50Z</time></trkpt>
      <trkpt lat="42.1247209" lon="20.8807332"><ele>1365.5</ele><time>2025-02-12T08:25:16Z</time></trkpt>
      <trkpt lat="42.1243318" lon="20.8813487"><ele>1372.7</ele><time>2025-02-12T08:26:41Z</time></trkpt>
      <trkpt lat="42.1243558" lon="20.88176"><ele>1380.8</ele><time>2025-02-12T08:27:29Z</time></trkpt>
      <trkpt lat="42.1239644" lon="20.8818392"><ele>1394.9</ele><time>2025-02-12T08:28:44Z</time></trkpt>
      <trkpt lat="42.123937" lon="20.8814533"><ele>1393.9</ele><time>2025-02-12T08:29:26Z</time></trkpt>
      <trkpt lat="42.123665" lon="20.8809757"><ele>1409.1</ele><time>2025-02-12T08:37:09Z</time></trkpt>
      <trkpt lat="42.123678" lon="20.8798727"><ele>1417.6</ele><time>2025-02-12T08:38:55Z</time></trkpt>
      <trkpt lat="42.123509" lon="20.879814"><ele>1422.4</ele><time>2025-02-12T08:39:33Z</time></trkpt>
      <trkpt lat="42.1232689" lon="20.8801198"><ele>1437.2</ele><time>2025-02-12T08:40:21Z</time></trkpt>
      <trkpt lat="42.1229902" lon="20.879927"><ele>1441.8</ele><time>2025-02-12T08:56:20Z</time></trkpt>
      <trkpt lat="42.122664" lon="20.880037"><ele>1444.6</ele><time>2025-02-12T08:57:32Z</time></trkpt>
      <trkpt lat="42.1226056" lon="20.8798136"><ele>1451.4</ele><time>2025-02-12T08:57:58Z</time></trkpt>
      <trkpt lat="42.1219528" lon="20.8796766"><ele>1463.0</ele><time>2025-02-12T09:00:00Z</time></trkpt>
      <trkpt lat="42.1214431" lon="20.8800292"><ele>1477.4</ele><time>2025-02-12T09:01:52Z</time></trkpt>
      <trkpt lat="42.1213672" lon="20.8803672"><ele>1488.5</ele><time>2025-02-12T09:02:50Z</time></trkpt>
      <trkpt lat="42.1209244" lon="20.8809341"><ele>1511.1</ele><time>2025-02-12T09:04:58Z</time></trkpt>
      <trkpt lat="42.1205156" lon="20.8820883"><ele>1534.0</ele><time>2025-02-12T09:07:38Z</time></trkpt>
      <trkpt lat="42.1202228" lon="20.8820298"><ele>1542.6</ele><time>2025-02-12T09:09:13Z</time></trkpt>
      <trkpt lat="42.1200626" lon="20.8822534"><ele>1551.7</ele><time>2025-02-12T09:09:56Z</time></trkpt>
      <trkpt lat="42.1198323" lon="20.8823058"><ele>1557.6</ele><time>2025-02-12T09:10:44Z</time></trkpt>
      <trkpt lat="42.1194457" lon="20.8830681"><ele>1575.8</ele><time>2025-02-12T09:13:03Z</time></trkpt>
      <trkpt lat="42.1192848" lon="20.8826459"><ele>1587.2</ele><time>2025-02-12T09:14:12Z</time></trkpt>
      <trkpt lat="42.1188957" lon="20.8835327"><ele>1601.6</ele><time>2025-02-12T09:17:29Z</time></trkpt>
      <trkpt lat="42.1186598" lon="20.8833516"><ele>1612.0</ele><time>2025-02-12T09:18:23Z</time></trkpt>
      <trkpt lat="42.1187672" lon="20.8839439"><ele>1618.5</ele><time>2025-02-12T09:19:59Z</time></trkpt>
      <trkpt lat="42.1184056" lon="20.8837167"><ele>1631.4</ele><time>2025-02-12T09:23:21Z</time></trkpt>
      <trkpt lat="42.1185912" lon="20.8836037"><ele>1623.7</ele><time>2025-02-12T09:24:15Z</time></trkpt>
      <trkpt lat="42.1183167" lon="20.883627"><ele>1634.8</ele><time>2025-02-12T09:25:35Z</time></trkpt>
      <trkpt lat="42.1178802" lon="20.8842516"><ele>1659.8</ele><time>2025-02-12T09:28:25Z</time></trkpt>
      <trkpt lat="42.1174739" lon="20.883834"><ele>1678.7</ele><time>2025-02-12T09:30:17Z</time></trkpt>
      <trkpt lat="42.1166417" lon="20.8823664"><ele>1714.7</ele><time>2025-02-12T09:35:09Z</time></trkpt>
      <trkpt lat="42.1162819" lon="20.8824365"><ele>1726.1</ele><time>2025-02-12T09:36:36Z</time></trkpt>
      <trkpt lat="42.1157873" lon="20.8828744"><ele>1742.4</ele><time>2025-02-12T09:38:43Z</time></trkpt>
      <trkpt lat="42.1157783" lon="20.883326"><ele>1753.9</ele><time>2025-02-12T09:40:39Z</time></trkpt>
      <trkpt lat="42.1151965" lon="20.8841762"><ele>1778.7</ele><time>2025-02-12T09:43:48Z</time></trkpt>
      <trkpt lat="42.1144919" lon="20.88561"><ele>1810.6</ele><time>2025-02-12T09:47:52Z</time></trkpt>
      <trkpt lat="42.1146417" lon="20.8894251"><ele>1830.0</ele><time>2025-02-12T09:52:40Z</time></trkpt>
      <trkpt lat="42.1145005" lon="20.8903688"><ele>1838.0</ele><time>2025-02-12T09:54:37Z</time></trkpt>
      <trkpt lat="42.1134419" lon="20.8929576"><ele>1887.9</ele><time>2025-02-12T10:21:11Z</time></trkpt>
      <trkpt lat="42.1124911" lon="20.8936618"><ele>1921.2</ele><time>2025-02-12T10:24:46Z</time></trkpt>
      <trkpt lat="42.1124128" lon="20.8940298"><ele>1932.7</ele><time>2025-02-12T10:26:23Z</time></trkpt>
      <trkpt lat="42.112058" lon="20.8945829"><ele>1952.3</ele><time>2025-02-12T10:28:01Z</time></trkpt>
      <trkpt lat="42.1116573" lon="20.8945096"><ele>1965.3</ele><time>2025-02-12T10:29:02Z</time></trkpt>
      <trkpt lat="42.1114271" lon="20.8949835"><ele>1979.3</ele><time>2025-02-12T10:30:42Z</time></trkpt>
      <trkpt lat="42.1110477" lon="20.8952418"><ele>1994.7</ele><time>2025-02-12T10:32:18Z</time></trkpt>
      <trkpt lat="42.1104486" lon="20.8954179"><ele>2012.3</ele><time>2025-02-12T10:34:21Z</time></trkpt>
      <trkpt lat="42.1099308" lon="20.8958135"><ele>2035.9</ele><time>2025-02-12T10:36:59Z</time></trkpt>
      <trkpt lat="42.1092647" lon="20.8960785"><ele>2055.5</ele><time>2025-02-12T10:39:52Z</time></trkpt>
      <trkpt lat="42.1094628" lon="20.8963921"><ele>2063.5</ele><time>2025-02-12T10:40:51Z</time></trkpt>
      <trkpt lat="42.1090574" lon="20.8965304"><ele>2075.9</ele><time>2025-02-12T10:42:06Z</time></trkpt>
      <trkpt lat="42.1092538" lon="20.8968968"><ele>2085.3</ele><time>2025-02-12T10:43:10Z</time></trkpt>
      <trkpt lat="42.108824" lon="20.8971039"><ele>2095.9</ele><time>2025-02-12T10:44:35Z</time></trkpt>
      <trkpt lat="42.1089042" lon="20.8975416"><ele>2107.0</ele><time>2025-02-12T10:45:44Z</time></trkpt>
      <trkpt lat="42.1086814" lon="20.8978748"><ele>2116.6</ele><time>2025-02-12T10:46:48Z</time></trkpt>
      <trkpt lat="42.1087268" lon="20.8980967"><ele>2122.9</ele><time>2025-02-12T10:47:20Z</time></trkpt>
      <trkpt lat="42.1085481" lon="20.8982247"><ele>2129.6</ele><time>2025-02-12T10:47:58Z</time></trkpt>
      <trkpt lat="42.1086964" lon="20.8986851"><ele>2142.0</ele><time>2025-02-12T10:49:02Z</time></trkpt>
      <trkpt lat="42.1086744" lon="20.8992524"><ele>2153.0</ele><time>2025-02-12T10:50:27Z</time></trkpt>
      <trkpt lat="42.1081477" lon="20.8993422"><ele>2163.8</ele><time>2025-02-12T10:52:14Z</time></trkpt>
      <trkpt lat="42.1084425" lon="20.9009143"><ele>2195.4</ele><time>2025-02-12T10:56:30Z</time></trkpt>
      <trkpt lat="42.1083552" lon="20.9013486"><ele>2202.8</ele><time>2025-02-12T10:57:28Z</time></trkpt>
      <trkpt lat="42.1080504" lon="20.901645"><ele>2210.3</ele><time>2025-02-12T10:58:32Z</time></trkpt>
      <trkpt lat="42.1079953" lon="20.9019382"><ele>2216.8</ele><time>2025-02-12T10:59:15Z</time></trkpt>
      <trkpt lat="42.1083104" lon="20.903796"><ele>2234.8</ele><time>2025-02-12T11:18:21Z</time></trkpt>
      <trkpt lat="42.1086805" lon="20.9044656"><ele>2235.1</ele><time>2025-02-12T11:18:58Z</time></trkpt>
      <trkpt lat="42.10924" lon="20.9049753"><ele>2234.2</ele><time>2025-02-12T11:19:30Z</time></trkpt>
      <trkpt lat="42.1110155" lon="20.9077037"><ele>2233.8</ele><time>2025-02-12T11:21:43Z</time></trkpt>
      <trkpt lat="42.1117537" lon="20.9080373"><ele>2228.9</ele><time>2025-02-12T11:22:10Z</time></trkpt>
      <trkpt lat="42.1123253" lon="20.9085921"><ele>2223.3</ele><time>2025-02-12T11:22:26Z</time></trkpt>
      <trkpt lat="42.1128572" lon="20.9102498"><ele>2218.5</ele><time>2025-02-12T11:23:14Z</time></trkpt>
      <trkpt lat="42.1134011" lon="20.9114486"><ele>2192.3</ele><time>2025-02-12T11:24:29Z</time></trkpt>
      <trkpt lat="42.1133984" lon="20.9133306"><ele>2165.4</ele><time>2025-02-12T11:25:22Z</time></trkpt>
      <trkpt lat="42.1136012" lon="20.9150579"><ele>2172.8</ele><time>2025-02-12T11:25:54Z</time></trkpt>
      <trkpt lat="42.1143868" lon="20.9173582"><ele>2189.9</ele><time>2025-02-12T11:26:47Z</time></trkpt>
      <trkpt lat="42.1149402" lon="20.918586"><ele>2213.9</ele><time>2025-02-12T11:27:30Z</time></trkpt>
      <trkpt lat="42.1151016" lon="20.9194441"><ele>2213.0</ele><time>2025-02-12T11:28:07Z</time></trkpt>
      <trkpt lat="42.1161576" lon="20.9191886"><ele>2240.2</ele><time>2025-02-12T11:46:21Z</time></trkpt>
      <trkpt lat="42.1165241" lon="20.9188894"><ele>2251.0</ele><time>2025-02-12T11:47:41Z</time></trkpt>
      <trkpt lat="42.1171373" lon="20.9186684"><ele>2258.1</ele><time>2025-02-12T11:49:21Z</time></trkpt>
      <trkpt lat="42.1185413" lon="20.9184864"><ele>2274.7</ele><time>2025-02-12T11:53:05Z</time></trkpt>
      <trkpt lat="42.1189207" lon="20.9186779"><ele>2275.4</ele><time>2025-02-12T11:53:48Z</time></trkpt>
      <trkpt lat="42.1196175" lon="20.9186114"><ele>2282.6</ele><time>2025-02-12T11:55:13Z</time></trkpt>
      <trkpt lat="42.1201308" lon="20.9193234"><ele>2295.6</ele><time>2025-02-12T11:57:21Z</time></trkpt>
      <trkpt lat="42.1210956" lon="20.9195553"><ele>2303.7</ele><time>2025-02-12T11:59:34Z</time></trkpt>
      <trkpt lat="42.1218465" lon="20.920429"><ele>2307.3</ele><time>2025-02-12T12:01:37Z</time></trkpt>
      <trkpt lat="42.1219978" lon="20.9200665"><ele>2323.6</ele><time>2025-02-12T12:02:52Z</time></trkpt>
      <trkpt lat="42.1222469" lon="20.9202534"><ele>2326.1</ele><time>2025-02-12T12:04:01Z</time></trkpt>
      <trkpt lat="42.1238892" lon="20.9244324"><ele>2414.3</ele><time>2025-02-12T12:16:06Z</time></trkpt>
      <trkpt lat="42.124094" lon="20.9238433"><ele>2431.7</ele><time>2025-02-12T12:17:53Z</time></trkpt>
      <trkpt lat="42.1244092" lon="20.9242198"><ele>2442.9</ele><time>2025-02-12T12:19:29Z</time></trkpt>
      <trkpt lat="42.1251833" lon="20.9247176"><ele>2468.4</ele><time>2025-02-12T12:22:36Z</time></trkpt>
      <trkpt lat="42.126028" lon="20.9245894"><ele>2487.5</ele><time>2025-02-12T12:25:32Z</time></trkpt>
      <trkpt lat="42.1263911" lon="20.9246752"><ele>2494.8</ele><time>2025-02-12T12:26:30Z</time></trkpt>
      <trkpt lat="42.1267954" lon="20.9249491"><ele>2501.8</ele><time>2025-02-12T12:28:01Z</time></trkpt>
      <trkpt lat="42.1267548" lon="20.9250637"><ele>2497.9</ele><time>2025-02-12T12:48:00Z</time></trkpt>
      <trkpt lat="42.1268888" lon="20.9252152"><ele>2496.9</ele><time>2025-02-12T12:48:05Z</time></trkpt>
      <trkpt lat="42.1274086" lon="20.9251747"><ele>2471.3</ele><time>2025-02-12T12:50:47Z</time></trkpt>
      <trkpt lat="42.1278658" lon="20.9256118"><ele>2442.0</ele><time>2025-02-12T12:51:26Z</time></trkpt>
      <trkpt lat="42.1285173" lon="20.9258978"><ele>2405.9</ele><time>2025-02-12T12:53:49Z</time></trkpt>
      <trkpt lat="42.1288434" lon="20.9262999"><ele>2385.7</ele><time>2025-02-12T12:54:10Z</time></trkpt>
      <trkpt lat="42.1299351" lon="20.9258783"><ele>2363.7</ele><time>2025-02-12T12:55:25Z</time></trkpt>
      <trkpt lat="42.1308775" lon="20.9260798"><ele>2357.1</ele><time>2025-02-12T12:56:13Z</time></trkpt>
      <trkpt lat="42.1310236" lon="20.9266706"><ele>2352.7</ele><time>2025-02-12T12:56:45Z</time></trkpt>
      <trkpt lat="42.131815" lon="20.9277483"><ele>2323.1</ele><time>2025-02-12T12:57:12Z</time></trkpt>
      <trkpt lat="42.1329479" lon="20.9287181"><ele>2276.7</ele><time>2025-02-12T12:57:38Z</time></trkpt>
      <trkpt lat="42.1333737" lon="20.9295383"><ele>2257.9</ele><time>2025-02-12T12:59:36Z</time></trkpt>
      <trkpt lat="42.1334238" lon="20.9299974"><ele>2252.7</ele><time>2025-02-12T12:59:46Z</time></trkpt>
      <trkpt lat="42.1339269" lon="20.9303804"><ele>2235.5</ele><time>2025-02-12T12:59:57Z</time></trkpt>
      <trkpt lat="42.1340371" lon="20.9310204"><ele>2217.9</ele><time>2025-02-12T13:00:08Z</time></trkpt>
      <trkpt lat="42.1348463" lon="20.931715"><ele>2196.9</ele><time>2025-02-12T13:00:40Z</time></trkpt>
      <trkpt lat="42.1349162" lon="20.9320404"><ele>2192.8</ele><time>2025-02-12T13:00:45Z</time></trkpt>
      <trkpt lat="42.1351129" lon="20.9322453"><ele>2189.3</ele><time>2025-02-12T13:00:50Z</time></trkpt>
      <trkpt lat="42.1362129" lon="20.9329444"><ele>2165.7</ele><time>2025-02-12T13:01:12Z</time></trkpt>
      <trkpt lat="42.1364185" lon="20.9336253"><ele>2157.6</ele><time>2025-02-12T13:01:22Z</time></trkpt>
      <trkpt lat="42.1374073" lon="20.9346959"><ele>2137.8</ele><time>2025-02-12T13:01:44Z</time></trkpt>
      <trkpt lat="42.1385031" lon="20.9353051"><ele>2120.0</ele><time>2025-02-12T13:02:05Z</time></trkpt>
      <trkpt lat="42.1394655" lon="20.9350799"><ele>2106.9</ele><time>2025-02-12T13:02:21Z</time></trkpt>
      <trkpt lat="42.1403519" lon="20.9351872"><ele>2097.4</ele><time>2025-02-12T13:02:37Z</time></trkpt>
      <trkpt lat="42.1410411" lon="20.9357531"><ele>2080.7</ele><time>2025-02-12T13:02:53Z</time></trkpt>
      <trkpt lat="42.1414617" lon="20.9357604"><ele>2076.5</ele><time>2025-02-12T13:03:09Z</time></trkpt>
      <trkpt lat="42.1421317" lon="20.9362424"><ele>2059.2</ele><time>2025-02-12T13:04:56Z</time></trkpt>
      <trkpt lat="42.1426755" lon="20.9360975"><ele>2047.9</ele><time>2025-02-12T13:05:06Z</time></trkpt>
      <trkpt lat="42.1428845" lon="20.9362778"><ele>2039.2</ele><time>2025-02-12T13:05:12Z</time></trkpt>
      <trkpt lat="42.143482" lon="20.936177"><ele>2022.5</ele><time>2025-02-12T13:05:22Z</time></trkpt>
      <trkpt lat="42.1440329" lon="20.9363222"><ele>2008.9</ele><time>2025-02-12T13:05:33Z</time></trkpt>
      <trkpt lat="42.1453391" lon="20.9362321"><ele>1985.4</ele><time>2025-02-12T13:05:54Z</time></trkpt>
      <trkpt lat="42.1454949" lon="20.9361044"><ele>1986.9</ele><time>2025-02-12T13:07:04Z</time></trkpt>
      <trkpt lat="42.1474423" lon="20.9365969"><ele>1940.9</ele><time>2025-02-12T13:07:36Z</time></trkpt>
      <trkpt lat="42.1481463" lon="20.9372329"><ele>1919.3</ele><time>2025-02-12T13:07:57Z</time></trkpt>
      <trkpt lat="42.1486676" lon="20.9374512"><ele>1920.4</ele><time>2025-02-12T13:12:24Z</time></trkpt>
      <trkpt lat="42.1489189" lon="20.938121"><ele>1921.5</ele><time>2025-02-12T13:14:00Z</time></trkpt>
      <trkpt lat="42.1495977" lon="20.9386848"><ele>1941.7</ele><time>2025-02-12T13:16:29Z</time></trkpt>
      <trkpt lat="42.1505856" lon="20.9389382"><ele>1969.1</ele><time>2025-02-12T13:19:40Z</time></trkpt>
      <trkpt lat="42.1503788" lon="20.9391686"><ele>1975.8</ele><time>2025-02-12T13:20:33Z</time></trkpt>
      <trkpt lat="42.1506661" lon="20.9391552"><ele>1981.6</ele><time>2025-02-12T13:21:16Z</time></trkpt>
      <trkpt lat="42.1504786" lon="20.939335"><ele>1994.7</ele><time>2025-02-12T13:21:58Z</time></trkpt>
      <trkpt lat="42.1507848" lon="20.9393741"><ele>1992.5</ele><time>2025-02-12T13:23:08Z</time></trkpt>
      <trkpt lat="42.1507188" lon="20.9395179"><ele>1991.8</ele><time>2025-02-12T13:23:29Z</time></trkpt>
      <trkpt lat="42.1513181" lon="20.9397585"><ele>2012.9</ele><time>2025-02-12T13:25:53Z</time></trkpt>
      <trkpt lat="42.1509474" lon="20.9401206"><ele>2031.5</ele><time>2025-02-12T13:27:40Z</time></trkpt>
      <trkpt lat="42.1512147" lon="20.9403103"><ele>2034.7</ele><time>2025-02-12T13:28:44Z</time></trkpt>
      <trkpt lat="42.1509416" lon="20.9406458"><ele>2049.6</ele><time>2025-02-12T13:30:03Z</time></trkpt>
      <trkpt lat="42.1509412" lon="20.9421701"><ele>2066.1</ele><time>2025-02-12T13:41:41Z</time></trkpt>
      <trkpt lat="42.1517397" lon="20.943548"><ele>2054.8</ele><time>2025-02-12T13:42:13Z</time></trkpt>
      <trkpt lat="42.1521779" lon="20.943429"><ele>2048.0</ele><time>2025-02-12T13:42:19Z</time></trkpt>
      <trkpt lat="42.1524731" lon="20.9435872"><ele>2038.8</ele><time>2025-02-12T13:42:24Z</time></trkpt>
      <trkpt lat="42.1529081" lon="20.9445227"><ele>2023.9</ele><time>2025-02-12T13:42:35Z</time></trkpt>
      <trkpt lat="42.1532408" lon="20.9447602"><ele>2011.8</ele><time>2025-02-12T13:42:40Z</time></trkpt>
      <trkpt lat="42.1537437" lon="20.9459944"><ele>1998.1</ele><time>2025-02-12T13:42:51Z</time></trkpt>
      <trkpt lat="42.1539477" lon="20.9462588"><ele>1992.9</ele><time>2025-02-12T13:42:56Z</time></trkpt>
      <trkpt lat="42.1542758" lon="20.9462915"><ele>1982.5</ele><time>2025-02-12T13:43:01Z</time></trkpt>
      <trkpt lat="42.1543893" lon="20.9470649"><ele>1975.9</ele><time>2025-02-12T13:43:23Z</time></trkpt>
      <trkpt lat="42.154217" lon="20.9481124"><ele>1960.3</ele><time>2025-02-12T13:44:16Z</time></trkpt>
      <trkpt lat="42.1537713" lon="20.9483806"><ele>1949.7</ele><time>2025-02-12T13:45:20Z</time></trkpt>
      <trkpt lat="42.1538807" lon="20.9486617"><ele>1941.2</ele><time>2025-02-12T13:45:25Z</time></trkpt>
      <trkpt lat="42.1549042" lon="20.9495931"><ele>1888.9</ele><time>2025-02-12T13:45:47Z</time></trkpt>
      <trkpt lat="42.1549437" lon="20.9499624"><ele>1881.0</ele><time>2025-02-12T13:45:52Z</time></trkpt>
      <trkpt lat="42.1561149" lon="20.9508284"><ele>1802.9</ele><time>2025-02-12T13:49:47Z</time></trkpt>
      <trkpt lat="42.1561201" lon="20.9512731"><ele>1788.0</ele><time>2025-02-12T13:49:57Z</time></trkpt>
      <trkpt lat="42.1557676" lon="20.9517753"><ele>1768.4</ele><time>2025-02-12T13:51:23Z</time></trkpt>
      <trkpt lat="42.1562619" lon="20.952134"><ele>1750.3</ele><time>2025-02-12T13:51:33Z</time></trkpt>
      <trkpt lat="42.1575989" lon="20.9526203"><ele>1690.4</ele><time>2025-02-12T13:51:55Z</time></trkpt>
      <trkpt lat="42.1583954" lon="20.9533881"><ele>1634.9</ele><time>2025-02-12T13:52:16Z</time></trkpt>
      <trkpt lat="42.1584991" lon="20.9536536"><ele>1623.5</ele><time>2025-02-12T13:52:21Z</time></trkpt>
      <trkpt lat="42.1595317" lon="20.9541142"><ele>1597.9</ele><time>2025-02-12T13:54:40Z</time></trkpt>
      <trkpt lat="42.1605065" lon="20.9538456"><ele>1586.7</ele><time>2025-02-12T13:55:23Z</time></trkpt>
      <trkpt lat="42.1606835" lon="20.9536008"><ele>1583.4</ele><time>2025-02-12T13:55:39Z</time></trkpt>
      <trkpt lat="42.1619554" lon="20.9531398"><ele>1567.4</ele><time>2025-02-12T14:02:54Z</time></trkpt>
      <trkpt lat="42.1625804" lon="20.9531866"><ele>1567.7</ele><time>2025-02-12T14:03:04Z</time></trkpt>
      <trkpt lat="42.1628222" lon="20.953471"><ele>1560.6</ele><time>2025-02-12T14:03:20Z</time></trkpt>
      <trkpt lat="42.1636129" lon="20.9537133"><ele>1567.9</ele><time>2025-02-12T14:04:20Z</time></trkpt>
      <trkpt lat="42.1646761" lon="20.9536969"><ele>1566.8</ele><time>2025-02-12T14:05:48Z</time></trkpt>
      <trkpt lat="42.1649151" lon="20.9539938"><ele>1566.6</ele><time>2025-02-12T14:05:59Z</time></trkpt>
      <trkpt lat="42.1653726" lon="20.9562339"><ele>1562.8</ele><time>2025-02-12T14:07:32Z</time></trkpt>
      <trkpt lat="42.1657741" lon="20.9571497"><ele>1558.4</ele><time>2025-02-12T14:08:04Z</time></trkpt>
      <trkpt lat="42.1657375" lon="20.9575129"><ele>1562.7</ele><time>2025-02-12T14:08:14Z</time></trkpt>
      <trkpt lat="42.1658596" lon="20.9576095"><ele>1566.1</ele><time>2025-02-12T14:08:30Z</time></trkpt>
      <trkpt lat="42.1663911" lon="20.9573019"><ele>1566.4</ele><time>2025-02-12T14:08:52Z</time></trkpt>
      <trkpt lat="42.1667916" lon="20.9573544"><ele>1556.4</ele><time>2025-02-12T14:09:13Z</time></trkpt>
      <trkpt lat="42.1674076" lon="20.958244"><ele>1557.7</ele><time>2025-02-12T14:09:56Z</time></trkpt>
      <trkpt lat="42.1677357" lon="20.9594368"><ele>1557.7</ele><time>2025-02-12T14:10:38Z</time></trkpt>
      <trkpt lat="42.1678102" lon="20.9606741"><ele>1559.2</ele><time>2025-02-12T14:11:53Z</time></trkpt>
      <trkpt lat="42.1681442" lon="20.9617259"><ele>1557.4</ele><time>2025-02-12T14:12:52Z</time></trkpt>
      <trkpt lat="42.168677" lon="20.9622952"><ele>1557.9</ele><time>2025-02-12T14:14:17Z</time></trkpt>
      <trkpt lat="42.1692887" lon="20.9625576"><ele>1557.6</ele><time>2025-02-12T14:14:49Z</time></trkpt>
      <trkpt lat="42.1697487" lon="20.9630338"><ele>1556.6</ele><time>2025-02-12T14:15:58Z</time></trkpt>
      <trkpt lat="42.1712823" lon="20.9635365"><ele>1549.2</ele><time>2025-02-12T14:18:54Z</time></trkpt>
      <trkpt lat="42.1713601" lon="20.9636817"><ele>1549.3</ele><time>2025-02-12T14:19:21Z</time></trkpt>
      <trkpt lat="42.1712373" lon="20.963576"><ele>1551.3</ele><time>2025-02-12T14:20:30Z</time></trkpt>
      <trkpt lat="42.1712373" lon="20.963576"><ele>1551.3</ele><time>2025-02-12T14:20:30Z</time></trkpt>
      <trkpt lat="42.1696255" lon="20.9630582"><ele>1565.6</ele><time>2025-02-13T08:07:28Z</time></trkpt>
      <trkpt lat="42.1683291" lon="20.963686"><ele>1584.9</ele><time>2025-02-13T08:11:03Z</time></trkpt>
      <trkpt lat="42.1676639" lon="20.964383"><ele>1596.5</ele><time>2025-02-13T08:12:50Z</time></trkpt>
      <trkpt lat="42.1674818" lon="20.9647593"><ele>1602.5</ele><time>2025-02-13T08:14:33Z</time></trkpt>
      <trkpt lat="42.1671357" lon="20.9648974"><ele>1606.0</ele><time>2025-02-13T08:15:30Z</time></trkpt>
      <trkpt lat="42.1666782" lon="20.9658278"><ele>1634.7</ele><time>2025-02-13T08:17:31Z</time></trkpt>
      <trkpt lat="42.1653444" lon="20.9671328"><ele>1660.1</ele><time>2025-02-13T08:21:10Z</time></trkpt>
      <trkpt lat="42.1649774" lon="20.9679944"><ele>1664.1</ele><time>2025-02-13T08:22:41Z</time></trkpt>
      <trkpt lat="42.1645323" lon="20.9682481"><ele>1662.7</ele><time>2025-02-13T08:23:29Z</time></trkpt>
      <trkpt lat="42.1641183" lon="20.9687482"><ele>1671.1</ele><time>2025-02-13T08:24:22Z</time></trkpt>
      <trkpt lat="42.1604794" lon="20.9704445"><ele>1700.5</ele><time>2025-02-13T08:31:07Z</time></trkpt>
      <trkpt lat="42.1600767" lon="20.9705154"><ele>1705.0</ele><time>2025-02-13T08:31:50Z</time></trkpt>
      <trkpt lat="42.1588881" lon="20.9715083"><ele>1727.3</ele><time>2025-02-13T08:35:55Z</time></trkpt>
      <trkpt lat="42.1581594" lon="20.9716247"><ele>1738.8</ele><time>2025-02-13T08:37:42Z</time></trkpt>
      <trkpt lat="42.1581204" lon="20.9713862"><ele>1744.3</ele><time>2025-02-13T08:38:25Z</time></trkpt>
      <trkpt lat="42.1576754" lon="20.97128"><ele>1760.9</ele><time>2025-02-13T08:39:55Z</time></trkpt>
      <trkpt lat="42.1574506" lon="20.9709721"><ele>1771.9</ele><time>2025-02-13T08:40:43Z</time></trkpt>
      <trkpt lat="42.157131" lon="20.9709545"><ele>1783.1</ele><time>2025-02-13T08:41:42Z</time></trkpt>
      <trkpt lat="42.156865" lon="20.970646"><ele>1795.1</ele><time>2025-02-13T08:42:51Z</time></trkpt>
      <trkpt lat="42.1563891" lon="20.9705083"><ele>1794.0</ele><time>2025-02-13T08:44:01Z</time></trkpt>
      <trkpt lat="42.1561614" lon="20.9709614"><ele>1812.3</ele><time>2025-02-13T08:45:26Z</time></trkpt>
      <trkpt lat="42.155859" lon="20.9705185"><ele>1828.0</ele><time>2025-02-13T08:46:51Z</time></trkpt>
      <trkpt lat="42.1554713" lon="20.9702473"><ele>1838.0</ele><time>2025-02-13T08:48:17Z</time></trkpt>
      <trkpt lat="42.1553599" lon="20.9717421"><ele>1868.4</ele><time>2025-02-13T08:52:11Z</time></trkpt>
      <trkpt lat="42.1551886" lon="20.9715641"><ele>1877.9</ele><time>2025-02-13T08:53:05Z</time></trkpt>
      <trkpt lat="42.1554967" lon="20.9729354"><ele>1909.4</ele><time>2025-02-13T08:56:49Z</time></trkpt>
      <trkpt lat="42.1554743" lon="20.9732566"><ele>1911.7</ele><time>2025-02-13T08:57:42Z</time></trkpt>
      <trkpt lat="42.1553238" lon="20.9731567"><ele>1918.0</ele><time>2025-02-13T08:58:19Z</time></trkpt>
      <trkpt lat="42.1552982" lon="20.9736064"><ele>1931.0</ele><time>2025-02-13T09:00:54Z</time></trkpt>
      <trkpt lat="42.1544337" lon="20.9737759"><ele>1935.0</ele><time>2025-02-13T09:06:03Z</time></trkpt>
      <trkpt lat="42.1531994" lon="20.9746359"><ele>1965.3</ele><time>2025-02-13T09:10:30Z</time></trkpt>
      <trkpt lat="42.1526562" lon="20.9747899"><ele>1974.0</ele><time>2025-02-13T09:12:01Z</time></trkpt>
      <trkpt lat="42.1521529" lon="20.9752653"><ele>1984.2</ele><time>2025-02-13T09:14:03Z</time></trkpt>
      <trkpt lat="42.1514314" lon="20.9752155"><ele>2004.9</ele><time>2025-02-13T09:17:21Z</time></trkpt>
      <trkpt lat="42.1508215" lon="20.9749136"><ele>2037.1</ele><time>2025-02-13T09:20:06Z</time></trkpt>
      <trkpt lat="42.1491794" lon="20.9752377"><ele>2078.4</ele><time>2025-02-13T09:39:25Z</time></trkpt>
      <trkpt lat="42.1491755" lon="20.9748513"><ele>2089.3</ele><time>2025-02-13T09:40:08Z</time></trkpt>
      <trkpt lat="42.1487949" lon="20.9747087"><ele>2088.0</ele><time>2025-02-13T09:40:45Z</time></trkpt>
      <trkpt lat="42.1475094" lon="20.9735688"><ele>2115.3</ele><time>2025-02-13T09:44:08Z</time></trkpt>
      <trkpt lat="42.1468284" lon="20.9731461"><ele>2133.7</ele><time>2025-02-13T09:46:32Z</time></trkpt>
      <trkpt lat="42.1469402" lon="20.9727655"><ele>2138.2</ele><time>2025-02-13T09:47:25Z</time></trkpt>
      <trkpt lat="42.1468529" lon="20.9726111"><ele>2143.1</ele><time>2025-02-13T09:47:41Z</time></trkpt>
      <trkpt lat="42.1470632" lon="20.9724776"><ele>2149.4</ele><time>2025-02-13T09:48:19Z</time></trkpt>
      <trkpt lat="42.1469131" lon="20.9723558"><ele>2151.5</ele><time>2025-02-13T09:48:51Z</time></trkpt>
      <trkpt lat="42.1470435" lon="20.9722675"><ele>2158.4</ele><time>2025-02-13T09:49:44Z</time></trkpt>
      <trkpt lat="42.1468834" lon="20.9721124"><ele>2161.2</ele><time>2025-02-13T09:50:19Z</time></trkpt>
      <trkpt lat="42.1468884" lon="20.9718194"><ele>2177.3</ele><time>2025-02-13T09:52:22Z</time></trkpt>
      <trkpt lat="42.1466788" lon="20.971808"><ele>2184.1</ele><time>2025-02-13T09:53:14Z</time></trkpt>
      <trkpt lat="42.1467518" lon="20.9715751"><ele>2190.0</ele><time>2025-02-13T09:53:57Z</time></trkpt>
      <trkpt lat="42.1464365" lon="20.9714849"><ele>2195.5</ele><time>2025-02-13T09:55:17Z</time></trkpt>
      <trkpt lat="42.1464539" lon="20.9712214"><ele>2194.0</ele><time>2025-02-13T09:55:54Z</time></trkpt>
      <trkpt lat="42.1462885" lon="20.9713727"><ele>2204.6</ele><time>2025-02-13T09:56:21Z</time></trkpt>
      <trkpt lat="42.1462211" lon="20.9707434"><ele>2226.1</ele><time>2025-02-13T09:58:08Z</time></trkpt>
      <trkpt lat="42.1459709" lon="20.9703597"><ele>2237.8</ele><time>2025-02-13T09:59:38Z</time></trkpt>
      <trkpt lat="42.1459351" lon="20.9696848"><ele>2251.4</ele><time>2025-02-13T10:01:20Z</time></trkpt>
      <trkpt lat="42.1453416" lon="20.9699433"><ele>2263.2</ele><time>2025-02-13T10:03:28Z</time></trkpt>
      <trkpt lat="42.145177" lon="20.9702651"><ele>2275.3</ele><time>2025-02-13T10:04:21Z</time></trkpt>
      <trkpt lat="42.1450652" lon="20.9698586"><ele>2279.0</ele><time>2025-02-13T10:05:20Z</time></trkpt>
      <trkpt lat="42.1451125" lon="20.9693669"><ele>2288.9</ele><time>2025-02-13T10:06:40Z</time></trkpt>
      <trkpt lat="42.144806" lon="20.9695787"><ele>2296.9</ele><time>2025-02-13T10:07:54Z</time></trkpt>
      <trkpt lat="42.1448096" lon="20.9694014"><ele>2300.7</ele><time>2025-02-13T10:08:26Z</time></trkpt>
      <trkpt lat="42.1446032" lon="20.969529"><ele>2307.6</ele><time>2025-02-13T10:09:14Z</time></trkpt>
      <trkpt lat="42.1446443" lon="20.9692063"><ele>2312.6</ele><time>2025-02-13T10:10:02Z</time></trkpt>
      <trkpt lat="42.1443806" lon="20.9694227"><ele>2322.5</ele><time>2025-02-13T10:11:06Z</time></trkpt>
      <trkpt lat="42.1445286" lon="20.9688979"><ele>2339.6</ele><time>2025-02-13T10:12:53Z</time></trkpt>
      <trkpt lat="42.1443864" lon="20.9689048"><ele>2342.7</ele><time>2025-02-13T10:13:36Z</time></trkpt>
      <trkpt lat="42.1445328" lon="20.9686196"><ele>2347.8</ele><time>2025-02-13T10:14:34Z</time></trkpt>
      <trkpt lat="42.1443388" lon="20.9687117"><ele>2356.5</ele><time>2025-02-13T10:15:33Z</time></trkpt>
      <trkpt lat="42.1443577" lon="20.9685045"><ele>2361.2</ele><time>2025-02-13T10:16:10Z</time></trkpt>
      <trkpt lat="42.1441278" lon="20.9686647"><ele>2369.9</ele><time>2025-02-13T10:17:09Z</time></trkpt>
      <trkpt lat="42.1441264" lon="20.968474"><ele>2373.0</ele><time>2025-02-13T10:17:46Z</time></trkpt>
      <trkpt lat="42.1436972" lon="20.9685356"><ele>2388.5</ele><time>2025-02-13T10:19:28Z</time></trkpt>
      <trkpt lat="42.1431394" lon="20.968316"><ele>2412.4</ele><time>2025-02-13T10:39:44Z</time></trkpt>
      <trkpt lat="42.1429665" lon="20.9685935"><ele>2420.3</ele><time>2025-02-13T10:40:48Z</time></trkpt>
      <trkpt lat="42.1409261" lon="20.9695225"><ele>2480.0</ele><time>2025-02-13T10:49:14Z</time></trkpt>
      <trkpt lat="42.1403975" lon="20.9701096"><ele>2501.9</ele><time>2025-02-13T10:53:36Z</time></trkpt>
      <trkpt lat="42.1407697" lon="20.9702104"><ele>2512.2</ele><time>2025-02-13T10:55:33Z</time></trkpt>
      <trkpt lat="42.1402669" lon="20.9706833"><ele>2540.5</ele><time>2025-02-13T10:58:56Z</time></trkpt>
      <trkpt lat="42.1405747" lon="20.9707576"><ele>2541.0</ele><time>2025-02-13T11:00:37Z</time></trkpt>
      <trkpt lat="42.1400779" lon="20.9711872"><ele>2565.2</ele><time>2025-02-13T11:04:05Z</time></trkpt>
      <trkpt lat="42.1405031" lon="20.9714009"><ele>2573.5</ele><time>2025-02-13T11:06:13Z</time></trkpt>
      <trkpt lat="42.1399095" lon="20.971943"><ele>2597.1</ele><time>2025-02-13T11:09:30Z</time></trkpt>
      <trkpt lat="42.1393445" lon="20.9720207"><ele>2613.9</ele><time>2025-02-13T11:11:49Z</time></trkpt>
      <trkpt lat="42.1383214" lon="20.9717419"><ele>2627.4</ele><time>2025-02-13T11:15:49Z</time></trkpt>
      <trkpt lat="42.1379603" lon="20.9717976"><ele>2637.0</ele><time>2025-02-13T11:17:04Z</time></trkpt>
      <trkpt lat="42.1385683" lon="20.9722803"><ele>2643.6</ele><time>2025-02-13T11:25:21Z</time></trkpt>
      <trkpt lat="42.1389186" lon="20.9728251"><ele>2660.9</ele><time>2025-02-13T11:53:06Z</time></trkpt>
      <trkpt lat="42.1389695" lon="20.9750073"><ele>2636.1</ele><time>2025-02-13T11:55:52Z</time></trkpt>
      <trkpt lat="42.1392492" lon="20.9771304"><ele>2642.4</ele><time>2025-02-13T11:58:37Z</time></trkpt>
      <trkpt lat="42.1395507" lon="20.9788482"><ele>2659.1</ele><time>2025-02-13T12:02:21Z</time></trkpt>
      <trkpt lat="42.1401866" lon="20.9804529"><ele>2599.8</ele><time>2025-02-13T12:12:08Z</time></trkpt>
      <trkpt lat="42.1397533" lon="20.9812322"><ele>2577.9</ele><time>2025-02-13T12:12:18Z</time></trkpt>
      <trkpt lat="42.1396007" lon="20.9818356"><ele>2573.3</ele><time>2025-02-13T12:12:40Z</time></trkpt>
      <trkpt lat="42.1403087" lon="20.9829674"><ele>2543.2</ele><time>2025-02-13T12:17:45Z</time></trkpt>
      <trkpt lat="42.1405593" lon="20.9830793"><ele>2534.5</ele><time>2025-02-13T12:17:50Z</time></trkpt>
      <trkpt lat="42.1418315" lon="20.9843926"><ele>2514.2</ele><time>2025-02-13T12:18:22Z</time></trkpt>
      <trkpt lat="42.1423812" lon="20.9846184"><ele>2507.7</ele><time>2025-02-13T12:18:37Z</time></trkpt>
      <trkpt lat="42.1437435" lon="20.9845771"><ele>2488.5</ele><time>2025-02-13T12:20:02Z</time></trkpt>
      <trkpt lat="42.1438968" lon="20.9846892"><ele>2484.8</ele><time>2025-02-13T12:20:48Z</time></trkpt>
      <trkpt lat="42.1443036" lon="20.9844079"><ele>2479.7</ele><time>2025-02-13T12:21:14Z</time></trkpt>
      <trkpt lat="42.14443" lon="20.9848967"><ele>2459.7</ele><time>2025-02-13T12:23:25Z</time></trkpt>
      <trkpt lat="42.1451048" lon="20.9854874"><ele>2435.7</ele><time>2025-02-13T12:23:36Z</time></trkpt>
      <trkpt lat="42.1456508" lon="20.9864447"><ele>2419.0</ele><time>2025-02-13T12:23:46Z</time></trkpt>
      <trkpt lat="42.1473037" lon="20.9877018"><ele>2391.9</ele><time>2025-02-13T12:24:18Z</time></trkpt>
      <trkpt lat="42.1480989" lon="20.9886102"><ele>2381.2</ele><time>2025-02-13T12:24:34Z</time></trkpt>
      <trkpt lat="42.1492202" lon="20.9894848"><ele>2360.6</ele><time>2025-02-13T12:24:56Z</time></trkpt>
      <trkpt lat="42.1495182" lon="20.9895024"><ele>2360.2</ele><time>2025-02-13T12:25:06Z</time></trkpt>
      <trkpt lat="42.1494644" lon="20.9897588"><ele>2353.8</ele><time>2025-02-13T12:27:09Z</time></trkpt>
      <trkpt lat="42.1502403" lon="20.9901716"><ele>2312.8</ele><time>2025-02-13T12:28:40Z</time></trkpt>
      <trkpt lat="42.1502269" lon="20.9905904"><ele>2299.1</ele><time>2025-02-13T12:28:45Z</time></trkpt>
      <trkpt lat="42.1508779" lon="20.991539"><ele>2247.9</ele><time>2025-02-13T12:29:01Z</time></trkpt>
      <trkpt lat="42.1513474" lon="20.9918981"><ele>2211.8</ele><time>2025-02-13T12:29:17Z</time></trkpt>
      <trkpt lat="42.1522132" lon="20.9919971"><ele>2193.9</ele><time>2025-02-13T12:29:33Z</time></trkpt>
      <trkpt lat="42.152874" lon="20.9929503"><ele>2169.0</ele><time>2025-02-13T12:29:49Z</time></trkpt>
      <trkpt lat="42.1535347" lon="20.9954959"><ele>2141.9</ele><time>2025-02-13T12:30:21Z</time></trkpt>
      <trkpt lat="42.1539651" lon="20.9960516"><ele>2136.4</ele><time>2025-02-13T12:30:32Z</time></trkpt>
      <trkpt lat="42.1553019" lon="20.9971429"><ele>2128.0</ele><time>2025-02-13T12:32:34Z</time></trkpt>
      <trkpt lat="42.1566532" lon="20.9985462"><ele>2107.8</ele><time>2025-02-13T12:33:38Z</time></trkpt>
      <trkpt lat="42.1575428" lon="20.9991941"><ele>2095.3</ele><time>2025-02-13T12:34:21Z</time></trkpt>
      <trkpt lat="42.1580135" lon="20.9993706"><ele>2100.2</ele><time>2025-02-13T12:36:29Z</time></trkpt>
      <trkpt lat="42.1586536" lon="21.0004317"><ele>2100.7</ele><time>2025-02-13T12:44:51Z</time></trkpt>
      <trkpt lat="42.1590854" lon="21.0005042"><ele>2093.0</ele><time>2025-02-13T12:45:02Z</time></trkpt>
      <trkpt lat="42.1596872" lon="21.0011121"><ele>2066.9</ele><time>2025-02-13T12:45:12Z</time></trkpt>
      <trkpt lat="42.1610501" lon="21.0012592"><ele>2041.6</ele><time>2025-02-13T12:46:33Z</time></trkpt>
      <trkpt lat="42.1621838" lon="21.0017616"><ele>2024.8</ele><time>2025-02-13T12:46:48Z</time></trkpt>
      <trkpt lat="42.1623553" lon="21.0020066"><ele>2022.0</ele><time>2025-02-13T12:47:03Z</time></trkpt>
      <trkpt lat="42.1626829" lon="21.0018709"><ele>2012.2</ele><time>2025-02-13T12:48:24Z</time></trkpt>
      <trkpt lat="42.1640144" lon="21.0019725"><ele>1981.1</ele><time>2025-02-13T12:48:39Z</time></trkpt>
      <trkpt lat="42.1644903" lon="21.0020991"><ele>1971.7</ele><time>2025-02-13T12:48:44Z</time></trkpt>
      <trkpt lat="42.1646754" lon="21.0023018"><ele>1960.7</ele><time>2025-02-13T12:48:49Z</time></trkpt>
      <trkpt lat="42.1646373" lon="21.0024206"><ele>1946.4</ele><time>2025-02-13T13:00:24Z</time></trkpt>
      <trkpt lat="42.1648064" lon="21.0026704"><ele>1953.9</ele><time>2025-02-13T13:01:11Z</time></trkpt>
      <trkpt lat="42.1645076" lon="21.0045582"><ele>1977.0</ele><time>2025-02-13T13:05:20Z</time></trkpt>
      <trkpt lat="42.164625" lon="21.005345"><ele>1987.8</ele><time>2025-02-13T13:07:01Z</time></trkpt>
      <trkpt lat="42.1645529" lon="21.0058737"><ele>1998.2</ele><time>2025-02-13T13:08:07Z</time></trkpt>
      <trkpt lat="42.164676" lon="21.0065547"><ele>2012.1</ele><time>2025-02-13T13:09:29Z</time></trkpt>
      <trkpt lat="42.1649873" lon="21.0068766"><ele>2022.6</ele><time>2025-02-13T13:10:41Z</time></trkpt>
      <trkpt lat="42.1645388" lon="21.0076851"><ele>2030.9</ele><time>2025-02-13T13:12:38Z</time></trkpt>
      <trkpt lat="42.1646968" lon="21.0084362"><ele>2046.3</ele><time>2025-02-13T13:14:41Z</time></trkpt>
      <trkpt lat="42.1644183" lon="21.0083644"><ele>2050.0</ele><time>2025-02-13T13:16:13Z</time></trkpt>
      <trkpt lat="42.1639288" lon="21.0086077"><ele>2039.2</ele><time>2025-02-13T13:16:39Z</time></trkpt>
      <trkpt lat="42.1632224" lon="21.0105142"><ele>2041.2</ele><time>2025-02-13T13:19:43Z</time></trkpt>
      <trkpt lat="42.1633895" lon="21.0111599"><ele>2045.0</ele><time>2025-02-13T13:20:50Z</time></trkpt>
      <trkpt lat="42.1632648" lon="21.0118821"><ele>2048.4</ele><time>2025-02-13T13:22:09Z</time></trkpt>
      <trkpt lat="42.1629397" lon="21.0132474"><ele>2057.3</ele><time>2025-02-13T13:25:02Z</time></trkpt>
      <trkpt lat="42.1626224" lon="21.0137328"><ele>2060.0</ele><time>2025-02-13T13:26:05Z</time></trkpt>
      <trkpt lat="42.1628008" lon="21.0153965"><ele>2067.4</ele><time>2025-02-13T13:28:39Z</time></trkpt>
      <trkpt lat="42.1625769" lon="21.0164624"><ele>2062.9</ele><time>2025-02-13T13:29:45Z</time></trkpt>
      <trkpt lat="42.1626363" lon="21.0168941"><ele>2068.0</ele><time>2025-02-13T13:45:36Z</time></trkpt>
      <trkpt lat="42.1625375" lon="21.0177451"><ele>2075.5</ele><time>2025-02-13T13:47:22Z</time></trkpt>
      <trkpt lat="42.1623381" lon="21.0184953"><ele>2087.2</ele><time>2025-02-13T13:49:04Z</time></trkpt>
      <trkpt lat="42.162916" lon="21.0184641"><ele>2106.9</ele><time>2025-02-13T13:50:52Z</time></trkpt>
      <trkpt lat="42.1630794" lon="21.0186311"><ele>2110.2</ele><time>2025-02-13T13:51:34Z</time></trkpt>
      <trkpt lat="42.1628822" lon="21.0188965"><ele>2119.8</ele><time>2025-02-13T13:52:34Z</time></trkpt>
      <trkpt lat="42.1630132" lon="21.0189755"><ele>2124.0</ele><time>2025-02-13T13:53:04Z</time></trkpt>
      <trkpt lat="42.1637523" lon="21.0188679"><ele>2155.8</ele><time>2025-02-13T13:56:23Z</time></trkpt>
      <trkpt lat="42.1638196" lon="21.0189716"><ele>2150.7</ele><time>2025-02-13T13:58:03Z</time></trkpt>
      <trkpt lat="42.1637129" lon="21.0191142"><ele>2155.0</ele><time>2025-02-13T13:58:39Z</time></trkpt>
      <trkpt lat="42.1640722" lon="21.0190614"><ele>2166.7</ele><time>2025-02-13T14:00:28Z</time></trkpt>
      <trkpt lat="42.1637811" lon="21.0194369"><ele>2173.7</ele><time>2025-02-13T14:02:03Z</time></trkpt>
      <trkpt lat="42.1641253" lon="21.0194724"><ele>2185.4</ele><time>2025-02-13T14:03:44Z</time></trkpt>
      <trkpt lat="42.1636665" lon="21.0199966"><ele>2201.6</ele><time>2025-02-13T14:06:34Z</time></trkpt>
      <trkpt lat="42.1641564" lon="21.0201167"><ele>2219.0</ele><time>2025-02-13T14:08:56Z</time></trkpt>
      <trkpt lat="42.164256" lon="21.0204614"><ele>2227.2</ele><time>2025-02-13T14:10:03Z</time></trkpt>
      <trkpt lat="42.1641313" lon="21.0211341"><ele>2244.9</ele><time>2025-02-13T14:12:20Z</time></trkpt>
      <trkpt lat="42.1638917" lon="21.0209047"><ele>2253.2</ele><time>2025-02-13T14:13:32Z</time></trkpt>
      <trkpt lat="42.1637342" lon="21.0214552"><ele>2264.8</ele><time>2025-02-13T14:16:06Z</time></trkpt>
      <trkpt lat="42.1635235" lon="21.0215822"><ele>2273.7</ele><time>2025-02-13T14:16:58Z</time></trkpt>
      <trkpt lat="42.1634563" lon="21.0220539"><ele>2286.8</ele><time>2025-02-13T14:18:15Z</time></trkpt>
      <trkpt lat="42.163192" lon="21.0220917"><ele>2296.3</ele><time>2025-02-13T14:19:17Z</time></trkpt>
      <trkpt lat="42.1631997" lon="21.022525"><ele>2305.9</ele><time>2025-02-13T14:20:33Z</time></trkpt>
      <trkpt lat="42.1628702" lon="21.0226194"><ele>2322.7</ele><time>2025-02-13T14:22:20Z</time></trkpt>
      <trkpt lat="42.1619856" lon="21.0239516"><ele>2355.5</ele><time>2025-02-13T14:46:06Z</time></trkpt>
      <trkpt lat="42.161768" lon="21.0244683"><ele>2347.8</ele><time>2025-02-13T14:46:17Z</time></trkpt>
      <trkpt lat="42.1618193" lon="21.0259324"><ele>2309.2</ele><time>2025-02-13T14:46:33Z</time></trkpt>
      <trkpt lat="42.1615067" lon="21.0263083"><ele>2302.1</ele><time>2025-02-13T14:46:43Z</time></trkpt>
      <trkpt lat="42.1616192" lon="21.0263324"><ele>2296.4</ele><time>2025-02-13T14:47:26Z</time></trkpt>
      <trkpt lat="42.1618981" lon="21.0271199"><ele>2255.3</ele><time>2025-02-13T14:47:36Z</time></trkpt>
      <trkpt lat="42.1622499" lon="21.0274183"><ele>2245.9</ele><time>2025-02-13T14:47:41Z</time></trkpt>
      <trkpt lat="42.1627593" lon="21.0291641"><ele>2215.6</ele><time>2025-02-13T14:47:57Z</time></trkpt>
      <trkpt lat="42.1632994" lon="21.0294799"><ele>2208.9</ele><time>2025-02-13T14:48:07Z</time></trkpt>
      <trkpt lat="42.1632822" lon="21.0297674"><ele>2203.9</ele><time>2025-02-13T14:49:44Z</time></trkpt>
      <trkpt lat="42.1634489" lon="21.0299165"><ele>2197.2</ele><time>2025-02-13T14:49:49Z</time></trkpt>
      <trkpt lat="42.1634286" lon="21.0302338"><ele>2193.3</ele><time>2025-02-13T14:49:54Z</time></trkpt>
      <trkpt lat="42.1635815" lon="21.030543"><ele>2186.9</ele><time>2025-02-13T14:49:59Z</time></trkpt>
      <trkpt lat="42.1642721" lon="21.0309308"><ele>2158.8</ele><time>2025-02-13T14:50:09Z</time></trkpt>
      <trkpt lat="42.1649856" lon="21.0305935"><ele>2127.4</ele><time>2025-02-13T14:50:19Z</time></trkpt>
      <trkpt lat="42.1653821" lon="21.030098"><ele>2113.2</ele><time>2025-02-13T14:50:24Z</time></trkpt>
      <trkpt lat="42.1658248" lon="21.0297995"><ele>2099.9</ele><time>2025-02-13T14:50:29Z</time></trkpt>
      <trkpt lat="42.1659291" lon="21.0295096"><ele>2094.8</ele><time>2025-02-13T14:50:34Z</time></trkpt>
      <trkpt lat="42.1660203" lon="21.0295533"><ele>2085.1</ele><time>2025-02-13T14:51:51Z</time></trkpt>
      <trkpt lat="42.1659883" lon="21.0288817"><ele>2074.2</ele><time>2025-02-13T14:52:01Z</time></trkpt>
      <trkpt lat="42.1660792" lon="21.0286001"><ele>2060.3</ele><time>2025-02-13T14:52:06Z</time></trkpt>
      <trkpt lat="42.1669221" lon="21.0286487"><ele>2039.9</ele><time>2025-02-13T14:52:16Z</time></trkpt>
      <trkpt lat="42.1672044" lon="21.0292624"><ele>2020.7</ele><time>2025-02-13T14:52:32Z</time></trkpt>
      <trkpt lat="42.1683703" lon="21.0300535"><ele>1973.8</ele><time>2025-02-13T14:52:52Z</time></trkpt>
      <trkpt lat="42.1686059" lon="21.0300611"><ele>1950.2</ele><time>2025-02-13T14:52:57Z</time></trkpt>
      <trkpt lat="42.1689665" lon="21.0300622"><ele>1914.4</ele><time>2025-02-13T14:53:07Z</time></trkpt>
      <trkpt lat="42.1694567" lon="21.0297045"><ele>1895.1</ele><time>2025-02-13T14:56:44Z</time></trkpt>
      <trkpt lat="42.1703681" lon="21.0286133"><ele>1849.7</ele><time>2025-02-13T14:59:00Z</time></trkpt>
      <trkpt lat="42.1707133" lon="21.0287143"><ele>1846.1</ele><time>2025-02-13T14:59:05Z</time></trkpt>
      <trkpt lat="42.1716811" lon="21.0294862"><ele>1813.8</ele><time>2025-02-13T14:59:20Z</time></trkpt>
      <trkpt lat="42.1724836" lon="21.0298489"><ele>1803.4</ele><time>2025-02-13T14:59:30Z</time></trkpt>
      <trkpt lat="42.1726813" lon="21.0301018"><ele>1800.1</ele><time>2025-02-13T14:59:35Z</time></trkpt>
      <trkpt lat="42.1737047" lon="21.0296669"><ele>1781.7</ele><time>2025-02-13T15:01:14Z</time></trkpt>
      <trkpt lat="42.1747021" lon="21.0297966"><ele>1764.8</ele><time>2025-02-13T15:01:34Z</time></trkpt>
      <trkpt lat="42.1770166" lon="21.0307768"><ele>1733.3</ele><time>2025-02-13T15:02:25Z</time></trkpt>
      <trkpt lat="42.1777405" lon="21.0307348"><ele>1714.7</ele><time>2025-02-13T15:03:43Z</time></trkpt>
      <trkpt lat="42.1781322" lon="21.0309286"><ele>1705.6</ele><time>2025-02-13T15:03:48Z</time></trkpt>
      <trkpt lat="42.1794653" lon="21.0307965"><ele>1676.5</ele><time>2025-02-13T15:04:04Z</time></trkpt>
      <trkpt lat="42.1796411" lon="21.0312201"><ele>1674.4</ele><time>2025-02-13T15:07:24Z</time></trkpt>
      <trkpt lat="42.1800876" lon="21.0316256"><ele>1678.4</ele><time>2025-02-13T15:08:20Z</time></trkpt>
      <trkpt lat="42.1817587" lon="21.0316203"><ele>1694.6</ele><time>2025-02-13T15:10:54Z</time></trkpt>
      <trkpt lat="42.1822306" lon="21.0321939"><ele>1699.5</ele><time>2025-02-13T15:12:02Z</time></trkpt>
      <trkpt lat="42.182395" lon="21.033662"><ele>1708.7</ele><time>2025-02-13T15:14:32Z</time></trkpt>
      <trkpt lat="42.1827763" lon="21.0344766"><ele>1717.6</ele><time>2025-02-13T15:17:28Z</time></trkpt>
      <trkpt lat="42.1826734" lon="21.0344478"><ele>1709.4</ele><time>2025-02-13T15:19:41Z</time></trkpt>
      <trkpt lat="42.182718" lon="21.0341971"><ele>1717.1</ele><time>2025-02-13T15:20:16Z</time></trkpt>
      <trkpt lat="42.182718" lon="21.0341971"><ele>1717.1</ele><time>2025-02-13T15:20:16Z</time></trkpt>
      <trkpt lat="42.183102" lon="21.0354542"><ele>1731.3</ele><time>2025-02-14T08:32:36Z</time></trkpt>
      <trkpt lat="42.1834421" lon="21.0359215"><ele>1716.3</ele><time>2025-02-14T08:33:08Z</time></trkpt>
      <trkpt lat="42.1836568" lon="21.035718"><ele>1727.8</ele><time>2025-02-14T08:33:24Z</time></trkpt>
      <trkpt lat="42.1838896" lon="21.0348107"><ele>1731.7</ele><time>2025-02-14T08:35:08Z</time></trkpt>
      <trkpt lat="42.1840223" lon="21.0355648"><ele>1741.3</ele><time>2025-02-14T08:37:10Z</time></trkpt>
      <trkpt lat="42.1844241" lon="21.0353852"><ele>1759.4</ele><time>2025-02-14T08:39:05Z</time></trkpt>
      <trkpt lat="42.1845829" lon="21.0357053"><ele>1765.1</ele><time>2025-02-14T08:40:06Z</time></trkpt>
      <trkpt lat="42.1844854" lon="21.0377811"><ele>1791.7</ele><time>2025-02-14T08:44:33Z</time></trkpt>
      <trkpt lat="42.1842848" lon="21.039005"><ele>1804.2</ele><time>2025-02-14T08:47:25Z</time></trkpt>
      <trkpt lat="42.1843381" lon="21.039115"><ele>1806.2</ele><time>2025-02-14T08:47:40Z</time></trkpt>
      <trkpt lat="42.1845911" lon="21.0389199"><ele>1814.7</ele><time>2025-02-14T08:48:32Z</time></trkpt>
      <trkpt lat="42.1845826" lon="21.0392289"><ele>1819.4</ele><time>2025-02-14T08:49:12Z</time></trkpt>
      <trkpt lat="42.1847037" lon="21.0391314"><ele>1825.6</ele><time>2025-02-14T08:49:44Z</time></trkpt>
      <trkpt lat="42.184851" lon="21.0396293"><ele>1839.3</ele><time>2025-02-14T08:51:20Z</time></trkpt>
      <trkpt lat="42.1850997" lon="21.0394073"><ele>1850.7</ele><time>2025-02-14T08:52:21Z</time></trkpt>
      <trkpt lat="42.1853419" lon="21.0407458"><ele>1883.9</ele><time>2025-02-14T08:57:23Z</time></trkpt>
      <trkpt lat="42.1856204" lon="21.0409977"><ele>1888.1</ele><time>2025-02-14T08:58:30Z</time></trkpt>
      <trkpt lat="42.1859532" lon="21.0405278"><ele>1900.6</ele><time>2025-02-14T09:02:54Z</time></trkpt>
      <trkpt lat="42.1863581" lon="21.0403023"><ele>1908.1</ele><time>2025-02-14T09:04:30Z</time></trkpt>
      <trkpt lat="42.1877169" lon="21.0403124"><ele>1957.7</ele><time>2025-02-14T09:09:07Z</time></trkpt>
      <trkpt lat="42.1875394" lon="21.0408645"><ele>1973.0</ele><time>2025-02-14T09:10:22Z</time></trkpt>
      <trkpt lat="42.1876889" lon="21.0408892"><ele>1973.0</ele><time>2025-02-14T09:10:48Z</time></trkpt>
      <trkpt lat="42.1875418" lon="21.0420407"><ele>2004.8</ele><time>2025-02-14T09:14:38Z</time></trkpt>
      <trkpt lat="42.1877017" lon="21.0424973"><ele>2015.2</ele><time>2025-02-14T09:15:47Z</time></trkpt>
      <trkpt lat="42.1876714" lon="21.043134"><ele>2016.9</ele><time>2025-02-14T09:16:46Z</time></trkpt>
      <trkpt lat="42.1873884" lon="21.0444948"><ele>2026.6</ele><time>2025-02-14T09:18:39Z</time></trkpt>
      <trkpt lat="42.1870849" lon="21.0451716"><ele>2034.4</ele><time>2025-02-14T09:19:54Z</time></trkpt>
      <trkpt lat="42.1872445" lon="21.0451308"><ele>2036.7</ele><time>2025-02-14T09:21:14Z</time></trkpt>
      <trkpt lat="42.1864238" lon="21.0475452"><ele>2049.8</ele><time>2025-02-14T09:25:59Z</time></trkpt>
      <trkpt lat="42.1862734" lon="21.0484903"><ele>2070.1</ele><time>2025-02-14T09:28:04Z</time></trkpt>
      <trkpt lat="42.186044" lon="21.0492144"><ele>2086.9</ele><time>2025-02-14T09:29:45Z</time></trkpt>
      <trkpt lat="42.1854188" lon="21.0502925"><ele>2104.1</ele><time>2025-02-14T09:39:05Z</time></trkpt>
      <trkpt lat="42.1850652" lon="21.05197"><ele>2141.2</ele><time>2025-02-14T09:42:54Z</time></trkpt>
      <trkpt lat="42.1853069" lon="21.0523023"><ele>2152.6</ele><time>2025-02-14T09:43:58Z</time></trkpt>
      <trkpt lat="42.1851544" lon="21.0524486"><ele>2158.9</ele><time>2025-02-14T09:44:39Z</time></trkpt>
      <trkpt lat="42.1863469" lon="21.0538722"><ele>2192.9</ele><time>2025-02-14T09:49:26Z</time></trkpt>
      <trkpt lat="42.1856163" lon="21.0539953"><ele>2210.2</ele><time>2025-02-14T09:52:07Z</time></trkpt>
      <trkpt lat="42.18527" lon="21.0542505"><ele>2222.2</ele><time>2025-02-14T09:53:41Z</time></trkpt>
      <trkpt lat="42.1857998" lon="21.054606"><ele>2235.1</ele><time>2025-02-14T09:55:52Z</time></trkpt>
      <trkpt lat="42.1852296" lon="21.0552422"><ele>2261.3</ele><time>2025-02-14T09:58:48Z</time></trkpt>
      <trkpt lat="42.1857227" lon="21.0557122"><ele>2277.8</ele><time>2025-02-14T10:01:09Z</time></trkpt>
      <trkpt lat="42.185214" lon="21.0558543"><ele>2292.3</ele><time>2025-02-14T10:13:59Z</time></trkpt>
      <trkpt lat="42.1854379" lon="21.0563552"><ele>2299.4</ele><time>2025-02-14T10:15:42Z</time></trkpt>
      <trkpt lat="42.1848973" lon="21.0569209"><ele>2323.2</ele><time>2025-02-14T10:19:22Z</time></trkpt>
      <trkpt lat="42.1843998" lon="21.0569122"><ele>2317.5</ele><time>2025-02-14T10:19:33Z</time></trkpt>
      <trkpt lat="42.1834525" lon="21.0575462"><ele>2327.2</ele><time>2025-02-14T10:22:11Z</time></trkpt>
      <trkpt lat="42.1829615" lon="21.0574957"><ele>2338.6</ele><time>2025-02-14T10:24:16Z</time></trkpt>
      <trkpt lat="42.1829649" lon="21.0577093"><ele>2342.0</ele><time>2025-02-14T10:24:53Z</time></trkpt>
      <trkpt lat="42.1826858" lon="21.058053"><ele>2353.8</ele><time>2025-02-14T10:26:24Z</time></trkpt>
      <trkpt lat="42.1826171" lon="21.0584892"><ele>2366.3</ele><time>2025-02-14T10:28:08Z</time></trkpt>
      <trkpt lat="42.1819461" lon="21.0586539"><ele>2386.7</ele><time>2025-02-14T10:30:37Z</time></trkpt>
      <trkpt lat="42.1821979" lon="21.0589089"><ele>2392.1</ele><time>2025-02-14T10:31:58Z</time></trkpt>
      <trkpt lat="42.1820026" lon="21.058982"><ele>2399.6</ele><time>2025-02-14T10:32:49Z</time></trkpt>
      <trkpt lat="42.1819534" lon="21.0592543"><ele>2408.6</ele><time>2025-02-14T10:34:06Z</time></trkpt>
      <trkpt lat="42.1817557" lon="21.0593043"><ele>2417.8</ele><time>2025-02-14T10:34:52Z</time></trkpt>
      <trkpt lat="42.1818768" lon="21.0594427"><ele>2419.8</ele><time>2025-02-14T10:35:53Z</time></trkpt>
      <trkpt lat="42.1817889" lon="21.0598006"><ele>2433.3</ele><time>2025-02-14T10:41:19Z</time></trkpt>
      <trkpt lat="42.1807424" lon="21.0604476"><ele>2481.8</ele><time>2025-02-14T10:48:28Z</time></trkpt>
      <trkpt lat="42.1808229" lon="21.0606952"><ele>2483.7</ele><time>2025-02-14T10:49:52Z</time></trkpt>
      <trkpt lat="42.1803469" lon="21.0617849"><ele>2465.1</ele><time>2025-02-14T11:07:31Z</time></trkpt>
      <trkpt lat="42.1802813" lon="21.0640855"><ele>2426.5</ele><time>2025-02-14T11:08:12Z</time></trkpt>
      <trkpt lat="42.1798921" lon="21.0648661"><ele>2411.0</ele><time>2025-02-14T11:08:22Z</time></trkpt>
      <trkpt lat="42.1793196" lon="21.0655688"><ele>2378.0</ele><time>2025-02-14T11:08:32Z</time></trkpt>
      <trkpt lat="42.1781869" lon="21.0662264"><ele>2303.7</ele><time>2025-02-14T11:09:48Z</time></trkpt>
      <trkpt lat="42.1769168" lon="21.0674682"><ele>2251.2</ele><time>2025-02-14T11:09:58Z</time></trkpt>
      <trkpt lat="42.176692" lon="21.0679848"><ele>2245.7</ele><time>2025-02-14T11:10:03Z</time></trkpt>
      <trkpt lat="42.1765273" lon="21.0690841"><ele>2239.5</ele><time>2025-02-14T11:10:45Z</time></trkpt>
      <trkpt lat="42.1762163" lon="21.0700579"><ele>2230.8</ele><time>2025-02-14T11:10:55Z</time></trkpt>
      <trkpt lat="42.1760783" lon="21.0714226"><ele>2223.8</ele><time>2025-02-14T11:11:21Z</time></trkpt>
      <trkpt lat="42.17636" lon="21.0734366"><ele>2211.9</ele><time>2025-02-14T11:11:53Z</time></trkpt>
      <trkpt lat="42.1766656" lon="21.0743951"><ele>2203.6</ele><time>2025-02-14T11:12:09Z</time></trkpt>
      <trkpt lat="42.1772548" lon="21.0750664"><ele>2194.9</ele><time>2025-02-14T11:12:35Z</time></trkpt>
      <trkpt lat="42.1774685" lon="21.0755625"><ele>2187.0</ele><time>2025-02-14T11:12:41Z</time></trkpt>
      <trkpt lat="42.1774493" lon="21.0760622"><ele>2175.1</ele><time>2025-02-14T11:12:46Z</time></trkpt>
      <trkpt lat="42.1777628" lon="21.0771629"><ele>2151.5</ele><time>2025-02-14T11:12:56Z</time></trkpt>
      <trkpt lat="42.17745" lon="21.0797165"><ele>2077.5</ele><time>2025-02-14T11:13:26Z</time></trkpt>
      <trkpt lat="42.1766895" lon="21.0812569"><ele>2011.9</ele><time>2025-02-14T11:17:14Z</time></trkpt>
      <trkpt lat="42.1767509" lon="21.0821932"><ele>2001.0</ele><time>2025-02-14T11:17:25Z</time></trkpt>
      <trkpt lat="42.1768839" lon="21.0826324"><ele>1995.1</ele><time>2025-02-14T11:17:35Z</time></trkpt>
      <trkpt lat="42.1777917" lon="21.0842539"><ele>1979.1</ele><time>2025-02-14T11:18:02Z</time></trkpt>
      <trkpt lat="42.1781862" lon="21.0848525"><ele>1965.2</ele><time>2025-02-14T11:19:01Z</time></trkpt>
      <trkpt lat="42.1788252" lon="21.0851859"><ele>1954.8</ele><time>2025-02-14T11:19:17Z</time></trkpt>
      <trkpt lat="42.1789761" lon="21.0857159"><ele>1944.5</ele><time>2025-02-14T11:19:27Z</time></trkpt>
      <trkpt lat="42.1784952" lon="21.0856445"><ele>1934.5</ele><time>2025-02-14T11:20:10Z</time></trkpt>
      <trkpt lat="42.1782707" lon="21.0858423"><ele>1923.2</ele><time>2025-02-14T11:20:15Z</time></trkpt>
      <trkpt lat="42.1777236" lon="21.0873174"><ele>1868.3</ele><time>2025-02-14T11:20:31Z</time></trkpt>
      <trkpt lat="42.1782026" lon="21.0887685"><ele>1850.3</ele><time>2025-02-14T11:20:47Z</time></trkpt>
      <trkpt lat="42.1782854" lon="21.0895171"><ele>1846.1</ele><time>2025-02-14T11:21:09Z</time></trkpt>
      <trkpt lat="42.1800643" lon="21.0911773"><ele>1867.0</ele><time>2025-02-14T12:02:57Z</time></trkpt>
      <trkpt lat="42.1803301" lon="21.0916624"><ele>1870.1</ele><time>2025-02-14T12:04:08Z</time></trkpt>
      <trkpt lat="42.1812528" lon="21.092301"><ele>1878.5</ele><time>2025-02-14T12:06:16Z</time></trkpt>
      <trkpt lat="42.1814295" lon="21.0928747"><ele>1889.7</ele><time>2025-02-14T12:07:20Z</time></trkpt>
      <trkpt lat="42.1820923" lon="21.0930428"><ele>1900.4</ele><time>2025-02-14T12:09:01Z</time></trkpt>
      <trkpt lat="42.1825952" lon="21.0940613"><ele>1927.0</ele><time>2025-02-14T12:11:20Z</time></trkpt>
      <trkpt lat="42.1827074" lon="21.0939408"><ele>1928.6</ele><time>2025-02-14T12:11:46Z</time></trkpt>
      <trkpt lat="42.1833115" lon="21.094171"><ele>1943.6</ele><time>2025-02-14T12:13:38Z</time></trkpt>
      <trkpt lat="42.1840494" lon="21.0940788"><ele>1961.0</ele><time>2025-02-14T12:15:41Z</time></trkpt>
      <trkpt lat="42.1846364" lon="21.0942417"><ele>1976.0</ele><time>2025-02-14T12:17:17Z</time></trkpt>
      <trkpt lat="42.1854114" lon="21.0936031"><ele>1998.3</ele><time>2025-02-14T12:19:41Z</time></trkpt>
      <trkpt lat="42.1862985" lon="21.0942173"><ele>2023.1</ele><time>2025-02-14T12:22:26Z</time></trkpt>
      <trkpt lat="42.1867063" lon="21.0942625"><ele>2037.7</ele><time>2025-02-14T12:23:57Z</time></trkpt>
      <trkpt lat="42.1870446" lon="21.0953821"><ele>2064.0</ele><time>2025-02-14T12:26:26Z</time></trkpt>
      <trkpt lat="42.1874408" lon="21.095644"><ele>2075.7</ele><time>2025-02-14T12:27:46Z</time></trkpt>
      <trkpt lat="42.1875979" lon="21.0954753"><ele>2084.6</ele><time>2025-02-14T12:28:34Z</time></trkpt>
      <trkpt lat="42.1880111" lon="21.0957398"><ele>2097.3</ele><time>2025-02-14T12:29:49Z</time></trkpt>
      <trkpt lat="42.1880674" lon="21.0954632"><ele>2104.7</ele><time>2025-02-14T12:30:26Z</time></trkpt>
      <trkpt lat="42.1883489" lon="21.095314"><ele>2115.2</ele><time>2025-02-14T12:31:14Z</time></trkpt>
      <trkpt lat="42.1890565" lon="21.0952515"><ele>2136.4</ele><time>2025-02-14T12:32:56Z</time></trkpt>
      <trkpt lat="42.1896883" lon="21.0947685"><ele>2153.7</ele><time>2025-02-14T12:34:48Z</time></trkpt>
      <trkpt lat="42.1899986" lon="21.0943399"><ele>2164.0</ele><time>2025-02-14T12:36:02Z</time></trkpt>
      <trkpt lat="42.1905942" lon="21.0941228"><ele>2182.2</ele><time>2025-02-14T12:37:44Z</time></trkpt>
      <trkpt lat="42.190902" lon="21.0935516"><ele>2193.2</ele><time>2025-02-14T12:39:04Z</time></trkpt>
      <trkpt lat="42.191039" lon="21.0929299"><ele>2202.6</ele><time>2025-02-14T12:40:29Z</time></trkpt>
      <trkpt lat="42.1909579" lon="21.0918607"><ele>2223.8</ele><time>2025-02-14T12:43:06Z</time></trkpt>
      <trkpt lat="42.1912204" lon="21.0911739"><ele>2235.2</ele><time>2025-02-14T12:44:47Z</time></trkpt>
      <trkpt lat="42.191898" lon="21.0909137"><ele>2244.3</ele><time>2025-02-14T13:02:57Z</time></trkpt>
      <trkpt lat="42.1921152" lon="21.0901506"><ele>2261.0</ele><time>2025-02-14T13:04:49Z</time></trkpt>
      <trkpt lat="42.192376" lon="21.0901073"><ele>2268.0</ele><time>2025-02-14T13:05:37Z</time></trkpt>
      <trkpt lat="42.1927139" lon="21.089492"><ele>2286.8</ele><time>2025-02-14T13:07:22Z</time></trkpt>
      <trkpt lat="42.1931075" lon="21.0891081"><ele>2299.7</ele><time>2025-02-14T13:08:50Z</time></trkpt>
      <trkpt lat="42.1932171" lon="21.0891496"><ele>2304.0</ele><time>2025-02-14T13:09:11Z</time></trkpt>
      <trkpt lat="42.193285" lon="21.0888478"><ele>2310.7</ele><time>2025-02-14T13:09:52Z</time></trkpt>
      <trkpt lat="42.1934974" lon="21.0889944"><ele>2318.9</ele><time>2025-02-14T13:10:43Z</time></trkpt>
      <trkpt lat="42.1936976" lon="21.0885458"><ele>2332.8</ele><time>2025-02-14T13:12:10Z</time></trkpt>
      <trkpt lat="42.1939904" lon="21.0907158"><ele>2326.4</ele><time>2025-02-14T13:22:11Z</time></trkpt>
      <trkpt lat="42.1939132" lon="21.0910739"><ele>2326.2</ele><time>2025-02-14T13:22:27Z</time></trkpt>
      <trkpt lat="42.1941643" lon="21.0916661"><ele>2322.7</ele><time>2025-02-14T13:22:43Z</time></trkpt>
      <trkpt lat="42.1946964" lon="21.0919056"><ele>2310.8</ele><time>2025-02-14T13:24:24Z</time></trkpt>
      <trkpt lat="42.1956951" lon="21.0927455"><ele>2296.0</ele><time>2025-02-14T13:24:40Z</time></trkpt>
      <trkpt lat="42.196275" lon="21.0940086"><ele>2287.7</ele><time>2025-02-14T13:25:06Z</time></trkpt>
      <trkpt lat="42.1971461" lon="21.0946519"><ele>2281.6</ele><time>2025-02-14T13:25:38Z</time></trkpt>
      <trkpt lat="42.1970211" lon="21.0951875"><ele>2258.3</ele><time>2025-02-14T13:26:20Z</time></trkpt>
      <trkpt lat="42.1967829" lon="21.0954683"><ele>2239.4</ele><time>2025-02-14T13:26:25Z</time></trkpt>
      <trkpt lat="42.196427" lon="21.0969454"><ele>2169.7</ele><time>2025-02-14T13:26:45Z</time></trkpt>
      <trkpt lat="42.1961168" lon="21.0974551"><ele>2146.2</ele><time>2025-02-14T13:26:55Z</time></trkpt>
      <trkpt lat="42.1957335" lon="21.0974612"><ele>2138.9</ele><time>2025-02-14T13:27:10Z</time></trkpt>
      <trkpt lat="42.1957458" lon="21.0981959"><ele>2104.9</ele><time>2025-02-14T13:28:33Z</time></trkpt>
      <trkpt lat="42.1954006" lon="21.0994347"><ele>2036.3</ele><time>2025-02-14T13:28:54Z</time></trkpt>
      <trkpt lat="42.1949701" lon="21.1003478"><ele>1979.0</ele><time>2025-02-14T13:29:20Z</time></trkpt>
      <trkpt lat="42.1947647" lon="21.1011258"><ele>1946.3</ele><time>2025-02-14T13:31:07Z</time></trkpt>
      <trkpt lat="42.1945085" lon="21.1013005"><ele>1944.0</ele><time>2025-02-14T13:31:12Z</time></trkpt>
      <trkpt lat="42.1945871" lon="21.101301"><ele>1932.6</ele><time>2025-02-14T13:36:37Z</time></trkpt>
      <trkpt lat="42.1945374" lon="21.1015664"><ele>1923.5</ele><time>2025-02-14T13:36:42Z</time></trkpt>
      <trkpt lat="42.1942072" lon="21.1027251"><ele>1877.2</ele><time>2025-02-14T13:37:02Z</time></trkpt>
      <trkpt lat="42.1945914" lon="21.1035293"><ele>1832.9</ele><time>2025-02-14T13:37:28Z</time></trkpt>
      <trkpt lat="42.1942371" lon="21.1044941"><ele>1783.9</ele><time>2025-02-14T13:39:47Z</time></trkpt>
      <trkpt lat="42.1941112" lon="21.1053528"><ele>1750.2</ele><time>2025-02-14T13:40:29Z</time></trkpt>
      <trkpt lat="42.1942183" lon="21.1062593"><ele>1725.1</ele><time>2025-02-14T13:40:50Z</time></trkpt>
      <trkpt lat="42.1937921" lon="21.1068773"><ele>1701.6</ele><time>2025-02-14T13:42:13Z</time></trkpt>
      <trkpt lat="42.1933566" lon="21.1070483"><ele>1681.5</ele><time>2025-02-14T13:42:23Z</time></trkpt>
      <trkpt lat="42.1930864" lon="21.1077553"><ele>1645.9</ele><time>2025-02-14T13:42:55Z</time></trkpt>
      <trkpt lat="42.1928363" lon="21.1077649"><ele>1633.8</ele><time>2025-02-14T13:46:00Z</time></trkpt>
      <trkpt lat="42.1922985" lon="21.1083803"><ele>1613.4</ele><time>2025-02-14T13:47:04Z</time></trkpt>
      <trkpt lat="42.1917696" lon="21.1100134"><ele>1579.6</ele><time>2025-02-14T13:47:20Z</time></trkpt>
      <trkpt lat="42.1913252" lon="21.1109421"><ele>1559.7</ele><time>2025-02-14T13:47:36Z</time></trkpt>
      <trkpt lat="42.1911009" lon="21.1109781"><ele>1551.6</ele><time>2025-02-14T13:47:52Z</time></trkpt>
      <trkpt lat="42.1911005" lon="21.1112699"><ele>1552.8</ele><time>2025-02-14T13:50:09Z</time></trkpt>
      <trkpt lat="42.1912881" lon="21.1113055"><ele>1562.1</ele><time>2025-02-14T13:51:22Z</time></trkpt>
      <trkpt lat="42.1913828" lon="21.1115419"><ele>1568.0</ele><time>2025-02-14T14:01:55Z</time></trkpt>
      <trkpt lat="42.1907286" lon="21.1121783"><ele>1573.3</ele><time>2025-02-14T14:03:37Z</time></trkpt>
      <trkpt lat="42.1904102" lon="21.1128506"><ele>1575.6</ele><time>2025-02-14T14:05:03Z</time></trkpt>
      <trkpt lat="42.190309" lon="21.1135648"><ele>1583.9</ele><time>2025-02-14T14:06:37Z</time></trkpt>
      <trkpt lat="42.1903778" lon="21.1136898"><ele>1585.0</ele><time>2025-02-14T14:07:03Z</time></trkpt>
      <trkpt lat="42.1898825" lon="21.1150014"><ele>1588.4</ele><time>2025-02-14T14:09:01Z</time></trkpt>
      <trkpt lat="42.1900338" lon="21.115031"><ele>1591.3</ele><time>2025-02-14T14:09:17Z</time></trkpt>
      <trkpt lat="42.1900088" lon="21.115383"><ele>1598.5</ele><time>2025-02-14T14:10:08Z</time></trkpt>
      <trkpt lat="42.1901199" lon="21.1152738"><ele>1597.6</ele><time>2025-02-14T14:10:48Z</time></trkpt>
      <trkpt lat="42.1901171" lon="21.1158977"><ele>1617.6</ele><time>2025-02-14T14:13:22Z</time></trkpt>
      <trkpt lat="42.1898861" lon="21.1164652"><ele>1619.2</ele><time>2025-02-14T14:14:34Z</time></trkpt>
      <trkpt lat="42.189824" lon="21.1171098"><ele>1621.9</ele><time>2025-02-14T14:16:45Z</time></trkpt>
      <trkpt lat="42.1899312" lon="21.1177466"><ele>1626.6</ele><time>2025-02-14T14:17:56Z</time></trkpt>
      <trkpt lat="42.1896853" lon="21.1187472"><ele>1618.4</ele><time>2025-02-14T14:20:19Z</time></trkpt>
      <trkpt lat="42.1897945" lon="21.1189217"><ele>1609.8</ele><time>2025-02-14T14:21:00Z</time></trkpt>
      <trkpt lat="42.1896508" lon="21.1189036"><ele>1610.6</ele><time>2025-02-14T14:21:20Z</time></trkpt>
      <trkpt lat="42.1894241" lon="21.1192091"><ele>1608.7</ele><time>2025-02-14T14:22:31Z</time></trkpt>
      <trkpt lat="42.1895277" lon="21.11909"><ele>1610.0</ele><time>2025-02-14T14:30:09Z</time></trkpt>
      <trkpt lat="42.1892353" lon="21.1197039"><ele>1630.6</ele><time>2025-02-14T14:44:50Z</time></trkpt>
      <trkpt lat="42.1889618" lon="21.1198039"><ele>1647.6</ele><time>2025-02-14T14:46:12Z</time></trkpt>
      <trkpt lat="42.1891347" lon="21.119961"><ele>1651.3</ele><time>2025-02-14T14:46:53Z</time></trkpt>
      <trkpt lat="42.1890716" lon="21.1200681"><ele>1654.2</ele><time>2025-02-14T14:47:14Z</time></trkpt>
      <trkpt lat="42.1891811" lon="21.1203971"><ele>1669.7</ele><time>2025-02-14T14:48:33Z</time></trkpt>
      <trkpt lat="42.1890471" lon="21.1205079"><ele>1673.6</ele><time>2025-02-14T14:49:15Z</time></trkpt>
      <trkpt lat="42.1892584" lon="21.1205762"><ele>1677.0</ele><time>2025-02-14T14:49:55Z</time></trkpt>
      <trkpt lat="42.1893597" lon="21.121595"><ele>1692.8</ele><time>2025-02-14T14:52:12Z</time></trkpt>
      <trkpt lat="42.18907" lon="21.1219609"><ele>1691.4</ele><time>2025-02-14T14:52:44Z</time></trkpt>
      <trkpt lat="42.1887338" lon="21.1227655"><ele>1680.5</ele><time>2025-02-14T14:53:42Z</time></trkpt>
      <trkpt lat="42.1888254" lon="21.1238623"><ele>1685.9</ele><time>2025-02-14T14:55:21Z</time></trkpt>
      <trkpt lat="42.1885129" lon="21.1254052"><ele>1678.5</ele><time>2025-02-14T14:57:16Z</time></trkpt>
      <trkpt lat="42.1878528" lon="21.1261396"><ele>1690.9</ele><time>2025-02-14T14:57:54Z</time></trkpt>
      <trkpt lat="42.1876931" lon="21.1265758"><ele>1692.7</ele><time>2025-02-14T14:58:52Z</time></trkpt>
      <trkpt lat="42.1872786" lon="21.1263812"><ele>1670.0</ele><time>2025-02-14T14:59:08Z</time></trkpt>
      <trkpt lat="42.1869011" lon="21.1266775"><ele>1662.3</ele><time>2025-02-14T14:59:56Z</time></trkpt>
      <trkpt lat="42.1857257" lon="21.1267212"><ele>1646.7</ele><time>2025-02-14T15:01:08Z</time></trkpt>
      <trkpt lat="42.1850991" lon="21.1269225"><ele>1637.6</ele><time>2025-02-14T15:01:50Z</time></trkpt>
      <trkpt lat="42.1848722" lon="21.1275194"><ele>1635.5</ele><time>2025-02-14T15:03:07Z</time></trkpt>
      <trkpt lat="42.1846248" lon="21.1273218"><ele>1638.9</ele><time>2025-02-14T15:04:51Z</time></trkpt>
      <trkpt lat="42.1846248" lon="21.1273218"><ele>1638.9</ele><time>2025-02-14T15:04:51Z</time></trkpt>
      <trkpt lat="42.1847065" lon="21.1272012"><ele>1635.1</ele><time>2025-02-15T06:55:06Z</time></trkpt>
      <trkpt lat="42.184586" lon="21.127164"><ele>1633.1</ele><time>2025-02-15T06:56:08Z</time></trkpt>
      <trkpt lat="42.1844785" lon="21.1280737"><ele>1624.3</ele><time>2025-02-15T06:57:11Z</time></trkpt>
      <trkpt lat="42.1849029" lon="21.1288309"><ele>1613.6</ele><time>2025-02-15T06:58:23Z</time></trkpt>
      <trkpt lat="42.18532" lon="21.1292943"><ele>1612.2</ele><time>2025-02-15T06:59:08Z</time></trkpt>
      <trkpt lat="42.1854951" lon="21.1293214"><ele>1612.2</ele><time>2025-02-15T06:59:28Z</time></trkpt>
      <trkpt lat="42.185763" lon="21.129763"><ele>1616.2</ele><time>2025-02-15T07:01:00Z</time></trkpt>
      <trkpt lat="42.1868336" lon="21.1304117"><ele>1616.2</ele><time>2025-02-15T07:03:25Z</time></trkpt>
      <trkpt lat="42.1871945" lon="21.130851"><ele>1613.4</ele><time>2025-02-15T07:04:22Z</time></trkpt>
      <trkpt lat="42.187193" lon="21.1312098"><ele>1624.3</ele><time>2025-02-15T07:04:48Z</time></trkpt>
      <trkpt lat="42.1867626" lon="21.131651"><ele>1630.0</ele><time>2025-02-15T07:06:26Z</time></trkpt>
      <trkpt lat="42.1865492" lon="21.1324484"><ele>1634.9</ele><time>2025-02-15T07:07:34Z</time></trkpt>
      <trkpt lat="42.1860747" lon="21.1329507"><ele>1628.8</ele><time>2025-02-15T07:08:45Z</time></trkpt>
      <trkpt lat="42.1862689" lon="21.1340086"><ele>1642.7</ele><time>2025-02-15T07:13:45Z</time></trkpt>
      <trkpt lat="42.1867143" lon="21.134054"><ele>1655.3</ele><time>2025-02-15T07:15:14Z</time></trkpt>
      <trkpt lat="42.187646" lon="21.1350585"><ele>1697.6</ele><time>2025-02-15T07:19:51Z</time></trkpt>
      <trkpt lat="42.1879697" lon="21.1352375"><ele>1712.3</ele><time>2025-02-15T07:21:20Z</time></trkpt>
      <trkpt lat="42.1885777" lon="21.1352454"><ele>1739.4</ele><time>2025-02-15T07:24:20Z</time></trkpt>
      <trkpt lat="42.1886623" lon="21.1348875"><ele>1751.7</ele><time>2025-02-15T07:26:00Z</time></trkpt>
      <trkpt lat="42.1890922" lon="21.135253"><ele>1769.9</ele><time>2025-02-15T07:28:03Z</time></trkpt>
      <trkpt lat="42.1892062" lon="21.1355767"><ele>1779.8</ele><time>2025-02-15T07:29:07Z</time></trkpt>
      <trkpt lat="42.1894626" lon="21.1353893"><ele>1794.7</ele><time>2025-02-15T07:31:26Z</time></trkpt>
      <trkpt lat="42.1898765" lon="21.1358416"><ele>1811.9</ele><time>2025-02-15T07:34:14Z</time></trkpt>
      <trkpt lat="42.1899979" lon="21.1357351"><ele>1815.9</ele><time>2025-02-15T07:35:02Z</time></trkpt>
      <trkpt lat="42.1901388" lon="21.1360988"><ele>1828.2</ele><time>2025-02-15T07:36:19Z</time></trkpt>
      <trkpt lat="42.1904705" lon="21.1358592"><ele>1843.5</ele><time>2025-02-15T07:38:24Z</time></trkpt>
      <trkpt lat="42.1905247" lon="21.1365756"><ele>1861.8</ele><time>2025-02-15T07:41:37Z</time></trkpt>
      <trkpt lat="42.190366" lon="21.1372651"><ele>1868.5</ele><time>2025-02-15T08:01:55Z</time></trkpt>
      <trkpt lat="42.1907951" lon="21.1374102"><ele>1877.3</ele><time>2025-02-15T08:03:51Z</time></trkpt>
      <trkpt lat="42.1908198" lon="21.1372536"><ele>1881.2</ele><time>2025-02-15T08:04:28Z</time></trkpt>
      <trkpt lat="42.1911463" lon="21.1373753"><ele>1892.8</ele><time>2025-02-15T08:05:45Z</time></trkpt>
      <trkpt lat="42.191136" lon="21.1372249"><ele>1897.5</ele><time>2025-02-15T08:06:17Z</time></trkpt>
      <trkpt lat="42.1915274" lon="21.1374133"><ele>1908.2</ele><time>2025-02-15T08:07:42Z</time></trkpt>
      <trkpt lat="42.1928617" lon="21.1355836"><ele>1979.5</ele><time>2025-02-15T08:16:54Z</time></trkpt>
      <trkpt lat="42.1935021" lon="21.1354937"><ele>1977.8</ele><time>2025-02-15T08:18:26Z</time></trkpt>
      <trkpt lat="42.1939666" lon="21.1345844"><ele>1995.4</ele><time>2025-02-15T08:20:54Z</time></trkpt>
      <trkpt lat="42.1947796" lon="21.1339344"><ele>2018.5</ele><time>2025-02-15T08:23:44Z</time></trkpt>
      <trkpt lat="42.1953614" lon="21.1326517"><ele>2044.2</ele><time>2025-02-15T08:27:16Z</time></trkpt>
      <trkpt lat="42.1950911" lon="21.1323923"><ele>2054.2</ele><time>2025-02-15T08:28:25Z</time></trkpt>
      <trkpt lat="42.1955454" lon="21.1314549"><ele>2085.5</ele><time>2025-02-15T08:31:18Z</time></trkpt>
      <trkpt lat="42.1960788" lon="21.1308499"><ele>2100.9</ele><time>2025-02-15T08:33:20Z</time></trkpt>
      <trkpt lat="42.1970184" lon="21.1288028"><ele>2145.7</ele><time>2025-02-15T08:38:50Z</time></trkpt>
      <trkpt lat="42.1973167" lon="21.1288681"><ele>2155.2</ele><time>2025-02-15T08:39:54Z</time></trkpt>
      <trkpt lat="42.1981034" lon="21.1280425"><ele>2183.5</ele><time>2025-02-15T08:42:55Z</time></trkpt>
      <trkpt lat="42.1983829" lon="21.126832"><ele>2195.2</ele><time>2025-02-15T08:44:52Z</time></trkpt>
      <trkpt lat="42.1983659" lon="21.1264293"><ele>2200.6</ele><time>2025-02-15T08:45:40Z</time></trkpt>
      <trkpt lat="42.1991551" lon="21.1247986"><ele>2242.9</ele><time>2025-02-15T08:50:15Z</time></trkpt>
      <trkpt lat="42.2013494" lon="21.1231412"><ele>2306.9</ele><time>2025-02-15T08:59:08Z</time></trkpt>
      <trkpt lat="42.2021782" lon="21.1227418"><ele>2333.5</ele><time>2025-02-15T09:01:16Z</time></trkpt>
      <trkpt lat="42.2032344" lon="21.122492"><ele>2364.9</ele><time>2025-02-15T09:03:18Z</time></trkpt>
      <trkpt lat="42.2033252" lon="21.1223842"><ele>2369.7</ele><time>2025-02-15T09:03:34Z</time></trkpt>
      <trkpt lat="42.2031018" lon="21.1220048"><ele>2377.8</ele><time>2025-02-15T09:04:12Z</time></trkpt>
      <trkpt lat="42.2034608" lon="21.1218512"><ele>2392.7</ele><time>2025-02-15T09:05:00Z</time></trkpt>
      <trkpt lat="42.2032396" lon="21.1214381"><ele>2402.6</ele><time>2025-02-15T09:05:53Z</time></trkpt>
      <trkpt lat="42.2039328" lon="21.1212971"><ele>2415.2</ele><time>2025-02-15T09:07:08Z</time></trkpt>
      <trkpt lat="42.2057196" lon="21.119756"><ele>2478.6</ele><time>2025-02-15T09:29:54Z</time></trkpt>
      <trkpt lat="42.2060632" lon="21.1196159"><ele>2487.7</ele><time>2025-02-15T09:31:20Z</time></trkpt>
      <trkpt lat="42.2062197" lon="21.1197219"><ele>2487.6</ele><time>2025-02-15T09:32:31Z</time></trkpt>
      <trkpt lat="42.2060406" lon="21.1194685"><ele>2483.6</ele><time>2025-02-15T09:35:06Z</time></trkpt>
      <trkpt lat="42.2068422" lon="21.119119"><ele>2510.7</ele><time>2025-02-15T09:40:04Z</time></trkpt>
      <trkpt lat="42.2065715" lon="21.119521"><ele>2500.5</ele><time>2025-02-15T10:04:02Z</time></trkpt>
      <trkpt lat="42.2064222" lon="21.1206002"><ele>2449.4</ele><time>2025-02-15T10:04:18Z</time></trkpt>
      <trkpt lat="42.2067319" lon="21.1209485"><ele>2409.6</ele><time>2025-02-15T10:04:34Z</time></trkpt>
      <trkpt lat="42.2064896" lon="21.1231592"><ele>2283.7</ele><time>2025-02-15T10:06:37Z</time></trkpt>
      <trkpt lat="42.2065633" lon="21.1242086"><ele>2228.6</ele><time>2025-02-15T10:06:43Z</time></trkpt>
      <trkpt lat="42.2070172" lon="21.1249139"><ele>2192.8</ele><time>2025-02-15T10:06:48Z</time></trkpt>
      <trkpt lat="42.2072133" lon="21.1248688"><ele>2192.6</ele><time>2025-02-15T10:06:53Z</time></trkpt>
      <trkpt lat="42.2068697" lon="21.1249913"><ele>2187.3</ele><time>2025-02-15T10:11:09Z</time></trkpt>
      <trkpt lat="42.2068367" lon="21.1257074"><ele>2155.2</ele><time>2025-02-15T10:11:15Z</time></trkpt>
      <trkpt lat="42.2070835" lon="21.126686"><ele>2113.2</ele><time>2025-02-15T10:11:20Z</time></trkpt>
      <trkpt lat="42.2068916" lon="21.1288748"><ele>2032.5</ele><time>2025-02-15T10:11:30Z</time></trkpt>
      <trkpt lat="42.2071351" lon="21.1295022"><ele>2007.2</ele><time>2025-02-15T10:11:35Z</time></trkpt>
      <trkpt lat="42.207335" lon="21.1294724"><ele>2005.1</ele><time>2025-02-15T10:11:46Z</time></trkpt>
      <trkpt lat="42.206824" lon="21.1299937"><ele>1996.8</ele><time>2025-02-15T10:13:15Z</time></trkpt>
      <trkpt lat="42.2068525" lon="21.130117"><ele>1993.5</ele><time>2025-02-15T10:13:20Z</time></trkpt>
      <trkpt lat="42.2079095" lon="21.1306127"><ele>1967.5</ele><time>2025-02-15T10:14:22Z</time></trkpt>
      <trkpt lat="42.2085923" lon="21.1316746"><ele>1916.7</ele><time>2025-02-15T10:14:38Z</time></trkpt>
      <trkpt lat="42.2097581" lon="21.132241"><ele>1884.0</ele><time>2025-02-15T10:16:18Z</time></trkpt>
      <trkpt lat="42.2100188" lon="21.1332477"><ele>1847.9</ele><time>2025-02-15T10:16:34Z</time></trkpt>
      <trkpt lat="42.2102942" lon="21.1332565"><ele>1834.6</ele><time>2025-02-15T10:16:50Z</time></trkpt>
      <trkpt lat="42.2104096" lon="21.1341608"><ele>1798.0</ele><time>2025-02-15T10:17:27Z</time></trkpt>
      <trkpt lat="42.2103462" lon="21.1345545"><ele>1781.7</ele><time>2025-02-15T10:17:38Z</time></trkpt>
      <trkpt lat="42.2104989" lon="21.1350232"><ele>1770.0</ele><time>2025-02-15T10:18:25Z</time></trkpt>
      <trkpt lat="42.2115865" lon="21.1367623"><ele>1746.0</ele><time>2025-02-15T10:18:51Z</time></trkpt>
      <trkpt lat="42.2117175" lon="21.1370708"><ele>1742.0</ele><time>2025-02-15T10:19:06Z</time></trkpt>
      <trkpt lat="42.2117127" lon="21.1376257"><ele>1722.2</ele><time>2025-02-15T10:19:54Z</time></trkpt>
      <trkpt lat="42.2122285" lon="21.1389084"><ele>1688.7</ele><time>2025-02-15T10:20:15Z</time></trkpt>
      <trkpt lat="42.2136438" lon="21.1395769"><ele>1666.3</ele><time>2025-02-15T10:21:03Z</time></trkpt>
      <trkpt lat="42.2144702" lon="21.1403103"><ele>1651.8</ele><time>2025-02-15T10:21:23Z</time></trkpt>
      <trkpt lat="42.2148249" lon="21.1402548"><ele>1650.1</ele><time>2025-02-15T10:21:43Z</time></trkpt>
      <trkpt lat="42.2151273" lon="21.1405594"><ele>1646.7</ele><time>2025-02-15T10:22:25Z</time></trkpt>
      <trkpt lat="42.2153467" lon="21.1405465"><ele>1649.1</ele><time>2025-02-15T10:22:46Z</time></trkpt>
      <trkpt lat="42.2154093" lon="21.1402011"><ele>1654.1</ele><time>2025-02-15T10:25:50Z</time></trkpt>
      <trkpt lat="42.215966" lon="21.1400505"><ele>1646.5</ele><time>2025-02-15T10:26:16Z</time></trkpt>
      <trkpt lat="42.2163499" lon="21.1417924"><ele>1644.0</ele><time>2025-02-15T10:28:10Z</time></trkpt>
      <trkpt lat="42.2165833" lon="21.1423315"><ele>1651.2</ele><time>2025-02-15T10:29:11Z</time></trkpt>
      <trkpt lat="42.2156851" lon="21.1443386"><ele>1614.9</ele><time>2025-02-15T10:33:11Z</time></trkpt>
      <trkpt lat="42.2154364" lon="21.1461791"><ele>1603.9</ele><time>2025-02-15T10:34:19Z</time></trkpt>
      <trkpt lat="42.2148496" lon="21.1478101"><ele>1596.3</ele><time>2025-02-15T10:34:45Z</time></trkpt>
      <trkpt lat="42.2150555" lon="21.1485228"><ele>1591.9</ele><time>2025-02-15T10:35:00Z</time></trkpt>
      <trkpt lat="42.2154149" lon="21.1488063"><ele>1588.9</ele><time>2025-02-15T10:43:38Z</time></trkpt>
      <trkpt lat="42.2158004" lon="21.1495679"><ele>1584.6</ele><time>2025-02-15T10:43:54Z</time></trkpt>
      <trkpt lat="42.2156792" lon="21.1506105"><ele>1577.7</ele><time>2025-02-15T10:44:16Z</time></trkpt>
      <trkpt lat="42.2157075" lon="21.1522577"><ele>1574.3</ele><time>2025-02-15T10:44:53Z</time></trkpt>
      <trkpt lat="42.2158782" lon="21.1531414"><ele>1569.4</ele><time>2025-02-15T10:45:09Z</time></trkpt>
      <trkpt lat="42.2163238" lon="21.1539738"><ele>1565.1</ele><time>2025-02-15T10:45:30Z</time></trkpt>
      <trkpt lat="42.2164806" lon="21.1549884"><ele>1551.6</ele><time>2025-02-15T10:47:14Z</time></trkpt>
      <trkpt lat="42.2162587" lon="21.1555845"><ele>1544.1</ele><time>2025-02-15T10:47:51Z</time></trkpt>
      <trkpt lat="42.2161895" lon="21.1560421"><ele>1540.4</ele><time>2025-02-15T10:47:57Z</time></trkpt>
      <trkpt lat="42.2162644" lon="21.1564043"><ele>1534.8</ele><time>2025-02-15T10:48:23Z</time></trkpt>
      <trkpt lat="42.2159609" lon="21.156765"><ele>1527.5</ele><time>2025-02-15T10:48:45Z</time></trkpt>
      <trkpt lat="42.2161935" lon="21.1573075"><ele>1522.2</ele><time>2025-02-15T10:48:55Z</time></trkpt>
      <trkpt lat="42.2165885" lon="21.1575183"><ele>1513.7</ele><time>2025-02-15T10:49:27Z</time></trkpt>
      <trkpt lat="42.2166429" lon="21.1577246"><ele>1511.0</ele><time>2025-02-15T10:49:49Z</time></trkpt>
      <trkpt lat="42.2164318" lon="21.1583696"><ele>1498.6</ele><time>2025-02-15T10:50:21Z</time></trkpt>
      <trkpt lat="42.2167284" lon="21.1595077"><ele>1479.5</ele><time>2025-02-15T10:50:41Z</time></trkpt>
      <trkpt lat="42.2167058" lon="21.1603335"><ele>1463.8</ele><time>2025-02-15T10:51:02Z</time></trkpt>
      <trkpt lat="42.2168087" lon="21.1607562"><ele>1452.7</ele><time>2025-02-15T10:51:49Z</time></trkpt>
      <trkpt lat="42.2169648" lon="21.1608693"><ele>1449.4</ele><time>2025-02-15T10:52:31Z</time></trkpt>
      <trkpt lat="42.2169297" lon="21.1611985"><ele>1443.7</ele><time>2025-02-15T10:52:37Z</time></trkpt>
      <trkpt lat="42.2170489" lon="21.1614833"><ele>1442.2</ele><time>2025-02-15T10:52:42Z</time></trkpt>
      <trkpt lat="42.2175308" lon="21.1621812"><ele>1426.3</ele><time>2025-02-15T10:53:03Z</time></trkpt>
      <trkpt lat="42.2178278" lon="21.1635769"><ele>1396.5</ele><time>2025-02-15T10:53:46Z</time></trkpt>
      <trkpt lat="42.2180721" lon="21.1639458"><ele>1383.9</ele><time>2025-02-15T10:54:38Z</time></trkpt>
      <trkpt lat="42.2181771" lon="21.1646847"><ele>1375.9</ele><time>2025-02-15T10:54:49Z</time></trkpt>
      <trkpt lat="42.2180221" lon="21.1654459"><ele>1373.5</ele><time>2025-02-15T10:55:10Z</time></trkpt>
      <trkpt lat="42.2182873" lon="21.1660181"><ele>1358.1</ele><time>2025-02-15T10:55:58Z</time></trkpt>
      <trkpt lat="42.2184771" lon="21.1661336"><ele>1348.5</ele><time>2025-02-15T10:56:03Z</time></trkpt>
      <trkpt lat="42.2188617" lon="21.1672551"><ele>1330.5</ele><time>2025-02-15T10:56:50Z</time></trkpt>
      <trkpt lat="42.2188424" lon="21.168138"><ele>1315.1</ele><time>2025-02-15T10:57:05Z</time></trkpt>
      <trkpt lat="42.2188944" lon="21.1682328"><ele>1312.7</ele><time>2025-02-15T10:57:21Z</time></trkpt>
      <trkpt lat="42.2190545" lon="21.1679653"><ele>1311.5</ele><time>2025-02-15T10:57:37Z</time></trkpt>
      <trkpt lat="42.2193459" lon="21.1672386"><ele>1307.4</ele><time>2025-02-15T10:57:53Z</time></trkpt>
      <trkpt lat="42.2194502" lon="21.1664243"><ele>1301.4</ele><time>2025-02-15T10:58:09Z</time></trkpt>
      <trkpt lat="42.2196576" lon="21.1661676"><ele>1297.0</ele><time>2025-02-15T10:58:41Z</time></trkpt>
      <trkpt lat="42.2199263" lon="21.1652434"><ele>1292.6</ele><time>2025-02-15T10:59:23Z</time></trkpt>
      <trkpt lat="42.2201326" lon="21.1653988"><ele>1290.1</ele><time>2025-02-15T10:59:55Z</time></trkpt>
      <trkpt lat="42.220336" lon="21.1661671"><ele>1291.9</ele><time>2025-02-15T11:04:25Z</time></trkpt>
      <trkpt lat="42.2214563" lon="21.1683669"><ele>1273.2</ele><time>2025-02-15T11:05:07Z</time></trkpt>
      <trkpt lat="42.2223785" lon="21.1688471"><ele>1261.5</ele><time>2025-02-15T11:05:23Z</time></trkpt>
      <trkpt lat="42.2228675" lon="21.1688692"><ele>1258.5</ele><time>2025-02-15T11:05:45Z</time></trkpt>
      <trkpt lat="42.2240734" lon="21.1697199"><ele>1246.5</ele><time>2025-02-15T11:06:22Z</time></trkpt>
      <trkpt lat="42.2248027" lon="21.1699102"><ele>1244.0</ele><time>2025-02-15T11:06:44Z</time></trkpt>
      <trkpt lat="42.2252813" lon="21.170367"><ele>1233.0</ele><time>2025-02-15T11:06:59Z</time></trkpt>
      <trkpt lat="42.2244473" lon="21.1709024"><ele>1214.4</ele><time>2025-02-15T11:09:07Z</time></trkpt>
      <trkpt lat="42.224148" lon="21.1719783"><ele>1208.7</ele><time>2025-02-15T11:09:28Z</time></trkpt>
      <trkpt lat="42.2242409" lon="21.172934"><ele>1200.1</ele><time>2025-02-15T11:09:39Z</time></trkpt>
      <trkpt lat="42.2240811" lon="21.1737701"><ele>1187.5</ele><time>2025-02-15T11:11:23Z</time></trkpt>
      <trkpt lat="42.2241034" lon="21.1740079"><ele>1184.1</ele><time>2025-02-15T11:11:28Z</time></trkpt>
      <trkpt lat="42.2243002" lon="21.1742213"><ele>1181.1</ele><time>2025-02-15T11:11:43Z</time></trkpt>
      <trkpt lat="42.2241865" lon="21.1749228"><ele>1166.0</ele><time>2025-02-15T11:13:11Z</time></trkpt>
      <trkpt lat="42.2243826" lon="21.1761721"><ele>1160.5</ele><time>2025-02-15T11:14:43Z</time></trkpt>
      <trkpt lat="42.2242252" lon="21.176986"><ele>1156.1</ele><time>2025-02-15T11:15:25Z</time></trkpt>
      <trkpt lat="42.2243255" lon="21.1774762"><ele>1157.0</ele><time>2025-02-15T11:15:46Z</time></trkpt>
      <trkpt lat="42.224275" lon="21.1780098"><ele>1156.4</ele><time>2025-02-15T11:16:28Z</time></trkpt>
      <trkpt lat="42.2247796" lon="21.1809397"><ele>1160.4</ele><time>2025-02-15T11:18:31Z</time></trkpt>
      <trkpt lat="42.2245346" lon="21.181856"><ele>1163.3</ele><time>2025-02-15T11:19:02Z</time></trkpt>
      <trkpt lat="42.2240215" lon="21.1824128"><ele>1163.5</ele><time>2025-02-15T11:19:49Z</time></trkpt>
      <trkpt lat="42.2223137" lon="21.1832419"><ele>1170.0</ele><time>2025-02-15T11:21:23Z</time></trkpt>
      <trkpt lat="42.2206676" lon="21.1854218"><ele>1141.1</ele><time>2025-02-15T11:24:41Z</time></trkpt>
      <trkpt lat="42.2198688" lon="21.1860446"><ele>1132.5</ele><time>2025-02-15T11:25:44Z</time></trkpt>
      <trkpt lat="42.2189739" lon="21.1874958"><ele>1112.5</ele><time>2025-02-15T11:27:57Z</time></trkpt>
      <trkpt lat="42.2181699" lon="21.1878693"><ele>1105.1</ele><time>2025-02-15T11:29:16Z</time></trkpt>
    </trkseg>
  </trk>
</gpx>
