<?xml version="1.0" encoding="UTF-8"?>
<gpx xmlns="http://www.topografix.com/GPX/1/1" version="1.1" creator="AlpineQuest 2.4.1.r10260" xmlns:xsi="http://www.w3.org/2001/XMLSchema-instance" xsi:schemaLocation="http://www.topografix.com/GPX/1/1 http://www.topografix.com/GPX/1/1/gpx.xsd">
<metadata>
<link href="https://www.alpinequest.net/fr" />
<time>2026-10-08T04:19:21Z</time>
</metadata>
<trk>
<name>Transpyr | étape 1</name>
<type>hikingTourTrail</type>
<extensions>
	<line xmlns="http://www.topografix.com/GPX/gpx_style/0/2">
		<color>FFFF00</color>
	</line>
</extensions>
<trkseg>
<trkpt lat="42.501642" lon="2.556298">
<ele>1389.142</ele>
</trkpt>
<trkpt lat="42.501682" lon="2.556256">
<ele>1389.78</ele>
</trkpt>
<trkpt lat="42.501717" lon="2.556208">
<ele>1390.703</ele>
</trkpt>
<trkpt lat="42.501728" lon="2.55615">
<ele>1391.687</ele>
</trkpt>
<trkpt lat="42.501718" lon="2.556084">
<ele>1392.697</ele>
</trkpt>
<trkpt lat="42.501698" lon="2.556059">
<ele>1392.855</ele>
</trkpt>
<trkpt lat="42.501628" lon="2.556005">
<ele>1392.951</ele>
</trkpt>
<trkpt lat="42.501402" lon="2.55588">
<ele>1394.578</ele>
</trkpt>
<trkpt lat="42.501361" lon="2.55583">
<ele>1394.926</ele>
</trkpt>
<trkpt lat="42.50134" lon="2.555786">
<ele>1395.162</ele>
</trkpt>
<trkpt lat="42.501325" lon="2.555721">
<ele>1395.741</ele>
</trkpt>
<trkpt lat="42.501312" lon="2.555638">
<ele>1396.312</ele>
</trkpt>
<trkpt lat="42.501307" lon="2.555429">
<ele>1398.072</ele>
</trkpt>
<trkpt lat="42.501307" lon="2.555236">
<ele>1400.076</ele>
</trkpt>
<trkpt lat="42.501297" lon="2.555071">
<ele>1401.295</ele>
</trkpt>
<trkpt lat="42.50129" lon="2.554907">
<ele>1402.922</ele>
</trkpt>
<trkpt lat="42.501293" lon="2.554788">
<ele>1404.385</ele>
</trkpt>
<trkpt lat="42.501308" lon="2.554643">
<ele>1405.822</ele>
</trkpt>
<trkpt lat="42.501343" lon="2.554365">
<ele>1408.265</ele>
</trkpt>
<trkpt lat="42.501379" lon="2.554095">
<ele>1411.55</ele>
</trkpt>
<trkpt lat="42.501392" lon="2.553972">
<ele>1412.339</ele>
</trkpt>
<trkpt lat="42.501394" lon="2.553873">
<ele>1412.882</ele>
</trkpt>
<trkpt lat="42.501375" lon="2.553781">
<ele>1413.015</ele>
</trkpt>
<trkpt lat="42.501343" lon="2.553671">
<ele>1413.257</ele>
</trkpt>
<trkpt lat="42.501295" lon="2.553527">
<ele>1414.204</ele>
</trkpt>
<trkpt lat="42.501149" lon="2.553188">
<ele>1418.746</ele>
</trkpt>
<trkpt lat="42.501061" lon="2.552965">
<ele>1419.618</ele>
</trkpt>
<trkpt lat="42.501021" lon="2.5528">
<ele>1421.674</ele>
</trkpt>
<trkpt lat="42.500983" lon="2.552633">
<ele>1422.977</ele>
</trkpt>
<trkpt lat="42.500987" lon="2.552454">
<ele>1424.881</ele>
</trkpt>
<trkpt lat="42.501054" lon="2.551963">
<ele>1428.126</ele>
</trkpt>
<trkpt lat="42.501108" lon="2.551648">
<ele>1432.019</ele>
</trkpt>
<trkpt lat="42.501162" lon="2.551334">
<ele>1436.342</ele>
</trkpt>
<trkpt lat="42.501226" lon="2.551016">
<ele>1438.235</ele>
</trkpt>
<trkpt lat="42.501307" lon="2.550746">
<ele>1440.318</ele>
</trkpt>
<trkpt lat="42.501358" lon="2.550538">
<ele>1443.011</ele>
</trkpt>
<trkpt lat="42.501472" lon="2.549963">
<ele>1446.22</ele>
</trkpt>
<trkpt lat="42.501552" lon="2.549546">
<ele>1450.269</ele>
</trkpt>
<trkpt lat="42.501586" lon="2.549395">
<ele>1450.771</ele>
</trkpt>
<trkpt lat="42.501606" lon="2.549285">
<ele>1450.774</ele>
</trkpt>
<trkpt lat="42.501613" lon="2.549157">
<ele>1451.195</ele>
</trkpt>
<trkpt lat="42.501621" lon="2.548891">
<ele>1453.219</ele>
</trkpt>
<trkpt lat="42.501631" lon="2.548609">
<ele>1455.713</ele>
</trkpt>
<trkpt lat="42.501644" lon="2.548383">
<ele>1457.11</ele>
</trkpt>
<trkpt lat="42.501656" lon="2.548288">
<ele>1457.811</ele>
</trkpt>
<trkpt lat="42.501677" lon="2.548189">
<ele>1458.911</ele>
</trkpt>
<trkpt lat="42.5017" lon="2.548059">
<ele>1460.46</ele>
</trkpt>
<trkpt lat="42.50172" lon="2.547894">
<ele>1462.268</ele>
</trkpt>
<trkpt lat="42.501735" lon="2.547619">
<ele>1464.82</ele>
</trkpt>
<trkpt lat="42.501738" lon="2.547456">
<ele>1465.928</ele>
</trkpt>
<trkpt lat="42.50174" lon="2.547422">
<ele>1466.122</ele>
</trkpt>
<trkpt lat="42.501745" lon="2.547382">
<ele>1466.419</ele>
</trkpt>
<trkpt lat="42.501756" lon="2.547365">
<ele>1466.93</ele>
</trkpt>
<trkpt lat="42.501782" lon="2.547361">
<ele>1467.995</ele>
</trkpt>
<trkpt lat="42.5018" lon="2.547366">
<ele>1468.659</ele>
</trkpt>
<trkpt lat="42.501815" lon="2.547378">
<ele>1469.181</ele>
</trkpt>
<trkpt lat="42.501826" lon="2.547391">
<ele>1469.552</ele>
</trkpt>
<trkpt lat="42.501837" lon="2.547414">
<ele>1469.913</ele>
</trkpt>
<trkpt lat="42.501848" lon="2.547453">
<ele>1470.254</ele>
</trkpt>
<trkpt lat="42.501855" lon="2.547521">
<ele>1470.404</ele>
</trkpt>
<trkpt lat="42.501865" lon="2.547664">
<ele>1470.71</ele>
</trkpt>
<trkpt lat="42.501877" lon="2.547894">
<ele>1471.001</ele>
</trkpt>
<trkpt lat="42.501895" lon="2.548126">
<ele>1471.183</ele>
</trkpt>
<trkpt lat="42.50192" lon="2.54836">
<ele>1470.818</ele>
</trkpt>
<trkpt lat="42.501965" lon="2.548652">
<ele>1473.055</ele>
</trkpt>
<trkpt lat="42.502037" lon="2.54898">
<ele>1476.796</ele>
</trkpt>
<trkpt lat="42.502055" lon="2.549072">
<ele>1477.508</ele>
</trkpt>
<trkpt lat="42.502061" lon="2.549107">
<ele>1477.704</ele>
</trkpt>
<trkpt lat="42.502075" lon="2.549106">
<ele>1478.515</ele>
</trkpt>
<trkpt lat="42.502093" lon="2.549117">
<ele>1479.502</ele>
</trkpt>
<trkpt lat="42.502096" lon="2.549137">
<ele>1479.607</ele>
</trkpt>
<trkpt lat="42.502111" lon="2.549152">
<ele>1480.421</ele>
</trkpt>
<trkpt lat="42.502134" lon="2.549153">
<ele>1481.719</ele>
</trkpt>
<trkpt lat="42.502153" lon="2.549148">
<ele>1482.793</ele>
</trkpt>
<trkpt lat="42.502173" lon="2.549147">
<ele>1483.909</ele>
</trkpt>
<trkpt lat="42.502193" lon="2.549152">
<ele>1485.014</ele>
</trkpt>
<trkpt lat="42.50222" lon="2.549167">
<ele>1486.471</ele>
</trkpt>
<trkpt lat="42.502241" lon="2.549209">
<ele>1487.567</ele>
</trkpt>
<trkpt lat="42.502253" lon="2.549227">
<ele>1488.198</ele>
</trkpt>
<trkpt lat="42.502271" lon="2.54925">
<ele>1489.144</ele>
</trkpt>
<trkpt lat="42.50228" lon="2.549276">
<ele>1489.657</ele>
</trkpt>
<trkpt lat="42.502292" lon="2.549301">
<ele>1490.343</ele>
</trkpt>
<trkpt lat="42.502306" lon="2.54933">
<ele>1491.177</ele>
</trkpt>
<trkpt lat="42.502323" lon="2.549345">
<ele>1492.099</ele>
</trkpt>
<trkpt lat="42.502345" lon="2.549358">
<ele>1493.262</ele>
</trkpt>
<trkpt lat="42.502357" lon="2.549279">
<ele>1493.48</ele>
</trkpt>
<trkpt lat="42.502371" lon="2.549122">
<ele>1494.358</ele>
</trkpt>
<trkpt lat="42.502378" lon="2.548883">
<ele>1495.877</ele>
</trkpt>
<trkpt lat="42.502377" lon="2.548433">
<ele>1497.476</ele>
</trkpt>
<trkpt lat="42.502378" lon="2.548358">
<ele>1497.894</ele>
</trkpt>
<trkpt lat="42.502379" lon="2.548331">
<ele>1498.149</ele>
</trkpt>
<trkpt lat="42.502387" lon="2.548305">
<ele>1498.787</ele>
</trkpt>
<trkpt lat="42.502401" lon="2.548291">
<ele>1499.664</ele>
</trkpt>
<trkpt lat="42.502413" lon="2.548289">
<ele>1500.345</ele>
</trkpt>
<trkpt lat="42.502424" lon="2.548292">
<ele>1500.938</ele>
</trkpt>
<trkpt lat="42.502436" lon="2.5483">
<ele>1501.552</ele>
</trkpt>
<trkpt lat="42.502448" lon="2.548317">
<ele>1502.09</ele>
</trkpt>
<trkpt lat="42.502457" lon="2.548341">
<ele>1502.406</ele>
</trkpt>
<trkpt lat="42.502461" lon="2.548385">
<ele>1502.325</ele>
</trkpt>
<trkpt lat="42.502463" lon="2.548514">
<ele>1502.1</ele>
</trkpt>
<trkpt lat="42.502471" lon="2.548675">
<ele>1502.362</ele>
</trkpt>
<trkpt lat="42.502507" lon="2.548882">
<ele>1503.324</ele>
</trkpt>
<trkpt lat="42.502547" lon="2.549088">
<ele>1504.677</ele>
</trkpt>
<trkpt lat="42.502574" lon="2.549231">
<ele>1505.697</ele>
</trkpt>
<trkpt lat="42.502593" lon="2.549402">
<ele>1506.798</ele>
</trkpt>
<trkpt lat="42.502596" lon="2.54955">
<ele>1507.515</ele>
</trkpt>
<trkpt lat="42.502587" lon="2.549714">
<ele>1508.587</ele>
</trkpt>
<trkpt lat="42.502558" lon="2.549922">
<ele>1509.576</ele>
</trkpt>
<trkpt lat="42.502551" lon="2.550054">
<ele>1509.997</ele>
</trkpt>
<trkpt lat="42.502557" lon="2.550162">
<ele>1510.6</ele>
</trkpt>
<trkpt lat="42.5026" lon="2.550359">
<ele>1512.71</ele>
</trkpt>
<trkpt lat="42.502663" lon="2.550836">
<ele>1516.521</ele>
</trkpt>
<trkpt lat="42.502692" lon="2.551071">
<ele>1518.64</ele>
</trkpt>
<trkpt lat="42.502695" lon="2.551114">
<ele>1518.82</ele>
</trkpt>
<trkpt lat="42.50271" lon="2.551155">
<ele>1519.252</ele>
</trkpt>
<trkpt lat="42.502727" lon="2.551184">
<ele>1519.6</ele>
</trkpt>
<trkpt lat="42.502748" lon="2.551205">
<ele>1519.892</ele>
</trkpt>
<trkpt lat="42.502773" lon="2.551219">
<ele>1520.127</ele>
</trkpt>
<trkpt lat="42.502809" lon="2.551226">
<ele>1520.39</ele>
</trkpt>
<trkpt lat="42.502842" lon="2.551225">
<ele>1520.651</ele>
</trkpt>
<trkpt lat="42.502882" lon="2.551215">
<ele>1521.128</ele>
</trkpt>
<trkpt lat="42.502918" lon="2.551195">
<ele>1521.754</ele>
</trkpt>
<trkpt lat="42.503085" lon="2.551037">
<ele>1525.233</ele>
</trkpt>
<trkpt lat="42.503203" lon="2.550916">
<ele>1527.175</ele>
</trkpt>
<trkpt lat="42.5033" lon="2.550768">
<ele>1529.448</ele>
</trkpt>
<trkpt lat="42.503449" lon="2.550569">
<ele>1533.015</ele>
</trkpt>
<trkpt lat="42.503476" lon="2.550532">
<ele>1533.566</ele>
</trkpt>
<trkpt lat="42.503515" lon="2.55048">
<ele>1534.379</ele>
</trkpt>
<trkpt lat="42.503576" lon="2.550323">
<ele>1536.728</ele>
</trkpt>
<trkpt lat="42.5036" lon="2.550287">
<ele>1537.403</ele>
</trkpt>
<trkpt lat="42.503638" lon="2.550214">
<ele>1538.747</ele>
</trkpt>
<trkpt lat="42.503686" lon="2.550165">
<ele>1539.985</ele>
</trkpt>
<trkpt lat="42.503734" lon="2.550132">
<ele>1541.06</ele>
</trkpt>
<trkpt lat="42.503788" lon="2.550101">
<ele>1542.265</ele>
</trkpt>
<trkpt lat="42.504053" lon="2.550038">
<ele>1547.036</ele>
</trkpt>
<trkpt lat="42.504214" lon="2.549968">
<ele>1550.555</ele>
</trkpt>
<trkpt lat="42.504503" lon="2.54981">
<ele>1558.055</ele>
</trkpt>
<trkpt lat="42.504549" lon="2.54979">
<ele>1559.541</ele>
</trkpt>
<trkpt lat="42.504591" lon="2.549764">
<ele>1560.742</ele>
</trkpt>
<trkpt lat="42.504611" lon="2.549752">
<ele>1561.174</ele>
</trkpt>
<trkpt lat="42.504627" lon="2.549734">
<ele>1561.496</ele>
</trkpt>
<trkpt lat="42.504665" lon="2.549708">
<ele>1561.94</ele>
</trkpt>
<trkpt lat="42.504686" lon="2.549699">
<ele>1562.083</ele>
</trkpt>
<trkpt lat="42.504706" lon="2.549693">
<ele>1562.183</ele>
</trkpt>
<trkpt lat="42.504726" lon="2.549682">
<ele>1562.272</ele>
</trkpt>
<trkpt lat="42.504762" lon="2.54967">
<ele>1562.367</ele>
</trkpt>
<trkpt lat="42.504742" lon="2.549647">
<ele>1562.439</ele>
</trkpt>
<trkpt lat="42.504722" lon="2.549631">
<ele>1562.508</ele>
</trkpt>
<trkpt lat="42.504702" lon="2.549615">
<ele>1562.61</ele>
</trkpt>
<trkpt lat="42.504684" lon="2.549601">
<ele>1562.729</ele>
</trkpt>
<trkpt lat="42.504662" lon="2.549591">
<ele>1562.808</ele>
</trkpt>
<trkpt lat="42.504638" lon="2.549587">
<ele>1562.81</ele>
</trkpt>
<trkpt lat="42.504612" lon="2.549581">
<ele>1562.857</ele>
</trkpt>
<trkpt lat="42.504588" lon="2.549569">
<ele>1563.04</ele>
</trkpt>
<trkpt lat="42.504565" lon="2.549562">
<ele>1563.136</ele>
</trkpt>
<trkpt lat="42.504544" lon="2.549563">
<ele>1563.056</ele>
</trkpt>
<trkpt lat="42.50452" lon="2.549549">
<ele>1563.277</ele>
</trkpt>
<trkpt lat="42.504499" lon="2.54953">
<ele>1563.603</ele>
</trkpt>
<trkpt lat="42.504478" lon="2.549513">
<ele>1563.851</ele>
</trkpt>
<trkpt lat="42.504458" lon="2.549492">
<ele>1564.154</ele>
</trkpt>
<trkpt lat="42.504437" lon="2.549469">
<ele>1564.445</ele>
</trkpt>
<trkpt lat="42.504412" lon="2.549452">
<ele>1564.501</ele>
</trkpt>
<trkpt lat="42.50439" lon="2.549434">
<ele>1564.581</ele>
</trkpt>
<trkpt lat="42.504366" lon="2.549418">
<ele>1564.573</ele>
</trkpt>
<trkpt lat="42.50434" lon="2.549402">
<ele>1564.533</ele>
</trkpt>
<trkpt lat="42.504317" lon="2.549386">
<ele>1564.556</ele>
</trkpt>
<trkpt lat="42.504292" lon="2.549371">
<ele>1564.548</ele>
</trkpt>
<trkpt lat="42.504266" lon="2.549358">
<ele>1564.503</ele>
</trkpt>
<trkpt lat="42.50424" lon="2.549346">
<ele>1564.456</ele>
</trkpt>
<trkpt lat="42.504213" lon="2.549332">
<ele>1564.472</ele>
</trkpt>
<trkpt lat="42.504189" lon="2.549321">
<ele>1564.465</ele>
</trkpt>
<trkpt lat="42.504164" lon="2.549306">
<ele>1564.563</ele>
</trkpt>
<trkpt lat="42.50414" lon="2.5493">
<ele>1564.443</ele>
</trkpt>
<trkpt lat="42.504119" lon="2.549303">
<ele>1564.123</ele>
</trkpt>
<trkpt lat="42.504085" lon="2.549275">
<ele>1564.447</ele>
</trkpt>
<trkpt lat="42.504095" lon="2.54925">
<ele>1565.176</ele>
</trkpt>
<trkpt lat="42.504099" lon="2.549223">
<ele>1565.867</ele>
</trkpt>
<trkpt lat="42.504109" lon="2.549196">
<ele>1566.617</ele>
</trkpt>
<trkpt lat="42.504116" lon="2.549172">
<ele>1567.252</ele>
</trkpt>
<trkpt lat="42.504123" lon="2.549144">
<ele>1567.971</ele>
</trkpt>
<trkpt lat="42.504129" lon="2.549118">
<ele>1568.625</ele>
</trkpt>
<trkpt lat="42.504137" lon="2.549091">
<ele>1569.321</ele>
</trkpt>
<trkpt lat="42.504146" lon="2.549056">
<ele>1570.197</ele>
</trkpt>
<trkpt lat="42.504162" lon="2.549028">
<ele>1571.017</ele>
</trkpt>
<trkpt lat="42.504176" lon="2.549">
<ele>1571.806</ele>
</trkpt>
<trkpt lat="42.504187" lon="2.548971">
<ele>1572.561</ele>
</trkpt>
<trkpt lat="42.504196" lon="2.548941">
<ele>1573.29</ele>
</trkpt>
<trkpt lat="42.504207" lon="2.548913">
<ele>1573.996</ele>
</trkpt>
<trkpt lat="42.504217" lon="2.548882">
<ele>1574.728</ele>
</trkpt>
<trkpt lat="42.504229" lon="2.54885">
<ele>1575.495</ele>
</trkpt>
<trkpt lat="42.50424" lon="2.548818">
<ele>1576.234</ele>
</trkpt>
<trkpt lat="42.504249" lon="2.548789">
<ele>1576.878</ele>
</trkpt>
<trkpt lat="42.504259" lon="2.548761">
<ele>1577.517</ele>
</trkpt>
<trkpt lat="42.504272" lon="2.548732">
<ele>1578.22</ele>
</trkpt>
<trkpt lat="42.504283" lon="2.548703">
<ele>1578.891</ele>
</trkpt>
<trkpt lat="42.504297" lon="2.548677">
<ele>1579.565</ele>
</trkpt>
<trkpt lat="42.504308" lon="2.548648">
<ele>1580.247</ele>
</trkpt>
<trkpt lat="42.50432" lon="2.548618">
<ele>1580.953</ele>
</trkpt>
<trkpt lat="42.504331" lon="2.54859">
<ele>1581.605</ele>
</trkpt>
<trkpt lat="42.504345" lon="2.54856">
<ele>1582.344</ele>
</trkpt>
<trkpt lat="42.504353" lon="2.548537">
<ele>1582.866</ele>
</trkpt>
<trkpt lat="42.504365" lon="2.548506">
<ele>1583.602</ele>
</trkpt>
<trkpt lat="42.504375" lon="2.548477">
<ele>1584.283</ele>
</trkpt>
<trkpt lat="42.504377" lon="2.548444">
<ele>1584.895</ele>
</trkpt>
<trkpt lat="42.504381" lon="2.548409">
<ele>1585.602</ele>
</trkpt>
<trkpt lat="42.504381" lon="2.548377">
<ele>1586.2</ele>
</trkpt>
<trkpt lat="42.504381" lon="2.54835">
<ele>1586.725</ele>
</trkpt>
<trkpt lat="42.504381" lon="2.548318">
<ele>1587.376</ele>
</trkpt>
<trkpt lat="42.504378" lon="2.548283">
<ele>1588.049</ele>
</trkpt>
<trkpt lat="42.504373" lon="2.548246">
<ele>1588.735</ele>
</trkpt>
<trkpt lat="42.50437" lon="2.548212">
<ele>1589.408</ele>
</trkpt>
<trkpt lat="42.50437" lon="2.54818">
<ele>1590.11</ele>
</trkpt>
<trkpt lat="42.504371" lon="2.54815">
<ele>1590.787</ele>
</trkpt>
<trkpt lat="42.504372" lon="2.54812">
<ele>1591.455</ele>
</trkpt>
<trkpt lat="42.504379" lon="2.548087">
<ele>1592.331</ele>
</trkpt>
<trkpt lat="42.504387" lon="2.548055">
<ele>1593.196</ele>
</trkpt>
<trkpt lat="42.504395" lon="2.548027">
<ele>1593.974</ele>
</trkpt>
<trkpt lat="42.504408" lon="2.548002">
<ele>1594.841</ele>
</trkpt>
<trkpt lat="42.504413" lon="2.547969">
<ele>1595.638</ele>
</trkpt>
<trkpt lat="42.504415" lon="2.547937">
<ele>1596.32</ele>
</trkpt>
<trkpt lat="42.504413" lon="2.547905">
<ele>1596.867</ele>
</trkpt>
<trkpt lat="42.504409" lon="2.547871">
<ele>1597.37</ele>
</trkpt>
<trkpt lat="42.504416" lon="2.547846">
<ele>1598.066</ele>
</trkpt>
<trkpt lat="42.504427" lon="2.547817">
<ele>1598.981</ele>
</trkpt>
<trkpt lat="42.504427" lon="2.547779">
<ele>1599.671</ele>
</trkpt>
<trkpt lat="42.504418" lon="2.54775">
<ele>1599.857</ele>
</trkpt>
<trkpt lat="42.504409" lon="2.547725">
<ele>1599.956</ele>
</trkpt>
<trkpt lat="42.504403" lon="2.547699">
<ele>1600.169</ele>
</trkpt>
<trkpt lat="42.504399" lon="2.547669">
<ele>1600.511</ele>
</trkpt>
<trkpt lat="42.504395" lon="2.54764">
<ele>1600.826</ele>
</trkpt>
<trkpt lat="42.50439" lon="2.547611">
<ele>1601.096</ele>
</trkpt>
<trkpt lat="42.504388" lon="2.547583">
<ele>1601.456</ele>
</trkpt>
<trkpt lat="42.504386" lon="2.547555">
<ele>1601.81</ele>
</trkpt>
<trkpt lat="42.504389" lon="2.547528">
<ele>1602.333</ele>
</trkpt>
<trkpt lat="42.504392" lon="2.547501">
<ele>1602.853</ele>
</trkpt>
<trkpt lat="42.504391" lon="2.547475">
<ele>1603.206</ele>
</trkpt>
<trkpt lat="42.504391" lon="2.547446">
<ele>1603.64</ele>
</trkpt>
<trkpt lat="42.504391" lon="2.547418">
<ele>1604.053</ele>
</trkpt>
<trkpt lat="42.504389" lon="2.54739">
<ele>1604.381</ele>
</trkpt>
<trkpt lat="42.504386" lon="2.547363">
<ele>1604.65</ele>
</trkpt>
<trkpt lat="42.504385" lon="2.547331">
<ele>1605.06</ele>
</trkpt>
<trkpt lat="42.504381" lon="2.547303">
<ele>1605.298</ele>
</trkpt>
<trkpt lat="42.504382" lon="2.547278">
<ele>1605.683</ele>
</trkpt>
<trkpt lat="42.504383" lon="2.547252">
<ele>1606.083</ele>
</trkpt>
<trkpt lat="42.504379" lon="2.547217">
<ele>1606.422</ele>
</trkpt>
<trkpt lat="42.504373" lon="2.547034">
<ele>1608.93</ele>
</trkpt>
<trkpt lat="42.504347" lon="2.546862">
<ele>1610.343</ele>
</trkpt>
<trkpt lat="42.504347" lon="2.546326">
<ele>1617.583</ele>
</trkpt>
<trkpt lat="42.504341" lon="2.546142">
<ele>1620.196</ele>
</trkpt>
<trkpt lat="42.504331" lon="2.545899">
<ele>1623.736</ele>
</trkpt>
<trkpt lat="42.504331" lon="2.545667">
<ele>1627.205</ele>
</trkpt>
<trkpt lat="42.504322" lon="2.545486">
<ele>1629.33</ele>
</trkpt>
<trkpt lat="42.504335" lon="2.54528">
<ele>1632.955</ele>
</trkpt>
<trkpt lat="42.504312" lon="2.545189">
<ele>1633.654</ele>
</trkpt>
<trkpt lat="42.504285" lon="2.545071">
<ele>1634.757</ele>
</trkpt>
<trkpt lat="42.504262" lon="2.544886">
<ele>1637.54</ele>
</trkpt>
<trkpt lat="42.504223" lon="2.544716">
<ele>1639.329</ele>
</trkpt>
<trkpt lat="42.504174" lon="2.54437">
<ele>1643.043</ele>
</trkpt>
<trkpt lat="42.50411" lon="2.543949">
<ele>1646.975</ele>
</trkpt>
<trkpt lat="42.504094" lon="2.543791">
<ele>1648.414</ele>
</trkpt>
<trkpt lat="42.504093" lon="2.543629">
<ele>1650.461</ele>
</trkpt>
<trkpt lat="42.504115" lon="2.543438">
<ele>1653.39</ele>
</trkpt>
<trkpt lat="42.504135" lon="2.543355">
<ele>1654.769</ele>
</trkpt>
<trkpt lat="42.504199" lon="2.543252">
<ele>1657.79</ele>
</trkpt>
<trkpt lat="42.504207" lon="2.543143">
<ele>1658.218</ele>
</trkpt>
<trkpt lat="42.50422" lon="2.543067">
<ele>1658.825</ele>
</trkpt>
<trkpt lat="42.504247" lon="2.543017">
<ele>1659.701</ele>
</trkpt>
<trkpt lat="42.504348" lon="2.542852">
<ele>1661.739</ele>
</trkpt>
<trkpt lat="42.504434" lon="2.542403">
<ele>1662.819</ele>
</trkpt>
<trkpt lat="42.504475" lon="2.542296">
<ele>1663.74</ele>
</trkpt>
<trkpt lat="42.504519" lon="2.542248">
<ele>1664.754</ele>
</trkpt>
<trkpt lat="42.504602" lon="2.542191">
<ele>1666.861</ele>
</trkpt>
<trkpt lat="42.504717" lon="2.542134">
<ele>1670.845</ele>
</trkpt>
<trkpt lat="42.504799" lon="2.542111">
<ele>1674.906</ele>
</trkpt>
<trkpt lat="42.504846" lon="2.542085">
<ele>1676.698</ele>
</trkpt>
<trkpt lat="42.504932" lon="2.542009">
<ele>1677.895</ele>
</trkpt>
<trkpt lat="42.505076" lon="2.541887">
<ele>1679.074</ele>
</trkpt>
<trkpt lat="42.505112" lon="2.541817">
<ele>1679.571</ele>
</trkpt>
<trkpt lat="42.505151" lon="2.541671">
<ele>1678.642</ele>
</trkpt>
<trkpt lat="42.505214" lon="2.541546">
<ele>1678.953</ele>
</trkpt>
<trkpt lat="42.505252" lon="2.541409">
<ele>1676.784</ele>
</trkpt>
<trkpt lat="42.505277" lon="2.54138">
<ele>1677.776</ele>
</trkpt>
<trkpt lat="42.505409" lon="2.541271">
<ele>1683.313</ele>
</trkpt>
<trkpt lat="42.505487" lon="2.541155">
<ele>1681.384</ele>
</trkpt>
<trkpt lat="42.50552" lon="2.541041">
<ele>1679.997</ele>
</trkpt>
<trkpt lat="42.505556" lon="2.540971">
<ele>1683.914</ele>
</trkpt>
<trkpt lat="42.505576" lon="2.540837">
<ele>1687.751</ele>
</trkpt>
<trkpt lat="42.505638" lon="2.540695">
<ele>1691.213</ele>
</trkpt>
<trkpt lat="42.505744" lon="2.540572">
<ele>1696.364</ele>
</trkpt>
<trkpt lat="42.505885" lon="2.540457">
<ele>1703.844</ele>
</trkpt>
<trkpt lat="42.506009" lon="2.540361">
<ele>1709.436</ele>
</trkpt>
<trkpt lat="42.506072" lon="2.540317">
<ele>1712.4</ele>
</trkpt>
<trkpt lat="42.506225" lon="2.540191">
<ele>1719.252</ele>
</trkpt>
<trkpt lat="42.506283" lon="2.540114">
<ele>1721.902</ele>
</trkpt>
<trkpt lat="42.506399" lon="2.539969">
<ele>1727.053</ele>
</trkpt>
<trkpt lat="42.506461" lon="2.539761">
<ele>1728.665</ele>
</trkpt>
<trkpt lat="42.506528" lon="2.539635">
<ele>1730.421</ele>
</trkpt>
<trkpt lat="42.506536" lon="2.539388">
<ele>1731.63</ele>
</trkpt>
<trkpt lat="42.506535" lon="2.539384">
<ele>1731.669</ele>
</trkpt>
<trkpt lat="42.506536" lon="2.539388">
<ele>1731.63</ele>
</trkpt>
<trkpt lat="42.506528" lon="2.539635">
<ele>1730.421</ele>
</trkpt>
<trkpt lat="42.506558" lon="2.539572">
<ele>1730.686</ele>
</trkpt>
<trkpt lat="42.506653" lon="2.539256">
<ele>1731.509</ele>
</trkpt>
<trkpt lat="42.506741" lon="2.539025">
<ele>1731.931</ele>
</trkpt>
<trkpt lat="42.506843" lon="2.538854">
<ele>1730.706</ele>
</trkpt>
<trkpt lat="42.506928" lon="2.538679">
<ele>1730.668</ele>
</trkpt>
<trkpt lat="42.507048" lon="2.53837">
<ele>1729.301</ele>
</trkpt>
<trkpt lat="42.507167" lon="2.538061">
<ele>1727.244</ele>
</trkpt>
<trkpt lat="42.507204" lon="2.53792">
<ele>1727.474</ele>
</trkpt>
<trkpt lat="42.50723" lon="2.537704">
<ele>1729.582</ele>
</trkpt>
<trkpt lat="42.50726" lon="2.537569">
<ele>1730.31</ele>
</trkpt>
<trkpt lat="42.507348" lon="2.537348">
<ele>1729.68</ele>
</trkpt>
<trkpt lat="42.507422" lon="2.537198">
<ele>1728.307</ele>
</trkpt>
<trkpt lat="42.507535" lon="2.536893">
<ele>1726.772</ele>
</trkpt>
<trkpt lat="42.50761" lon="2.536604">
<ele>1726.429</ele>
</trkpt>
<trkpt lat="42.507644" lon="2.536449">
<ele>1726.337</ele>
</trkpt>
<trkpt lat="42.507697" lon="2.536332">
<ele>1724.789</ele>
</trkpt>
<trkpt lat="42.507735" lon="2.536205">
<ele>1723.888</ele>
</trkpt>
<trkpt lat="42.50779" lon="2.535814">
<ele>1723.505</ele>
</trkpt>
<trkpt lat="42.507788" lon="2.535712">
<ele>1724.467</ele>
</trkpt>
<trkpt lat="42.507695" lon="2.535259">
<ele>1724.468</ele>
</trkpt>
<trkpt lat="42.50761" lon="2.53498">
<ele>1721.387</ele>
</trkpt>
<trkpt lat="42.50745" lon="2.534555">
<ele>1717.336</ele>
</trkpt>
<trkpt lat="42.507361" lon="2.534326">
<ele>1716.287</ele>
</trkpt>
<trkpt lat="42.507305" lon="2.534147">
<ele>1717.098</ele>
</trkpt>
<trkpt lat="42.507235" lon="2.533912">
<ele>1718.472</ele>
</trkpt>
<trkpt lat="42.507203" lon="2.533766">
<ele>1718.793</ele>
</trkpt>
<trkpt lat="42.507153" lon="2.533623">
<ele>1720.23</ele>
</trkpt>
<trkpt lat="42.507128" lon="2.533552">
<ele>1720.958</ele>
</trkpt>
<trkpt lat="42.507146" lon="2.533453">
<ele>1718.878</ele>
</trkpt>
<trkpt lat="42.507136" lon="2.533318">
<ele>1718.018</ele>
</trkpt>
<trkpt lat="42.507101" lon="2.533207">
<ele>1718.297</ele>
</trkpt>
<trkpt lat="42.507059" lon="2.533109">
<ele>1717.866</ele>
</trkpt>
<trkpt lat="42.506954" lon="2.532985">
<ele>1718.139</ele>
</trkpt>
<trkpt lat="42.506831" lon="2.532871">
<ele>1718.725</ele>
</trkpt>
<trkpt lat="42.506495" lon="2.532517">
<ele>1720.819</ele>
</trkpt>
<trkpt lat="42.506364" lon="2.532365">
<ele>1723.709</ele>
</trkpt>
<trkpt lat="42.50629" lon="2.532197">
<ele>1723.808</ele>
</trkpt>
<trkpt lat="42.506209" lon="2.531976">
<ele>1723.747</ele>
</trkpt>
<trkpt lat="42.506147" lon="2.531724">
<ele>1723.24</ele>
</trkpt>
<trkpt lat="42.506121" lon="2.531318">
<ele>1720.529</ele>
</trkpt>
<trkpt lat="42.506115" lon="2.531232">
<ele>1720.86</ele>
</trkpt>
<trkpt lat="42.506114" lon="2.531183">
<ele>1721.046</ele>
</trkpt>
<trkpt lat="42.506113" lon="2.531156">
<ele>1721.235</ele>
</trkpt>
<trkpt lat="42.506112" lon="2.531131">
<ele>1721.458</ele>
</trkpt>
<trkpt lat="42.506115" lon="2.531118">
<ele>1721.407</ele>
</trkpt>
<trkpt lat="42.506126" lon="2.531113">
<ele>1720.879</ele>
</trkpt>
<trkpt lat="42.506164" lon="2.531099">
<ele>1719.044</ele>
</trkpt>
<trkpt lat="42.506206" lon="2.531073">
<ele>1717.292</ele>
</trkpt>
<trkpt lat="42.506237" lon="2.531039">
<ele>1716.436</ele>
</trkpt>
<trkpt lat="42.506252" lon="2.530987">
<ele>1716.873</ele>
</trkpt>
<trkpt lat="42.506253" lon="2.530948">
<ele>1717.786</ele>
</trkpt>
<trkpt lat="42.506252" lon="2.530909">
<ele>1718.863</ele>
</trkpt>
<trkpt lat="42.506253" lon="2.530887">
<ele>1719.425</ele>
</trkpt>
<trkpt lat="42.506271" lon="2.53087">
<ele>1719.086</ele>
</trkpt>
<trkpt lat="42.506303" lon="2.530832">
<ele>1718.693</ele>
</trkpt>
<trkpt lat="42.506326" lon="2.530795">
<ele>1718.658</ele>
</trkpt>
<trkpt lat="42.506341" lon="2.530749">
<ele>1719.224</ele>
</trkpt>
<trkpt lat="42.506355" lon="2.530699">
<ele>1719.939</ele>
</trkpt>
<trkpt lat="42.506372" lon="2.530657">
<ele>1720.29</ele>
</trkpt>
<trkpt lat="42.506382" lon="2.530614">
<ele>1721.018</ele>
</trkpt>
<trkpt lat="42.506402" lon="2.530579">
<ele>1721.017</ele>
</trkpt>
<trkpt lat="42.506429" lon="2.530563">
<ele>1720.12</ele>
</trkpt>
<trkpt lat="42.506493" lon="2.530534">
<ele>1717.722</ele>
</trkpt>
<trkpt lat="42.506535" lon="2.530511">
<ele>1716.219</ele>
</trkpt>
<trkpt lat="42.506573" lon="2.530474">
<ele>1715.254</ele>
</trkpt>
<trkpt lat="42.506609" lon="2.530446">
<ele>1714.1</ele>
</trkpt>
<trkpt lat="42.506631" lon="2.530408">
<ele>1713.948</ele>
</trkpt>
<trkpt lat="42.506645" lon="2.530351">
<ele>1714.747</ele>
</trkpt>
<trkpt lat="42.506651" lon="2.530289">
<ele>1716.129</ele>
</trkpt>
<trkpt lat="42.506649" lon="2.530205">
<ele>1718.6</ele>
</trkpt>
<trkpt lat="42.506647" lon="2.530151">
<ele>1720.259</ele>
</trkpt>
<trkpt lat="42.506653" lon="2.530117">
<ele>1720.899</ele>
</trkpt>
<trkpt lat="42.50667" lon="2.530084">
<ele>1720.88</ele>
</trkpt>
<trkpt lat="42.506704" lon="2.530048">
<ele>1719.948</ele>
</trkpt>
<trkpt lat="42.506736" lon="2.529991">
<ele>1719.729</ele>
</trkpt>
<trkpt lat="42.506762" lon="2.529948">
<ele>1719.447</ele>
</trkpt>
<trkpt lat="42.50679" lon="2.529911">
<ele>1718.858</ele>
</trkpt>
<trkpt lat="42.506828" lon="2.529833">
<ele>1718.903</ele>
</trkpt>
<trkpt lat="42.506861" lon="2.529783">
<ele>1718.407</ele>
</trkpt>
<trkpt lat="42.506893" lon="2.529739">
<ele>1717.758</ele>
</trkpt>
<trkpt lat="42.506945" lon="2.529703">
<ele>1715.507</ele>
</trkpt>
<trkpt lat="42.506987" lon="2.529659">
<ele>1714.14</ele>
</trkpt>
<trkpt lat="42.507005" lon="2.529611">
<ele>1714.546</ele>
</trkpt>
<trkpt lat="42.507056" lon="2.529562">
<ele>1713.228</ele>
</trkpt>
<trkpt lat="42.507114" lon="2.529518">
<ele>1712.031</ele>
</trkpt>
<trkpt lat="42.507176" lon="2.529469">
<ele>1711.526</ele>
</trkpt>
<trkpt lat="42.507234" lon="2.529438">
<ele>1710.559</ele>
</trkpt>
<trkpt lat="42.507283" lon="2.529427">
<ele>1708.863</ele>
</trkpt>
<trkpt lat="42.507333" lon="2.529413">
<ele>1707.095</ele>
</trkpt>
<trkpt lat="42.507511" lon="2.529324">
<ele>1702.601</ele>
</trkpt>
<trkpt lat="42.507649" lon="2.529228">
<ele>1700.43</ele>
</trkpt>
<trkpt lat="42.50773" lon="2.529077">
<ele>1703.653</ele>
</trkpt>
<trkpt lat="42.507809" lon="2.529025">
<ele>1702.244</ele>
</trkpt>
<trkpt lat="42.507909" lon="2.528969">
<ele>1699.997</ele>
</trkpt>
<trkpt lat="42.508031" lon="2.528864">
<ele>1699.391</ele>
</trkpt>
<trkpt lat="42.508257" lon="2.528663">
<ele>1700.185</ele>
</trkpt>
<trkpt lat="42.508365" lon="2.528564">
<ele>1700.909</ele>
</trkpt>
<trkpt lat="42.508417" lon="2.528474">
<ele>1703.563</ele>
</trkpt>
<trkpt lat="42.50845" lon="2.528432">
<ele>1704.433</ele>
</trkpt>
<trkpt lat="42.508547" lon="2.528383">
<ele>1702.991</ele>
</trkpt>
<trkpt lat="42.508664" lon="2.528348">
<ele>1699.952</ele>
</trkpt>
<trkpt lat="42.508767" lon="2.528306">
<ele>1697.813</ele>
</trkpt>
<trkpt lat="42.508964" lon="2.528206">
<ele>1695.218</ele>
</trkpt>
<trkpt lat="42.509136" lon="2.528164">
<ele>1690.53</ele>
</trkpt>
<trkpt lat="42.509402" lon="2.528076">
<ele>1683.523</ele>
</trkpt>
<trkpt lat="42.509586" lon="2.528018">
<ele>1678.242</ele>
</trkpt>
<trkpt lat="42.509708" lon="2.52793">
<ele>1676.516</ele>
</trkpt>
<trkpt lat="42.509806" lon="2.527843">
<ele>1675.877</ele>
</trkpt>
<trkpt lat="42.509874" lon="2.527712">
<ele>1676.496</ele>
</trkpt>
<trkpt lat="42.509892" lon="2.527602">
<ele>1677.021</ele>
</trkpt>
<trkpt lat="42.509921" lon="2.52748">
<ele>1675.001</ele>
</trkpt>
<trkpt lat="42.509916" lon="2.527344">
<ele>1674.786</ele>
</trkpt>
<trkpt lat="42.509919" lon="2.527225">
<ele>1673.315</ele>
</trkpt>
<trkpt lat="42.509886" lon="2.527106">
<ele>1674.189</ele>
</trkpt>
<trkpt lat="42.509844" lon="2.527025">
<ele>1676.422</ele>
</trkpt>
<trkpt lat="42.509879" lon="2.526778">
<ele>1669.91</ele>
</trkpt>
<trkpt lat="42.509932" lon="2.526746">
<ele>1665.262</ele>
</trkpt>
<trkpt lat="42.509957" lon="2.52657">
<ele>1663.004</ele>
</trkpt>
<trkpt lat="42.51003" lon="2.526322">
<ele>1656.487</ele>
</trkpt>
<trkpt lat="42.510075" lon="2.526052">
<ele>1650.384</ele>
</trkpt>
<trkpt lat="42.510078" lon="2.525724">
<ele>1647.572</ele>
</trkpt>
<trkpt lat="42.510094" lon="2.525632">
<ele>1645.832</ele>
</trkpt>
<trkpt lat="42.510127" lon="2.525554">
<ele>1642.729</ele>
</trkpt>
<trkpt lat="42.510187" lon="2.525373">
<ele>1637.409</ele>
</trkpt>
<trkpt lat="42.510239" lon="2.525298">
<ele>1633.102</ele>
</trkpt>
<trkpt lat="42.510248" lon="2.525221">
<ele>1632.687</ele>
</trkpt>
<trkpt lat="42.510252" lon="2.525067">
<ele>1633.633</ele>
</trkpt>
<trkpt lat="42.510323" lon="2.524929">
<ele>1629.256</ele>
</trkpt>
<trkpt lat="42.510364" lon="2.524858">
<ele>1626.945</ele>
</trkpt>
<trkpt lat="42.510396" lon="2.524754">
<ele>1626.191</ele>
</trkpt>
<trkpt lat="42.51041" lon="2.524659">
<ele>1626.084</ele>
</trkpt>
<trkpt lat="42.510402" lon="2.524533">
<ele>1625.598</ele>
</trkpt>
<trkpt lat="42.510404" lon="2.524426">
<ele>1623.039</ele>
</trkpt>
<trkpt lat="42.510439" lon="2.524442">
<ele>1621.056</ele>
</trkpt>
<trkpt lat="42.510463" lon="2.524499">
<ele>1620.818</ele>
</trkpt>
<trkpt lat="42.510476" lon="2.524597">
<ele>1621.444</ele>
</trkpt>
<trkpt lat="42.510486" lon="2.524731">
<ele>1620.08</ele>
</trkpt>
<trkpt lat="42.510511" lon="2.524753">
<ele>1617.916</ele>
</trkpt>
<trkpt lat="42.510553" lon="2.524722">
<ele>1615.546</ele>
</trkpt>
<trkpt lat="42.510563" lon="2.524638">
<ele>1615.807</ele>
</trkpt>
<trkpt lat="42.510558" lon="2.524568">
<ele>1615.747</ele>
</trkpt>
<trkpt lat="42.510564" lon="2.524486">
<ele>1613.786</ele>
</trkpt>
<trkpt lat="42.510566" lon="2.524418">
<ele>1611.797</ele>
</trkpt>
<trkpt lat="42.510584" lon="2.524403">
<ele>1610.082</ele>
</trkpt>
<trkpt lat="42.510621" lon="2.524418">
<ele>1607.817</ele>
</trkpt>
<trkpt lat="42.510637" lon="2.524472">
<ele>1608.083</ele>
</trkpt>
<trkpt lat="42.510722" lon="2.524529">
<ele>1602.31</ele>
</trkpt>
<trkpt lat="42.51077" lon="2.524591">
<ele>1599.074</ele>
</trkpt>
<trkpt lat="42.510806" lon="2.524588">
<ele>1595.896</ele>
</trkpt>
<trkpt lat="42.51081" lon="2.524507">
<ele>1594.145</ele>
</trkpt>
<trkpt lat="42.5108" lon="2.524406">
<ele>1592.493</ele>
</trkpt>
<trkpt lat="42.510759" lon="2.524284">
<ele>1593.759</ele>
</trkpt>
<trkpt lat="42.510703" lon="2.524192">
<ele>1595.612</ele>
</trkpt>
<trkpt lat="42.510597" lon="2.52414">
<ele>1599.292</ele>
</trkpt>
<trkpt lat="42.510542" lon="2.524091">
<ele>1599.912</ele>
</trkpt>
<trkpt lat="42.510529" lon="2.524049">
<ele>1599.301</ele>
</trkpt>
<trkpt lat="42.510543" lon="2.523957">
<ele>1598.921</ele>
</trkpt>
<trkpt lat="42.510568" lon="2.523921">
<ele>1599.064</ele>
</trkpt>
<trkpt lat="42.510597" lon="2.523888">
<ele>1599.559</ele>
</trkpt>
<trkpt lat="42.510624" lon="2.523861">
<ele>1600.334</ele>
</trkpt>
<trkpt lat="42.510648" lon="2.523829">
<ele>1601.823</ele>
</trkpt>
<trkpt lat="42.510679" lon="2.523819">
<ele>1602.489</ele>
</trkpt>
<trkpt lat="42.510713" lon="2.523821">
<ele>1602.755</ele>
</trkpt>
<trkpt lat="42.510749" lon="2.52385">
<ele>1601.436</ele>
</trkpt>
<trkpt lat="42.510783" lon="2.523884">
<ele>1599.698</ele>
</trkpt>
<trkpt lat="42.510824" lon="2.523919">
<ele>1597.966</ele>
</trkpt>
<trkpt lat="42.510858" lon="2.523937">
<ele>1597.309</ele>
</trkpt>
<trkpt lat="42.510889" lon="2.523938">
<ele>1597.918</ele>
</trkpt>
<trkpt lat="42.510905" lon="2.523942">
<ele>1598.095</ele>
</trkpt>
<trkpt lat="42.510929" lon="2.523961">
<ele>1597.621</ele>
</trkpt>
<trkpt lat="42.510948" lon="2.523978">
<ele>1597.195</ele>
</trkpt>
<trkpt lat="42.510999" lon="2.523989">
<ele>1598.247</ele>
</trkpt>
<trkpt lat="42.511033" lon="2.523991">
<ele>1599.211</ele>
</trkpt>
<trkpt lat="42.511072" lon="2.524009">
<ele>1599.061</ele>
</trkpt>
<trkpt lat="42.511114" lon="2.524001">
<ele>1600.359</ele>
</trkpt>
<trkpt lat="42.511183" lon="2.523998">
<ele>1601.423</ele>
</trkpt>
<trkpt lat="42.511215" lon="2.524003">
<ele>1601.541</ele>
</trkpt>
<trkpt lat="42.511253" lon="2.524017">
<ele>1601.401</ele>
</trkpt>
<trkpt lat="42.511288" lon="2.524029">
<ele>1601.634</ele>
</trkpt>
<trkpt lat="42.511316" lon="2.524054">
<ele>1601.221</ele>
</trkpt>
<trkpt lat="42.51135" lon="2.524078">
<ele>1601.392</ele>
</trkpt>
<trkpt lat="42.51138" lon="2.52411">
<ele>1601.173</ele>
</trkpt>
<trkpt lat="42.511408" lon="2.52413">
<ele>1601.603</ele>
</trkpt>
<trkpt lat="42.511436" lon="2.524158">
<ele>1601.662</ele>
</trkpt>
<trkpt lat="42.511472" lon="2.524178">
<ele>1602.558</ele>
</trkpt>
<trkpt lat="42.511509" lon="2.524202">
<ele>1603.218</ele>
</trkpt>
<trkpt lat="42.51154" lon="2.52422">
<ele>1603.792</ele>
</trkpt>
<trkpt lat="42.511556" lon="2.52425">
<ele>1603.098</ele>
</trkpt>
<trkpt lat="42.511575" lon="2.524288">
<ele>1602.255</ele>
</trkpt>
<trkpt lat="42.511595" lon="2.52433">
<ele>1601.459</ele>
</trkpt>
<trkpt lat="42.511618" lon="2.524373">
<ele>1601.141</ele>
</trkpt>
<trkpt lat="42.511628" lon="2.524413">
<ele>1600.503</ele>
</trkpt>
<trkpt lat="42.511647" lon="2.524445">
<ele>1600.926</ele>
</trkpt>
<trkpt lat="42.511674" lon="2.524465">
<ele>1602.297</ele>
</trkpt>
<trkpt lat="42.511698" lon="2.524507">
<ele>1602.998</ele>
</trkpt>
<trkpt lat="42.511732" lon="2.524555">
<ele>1603.637</ele>
</trkpt>
<trkpt lat="42.511838" lon="2.52463">
<ele>1598.732</ele>
</trkpt>
<trkpt lat="42.511931" lon="2.524656">
<ele>1590.697</ele>
</trkpt>
<trkpt lat="42.51198" lon="2.524665">
<ele>1587.929</ele>
</trkpt>
<trkpt lat="42.512015" lon="2.524622">
<ele>1589.797</ele>
</trkpt>
<trkpt lat="42.512063" lon="2.524625">
<ele>1589.391</ele>
</trkpt>
<trkpt lat="42.51203" lon="2.524723">
<ele>1583.546</ele>
</trkpt>
<trkpt lat="42.512003" lon="2.524808">
<ele>1579.346</ele>
</trkpt>
<trkpt lat="42.512103" lon="2.524795">
<ele>1577.963</ele>
</trkpt>
<trkpt lat="42.512218" lon="2.524805">
<ele>1576.274</ele>
</trkpt>
<trkpt lat="42.512206" lon="2.524932">
<ele>1567.441</ele>
</trkpt>
<trkpt lat="42.512314" lon="2.524978">
<ele>1566.695</ele>
</trkpt>
<trkpt lat="42.512384" lon="2.524998">
<ele>1567.612</ele>
</trkpt>
<trkpt lat="42.512378" lon="2.525153">
<ele>1559.995</ele>
</trkpt>
<trkpt lat="42.512431" lon="2.52523">
<ele>1557.179</ele>
</trkpt>
<trkpt lat="42.512629" lon="2.525228">
<ele>1554.311</ele>
</trkpt>
<trkpt lat="42.512668" lon="2.52529">
<ele>1550.319</ele>
</trkpt>
<trkpt lat="42.512691" lon="2.525442">
<ele>1542.227</ele>
</trkpt>
<trkpt lat="42.512734" lon="2.525485">
<ele>1538.758</ele>
</trkpt>
<trkpt lat="42.512796" lon="2.525476">
<ele>1536.997</ele>
</trkpt>
<trkpt lat="42.512907" lon="2.525487">
<ele>1533.227</ele>
</trkpt>
<trkpt lat="42.513027" lon="2.525496">
<ele>1530.071</ele>
</trkpt>
<trkpt lat="42.513123" lon="2.525561">
<ele>1527.102</ele>
</trkpt>
<trkpt lat="42.513211" lon="2.525683">
<ele>1524.849</ele>
</trkpt>
<trkpt lat="42.513333" lon="2.525768">
<ele>1526.53</ele>
</trkpt>
<trkpt lat="42.513413" lon="2.525898">
<ele>1522.948</ele>
</trkpt>
<trkpt lat="42.513445" lon="2.526005">
<ele>1518.686</ele>
</trkpt>
<trkpt lat="42.513506" lon="2.526079">
<ele>1516.002</ele>
</trkpt>
<trkpt lat="42.513582" lon="2.526105">
<ele>1515.706</ele>
</trkpt>
<trkpt lat="42.513636" lon="2.526091">
<ele>1516.946</ele>
</trkpt>
<trkpt lat="42.513823" lon="2.526124">
<ele>1518.448</ele>
</trkpt>
<trkpt lat="42.513918" lon="2.526167">
<ele>1519.421</ele>
</trkpt>
<trkpt lat="42.514031" lon="2.526371">
<ele>1514.65</ele>
</trkpt>
<trkpt lat="42.514144" lon="2.5266">
<ele>1509.648</ele>
</trkpt>
<trkpt lat="42.514248" lon="2.526825">
<ele>1505.722</ele>
</trkpt>
<trkpt lat="42.514315" lon="2.526944">
<ele>1504.909</ele>
</trkpt>
<trkpt lat="42.514414" lon="2.527148">
<ele>1501.709</ele>
</trkpt>
<trkpt lat="42.514476" lon="2.527273">
<ele>1497.847</ele>
</trkpt>
<trkpt lat="42.514513" lon="2.527343">
<ele>1495.093</ele>
</trkpt>
<trkpt lat="42.514593" lon="2.527369">
<ele>1493.011</ele>
</trkpt>
<trkpt lat="42.514713" lon="2.527301">
<ele>1492.622</ele>
</trkpt>
<trkpt lat="42.514895" lon="2.527239">
<ele>1488.976</ele>
</trkpt>
<trkpt lat="42.515091" lon="2.527133">
<ele>1489.067</ele>
</trkpt>
<trkpt lat="42.515295" lon="2.527003">
<ele>1488.991</ele>
</trkpt>
<trkpt lat="42.51539" lon="2.526937">
<ele>1489.122</ele>
</trkpt>
<trkpt lat="42.515539" lon="2.526849">
<ele>1488.296</ele>
</trkpt>
<trkpt lat="42.515665" lon="2.526844">
<ele>1483.751</ele>
</trkpt>
<trkpt lat="42.515745" lon="2.526801">
<ele>1483.03</ele>
</trkpt>
<trkpt lat="42.515842" lon="2.526709">
<ele>1484.739</ele>
</trkpt>
<trkpt lat="42.515932" lon="2.526671">
<ele>1484.19</ele>
</trkpt>
<trkpt lat="42.516031" lon="2.526616">
<ele>1483.944</ele>
</trkpt>
<trkpt lat="42.516133" lon="2.526586">
<ele>1480.496</ele>
</trkpt>
<trkpt lat="42.516217" lon="2.52651">
<ele>1479.683</ele>
</trkpt>
<trkpt lat="42.516317" lon="2.52642">
<ele>1481.083</ele>
</trkpt>
<trkpt lat="42.516491" lon="2.526351">
<ele>1481.435</ele>
</trkpt>
<trkpt lat="42.516688" lon="2.526313">
<ele>1472.981</ele>
</trkpt>
<trkpt lat="42.516848" lon="2.526338">
<ele>1470.062</ele>
</trkpt>
<trkpt lat="42.516971" lon="2.526294">
<ele>1471.267</ele>
</trkpt>
<trkpt lat="42.517083" lon="2.52624">
<ele>1470.903</ele>
</trkpt>
<trkpt lat="42.517187" lon="2.526176">
<ele>1470.759</ele>
</trkpt>
<trkpt lat="42.5173" lon="2.526164">
<ele>1469.844</ele>
</trkpt>
<trkpt lat="42.517415" lon="2.52614">
<ele>1470.225</ele>
</trkpt>
<trkpt lat="42.517539" lon="2.526097">
<ele>1472.253</ele>
</trkpt>
<trkpt lat="42.517676" lon="2.526003">
<ele>1474.046</ele>
</trkpt>
<trkpt lat="42.51776" lon="2.525938">
<ele>1473.835</ele>
</trkpt>
<trkpt lat="42.517836" lon="2.525943">
<ele>1473.069</ele>
</trkpt>
<trkpt lat="42.517763" lon="2.525882">
<ele>1474.072</ele>
</trkpt>
<trkpt lat="42.517747" lon="2.525809">
<ele>1474.756</ele>
</trkpt>
<trkpt lat="42.517749" lon="2.525684">
<ele>1475.672</ele>
</trkpt>
<trkpt lat="42.517792" lon="2.52538">
<ele>1477.675</ele>
</trkpt>
<trkpt lat="42.517861" lon="2.525018">
<ele>1479.216</ele>
</trkpt>
<trkpt lat="42.517948" lon="2.524705">
<ele>1478.268</ele>
</trkpt>
<trkpt lat="42.518008" lon="2.524507">
<ele>1477.43</ele>
</trkpt>
<trkpt lat="42.518019" lon="2.524321">
<ele>1476.262</ele>
</trkpt>
<trkpt lat="42.51797" lon="2.52384">
<ele>1486.554</ele>
</trkpt>
<trkpt lat="42.517977" lon="2.523368">
<ele>1492.415</ele>
</trkpt>
<trkpt lat="42.517971" lon="2.523064">
<ele>1496.636</ele>
</trkpt>
<trkpt lat="42.517923" lon="2.522626">
<ele>1505.24</ele>
</trkpt>
<trkpt lat="42.517905" lon="2.522567">
<ele>1507.076</ele>
</trkpt>
<trkpt lat="42.517873" lon="2.522567">
<ele>1509.1</ele>
</trkpt>
<trkpt lat="42.517798" lon="2.522668">
<ele>1512.767</ele>
</trkpt>
<trkpt lat="42.517616" lon="2.52314">
<ele>1520.287</ele>
</trkpt>
<trkpt lat="42.517459" lon="2.523687">
<ele>1521.892</ele>
</trkpt>
<trkpt lat="42.517321" lon="2.524176">
<ele>1523.414</ele>
</trkpt>
<trkpt lat="42.517183" lon="2.524638">
<ele>1526.488</ele>
</trkpt>
<trkpt lat="42.517064" lon="2.524882">
<ele>1528.568</ele>
</trkpt>
<trkpt lat="42.516964" lon="2.525025">
<ele>1531.678</ele>
</trkpt>
<trkpt lat="42.516927" lon="2.525033">
<ele>1533.744</ele>
</trkpt>
<trkpt lat="42.516915" lon="2.524907">
<ele>1538.125</ele>
</trkpt>
<trkpt lat="42.516944" lon="2.524479">
<ele>1544.659</ele>
</trkpt>
<trkpt lat="42.516973" lon="2.524051">
<ele>1549.523</ele>
</trkpt>
<trkpt lat="42.517001" lon="2.523623">
<ele>1552.103</ele>
</trkpt>
<trkpt lat="42.517024" lon="2.523277">
<ele>1556.331</ele>
</trkpt>
<trkpt lat="42.517046" lon="2.522932">
<ele>1560.503</ele>
</trkpt>
<trkpt lat="42.51706" lon="2.522401">
<ele>1567.358</ele>
</trkpt>
<trkpt lat="42.517048" lon="2.52187">
<ele>1575.192</ele>
</trkpt>
<trkpt lat="42.517012" lon="2.521415">
<ele>1580.764</ele>
</trkpt>
<trkpt lat="42.516944" lon="2.520975">
<ele>1587.669</ele>
</trkpt>
<trkpt lat="42.516845" lon="2.520546">
<ele>1594.761</ele>
</trkpt>
<trkpt lat="42.516689" lon="2.520208">
<ele>1601.863</ele>
</trkpt>
<trkpt lat="42.516527" lon="2.519964">
<ele>1602.918</ele>
</trkpt>
<trkpt lat="42.516229" lon="2.519685">
<ele>1609.107</ele>
</trkpt>
<trkpt lat="42.515999" lon="2.519524">
<ele>1613.094</ele>
</trkpt>
<trkpt lat="42.515799" lon="2.519294">
<ele>1613.801</ele>
</trkpt>
<trkpt lat="42.515662" lon="2.519126">
<ele>1616.17</ele>
</trkpt>
<trkpt lat="42.515606" lon="2.519025">
<ele>1616.294</ele>
</trkpt>
<trkpt lat="42.515594" lon="2.518814">
<ele>1611.424</ele>
</trkpt>
<trkpt lat="42.515607" lon="2.51862">
<ele>1614.606</ele>
</trkpt>
<trkpt lat="42.515633" lon="2.518072">
<ele>1627.706</ele>
</trkpt>
<trkpt lat="42.515627" lon="2.517743">
<ele>1633.305</ele>
</trkpt>
<trkpt lat="42.515602" lon="2.517533">
<ele>1637.449</ele>
</trkpt>
<trkpt lat="42.515547" lon="2.517339">
<ele>1641.71</ele>
</trkpt>
<trkpt lat="42.515448" lon="2.51717">
<ele>1643.093</ele>
</trkpt>
<trkpt lat="42.51536" lon="2.517036">
<ele>1642.506</ele>
</trkpt>
<trkpt lat="42.515193" lon="2.51682">
<ele>1642.268</ele>
</trkpt>
<trkpt lat="42.515027" lon="2.516604">
<ele>1640.807</ele>
</trkpt>
<trkpt lat="42.51486" lon="2.516531">
<ele>1646.547</ele>
</trkpt>
<trkpt lat="42.514793" lon="2.516428">
<ele>1645.968</ele>
</trkpt>
<trkpt lat="42.514767" lon="2.516311">
<ele>1642.746</ele>
</trkpt>
<trkpt lat="42.514759" lon="2.516162">
<ele>1637.465</ele>
</trkpt>
<trkpt lat="42.514725" lon="2.516035">
<ele>1637.792</ele>
</trkpt>
<trkpt lat="42.514665" lon="2.515976">
<ele>1642.643</ele>
</trkpt>
<trkpt lat="42.514563" lon="2.515906">
<ele>1650.909</ele>
</trkpt>
<trkpt lat="42.514528" lon="2.515848">
<ele>1653.818</ele>
</trkpt>
<trkpt lat="42.514537" lon="2.515732">
<ele>1653.914</ele>
</trkpt>
<trkpt lat="42.514563" lon="2.51556">
<ele>1654.072</ele>
</trkpt>
<trkpt lat="42.51458" lon="2.515433">
<ele>1652.417</ele>
</trkpt>
<trkpt lat="42.514503" lon="2.515293">
<ele>1652.394</ele>
</trkpt>
<trkpt lat="42.51441" lon="2.515235">
<ele>1652.11</ele>
</trkpt>
<trkpt lat="42.514282" lon="2.515223">
<ele>1656.083</ele>
</trkpt>
<trkpt lat="42.514119" lon="2.515212">
<ele>1662.59</ele>
</trkpt>
<trkpt lat="42.514025" lon="2.515119">
<ele>1662.507</ele>
</trkpt>
<trkpt lat="42.513872" lon="2.514946">
<ele>1664.284</ele>
</trkpt>
<trkpt lat="42.513804" lon="2.514783">
<ele>1663.655</ele>
</trkpt>
<trkpt lat="42.513822" lon="2.514611">
<ele>1656.048</ele>
</trkpt>
<trkpt lat="42.513966" lon="2.514448">
<ele>1648.842</ele>
</trkpt>
<trkpt lat="42.514172" lon="2.514333">
<ele>1652.105</ele>
</trkpt>
<trkpt lat="42.514324" lon="2.514206">
<ele>1651.827</ele>
</trkpt>
<trkpt lat="42.514462" lon="2.514088">
<ele>1650.21</ele>
</trkpt>
<trkpt lat="42.514649" lon="2.513819">
<ele>1650.306</ele>
</trkpt>
<trkpt lat="42.514736" lon="2.513717">
<ele>1651.722</ele>
</trkpt>
<trkpt lat="42.514836" lon="2.513651">
<ele>1653.283</ele>
</trkpt>
<trkpt lat="42.514973" lon="2.513634">
<ele>1651.3</ele>
</trkpt>
<trkpt lat="42.515185" lon="2.513567">
<ele>1648.979</ele>
</trkpt>
<trkpt lat="42.51541" lon="2.513367">
<ele>1649.766</ele>
</trkpt>
<trkpt lat="42.515635" lon="2.513097">
<ele>1653.559</ele>
</trkpt>
<trkpt lat="42.515747" lon="2.513064">
<ele>1651.321</ele>
</trkpt>
<trkpt lat="42.515978" lon="2.513098">
<ele>1648.563</ele>
</trkpt>
<trkpt lat="42.516209" lon="2.513131">
<ele>1646.789</ele>
</trkpt>
<trkpt lat="42.516546" lon="2.513101">
<ele>1650.895</ele>
</trkpt>
<trkpt lat="42.516708" lon="2.512999">
<ele>1654.699</ele>
</trkpt>
<trkpt lat="42.516832" lon="2.51283">
<ele>1657.415</ele>
</trkpt>
<trkpt lat="42.516945" lon="2.512561">
<ele>1657.789</ele>
</trkpt>
<trkpt lat="42.516996" lon="2.512241">
<ele>1661.693</ele>
</trkpt>
<trkpt lat="42.517071" lon="2.512022">
<ele>1661.95</ele>
</trkpt>
<trkpt lat="42.517365" lon="2.511723">
<ele>1651.806</ele>
</trkpt>
<trkpt lat="42.517395" lon="2.511651">
<ele>1651.885</ele>
</trkpt>
<trkpt lat="42.517404" lon="2.511576">
<ele>1652.852</ele>
</trkpt>
<trkpt lat="42.517405" lon="2.511482">
<ele>1654.05</ele>
</trkpt>
<trkpt lat="42.517404" lon="2.511368">
<ele>1654.467</ele>
</trkpt>
<trkpt lat="42.517402" lon="2.511153">
<ele>1654.144</ele>
</trkpt>
<trkpt lat="42.517401" lon="2.511058">
<ele>1654.024</ele>
</trkpt>
<trkpt lat="42.517401" lon="2.51094">
<ele>1653.781</ele>
</trkpt>
<trkpt lat="42.517401" lon="2.510843">
<ele>1653.751</ele>
</trkpt>
<trkpt lat="42.5174" lon="2.510684">
<ele>1654.052</ele>
</trkpt>
<trkpt lat="42.517401" lon="2.51057">
<ele>1653.988</ele>
</trkpt>
<trkpt lat="42.517405" lon="2.510475">
<ele>1653.502</ele>
</trkpt>
<trkpt lat="42.517413" lon="2.510371">
<ele>1652.617</ele>
</trkpt>
<trkpt lat="42.517429" lon="2.51027">
<ele>1651.18</ele>
</trkpt>
<trkpt lat="42.517433" lon="2.510194">
<ele>1650.839</ele>
</trkpt>
<trkpt lat="42.517424" lon="2.510121">
<ele>1651.481</ele>
</trkpt>
<trkpt lat="42.517406" lon="2.510053">
<ele>1652.626</ele>
</trkpt>
<trkpt lat="42.517385" lon="2.509982">
<ele>1653.481</ele>
</trkpt>
<trkpt lat="42.517342" lon="2.509876">
<ele>1653.322</ele>
</trkpt>
<trkpt lat="42.51731" lon="2.509788">
<ele>1652.064</ele>
</trkpt>
<trkpt lat="42.517279" lon="2.509722">
<ele>1652.478</ele>
</trkpt>
<trkpt lat="42.517248" lon="2.509667">
<ele>1654.345</ele>
</trkpt>
<trkpt lat="42.517222" lon="2.509599">
<ele>1656.426</ele>
</trkpt>
<trkpt lat="42.517214" lon="2.509547">
<ele>1657.406</ele>
</trkpt>
<trkpt lat="42.517215" lon="2.509503">
<ele>1658.055</ele>
</trkpt>
<trkpt lat="42.517241" lon="2.50947">
<ele>1657.812</ele>
</trkpt>
<trkpt lat="42.517277" lon="2.509458">
<ele>1656.905</ele>
</trkpt>
<trkpt lat="42.517344" lon="2.509429">
<ele>1655.718</ele>
</trkpt>
<trkpt lat="42.517414" lon="2.509401">
<ele>1654.673</ele>
</trkpt>
<trkpt lat="42.517475" lon="2.509383">
<ele>1653.68</ele>
</trkpt>
<trkpt lat="42.517552" lon="2.509367">
<ele>1652.572</ele>
</trkpt>
<trkpt lat="42.517635" lon="2.509345">
<ele>1652.329</ele>
</trkpt>
<trkpt lat="42.517711" lon="2.509321">
<ele>1652.72</ele>
</trkpt>
<trkpt lat="42.517794" lon="2.509299">
<ele>1652.962</ele>
</trkpt>
<trkpt lat="42.517845" lon="2.509285">
<ele>1653.221</ele>
</trkpt>
<trkpt lat="42.517902" lon="2.509268">
<ele>1653.488</ele>
</trkpt>
<trkpt lat="42.517974" lon="2.50924">
<ele>1653.762</ele>
</trkpt>
<trkpt lat="42.518037" lon="2.509212">
<ele>1653.307</ele>
</trkpt>
<trkpt lat="42.518089" lon="2.509172">
<ele>1653.371</ele>
</trkpt>
<trkpt lat="42.518145" lon="2.509144">
<ele>1652.475</ele>
</trkpt>
<trkpt lat="42.518203" lon="2.509114">
<ele>1652.143</ele>
</trkpt>
<trkpt lat="42.518263" lon="2.509088">
<ele>1652.163</ele>
</trkpt>
<trkpt lat="42.51832" lon="2.509073">
<ele>1652.06</ele>
</trkpt>
<trkpt lat="42.518395" lon="2.509064">
<ele>1652.021</ele>
</trkpt>
<trkpt lat="42.518474" lon="2.509081">
<ele>1651.732</ele>
</trkpt>
<trkpt lat="42.518526" lon="2.509085">
<ele>1652.672</ele>
</trkpt>
<trkpt lat="42.518587" lon="2.509095">
<ele>1653.563</ele>
</trkpt>
<trkpt lat="42.518658" lon="2.509112">
<ele>1653.527</ele>
</trkpt>
<trkpt lat="42.518705" lon="2.509111">
<ele>1653.833</ele>
</trkpt>
<trkpt lat="42.518758" lon="2.50911">
<ele>1653.964</ele>
</trkpt>
<trkpt lat="42.518813" lon="2.509114">
<ele>1653.532</ele>
</trkpt>
<trkpt lat="42.518849" lon="2.509093">
<ele>1653.796</ele>
</trkpt>
<trkpt lat="42.518889" lon="2.509047">
<ele>1654.286</ele>
</trkpt>
<trkpt lat="42.518937" lon="2.508987">
<ele>1654.226</ele>
</trkpt>
<trkpt lat="42.518983" lon="2.508928">
<ele>1653.503</ele>
</trkpt>
<trkpt lat="42.519025" lon="2.508874">
<ele>1652.385</ele>
</trkpt>
<trkpt lat="42.519066" lon="2.508822">
<ele>1651.006</ele>
</trkpt>
<trkpt lat="42.519089" lon="2.508772">
<ele>1650.534</ele>
</trkpt>
<trkpt lat="42.519097" lon="2.508697">
<ele>1651.374</ele>
</trkpt>
<trkpt lat="42.519096" lon="2.508645">
<ele>1652.375</ele>
</trkpt>
<trkpt lat="42.519103" lon="2.508573">
<ele>1653.203</ele>
</trkpt>
<trkpt lat="42.519119" lon="2.508499">
<ele>1653.337</ele>
</trkpt>
<trkpt lat="42.519129" lon="2.50842">
<ele>1653.674</ele>
</trkpt>
<trkpt lat="42.51913" lon="2.508346">
<ele>1654.256</ele>
</trkpt>
<trkpt lat="42.519146" lon="2.508279">
<ele>1653.626</ele>
</trkpt>
<trkpt lat="42.519177" lon="2.508206">
<ele>1652.123</ele>
</trkpt>
<trkpt lat="42.519202" lon="2.50813">
<ele>1651.4</ele>
</trkpt>
<trkpt lat="42.519221" lon="2.50804">
<ele>1651.586</ele>
</trkpt>
<trkpt lat="42.519236" lon="2.507955">
<ele>1652.086</ele>
</trkpt>
<trkpt lat="42.519254" lon="2.507844">
<ele>1652.86</ele>
</trkpt>
<trkpt lat="42.519293" lon="2.50768">
<ele>1653.316</ele>
</trkpt>
<trkpt lat="42.519309" lon="2.507593">
<ele>1653.879</ele>
</trkpt>
<trkpt lat="42.519341" lon="2.507391">
<ele>1654.533</ele>
</trkpt>
<trkpt lat="42.51936" lon="2.507311">
<ele>1654.017</ele>
</trkpt>
<trkpt lat="42.519374" lon="2.507231">
<ele>1653.83</ele>
</trkpt>
<trkpt lat="42.519396" lon="2.507081">
<ele>1653.534</ele>
</trkpt>
<trkpt lat="42.519405" lon="2.506992">
<ele>1653.489</ele>
</trkpt>
<trkpt lat="42.519411" lon="2.506912">
<ele>1653.639</ele>
</trkpt>
<trkpt lat="42.519427" lon="2.506764">
<ele>1653.884</ele>
</trkpt>
<trkpt lat="42.519439" lon="2.506643">
<ele>1653.916</ele>
</trkpt>
<trkpt lat="42.519442" lon="2.506546">
<ele>1653.957</ele>
</trkpt>
<trkpt lat="42.519441" lon="2.506485">
<ele>1654.057</ele>
</trkpt>
<trkpt lat="42.519436" lon="2.506364">
<ele>1653.806</ele>
</trkpt>
<trkpt lat="42.519431" lon="2.506307">
<ele>1653.442</ele>
</trkpt>
<trkpt lat="42.519416" lon="2.506253">
<ele>1653.5</ele>
</trkpt>
<trkpt lat="42.519405" lon="2.506199">
<ele>1653.074</ele>
</trkpt>
<trkpt lat="42.519401" lon="2.506148">
<ele>1652.089</ele>
</trkpt>
<trkpt lat="42.519384" lon="2.506099">
<ele>1651.944</ele>
</trkpt>
<trkpt lat="42.519361" lon="2.506045">
<ele>1652.021</ele>
</trkpt>
<trkpt lat="42.519326" lon="2.505937">
<ele>1651.132</ele>
</trkpt>
<trkpt lat="42.519164" lon="2.505628">
<ele>1650.249</ele>
</trkpt>
<trkpt lat="42.519003" lon="2.505319">
<ele>1650.464</ele>
</trkpt>
<trkpt lat="42.518831" lon="2.504822">
<ele>1655.337</ele>
</trkpt>
<trkpt lat="42.51866" lon="2.504326">
<ele>1655.291</ele>
</trkpt>
<trkpt lat="42.518626" lon="2.504266">
<ele>1656.629</ele>
</trkpt>
<trkpt lat="42.518618" lon="2.504184">
<ele>1655.764</ele>
</trkpt>
<trkpt lat="42.518603" lon="2.504107">
<ele>1655.488</ele>
</trkpt>
<trkpt lat="42.518582" lon="2.504005">
<ele>1655.09</ele>
</trkpt>
<trkpt lat="42.518559" lon="2.503922">
<ele>1654.895</ele>
</trkpt>
<trkpt lat="42.51853" lon="2.503833">
<ele>1654.655</ele>
</trkpt>
<trkpt lat="42.518507" lon="2.503765">
<ele>1654.475</ele>
</trkpt>
<trkpt lat="42.518486" lon="2.50368">
<ele>1654.085</ele>
</trkpt>
<trkpt lat="42.518475" lon="2.503608">
<ele>1653.685</ele>
</trkpt>
<trkpt lat="42.518466" lon="2.503527">
<ele>1653.549</ele>
</trkpt>
<trkpt lat="42.518476" lon="2.503469">
<ele>1652.609</ele>
</trkpt>
<trkpt lat="42.518483" lon="2.503418">
<ele>1652.001</ele>
</trkpt>
<trkpt lat="42.518472" lon="2.50335">
<ele>1652.431</ele>
</trkpt>
<trkpt lat="42.518454" lon="2.503279">
<ele>1652.799</ele>
</trkpt>
<trkpt lat="42.518455" lon="2.503229">
<ele>1651.787</ele>
</trkpt>
<trkpt lat="42.51845" lon="2.503188">
<ele>1651.162</ele>
</trkpt>
<trkpt lat="42.518416" lon="2.503145">
<ele>1652.258</ele>
</trkpt>
<trkpt lat="42.51839" lon="2.503116">
<ele>1653.213</ele>
</trkpt>
<trkpt lat="42.518359" lon="2.503071">
<ele>1654.128</ele>
</trkpt>
<trkpt lat="42.518339" lon="2.503035">
<ele>1654.597</ele>
</trkpt>
<trkpt lat="42.518323" lon="2.50295">
<ele>1654.0</ele>
</trkpt>
<trkpt lat="42.518311" lon="2.502862">
<ele>1653.562</ele>
</trkpt>
<trkpt lat="42.51827" lon="2.502657">
<ele>1653.983</ele>
</trkpt>
<trkpt lat="42.518263" lon="2.502562">
<ele>1653.256</ele>
</trkpt>
<trkpt lat="42.518257" lon="2.502474">
<ele>1652.482</ele>
</trkpt>
<trkpt lat="42.518238" lon="2.502382">
<ele>1652.265</ele>
</trkpt>
<trkpt lat="42.518209" lon="2.502317">
<ele>1652.793</ele>
</trkpt>
<trkpt lat="42.518169" lon="2.502256">
<ele>1653.789</ele>
</trkpt>
<trkpt lat="42.518137" lon="2.502198">
<ele>1654.256</ele>
</trkpt>
<trkpt lat="42.518127" lon="2.502139">
<ele>1653.382</ele>
</trkpt>
<trkpt lat="42.518103" lon="2.502015">
<ele>1652.022</ele>
</trkpt>
<trkpt lat="42.518047" lon="2.501922">
<ele>1653.475</ele>
</trkpt>
<trkpt lat="42.518003" lon="2.501838">
<ele>1654.223</ele>
</trkpt>
<trkpt lat="42.517929" lon="2.501696">
<ele>1654.732</ele>
</trkpt>
<trkpt lat="42.517856" lon="2.501622">
<ele>1656.248</ele>
</trkpt>
<trkpt lat="42.517822" lon="2.501563">
<ele>1655.916</ele>
</trkpt>
<trkpt lat="42.517791" lon="2.501516">
<ele>1655.62</ele>
</trkpt>
<trkpt lat="42.517756" lon="2.501486">
<ele>1655.95</ele>
</trkpt>
<trkpt lat="42.517706" lon="2.501458">
<ele>1656.857</ele>
</trkpt>
<trkpt lat="42.517657" lon="2.501413">
<ele>1656.805</ele>
</trkpt>
<trkpt lat="42.517603" lon="2.501354">
<ele>1655.895</ele>
</trkpt>
<trkpt lat="42.51754" lon="2.501297">
<ele>1655.076</ele>
</trkpt>
<trkpt lat="42.517485" lon="2.501246">
<ele>1654.544</ele>
</trkpt>
<trkpt lat="42.517443" lon="2.501203">
<ele>1654.433</ele>
</trkpt>
<trkpt lat="42.517389" lon="2.501152">
<ele>1655.106</ele>
</trkpt>
<trkpt lat="42.517334" lon="2.501111">
<ele>1656.367</ele>
</trkpt>
<trkpt lat="42.517278" lon="2.501069">
<ele>1657.714</ele>
</trkpt>
<trkpt lat="42.51725" lon="2.501035">
<ele>1658.304</ele>
</trkpt>
<trkpt lat="42.517261" lon="2.500996">
<ele>1657.501</ele>
</trkpt>
<trkpt lat="42.517283" lon="2.500966">
<ele>1656.55</ele>
</trkpt>
<trkpt lat="42.517327" lon="2.500919">
<ele>1655.209</ele>
</trkpt>
<trkpt lat="42.517358" lon="2.50088">
<ele>1654.61</ele>
</trkpt>
<trkpt lat="42.517404" lon="2.500849">
<ele>1653.599</ele>
</trkpt>
<trkpt lat="42.517433" lon="2.500816">
<ele>1653.083</ele>
</trkpt>
<trkpt lat="42.517434" lon="2.50078">
<ele>1653.73</ele>
</trkpt>
<trkpt lat="42.51742" lon="2.500728">
<ele>1655.478</ele>
</trkpt>
<trkpt lat="42.517419" lon="2.500673">
<ele>1657.057</ele>
</trkpt>
<trkpt lat="42.517438" lon="2.500627">
<ele>1657.747</ele>
</trkpt>
<trkpt lat="42.517487" lon="2.500595">
<ele>1656.85</ele>
</trkpt>
<trkpt lat="42.517534" lon="2.500565">
<ele>1656.07</ele>
</trkpt>
<trkpt lat="42.517653" lon="2.500456">
<ele>1656.54</ele>
</trkpt>
<trkpt lat="42.517716" lon="2.500333">
<ele>1658.763</ele>
</trkpt>
<trkpt lat="42.517736" lon="2.500159">
<ele>1658.005</ele>
</trkpt>
<trkpt lat="42.517698" lon="2.500006">
<ele>1655.541</ele>
</trkpt>
<trkpt lat="42.517645" lon="2.499954">
<ele>1657.88</ele>
</trkpt>
<trkpt lat="42.517513" lon="2.499591">
<ele>1657.391</ele>
</trkpt>
<trkpt lat="42.517492" lon="2.499516">
<ele>1657.601</ele>
</trkpt>
<trkpt lat="42.517469" lon="2.499455">
<ele>1658.37</ele>
</trkpt>
<trkpt lat="42.517449" lon="2.499368">
<ele>1658.438</ele>
</trkpt>
<trkpt lat="42.517444" lon="2.4993">
<ele>1657.537</ele>
</trkpt>
<trkpt lat="42.517442" lon="2.49923">
<ele>1656.389</ele>
</trkpt>
<trkpt lat="42.517439" lon="2.499165">
<ele>1655.347</ele>
</trkpt>
<trkpt lat="42.517417" lon="2.499098">
<ele>1655.428</ele>
</trkpt>
<trkpt lat="42.517384" lon="2.499036">
<ele>1656.025</ele>
</trkpt>
<trkpt lat="42.517356" lon="2.498977">
<ele>1656.036</ele>
</trkpt>
<trkpt lat="42.517319" lon="2.498909">
<ele>1656.233</ele>
</trkpt>
<trkpt lat="42.517283" lon="2.498843">
<ele>1656.607</ele>
</trkpt>
<trkpt lat="42.517249" lon="2.498784">
<ele>1657.344</ele>
</trkpt>
<trkpt lat="42.517227" lon="2.498721">
<ele>1657.389</ele>
</trkpt>
<trkpt lat="42.5172" lon="2.498632">
<ele>1657.535</ele>
</trkpt>
<trkpt lat="42.517176" lon="2.498567">
<ele>1658.094</ele>
</trkpt>
<trkpt lat="42.517168" lon="2.498502">
<ele>1657.459</ele>
</trkpt>
<trkpt lat="42.517155" lon="2.498441">
<ele>1657.195</ele>
</trkpt>
<trkpt lat="42.517139" lon="2.498393">
<ele>1657.362</ele>
</trkpt>
<trkpt lat="42.517112" lon="2.498335">
<ele>1658.064</ele>
</trkpt>
<trkpt lat="42.517084" lon="2.498299">
<ele>1659.222</ele>
</trkpt>
<trkpt lat="42.517042" lon="2.498248">
<ele>1660.903</ele>
</trkpt>
<trkpt lat="42.516995" lon="2.498138">
<ele>1661.294</ele>
</trkpt>
<trkpt lat="42.516971" lon="2.498082">
<ele>1661.395</ele>
</trkpt>
<trkpt lat="42.516954" lon="2.498017">
<ele>1660.694</ele>
</trkpt>
<trkpt lat="42.516942" lon="2.497941">
<ele>1659.331</ele>
</trkpt>
<trkpt lat="42.516935" lon="2.497876">
<ele>1658.017</ele>
</trkpt>
<trkpt lat="42.516946" lon="2.497796">
<ele>1655.254</ele>
</trkpt>
<trkpt lat="42.516951" lon="2.497731">
<ele>1653.431</ele>
</trkpt>
<trkpt lat="42.516944" lon="2.497662">
<ele>1652.406</ele>
</trkpt>
<trkpt lat="42.516928" lon="2.4976">
<ele>1652.13</ele>
</trkpt>
<trkpt lat="42.516904" lon="2.49755">
<ele>1652.544</ele>
</trkpt>
<trkpt lat="42.516868" lon="2.497517">
<ele>1653.951</ele>
</trkpt>
<trkpt lat="42.516764" lon="2.497449">
<ele>1657.64</ele>
</trkpt>
<trkpt lat="42.516685" lon="2.497408">
<ele>1660.709</ele>
</trkpt>
<trkpt lat="42.516641" lon="2.497356">
<ele>1661.402</ele>
</trkpt>
<trkpt lat="42.516617" lon="2.497257">
<ele>1659.99</ele>
</trkpt>
<trkpt lat="42.516633" lon="2.497185">
<ele>1658.22</ele>
</trkpt>
<trkpt lat="42.516651" lon="2.497131">
<ele>1657.494</ele>
</trkpt>
<trkpt lat="42.516672" lon="2.497059">
<ele>1657.472</ele>
</trkpt>
<trkpt lat="42.516678" lon="2.496997">
<ele>1658.271</ele>
</trkpt>
<trkpt lat="42.516681" lon="2.496873">
<ele>1658.115</ele>
</trkpt>
<trkpt lat="42.516669" lon="2.496816">
<ele>1657.946</ele>
</trkpt>
<trkpt lat="42.516641" lon="2.496747">
<ele>1658.166</ele>
</trkpt>
<trkpt lat="42.516612" lon="2.496663">
<ele>1657.877</ele>
</trkpt>
<trkpt lat="42.516587" lon="2.496587">
<ele>1657.677</ele>
</trkpt>
<trkpt lat="42.516559" lon="2.496509">
<ele>1657.555</ele>
</trkpt>
<trkpt lat="42.516528" lon="2.496431">
<ele>1657.556</ele>
</trkpt>
<trkpt lat="42.516494" lon="2.496366">
<ele>1658.062</ele>
</trkpt>
<trkpt lat="42.516459" lon="2.496315">
<ele>1658.974</ele>
</trkpt>
<trkpt lat="42.516424" lon="2.496277">
<ele>1660.17</ele>
</trkpt>
<trkpt lat="42.51638" lon="2.496234">
<ele>1661.685</ele>
</trkpt>
<trkpt lat="42.516333" lon="2.496116">
<ele>1660.773</ele>
</trkpt>
<trkpt lat="42.516272" lon="2.495933">
<ele>1657.985</ele>
</trkpt>
<trkpt lat="42.516174" lon="2.495841">
<ele>1659.84</ele>
</trkpt>
<trkpt lat="42.51613" lon="2.495709">
<ele>1657.805</ele>
</trkpt>
<trkpt lat="42.5161" lon="2.495668">
<ele>1657.861</ele>
</trkpt>
<trkpt lat="42.516043" lon="2.495614">
<ele>1658.319</ele>
</trkpt>
<trkpt lat="42.516016" lon="2.495579">
<ele>1658.045</ele>
</trkpt>
<trkpt lat="42.515998" lon="2.495546">
<ele>1657.488</ele>
</trkpt>
<trkpt lat="42.515966" lon="2.495496">
<ele>1656.888</ele>
</trkpt>
<trkpt lat="42.515938" lon="2.495447">
<ele>1656.491</ele>
</trkpt>
<trkpt lat="42.51593" lon="2.495389">
<ele>1655.914</ele>
</trkpt>
<trkpt lat="42.515938" lon="2.495352">
<ele>1655.584</ele>
</trkpt>
<trkpt lat="42.51595" lon="2.495316">
<ele>1655.384</ele>
</trkpt>
<trkpt lat="42.515969" lon="2.495149">
<ele>1656.793</ele>
</trkpt>
<trkpt lat="42.515969" lon="2.495079">
<ele>1657.211</ele>
</trkpt>
<trkpt lat="42.515952" lon="2.495008">
<ele>1657.994</ele>
</trkpt>
<trkpt lat="42.515946" lon="2.494946">
<ele>1658.252</ele>
</trkpt>
<trkpt lat="42.515955" lon="2.494895">
<ele>1657.977</ele>
</trkpt>
<trkpt lat="42.515958" lon="2.494883">
<ele>1657.892</ele>
</trkpt>
<trkpt lat="42.515968" lon="2.494832">
<ele>1657.683</ele>
</trkpt>
<trkpt lat="42.515966" lon="2.494777">
<ele>1657.987</ele>
</trkpt>
<trkpt lat="42.515962" lon="2.494712">
<ele>1658.465</ele>
</trkpt>
<trkpt lat="42.515982" lon="2.494634">
<ele>1658.4</ele>
</trkpt>
<trkpt lat="42.516014" lon="2.494563">
<ele>1658.097</ele>
</trkpt>
<trkpt lat="42.51604" lon="2.49449">
<ele>1658.065</ele>
</trkpt>
<trkpt lat="42.516073" lon="2.494406">
<ele>1657.883</ele>
</trkpt>
<trkpt lat="42.516108" lon="2.494335">
<ele>1657.469</ele>
</trkpt>
<trkpt lat="42.516132" lon="2.494256">
<ele>1657.581</ele>
</trkpt>
<trkpt lat="42.516145" lon="2.494179">
<ele>1658.336</ele>
</trkpt>
<trkpt lat="42.516171" lon="2.494127">
<ele>1658.747</ele>
</trkpt>
<trkpt lat="42.516216" lon="2.494098">
<ele>1658.12</ele>
</trkpt>
<trkpt lat="42.516249" lon="2.494047">
<ele>1658.335</ele>
</trkpt>
<trkpt lat="42.516277" lon="2.493979">
<ele>1658.784</ele>
</trkpt>
<trkpt lat="42.516302" lon="2.493914">
<ele>1658.654</ele>
</trkpt>
<trkpt lat="42.516303" lon="2.493848">
<ele>1658.679</ele>
</trkpt>
<trkpt lat="42.516276" lon="2.493804">
<ele>1659.178</ele>
</trkpt>
<trkpt lat="42.516235" lon="2.493781">
<ele>1660.201</ele>
</trkpt>
<trkpt lat="42.516179" lon="2.493756">
<ele>1661.487</ele>
</trkpt>
<trkpt lat="42.51615" lon="2.49371">
<ele>1661.231</ele>
</trkpt>
<trkpt lat="42.516171" lon="2.493598">
<ele>1659.24</ele>
</trkpt>
<trkpt lat="42.516181" lon="2.493576">
<ele>1659.159</ele>
</trkpt>
<trkpt lat="42.516198" lon="2.493561">
<ele>1658.923</ele>
</trkpt>
<trkpt lat="42.516224" lon="2.493556">
<ele>1658.319</ele>
</trkpt>
<trkpt lat="42.516261" lon="2.493547">
<ele>1657.576</ele>
</trkpt>
<trkpt lat="42.516289" lon="2.493542">
<ele>1657.07</ele>
</trkpt>
<trkpt lat="42.516333" lon="2.49353">
<ele>1656.608</ele>
</trkpt>
<trkpt lat="42.516359" lon="2.493507">
<ele>1656.986</ele>
</trkpt>
<trkpt lat="42.516354" lon="2.493463">
<ele>1658.45</ele>
</trkpt>
<trkpt lat="42.516348" lon="2.493415">
<ele>1660.23</ele>
</trkpt>
<trkpt lat="42.51636" lon="2.49339">
<ele>1661.008</ele>
</trkpt>
<trkpt lat="42.516388" lon="2.493391">
<ele>1660.757</ele>
</trkpt>
<trkpt lat="42.516437" lon="2.493412">
<ele>1659.873</ele>
</trkpt>
<trkpt lat="42.516504" lon="2.493451">
<ele>1658.429</ele>
</trkpt>
<trkpt lat="42.516554" lon="2.493465">
<ele>1657.495</ele>
</trkpt>
<trkpt lat="42.516595" lon="2.493468">
<ele>1656.659</ele>
</trkpt>
<trkpt lat="42.51662" lon="2.493453">
<ele>1656.565</ele>
</trkpt>
<trkpt lat="42.516648" lon="2.493407">
<ele>1657.242</ele>
</trkpt>
<trkpt lat="42.516679" lon="2.493363">
<ele>1657.601</ele>
</trkpt>
<trkpt lat="42.516708" lon="2.493286">
<ele>1658.316</ele>
</trkpt>
<trkpt lat="42.516716" lon="2.493219">
<ele>1658.618</ele>
</trkpt>
<trkpt lat="42.516716" lon="2.493155">
<ele>1658.519</ele>
</trkpt>
<trkpt lat="42.516715" lon="2.493078">
<ele>1658.114</ele>
</trkpt>
<trkpt lat="42.516714" lon="2.492981">
<ele>1657.948</ele>
</trkpt>
<trkpt lat="42.516714" lon="2.492904">
<ele>1658.417</ele>
</trkpt>
<trkpt lat="42.516719" lon="2.492837">
<ele>1658.905</ele>
</trkpt>
<trkpt lat="42.516727" lon="2.492773">
<ele>1659.368</ele>
</trkpt>
<trkpt lat="42.516752" lon="2.492721">
<ele>1659.238</ele>
</trkpt>
<trkpt lat="42.516771" lon="2.492638">
<ele>1659.657</ele>
</trkpt>
<trkpt lat="42.516783" lon="2.492573">
<ele>1660.248</ele>
</trkpt>
<trkpt lat="42.516816" lon="2.492538">
<ele>1659.858</ele>
</trkpt>
<trkpt lat="42.516848" lon="2.492499">
<ele>1659.609</ele>
</trkpt>
<trkpt lat="42.516865" lon="2.492443">
<ele>1660.162</ele>
</trkpt>
<trkpt lat="42.516893" lon="2.492397">
<ele>1660.225</ele>
</trkpt>
<trkpt lat="42.516934" lon="2.492339">
<ele>1660.112</ele>
</trkpt>
<trkpt lat="42.516987" lon="2.492276">
<ele>1659.873</ele>
</trkpt>
<trkpt lat="42.517032" lon="2.492237">
<ele>1659.819</ele>
</trkpt>
<trkpt lat="42.517061" lon="2.492204">
<ele>1660.132</ele>
</trkpt>
<trkpt lat="42.51709" lon="2.492149">
<ele>1661.167</ele>
</trkpt>
<trkpt lat="42.517435" lon="2.492282">
<ele>1661.091</ele>
</trkpt>
<trkpt lat="42.51778" lon="2.492416">
<ele>1660.168</ele>
</trkpt>
<trkpt lat="42.518126" lon="2.492549">
<ele>1658.852</ele>
</trkpt>
<trkpt lat="42.51819" lon="2.492539">
<ele>1658.87</ele>
</trkpt>
<trkpt lat="42.518225" lon="2.492491">
<ele>1659.472</ele>
</trkpt>
<trkpt lat="42.518232" lon="2.492288">
<ele>1661.94</ele>
</trkpt>
<trkpt lat="42.518237" lon="2.491962">
<ele>1662.451</ele>
</trkpt>
<trkpt lat="42.518241" lon="2.491635">
<ele>1661.733</ele>
</trkpt>
<trkpt lat="42.518227" lon="2.4915">
<ele>1662.137</ele>
</trkpt>
<trkpt lat="42.518177" lon="2.491354">
<ele>1666.601</ele>
</trkpt>
<trkpt lat="42.518156" lon="2.49122">
<ele>1669.745</ele>
</trkpt>
<trkpt lat="42.518192" lon="2.490835">
<ele>1669.075</ele>
</trkpt>
<trkpt lat="42.518192" lon="2.490728">
<ele>1669.108</ele>
</trkpt>
<trkpt lat="42.518157" lon="2.49018">
<ele>1670.335</ele>
</trkpt>
<trkpt lat="42.518165" lon="2.489986">
<ele>1668.111</ele>
</trkpt>
<trkpt lat="42.518194" lon="2.489881">
<ele>1665.876</ele>
</trkpt>
<trkpt lat="42.518279" lon="2.489796">
<ele>1663.179</ele>
</trkpt>
<trkpt lat="42.518336" lon="2.489717">
<ele>1663.959</ele>
</trkpt>
<trkpt lat="42.518364" lon="2.489632">
<ele>1665.216</ele>
</trkpt>
<trkpt lat="42.518344" lon="2.489333">
<ele>1669.763</ele>
</trkpt>
<trkpt lat="42.518356" lon="2.489206">
<ele>1668.98</ele>
</trkpt>
<trkpt lat="42.518372" lon="2.489162">
<ele>1667.501</ele>
</trkpt>
<trkpt lat="42.518393" lon="2.489125">
<ele>1665.502</ele>
</trkpt>
<trkpt lat="42.518425" lon="2.489057">
<ele>1662.292</ele>
</trkpt>
<trkpt lat="42.518439" lon="2.489001">
<ele>1660.699</ele>
</trkpt>
<trkpt lat="42.518439" lon="2.488929">
<ele>1660.143</ele>
</trkpt>
<trkpt lat="42.518435" lon="2.488837">
<ele>1659.614</ele>
</trkpt>
<trkpt lat="42.518407" lon="2.488747">
<ele>1660.671</ele>
</trkpt>
<trkpt lat="42.518364" lon="2.488716">
<ele>1663.502</ele>
</trkpt>
<trkpt lat="42.518313" lon="2.488654">
<ele>1665.427</ele>
</trkpt>
<trkpt lat="42.518287" lon="2.488583">
<ele>1664.451</ele>
</trkpt>
<trkpt lat="42.51826" lon="2.4885">
<ele>1662.863</ele>
</trkpt>
<trkpt lat="42.518224" lon="2.488446">
<ele>1663.187</ele>
</trkpt>
<trkpt lat="42.518174" lon="2.488394">
<ele>1664.684</ele>
</trkpt>
<trkpt lat="42.518131" lon="2.488351">
<ele>1665.905</ele>
</trkpt>
<trkpt lat="42.518084" lon="2.488287">
<ele>1666.492</ele>
</trkpt>
<trkpt lat="42.518067" lon="2.488191">
<ele>1664.802</ele>
</trkpt>
<trkpt lat="42.518059" lon="2.488076">
<ele>1664.363</ele>
</trkpt>
<trkpt lat="42.518064" lon="2.488">
<ele>1665.326</ele>
</trkpt>
<trkpt lat="42.518091" lon="2.487956">
<ele>1665.395</ele>
</trkpt>
<trkpt lat="42.518128" lon="2.487915">
<ele>1665.284</ele>
</trkpt>
<trkpt lat="42.518163" lon="2.487856">
<ele>1666.164</ele>
</trkpt>
<trkpt lat="42.518212" lon="2.487781">
<ele>1667.152</ele>
</trkpt>
<trkpt lat="42.51825" lon="2.487725">
<ele>1667.928</ele>
</trkpt>
<trkpt lat="42.518295" lon="2.487697">
<ele>1667.509</ele>
</trkpt>
<trkpt lat="42.518341" lon="2.487673">
<ele>1667.228</ele>
</trkpt>
<trkpt lat="42.518364" lon="2.487673">
<ele>1666.731</ele>
</trkpt>
<trkpt lat="42.518421" lon="2.487643">
<ele>1667.319</ele>
</trkpt>
<trkpt lat="42.518484" lon="2.487619">
<ele>1667.792</ele>
</trkpt>
<trkpt lat="42.518541" lon="2.487596">
<ele>1667.681</ele>
</trkpt>
<trkpt lat="42.518623" lon="2.487568">
<ele>1665.214</ele>
</trkpt>
<trkpt lat="42.518642" lon="2.487552">
<ele>1664.625</ele>
</trkpt>
<trkpt lat="42.518653" lon="2.487508">
<ele>1665.001</ele>
</trkpt>
<trkpt lat="42.518652" lon="2.487454">
<ele>1665.747</ele>
</trkpt>
<trkpt lat="42.51865" lon="2.487401">
<ele>1665.778</ele>
</trkpt>
<trkpt lat="42.518641" lon="2.487347">
<ele>1665.893</ele>
</trkpt>
<trkpt lat="42.518628" lon="2.48731">
<ele>1666.435</ele>
</trkpt>
<trkpt lat="42.51859" lon="2.487305">
<ele>1669.328</ele>
</trkpt>
<trkpt lat="42.518584" lon="2.487291">
<ele>1669.664</ele>
</trkpt>
<trkpt lat="42.518584" lon="2.48726">
<ele>1669.492</ele>
</trkpt>
<trkpt lat="42.518591" lon="2.487219">
<ele>1668.97</ele>
</trkpt>
<trkpt lat="42.518609" lon="2.487187">
<ele>1667.749</ele>
</trkpt>
<trkpt lat="42.518638" lon="2.487153">
<ele>1665.704</ele>
</trkpt>
<trkpt lat="42.518675" lon="2.487109">
<ele>1662.885</ele>
</trkpt>
<trkpt lat="42.518695" lon="2.487048">
<ele>1661.685</ele>
</trkpt>
<trkpt lat="42.518694" lon="2.486995">
<ele>1662.695</ele>
</trkpt>
<trkpt lat="42.518679" lon="2.48694">
<ele>1665.916</ele>
</trkpt>
<trkpt lat="42.518659" lon="2.486892">
<ele>1669.974</ele>
</trkpt>
<trkpt lat="42.518654" lon="2.486854">
<ele>1671.448</ele>
</trkpt>
<trkpt lat="42.518677" lon="2.486803">
<ele>1669.843</ele>
</trkpt>
<trkpt lat="42.518699" lon="2.486776">
<ele>1668.985</ele>
</trkpt>
<trkpt lat="42.518737" lon="2.486762">
<ele>1667.818</ele>
</trkpt>
<trkpt lat="42.518774" lon="2.48677">
<ele>1666.44</ele>
</trkpt>
<trkpt lat="42.518807" lon="2.486797">
<ele>1664.618</ele>
</trkpt>
<trkpt lat="42.518845" lon="2.486834">
<ele>1663.226</ele>
</trkpt>
<trkpt lat="42.518895" lon="2.48686">
<ele>1664.449</ele>
</trkpt>
<trkpt lat="42.518965" lon="2.486863">
<ele>1668.568</ele>
</trkpt>
<trkpt lat="42.519004" lon="2.486875">
<ele>1668.917</ele>
</trkpt>
<trkpt lat="42.519043" lon="2.4869">
<ele>1667.943</ele>
</trkpt>
<trkpt lat="42.519091" lon="2.486944">
<ele>1666.651</ele>
</trkpt>
<trkpt lat="42.519136" lon="2.486986">
<ele>1666.895</ele>
</trkpt>
<trkpt lat="42.519172" lon="2.486999">
<ele>1668.139</ele>
</trkpt>
<trkpt lat="42.519198" lon="2.486987">
<ele>1669.018</ele>
</trkpt>
<trkpt lat="42.51921" lon="2.486952">
<ele>1669.402</ele>
</trkpt>
<trkpt lat="42.519223" lon="2.486893">
<ele>1669.994</ele>
</trkpt>
<trkpt lat="42.519239" lon="2.486791">
<ele>1671.269</ele>
</trkpt>
<trkpt lat="42.519242" lon="2.486703">
<ele>1671.999</ele>
</trkpt>
<trkpt lat="42.519246" lon="2.486643">
<ele>1672.725</ele>
</trkpt>
<trkpt lat="42.519267" lon="2.486603">
<ele>1673.806</ele>
</trkpt>
<trkpt lat="42.519287" lon="2.486594">
<ele>1674.642</ele>
</trkpt>
<trkpt lat="42.519304" lon="2.486597">
<ele>1675.28</ele>
</trkpt>
<trkpt lat="42.519332" lon="2.486611">
<ele>1676.349</ele>
</trkpt>
<trkpt lat="42.519364" lon="2.48664">
<ele>1677.473</ele>
</trkpt>
<trkpt lat="42.51939" lon="2.486685">
<ele>1677.918</ele>
</trkpt>
<trkpt lat="42.519401" lon="2.48676">
<ele>1676.666</ele>
</trkpt>
<trkpt lat="42.519406" lon="2.48684">
<ele>1674.359</ele>
</trkpt>
<trkpt lat="42.519429" lon="2.486902">
<ele>1672.219</ele>
</trkpt>
<trkpt lat="42.51947" lon="2.486953">
<ele>1670.667</ele>
</trkpt>
<trkpt lat="42.519509" lon="2.486997">
<ele>1669.995</ele>
</trkpt>
<trkpt lat="42.519554" lon="2.487043">
<ele>1670.797</ele>
</trkpt>
<trkpt lat="42.519612" lon="2.487097">
<ele>1673.815</ele>
</trkpt>
<trkpt lat="42.519642" lon="2.487161">
<ele>1673.716</ele>
</trkpt>
<trkpt lat="42.519671" lon="2.487211">
<ele>1673.763</ele>
</trkpt>
<trkpt lat="42.519728" lon="2.487275">
<ele>1674.478</ele>
</trkpt>
<trkpt lat="42.519774" lon="2.487328">
<ele>1674.735</ele>
</trkpt>
<trkpt lat="42.519817" lon="2.487394">
<ele>1674.409</ele>
</trkpt>
<trkpt lat="42.51985" lon="2.487467">
<ele>1673.633</ele>
</trkpt>
<trkpt lat="42.51989" lon="2.487556">
<ele>1673.476</ele>
</trkpt>
<trkpt lat="42.519933" lon="2.487644">
<ele>1674.025</ele>
</trkpt>
<trkpt lat="42.519971" lon="2.487722">
<ele>1674.361</ele>
</trkpt>
<trkpt lat="42.520022" lon="2.487824">
<ele>1673.894</ele>
</trkpt>
<trkpt lat="42.520061" lon="2.487876">
<ele>1673.816</ele>
</trkpt>
<trkpt lat="42.520105" lon="2.487919">
<ele>1673.88</ele>
</trkpt>
<trkpt lat="42.52017" lon="2.48797">
<ele>1674.192</ele>
</trkpt>
<trkpt lat="42.520234" lon="2.488014">
<ele>1674.594</ele>
</trkpt>
<trkpt lat="42.520295" lon="2.488058">
<ele>1674.374</ele>
</trkpt>
<trkpt lat="42.520365" lon="2.488094">
<ele>1673.709</ele>
</trkpt>
<trkpt lat="42.520434" lon="2.488112">
<ele>1672.49</ele>
</trkpt>
<trkpt lat="42.520488" lon="2.488114">
<ele>1671.529</ele>
</trkpt>
<trkpt lat="42.520526" lon="2.488109">
<ele>1671.095</ele>
</trkpt>
<trkpt lat="42.520593" lon="2.48808">
<ele>1671.599</ele>
</trkpt>
<trkpt lat="42.520628" lon="2.488041">
<ele>1673.034</ele>
</trkpt>
<trkpt lat="42.520665" lon="2.487984">
<ele>1675.287</ele>
</trkpt>
<trkpt lat="42.52072" lon="2.487953">
<ele>1675.454</ele>
</trkpt>
<trkpt lat="42.52079" lon="2.487951">
<ele>1674.135</ele>
</trkpt>
<trkpt lat="42.520855" lon="2.487947">
<ele>1674.066</ele>
</trkpt>
<trkpt lat="42.520906" lon="2.487938">
<ele>1674.869</ele>
</trkpt>
<trkpt lat="42.520993" lon="2.487936">
<ele>1676.356</ele>
</trkpt>
<trkpt lat="42.521048" lon="2.487942">
<ele>1677.627</ele>
</trkpt>
<trkpt lat="42.521065" lon="2.487974">
<ele>1676.534</ele>
</trkpt>
<trkpt lat="42.521069" lon="2.488021">
<ele>1674.533</ele>
</trkpt>
<trkpt lat="42.521067" lon="2.48806">
<ele>1672.911</ele>
</trkpt>
<trkpt lat="42.521067" lon="2.488137">
<ele>1671.311</ele>
</trkpt>
<trkpt lat="42.521076" lon="2.488191">
<ele>1671.999</ele>
</trkpt>
<trkpt lat="42.521075" lon="2.488262">
<ele>1672.303</ele>
</trkpt>
<trkpt lat="42.521079" lon="2.488334">
<ele>1672.991</ele>
</trkpt>
<trkpt lat="42.521089" lon="2.488411">
<ele>1673.295</ele>
</trkpt>
<trkpt lat="42.521093" lon="2.488477">
<ele>1672.632</ele>
</trkpt>
<trkpt lat="42.521095" lon="2.488524">
<ele>1671.859</ele>
</trkpt>
<trkpt lat="42.521112" lon="2.48857">
<ele>1671.684</ele>
</trkpt>
<trkpt lat="42.521143" lon="2.488603">
<ele>1671.93</ele>
</trkpt>
<trkpt lat="42.521192" lon="2.488633">
<ele>1672.258</ele>
</trkpt>
<trkpt lat="42.521252" lon="2.488652">
<ele>1673.32</ele>
</trkpt>
<trkpt lat="42.521343" lon="2.488682">
<ele>1675.289</ele>
</trkpt>
<trkpt lat="42.521389" lon="2.488715">
<ele>1675.802</ele>
</trkpt>
<trkpt lat="42.521421" lon="2.48876">
<ele>1675.612</ele>
</trkpt>
<trkpt lat="42.521444" lon="2.488814">
<ele>1674.953</ele>
</trkpt>
<trkpt lat="42.521462" lon="2.488871">
<ele>1674.0</ele>
</trkpt>
<trkpt lat="42.52149" lon="2.488924">
<ele>1673.497</ele>
</trkpt>
<trkpt lat="42.521537" lon="2.488966">
<ele>1673.711</ele>
</trkpt>
<trkpt lat="42.521589" lon="2.488997">
<ele>1674.023</ele>
</trkpt>
<trkpt lat="42.521652" lon="2.489033">
<ele>1674.47</ele>
</trkpt>
<trkpt lat="42.521705" lon="2.489073">
<ele>1675.127</ele>
</trkpt>
<trkpt lat="42.521731" lon="2.489117">
<ele>1674.824</ele>
</trkpt>
<trkpt lat="42.52174" lon="2.489181">
<ele>1672.934</ele>
</trkpt>
<trkpt lat="42.521752" lon="2.489243">
<ele>1671.397</ele>
</trkpt>
<trkpt lat="42.521773" lon="2.489303">
<ele>1670.523</ele>
</trkpt>
<trkpt lat="42.521803" lon="2.489352">
<ele>1670.586</ele>
</trkpt>
<trkpt lat="42.521849" lon="2.489394">
<ele>1671.738</ele>
</trkpt>
<trkpt lat="42.521908" lon="2.489439">
<ele>1673.149</ele>
</trkpt>
<trkpt lat="42.52197" lon="2.489479">
<ele>1674.668</ele>
</trkpt>
<trkpt lat="42.522005" lon="2.489531">
<ele>1674.127</ele>
</trkpt>
<trkpt lat="42.522027" lon="2.489587">
<ele>1673.38</ele>
</trkpt>
<trkpt lat="42.52205" lon="2.489653">
<ele>1673.476</ele>
</trkpt>
<trkpt lat="42.522064" lon="2.489713">
<ele>1673.933</ele>
</trkpt>
<trkpt lat="42.522077" lon="2.489863">
<ele>1674.181</ele>
</trkpt>
<trkpt lat="42.522079" lon="2.489981">
<ele>1672.628</ele>
</trkpt>
<trkpt lat="42.522091" lon="2.490049">
<ele>1672.509</ele>
</trkpt>
<trkpt lat="42.522113" lon="2.490099">
<ele>1673.46</ele>
</trkpt>
<trkpt lat="42.522144" lon="2.490207">
<ele>1673.435</ele>
</trkpt>
<trkpt lat="42.522165" lon="2.490303">
<ele>1671.964</ele>
</trkpt>
<trkpt lat="42.522203" lon="2.490352">
<ele>1673.083</ele>
</trkpt>
<trkpt lat="42.522255" lon="2.490389">
<ele>1675.393</ele>
</trkpt>
<trkpt lat="42.522309" lon="2.490442">
<ele>1676.604</ele>
</trkpt>
<trkpt lat="42.522361" lon="2.490504">
<ele>1677.037</ele>
</trkpt>
<trkpt lat="42.522414" lon="2.490586">
<ele>1676.643</ele>
</trkpt>
<trkpt lat="42.52246" lon="2.490658">
<ele>1676.738</ele>
</trkpt>
<trkpt lat="42.522506" lon="2.490727">
<ele>1677.987</ele>
</trkpt>
<trkpt lat="42.52253" lon="2.490802">
<ele>1678.088</ele>
</trkpt>
<trkpt lat="42.522551" lon="2.49091">
<ele>1677.844</ele>
</trkpt>
<trkpt lat="42.522567" lon="2.491022">
<ele>1677.742</ele>
</trkpt>
<trkpt lat="42.522586" lon="2.491204">
<ele>1678.066</ele>
</trkpt>
<trkpt lat="42.52259" lon="2.4913">
<ele>1678.267</ele>
</trkpt>
<trkpt lat="42.522588" lon="2.491385">
<ele>1677.646</ele>
</trkpt>
<trkpt lat="42.522586" lon="2.491421">
<ele>1677.061</ele>
</trkpt>
<trkpt lat="42.522592" lon="2.491482">
<ele>1676.253</ele>
</trkpt>
<trkpt lat="42.522621" lon="2.491505">
<ele>1676.918</ele>
</trkpt>
<trkpt lat="42.522656" lon="2.491515">
<ele>1677.798</ele>
</trkpt>
<trkpt lat="42.522694" lon="2.491513">
<ele>1678.81</ele>
</trkpt>
<trkpt lat="42.522748" lon="2.491526">
<ele>1679.315</ele>
</trkpt>
<trkpt lat="42.522813" lon="2.491533">
<ele>1679.912</ele>
</trkpt>
<trkpt lat="42.52289" lon="2.491546">
<ele>1680.311</ele>
</trkpt>
<trkpt lat="42.522964" lon="2.49155">
<ele>1680.94</ele>
</trkpt>
<trkpt lat="42.523014" lon="2.491546">
<ele>1681.799</ele>
</trkpt>
<trkpt lat="42.523079" lon="2.491546">
<ele>1682.724</ele>
</trkpt>
<trkpt lat="42.52316" lon="2.491554">
<ele>1683.472</ele>
</trkpt>
<trkpt lat="42.523231" lon="2.491561">
<ele>1684.234</ele>
</trkpt>
<trkpt lat="42.523296" lon="2.491568">
<ele>1685.045</ele>
</trkpt>
<trkpt lat="42.523349" lon="2.4916">
<ele>1684.217</ele>
</trkpt>
<trkpt lat="42.523365" lon="2.491624">
<ele>1683.133</ele>
</trkpt>
<trkpt lat="42.523387" lon="2.491642">
<ele>1682.71</ele>
</trkpt>
<trkpt lat="42.523447" lon="2.49165">
<ele>1684.261</ele>
</trkpt>
<trkpt lat="42.523519" lon="2.491658">
<ele>1685.867</ele>
</trkpt>
<trkpt lat="42.523581" lon="2.491672">
<ele>1686.191</ele>
</trkpt>
<trkpt lat="42.523647" lon="2.491685">
<ele>1686.375</ele>
</trkpt>
<trkpt lat="42.5237" lon="2.491688">
<ele>1687.164</ele>
</trkpt>
<trkpt lat="42.523782" lon="2.491724">
<ele>1688.031</ele>
</trkpt>
<trkpt lat="42.523834" lon="2.491774">
<ele>1688.055</ele>
</trkpt>
<trkpt lat="42.523895" lon="2.491831">
<ele>1688.781</ele>
</trkpt>
<trkpt lat="42.523948" lon="2.491896">
<ele>1689.062</ele>
</trkpt>
<trkpt lat="42.523996" lon="2.491948">
<ele>1689.614</ele>
</trkpt>
<trkpt lat="42.524049" lon="2.492002">
<ele>1690.358</ele>
</trkpt>
<trkpt lat="42.524089" lon="2.492046">
<ele>1690.721</ele>
</trkpt>
<trkpt lat="42.524131" lon="2.49209">
<ele>1691.135</ele>
</trkpt>
<trkpt lat="42.524191" lon="2.492139">
<ele>1692.196</ele>
</trkpt>
<trkpt lat="42.524264" lon="2.492184">
<ele>1693.918</ele>
</trkpt>
<trkpt lat="42.524319" lon="2.492216">
<ele>1694.927</ele>
</trkpt>
<trkpt lat="42.524379" lon="2.492248">
<ele>1695.567</ele>
</trkpt>
<trkpt lat="42.524459" lon="2.492287">
<ele>1695.533</ele>
</trkpt>
<trkpt lat="42.52454" lon="2.492309">
<ele>1695.52</ele>
</trkpt>
<trkpt lat="42.524612" lon="2.492323">
<ele>1695.141</ele>
</trkpt>
<trkpt lat="42.52468" lon="2.492326">
<ele>1694.892</ele>
</trkpt>
<trkpt lat="42.524738" lon="2.492323">
<ele>1694.625</ele>
</trkpt>
<trkpt lat="42.524796" lon="2.492303">
<ele>1695.011</ele>
</trkpt>
<trkpt lat="42.52486" lon="2.492275">
<ele>1695.376</ele>
</trkpt>
<trkpt lat="42.524904" lon="2.492239">
<ele>1696.223</ele>
</trkpt>
<trkpt lat="42.524978" lon="2.492169">
<ele>1697.309</ele>
</trkpt>
<trkpt lat="42.525028" lon="2.49212">
<ele>1698.028</ele>
</trkpt>
<trkpt lat="42.525095" lon="2.492071">
<ele>1698.893</ele>
</trkpt>
<trkpt lat="42.525148" lon="2.492035">
<ele>1700.326</ele>
</trkpt>
<trkpt lat="42.525207" lon="2.492021">
<ele>1701.036</ele>
</trkpt>
<trkpt lat="42.52527" lon="2.49203">
<ele>1700.892</ele>
</trkpt>
<trkpt lat="42.525331" lon="2.492052">
<ele>1700.297</ele>
</trkpt>
<trkpt lat="42.525392" lon="2.492078">
<ele>1700.069</ele>
</trkpt>
<trkpt lat="42.525464" lon="2.492104">
<ele>1700.602</ele>
</trkpt>
<trkpt lat="42.525544" lon="2.492124">
<ele>1701.653</ele>
</trkpt>
<trkpt lat="42.525632" lon="2.492152">
<ele>1702.187</ele>
</trkpt>
<trkpt lat="42.525711" lon="2.492192">
<ele>1701.777</ele>
</trkpt>
<trkpt lat="42.525787" lon="2.492223">
<ele>1701.768</ele>
</trkpt>
<trkpt lat="42.525852" lon="2.49223">
<ele>1702.774</ele>
</trkpt>
<trkpt lat="42.525934" lon="2.492229">
<ele>1704.519</ele>
</trkpt>
<trkpt lat="42.526004" lon="2.492229">
<ele>1705.972</ele>
</trkpt>
<trkpt lat="42.526062" lon="2.492241">
<ele>1706.61</ele>
</trkpt>
<trkpt lat="42.526127" lon="2.49226">
<ele>1707.026</ele>
</trkpt>
<trkpt lat="42.526208" lon="2.492275">
<ele>1707.67</ele>
</trkpt>
<trkpt lat="42.526265" lon="2.492284">
<ele>1707.775</ele>
</trkpt>
<trkpt lat="42.526314" lon="2.492289">
<ele>1707.784</ele>
</trkpt>
<trkpt lat="42.526377" lon="2.492277">
<ele>1708.64</ele>
</trkpt>
<trkpt lat="42.526446" lon="2.492255">
<ele>1709.993</ele>
</trkpt>
<trkpt lat="42.52653" lon="2.492237">
<ele>1710.484</ele>
</trkpt>
<trkpt lat="42.526608" lon="2.492233">
<ele>1710.55</ele>
</trkpt>
<trkpt lat="42.526667" lon="2.492241">
<ele>1711.117</ele>
</trkpt>
<trkpt lat="42.526721" lon="2.492251">
<ele>1712.679</ele>
</trkpt>
<trkpt lat="42.526771" lon="2.492288">
<ele>1713.679</ele>
</trkpt>
<trkpt lat="42.526814" lon="2.492344">
<ele>1714.271</ele>
</trkpt>
<trkpt lat="42.526867" lon="2.49242">
<ele>1715.38</ele>
</trkpt>
<trkpt lat="42.526906" lon="2.492497">
<ele>1715.723</ele>
</trkpt>
<trkpt lat="42.526926" lon="2.492552">
<ele>1715.57</ele>
</trkpt>
<trkpt lat="42.526942" lon="2.492625">
<ele>1714.753</ele>
</trkpt>
<trkpt lat="42.526973" lon="2.492719">
<ele>1714.724</ele>
</trkpt>
<trkpt lat="42.527" lon="2.492799">
<ele>1714.894</ele>
</trkpt>
<trkpt lat="42.52703" lon="2.492878">
<ele>1715.403</ele>
</trkpt>
<trkpt lat="42.527055" lon="2.492947">
<ele>1715.902</ele>
</trkpt>
<trkpt lat="42.527081" lon="2.493003">
<ele>1716.944</ele>
</trkpt>
<trkpt lat="42.527107" lon="2.49306">
<ele>1718.098</ele>
</trkpt>
<trkpt lat="42.527126" lon="2.49312">
<ele>1718.634</ele>
</trkpt>
<trkpt lat="42.527133" lon="2.493187">
<ele>1717.811</ele>
</trkpt>
<trkpt lat="42.527145" lon="2.493246">
<ele>1717.386</ele>
</trkpt>
<trkpt lat="42.527167" lon="2.493309">
<ele>1717.391</ele>
</trkpt>
<trkpt lat="42.527201" lon="2.493359">
<ele>1717.984</ele>
</trkpt>
<trkpt lat="42.527253" lon="2.493396">
<ele>1719.205</ele>
</trkpt>
<trkpt lat="42.527285" lon="2.493413">
<ele>1719.813</ele>
</trkpt>
<trkpt lat="42.527325" lon="2.493443">
<ele>1719.839</ele>
</trkpt>
<trkpt lat="42.527368" lon="2.493462">
<ele>1720.659</ele>
</trkpt>
<trkpt lat="42.527425" lon="2.493501">
<ele>1720.896</ele>
</trkpt>
<trkpt lat="42.527478" lon="2.493551">
<ele>1720.846</ele>
</trkpt>
<trkpt lat="42.527545" lon="2.493606">
<ele>1722.456</ele>
</trkpt>
<trkpt lat="42.527583" lon="2.493653">
<ele>1723.561</ele>
</trkpt>
<trkpt lat="42.527612" lon="2.493693">
<ele>1724.781</ele>
</trkpt>
<trkpt lat="42.527635" lon="2.493742">
<ele>1725.458</ele>
</trkpt>
<trkpt lat="42.527644" lon="2.493787">
<ele>1724.898</ele>
</trkpt>
<trkpt lat="42.52765" lon="2.493834">
<ele>1723.837</ele>
</trkpt>
<trkpt lat="42.527663" lon="2.493874">
<ele>1723.629</ele>
</trkpt>
<trkpt lat="42.527692" lon="2.493893">
<ele>1725.716</ele>
</trkpt>
<trkpt lat="42.527714" lon="2.493929">
<ele>1726.278</ele>
</trkpt>
<trkpt lat="42.527731" lon="2.493972">
<ele>1725.893</ele>
</trkpt>
<trkpt lat="42.527749" lon="2.494034">
<ele>1724.569</ele>
</trkpt>
<trkpt lat="42.527755" lon="2.494069">
<ele>1723.464</ele>
</trkpt>
<trkpt lat="42.527765" lon="2.49412">
<ele>1722.0</ele>
</trkpt>
<trkpt lat="42.527781" lon="2.494148">
<ele>1721.926</ele>
</trkpt>
<trkpt lat="42.527801" lon="2.494185">
<ele>1721.661</ele>
</trkpt>
<trkpt lat="42.527833" lon="2.494236">
<ele>1721.399</ele>
</trkpt>
<trkpt lat="42.527892" lon="2.494299">
<ele>1722.263</ele>
</trkpt>
<trkpt lat="42.527932" lon="2.494342">
<ele>1723.282</ele>
</trkpt>
<trkpt lat="42.527977" lon="2.494379">
<ele>1725.653</ele>
</trkpt>
<trkpt lat="42.52802" lon="2.49443">
<ele>1728.566</ele>
</trkpt>
<trkpt lat="42.528031" lon="2.494483">
<ele>1729.282</ele>
</trkpt>
<trkpt lat="42.52803" lon="2.494537">
<ele>1729.107</ele>
</trkpt>
<trkpt lat="42.528027" lon="2.494603">
<ele>1728.754</ele>
</trkpt>
<trkpt lat="42.528017" lon="2.494686">
<ele>1726.952</ele>
</trkpt>
<trkpt lat="42.528022" lon="2.494744">
<ele>1726.208</ele>
</trkpt>
<trkpt lat="42.528048" lon="2.49481">
<ele>1726.707</ele>
</trkpt>
<trkpt lat="42.528083" lon="2.494872">
<ele>1727.352</ele>
</trkpt>
<trkpt lat="42.528112" lon="2.494917">
<ele>1727.861</ele>
</trkpt>
<trkpt lat="42.528159" lon="2.494971">
<ele>1729.573</ele>
</trkpt>
<trkpt lat="42.528195" lon="2.495007">
<ele>1731.24</ele>
</trkpt>
<trkpt lat="42.528238" lon="2.495073">
<ele>1732.313</ele>
</trkpt>
<trkpt lat="42.528242" lon="2.495131">
<ele>1730.466</ele>
</trkpt>
<trkpt lat="42.52825" lon="2.495168">
<ele>1729.713</ele>
</trkpt>
<trkpt lat="42.528269" lon="2.495213">
<ele>1729.463</ele>
</trkpt>
<trkpt lat="42.528293" lon="2.495272">
<ele>1728.876</ele>
</trkpt>
<trkpt lat="42.528339" lon="2.495345">
<ele>1728.745</ele>
</trkpt>
<trkpt lat="42.528364" lon="2.495377">
<ele>1728.706</ele>
</trkpt>
<trkpt lat="42.528403" lon="2.495399">
<ele>1729.542</ele>
</trkpt>
<trkpt lat="42.528449" lon="2.495419">
<ele>1730.458</ele>
</trkpt>
<trkpt lat="42.528513" lon="2.495445">
<ele>1731.454</ele>
</trkpt>
<trkpt lat="42.528564" lon="2.495477">
<ele>1731.232</ele>
</trkpt>
<trkpt lat="42.528603" lon="2.495497">
<ele>1731.096</ele>
</trkpt>
<trkpt lat="42.528639" lon="2.495486">
<ele>1732.574</ele>
</trkpt>
<trkpt lat="42.528702" lon="2.495485">
<ele>1733.892</ele>
</trkpt>
<trkpt lat="42.528787" lon="2.495489">
<ele>1734.386</ele>
</trkpt>
<trkpt lat="42.528864" lon="2.49551">
<ele>1733.657</ele>
</trkpt>
<trkpt lat="42.528931" lon="2.495533">
<ele>1733.861</ele>
</trkpt>
<trkpt lat="42.528981" lon="2.495553">
<ele>1735.039</ele>
</trkpt>
<trkpt lat="42.529029" lon="2.495597">
<ele>1735.604</ele>
</trkpt>
<trkpt lat="42.529089" lon="2.495662">
<ele>1735.985</ele>
</trkpt>
<trkpt lat="42.529141" lon="2.495731">
<ele>1735.119</ele>
</trkpt>
<trkpt lat="42.529178" lon="2.495781">
<ele>1734.319</ele>
</trkpt>
<trkpt lat="42.529241" lon="2.495801">
<ele>1736.755</ele>
</trkpt>
<trkpt lat="42.529276" lon="2.495836">
<ele>1737.284</ele>
</trkpt>
<trkpt lat="42.529319" lon="2.495898">
<ele>1737.576</ele>
</trkpt>
<trkpt lat="42.529346" lon="2.495965">
<ele>1737.031</ele>
</trkpt>
<trkpt lat="42.529386" lon="2.49601">
<ele>1737.318</ele>
</trkpt>
<trkpt lat="42.529427" lon="2.496008">
<ele>1738.141</ele>
</trkpt>
<trkpt lat="42.529466" lon="2.495999">
<ele>1738.561</ele>
</trkpt>
<trkpt lat="42.529511" lon="2.495968">
<ele>1739.094</ele>
</trkpt>
<trkpt lat="42.529584" lon="2.495913">
<ele>1739.472</ele>
</trkpt>
<trkpt lat="42.529503" lon="2.495866">
<ele>1741.277</ele>
</trkpt>
<trkpt lat="42.529473" lon="2.495798">
<ele>1742.602</ele>
</trkpt>
<trkpt lat="42.529469" lon="2.495716">
<ele>1743.925</ele>
</trkpt>
<trkpt lat="42.529494" lon="2.49565">
<ele>1744.588</ele>
</trkpt>
<trkpt lat="42.529494" lon="2.495593">
<ele>1745.791</ele>
</trkpt>
<trkpt lat="42.52949" lon="2.495424">
<ele>1750.899</ele>
</trkpt>
<trkpt lat="42.529469" lon="2.49534">
<ele>1753.936</ele>
</trkpt>
<trkpt lat="42.529447" lon="2.495292">
<ele>1755.646</ele>
</trkpt>
<trkpt lat="42.529392" lon="2.495245">
<ele>1757.474</ele>
</trkpt>
<trkpt lat="42.52935" lon="2.495221">
<ele>1758.349</ele>
</trkpt>
<trkpt lat="42.529329" lon="2.495177">
<ele>1759.805</ele>
</trkpt>
<trkpt lat="42.529302" lon="2.495142">
<ele>1761.06</ele>
</trkpt>
<trkpt lat="42.529271" lon="2.495103">
<ele>1762.55</ele>
</trkpt>
<trkpt lat="42.529257" lon="2.495065">
<ele>1764.002</ele>
</trkpt>
<trkpt lat="42.529256" lon="2.495032">
<ele>1765.207</ele>
</trkpt>
<trkpt lat="42.529256" lon="2.495019">
<ele>1765.673</ele>
</trkpt>
<trkpt lat="42.529265" lon="2.494983">
<ele>1766.846</ele>
</trkpt>
<trkpt lat="42.529272" lon="2.494945">
<ele>1768.057</ele>
</trkpt>
<trkpt lat="42.529276" lon="2.494917">
<ele>1768.941</ele>
</trkpt>
<trkpt lat="42.5293" lon="2.494887">
<ele>1769.578</ele>
</trkpt>
<trkpt lat="42.529305" lon="2.494858">
<ele>1770.432</ele>
</trkpt>
<trkpt lat="42.529279" lon="2.494832">
<ele>1771.69</ele>
</trkpt>
<trkpt lat="42.529244" lon="2.49483">
<ele>1772.316</ele>
</trkpt>
<trkpt lat="42.529219" lon="2.49483">
<ele>1772.695</ele>
</trkpt>
<trkpt lat="42.529172" lon="2.494816">
<ele>1773.831</ele>
</trkpt>
<trkpt lat="42.529108" lon="2.494795">
<ele>1775.423</ele>
</trkpt>
<trkpt lat="42.529068" lon="2.494773">
<ele>1776.961</ele>
</trkpt>
<trkpt lat="42.529067" lon="2.494736">
<ele>1778.504</ele>
</trkpt>
<trkpt lat="42.529071" lon="2.494697">
<ele>1779.952</ele>
</trkpt>
<trkpt lat="42.529043" lon="2.494655">
<ele>1782.151</ele>
</trkpt>
<trkpt lat="42.529022" lon="2.494626">
<ele>1783.638</ele>
</trkpt>
<trkpt lat="42.529013" lon="2.494578">
<ele>1785.425</ele>
</trkpt>
<trkpt lat="42.529013" lon="2.494532">
<ele>1786.86</ele>
</trkpt>
<trkpt lat="42.529002" lon="2.494457">
<ele>1789.293</ele>
</trkpt>
<trkpt lat="42.528992" lon="2.494408">
<ele>1790.921</ele>
</trkpt>
<trkpt lat="42.528987" lon="2.494363">
<ele>1792.389</ele>
</trkpt>
<trkpt lat="42.528978" lon="2.494315">
<ele>1794.013</ele>
</trkpt>
<trkpt lat="42.528971" lon="2.494264">
<ele>1795.676</ele>
</trkpt>
<trkpt lat="42.528959" lon="2.494216">
<ele>1797.27</ele>
</trkpt>
<trkpt lat="42.528939" lon="2.494189">
<ele>1798.244</ele>
</trkpt>
<trkpt lat="42.528905" lon="2.494165">
<ele>1798.979</ele>
</trkpt>
<trkpt lat="42.528869" lon="2.494131">
<ele>1799.762</ele>
</trkpt>
<trkpt lat="42.52886" lon="2.494104">
<ele>1800.387</ele>
</trkpt>
<trkpt lat="42.528872" lon="2.494053">
<ele>1801.701</ele>
</trkpt>
<trkpt lat="42.528877" lon="2.49398">
<ele>1803.272</ele>
</trkpt>
<trkpt lat="42.528879" lon="2.493884">
<ele>1805.13</ele>
</trkpt>
<trkpt lat="42.528867" lon="2.493793">
<ele>1806.911</ele>
</trkpt>
<trkpt lat="42.528856" lon="2.4937">
<ele>1808.87</ele>
</trkpt>
<trkpt lat="42.528852" lon="2.493629">
<ele>1810.391</ele>
</trkpt>
<trkpt lat="42.52886" lon="2.493568">
<ele>1812.069</ele>
</trkpt>
<trkpt lat="42.528872" lon="2.493507">
<ele>1814.026</ele>
</trkpt>
<trkpt lat="42.528888" lon="2.493445">
<ele>1816.233</ele>
</trkpt>
<trkpt lat="42.528897" lon="2.493389">
<ele>1818.106</ele>
</trkpt>
<trkpt lat="42.528913" lon="2.493342">
<ele>1819.877</ele>
</trkpt>
<trkpt lat="42.528913" lon="2.493283">
<ele>1821.617</ele>
</trkpt>
<trkpt lat="42.528905" lon="2.493229">
<ele>1823.003</ele>
</trkpt>
<trkpt lat="42.528906" lon="2.493185">
<ele>1824.28</ele>
</trkpt>
<trkpt lat="42.528904" lon="2.493158">
<ele>1824.983</ele>
</trkpt>
<trkpt lat="42.528901" lon="2.493118">
<ele>1826.006</ele>
</trkpt>
<trkpt lat="42.528918" lon="2.493101">
<ele>1826.868</ele>
</trkpt>
<trkpt lat="42.528926" lon="2.493078">
<ele>1827.65</ele>
</trkpt>
<trkpt lat="42.528913" lon="2.49304">
<ele>1828.403</ele>
</trkpt>
<trkpt lat="42.528899" lon="2.493009">
<ele>1828.885</ele>
</trkpt>
<trkpt lat="42.528881" lon="2.492992">
<ele>1828.811</ele>
</trkpt>
<trkpt lat="42.528863" lon="2.492963">
<ele>1828.986</ele>
</trkpt>
<trkpt lat="42.528849" lon="2.492896">
<ele>1830.33</ele>
</trkpt>
<trkpt lat="42.528834" lon="2.49282">
<ele>1831.989</ele>
</trkpt>
<trkpt lat="42.528804" lon="2.492677">
<ele>1835.535</ele>
</trkpt>
<trkpt lat="42.528791" lon="2.492528">
<ele>1839.951</ele>
</trkpt>
<trkpt lat="42.528789" lon="2.492467">
<ele>1841.878</ele>
</trkpt>
<trkpt lat="42.528783" lon="2.492389">
<ele>1844.184</ele>
</trkpt>
<trkpt lat="42.528782" lon="2.492361">
<ele>1844.968</ele>
</trkpt>
<trkpt lat="42.528782" lon="2.492339">
<ele>1845.565</ele>
</trkpt>
<trkpt lat="42.528771" lon="2.492292">
<ele>1846.49</ele>
</trkpt>
<trkpt lat="42.528759" lon="2.492243">
<ele>1847.282</ele>
</trkpt>
<trkpt lat="42.528736" lon="2.49217">
<ele>1848.314</ele>
</trkpt>
<trkpt lat="42.528709" lon="2.492094">
<ele>1849.511</ele>
</trkpt>
<trkpt lat="42.528666" lon="2.492012">
<ele>1850.829</ele>
</trkpt>
<trkpt lat="42.528631" lon="2.491944">
<ele>1851.8</ele>
</trkpt>
<trkpt lat="42.528603" lon="2.491883">
<ele>1852.557</ele>
</trkpt>
<trkpt lat="42.528564" lon="2.491801">
<ele>1853.627</ele>
</trkpt>
<trkpt lat="42.528537" lon="2.491722">
<ele>1854.834</ele>
</trkpt>
<trkpt lat="42.528521" lon="2.491646">
<ele>1856.073</ele>
</trkpt>
<trkpt lat="42.528518" lon="2.49158">
<ele>1857.122</ele>
</trkpt>
<trkpt lat="42.528515" lon="2.49148">
<ele>1858.551</ele>
</trkpt>
<trkpt lat="42.528504" lon="2.491368">
<ele>1859.937</ele>
</trkpt>
<trkpt lat="42.528489" lon="2.491288">
<ele>1860.753</ele>
</trkpt>
<trkpt lat="42.52847" lon="2.491221">
<ele>1861.324</ele>
</trkpt>
<trkpt lat="42.528445" lon="2.49117">
<ele>1861.729</ele>
</trkpt>
<trkpt lat="42.528385" lon="2.491012">
<ele>1862.346</ele>
</trkpt>
<trkpt lat="42.528324" lon="2.49087">
<ele>1863.126</ele>
</trkpt>
<trkpt lat="42.528305" lon="2.490842">
<ele>1863.423</ele>
</trkpt>
<trkpt lat="42.528283" lon="2.490809">
<ele>1863.747</ele>
</trkpt>
<trkpt lat="42.528241" lon="2.490754">
<ele>1864.117</ele>
</trkpt>
<trkpt lat="42.528213" lon="2.490659">
<ele>1864.601</ele>
</trkpt>
<trkpt lat="42.528188" lon="2.490624">
<ele>1864.785</ele>
</trkpt>
<trkpt lat="42.528159" lon="2.490617">
<ele>1864.655</ele>
</trkpt>
<trkpt lat="42.528118" lon="2.490597">
<ele>1864.712</ele>
</trkpt>
<trkpt lat="42.528116" lon="2.490588">
<ele>1865.0</ele>
</trkpt>
<trkpt lat="42.528103" lon="2.490536">
<ele>1866.804</ele>
</trkpt>
<trkpt lat="42.528088" lon="2.490445">
<ele>1869.802</ele>
</trkpt>
<trkpt lat="42.528054" lon="2.490268">
<ele>1872.495</ele>
</trkpt>
<trkpt lat="42.528031" lon="2.490171">
<ele>1873.156</ele>
</trkpt>
<trkpt lat="42.528009" lon="2.490106">
<ele>1873.95</ele>
</trkpt>
<trkpt lat="42.527983" lon="2.490027">
<ele>1874.901</ele>
</trkpt>
<trkpt lat="42.52798" lon="2.490016">
<ele>1875.034</ele>
</trkpt>
<trkpt lat="42.52795" lon="2.48991">
<ele>1876.598</ele>
</trkpt>
<trkpt lat="42.527926" lon="2.489828">
<ele>1878.388</ele>
</trkpt>
<trkpt lat="42.52789" lon="2.489762">
<ele>1880.413</ele>
</trkpt>
<trkpt lat="42.527863" lon="2.489702">
<ele>1882.262</ele>
</trkpt>
<trkpt lat="42.527823" lon="2.489624">
<ele>1884.581</ele>
</trkpt>
<trkpt lat="42.527785" lon="2.489542">
<ele>1886.918</ele>
</trkpt>
<trkpt lat="42.527765" lon="2.489478">
<ele>1888.889</ele>
</trkpt>
<trkpt lat="42.527743" lon="2.489404">
<ele>1891.31</ele>
</trkpt>
<trkpt lat="42.527714" lon="2.489352">
<ele>1892.955</ele>
</trkpt>
<trkpt lat="42.527679" lon="2.489283">
<ele>1895.089</ele>
</trkpt>
<trkpt lat="42.527655" lon="2.489231">
<ele>1896.689</ele>
</trkpt>
<trkpt lat="42.527641" lon="2.489182">
<ele>1898.29</ele>
</trkpt>
<trkpt lat="42.527619" lon="2.489123">
<ele>1900.283</ele>
</trkpt>
<trkpt lat="42.527594" lon="2.489035">
<ele>1903.511</ele>
</trkpt>
<trkpt lat="42.52757" lon="2.488991">
<ele>1905.225</ele>
</trkpt>
<trkpt lat="42.527544" lon="2.488944">
<ele>1907.044</ele>
</trkpt>
<trkpt lat="42.527511" lon="2.488906">
<ele>1908.405</ele>
</trkpt>
<trkpt lat="42.527474" lon="2.488871">
<ele>1909.495</ele>
</trkpt>
<trkpt lat="42.527433" lon="2.488815">
<ele>1911.245</ele>
</trkpt>
<trkpt lat="42.527392" lon="2.488755">
<ele>1913.112</ele>
</trkpt>
<trkpt lat="42.527361" lon="2.488711">
<ele>1914.535</ele>
</trkpt>
<trkpt lat="42.527349" lon="2.488693">
<ele>1915.161</ele>
</trkpt>
<trkpt lat="42.527313" lon="2.488645">
<ele>1916.913</ele>
</trkpt>
<trkpt lat="42.52728" lon="2.488618">
<ele>1917.93</ele>
</trkpt>
<trkpt lat="42.527246" lon="2.488609">
<ele>1918.191</ele>
</trkpt>
<trkpt lat="42.527209" lon="2.488586">
<ele>1919.06</ele>
</trkpt>
<trkpt lat="42.527178" lon="2.488565">
<ele>1919.725</ele>
</trkpt>
<trkpt lat="42.527146" lon="2.488534">
<ele>1920.568</ele>
</trkpt>
<trkpt lat="42.527129" lon="2.488502">
<ele>1921.497</ele>
</trkpt>
<trkpt lat="42.527123" lon="2.488475">
<ele>1922.398</ele>
</trkpt>
<trkpt lat="42.527173" lon="2.488471">
<ele>1923.691</ele>
</trkpt>
<trkpt lat="42.527212" lon="2.488488">
<ele>1923.509</ele>
</trkpt>
<trkpt lat="42.527238" lon="2.488492">
<ele>1923.55</ele>
</trkpt>
<trkpt lat="42.52727" lon="2.488498">
<ele>1923.45</ele>
</trkpt>
<trkpt lat="42.52734" lon="2.488504">
<ele>1923.386</ele>
</trkpt>
<trkpt lat="42.52738" lon="2.488518">
<ele>1922.769</ele>
</trkpt>
<trkpt lat="42.5274" lon="2.488527">
<ele>1922.364</ele>
</trkpt>
<trkpt lat="42.527428" lon="2.488477">
<ele>1924.086</ele>
</trkpt>
<trkpt lat="42.52745" lon="2.488404">
<ele>1926.246</ele>
</trkpt>
<trkpt lat="42.527443" lon="2.488351">
<ele>1928.077</ele>
</trkpt>
<trkpt lat="42.527431" lon="2.488301">
<ele>1929.893</ele>
</trkpt>
<trkpt lat="42.527403" lon="2.488264">
<ele>1931.598</ele>
</trkpt>
<trkpt lat="42.527377" lon="2.488225">
<ele>1933.177</ele>
</trkpt>
<trkpt lat="42.527339" lon="2.488196">
<ele>1934.466</ele>
</trkpt>
<trkpt lat="42.527298" lon="2.488166">
<ele>1935.483</ele>
</trkpt>
<trkpt lat="42.527282" lon="2.488131">
<ele>1936.442</ele>
</trkpt>
<trkpt lat="42.527286" lon="2.488092">
<ele>1937.436</ele>
</trkpt>
<trkpt lat="42.527305" lon="2.488043">
<ele>1938.602</ele>
</trkpt>
<trkpt lat="42.527324" lon="2.487991">
<ele>1939.862</ele>
</trkpt>
<trkpt lat="42.527333" lon="2.487948">
<ele>1940.92</ele>
</trkpt>
<trkpt lat="42.527324" lon="2.487891">
<ele>1942.493</ele>
</trkpt>
<trkpt lat="42.527297" lon="2.487902">
<ele>1942.398</ele>
</trkpt>
<trkpt lat="42.527251" lon="2.487914">
<ele>1942.395</ele>
</trkpt>
<trkpt lat="42.527221" lon="2.487911">
<ele>1942.618</ele>
</trkpt>
<trkpt lat="42.527191" lon="2.487904">
<ele>1942.863</ele>
</trkpt>
<trkpt lat="42.52717" lon="2.487895">
<ele>1943.08</ele>
</trkpt>
<trkpt lat="42.527148" lon="2.487837">
<ele>1944.558</ele>
</trkpt>
<trkpt lat="42.52717" lon="2.487786">
<ele>1946.015</ele>
</trkpt>
<trkpt lat="42.527197" lon="2.487766">
<ele>1946.55</ele>
</trkpt>
<trkpt lat="42.527207" lon="2.487745">
<ele>1947.122</ele>
</trkpt>
<trkpt lat="42.527225" lon="2.487688">
<ele>1948.768</ele>
</trkpt>
<trkpt lat="42.527249" lon="2.487637">
<ele>1950.256</ele>
</trkpt>
<trkpt lat="42.527272" lon="2.487587">
<ele>1951.737</ele>
</trkpt>
<trkpt lat="42.527292" lon="2.48753">
<ele>1953.472</ele>
</trkpt>
<trkpt lat="42.527312" lon="2.487483">
<ele>1954.847</ele>
</trkpt>
<trkpt lat="42.527325" lon="2.487441">
<ele>1956.083</ele>
</trkpt>
<trkpt lat="42.527322" lon="2.487396">
<ele>1957.571</ele>
</trkpt>
<trkpt lat="42.527312" lon="2.487378">
<ele>1958.272</ele>
</trkpt>
<trkpt lat="42.527279" lon="2.487351">
<ele>1959.515</ele>
</trkpt>
<trkpt lat="42.527246" lon="2.487322">
<ele>1960.784</ele>
</trkpt>
<trkpt lat="42.527212" lon="2.487289">
<ele>1962.141</ele>
</trkpt>
<trkpt lat="42.527196" lon="2.487266">
<ele>1963.008</ele>
</trkpt>
<trkpt lat="42.527168" lon="2.487236">
<ele>1964.155</ele>
</trkpt>
<trkpt lat="42.527132" lon="2.487213">
<ele>1965.062</ele>
</trkpt>
<trkpt lat="42.527108" lon="2.487198">
<ele>1965.631</ele>
</trkpt>
<trkpt lat="42.527082" lon="2.48718">
<ele>1966.295</ele>
</trkpt>
<trkpt lat="42.527096" lon="2.487158">
<ele>1967.024</ele>
</trkpt>
<trkpt lat="42.527158" lon="2.487114">
<ele>1968.284</ele>
</trkpt>
<trkpt lat="42.527182" lon="2.4871">
<ele>1968.616</ele>
</trkpt>
<trkpt lat="42.527203" lon="2.487079">
<ele>1969.17</ele>
</trkpt>
<trkpt lat="42.527215" lon="2.487055">
<ele>1969.871</ele>
</trkpt>
<trkpt lat="42.527231" lon="2.487039">
<ele>1970.259</ele>
</trkpt>
<trkpt lat="42.527262" lon="2.487029">
<ele>1970.266</ele>
</trkpt>
<trkpt lat="42.527279" lon="2.487019">
<ele>1970.386</ele>
</trkpt>
<trkpt lat="42.527286" lon="2.486999">
<ele>1970.944</ele>
</trkpt>
<trkpt lat="42.527281" lon="2.486993">
<ele>1971.206</ele>
</trkpt>
<trkpt lat="42.527272" lon="2.48698">
<ele>1971.746</ele>
</trkpt>
<trkpt lat="42.52725" lon="2.486972">
<ele>1972.268</ele>
</trkpt>
<trkpt lat="42.527231" lon="2.486944">
<ele>1973.387</ele>
</trkpt>
<trkpt lat="42.527242" lon="2.486911">
<ele>1974.348</ele>
</trkpt>
<trkpt lat="42.527239" lon="2.486884">
<ele>1975.257</ele>
</trkpt>
<trkpt lat="42.527226" lon="2.486869">
<ele>1975.886</ele>
</trkpt>
<trkpt lat="42.5272" lon="2.486852">
<ele>1976.7</ele>
</trkpt>
<trkpt lat="42.52716" lon="2.486824">
<ele>1977.969</ele>
</trkpt>
<trkpt lat="42.527135" lon="2.486793">
<ele>1979.199</ele>
</trkpt>
<trkpt lat="42.527129" lon="2.486773">
<ele>1979.917</ele>
</trkpt>
<trkpt lat="42.527132" lon="2.486749">
<ele>1980.698</ele>
</trkpt>
<trkpt lat="42.527149" lon="2.486728">
<ele>1981.242</ele>
</trkpt>
<trkpt lat="42.527154" lon="2.48671">
<ele>1981.784</ele>
</trkpt>
<trkpt lat="42.527136" lon="2.486681">
<ele>1982.93</ele>
</trkpt>
<trkpt lat="42.527182" lon="2.486619">
<ele>1984.387</ele>
</trkpt>
<trkpt lat="42.527201" lon="2.486599">
<ele>1984.733</ele>
</trkpt>
<trkpt lat="42.527218" lon="2.486562">
<ele>1985.607</ele>
</trkpt>
<trkpt lat="42.52722" lon="2.486538">
<ele>1986.325</ele>
</trkpt>
<trkpt lat="42.527209" lon="2.486525">
<ele>1986.946</ele>
</trkpt>
<trkpt lat="42.527183" lon="2.486517">
<ele>1987.682</ele>
</trkpt>
<trkpt lat="42.527135" lon="2.486515">
<ele>1988.539</ele>
</trkpt>
<trkpt lat="42.527092" lon="2.486492">
<ele>1989.941</ele>
</trkpt>
<trkpt lat="42.527076" lon="2.486443">
<ele>1991.91</ele>
</trkpt>
<trkpt lat="42.527085" lon="2.486421">
<ele>1992.602</ele>
</trkpt>
<trkpt lat="42.527087" lon="2.48639">
<ele>1993.712</ele>
</trkpt>
<trkpt lat="42.527062" lon="2.486361">
<ele>1995.115</ele>
</trkpt>
<trkpt lat="42.527026" lon="2.486349">
<ele>1995.98</ele>
</trkpt>
<trkpt lat="42.526983" lon="2.486332">
<ele>1997.005</ele>
</trkpt>
<trkpt lat="42.526946" lon="2.486311">
<ele>1998.014</ele>
</trkpt>
<trkpt lat="42.526904" lon="2.486264">
<ele>1999.887</ele>
</trkpt>
<trkpt lat="42.526874" lon="2.486219">
<ele>2001.554</ele>
</trkpt>
<trkpt lat="42.526841" lon="2.486179">
<ele>2002.965</ele>
</trkpt>
<trkpt lat="42.526816" lon="2.48615">
<ele>2003.942</ele>
</trkpt>
<trkpt lat="42.526809" lon="2.486118">
<ele>2005.096</ele>
</trkpt>
<trkpt lat="42.526831" lon="2.486032">
<ele>2008.296</ele>
</trkpt>
<trkpt lat="42.52685" lon="2.485974">
<ele>2010.352</ele>
</trkpt>
<trkpt lat="42.526862" lon="2.485941">
<ele>2011.475</ele>
</trkpt>
<trkpt lat="42.526878" lon="2.485897">
<ele>2012.929</ele>
</trkpt>
<trkpt lat="42.526898" lon="2.485836">
<ele>2014.875</ele>
</trkpt>
<trkpt lat="42.526913" lon="2.485787">
<ele>2016.36</ele>
</trkpt>
<trkpt lat="42.526928" lon="2.485738">
<ele>2017.739</ele>
</trkpt>
<trkpt lat="42.526943" lon="2.485692">
<ele>2018.899</ele>
</trkpt>
<trkpt lat="42.526955" lon="2.485634">
<ele>2020.265</ele>
</trkpt>
<trkpt lat="42.526955" lon="2.48556">
<ele>2022.015</ele>
</trkpt>
<trkpt lat="42.526957" lon="2.485507">
<ele>2023.077</ele>
</trkpt>
<trkpt lat="42.526956" lon="2.485451">
<ele>2024.161</ele>
</trkpt>
<trkpt lat="42.526956" lon="2.485295">
<ele>2026.934</ele>
</trkpt>
<trkpt lat="42.526942" lon="2.485267">
<ele>2027.896</ele>
</trkpt>
<trkpt lat="42.52691" lon="2.485267">
<ele>2028.914</ele>
</trkpt>
<trkpt lat="42.526862" lon="2.485255">
<ele>2030.641</ele>
</trkpt>
<trkpt lat="42.526777" lon="2.485295">
<ele>2032.325</ele>
</trkpt>
<trkpt lat="42.526743" lon="2.485321">
<ele>2032.581</ele>
</trkpt>
<trkpt lat="42.526734" lon="2.485371">
<ele>2031.208</ele>
</trkpt>
<trkpt lat="42.526731" lon="2.485436">
<ele>2028.959</ele>
</trkpt>
<trkpt lat="42.526706" lon="2.485467">
<ele>2028.084</ele>
</trkpt>
<trkpt lat="42.526645" lon="2.485475">
<ele>2028.292</ele>
</trkpt>
<trkpt lat="42.526574" lon="2.485443">
<ele>2030.262</ele>
</trkpt>
<trkpt lat="42.526492" lon="2.485367">
<ele>2033.738</ele>
</trkpt>
<trkpt lat="42.52643" lon="2.48529">
<ele>2036.41</ele>
</trkpt>
<trkpt lat="42.526427" lon="2.485251">
<ele>2037.737</ele>
</trkpt>
<trkpt lat="42.526432" lon="2.485219">
<ele>2038.799</ele>
</trkpt>
<trkpt lat="42.526469" lon="2.485182">
<ele>2040.027</ele>
</trkpt>
<trkpt lat="42.526513" lon="2.485139">
<ele>2041.266</ele>
</trkpt>
<trkpt lat="42.526532" lon="2.48507">
<ele>2042.953</ele>
</trkpt>
<trkpt lat="42.526517" lon="2.485015">
<ele>2044.329</ele>
</trkpt>
<trkpt lat="42.526476" lon="2.48499">
<ele>2045.162</ele>
</trkpt>
<trkpt lat="42.526375" lon="2.484985">
<ele>2046.022</ele>
</trkpt>
<trkpt lat="42.526293" lon="2.484981">
<ele>2046.936</ele>
</trkpt>
<trkpt lat="42.526238" lon="2.484975">
<ele>2047.597</ele>
</trkpt>
<trkpt lat="42.526158" lon="2.484963">
<ele>2048.393</ele>
</trkpt>
<trkpt lat="42.526072" lon="2.484956">
<ele>2048.605</ele>
</trkpt>
<trkpt lat="42.526014" lon="2.484947">
<ele>2048.756</ele>
</trkpt>
<trkpt lat="42.525932" lon="2.484861">
<ele>2052.013</ele>
</trkpt>
<trkpt lat="42.525911" lon="2.484846">
<ele>2052.453</ele>
</trkpt>
<trkpt lat="42.525879" lon="2.484833">
<ele>2052.607</ele>
</trkpt>
<trkpt lat="42.525837" lon="2.48481">
<ele>2052.914</ele>
</trkpt>
<trkpt lat="42.525806" lon="2.484793">
<ele>2053.076</ele>
</trkpt>
<trkpt lat="42.525762" lon="2.484768">
<ele>2053.339</ele>
</trkpt>
<trkpt lat="42.525696" lon="2.484737">
<ele>2053.782</ele>
</trkpt>
<trkpt lat="42.525637" lon="2.48472">
<ele>2054.173</ele>
</trkpt>
<trkpt lat="42.525597" lon="2.484689">
<ele>2055.169</ele>
</trkpt>
<trkpt lat="42.525552" lon="2.484649">
<ele>2056.297</ele>
</trkpt>
<trkpt lat="42.525511" lon="2.484624">
<ele>2056.707</ele>
</trkpt>
<trkpt lat="42.525465" lon="2.484602">
<ele>2056.779</ele>
</trkpt>
<trkpt lat="42.525422" lon="2.48459">
<ele>2056.603</ele>
</trkpt>
<trkpt lat="42.525377" lon="2.484566">
<ele>2056.787</ele>
</trkpt>
<trkpt lat="42.525341" lon="2.484542">
<ele>2057.022</ele>
</trkpt>
<trkpt lat="42.52532" lon="2.484518">
<ele>2057.486</ele>
</trkpt>
<trkpt lat="42.525306" lon="2.484494">
<ele>2058.074</ele>
</trkpt>
<trkpt lat="42.525302" lon="2.484444">
<ele>2059.942</ele>
</trkpt>
<trkpt lat="42.525321" lon="2.484382">
<ele>2062.651</ele>
</trkpt>
<trkpt lat="42.525352" lon="2.484379">
<ele>2063.271</ele>
</trkpt>
<trkpt lat="42.525374" lon="2.48438">
<ele>2063.449</ele>
</trkpt>
<trkpt lat="42.525417" lon="2.484397">
<ele>2063.073</ele>
</trkpt>
<trkpt lat="42.525455" lon="2.484406">
<ele>2062.86</ele>
</trkpt>
<trkpt lat="42.525561" lon="2.484414">
<ele>2063.247</ele>
</trkpt>
<trkpt lat="42.525601" lon="2.484395">
<ele>2063.994</ele>
</trkpt>
<trkpt lat="42.525801" lon="2.484426">
<ele>2063.854</ele>
</trkpt>
<trkpt lat="42.525896" lon="2.48445">
<ele>2063.736</ele>
</trkpt>
<trkpt lat="42.525945" lon="2.484435">
<ele>2064.097</ele>
</trkpt>
<trkpt lat="42.525981" lon="2.484423">
<ele>2064.261</ele>
</trkpt>
<trkpt lat="42.526089" lon="2.484388">
<ele>2064.406</ele>
</trkpt>
<trkpt lat="42.526158" lon="2.484372">
<ele>2064.097</ele>
</trkpt>
<trkpt lat="42.526192" lon="2.484288">
<ele>2065.711</ele>
</trkpt>
<trkpt lat="42.526307" lon="2.484154">
<ele>2067.411</ele>
</trkpt>
<trkpt lat="42.526377" lon="2.484076">
<ele>2068.188</ele>
</trkpt>
<trkpt lat="42.526455" lon="2.483993">
<ele>2068.749</ele>
</trkpt>
<trkpt lat="42.526526" lon="2.483931">
<ele>2068.677</ele>
</trkpt>
<trkpt lat="42.526621" lon="2.483873">
<ele>2067.796</ele>
</trkpt>
<trkpt lat="42.526731" lon="2.483814">
<ele>2066.397</ele>
</trkpt>
<trkpt lat="42.526806" lon="2.483752">
<ele>2066.232</ele>
</trkpt>
<trkpt lat="42.526879" lon="2.483679">
<ele>2067.03</ele>
</trkpt>
<trkpt lat="42.526958" lon="2.483609">
<ele>2068.198</ele>
</trkpt>
<trkpt lat="42.527064" lon="2.483519">
<ele>2069.772</ele>
</trkpt>
<trkpt lat="42.527172" lon="2.483426">
<ele>2071.141</ele>
</trkpt>
<trkpt lat="42.527266" lon="2.48338">
<ele>2071.384</ele>
</trkpt>
<trkpt lat="42.527348" lon="2.483348">
<ele>2071.65</ele>
</trkpt>
<trkpt lat="42.527465" lon="2.48333">
<ele>2071.344</ele>
</trkpt>
<trkpt lat="42.527567" lon="2.483325">
<ele>2071.306</ele>
</trkpt>
<trkpt lat="42.527662" lon="2.483309">
<ele>2072.237</ele>
</trkpt>
<trkpt lat="42.527775" lon="2.483325">
<ele>2072.317</ele>
</trkpt>
<trkpt lat="42.527883" lon="2.483364">
<ele>2071.549</ele>
</trkpt>
<trkpt lat="42.527966" lon="2.483381">
<ele>2071.611</ele>
</trkpt>
<trkpt lat="42.528032" lon="2.483365">
<ele>2073.086</ele>
</trkpt>
<trkpt lat="42.528092" lon="2.483365">
<ele>2073.888</ele>
</trkpt>
<trkpt lat="42.528168" lon="2.483402">
<ele>2073.232</ele>
</trkpt>
<trkpt lat="42.528244" lon="2.483441">
<ele>2072.624</ele>
</trkpt>
<trkpt lat="42.528319" lon="2.483468">
<ele>2072.746</ele>
</trkpt>
<trkpt lat="42.528398" lon="2.48349">
<ele>2073.158</ele>
</trkpt>
<trkpt lat="42.528529" lon="2.483518">
<ele>2074.157</ele>
</trkpt>
<trkpt lat="42.528662" lon="2.483516">
<ele>2076.289</ele>
</trkpt>
<trkpt lat="42.528774" lon="2.48348">
<ele>2079.005</ele>
</trkpt>
<trkpt lat="42.528853" lon="2.483455">
<ele>2080.66</ele>
</trkpt>
<trkpt lat="42.528912" lon="2.483443">
<ele>2081.493</ele>
</trkpt>
<trkpt lat="42.528981" lon="2.483433">
<ele>2082.148</ele>
</trkpt>
<trkpt lat="42.529033" lon="2.483411">
<ele>2083.158</ele>
</trkpt>
<trkpt lat="42.529111" lon="2.483376">
<ele>2084.718</ele>
</trkpt>
<trkpt lat="42.529182" lon="2.483351">
<ele>2085.809</ele>
</trkpt>
<trkpt lat="42.529258" lon="2.483339">
<ele>2086.376</ele>
</trkpt>
<trkpt lat="42.529302" lon="2.483327">
<ele>2086.849</ele>
</trkpt>
<trkpt lat="42.529377" lon="2.483303">
<ele>2087.703</ele>
</trkpt>
<trkpt lat="42.529432" lon="2.483286">
<ele>2088.229</ele>
</trkpt>
<trkpt lat="42.52949" lon="2.483258">
<ele>2088.943</ele>
</trkpt>
<trkpt lat="42.529527" lon="2.483222">
<ele>2089.763</ele>
</trkpt>
<trkpt lat="42.529559" lon="2.483177">
<ele>2090.763</ele>
</trkpt>
<trkpt lat="42.529597" lon="2.483126">
<ele>2091.911</ele>
</trkpt>
<trkpt lat="42.529634" lon="2.483066">
<ele>2093.151</ele>
</trkpt>
<trkpt lat="42.529642" lon="2.483013">
<ele>2094.226</ele>
</trkpt>
<trkpt lat="42.529639" lon="2.482977">
<ele>2095.01</ele>
</trkpt>
<trkpt lat="42.529626" lon="2.482936">
<ele>2096.039</ele>
</trkpt>
<trkpt lat="42.529619" lon="2.482889">
<ele>2097.155</ele>
</trkpt>
<trkpt lat="42.529607" lon="2.482827">
<ele>2098.693</ele>
</trkpt>
<trkpt lat="42.529606" lon="2.482764">
<ele>2099.994</ele>
</trkpt>
<trkpt lat="42.529597" lon="2.482729">
<ele>2100.916</ele>
</trkpt>
<trkpt lat="42.529581" lon="2.482684">
<ele>2102.27</ele>
</trkpt>
<trkpt lat="42.529552" lon="2.482652">
<ele>2103.786</ele>
</trkpt>
<trkpt lat="42.529515" lon="2.482615">
<ele>2105.679</ele>
</trkpt>
<trkpt lat="42.529485" lon="2.482573">
<ele>2107.521</ele>
</trkpt>
<trkpt lat="42.529458" lon="2.482539">
<ele>2109.106</ele>
</trkpt>
<trkpt lat="42.529446" lon="2.482511">
<ele>2110.176</ele>
</trkpt>
<trkpt lat="42.529438" lon="2.482486">
<ele>2111.076</ele>
</trkpt>
<trkpt lat="42.529455" lon="2.482437">
<ele>2111.988</ele>
</trkpt>
<trkpt lat="42.529476" lon="2.482408">
<ele>2112.157</ele>
</trkpt>
<trkpt lat="42.5295" lon="2.482378">
<ele>2112.163</ele>
</trkpt>
<trkpt lat="42.529524" lon="2.482316">
<ele>2112.863</ele>
</trkpt>
<trkpt lat="42.529547" lon="2.482206">
<ele>2114.643</ele>
</trkpt>
<trkpt lat="42.529567" lon="2.482171">
<ele>2114.56</ele>
</trkpt>
<trkpt lat="42.529564" lon="2.482137">
<ele>2115.56</ele>
</trkpt>
<trkpt lat="42.529571" lon="2.48211">
<ele>2115.884</ele>
</trkpt>
<trkpt lat="42.529597" lon="2.482088">
<ele>2115.061</ele>
</trkpt>
<trkpt lat="42.529611" lon="2.482066">
<ele>2114.835</ele>
</trkpt>
<trkpt lat="42.529612" lon="2.482031">
<ele>2115.633</ele>
</trkpt>
<trkpt lat="42.529602" lon="2.481999">
<ele>2116.977</ele>
</trkpt>
<trkpt lat="42.529591" lon="2.481958">
<ele>2118.603</ele>
</trkpt>
<trkpt lat="42.529593" lon="2.481903">
<ele>2119.835</ele>
</trkpt>
<trkpt lat="42.529593" lon="2.481861">
<ele>2120.862</ele>
</trkpt>
<trkpt lat="42.529598" lon="2.481821">
<ele>2121.544</ele>
</trkpt>
<trkpt lat="42.529596" lon="2.481777">
<ele>2122.736</ele>
</trkpt>
<trkpt lat="42.529591" lon="2.481739">
<ele>2123.967</ele>
</trkpt>
<trkpt lat="42.529589" lon="2.481676">
<ele>2125.621</ele>
</trkpt>
<trkpt lat="42.529588" lon="2.481647">
<ele>2126.383</ele>
</trkpt>
<trkpt lat="42.529588" lon="2.481635">
<ele>2126.671</ele>
</trkpt>
<trkpt lat="42.529588" lon="2.481604">
<ele>2127.413</ele>
</trkpt>
<trkpt lat="42.529581" lon="2.481579">
<ele>2128.461</ele>
</trkpt>
<trkpt lat="42.529579" lon="2.481553">
<ele>2129.218</ele>
</trkpt>
<trkpt lat="42.529585" lon="2.481512">
<ele>2129.82</ele>
</trkpt>
<trkpt lat="42.529594" lon="2.481472">
<ele>2130.185</ele>
</trkpt>
<trkpt lat="42.529597" lon="2.481416">
<ele>2131.295</ele>
</trkpt>
<trkpt lat="42.52959" lon="2.481355">
<ele>2133.142</ele>
</trkpt>
<trkpt lat="42.529588" lon="2.481285">
<ele>2134.779</ele>
</trkpt>
<trkpt lat="42.529587" lon="2.481225">
<ele>2136.076</ele>
</trkpt>
<trkpt lat="42.529588" lon="2.481158">
<ele>2137.325</ele>
</trkpt>
<trkpt lat="42.529588" lon="2.481123">
<ele>2137.991</ele>
</trkpt>
<trkpt lat="42.529599" lon="2.481085">
<ele>2137.945</ele>
</trkpt>
<trkpt lat="42.529601" lon="2.481048">
<ele>2138.479</ele>
</trkpt>
<trkpt lat="42.529599" lon="2.481017">
<ele>2139.168</ele>
</trkpt>
<trkpt lat="42.529593" lon="2.480989">
<ele>2140.062</ele>
</trkpt>
<trkpt lat="42.529595" lon="2.480932">
<ele>2140.839</ele>
</trkpt>
<trkpt lat="42.529596" lon="2.480881">
<ele>2141.542</ele>
</trkpt>
<trkpt lat="42.529601" lon="2.480802">
<ele>2142.384</ele>
</trkpt>
<trkpt lat="42.52961" lon="2.480735">
<ele>2142.839</ele>
</trkpt>
<trkpt lat="42.529621" lon="2.480668">
<ele>2143.245</ele>
</trkpt>
<trkpt lat="42.529642" lon="2.480561">
<ele>2143.655</ele>
</trkpt>
<trkpt lat="42.529651" lon="2.480509">
<ele>2144.073</ele>
</trkpt>
<trkpt lat="42.529677" lon="2.480461">
<ele>2143.444</ele>
</trkpt>
<trkpt lat="42.529708" lon="2.480396">
<ele>2143.319</ele>
</trkpt>
<trkpt lat="42.529741" lon="2.480317">
<ele>2144.271</ele>
</trkpt>
<trkpt lat="42.529776" lon="2.480259">
<ele>2144.756</ele>
</trkpt>
<trkpt lat="42.529812" lon="2.480195">
<ele>2145.495</ele>
</trkpt>
<trkpt lat="42.529835" lon="2.480118">
<ele>2147.241</ele>
</trkpt>
<trkpt lat="42.529865" lon="2.480047">
<ele>2148.11</ele>
</trkpt>
<trkpt lat="42.529904" lon="2.479984">
<ele>2148.129</ele>
</trkpt>
<trkpt lat="42.529928" lon="2.479908">
<ele>2149.409</ele>
</trkpt>
<trkpt lat="42.529934" lon="2.479852">
<ele>2150.957</ele>
</trkpt>
<trkpt lat="42.529946" lon="2.479796">
<ele>2152.155</ele>
</trkpt>
<trkpt lat="42.529974" lon="2.479745">
<ele>2152.302</ele>
</trkpt>
<trkpt lat="42.529999" lon="2.479691">
<ele>2152.679</ele>
</trkpt>
<trkpt lat="42.530023" lon="2.479622">
<ele>2153.59</ele>
</trkpt>
<trkpt lat="42.530052" lon="2.479541">
<ele>2154.686</ele>
</trkpt>
<trkpt lat="42.53008" lon="2.479461">
<ele>2155.865</ele>
</trkpt>
<trkpt lat="42.530114" lon="2.479393">
<ele>2156.41</ele>
</trkpt>
<trkpt lat="42.530145" lon="2.479333">
<ele>2156.844</ele>
</trkpt>
<trkpt lat="42.530182" lon="2.479284">
<ele>2156.708</ele>
</trkpt>
<trkpt lat="42.530213" lon="2.479253">
<ele>2156.363</ele>
</trkpt>
<trkpt lat="42.530227" lon="2.479195">
<ele>2157.6</ele>
</trkpt>
<trkpt lat="42.530237" lon="2.479131">
<ele>2159.226</ele>
</trkpt>
<trkpt lat="42.530263" lon="2.47908">
<ele>2159.913</ele>
</trkpt>
<trkpt lat="42.530301" lon="2.479015">
<ele>2160.795</ele>
</trkpt>
<trkpt lat="42.530336" lon="2.478968">
<ele>2161.319</ele>
</trkpt>
<trkpt lat="42.530389" lon="2.478935">
<ele>2160.899</ele>
</trkpt>
<trkpt lat="42.530426" lon="2.478912">
<ele>2160.578</ele>
</trkpt>
<trkpt lat="42.530481" lon="2.478865">
<ele>2160.469</ele>
</trkpt>
<trkpt lat="42.530525" lon="2.478813">
<ele>2160.71</ele>
</trkpt>
<trkpt lat="42.530567" lon="2.478743">
<ele>2161.313</ele>
</trkpt>
<trkpt lat="42.530589" lon="2.478672">
<ele>2162.372</ele>
</trkpt>
<trkpt lat="42.530608" lon="2.478602">
<ele>2163.304</ele>
</trkpt>
<trkpt lat="42.530629" lon="2.478519">
<ele>2164.211</ele>
</trkpt>
<trkpt lat="42.530648" lon="2.478457">
<ele>2164.564</ele>
</trkpt>
<trkpt lat="42.530667" lon="2.478382">
<ele>2165.034</ele>
</trkpt>
<trkpt lat="42.530684" lon="2.478306">
<ele>2165.538</ele>
</trkpt>
<trkpt lat="42.530692" lon="2.478259">
<ele>2165.932</ele>
</trkpt>
<trkpt lat="42.530701" lon="2.478191">
<ele>2166.546</ele>
</trkpt>
<trkpt lat="42.530711" lon="2.478076">
<ele>2167.592</ele>
</trkpt>
<trkpt lat="42.530716" lon="2.477993">
<ele>2168.293</ele>
</trkpt>
<trkpt lat="42.53073" lon="2.477919">
<ele>2168.343</ele>
</trkpt>
<trkpt lat="42.53074" lon="2.477851">
<ele>2168.448</ele>
</trkpt>
<trkpt lat="42.530751" lon="2.477797">
<ele>2168.275</ele>
</trkpt>
<trkpt lat="42.530766" lon="2.477746">
<ele>2167.746</ele>
</trkpt>
<trkpt lat="42.530781" lon="2.47767">
<ele>2167.219</ele>
</trkpt>
<trkpt lat="42.530779" lon="2.477605">
<ele>2167.486</ele>
</trkpt>
<trkpt lat="42.530772" lon="2.477545">
<ele>2167.871</ele>
</trkpt>
<trkpt lat="42.530758" lon="2.477489">
<ele>2168.616</ele>
</trkpt>
<trkpt lat="42.530758" lon="2.477448">
<ele>2168.596</ele>
</trkpt>
<trkpt lat="42.530759" lon="2.477401">
<ele>2168.629</ele>
</trkpt>
<trkpt lat="42.530752" lon="2.477361">
<ele>2169.234</ele>
</trkpt>
<trkpt lat="42.53073" lon="2.477317">
<ele>2170.922</ele>
</trkpt>
<trkpt lat="42.530717" lon="2.477271">
<ele>2172.419</ele>
</trkpt>
<trkpt lat="42.530727" lon="2.477217">
<ele>2173.01</ele>
</trkpt>
<trkpt lat="42.530734" lon="2.477177">
<ele>2173.471</ele>
</trkpt>
<trkpt lat="42.530737" lon="2.477129">
<ele>2174.125</ele>
</trkpt>
<trkpt lat="42.530742" lon="2.47704">
<ele>2174.25</ele>
</trkpt>
<trkpt lat="42.530738" lon="2.477005">
<ele>2174.077</ele>
</trkpt>
<trkpt lat="42.530729" lon="2.476979">
<ele>2174.132</ele>
</trkpt>
<trkpt lat="42.530725" lon="2.476954">
<ele>2173.858</ele>
</trkpt>
<trkpt lat="42.530723" lon="2.476926">
<ele>2173.336</ele>
</trkpt>
<trkpt lat="42.530722" lon="2.4769">
<ele>2172.748</ele>
</trkpt>
<trkpt lat="42.530721" lon="2.476857">
<ele>2171.682</ele>
</trkpt>
<trkpt lat="42.530723" lon="2.476837">
<ele>2171.018</ele>
</trkpt>
<trkpt lat="42.530728" lon="2.47682">
<ele>2170.232</ele>
</trkpt>
<trkpt lat="42.530729" lon="2.476797">
<ele>2169.588</ele>
</trkpt>
<trkpt lat="42.530723" lon="2.476769">
<ele>2169.377</ele>
</trkpt>
<trkpt lat="42.530718" lon="2.476739">
<ele>2169.154</ele>
</trkpt>
<trkpt lat="42.530715" lon="2.476701">
<ele>2168.757</ele>
</trkpt>
<trkpt lat="42.530715" lon="2.476673">
<ele>2168.37</ele>
</trkpt>
<trkpt lat="42.530714" lon="2.476634">
<ele>2167.929</ele>
</trkpt>
<trkpt lat="42.530714" lon="2.476605">
<ele>2167.557</ele>
</trkpt>
<trkpt lat="42.530723" lon="2.47656">
<ele>2166.586</ele>
</trkpt>
<trkpt lat="42.530731" lon="2.476542">
<ele>2166.065</ele>
</trkpt>
<trkpt lat="42.530736" lon="2.476527">
<ele>2165.701</ele>
</trkpt>
<trkpt lat="42.530752" lon="2.476498">
<ele>2164.823</ele>
</trkpt>
<trkpt lat="42.530759" lon="2.476478">
<ele>2164.283</ele>
</trkpt>
<trkpt lat="42.530762" lon="2.47646">
<ele>2163.806</ele>
</trkpt>
<trkpt lat="42.530764" lon="2.476445">
<ele>2163.353</ele>
</trkpt>
<trkpt lat="42.53076" lon="2.476421">
<ele>2162.654</ele>
</trkpt>
<trkpt lat="42.530754" lon="2.476398">
<ele>2161.899</ele>
</trkpt>
<trkpt lat="42.530731" lon="2.476283">
<ele>2157.119</ele>
</trkpt>
<trkpt lat="42.530717" lon="2.47615">
<ele>2151.652</ele>
</trkpt>
<trkpt lat="42.530705" lon="2.476101">
<ele>2150.598</ele>
</trkpt>
<trkpt lat="42.530684" lon="2.476046">
<ele>2150.08</ele>
</trkpt>
<trkpt lat="42.530647" lon="2.476001">
<ele>2150.986</ele>
</trkpt>
<trkpt lat="42.530601" lon="2.47593">
<ele>2151.393</ele>
</trkpt>
<trkpt lat="42.530553" lon="2.475863">
<ele>2151.727</ele>
</trkpt>
<trkpt lat="42.530509" lon="2.475823">
<ele>2152.619</ele>
</trkpt>
<trkpt lat="42.530458" lon="2.475773">
<ele>2153.003</ele>
</trkpt>
<trkpt lat="42.530407" lon="2.475745">
<ele>2154.207</ele>
</trkpt>
<trkpt lat="42.530366" lon="2.475721">
<ele>2155.032</ele>
</trkpt>
<trkpt lat="42.530335" lon="2.475699">
<ele>2155.373</ele>
</trkpt>
<trkpt lat="42.530307" lon="2.475682">
<ele>2155.763</ele>
</trkpt>
<trkpt lat="42.530283" lon="2.475662">
<ele>2155.53</ele>
</trkpt>
<trkpt lat="42.53024" lon="2.47563">
<ele>2155.021</ele>
</trkpt>
<trkpt lat="42.530176" lon="2.475585">
<ele>2153.776</ele>
</trkpt>
<trkpt lat="42.530127" lon="2.475552">
<ele>2152.683</ele>
</trkpt>
<trkpt lat="42.530089" lon="2.475522">
<ele>2151.661</ele>
</trkpt>
<trkpt lat="42.530044" lon="2.475483">
<ele>2150.58</ele>
</trkpt>
<trkpt lat="42.530007" lon="2.475455">
<ele>2150.265</ele>
</trkpt>
<trkpt lat="42.529969" lon="2.475419">
<ele>2149.856</ele>
</trkpt>
<trkpt lat="42.529939" lon="2.475379">
<ele>2149.151</ele>
</trkpt>
<trkpt lat="42.529902" lon="2.475345">
<ele>2149.234</ele>
</trkpt>
<trkpt lat="42.529866" lon="2.475321">
<ele>2149.823</ele>
</trkpt>
<trkpt lat="42.52983" lon="2.475286">
<ele>2149.887</ele>
</trkpt>
<trkpt lat="42.529776" lon="2.475258">
<ele>2151.241</ele>
</trkpt>
<trkpt lat="42.529698" lon="2.475211">
<ele>2153.256</ele>
</trkpt>
<trkpt lat="42.529661" lon="2.475186">
<ele>2154.289</ele>
</trkpt>
<trkpt lat="42.529639" lon="2.475173">
<ele>2155.004</ele>
</trkpt>
<trkpt lat="42.529625" lon="2.47516">
<ele>2155.288</ele>
</trkpt>
<trkpt lat="42.529609" lon="2.475144">
<ele>2155.573</ele>
</trkpt>
<trkpt lat="42.529589" lon="2.475124">
<ele>2155.93</ele>
</trkpt>
<trkpt lat="42.529573" lon="2.475106">
<ele>2156.143</ele>
</trkpt>
<trkpt lat="42.529543" lon="2.475069">
<ele>2156.449</ele>
</trkpt>
<trkpt lat="42.529509" lon="2.475025">
<ele>2156.868</ele>
</trkpt>
<trkpt lat="42.529472" lon="2.474984">
<ele>2157.928</ele>
</trkpt>
<trkpt lat="42.52946" lon="2.474971">
<ele>2158.373</ele>
</trkpt>
<trkpt lat="42.529447" lon="2.474954">
<ele>2158.814</ele>
</trkpt>
<trkpt lat="42.529429" lon="2.474903">
<ele>2158.711</ele>
</trkpt>
<trkpt lat="42.529423" lon="2.474847">
<ele>2157.609</ele>
</trkpt>
<trkpt lat="42.529416" lon="2.47482">
<ele>2157.4</ele>
</trkpt>
<trkpt lat="42.529408" lon="2.474797">
<ele>2157.369</ele>
</trkpt>
<trkpt lat="42.529379" lon="2.474729">
<ele>2157.619</ele>
</trkpt>
<trkpt lat="42.529367" lon="2.474704">
<ele>2157.8</ele>
</trkpt>
<trkpt lat="42.529359" lon="2.474681">
<ele>2157.766</ele>
</trkpt>
<trkpt lat="42.529347" lon="2.474657">
<ele>2158.026</ele>
</trkpt>
<trkpt lat="42.529334" lon="2.474633">
<ele>2158.422</ele>
</trkpt>
<trkpt lat="42.529322" lon="2.474616">
<ele>2158.957</ele>
</trkpt>
<trkpt lat="42.529301" lon="2.474601">
<ele>2160.282</ele>
</trkpt>
<trkpt lat="42.529273" lon="2.474578">
<ele>2162.154</ele>
</trkpt>
<trkpt lat="42.529254" lon="2.474526">
<ele>2162.976</ele>
</trkpt>
<trkpt lat="42.52924" lon="2.4745">
<ele>2163.871</ele>
</trkpt>
<trkpt lat="42.529227" lon="2.474471">
<ele>2164.669</ele>
</trkpt>
<trkpt lat="42.529218" lon="2.474451">
<ele>2165.229</ele>
</trkpt>
<trkpt lat="42.529212" lon="2.474432">
<ele>2165.53</ele>
</trkpt>
<trkpt lat="42.529203" lon="2.474381">
<ele>2165.71</ele>
</trkpt>
<trkpt lat="42.529199" lon="2.474352">
<ele>2165.735</ele>
</trkpt>
<trkpt lat="42.529195" lon="2.474325">
<ele>2165.802</ele>
</trkpt>
<trkpt lat="42.52919" lon="2.474298">
<ele>2165.988</ele>
</trkpt>
<trkpt lat="42.529184" lon="2.474257">
<ele>2166.206</ele>
</trkpt>
<trkpt lat="42.529179" lon="2.47423">
<ele>2166.484</ele>
</trkpt>
<trkpt lat="42.529177" lon="2.4742">
<ele>2166.525</ele>
</trkpt>
<trkpt lat="42.529175" lon="2.474176">
<ele>2166.616</ele>
</trkpt>
<trkpt lat="42.529175" lon="2.474151">
<ele>2166.55</ele>
</trkpt>
<trkpt lat="42.529177" lon="2.474128">
<ele>2166.33</ele>
</trkpt>
<trkpt lat="42.529179" lon="2.474104">
<ele>2166.117</ele>
</trkpt>
<trkpt lat="42.529178" lon="2.47407">
<ele>2166.155</ele>
</trkpt>
<trkpt lat="42.529174" lon="2.474049">
<ele>2166.473</ele>
</trkpt>
<trkpt lat="42.529165" lon="2.473995">
<ele>2167.171</ele>
</trkpt>
<trkpt lat="42.529162" lon="2.47397">
<ele>2167.4</ele>
</trkpt>
<trkpt lat="42.529159" lon="2.473946">
<ele>2167.637</ele>
</trkpt>
<trkpt lat="42.529157" lon="2.473926">
<ele>2167.798</ele>
</trkpt>
<trkpt lat="42.529155" lon="2.473907">
<ele>2167.965</ele>
</trkpt>
<trkpt lat="42.529152" lon="2.47389">
<ele>2168.222</ele>
</trkpt>
<trkpt lat="42.529148" lon="2.473876">
<ele>2168.566</ele>
</trkpt>
<trkpt lat="42.529132" lon="2.473852">
<ele>2169.932</ele>
</trkpt>
<trkpt lat="42.529142" lon="2.473815">
<ele>2169.12</ele>
</trkpt>
<trkpt lat="42.529151" lon="2.473803">
<ele>2168.39</ele>
</trkpt>
<trkpt lat="42.529162" lon="2.473791">
<ele>2167.506</ele>
</trkpt>
<trkpt lat="42.529168" lon="2.473773">
<ele>2167.067</ele>
</trkpt>
<trkpt lat="42.529171" lon="2.473752">
<ele>2166.904</ele>
</trkpt>
<trkpt lat="42.529172" lon="2.473721">
<ele>2166.974</ele>
</trkpt>
<trkpt lat="42.529173" lon="2.473705">
<ele>2166.982</ele>
</trkpt>
<trkpt lat="42.529173" lon="2.473682">
<ele>2167.105</ele>
</trkpt>
<trkpt lat="42.529171" lon="2.473662">
<ele>2167.358</ele>
</trkpt>
<trkpt lat="42.529166" lon="2.47364">
<ele>2167.819</ele>
</trkpt>
<trkpt lat="42.529159" lon="2.473623">
<ele>2168.359</ele>
</trkpt>
<trkpt lat="42.52915" lon="2.473605">
<ele>2168.99</ele>
</trkpt>
<trkpt lat="42.529141" lon="2.473589">
<ele>2169.57</ele>
</trkpt>
<trkpt lat="42.529135" lon="2.473574">
<ele>2169.942</ele>
</trkpt>
<trkpt lat="42.529128" lon="2.473556">
<ele>2170.354</ele>
</trkpt>
<trkpt lat="42.529122" lon="2.473538">
<ele>2170.699</ele>
</trkpt>
<trkpt lat="42.529121" lon="2.473525">
<ele>2170.783</ele>
</trkpt>
<trkpt lat="42.529122" lon="2.473509">
<ele>2170.8</ele>
</trkpt>
<trkpt lat="42.529133" lon="2.473486">
<ele>2170.472</ele>
</trkpt>
<trkpt lat="42.529147" lon="2.47347">
<ele>2170.066</ele>
</trkpt>
<trkpt lat="42.529158" lon="2.473459">
<ele>2169.779</ele>
</trkpt>
<trkpt lat="42.529169" lon="2.473449">
<ele>2169.507</ele>
</trkpt>
<trkpt lat="42.529174" lon="2.473432">
<ele>2169.614</ele>
</trkpt>
<trkpt lat="42.529176" lon="2.473415">
<ele>2169.868</ele>
</trkpt>
<trkpt lat="42.529176" lon="2.473403">
<ele>2170.12</ele>
</trkpt>
<trkpt lat="42.52921" lon="2.473366">
<ele>2169.599</ele>
</trkpt>
<trkpt lat="42.529218" lon="2.473349">
<ele>2169.651</ele>
</trkpt>
<trkpt lat="42.529226" lon="2.473331">
<ele>2169.714</ele>
</trkpt>
<trkpt lat="42.529233" lon="2.473306">
<ele>2169.992</ele>
</trkpt>
<trkpt lat="42.529242" lon="2.473278">
<ele>2170.221</ele>
</trkpt>
<trkpt lat="42.529253" lon="2.473238">
<ele>2170.612</ele>
</trkpt>
<trkpt lat="42.529261" lon="2.473215">
<ele>2170.709</ele>
</trkpt>
<trkpt lat="42.52927" lon="2.473195">
<ele>2170.639</ele>
</trkpt>
<trkpt lat="42.529281" lon="2.473164">
<ele>2170.705</ele>
</trkpt>
<trkpt lat="42.529292" lon="2.473135">
<ele>2170.7</ele>
</trkpt>
<trkpt lat="42.5293" lon="2.473114">
<ele>2170.684</ele>
</trkpt>
<trkpt lat="42.529312" lon="2.473084">
<ele>2170.602</ele>
</trkpt>
<trkpt lat="42.529326" lon="2.473057">
<ele>2170.271</ele>
</trkpt>
<trkpt lat="42.529337" lon="2.473035">
<ele>2170.011</ele>
</trkpt>
<trkpt lat="42.529347" lon="2.473011">
<ele>2169.861</ele>
</trkpt>
<trkpt lat="42.529359" lon="2.472981">
<ele>2169.688</ele>
</trkpt>
<trkpt lat="42.529372" lon="2.472918">
<ele>2170.243</ele>
</trkpt>
<trkpt lat="42.529379" lon="2.472894">
<ele>2170.285</ele>
</trkpt>
<trkpt lat="42.529391" lon="2.472868">
<ele>2169.968</ele>
</trkpt>
<trkpt lat="42.529431" lon="2.472778">
<ele>2169.082</ele>
</trkpt>
<trkpt lat="42.529443" lon="2.472749">
<ele>2168.922</ele>
</trkpt>
<trkpt lat="42.529452" lon="2.472721">
<ele>2169.005</ele>
</trkpt>
<trkpt lat="42.529458" lon="2.472699">
<ele>2169.172</ele>
</trkpt>
<trkpt lat="42.529474" lon="2.472666">
<ele>2168.873</ele>
</trkpt>
<trkpt lat="42.529484" lon="2.472644">
<ele>2168.745</ele>
</trkpt>
<trkpt lat="42.529492" lon="2.472627">
<ele>2168.632</ele>
</trkpt>
<trkpt lat="42.529502" lon="2.472602">
<ele>2168.612</ele>
</trkpt>
<trkpt lat="42.529512" lon="2.472572">
<ele>2168.75</ele>
</trkpt>
<trkpt lat="42.529516" lon="2.472554">
<ele>2168.986</ele>
</trkpt>
<trkpt lat="42.52952" lon="2.472539">
<ele>2169.128</ele>
</trkpt>
<trkpt lat="42.529533" lon="2.472516">
<ele>2168.816</ele>
</trkpt>
<trkpt lat="42.529542" lon="2.472495">
<ele>2168.745</ele>
</trkpt>
<trkpt lat="42.529553" lon="2.472473">
<ele>2168.555</ele>
</trkpt>
<trkpt lat="42.529565" lon="2.472423">
<ele>2169.071</ele>
</trkpt>
<trkpt lat="42.529572" lon="2.472394">
<ele>2169.349</ele>
</trkpt>
<trkpt lat="42.529578" lon="2.472368">
<ele>2169.606</ele>
</trkpt>
<trkpt lat="42.529594" lon="2.472307">
<ele>2170.027</ele>
</trkpt>
<trkpt lat="42.5296" lon="2.472276">
<ele>2170.382</ele>
</trkpt>
<trkpt lat="42.529609" lon="2.472234">
<ele>2170.796</ele>
</trkpt>
<trkpt lat="42.529613" lon="2.472206">
<ele>2171.221</ele>
</trkpt>
<trkpt lat="42.529618" lon="2.472164">
<ele>2171.904</ele>
</trkpt>
<trkpt lat="42.529625" lon="2.47211">
<ele>2172.655</ele>
</trkpt>
<trkpt lat="42.529649" lon="2.472012">
<ele>2173.265</ele>
</trkpt>
<trkpt lat="42.529691" lon="2.47189">
<ele>2173.869</ele>
</trkpt>
<trkpt lat="42.529739" lon="2.471753">
<ele>2175.535</ele>
</trkpt>
<trkpt lat="42.529784" lon="2.471638">
<ele>2176.83</ele>
</trkpt>
<trkpt lat="42.529841" lon="2.471536">
<ele>2176.89</ele>
</trkpt>
<trkpt lat="42.529881" lon="2.471459">
<ele>2177.598</ele>
</trkpt>
<trkpt lat="42.529923" lon="2.471377">
<ele>2178.614</ele>
</trkpt>
<trkpt lat="42.529967" lon="2.471293">
<ele>2179.409</ele>
</trkpt>
<trkpt lat="42.530013" lon="2.471207">
<ele>2179.904</ele>
</trkpt>
<trkpt lat="42.530033" lon="2.471165">
<ele>2180.353</ele>
</trkpt>
<trkpt lat="42.530044" lon="2.471133">
<ele>2180.976</ele>
</trkpt>
<trkpt lat="42.530047" lon="2.471103">
<ele>2181.985</ele>
</trkpt>
<trkpt lat="42.530052" lon="2.471083">
<ele>2182.477</ele>
</trkpt>
<trkpt lat="42.530063" lon="2.47106">
<ele>2182.742</ele>
</trkpt>
<trkpt lat="42.530076" lon="2.471033">
<ele>2183.037</ele>
</trkpt>
<trkpt lat="42.53009" lon="2.47101">
<ele>2183.108</ele>
</trkpt>
<trkpt lat="42.530105" lon="2.470984">
<ele>2183.194</ele>
</trkpt>
<trkpt lat="42.530118" lon="2.47096">
<ele>2183.254</ele>
</trkpt>
<trkpt lat="42.530133" lon="2.470924">
<ele>2183.447</ele>
</trkpt>
<trkpt lat="42.530146" lon="2.470899">
<ele>2183.375</ele>
</trkpt>
<trkpt lat="42.530156" lon="2.470871">
<ele>2183.493</ele>
</trkpt>
<trkpt lat="42.530167" lon="2.470843">
<ele>2183.549</ele>
</trkpt>
<trkpt lat="42.530176" lon="2.470817">
<ele>2183.68</ele>
</trkpt>
<trkpt lat="42.530187" lon="2.470788">
<ele>2183.826</ele>
</trkpt>
<trkpt lat="42.530197" lon="2.470763">
<ele>2183.991</ele>
</trkpt>
<trkpt lat="42.530211" lon="2.470733">
<ele>2184.205</ele>
</trkpt>
<trkpt lat="42.530227" lon="2.470712">
<ele>2184.181</ele>
</trkpt>
<trkpt lat="42.530239" lon="2.470695">
<ele>2184.266</ele>
</trkpt>
<trkpt lat="42.530258" lon="2.470674">
<ele>2184.286</ele>
</trkpt>
<trkpt lat="42.530278" lon="2.470654">
<ele>2184.297</ele>
</trkpt>
<trkpt lat="42.530297" lon="2.470635">
<ele>2184.345</ele>
</trkpt>
<trkpt lat="42.530316" lon="2.47062">
<ele>2184.249</ele>
</trkpt>
<trkpt lat="42.530338" lon="2.4706">
<ele>2184.258</ele>
</trkpt>
<trkpt lat="42.530358" lon="2.470582">
<ele>2184.261</ele>
</trkpt>
<trkpt lat="42.530384" lon="2.470553">
<ele>2184.518</ele>
</trkpt>
<trkpt lat="42.5304" lon="2.470538">
<ele>2184.586</ele>
</trkpt>
<trkpt lat="42.530424" lon="2.47051">
<ele>2185.006</ele>
</trkpt>
<trkpt lat="42.530438" lon="2.470491">
<ele>2185.42</ele>
</trkpt>
<trkpt lat="42.53047" lon="2.470468">
<ele>2185.471</ele>
</trkpt>
<trkpt lat="42.530496" lon="2.470451">
<ele>2185.473</ele>
</trkpt>
<trkpt lat="42.530526" lon="2.470433">
<ele>2185.398</ele>
</trkpt>
<trkpt lat="42.530562" lon="2.470415">
<ele>2185.054</ele>
</trkpt>
<trkpt lat="42.530601" lon="2.4704">
<ele>2184.255</ele>
</trkpt>
<trkpt lat="42.530665" lon="2.470375">
<ele>2182.521</ele>
</trkpt>
<trkpt lat="42.530714" lon="2.47034">
<ele>2181.62</ele>
</trkpt>
<trkpt lat="42.530753" lon="2.470315">
<ele>2180.554</ele>
</trkpt>
<trkpt lat="42.530776" lon="2.470292">
<ele>2180.191</ele>
</trkpt>
<trkpt lat="42.530796" lon="2.470267">
<ele>2180.015</ele>
</trkpt>
<trkpt lat="42.530814" lon="2.470239">
<ele>2180.02</ele>
</trkpt>
<trkpt lat="42.530832" lon="2.470206">
<ele>2180.159</ele>
</trkpt>
<trkpt lat="42.530844" lon="2.470181">
<ele>2180.313</ele>
</trkpt>
<trkpt lat="42.530857" lon="2.470154">
<ele>2180.437</ele>
</trkpt>
<trkpt lat="42.530877" lon="2.470089">
<ele>2181.434</ele>
</trkpt>
<trkpt lat="42.530888" lon="2.470064">
<ele>2181.589</ele>
</trkpt>
<trkpt lat="42.530923" lon="2.469991">
<ele>2181.874</ele>
</trkpt>
<trkpt lat="42.530947" lon="2.469952">
<ele>2181.753</ele>
</trkpt>
<trkpt lat="42.530986" lon="2.469881">
<ele>2182.151</ele>
</trkpt>
<trkpt lat="42.531007" lon="2.469853">
<ele>2182.139</ele>
</trkpt>
<trkpt lat="42.53104" lon="2.469818">
<ele>2181.983</ele>
</trkpt>
<trkpt lat="42.531062" lon="2.469799">
<ele>2181.84</ele>
</trkpt>
<trkpt lat="42.53109" lon="2.469777">
<ele>2181.702</ele>
</trkpt>
<trkpt lat="42.531119" lon="2.469751">
<ele>2181.832</ele>
</trkpt>
<trkpt lat="42.531142" lon="2.469732">
<ele>2181.934</ele>
</trkpt>
<trkpt lat="42.531168" lon="2.469714">
<ele>2181.937</ele>
</trkpt>
<trkpt lat="42.531193" lon="2.469696">
<ele>2181.994</ele>
</trkpt>
<trkpt lat="42.531242" lon="2.469672">
<ele>2181.604</ele>
</trkpt>
<trkpt lat="42.531273" lon="2.469656">
<ele>2181.372</ele>
</trkpt>
<trkpt lat="42.531314" lon="2.469634">
<ele>2181.122</ele>
</trkpt>
<trkpt lat="42.531362" lon="2.469603">
<ele>2181.139</ele>
</trkpt>
<trkpt lat="42.531389" lon="2.469586">
<ele>2181.163</ele>
</trkpt>
<trkpt lat="42.531429" lon="2.469557">
<ele>2181.384</ele>
</trkpt>
<trkpt lat="42.531456" lon="2.469538">
<ele>2181.491</ele>
</trkpt>
<trkpt lat="42.531481" lon="2.469519">
<ele>2181.609</ele>
</trkpt>
<trkpt lat="42.531512" lon="2.469498">
<ele>2181.571</ele>
</trkpt>
<trkpt lat="42.531543" lon="2.46948">
<ele>2181.361</ele>
</trkpt>
<trkpt lat="42.531598" lon="2.469444">
<ele>2180.93</ele>
</trkpt>
<trkpt lat="42.531616" lon="2.46943">
<ele>2180.781</ele>
</trkpt>
<trkpt lat="42.531636" lon="2.469412">
<ele>2180.627</ele>
</trkpt>
<trkpt lat="42.531657" lon="2.469379">
<ele>2180.779</ele>
</trkpt>
<trkpt lat="42.531673" lon="2.469355">
<ele>2180.765</ele>
</trkpt>
<trkpt lat="42.531691" lon="2.469317">
<ele>2180.936</ele>
</trkpt>
<trkpt lat="42.531704" lon="2.469298">
<ele>2180.806</ele>
</trkpt>
<trkpt lat="42.531726" lon="2.469267">
<ele>2180.529</ele>
</trkpt>
<trkpt lat="42.531741" lon="2.469241">
<ele>2180.452</ele>
</trkpt>
<trkpt lat="42.531762" lon="2.46921">
<ele>2180.25</ele>
</trkpt>
<trkpt lat="42.531784" lon="2.46918">
<ele>2180.036</ele>
</trkpt>
<trkpt lat="42.531815" lon="2.469144">
<ele>2179.663</ele>
</trkpt>
<trkpt lat="42.531836" lon="2.469107">
<ele>2179.762</ele>
</trkpt>
<trkpt lat="42.53185" lon="2.469082">
<ele>2179.838</ele>
</trkpt>
<trkpt lat="42.53187" lon="2.469054">
<ele>2179.724</ele>
</trkpt>
<trkpt lat="42.531898" lon="2.469011">
<ele>2179.578</ele>
</trkpt>
<trkpt lat="42.531924" lon="2.468977">
<ele>2179.164</ele>
</trkpt>
<trkpt lat="42.531949" lon="2.468934">
<ele>2178.86</ele>
</trkpt>
<trkpt lat="42.53197" lon="2.46888">
<ele>2178.864</ele>
</trkpt>
<trkpt lat="42.531986" lon="2.46883">
<ele>2178.913</ele>
</trkpt>
<trkpt lat="42.531997" lon="2.468786">
<ele>2179.041</ele>
</trkpt>
<trkpt lat="42.532006" lon="2.468746">
<ele>2179.14</ele>
</trkpt>
<trkpt lat="42.532015" lon="2.468683">
<ele>2179.487</ele>
</trkpt>
<trkpt lat="42.532021" lon="2.468631">
<ele>2179.747</ele>
</trkpt>
<trkpt lat="42.532027" lon="2.468566">
<ele>2180.044</ele>
</trkpt>
<trkpt lat="42.532031" lon="2.468514">
<ele>2180.249</ele>
</trkpt>
<trkpt lat="42.532069" lon="2.468344">
<ele>2178.603</ele>
</trkpt>
<trkpt lat="42.532088" lon="2.468285">
<ele>2177.623</ele>
</trkpt>
<trkpt lat="42.532126" lon="2.468157">
<ele>2175.914</ele>
</trkpt>
<trkpt lat="42.532166" lon="2.467994">
<ele>2174.708</ele>
</trkpt>
<trkpt lat="42.532193" lon="2.467923">
<ele>2173.948</ele>
</trkpt>
<trkpt lat="42.532225" lon="2.467859">
<ele>2173.195</ele>
</trkpt>
<trkpt lat="42.532248" lon="2.467819">
<ele>2172.742</ele>
</trkpt>
<trkpt lat="42.532271" lon="2.467764">
<ele>2172.662</ele>
</trkpt>
<trkpt lat="42.532312" lon="2.467675">
<ele>2172.337</ele>
</trkpt>
<trkpt lat="42.532363" lon="2.467553">
<ele>2171.575</ele>
</trkpt>
<trkpt lat="42.532384" lon="2.467508">
<ele>2171.092</ele>
</trkpt>
<trkpt lat="42.532401" lon="2.467449">
<ele>2170.912</ele>
</trkpt>
<trkpt lat="42.532408" lon="2.467418">
<ele>2170.905</ele>
</trkpt>
<trkpt lat="42.532414" lon="2.46739">
<ele>2170.919</ele>
</trkpt>
<trkpt lat="42.532421" lon="2.467362">
<ele>2170.912</ele>
</trkpt>
<trkpt lat="42.532423" lon="2.467331">
<ele>2171.083</ele>
</trkpt>
<trkpt lat="42.532422" lon="2.4673">
<ele>2171.325</ele>
</trkpt>
<trkpt lat="42.532417" lon="2.467279">
<ele>2171.578</ele>
</trkpt>
<trkpt lat="42.532479" lon="2.467193">
<ele>2170.365</ele>
</trkpt>
<trkpt lat="42.532509" lon="2.46717">
<ele>2169.644</ele>
</trkpt>
<trkpt lat="42.53253" lon="2.467147">
<ele>2169.121</ele>
</trkpt>
<trkpt lat="42.532544" lon="2.467126">
<ele>2168.767</ele>
</trkpt>
<trkpt lat="42.532564" lon="2.4671">
<ele>2168.238</ele>
</trkpt>
<trkpt lat="42.532577" lon="2.467082">
<ele>2167.896</ele>
</trkpt>
<trkpt lat="42.532607" lon="2.467041">
<ele>2167.147</ele>
</trkpt>
<trkpt lat="42.53263" lon="2.467018">
<ele>2166.615</ele>
</trkpt>
<trkpt lat="42.532651" lon="2.466994">
<ele>2166.218</ele>
</trkpt>
<trkpt lat="42.532669" lon="2.466976">
<ele>2165.886</ele>
</trkpt>
<trkpt lat="42.532698" lon="2.466952">
<ele>2165.331</ele>
</trkpt>
<trkpt lat="42.532718" lon="2.466933">
<ele>2164.959</ele>
</trkpt>
<trkpt lat="42.532748" lon="2.466903">
<ele>2164.37</ele>
</trkpt>
<trkpt lat="42.532775" lon="2.466878">
<ele>2163.753</ele>
</trkpt>
<trkpt lat="42.532799" lon="2.466859">
<ele>2163.111</ele>
</trkpt>
<trkpt lat="42.532825" lon="2.466835">
<ele>2162.362</ele>
</trkpt>
<trkpt lat="42.53285" lon="2.466811">
<ele>2161.587</ele>
</trkpt>
<trkpt lat="42.532877" lon="2.466779">
<ele>2160.799</ele>
</trkpt>
<trkpt lat="42.532898" lon="2.466748">
<ele>2160.297</ele>
</trkpt>
<trkpt lat="42.532921" lon="2.466715">
<ele>2159.804</ele>
</trkpt>
<trkpt lat="42.532947" lon="2.466682">
<ele>2159.25</ele>
</trkpt>
<trkpt lat="42.53297" lon="2.466644">
<ele>2158.969</ele>
</trkpt>
<trkpt lat="42.532991" lon="2.466612">
<ele>2158.691</ele>
</trkpt>
<trkpt lat="42.533019" lon="2.466572">
<ele>2158.271</ele>
</trkpt>
<trkpt lat="42.533039" lon="2.466543">
<ele>2157.967</ele>
</trkpt>
<trkpt lat="42.533072" lon="2.466497">
<ele>2157.377</ele>
</trkpt>
<trkpt lat="42.533096" lon="2.466461">
<ele>2156.935</ele>
</trkpt>
<trkpt lat="42.533115" lon="2.466429">
<ele>2156.632</ele>
</trkpt>
<trkpt lat="42.533147" lon="2.466386">
<ele>2155.908</ele>
</trkpt>
<trkpt lat="42.533179" lon="2.466346">
<ele>2155.263</ele>
</trkpt>
<trkpt lat="42.533197" lon="2.466318">
<ele>2155.146</ele>
</trkpt>
<trkpt lat="42.533222" lon="2.466276">
<ele>2155.237</ele>
</trkpt>
<trkpt lat="42.533246" lon="2.466246">
<ele>2155.179</ele>
</trkpt>
<trkpt lat="42.533266" lon="2.466222">
<ele>2155.171</ele>
</trkpt>
<trkpt lat="42.533296" lon="2.466193">
<ele>2155.003</ele>
</trkpt>
<trkpt lat="42.533324" lon="2.466171">
<ele>2154.71</ele>
</trkpt>
<trkpt lat="42.533349" lon="2.466153">
<ele>2154.406</ele>
</trkpt>
<trkpt lat="42.533379" lon="2.466139">
<ele>2153.818</ele>
</trkpt>
<trkpt lat="42.533402" lon="2.466125">
<ele>2153.468</ele>
</trkpt>
<trkpt lat="42.533427" lon="2.466104">
<ele>2153.253</ele>
</trkpt>
<trkpt lat="42.533452" lon="2.466075">
<ele>2153.22</ele>
</trkpt>
<trkpt lat="42.533477" lon="2.466046">
<ele>2153.148</ele>
</trkpt>
<trkpt lat="42.533495" lon="2.466024">
<ele>2153.109</ele>
</trkpt>
<trkpt lat="42.533519" lon="2.465999">
<ele>2152.948</ele>
</trkpt>
<trkpt lat="42.533543" lon="2.465973">
<ele>2152.812</ele>
</trkpt>
<trkpt lat="42.533573" lon="2.465943">
<ele>2152.621</ele>
</trkpt>
<trkpt lat="42.533601" lon="2.465918">
<ele>2152.425</ele>
</trkpt>
<trkpt lat="42.533629" lon="2.46589">
<ele>2152.353</ele>
</trkpt>
<trkpt lat="42.533648" lon="2.465864">
<ele>2152.501</ele>
</trkpt>
<trkpt lat="42.533672" lon="2.465842">
<ele>2152.425</ele>
</trkpt>
<trkpt lat="42.533705" lon="2.465816">
<ele>2152.193</ele>
</trkpt>
<trkpt lat="42.533745" lon="2.465783">
<ele>2151.842</ele>
</trkpt>
<trkpt lat="42.533779" lon="2.465754">
<ele>2151.415</ele>
</trkpt>
<trkpt lat="42.533809" lon="2.465735">
<ele>2150.847</ele>
</trkpt>
<trkpt lat="42.533835" lon="2.465714">
<ele>2150.455</ele>
</trkpt>
<trkpt lat="42.53386" lon="2.465684">
<ele>2150.331</ele>
</trkpt>
<trkpt lat="42.533879" lon="2.465654">
<ele>2150.445</ele>
</trkpt>
<trkpt lat="42.533901" lon="2.465623">
<ele>2150.553</ele>
</trkpt>
<trkpt lat="42.53393" lon="2.465583">
<ele>2150.743</ele>
</trkpt>
<trkpt lat="42.533951" lon="2.465556">
<ele>2150.84</ele>
</trkpt>
<trkpt lat="42.533979" lon="2.465522">
<ele>2150.82</ele>
</trkpt>
<trkpt lat="42.534003" lon="2.465495">
<ele>2150.649</ele>
</trkpt>
<trkpt lat="42.534027" lon="2.46547">
<ele>2150.363</ele>
</trkpt>
<trkpt lat="42.534053" lon="2.46545">
<ele>2149.905</ele>
</trkpt>
<trkpt lat="42.534073" lon="2.465437">
<ele>2149.526</ele>
</trkpt>
<trkpt lat="42.534098" lon="2.465422">
<ele>2149.08</ele>
</trkpt>
<trkpt lat="42.534128" lon="2.465405">
<ele>2148.645</ele>
</trkpt>
<trkpt lat="42.53415" lon="2.465388">
<ele>2148.498</ele>
</trkpt>
<trkpt lat="42.534235" lon="2.465326">
<ele>2148.712</ele>
</trkpt>
</trkseg>
<trkseg>
<trkpt lat="42.534235" lon="2.465326">
<ele>2148.712</ele>
</trkpt>
<trkpt lat="42.534281" lon="2.465408">
<ele>2147.844</ele>
</trkpt>
<trkpt lat="42.534289" lon="2.465175">
<ele>2149.662</ele>
</trkpt>
<trkpt lat="42.532787" lon="2.463836">
<ele>2152.332</ele>
</trkpt>
<trkpt lat="42.532851" lon="2.462119">
<ele>2166.248</ele>
</trkpt>
<trkpt lat="42.531253" lon="2.459424">
<ele>2197.507</ele>
</trkpt>
<trkpt lat="42.532882" lon="2.457441">
<ele>2235.137</ele>
</trkpt>
<trkpt lat="42.533878" lon="2.454918">
<ele>2264.456</ele>
</trkpt>
<trkpt lat="42.533" lon="2.451856">
<ele>2343.945</ele>
</trkpt>
<trkpt lat="42.528455" lon="2.454308">
<ele>2462.631</ele>
</trkpt>
<trkpt lat="42.527316" lon="2.453879">
<ele>2492.888</ele>
</trkpt>
<trkpt lat="42.518989" lon="2.456276">
<ele>2768.733</ele>
</trkpt>
<trkpt lat="42.515921" lon="2.456748">
<ele>2542.103</ele>
</trkpt>
<trkpt lat="42.514497" lon="2.456362">
<ele>2506.297</ele>
</trkpt>
<trkpt lat="42.512671" lon="2.459415">
<ele>2422.759</ele>
</trkpt>
<trkpt lat="42.510005" lon="2.456062">
<ele>2324.197</ele>
</trkpt>
<trkpt lat="42.50492" lon="2.454866">
<ele>2233.523</ele>
</trkpt>
<trkpt lat="42.504374" lon="2.445075">
<ele>2142.922</ele>
</trkpt>
<trkpt lat="42.500039" lon="2.440054">
<ele>1974.91</ele>
</trkpt>
<trkpt lat="42.499289" lon="2.439444">
<ele>1982.374</ele>
</trkpt>
<trkpt lat="42.499732" lon="2.436526">
<ele>1975.297</ele>
</trkpt>
<trkpt lat="42.499574" lon="2.433135">
<ele>1956.724</ele>
</trkpt>
<trkpt lat="42.498752" lon="2.430088">
<ele>1949.847</ele>
</trkpt>
<trkpt lat="42.498214" lon="2.425453">
<ele>1907.539</ele>
</trkpt>
<trkpt lat="42.498267" lon="2.421386">
<ele>1861.086</ele>
</trkpt>
<trkpt lat="42.496021" lon="2.419627">
<ele>1816.401</ele>
</trkpt>
<trkpt lat="42.497444" lon="2.416923">
<ele>1763.441</ele>
</trkpt>
<trkpt lat="42.494628" lon="2.411644">
<ele>1693.908</ele>
</trkpt>
<trkpt lat="42.500004" lon="2.408834">
<ele>1717.604</ele>
</trkpt>
<trkpt lat="42.500022" lon="2.408808">
<ele>1718.053</ele>
</trkpt>
<trkpt lat="42.500035" lon="2.408759">
<ele>1718.776</ele>
</trkpt>
<trkpt lat="42.500045" lon="2.408717">
<ele>1719.231</ele>
</trkpt>
<trkpt lat="42.500086" lon="2.408648">
<ele>1719.327</ele>
</trkpt>
<trkpt lat="42.500015" lon="2.408656">
<ele>1720.167</ele>
</trkpt>
<trkpt lat="42.499942" lon="2.408684">
<ele>1720.805</ele>
</trkpt>
<trkpt lat="42.49986" lon="2.408714">
<ele>1721.434</ele>
</trkpt>
<trkpt lat="42.499782" lon="2.408732">
<ele>1722.232</ele>
</trkpt>
<trkpt lat="42.499706" lon="2.408747">
<ele>1722.909</ele>
</trkpt>
<trkpt lat="42.499612" lon="2.408762">
<ele>1723.484</ele>
</trkpt>
<trkpt lat="42.499502" lon="2.408788">
<ele>1723.917</ele>
</trkpt>
<trkpt lat="42.499403" lon="2.408813">
<ele>1724.768</ele>
</trkpt>
<trkpt lat="42.499296" lon="2.408849">
<ele>1725.555</ele>
</trkpt>
<trkpt lat="42.49925" lon="2.408866">
<ele>1725.731</ele>
</trkpt>
<trkpt lat="42.499191" lon="2.408888">
<ele>1725.882</ele>
</trkpt>
<trkpt lat="42.499085" lon="2.408917">
<ele>1726.574</ele>
</trkpt>
<trkpt lat="42.498984" lon="2.408939">
<ele>1727.403</ele>
</trkpt>
<trkpt lat="42.498871" lon="2.408957">
<ele>1728.432</ele>
</trkpt>
<trkpt lat="42.498784" lon="2.408964">
<ele>1729.506</ele>
</trkpt>
<trkpt lat="42.498702" lon="2.408972">
<ele>1730.48</ele>
</trkpt>
<trkpt lat="42.498614" lon="2.408985">
<ele>1731.305</ele>
</trkpt>
<trkpt lat="42.498519" lon="2.409009">
<ele>1731.596</ele>
</trkpt>
<trkpt lat="42.498425" lon="2.409037">
<ele>1731.659</ele>
</trkpt>
<trkpt lat="42.498324" lon="2.409073">
<ele>1731.987</ele>
</trkpt>
<trkpt lat="42.498244" lon="2.409103">
<ele>1732.694</ele>
</trkpt>
<trkpt lat="42.498159" lon="2.409143">
<ele>1733.393</ele>
</trkpt>
<trkpt lat="42.498092" lon="2.409187">
<ele>1733.557</ele>
</trkpt>
<trkpt lat="42.498031" lon="2.409245">
<ele>1733.334</ele>
</trkpt>
<trkpt lat="42.497972" lon="2.40931">
<ele>1733.335</ele>
</trkpt>
<trkpt lat="42.497895" lon="2.409408">
<ele>1733.593</ele>
</trkpt>
<trkpt lat="42.497824" lon="2.409481">
<ele>1734.601</ele>
</trkpt>
<trkpt lat="42.497742" lon="2.409568">
<ele>1735.864</ele>
</trkpt>
<trkpt lat="42.497664" lon="2.409649">
<ele>1737.029</ele>
</trkpt>
<trkpt lat="42.497591" lon="2.409719">
<ele>1738.226</ele>
</trkpt>
<trkpt lat="42.497517" lon="2.409794">
<ele>1739.302</ele>
</trkpt>
<trkpt lat="42.497453" lon="2.409864">
<ele>1739.956</ele>
</trkpt>
<trkpt lat="42.497287" lon="2.410064">
<ele>1740.84</ele>
</trkpt>
<trkpt lat="42.497145" lon="2.410221">
<ele>1742.319</ele>
</trkpt>
<trkpt lat="42.497084" lon="2.410266">
<ele>1742.706</ele>
</trkpt>
<trkpt lat="42.497047" lon="2.410285">
<ele>1742.795</ele>
</trkpt>
<trkpt lat="42.496998" lon="2.4103">
<ele>1742.662</ele>
</trkpt>
<trkpt lat="42.496948" lon="2.410294">
<ele>1742.663</ele>
</trkpt>
<trkpt lat="42.496904" lon="2.410274">
<ele>1742.871</ele>
</trkpt>
<trkpt lat="42.496876" lon="2.410255">
<ele>1743.158</ele>
</trkpt>
<trkpt lat="42.49683" lon="2.410213">
<ele>1744.038</ele>
</trkpt>
<trkpt lat="42.49678" lon="2.41016">
<ele>1745.352</ele>
</trkpt>
<trkpt lat="42.49672" lon="2.410094">
<ele>1746.694</ele>
</trkpt>
<trkpt lat="42.496652" lon="2.410042">
<ele>1746.737</ele>
</trkpt>
<trkpt lat="42.496586" lon="2.410003">
<ele>1746.381</ele>
</trkpt>
<trkpt lat="42.496496" lon="2.409954">
<ele>1746.809</ele>
</trkpt>
<trkpt lat="42.496415" lon="2.409915">
<ele>1747.541</ele>
</trkpt>
<trkpt lat="42.496292" lon="2.409852">
<ele>1748.604</ele>
</trkpt>
<trkpt lat="42.4962" lon="2.409806">
<ele>1749.33</ele>
</trkpt>
<trkpt lat="42.496095" lon="2.409755">
<ele>1750.269</ele>
</trkpt>
<trkpt lat="42.49602" lon="2.409722">
<ele>1750.31</ele>
</trkpt>
<trkpt lat="42.495946" lon="2.409691">
<ele>1750.227</ele>
</trkpt>
<trkpt lat="42.495888" lon="2.409666">
<ele>1750.685</ele>
</trkpt>
<trkpt lat="42.495837" lon="2.40965">
<ele>1751.248</ele>
</trkpt>
<trkpt lat="42.495788" lon="2.409638">
<ele>1751.923</ele>
</trkpt>
<trkpt lat="42.495739" lon="2.409635">
<ele>1752.379</ele>
</trkpt>
<trkpt lat="42.495701" lon="2.409638">
<ele>1752.598</ele>
</trkpt>
<trkpt lat="42.495666" lon="2.409647">
<ele>1752.556</ele>
</trkpt>
<trkpt lat="42.495623" lon="2.409664">
<ele>1752.358</ele>
</trkpt>
<trkpt lat="42.495579" lon="2.409688">
<ele>1751.912</ele>
</trkpt>
<trkpt lat="42.495538" lon="2.409711">
<ele>1751.428</ele>
</trkpt>
<trkpt lat="42.495492" lon="2.409728">
<ele>1751.382</ele>
</trkpt>
<trkpt lat="42.495451" lon="2.40973">
<ele>1752.288</ele>
</trkpt>
<trkpt lat="42.495416" lon="2.409732">
<ele>1753.138</ele>
</trkpt>
<trkpt lat="42.495378" lon="2.409735">
<ele>1754.142</ele>
</trkpt>
<trkpt lat="42.495328" lon="2.409751">
<ele>1754.808</ele>
</trkpt>
<trkpt lat="42.495278" lon="2.409782">
<ele>1754.683</ele>
</trkpt>
<trkpt lat="42.495239" lon="2.409821">
<ele>1753.743</ele>
</trkpt>
<trkpt lat="42.495191" lon="2.409862">
<ele>1753.032</ele>
</trkpt>
<trkpt lat="42.495117" lon="2.4099">
<ele>1753.67</ele>
</trkpt>
<trkpt lat="42.494994" lon="2.409941">
<ele>1756.189</ele>
</trkpt>
<trkpt lat="42.494857" lon="2.409988">
<ele>1757.227</ele>
</trkpt>
<trkpt lat="42.494764" lon="2.410023">
<ele>1757.27</ele>
</trkpt>
<trkpt lat="42.494676" lon="2.41005">
<ele>1758.192</ele>
</trkpt>
<trkpt lat="42.49458" lon="2.410077">
<ele>1759.275</ele>
</trkpt>
<trkpt lat="42.494468" lon="2.410111">
<ele>1759.889</ele>
</trkpt>
<trkpt lat="42.494376" lon="2.410149">
<ele>1759.998</ele>
</trkpt>
<trkpt lat="42.494288" lon="2.410168">
<ele>1761.206</ele>
</trkpt>
<trkpt lat="42.494213" lon="2.41018">
<ele>1762.208</ele>
</trkpt>
<trkpt lat="42.494142" lon="2.410193">
<ele>1763.077</ele>
</trkpt>
<trkpt lat="42.494074" lon="2.410209">
<ele>1763.999</ele>
</trkpt>
<trkpt lat="42.494015" lon="2.410234">
<ele>1764.258</ele>
</trkpt>
<trkpt lat="42.493977" lon="2.410259">
<ele>1763.849</ele>
</trkpt>
<trkpt lat="42.493918" lon="2.410297">
<ele>1763.606</ele>
</trkpt>
<trkpt lat="42.493858" lon="2.410334">
<ele>1764.182</ele>
</trkpt>
<trkpt lat="42.493804" lon="2.410367">
<ele>1765.54</ele>
</trkpt>
<trkpt lat="42.493744" lon="2.410395">
<ele>1767.697</ele>
</trkpt>
<trkpt lat="42.493683" lon="2.410425">
<ele>1769.293</ele>
</trkpt>
<trkpt lat="42.493623" lon="2.410451">
<ele>1770.021</ele>
</trkpt>
<trkpt lat="42.493557" lon="2.41047">
<ele>1770.436</ele>
</trkpt>
<trkpt lat="42.493482" lon="2.41047">
<ele>1771.572</ele>
</trkpt>
<trkpt lat="42.493393" lon="2.410469">
<ele>1772.909</ele>
</trkpt>
<trkpt lat="42.49331" lon="2.410466">
<ele>1774.222</ele>
</trkpt>
<trkpt lat="42.493239" lon="2.410458">
<ele>1775.343</ele>
</trkpt>
<trkpt lat="42.493178" lon="2.410449">
<ele>1775.93</ele>
</trkpt>
<trkpt lat="42.493132" lon="2.410437">
<ele>1775.946</ele>
</trkpt>
<trkpt lat="42.493078" lon="2.410419">
<ele>1775.859</ele>
</trkpt>
<trkpt lat="42.493046" lon="2.410395">
<ele>1776.585</ele>
</trkpt>
<trkpt lat="42.493026" lon="2.410373">
<ele>1777.506</ele>
</trkpt>
<trkpt lat="42.493013" lon="2.410356">
<ele>1778.306</ele>
</trkpt>
<trkpt lat="42.492997" lon="2.410338">
<ele>1779.222</ele>
</trkpt>
<trkpt lat="42.492974" lon="2.410326">
<ele>1780.006</ele>
</trkpt>
<trkpt lat="42.492952" lon="2.410324">
<ele>1780.412</ele>
</trkpt>
<trkpt lat="42.492927" lon="2.410337">
<ele>1780.327</ele>
</trkpt>
<trkpt lat="42.492904" lon="2.41037">
<ele>1779.777</ele>
</trkpt>
<trkpt lat="42.492887" lon="2.410418">
<ele>1779.162</ele>
</trkpt>
<trkpt lat="42.492869" lon="2.410472">
<ele>1779.184</ele>
</trkpt>
<trkpt lat="42.492847" lon="2.410533">
<ele>1780.057</ele>
</trkpt>
<trkpt lat="42.492822" lon="2.410595">
<ele>1781.415</ele>
</trkpt>
<trkpt lat="42.492793" lon="2.410653">
<ele>1783.009</ele>
</trkpt>
<trkpt lat="42.492757" lon="2.410719">
<ele>1784.195</ele>
</trkpt>
<trkpt lat="42.492714" lon="2.410767">
<ele>1785.129</ele>
</trkpt>
<trkpt lat="42.492659" lon="2.410815">
<ele>1785.719</ele>
</trkpt>
<trkpt lat="42.492604" lon="2.410853">
<ele>1786.209</ele>
</trkpt>
<trkpt lat="42.492544" lon="2.410898">
<ele>1786.699</ele>
</trkpt>
<trkpt lat="42.492477" lon="2.410941">
<ele>1788.207</ele>
</trkpt>
<trkpt lat="42.492168" lon="2.411186">
<ele>1791.31</ele>
</trkpt>
<trkpt lat="42.492018" lon="2.411272">
<ele>1793.274</ele>
</trkpt>
<trkpt lat="42.491878" lon="2.411379">
<ele>1794.927</ele>
</trkpt>
<trkpt lat="42.49179" lon="2.411434">
<ele>1796.08</ele>
</trkpt>
<trkpt lat="42.491726" lon="2.411473">
<ele>1796.638</ele>
</trkpt>
<trkpt lat="42.491635" lon="2.411519">
<ele>1797.567</ele>
</trkpt>
<trkpt lat="42.491568" lon="2.411549">
<ele>1798.373</ele>
</trkpt>
<trkpt lat="42.491485" lon="2.411582">
<ele>1799.493</ele>
</trkpt>
<trkpt lat="42.491413" lon="2.411605">
<ele>1800.534</ele>
</trkpt>
<trkpt lat="42.491333" lon="2.41162">
<ele>1801.957</ele>
</trkpt>
<trkpt lat="42.491258" lon="2.411626">
<ele>1803.457</ele>
</trkpt>
<trkpt lat="42.49117" lon="2.411622">
<ele>1805.382</ele>
</trkpt>
<trkpt lat="42.491116" lon="2.411618">
<ele>1806.077</ele>
</trkpt>
<trkpt lat="42.490926" lon="2.41166">
<ele>1807.769</ele>
</trkpt>
<trkpt lat="42.490902" lon="2.411706">
<ele>1807.678</ele>
</trkpt>
<trkpt lat="42.490873" lon="2.41176">
<ele>1807.931</ele>
</trkpt>
<trkpt lat="42.490832" lon="2.411813">
<ele>1808.953</ele>
</trkpt>
<trkpt lat="42.490782" lon="2.41186">
<ele>1810.512</ele>
</trkpt>
<trkpt lat="42.490725" lon="2.411922">
<ele>1811.707</ele>
</trkpt>
<trkpt lat="42.490676" lon="2.411982">
<ele>1812.296</ele>
</trkpt>
<trkpt lat="42.490614" lon="2.41206">
<ele>1813.019</ele>
</trkpt>
<trkpt lat="42.490559" lon="2.412129">
<ele>1813.726</ele>
</trkpt>
<trkpt lat="42.49051" lon="2.4122">
<ele>1814.019</ele>
</trkpt>
<trkpt lat="42.490457" lon="2.412274">
<ele>1814.384</ele>
</trkpt>
<trkpt lat="42.490378" lon="2.412366">
<ele>1815.379</ele>
</trkpt>
<trkpt lat="42.490315" lon="2.412429">
<ele>1816.143</ele>
</trkpt>
<trkpt lat="42.49024" lon="2.412494">
<ele>1816.649</ele>
</trkpt>
<trkpt lat="42.490158" lon="2.412544">
<ele>1817.842</ele>
</trkpt>
<trkpt lat="42.490082" lon="2.412587">
<ele>1819.3</ele>
</trkpt>
<trkpt lat="42.490005" lon="2.41263">
<ele>1820.898</ele>
</trkpt>
<trkpt lat="42.489937" lon="2.412672">
<ele>1821.912</ele>
</trkpt>
<trkpt lat="42.489878" lon="2.412721">
<ele>1822.282</ele>
</trkpt>
<trkpt lat="42.489817" lon="2.412774">
<ele>1822.912</ele>
</trkpt>
<trkpt lat="42.489749" lon="2.41283">
<ele>1824.101</ele>
</trkpt>
<trkpt lat="42.489677" lon="2.412894">
<ele>1825.343</ele>
</trkpt>
<trkpt lat="42.489602" lon="2.412956">
<ele>1826.624</ele>
</trkpt>
<trkpt lat="42.489538" lon="2.413015">
<ele>1827.053</ele>
</trkpt>
<trkpt lat="42.489476" lon="2.413077">
<ele>1826.868</ele>
</trkpt>
<trkpt lat="42.489409" lon="2.41312">
<ele>1827.578</ele>
</trkpt>
<trkpt lat="42.489321" lon="2.413169">
<ele>1829.034</ele>
</trkpt>
<trkpt lat="42.489226" lon="2.413222">
<ele>1830.457</ele>
</trkpt>
<trkpt lat="42.489051" lon="2.413324">
<ele>1832.37</ele>
</trkpt>
<trkpt lat="42.488852" lon="2.413454">
<ele>1834.304</ele>
</trkpt>
<trkpt lat="42.488777" lon="2.413498">
<ele>1835.616</ele>
</trkpt>
<trkpt lat="42.488702" lon="2.413536">
<ele>1837.079</ele>
</trkpt>
<trkpt lat="42.488657" lon="2.41356">
<ele>1837.977</ele>
</trkpt>
<trkpt lat="42.488606" lon="2.413583">
<ele>1839.083</ele>
</trkpt>
<trkpt lat="42.488552" lon="2.413599">
<ele>1840.16</ele>
</trkpt>
<trkpt lat="42.488424" lon="2.413602">
<ele>1840.797</ele>
</trkpt>
<trkpt lat="42.488365" lon="2.413572">
<ele>1841.064</ele>
</trkpt>
<trkpt lat="42.488319" lon="2.413547">
<ele>1841.386</ele>
</trkpt>
<trkpt lat="42.488262" lon="2.413511">
<ele>1842.403</ele>
</trkpt>
<trkpt lat="42.488181" lon="2.413466">
<ele>1844.133</ele>
</trkpt>
<trkpt lat="42.488074" lon="2.413435">
<ele>1845.383</ele>
</trkpt>
<trkpt lat="42.48802" lon="2.413423">
<ele>1845.76</ele>
</trkpt>
<trkpt lat="42.487962" lon="2.413402">
<ele>1846.485</ele>
</trkpt>
<trkpt lat="42.487902" lon="2.413371">
<ele>1847.547</ele>
</trkpt>
<trkpt lat="42.487816" lon="2.413316">
<ele>1849.387</ele>
</trkpt>
<trkpt lat="42.487754" lon="2.413285">
<ele>1850.281</ele>
</trkpt>
<trkpt lat="42.487671" lon="2.413252">
<ele>1851.089</ele>
</trkpt>
<trkpt lat="42.487614" lon="2.413236">
<ele>1851.281</ele>
</trkpt>
<trkpt lat="42.487559" lon="2.41322">
<ele>1851.421</ele>
</trkpt>
<trkpt lat="42.487502" lon="2.413198">
<ele>1851.789</ele>
</trkpt>
<trkpt lat="42.487453" lon="2.41317">
<ele>1852.539</ele>
</trkpt>
<trkpt lat="42.48741" lon="2.413134">
<ele>1853.753</ele>
</trkpt>
<trkpt lat="42.487359" lon="2.413085">
<ele>1855.398</ele>
</trkpt>
<trkpt lat="42.48731" lon="2.413044">
<ele>1856.423</ele>
</trkpt>
<trkpt lat="42.487243" lon="2.413001">
<ele>1857.095</ele>
</trkpt>
<trkpt lat="42.487173" lon="2.412961">
<ele>1857.833</ele>
</trkpt>
<trkpt lat="42.487117" lon="2.412938">
<ele>1858.224</ele>
</trkpt>
<trkpt lat="42.487028" lon="2.412906">
<ele>1858.819</ele>
</trkpt>
<trkpt lat="42.486943" lon="2.412873">
<ele>1859.854</ele>
</trkpt>
<trkpt lat="42.486851" lon="2.412836">
<ele>1861.344</ele>
</trkpt>
<trkpt lat="42.486622" lon="2.412723">
<ele>1864.721</ele>
</trkpt>
<trkpt lat="42.486566" lon="2.412686">
<ele>1865.464</ele>
</trkpt>
<trkpt lat="42.486524" lon="2.412664">
<ele>1865.701</ele>
</trkpt>
<trkpt lat="42.486471" lon="2.412617">
<ele>1866.602</ele>
</trkpt>
<trkpt lat="42.48641" lon="2.412441">
<ele>1871.699</ele>
</trkpt>
<trkpt lat="42.486397" lon="2.412413">
<ele>1872.538</ele>
</trkpt>
<trkpt lat="42.486379" lon="2.412395">
<ele>1873.122</ele>
</trkpt>
<trkpt lat="42.48631" lon="2.412389">
<ele>1873.79</ele>
</trkpt>
<trkpt lat="42.486277" lon="2.4124">
<ele>1873.713</ele>
</trkpt>
<trkpt lat="42.48622" lon="2.412414">
<ele>1873.29</ele>
</trkpt>
<trkpt lat="42.485996" lon="2.412253">
<ele>1876.12</ele>
</trkpt>
<trkpt lat="42.485964" lon="2.41222">
<ele>1877.05</ele>
</trkpt>
<trkpt lat="42.485943" lon="2.412199">
<ele>1877.577</ele>
</trkpt>
<trkpt lat="42.485924" lon="2.412184">
<ele>1877.928</ele>
</trkpt>
<trkpt lat="42.485874" lon="2.412166">
<ele>1878.416</ele>
</trkpt>
<trkpt lat="42.48583" lon="2.412191">
<ele>1878.502</ele>
</trkpt>
<trkpt lat="42.483903" lon="2.41034">
<ele>1993.297</ele>
</trkpt>
<trkpt lat="42.482859" lon="2.411971">
<ele>2004.221</ele>
</trkpt>
<trkpt lat="42.481118" lon="2.411714">
<ele>2092.705</ele>
</trkpt>
<trkpt lat="42.479599" lon="2.411327">
<ele>2162.758</ele>
</trkpt>
<trkpt lat="42.475959" lon="2.412615">
<ele>2265.565</ele>
</trkpt>
</trkseg>
<trkseg>
<trkpt lat="42.475959" lon="2.412615">
<ele>2265.565</ele>
</trkpt>
<trkpt lat="42.476095" lon="2.412635">
<ele>2264.605</ele>
</trkpt>
<trkpt lat="42.469578" lon="2.414053">
<ele>2302.31</ele>
</trkpt>
<trkpt lat="42.466761" lon="2.412508">
<ele>2276.048</ele>
</trkpt>
<trkpt lat="42.463907" lon="2.407828">
<ele>2230.913</ele>
</trkpt>
<trkpt lat="42.460017" lon="2.404612">
<ele>2320.298</ele>
</trkpt>
<trkpt lat="42.459004" lon="2.401479">
<ele>2309.966</ele>
</trkpt>
<trkpt lat="42.45653" lon="2.40079">
<ele>2369.083</ele>
</trkpt>
<trkpt lat="42.455521" lon="2.398132">
<ele>2384.009</ele>
</trkpt>
<trkpt lat="42.449691" lon="2.390619">
<ele>2249.605</ele>
</trkpt>
<trkpt lat="42.448238" lon="2.38972">
<ele>2281.669</ele>
</trkpt>
<trkpt lat="42.446936" lon="2.387486">
<ele>2283.534</ele>
</trkpt>
<trkpt lat="42.447316" lon="2.382937">
<ele>2262.142</ele>
</trkpt>
<trkpt lat="42.445958" lon="2.37985">
<ele>2265.621</ele>
</trkpt>
<trkpt lat="42.44114" lon="2.375384">
<ele>2307.222</ele>
</trkpt>
<trkpt lat="42.437562" lon="2.365299">
<ele>2233.997</ele>
</trkpt>
<trkpt lat="42.432209" lon="2.346931">
<ele>2295.436</ele>
</trkpt>
<trkpt lat="42.429043" lon="2.337667">
<ele>2377.33</ele>
</trkpt>
<trkpt lat="42.426403" lon="2.3276">
<ele>2415.171</ele>
</trkpt>
<trkpt lat="42.428493" lon="2.323265">
<ele>2398.992</ele>
</trkpt>
<trkpt lat="42.42805" lon="2.320862">
<ele>2414.07</ele>
</trkpt>
<trkpt lat="42.428842" lon="2.311292">
<ele>2386.277</ele>
</trkpt>
<trkpt lat="42.428715" lon="2.30597">
<ele>2444.245</ele>
</trkpt>
<trkpt lat="42.426434" lon="2.301593">
<ele>2406.183</ele>
</trkpt>
<trkpt lat="42.426814" lon="2.293911">
<ele>2414.642</ele>
</trkpt>
<trkpt lat="42.428335" lon="2.287474">
<ele>2443.706</ele>
</trkpt>
<trkpt lat="42.430552" lon="2.28065">
<ele>2379.945</ele>
</trkpt>
<trkpt lat="42.430869" lon="2.277775">
<ele>2414.559</ele>
</trkpt>
<trkpt lat="42.430679" lon="2.275972">
<ele>2424.606</ele>
</trkpt>
<trkpt lat="42.429792" lon="2.27241">
<ele>2350.714</ele>
</trkpt>
<trkpt lat="42.429063" lon="2.269278">
<ele>2250.298</ele>
</trkpt>
<trkpt lat="42.428208" lon="2.266231">
<ele>2187.285</ele>
</trkpt>
<trkpt lat="42.424106" lon="2.26475">
<ele>2103.393</ele>
</trkpt>
<trkpt lat="42.42295" lon="2.264106">
<ele>2103.343</ele>
</trkpt>
<trkpt lat="42.421017" lon="2.262905">
<ele>2108.062</ele>
</trkpt>
<trkpt lat="42.420192" lon="2.262691">
<ele>2124.899</ele>
</trkpt>
<trkpt lat="42.42017" lon="2.26261">
<ele>2125.572</ele>
</trkpt>
<trkpt lat="42.420027" lon="2.262148">
<ele>2129.288</ele>
</trkpt>
<trkpt lat="42.419891" lon="2.261905">
<ele>2135.67</ele>
</trkpt>
<trkpt lat="42.419754" lon="2.261662">
<ele>2145.583</ele>
</trkpt>
<trkpt lat="42.419481" lon="2.261246">
<ele>2160.336</ele>
</trkpt>
<trkpt lat="42.419407" lon="2.261064">
<ele>2162.657</ele>
</trkpt>
<trkpt lat="42.419435" lon="2.260733">
<ele>2165.813</ele>
</trkpt>
<trkpt lat="42.419535" lon="2.260223">
<ele>2169.834</ele>
</trkpt>
<trkpt lat="42.419531" lon="2.259882">
<ele>2170.046</ele>
</trkpt>
<trkpt lat="42.419527" lon="2.25954">
<ele>2172.653</ele>
</trkpt>
<trkpt lat="42.419495" lon="2.259162">
<ele>2179.93</ele>
</trkpt>
<trkpt lat="42.419277" lon="2.258719">
<ele>2190.237</ele>
</trkpt>
<trkpt lat="42.418982" lon="2.258355">
<ele>2203.842</ele>
</trkpt>
</trkseg>
<trkseg>
<trkpt lat="42.418982" lon="2.258355">
<ele>2203.842</ele>
</trkpt>
<trkpt lat="42.418987" lon="2.258244">
<ele>2206.733</ele>
</trkpt>
<trkpt lat="42.419623" lon="2.257776">
<ele>2231.868</ele>
</trkpt>
<trkpt lat="42.418933" lon="2.257486">
<ele>2220.523</ele>
</trkpt>
<trkpt lat="42.418929" lon="2.257456">
<ele>2220.962</ele>
</trkpt>
<trkpt lat="42.418884" lon="2.257131">
<ele>2225.339</ele>
</trkpt>
<trkpt lat="42.418849" lon="2.256799">
<ele>2229.158</ele>
</trkpt>
<trkpt lat="42.418904" lon="2.256593">
<ele>2231.877</ele>
</trkpt>
<trkpt lat="42.41912" lon="2.256311">
<ele>2238.435</ele>
</trkpt>
<trkpt lat="42.419303" lon="2.25597">
<ele>2245.468</ele>
</trkpt>
<trkpt lat="42.419549" lon="2.255503">
<ele>2254.923</ele>
</trkpt>
<trkpt lat="42.419715" lon="2.255151">
<ele>2264.57</ele>
</trkpt>
<trkpt lat="42.419882" lon="2.254799">
<ele>2272.346</ele>
</trkpt>
<trkpt lat="42.420031" lon="2.254513">
<ele>2277.73</ele>
</trkpt>
<trkpt lat="42.420181" lon="2.254227">
<ele>2282.254</ele>
</trkpt>
<trkpt lat="42.42023" lon="2.253756">
<ele>2292.761</ele>
</trkpt>
<trkpt lat="42.42029" lon="2.253728">
<ele>2292.945</ele>
</trkpt>
<trkpt lat="42.420336" lon="2.253497">
<ele>2298.154</ele>
</trkpt>
<trkpt lat="42.420408" lon="2.253361">
<ele>2300.876</ele>
</trkpt>
<trkpt lat="42.420468" lon="2.253253">
<ele>2303.165</ele>
</trkpt>
<trkpt lat="42.420501" lon="2.252962">
<ele>2309.432</ele>
</trkpt>
<trkpt lat="42.420588" lon="2.252733">
<ele>2313.589</ele>
</trkpt>
<trkpt lat="42.420616" lon="2.252592">
<ele>2315.824</ele>
</trkpt>
<trkpt lat="42.420615" lon="2.252428">
<ele>2318.926</ele>
</trkpt>
<trkpt lat="42.420656" lon="2.252348">
<ele>2320.129</ele>
</trkpt>
<trkpt lat="42.42065" lon="2.252211">
<ele>2323.123</ele>
</trkpt>
<trkpt lat="42.420686" lon="2.252124">
<ele>2324.946</ele>
</trkpt>
<trkpt lat="42.420688" lon="2.251981">
<ele>2328.745</ele>
</trkpt>
<trkpt lat="42.420596" lon="2.25173">
<ele>2336.025</ele>
</trkpt>
<trkpt lat="42.420598" lon="2.251573">
<ele>2339.039</ele>
</trkpt>
<trkpt lat="42.420563" lon="2.251504">
<ele>2340.422</ele>
</trkpt>
<trkpt lat="42.420299" lon="2.251272">
<ele>2344.381</ele>
</trkpt>
<trkpt lat="42.420257" lon="2.251094">
<ele>2345.089</ele>
</trkpt>
<trkpt lat="42.420235" lon="2.250979">
<ele>2346.153</ele>
</trkpt>
<trkpt lat="42.420206" lon="2.25088">
<ele>2347.415</ele>
</trkpt>
<trkpt lat="42.420211" lon="2.250797">
<ele>2348.573</ele>
</trkpt>
<trkpt lat="42.420185" lon="2.250542">
<ele>2353.061</ele>
</trkpt>
<trkpt lat="42.420099" lon="2.250295">
<ele>2360.667</ele>
</trkpt>
<trkpt lat="42.420103" lon="2.249913">
<ele>2369.464</ele>
</trkpt>
<trkpt lat="42.42013" lon="2.249722">
<ele>2374.092</ele>
</trkpt>
<trkpt lat="42.420072" lon="2.249514">
<ele>2375.636</ele>
</trkpt>
<trkpt lat="42.420104" lon="2.249416">
<ele>2377.429</ele>
</trkpt>
<trkpt lat="42.420094" lon="2.249285">
<ele>2380.147</ele>
</trkpt>
<trkpt lat="42.420029" lon="2.249035">
<ele>2383.658</ele>
</trkpt>
<trkpt lat="42.420038" lon="2.248896">
<ele>2385.084</ele>
</trkpt>
<trkpt lat="42.419993" lon="2.248784">
<ele>2386.873</ele>
</trkpt>
<trkpt lat="42.419911" lon="2.248442">
<ele>2392.123</ele>
</trkpt>
<trkpt lat="42.419895" lon="2.248301">
<ele>2393.921</ele>
</trkpt>
<trkpt lat="42.419885" lon="2.247917">
<ele>2397.036</ele>
</trkpt>
<trkpt lat="42.419883" lon="2.247818">
<ele>2397.365</ele>
</trkpt>
<trkpt lat="42.419875" lon="2.247492">
<ele>2400.938</ele>
</trkpt>
<trkpt lat="42.419772" lon="2.247154">
<ele>2404.55</ele>
</trkpt>
<trkpt lat="42.419776" lon="2.247033">
<ele>2404.892</ele>
</trkpt>
<trkpt lat="42.41974" lon="2.246892">
<ele>2405.702</ele>
</trkpt>
<trkpt lat="42.419749" lon="2.246768">
<ele>2405.36</ele>
</trkpt>
<trkpt lat="42.419719" lon="2.246634">
<ele>2406.277</ele>
</trkpt>
<trkpt lat="42.419675" lon="2.246516">
<ele>2408.442</ele>
</trkpt>
<trkpt lat="42.419422" lon="2.246028">
<ele>2416.546</ele>
</trkpt>
<trkpt lat="42.419365" lon="2.245861">
<ele>2417.699</ele>
</trkpt>
<trkpt lat="42.419337" lon="2.245583">
<ele>2417.688</ele>
</trkpt>
<trkpt lat="42.419199" lon="2.245323">
<ele>2422.16</ele>
</trkpt>
<trkpt lat="42.419064" lon="2.245035">
<ele>2425.857</ele>
</trkpt>
<trkpt lat="42.418994" lon="2.244921">
<ele>2427.116</ele>
</trkpt>
<trkpt lat="42.418661" lon="2.24458">
<ele>2435.443</ele>
</trkpt>
<trkpt lat="42.418396" lon="2.244357">
<ele>2441.638</ele>
</trkpt>
<trkpt lat="42.41813" lon="2.244201">
<ele>2451.585</ele>
</trkpt>
<trkpt lat="42.418079" lon="2.244168">
<ele>2454.003</ele>
</trkpt>
<trkpt lat="42.418016" lon="2.244147">
<ele>2456.918</ele>
</trkpt>
<trkpt lat="42.417974" lon="2.244136">
<ele>2458.929</ele>
</trkpt>
<trkpt lat="42.417944" lon="2.244131">
<ele>2460.345</ele>
</trkpt>
<trkpt lat="42.417918" lon="2.244137">
<ele>2461.421</ele>
</trkpt>
<trkpt lat="42.417889" lon="2.244149">
<ele>2462.553</ele>
</trkpt>
<trkpt lat="42.417872" lon="2.244162">
<ele>2463.155</ele>
</trkpt>
<trkpt lat="42.417868" lon="2.244178">
<ele>2463.176</ele>
</trkpt>
<trkpt lat="42.417859" lon="2.244212">
<ele>2463.293</ele>
</trkpt>
<trkpt lat="42.41785" lon="2.244236">
<ele>2463.523</ele>
</trkpt>
<trkpt lat="42.417831" lon="2.244269">
<ele>2464.149</ele>
</trkpt>
<trkpt lat="42.417812" lon="2.244307">
<ele>2464.774</ele>
</trkpt>
<trkpt lat="42.417796" lon="2.244346">
<ele>2465.304</ele>
</trkpt>
<trkpt lat="42.417782" lon="2.244396">
<ele>2465.794</ele>
</trkpt>
<trkpt lat="42.417771" lon="2.244446">
<ele>2466.254</ele>
</trkpt>
<trkpt lat="42.417761" lon="2.244492">
<ele>2466.783</ele>
</trkpt>
<trkpt lat="42.417758" lon="2.244536">
<ele>2467.155</ele>
</trkpt>
<trkpt lat="42.417758" lon="2.244585">
<ele>2467.533</ele>
</trkpt>
<trkpt lat="42.41776" lon="2.244678">
<ele>2468.273</ele>
</trkpt>
<trkpt lat="42.417761" lon="2.244776">
<ele>2468.957</ele>
</trkpt>
<trkpt lat="42.417757" lon="2.244829">
<ele>2469.439</ele>
</trkpt>
<trkpt lat="42.417759" lon="2.244876">
<ele>2469.678</ele>
</trkpt>
<trkpt lat="42.417764" lon="2.244906">
<ele>2469.705</ele>
</trkpt>
<trkpt lat="42.417766" lon="2.244936">
<ele>2469.865</ele>
</trkpt>
<trkpt lat="42.417761" lon="2.244983">
<ele>2470.509</ele>
</trkpt>
<trkpt lat="42.417751" lon="2.245028">
<ele>2471.427</ele>
</trkpt>
<trkpt lat="42.41774" lon="2.245067">
<ele>2472.337</ele>
</trkpt>
<trkpt lat="42.41773" lon="2.245077">
<ele>2472.931</ele>
</trkpt>
<trkpt lat="42.417721" lon="2.245074">
<ele>2473.337</ele>
</trkpt>
<trkpt lat="42.417709" lon="2.245057">
<ele>2473.702</ele>
</trkpt>
<trkpt lat="42.417693" lon="2.245027">
<ele>2474.029</ele>
</trkpt>
<trkpt lat="42.417679" lon="2.245004">
<ele>2474.302</ele>
</trkpt>
<trkpt lat="42.417653" lon="2.244961">
<ele>2474.738</ele>
</trkpt>
<trkpt lat="42.41763" lon="2.244922">
<ele>2475.107</ele>
</trkpt>
<trkpt lat="42.417602" lon="2.244881">
<ele>2475.665</ele>
</trkpt>
<trkpt lat="42.417579" lon="2.244847">
<ele>2476.144</ele>
</trkpt>
<trkpt lat="42.417555" lon="2.24482">
<ele>2476.788</ele>
</trkpt>
<trkpt lat="42.417535" lon="2.244792">
<ele>2477.289</ele>
</trkpt>
<trkpt lat="42.417519" lon="2.244764">
<ele>2477.647</ele>
</trkpt>
<trkpt lat="42.417503" lon="2.244737">
<ele>2478.042</ele>
</trkpt>
<trkpt lat="42.417483" lon="2.244715">
<ele>2478.71</ele>
</trkpt>
<trkpt lat="42.417458" lon="2.244686">
<ele>2479.563</ele>
</trkpt>
<trkpt lat="42.417434" lon="2.244654">
<ele>2480.353</ele>
</trkpt>
<trkpt lat="42.41741" lon="2.244626">
<ele>2481.188</ele>
</trkpt>
<trkpt lat="42.417377" lon="2.244595">
<ele>2482.406</ele>
</trkpt>
<trkpt lat="42.417347" lon="2.244566">
<ele>2483.488</ele>
</trkpt>
<trkpt lat="42.417327" lon="2.244537">
<ele>2484.077</ele>
</trkpt>
<trkpt lat="42.417301" lon="2.244501">
<ele>2484.919</ele>
</trkpt>
<trkpt lat="42.417277" lon="2.244469">
<ele>2485.823</ele>
</trkpt>
<trkpt lat="42.417247" lon="2.244442">
<ele>2487.318</ele>
</trkpt>
<trkpt lat="42.417203" lon="2.244404">
<ele>2489.984</ele>
</trkpt>
<trkpt lat="42.417191" lon="2.244385">
<ele>2490.727</ele>
</trkpt>
<trkpt lat="42.41718" lon="2.244358">
<ele>2491.346</ele>
</trkpt>
<trkpt lat="42.417166" lon="2.244318">
<ele>2492.113</ele>
</trkpt>
<trkpt lat="42.417158" lon="2.244254">
<ele>2492.287</ele>
</trkpt>
<trkpt lat="42.417152" lon="2.244204">
<ele>2492.564</ele>
</trkpt>
<trkpt lat="42.417154" lon="2.244159">
<ele>2492.478</ele>
</trkpt>
<trkpt lat="42.417147" lon="2.244128">
<ele>2493.109</ele>
</trkpt>
<trkpt lat="42.417134" lon="2.244104">
<ele>2494.18</ele>
</trkpt>
<trkpt lat="42.417121" lon="2.244101">
<ele>2495.14</ele>
</trkpt>
<trkpt lat="42.417101" lon="2.244106">
<ele>2496.586</ele>
</trkpt>
<trkpt lat="42.417075" lon="2.244126">
<ele>2498.463</ele>
</trkpt>
<trkpt lat="42.417047" lon="2.244155">
<ele>2500.616</ele>
</trkpt>
<trkpt lat="42.417028" lon="2.244181">
<ele>2502.237</ele>
</trkpt>
<trkpt lat="42.417014" lon="2.244211">
<ele>2503.7</ele>
</trkpt>
<trkpt lat="42.416998" lon="2.244251">
<ele>2505.758</ele>
</trkpt>
<trkpt lat="42.416979" lon="2.244291">
<ele>2508.365</ele>
</trkpt>
<trkpt lat="42.416965" lon="2.24432">
<ele>2510.38</ele>
</trkpt>
<trkpt lat="42.416952" lon="2.244329">
<ele>2511.785</ele>
</trkpt>
<trkpt lat="42.416941" lon="2.244324">
<ele>2512.615</ele>
</trkpt>
<trkpt lat="42.416934" lon="2.244297">
<ele>2512.48</ele>
</trkpt>
<trkpt lat="42.416935" lon="2.244262">
<ele>2511.463</ele>
</trkpt>
<trkpt lat="42.416934" lon="2.244235">
<ele>2510.909</ele>
</trkpt>
<trkpt lat="42.416927" lon="2.244197">
<ele>2510.79</ele>
</trkpt>
<trkpt lat="42.41692" lon="2.244132">
<ele>2510.827</ele>
</trkpt>
<trkpt lat="42.416911" lon="2.244065">
<ele>2511.612</ele>
</trkpt>
<trkpt lat="42.41691" lon="2.244025">
<ele>2511.917</ele>
</trkpt>
<trkpt lat="42.416915" lon="2.244004">
<ele>2511.707</ele>
</trkpt>
<trkpt lat="42.416932" lon="2.243992">
<ele>2510.578</ele>
</trkpt>
<trkpt lat="42.416948" lon="2.243981">
<ele>2509.558</ele>
</trkpt>
<trkpt lat="42.416954" lon="2.243958">
<ele>2509.427</ele>
</trkpt>
<trkpt lat="42.416951" lon="2.243937">
<ele>2509.918</ele>
</trkpt>
<trkpt lat="42.416942" lon="2.24392">
<ele>2510.754</ele>
</trkpt>
<trkpt lat="42.416938" lon="2.243904">
<ele>2511.223</ele>
</trkpt>
<trkpt lat="42.416942" lon="2.243878">
<ele>2511.288</ele>
</trkpt>
<trkpt lat="42.416937" lon="2.243858">
<ele>2511.868</ele>
</trkpt>
<trkpt lat="42.416935" lon="2.243831">
<ele>2512.368</ele>
</trkpt>
<trkpt lat="42.416938" lon="2.24381">
<ele>2512.508</ele>
</trkpt>
<trkpt lat="42.416951" lon="2.243778">
<ele>2512.315</ele>
</trkpt>
<trkpt lat="42.416972" lon="2.24375">
<ele>2511.721</ele>
</trkpt>
<trkpt lat="42.416993" lon="2.24373">
<ele>2511.065</ele>
</trkpt>
<trkpt lat="42.417015" lon="2.243721">
<ele>2510.149</ele>
</trkpt>
<trkpt lat="42.417029" lon="2.243701">
<ele>2509.999</ele>
</trkpt>
<trkpt lat="42.417041" lon="2.243671">
<ele>2510.298</ele>
</trkpt>
<trkpt lat="42.417045" lon="2.243647">
<ele>2510.816</ele>
</trkpt>
<trkpt lat="42.417041" lon="2.243598">
<ele>2512.312</ele>
</trkpt>
<trkpt lat="42.417045" lon="2.243542">
<ele>2513.622</ele>
</trkpt>
<trkpt lat="42.417042" lon="2.243487">
<ele>2515.191</ele>
</trkpt>
<trkpt lat="42.417042" lon="2.243448">
<ele>2516.165</ele>
</trkpt>
<trkpt lat="42.417035" lon="2.243381">
<ele>2518.004</ele>
</trkpt>
<trkpt lat="42.417038" lon="2.243337">
<ele>2518.664</ele>
</trkpt>
<trkpt lat="42.417042" lon="2.243294">
<ele>2519.071</ele>
</trkpt>
<trkpt lat="42.417051" lon="2.243252">
<ele>2519.076</ele>
</trkpt>
<trkpt lat="42.417059" lon="2.243207">
<ele>2519.08</ele>
</trkpt>
<trkpt lat="42.41707" lon="2.243174">
<ele>2518.859</ele>
</trkpt>
<trkpt lat="42.417069" lon="2.243153">
<ele>2519.065</ele>
</trkpt>
<trkpt lat="42.417059" lon="2.243116">
<ele>2519.736</ele>
</trkpt>
<trkpt lat="42.417047" lon="2.243081">
<ele>2520.442</ele>
</trkpt>
<trkpt lat="42.417045" lon="2.243052">
<ele>2520.772</ele>
</trkpt>
<trkpt lat="42.417051" lon="2.243032">
<ele>2520.788</ele>
</trkpt>
<trkpt lat="42.417066" lon="2.242988">
<ele>2520.864</ele>
</trkpt>
<trkpt lat="42.417085" lon="2.242936">
<ele>2521.109</ele>
</trkpt>
<trkpt lat="42.417093" lon="2.242889">
<ele>2521.665</ele>
</trkpt>
<trkpt lat="42.417095" lon="2.242814">
<ele>2522.793</ele>
</trkpt>
<trkpt lat="42.417112" lon="2.242749">
<ele>2523.61</ele>
</trkpt>
<trkpt lat="42.417136" lon="2.242695">
<ele>2524.322</ele>
</trkpt>
<trkpt lat="42.417149" lon="2.242644">
<ele>2525.092</ele>
</trkpt>
<trkpt lat="42.417123" lon="2.242507">
<ele>2527.002</ele>
</trkpt>
<trkpt lat="42.417082" lon="2.24237">
<ele>2527.993</ele>
</trkpt>
<trkpt lat="42.417044" lon="2.242222">
<ele>2527.882</ele>
</trkpt>
<trkpt lat="42.417014" lon="2.242073">
<ele>2525.97</ele>
</trkpt>
<trkpt lat="42.416997" lon="2.241948">
<ele>2523.893</ele>
</trkpt>
<trkpt lat="42.416987" lon="2.241814">
<ele>2522.142</ele>
</trkpt>
<trkpt lat="42.416979" lon="2.241664">
<ele>2520.513</ele>
</trkpt>
<trkpt lat="42.416969" lon="2.241532">
<ele>2519.396</ele>
</trkpt>
<trkpt lat="42.416967" lon="2.241517">
<ele>2519.266</ele>
</trkpt>
<trkpt lat="42.416958" lon="2.241389">
<ele>2518.275</ele>
</trkpt>
<trkpt lat="42.416944" lon="2.241317">
<ele>2517.501</ele>
</trkpt>
<trkpt lat="42.416918" lon="2.24123">
<ele>2516.344</ele>
</trkpt>
<trkpt lat="42.416904" lon="2.24116">
<ele>2515.489</ele>
</trkpt>
<trkpt lat="42.416901" lon="2.241088">
<ele>2514.76</ele>
</trkpt>
<trkpt lat="42.416904" lon="2.241002">
<ele>2513.834</ele>
</trkpt>
<trkpt lat="42.41691" lon="2.24089">
<ele>2512.661</ele>
</trkpt>
<trkpt lat="42.416913" lon="2.240789">
<ele>2511.919</ele>
</trkpt>
<trkpt lat="42.41692" lon="2.240679">
<ele>2511.559</ele>
</trkpt>
<trkpt lat="42.41692" lon="2.240607">
<ele>2511.381</ele>
</trkpt>
<trkpt lat="42.416913" lon="2.240562">
<ele>2511.151</ele>
</trkpt>
<trkpt lat="42.4169" lon="2.240517">
<ele>2510.801</ele>
</trkpt>
<trkpt lat="42.416883" lon="2.24046">
<ele>2510.408</ele>
</trkpt>
<trkpt lat="42.416873" lon="2.240415">
<ele>2510.262</ele>
</trkpt>
<trkpt lat="42.416855" lon="2.240378">
<ele>2509.942</ele>
</trkpt>
<trkpt lat="42.416822" lon="2.240338">
<ele>2509.322</ele>
</trkpt>
<trkpt lat="42.416767" lon="2.240285">
<ele>2508.354</ele>
</trkpt>
<trkpt lat="42.416715" lon="2.240229">
<ele>2507.616</ele>
</trkpt>
<trkpt lat="42.416651" lon="2.240148">
<ele>2506.907</ele>
</trkpt>
<trkpt lat="42.416511" lon="2.239957">
<ele>2504.088</ele>
</trkpt>
<trkpt lat="42.416448" lon="2.239804">
<ele>2503.276</ele>
</trkpt>
<trkpt lat="42.416396" lon="2.239633">
<ele>2502.289</ele>
</trkpt>
<trkpt lat="42.416354" lon="2.239456">
<ele>2501.014</ele>
</trkpt>
<trkpt lat="42.416337" lon="2.239289">
<ele>2501.846</ele>
</trkpt>
<trkpt lat="42.416236" lon="2.239059">
<ele>2499.772</ele>
</trkpt>
<trkpt lat="42.416213" lon="2.238939">
<ele>2498.915</ele>
</trkpt>
<trkpt lat="42.416211" lon="2.238784">
<ele>2497.36</ele>
</trkpt>
<trkpt lat="42.4162" lon="2.238691">
<ele>2495.763</ele>
</trkpt>
<trkpt lat="42.41623" lon="2.238539">
<ele>2494.253</ele>
</trkpt>
<trkpt lat="42.416207" lon="2.238443">
<ele>2492.65</ele>
</trkpt>
<trkpt lat="42.416213" lon="2.238269">
<ele>2490.251</ele>
</trkpt>
<trkpt lat="42.416339" lon="2.237844">
<ele>2487.535</ele>
</trkpt>
<trkpt lat="42.416423" lon="2.237687">
<ele>2487.911</ele>
</trkpt>
<trkpt lat="42.416469" lon="2.237564">
<ele>2487.676</ele>
</trkpt>
<trkpt lat="42.416509" lon="2.23732">
<ele>2484.976</ele>
</trkpt>
<trkpt lat="42.416575" lon="2.237051">
<ele>2481.498</ele>
</trkpt>
<trkpt lat="42.416745" lon="2.23672">
<ele>2476.454</ele>
</trkpt>
<trkpt lat="42.416804" lon="2.236509">
<ele>2471.458</ele>
</trkpt>
<trkpt lat="42.416845" lon="2.236293">
<ele>2466.645</ele>
</trkpt>
<trkpt lat="42.416891" lon="2.236171">
<ele>2463.86</ele>
</trkpt>
<trkpt lat="42.416953" lon="2.23605">
<ele>2461.841</ele>
</trkpt>
<trkpt lat="42.417072" lon="2.235881">
<ele>2460.97</ele>
</trkpt>
<trkpt lat="42.417275" lon="2.235394">
<ele>2454.756</ele>
</trkpt>
<trkpt lat="42.417428" lon="2.235121">
<ele>2451.364</ele>
</trkpt>
<trkpt lat="42.417527" lon="2.234897">
<ele>2448.558</ele>
</trkpt>
<trkpt lat="42.417491" lon="2.234492">
<ele>2441.609</ele>
</trkpt>
<trkpt lat="42.417366" lon="2.234137">
<ele>2434.43</ele>
</trkpt>
<trkpt lat="42.417454" lon="2.233851">
<ele>2431.05</ele>
</trkpt>
<trkpt lat="42.41762" lon="2.233629">
<ele>2430.367</ele>
</trkpt>
<trkpt lat="42.417695" lon="2.233424">
<ele>2431.549</ele>
</trkpt>
<trkpt lat="42.417751" lon="2.23313">
<ele>2433.481</ele>
</trkpt>
<trkpt lat="42.417785" lon="2.232713">
<ele>2434.676</ele>
</trkpt>
<trkpt lat="42.417783" lon="2.232634">
<ele>2433.782</ele>
</trkpt>
<trkpt lat="42.417758" lon="2.232511">
<ele>2431.668</ele>
</trkpt>
<trkpt lat="42.417773" lon="2.232386">
<ele>2430.741</ele>
</trkpt>
<trkpt lat="42.417788" lon="2.232284">
<ele>2430.115</ele>
</trkpt>
<trkpt lat="42.417837" lon="2.232146">
<ele>2429.692</ele>
</trkpt>
<trkpt lat="42.417866" lon="2.231998">
<ele>2428.238</ele>
</trkpt>
<trkpt lat="42.417869" lon="2.231868">
<ele>2426.323</ele>
</trkpt>
<trkpt lat="42.417898" lon="2.231763">
<ele>2425.966</ele>
</trkpt>
<trkpt lat="42.417922" lon="2.23157">
<ele>2424.089</ele>
</trkpt>
<trkpt lat="42.418017" lon="2.231377">
<ele>2424.553</ele>
</trkpt>
<trkpt lat="42.418077" lon="2.231306">
<ele>2425.759</ele>
</trkpt>
<trkpt lat="42.41818" lon="2.231162">
<ele>2427.08</ele>
</trkpt>
<trkpt lat="42.41822" lon="2.231">
<ele>2425.775</ele>
</trkpt>
<trkpt lat="42.41836" lon="2.23076">
<ele>2426.401</ele>
</trkpt>
<trkpt lat="42.41842" lon="2.230709">
<ele>2427.355</ele>
</trkpt>
<trkpt lat="42.418469" lon="2.230563">
<ele>2425.618</ele>
</trkpt>
<trkpt lat="42.418514" lon="2.23052">
<ele>2426.275</ele>
</trkpt>
<trkpt lat="42.418538" lon="2.230254">
<ele>2420.239</ele>
</trkpt>
<trkpt lat="42.418583" lon="2.230073">
<ele>2420.545</ele>
</trkpt>
<trkpt lat="42.41863" lon="2.229865">
<ele>2419.886</ele>
</trkpt>
<trkpt lat="42.418652" lon="2.229618">
<ele>2416.957</ele>
</trkpt>
<trkpt lat="42.418643" lon="2.22945">
<ele>2414.175</ele>
</trkpt>
<trkpt lat="42.418705" lon="2.229327">
<ele>2415.001</ele>
</trkpt>
<trkpt lat="42.418776" lon="2.229243">
<ele>2417.112</ele>
</trkpt>
<trkpt lat="42.418874" lon="2.229179">
<ele>2421.308</ele>
</trkpt>
<trkpt lat="42.418903" lon="2.229117">
<ele>2422.639</ele>
</trkpt>
<trkpt lat="42.418953" lon="2.229011">
<ele>2425.368</ele>
</trkpt>
<trkpt lat="42.418958" lon="2.228941">
<ele>2425.572</ele>
</trkpt>
<trkpt lat="42.418928" lon="2.228788">
<ele>2423.283</ele>
</trkpt>
<trkpt lat="42.418934" lon="2.228659">
<ele>2422.43</ele>
</trkpt>
<trkpt lat="42.418959" lon="2.228544">
<ele>2422.712</ele>
</trkpt>
<trkpt lat="42.418963" lon="2.228461">
<ele>2422.211</ele>
</trkpt>
<trkpt lat="42.418938" lon="2.228387">
<ele>2420.811</ele>
</trkpt>
<trkpt lat="42.418966" lon="2.228266">
<ele>2421.877</ele>
</trkpt>
<trkpt lat="42.418905" lon="2.227929">
<ele>2423.025</ele>
</trkpt>
<trkpt lat="42.418901" lon="2.227633">
<ele>2427.877</ele>
</trkpt>
<trkpt lat="42.418914" lon="2.227542">
<ele>2429.707</ele>
</trkpt>
<trkpt lat="42.418909" lon="2.227516">
<ele>2430.046</ele>
</trkpt>
<trkpt lat="42.418901" lon="2.227478">
<ele>2430.472</ele>
</trkpt>
<trkpt lat="42.418924" lon="2.227318">
<ele>2432.483</ele>
</trkpt>
<trkpt lat="42.418802" lon="2.227162">
<ele>2432.622</ele>
</trkpt>
<trkpt lat="42.418803" lon="2.227136">
<ele>2432.916</ele>
</trkpt>
<trkpt lat="42.418777" lon="2.22713">
<ele>2432.694</ele>
</trkpt>
<trkpt lat="42.418763" lon="2.227126">
<ele>2432.586</ele>
</trkpt>
<trkpt lat="42.418736" lon="2.22687">
<ele>2435.063</ele>
</trkpt>
<trkpt lat="42.418723" lon="2.226756">
<ele>2436.231</ele>
</trkpt>
<trkpt lat="42.41874" lon="2.226615">
<ele>2437.789</ele>
</trkpt>
<trkpt lat="42.418744" lon="2.226452">
<ele>2439.089</ele>
</trkpt>
<trkpt lat="42.418742" lon="2.226382">
<ele>2439.767</ele>
</trkpt>
<trkpt lat="42.418733" lon="2.226125">
<ele>2443.334</ele>
</trkpt>
<trkpt lat="42.418685" lon="2.226071">
<ele>2443.585</ele>
</trkpt>
<trkpt lat="42.418645" lon="2.226025">
<ele>2443.896</ele>
</trkpt>
<trkpt lat="42.418572" lon="2.22585">
<ele>2446.106</ele>
</trkpt>
<trkpt lat="42.41849" lon="2.22581">
<ele>2445.433</ele>
</trkpt>
<trkpt lat="42.418408" lon="2.225557">
<ele>2448.854</ele>
</trkpt>
<trkpt lat="42.41829" lon="2.225401">
<ele>2451.534</ele>
</trkpt>
<trkpt lat="42.418253" lon="2.225212">
<ele>2455.62</ele>
</trkpt>
<trkpt lat="42.418201" lon="2.224674">
<ele>2462.311</ele>
</trkpt>
<trkpt lat="42.418209" lon="2.224445">
<ele>2464.459</ele>
</trkpt>
<trkpt lat="42.418178" lon="2.224375">
<ele>2464.901</ele>
</trkpt>
<trkpt lat="42.418183" lon="2.224139">
<ele>2468.249</ele>
</trkpt>
<trkpt lat="42.418146" lon="2.22402">
<ele>2470.593</ele>
</trkpt>
<trkpt lat="42.418065" lon="2.223765">
<ele>2475.887</ele>
</trkpt>
<trkpt lat="42.418129" lon="2.223562">
<ele>2479.943</ele>
</trkpt>
<trkpt lat="42.417898" lon="2.223273">
<ele>2482.307</ele>
</trkpt>
<trkpt lat="42.417862" lon="2.223261">
<ele>2482.552</ele>
</trkpt>
<trkpt lat="42.417767" lon="2.223228">
<ele>2483.71</ele>
</trkpt>
<trkpt lat="42.417618" lon="2.223414">
<ele>2480.833</ele>
</trkpt>
<trkpt lat="42.417504" lon="2.223412">
<ele>2482.338</ele>
</trkpt>
<trkpt lat="42.417381" lon="2.223463">
<ele>2483.078</ele>
</trkpt>
<trkpt lat="42.417156" lon="2.223463">
<ele>2486.823</ele>
</trkpt>
<trkpt lat="42.417141" lon="2.223278">
<ele>2491.983</ele>
</trkpt>
<trkpt lat="42.417079" lon="2.223151">
<ele>2497.124</ele>
</trkpt>
<trkpt lat="42.417003" lon="2.223082">
<ele>2501.286</ele>
</trkpt>
<trkpt lat="42.416947" lon="2.222986">
<ele>2504.666</ele>
</trkpt>
<trkpt lat="42.41683" lon="2.222572">
<ele>2513.328</ele>
</trkpt>
<trkpt lat="42.416833" lon="2.222347">
<ele>2517.386</ele>
</trkpt>
<trkpt lat="42.416791" lon="2.222133">
<ele>2520.425</ele>
</trkpt>
<trkpt lat="42.416843" lon="2.222088">
<ele>2522.675</ele>
</trkpt>
<trkpt lat="42.416892" lon="2.222019">
<ele>2525.338</ele>
</trkpt>
<trkpt lat="42.416727" lon="2.221928">
<ele>2523.546</ele>
</trkpt>
<trkpt lat="42.416697" lon="2.221841">
<ele>2524.924</ele>
</trkpt>
<trkpt lat="42.416633" lon="2.221799">
<ele>2524.753</ele>
</trkpt>
<trkpt lat="42.416608" lon="2.221782">
<ele>2524.712</ele>
</trkpt>
<trkpt lat="42.416578" lon="2.221742">
<ele>2525.097</ele>
</trkpt>
<trkpt lat="42.416542" lon="2.221658">
<ele>2526.18</ele>
</trkpt>
<trkpt lat="42.416481" lon="2.221297">
<ele>2530.41</ele>
</trkpt>
<trkpt lat="42.416419" lon="2.220936">
<ele>2532.912</ele>
</trkpt>
<trkpt lat="42.416432" lon="2.220608">
<ele>2538.241</ele>
</trkpt>
<trkpt lat="42.416445" lon="2.220281">
<ele>2546.211</ele>
</trkpt>
<trkpt lat="42.416478" lon="2.22016">
<ele>2548.637</ele>
</trkpt>
<trkpt lat="42.416489" lon="2.2198">
<ele>2554.405</ele>
</trkpt>
<trkpt lat="42.416548" lon="2.219492">
<ele>2560.216</ele>
</trkpt>
<trkpt lat="42.416608" lon="2.219185">
<ele>2565.944</ele>
</trkpt>
<trkpt lat="42.416671" lon="2.218648">
<ele>2572.722</ele>
</trkpt>
<trkpt lat="42.416705" lon="2.218584">
<ele>2573.868</ele>
</trkpt>
<trkpt lat="42.41678" lon="2.218228">
<ele>2576.288</ele>
</trkpt>
<trkpt lat="42.416856" lon="2.217873">
<ele>2576.172</ele>
</trkpt>
<trkpt lat="42.416907" lon="2.217503">
<ele>2576.402</ele>
</trkpt>
<trkpt lat="42.416979" lon="2.217147">
<ele>2576.349</ele>
</trkpt>
<trkpt lat="42.417108" lon="2.216741">
<ele>2580.224</ele>
</trkpt>
<trkpt lat="42.417087" lon="2.21649">
<ele>2583.387</ele>
</trkpt>
<trkpt lat="42.417044" lon="2.21627">
<ele>2587.513</ele>
</trkpt>
<trkpt lat="42.417054" lon="2.21609">
<ele>2590.974</ele>
</trkpt>
<trkpt lat="42.417127" lon="2.215833">
<ele>2592.489</ele>
</trkpt>
<trkpt lat="42.417215" lon="2.215594">
<ele>2592.628</ele>
</trkpt>
<trkpt lat="42.417234" lon="2.215398">
<ele>2595.308</ele>
</trkpt>
<trkpt lat="42.417099" lon="2.215008">
<ele>2605.565</ele>
</trkpt>
<trkpt lat="42.417083" lon="2.214661">
<ele>2610.317</ele>
</trkpt>
<trkpt lat="42.417068" lon="2.214314">
<ele>2612.244</ele>
</trkpt>
<trkpt lat="42.417118" lon="2.214075">
<ele>2617.418</ele>
</trkpt>
<trkpt lat="42.417221" lon="2.213721">
<ele>2624.349</ele>
</trkpt>
<trkpt lat="42.417227" lon="2.213319">
<ele>2630.296</ele>
</trkpt>
<trkpt lat="42.417275" lon="2.21291">
<ele>2636.053</ele>
</trkpt>
<trkpt lat="42.417346" lon="2.212511">
<ele>2638.94</ele>
</trkpt>
<trkpt lat="42.417458" lon="2.212259">
<ele>2641.063</ele>
</trkpt>
<trkpt lat="42.41755" lon="2.21195">
<ele>2645.778</ele>
</trkpt>
<trkpt lat="42.417697" lon="2.211674">
<ele>2650.435</ele>
</trkpt>
<trkpt lat="42.417829" lon="2.211417">
<ele>2653.811</ele>
</trkpt>
<trkpt lat="42.417904" lon="2.211053">
<ele>2659.349</ele>
</trkpt>
<trkpt lat="42.417995" lon="2.210772">
<ele>2662.532</ele>
</trkpt>
<trkpt lat="42.418072" lon="2.210625">
<ele>2663.799</ele>
</trkpt>
<trkpt lat="42.418118" lon="2.210474">
<ele>2665.162</ele>
</trkpt>
<trkpt lat="42.418184" lon="2.210382">
<ele>2666.999</ele>
</trkpt>
<trkpt lat="42.418217" lon="2.21028">
<ele>2669.276</ele>
</trkpt>
<trkpt lat="42.418299" lon="2.210078">
<ele>2675.536</ele>
</trkpt>
<trkpt lat="42.418348" lon="2.209875">
<ele>2681.322</ele>
</trkpt>
<trkpt lat="42.418384" lon="2.209696">
<ele>2686.336</ele>
</trkpt>
<trkpt lat="42.418383" lon="2.209637">
<ele>2687.746</ele>
</trkpt>
<trkpt lat="42.418385" lon="2.209572">
<ele>2689.342</ele>
</trkpt>
<trkpt lat="42.418366" lon="2.209511">
<ele>2690.648</ele>
</trkpt>
<trkpt lat="42.41831" lon="2.209403">
<ele>2692.834</ele>
</trkpt>
<trkpt lat="42.418223" lon="2.209213">
<ele>2697.682</ele>
</trkpt>
<trkpt lat="42.418166" lon="2.209159">
<ele>2699.193</ele>
</trkpt>
<trkpt lat="42.418065" lon="2.209096">
<ele>2701.916</ele>
</trkpt>
<trkpt lat="42.417995" lon="2.209057">
<ele>2704.599</ele>
</trkpt>
<trkpt lat="42.417959" lon="2.209069">
<ele>2704.756</ele>
</trkpt>
<trkpt lat="42.417946" lon="2.209073">
<ele>2704.847</ele>
</trkpt>
<trkpt lat="42.417929" lon="2.209067">
<ele>2705.489</ele>
</trkpt>
<trkpt lat="42.417914" lon="2.209059">
<ele>2706.186</ele>
</trkpt>
<trkpt lat="42.417893" lon="2.20907">
<ele>2706.148</ele>
</trkpt>
<trkpt lat="42.417871" lon="2.209066">
<ele>2706.81</ele>
</trkpt>
<trkpt lat="42.417809" lon="2.209024">
<ele>2709.892</ele>
</trkpt>
<trkpt lat="42.417729" lon="2.208966">
<ele>2713.258</ele>
</trkpt>
<trkpt lat="42.417713" lon="2.208926">
<ele>2714.968</ele>
</trkpt>
<trkpt lat="42.417689" lon="2.20888">
<ele>2716.853</ele>
</trkpt>
<trkpt lat="42.41767" lon="2.20887">
<ele>2717.267</ele>
</trkpt>
<trkpt lat="42.417611" lon="2.208856">
<ele>2717.837</ele>
</trkpt>
<trkpt lat="42.417586" lon="2.208836">
<ele>2718.627</ele>
</trkpt>
<trkpt lat="42.417578" lon="2.208834">
<ele>2718.717</ele>
</trkpt>
<trkpt lat="42.417553" lon="2.208839">
<ele>2718.589</ele>
</trkpt>
<trkpt lat="42.417501" lon="2.208829">
<ele>2719.273</ele>
</trkpt>
<trkpt lat="42.417474" lon="2.208823">
<ele>2719.732</ele>
</trkpt>
<trkpt lat="42.417452" lon="2.208833">
<ele>2719.53</ele>
</trkpt>
<trkpt lat="42.417424" lon="2.208829">
<ele>2719.922</ele>
</trkpt>
<trkpt lat="42.417396" lon="2.208794">
<ele>2721.516</ele>
</trkpt>
<trkpt lat="42.417375" lon="2.208768">
<ele>2722.734</ele>
</trkpt>
<trkpt lat="42.41733" lon="2.208774">
<ele>2723.025</ele>
</trkpt>
<trkpt lat="42.41729" lon="2.208754">
<ele>2724.406</ele>
</trkpt>
<trkpt lat="42.417238" lon="2.20879">
<ele>2724.088</ele>
</trkpt>
<trkpt lat="42.417165" lon="2.208807">
<ele>2725.633</ele>
</trkpt>
<trkpt lat="42.417058" lon="2.20879">
<ele>2730.464</ele>
</trkpt>
<trkpt lat="42.416974" lon="2.208833">
<ele>2732.734</ele>
</trkpt>
<trkpt lat="42.416721" lon="2.208995">
<ele>2736.327</ele>
</trkpt>
<trkpt lat="42.416657" lon="2.209043">
<ele>2737.296</ele>
</trkpt>
<trkpt lat="42.416471" lon="2.209061">
<ele>2745.735</ele>
</trkpt>
<trkpt lat="42.416326" lon="2.209167">
<ele>2749.524</ele>
</trkpt>
<trkpt lat="42.416247" lon="2.209213">
<ele>2752.579</ele>
</trkpt>
<trkpt lat="42.416087" lon="2.209455">
<ele>2754.11</ele>
</trkpt>
<trkpt lat="42.415809" lon="2.209898">
<ele>2755.929</ele>
</trkpt>
<trkpt lat="42.415679" lon="2.210026">
<ele>2759.293</ele>
</trkpt>
<trkpt lat="42.415651" lon="2.209988">
<ele>2761.571</ele>
</trkpt>
<trkpt lat="42.415604" lon="2.209801">
<ele>2765.437</ele>
</trkpt>
<trkpt lat="42.415603" lon="2.209687">
<ele>2766.614</ele>
</trkpt>
<trkpt lat="42.415594" lon="2.209608">
<ele>2767.841</ele>
</trkpt>
<trkpt lat="42.415595" lon="2.209489">
<ele>2769.573</ele>
</trkpt>
<trkpt lat="42.415585" lon="2.209359">
<ele>2770.751</ele>
</trkpt>
<trkpt lat="42.415558" lon="2.209308">
<ele>2770.71</ele>
</trkpt>
<trkpt lat="42.415578" lon="2.209117">
<ele>2771.745</ele>
</trkpt>
<trkpt lat="42.415593" lon="2.209076">
<ele>2772.377</ele>
</trkpt>
<trkpt lat="42.416074" lon="2.201471">
<ele>2790.175</ele>
</trkpt>
<trkpt lat="42.417242" lon="2.190142">
<ele>2789.834</ele>
</trkpt>
<trkpt lat="42.419269" lon="2.184262">
<ele>2789.72</ele>
</trkpt>
<trkpt lat="42.418097" lon="2.180271">
<ele>2787.512</ele>
</trkpt>
<trkpt lat="42.424652" lon="2.167783">
<ele>2847.091</ele>
</trkpt>
<trkpt lat="42.423511" lon="2.156839">
<ele>2777.322</ele>
</trkpt>
<trkpt lat="42.422208" lon="2.155187">
<ele>2723.916</ele>
</trkpt>
<trkpt lat="42.420925" lon="2.150037">
<ele>2684.401</ele>
</trkpt>
<trkpt lat="42.425975" lon="2.140553">
<ele>2354.503</ele>
</trkpt>
<trkpt lat="42.427195" lon="2.134438">
<ele>2332.789</ele>
</trkpt>
<trkpt lat="42.435417" lon="2.126799">
<ele>2160.083</ele>
</trkpt>
<trkpt lat="42.464119" lon="2.090578">
<ele>1690.993</ele>
</trkpt>
<trkpt lat="42.473869" lon="2.081609">
<ele>1575.462</ele>
</trkpt>
<trkpt lat="42.47368" lon="2.078991">
<ele>1558.201</ele>
</trkpt>
<trkpt lat="42.477889" lon="2.075815">
<ele>1557.932</ele>
</trkpt>
<trkpt lat="42.478522" lon="2.07294">
<ele>1557.153</ele>
</trkpt>
<trkpt lat="42.478048" lon="2.06955">
<ele>1548.504</ele>
</trkpt>
<trkpt lat="42.481022" lon="2.06264">
<ele>1513.976</ele>
</trkpt>
<trkpt lat="42.480169" lon="2.056761">
<ele>1488.541</ele>
</trkpt>
<trkpt lat="42.484029" lon="2.057276">
<ele>1472.737</ele>
</trkpt>
<trkpt lat="42.484947" lon="2.061782">
<ele>1460.3</ele>
</trkpt>
<trkpt lat="42.485676" lon="2.053113">
<ele>1461.325</ele>
</trkpt>
<trkpt lat="42.488807" lon="2.051225">
<ele>1479.909</ele>
</trkpt>
<trkpt lat="42.488081" lon="2.044272">
<ele>1496.536</ele>
</trkpt>
<trkpt lat="42.490201" lon="2.037234">
<ele>1523.416</ele>
</trkpt>
<trkpt lat="42.496697" lon="2.033916">
<ele>1575.057</ele>
</trkpt>
<trkpt lat="42.496722" lon="2.033802">
<ele>1575.786</ele>
</trkpt>
<trkpt lat="42.496726" lon="2.033761">
<ele>1576.03</ele>
</trkpt>
<trkpt lat="42.496861" lon="2.033767">
<ele>1577.331</ele>
</trkpt>
<trkpt lat="42.496948" lon="2.033762">
<ele>1578.187</ele>
</trkpt>
<trkpt lat="42.497099" lon="2.033726">
<ele>1579.84</ele>
</trkpt>
<trkpt lat="42.497169" lon="2.033724">
<ele>1580.602</ele>
</trkpt>
<trkpt lat="42.497215" lon="2.033732">
<ele>1581.308</ele>
</trkpt>
<trkpt lat="42.497269" lon="2.033757">
<ele>1582.462</ele>
</trkpt>
<trkpt lat="42.497289" lon="2.033804">
<ele>1583.066</ele>
</trkpt>
<trkpt lat="42.497306" lon="2.033844">
<ele>1583.605</ele>
</trkpt>
<trkpt lat="42.497352" lon="2.033795">
<ele>1584.565</ele>
</trkpt>
<trkpt lat="42.497384" lon="2.033712">
<ele>1584.997</ele>
</trkpt>
<trkpt lat="42.497411" lon="2.033686">
<ele>1585.47</ele>
</trkpt>
<trkpt lat="42.497485" lon="2.033635">
<ele>1586.648</ele>
</trkpt>
<trkpt lat="42.497556" lon="2.033612">
<ele>1587.729</ele>
</trkpt>
<trkpt lat="42.497562" lon="2.033645">
<ele>1587.797</ele>
</trkpt>
<trkpt lat="42.497614" lon="2.033796">
<ele>1588.65</ele>
</trkpt>
<trkpt lat="42.497641" lon="2.033877">
<ele>1589.076</ele>
</trkpt>
<trkpt lat="42.497652" lon="2.033993">
<ele>1589.23</ele>
</trkpt>
<trkpt lat="42.497649" lon="2.034019">
<ele>1589.183</ele>
</trkpt>
<trkpt lat="42.497773" lon="2.034086">
<ele>1590.647</ele>
</trkpt>
<trkpt lat="42.497827" lon="2.03428">
<ele>1591.178</ele>
</trkpt>
<trkpt lat="42.497848" lon="2.034413">
<ele>1591.026</ele>
</trkpt>
<trkpt lat="42.497873" lon="2.034523">
<ele>1590.913</ele>
</trkpt>
<trkpt lat="42.497895" lon="2.03456">
<ele>1591.069</ele>
</trkpt>
<trkpt lat="42.498076" lon="2.034627">
<ele>1593.474</ele>
</trkpt>
<trkpt lat="42.498152" lon="2.034651">
<ele>1594.308</ele>
</trkpt>
<trkpt lat="42.498278" lon="2.034651">
<ele>1595.507</ele>
</trkpt>
<trkpt lat="42.498335" lon="2.034637">
<ele>1596.229</ele>
</trkpt>
<trkpt lat="42.498439" lon="2.03464">
<ele>1598.142</ele>
</trkpt>
<trkpt lat="42.498482" lon="2.034583">
<ele>1598.917</ele>
</trkpt>
<trkpt lat="42.498506" lon="2.034527">
<ele>1599.341</ele>
</trkpt>
<trkpt lat="42.498531" lon="2.034318">
<ele>1599.501</ele>
</trkpt>
<trkpt lat="42.498632" lon="2.034336">
<ele>1600.799</ele>
</trkpt>
<trkpt lat="42.49872" lon="2.034321">
<ele>1602.045</ele>
</trkpt>
<trkpt lat="42.498798" lon="2.034295">
<ele>1603.158</ele>
</trkpt>
<trkpt lat="42.498861" lon="2.034252">
<ele>1604.1</ele>
</trkpt>
<trkpt lat="42.498911" lon="2.034202">
<ele>1604.99</ele>
</trkpt>
<trkpt lat="42.498971" lon="2.03411">
<ele>1606.059</ele>
</trkpt>
<trkpt lat="42.499011" lon="2.034298">
<ele>1606.699</ele>
</trkpt>
<trkpt lat="42.499018" lon="2.034317">
<ele>1606.848</ele>
</trkpt>
<trkpt lat="42.499083" lon="2.034514">
<ele>1608.318</ele>
</trkpt>
<trkpt lat="42.49916" lon="2.034678">
<ele>1610.293</ele>
</trkpt>
<trkpt lat="42.499208" lon="2.034772">
<ele>1611.683</ele>
</trkpt>
<trkpt lat="42.499255" lon="2.034855">
<ele>1612.731</ele>
</trkpt>
<trkpt lat="42.499314" lon="2.034808">
<ele>1614.22</ele>
</trkpt>
<trkpt lat="42.499415" lon="2.034784">
<ele>1616.601</ele>
</trkpt>
<trkpt lat="42.499438" lon="2.034786">
<ele>1617.093</ele>
</trkpt>
<trkpt lat="42.499581" lon="2.034893">
<ele>1619.252</ele>
</trkpt>
<trkpt lat="42.499777" lon="2.035078">
<ele>1621.345</ele>
</trkpt>
<trkpt lat="42.499819" lon="2.035134">
<ele>1621.718</ele>
</trkpt>
<trkpt lat="42.499843" lon="2.035191">
<ele>1621.69</ele>
</trkpt>
<trkpt lat="42.499866" lon="2.035302">
<ele>1621.19</ele>
</trkpt>
<trkpt lat="42.499887" lon="2.035401">
<ele>1621.057</ele>
</trkpt>
<trkpt lat="42.499907" lon="2.035537">
<ele>1621.363</ele>
</trkpt>
<trkpt lat="42.499915" lon="2.035578">
<ele>1621.629</ele>
</trkpt>
<trkpt lat="42.499976" lon="2.035745">
<ele>1623.75</ele>
</trkpt>
<trkpt lat="42.499986" lon="2.035756">
<ele>1624.046</ele>
</trkpt>
<trkpt lat="42.500042" lon="2.035782">
<ele>1625.517</ele>
</trkpt>
</trkseg>
<trkseg>
<trkpt lat="42.500042" lon="2.035782">
<ele>1625.517</ele>
</trkpt>
<trkpt lat="42.500022" lon="2.0356">
<ele>1624.519</ele>
</trkpt>
<trkpt lat="42.499997" lon="2.035353">
<ele>1623.569</ele>
</trkpt>
<trkpt lat="42.499967" lon="2.034948">
<ele>1625.784</ele>
</trkpt>
<trkpt lat="42.499961" lon="2.034864">
<ele>1626.478</ele>
</trkpt>
<trkpt lat="42.499943" lon="2.034565">
<ele>1628.259</ele>
</trkpt>
<trkpt lat="42.499923" lon="2.034195">
<ele>1630.857</ele>
</trkpt>
<trkpt lat="42.499929" lon="2.033976">
<ele>1632.128</ele>
</trkpt>
<trkpt lat="42.499932" lon="2.033863">
<ele>1632.634</ele>
</trkpt>
<trkpt lat="42.49995" lon="2.033789">
<ele>1633.053</ele>
</trkpt>
<trkpt lat="42.499982" lon="2.033803">
<ele>1633.417</ele>
</trkpt>
<trkpt lat="42.500124" lon="2.033854">
<ele>1634.382</ele>
</trkpt>
<trkpt lat="42.500351" lon="2.033939">
<ele>1636.137</ele>
</trkpt>
<trkpt lat="42.500441" lon="2.033979">
<ele>1636.527</ele>
</trkpt>
<trkpt lat="42.500522" lon="2.034032">
<ele>1637.232</ele>
</trkpt>
<trkpt lat="42.500649" lon="2.034192">
<ele>1638.905</ele>
</trkpt>
<trkpt lat="42.500774" lon="2.034373">
<ele>1640.371</ele>
</trkpt>
<trkpt lat="42.500819" lon="2.034354">
<ele>1641.366</ele>
</trkpt>
<trkpt lat="42.500824" lon="2.034354">
<ele>1641.457</ele>
</trkpt>
<trkpt lat="42.500869" lon="2.034358">
<ele>1642.174</ele>
</trkpt>
<trkpt lat="42.500925" lon="2.034373">
<ele>1642.814</ele>
</trkpt>
<trkpt lat="42.501094" lon="2.034419">
<ele>1644.998</ele>
</trkpt>
<trkpt lat="42.501159" lon="2.034438">
<ele>1646.307</ele>
</trkpt>
<trkpt lat="42.501192" lon="2.034475">
<ele>1646.852</ele>
</trkpt>
<trkpt lat="42.501221" lon="2.034556">
<ele>1647.494</ele>
</trkpt>
<trkpt lat="42.501253" lon="2.034623">
<ele>1648.629</ele>
</trkpt>
<trkpt lat="42.501288" lon="2.034671">
<ele>1649.813</ele>
</trkpt>
<trkpt lat="42.501383" lon="2.034744">
<ele>1652.209</ele>
</trkpt>
<trkpt lat="42.501433" lon="2.034778">
<ele>1653.275</ele>
</trkpt>
<trkpt lat="42.501501" lon="2.034822">
<ele>1655.052</ele>
</trkpt>
<trkpt lat="42.50151" lon="2.034832">
<ele>1655.326</ele>
</trkpt>
<trkpt lat="42.501569" lon="2.034755">
<ele>1657.637</ele>
</trkpt>
<trkpt lat="42.501642" lon="2.034617">
<ele>1659.914</ele>
</trkpt>
<trkpt lat="42.501678" lon="2.034577">
<ele>1660.693</ele>
</trkpt>
<trkpt lat="42.501796" lon="2.034543">
<ele>1663.646</ele>
</trkpt>
<trkpt lat="42.50184" lon="2.034518">
<ele>1664.736</ele>
</trkpt>
<trkpt lat="42.501915" lon="2.03436">
<ele>1666.56</ele>
</trkpt>
<trkpt lat="42.501949" lon="2.034225">
<ele>1667.487</ele>
</trkpt>
<trkpt lat="42.502012" lon="2.034078">
<ele>1670.542</ele>
</trkpt>
<trkpt lat="42.502035" lon="2.033929">
<ele>1673.303</ele>
</trkpt>
<trkpt lat="42.502054" lon="2.033913">
<ele>1674.391</ele>
</trkpt>
<trkpt lat="42.502073" lon="2.033925">
<ele>1675.221</ele>
</trkpt>
<trkpt lat="42.502109" lon="2.033984">
<ele>1676.079</ele>
</trkpt>
<trkpt lat="42.5022" lon="2.034194">
<ele>1676.405</ele>
</trkpt>
<trkpt lat="42.502252" lon="2.034319">
<ele>1677.995</ele>
</trkpt>
<trkpt lat="42.502306" lon="2.034418">
<ele>1679.548</ele>
</trkpt>
<trkpt lat="42.502355" lon="2.034464">
<ele>1680.703</ele>
</trkpt>
<trkpt lat="42.502412" lon="2.0345">
<ele>1681.836</ele>
</trkpt>
<trkpt lat="42.502481" lon="2.034515">
<ele>1682.903</ele>
</trkpt>
<trkpt lat="42.502601" lon="2.034502">
<ele>1684.562</ele>
</trkpt>
<trkpt lat="42.502631" lon="2.034477">
<ele>1685.12</ele>
</trkpt>
<trkpt lat="42.502698" lon="2.034319">
<ele>1687.51</ele>
</trkpt>
<trkpt lat="42.502785" lon="2.034212">
<ele>1690.322</ele>
</trkpt>
<trkpt lat="42.502875" lon="2.034155">
<ele>1692.914</ele>
</trkpt>
<trkpt lat="42.503272" lon="2.034054">
<ele>1701.789</ele>
</trkpt>
<trkpt lat="42.503669" lon="2.033953">
<ele>1714.997</ele>
</trkpt>
<trkpt lat="42.503898" lon="2.034176">
<ele>1718.168</ele>
</trkpt>
<trkpt lat="42.5042" lon="2.034378">
<ele>1721.058</ele>
</trkpt>
<trkpt lat="42.504344" lon="2.034468">
<ele>1723.289</ele>
</trkpt>
<trkpt lat="42.504439" lon="2.034507">
<ele>1724.711</ele>
</trkpt>
<trkpt lat="42.504516" lon="2.03466">
<ele>1726.05</ele>
</trkpt>
<trkpt lat="42.50458" lon="2.03467">
<ele>1726.834</ele>
</trkpt>
<trkpt lat="42.50464" lon="2.03468">
<ele>1727.591</ele>
</trkpt>
<trkpt lat="42.504806" lon="2.034726">
<ele>1729.63</ele>
</trkpt>
<trkpt lat="42.505006" lon="2.034756">
<ele>1732.542</ele>
</trkpt>
<trkpt lat="42.505053" lon="2.034779">
<ele>1733.314</ele>
</trkpt>
<trkpt lat="42.505102" lon="2.034842">
<ele>1734.182</ele>
</trkpt>
<trkpt lat="42.505147" lon="2.034923">
<ele>1735.291</ele>
</trkpt>
<trkpt lat="42.505167" lon="2.034998">
<ele>1736.108</ele>
</trkpt>
<trkpt lat="42.50517" lon="2.035097">
<ele>1736.742</ele>
</trkpt>
<trkpt lat="42.505164" lon="2.035392">
<ele>1739.173</ele>
</trkpt>
<trkpt lat="42.505126" lon="2.035502">
<ele>1739.829</ele>
</trkpt>
<trkpt lat="42.505132" lon="2.035555">
<ele>1740.711</ele>
</trkpt>
<trkpt lat="42.505185" lon="2.035667">
<ele>1743.191</ele>
</trkpt>
<trkpt lat="42.505238" lon="2.035807">
<ele>1745.531</ele>
</trkpt>
<trkpt lat="42.505339" lon="2.035978">
<ele>1748.401</ele>
</trkpt>
<trkpt lat="42.50525" lon="2.036241">
<ele>1747.66</ele>
</trkpt>
<trkpt lat="42.505182" lon="2.036354">
<ele>1748.246</ele>
</trkpt>
<trkpt lat="42.505054" lon="2.036504">
<ele>1747.457</ele>
</trkpt>
<trkpt lat="42.504943" lon="2.036573">
<ele>1748.245</ele>
</trkpt>
<trkpt lat="42.504852" lon="2.03662">
<ele>1748.055</ele>
</trkpt>
<trkpt lat="42.504744" lon="2.036678">
<ele>1745.66</ele>
</trkpt>
<trkpt lat="42.504684" lon="2.036731">
<ele>1744.844</ele>
</trkpt>
<trkpt lat="42.504673" lon="2.036847">
<ele>1746.364</ele>
</trkpt>
<trkpt lat="42.504656" lon="2.036928">
<ele>1746.433</ele>
</trkpt>
<trkpt lat="42.504625" lon="2.037047">
<ele>1745.599</ele>
</trkpt>
<trkpt lat="42.504617" lon="2.037078">
<ele>1745.435</ele>
</trkpt>
<trkpt lat="42.504404" lon="2.037556">
<ele>1745.968</ele>
</trkpt>
<trkpt lat="42.504376" lon="2.037643">
<ele>1746.233</ele>
</trkpt>
<trkpt lat="42.504361" lon="2.037699">
<ele>1746.507</ele>
</trkpt>
<trkpt lat="42.50435" lon="2.037773">
<ele>1746.981</ele>
</trkpt>
<trkpt lat="42.504349" lon="2.037865">
<ele>1747.708</ele>
</trkpt>
<trkpt lat="42.504339" lon="2.037951">
<ele>1748.29</ele>
</trkpt>
<trkpt lat="42.504284" lon="2.038213">
<ele>1749.476</ele>
</trkpt>
<trkpt lat="42.504252" lon="2.038412">
<ele>1749.265</ele>
</trkpt>
<trkpt lat="42.504236" lon="2.038533">
<ele>1748.091</ele>
</trkpt>
<trkpt lat="42.504217" lon="2.0387">
<ele>1746.763</ele>
</trkpt>
<trkpt lat="42.504209" lon="2.038847">
<ele>1746.109</ele>
</trkpt>
<trkpt lat="42.504209" lon="2.039038">
<ele>1745.302</ele>
</trkpt>
<trkpt lat="42.504284" lon="2.039294">
<ele>1745.57</ele>
</trkpt>
<trkpt lat="42.504387" lon="2.039454">
<ele>1745.275</ele>
</trkpt>
<trkpt lat="42.504578" lon="2.039786">
<ele>1744.597</ele>
</trkpt>
<trkpt lat="42.504769" lon="2.040118">
<ele>1749.895</ele>
</trkpt>
<trkpt lat="42.504804" lon="2.04018">
<ele>1749.521</ele>
</trkpt>
<trkpt lat="42.504973" lon="2.040499">
<ele>1750.121</ele>
</trkpt>
<trkpt lat="42.505092" lon="2.040475">
<ele>1750.96</ele>
</trkpt>
<trkpt lat="42.505163" lon="2.040468">
<ele>1751.852</ele>
</trkpt>
<trkpt lat="42.50523" lon="2.040458">
<ele>1752.86</ele>
</trkpt>
<trkpt lat="42.505261" lon="2.040459">
<ele>1753.437</ele>
</trkpt>
<trkpt lat="42.505282" lon="2.040478">
<ele>1754.138</ele>
</trkpt>
<trkpt lat="42.505288" lon="2.040507">
<ele>1754.628</ele>
</trkpt>
<trkpt lat="42.505293" lon="2.040582">
<ele>1755.534</ele>
</trkpt>
<trkpt lat="42.505302" lon="2.040706">
<ele>1756.943</ele>
</trkpt>
<trkpt lat="42.505335" lon="2.040717">
<ele>1757.93</ele>
</trkpt>
<trkpt lat="42.505364" lon="2.04072">
<ele>1758.607</ele>
</trkpt>
<trkpt lat="42.505404" lon="2.040709">
<ele>1759.155</ele>
</trkpt>
<trkpt lat="42.505472" lon="2.040667">
<ele>1759.578</ele>
</trkpt>
<trkpt lat="42.505516" lon="2.040631">
<ele>1759.911</ele>
</trkpt>
<trkpt lat="42.505553" lon="2.040574">
<ele>1760.36</ele>
</trkpt>
<trkpt lat="42.505578" lon="2.040456">
<ele>1761.199</ele>
</trkpt>
<trkpt lat="42.505584" lon="2.040364">
<ele>1762.204</ele>
</trkpt>
<trkpt lat="42.505578" lon="2.040274">
<ele>1763.036</ele>
</trkpt>
<trkpt lat="42.505575" lon="2.040193">
<ele>1763.83</ele>
</trkpt>
<trkpt lat="42.505597" lon="2.040151">
<ele>1764.984</ele>
</trkpt>
<trkpt lat="42.505639" lon="2.040142">
<ele>1766.179</ele>
</trkpt>
<trkpt lat="42.505705" lon="2.040173">
<ele>1767.154</ele>
</trkpt>
<trkpt lat="42.505743" lon="2.040219">
<ele>1767.527</ele>
</trkpt>
<trkpt lat="42.505769" lon="2.040259">
<ele>1768.003</ele>
</trkpt>
<trkpt lat="42.505839" lon="2.040387">
<ele>1770.639</ele>
</trkpt>
<trkpt lat="42.505913" lon="2.04037">
<ele>1772.902</ele>
</trkpt>
<trkpt lat="42.505982" lon="2.040364">
<ele>1774.742</ele>
</trkpt>
<trkpt lat="42.506021" lon="2.040363">
<ele>1775.498</ele>
</trkpt>
<trkpt lat="42.50625" lon="2.040403">
<ele>1776.369</ele>
</trkpt>
<trkpt lat="42.506547" lon="2.040423">
<ele>1781.001</ele>
</trkpt>
<trkpt lat="42.506589" lon="2.040413">
<ele>1781.619</ele>
</trkpt>
<trkpt lat="42.506691" lon="2.040269">
<ele>1783.649</ele>
</trkpt>
<trkpt lat="42.506751" lon="2.040393">
<ele>1784.376</ele>
</trkpt>
<trkpt lat="42.506781" lon="2.040453">
<ele>1784.861</ele>
</trkpt>
<trkpt lat="42.506839" lon="2.040596">
<ele>1785.37</ele>
</trkpt>
<trkpt lat="42.506859" lon="2.040667">
<ele>1785.211</ele>
</trkpt>
<trkpt lat="42.506882" lon="2.040826">
<ele>1785.183</ele>
</trkpt>
<trkpt lat="42.50687" lon="2.040961">
<ele>1785.434</ele>
</trkpt>
<trkpt lat="42.506846" lon="2.041084">
<ele>1785.636</ele>
</trkpt>
<trkpt lat="42.506804" lon="2.041189">
<ele>1785.778</ele>
</trkpt>
<trkpt lat="42.506664" lon="2.04137">
<ele>1786.969</ele>
</trkpt>
<trkpt lat="42.506649" lon="2.041499">
<ele>1788.586</ele>
</trkpt>
<trkpt lat="42.506634" lon="2.041598">
<ele>1789.356</ele>
</trkpt>
<trkpt lat="42.506604" lon="2.041735">
<ele>1790.124</ele>
</trkpt>
<trkpt lat="42.506545" lon="2.041915">
<ele>1791.153</ele>
</trkpt>
<trkpt lat="42.50655" lon="2.042019">
<ele>1791.852</ele>
</trkpt>
<trkpt lat="42.506569" lon="2.042107">
<ele>1792.211</ele>
</trkpt>
<trkpt lat="42.506658" lon="2.042105">
<ele>1793.239</ele>
</trkpt>
<trkpt lat="42.506742" lon="2.042115">
<ele>1794.452</ele>
</trkpt>
<trkpt lat="42.50689" lon="2.04212">
<ele>1797.12</ele>
</trkpt>
<trkpt lat="42.506985" lon="2.042113">
<ele>1798.905</ele>
</trkpt>
<trkpt lat="42.507067" lon="2.0421">
<ele>1800.522</ele>
</trkpt>
<trkpt lat="42.507156" lon="2.042096">
<ele>1802.129</ele>
</trkpt>
<trkpt lat="42.507237" lon="2.042107">
<ele>1803.186</ele>
</trkpt>
<trkpt lat="42.507345" lon="2.042177">
<ele>1804.071</ele>
</trkpt>
<trkpt lat="42.507429" lon="2.042252">
<ele>1804.548</ele>
</trkpt>
<trkpt lat="42.507497" lon="2.042331">
<ele>1804.799</ele>
</trkpt>
<trkpt lat="42.507568" lon="2.042427">
<ele>1804.959</ele>
</trkpt>
<trkpt lat="42.507713" lon="2.042726">
<ele>1805.602</ele>
</trkpt>
<trkpt lat="42.507728" lon="2.042841">
<ele>1805.833</ele>
</trkpt>
<trkpt lat="42.507749" lon="2.042976">
<ele>1805.957</ele>
</trkpt>
<trkpt lat="42.507833" lon="2.043253">
<ele>1806.7</ele>
</trkpt>
<trkpt lat="42.507831" lon="2.043343">
<ele>1806.354</ele>
</trkpt>
<trkpt lat="42.507858" lon="2.043486">
<ele>1806.461</ele>
</trkpt>
<trkpt lat="42.507893" lon="2.043638">
<ele>1806.844</ele>
</trkpt>
<trkpt lat="42.50794" lon="2.043807">
<ele>1807.427</ele>
</trkpt>
<trkpt lat="42.50798" lon="2.043976">
<ele>1808.209</ele>
</trkpt>
<trkpt lat="42.507991" lon="2.044096">
<ele>1808.197</ele>
</trkpt>
<trkpt lat="42.507987" lon="2.044273">
<ele>1806.629</ele>
</trkpt>
<trkpt lat="42.507989" lon="2.044359">
<ele>1805.826</ele>
</trkpt>
<trkpt lat="42.508025" lon="2.044405">
<ele>1806.045</ele>
</trkpt>
<trkpt lat="42.508107" lon="2.044495">
<ele>1806.424</ele>
</trkpt>
<trkpt lat="42.508206" lon="2.044558">
<ele>1806.92</ele>
</trkpt>
<trkpt lat="42.508238" lon="2.044566">
<ele>1807.139</ele>
</trkpt>
<trkpt lat="42.508308" lon="2.044581">
<ele>1807.508</ele>
</trkpt>
<trkpt lat="42.508416" lon="2.044574">
<ele>1808.231</ele>
</trkpt>
<trkpt lat="42.508526" lon="2.044555">
<ele>1809.123</ele>
</trkpt>
<trkpt lat="42.508644" lon="2.044536">
<ele>1810.24</ele>
</trkpt>
<trkpt lat="42.508751" lon="2.0445">
<ele>1811.406</ele>
</trkpt>
<trkpt lat="42.508869" lon="2.044451">
<ele>1812.422</ele>
</trkpt>
<trkpt lat="42.508979" lon="2.044398">
<ele>1813.403</ele>
</trkpt>
<trkpt lat="42.509065" lon="2.044381">
<ele>1814.321</ele>
</trkpt>
<trkpt lat="42.509154" lon="2.044423">
<ele>1814.93</ele>
</trkpt>
<trkpt lat="42.509239" lon="2.044433">
<ele>1815.793</ele>
</trkpt>
<trkpt lat="42.509322" lon="2.044435">
<ele>1816.677</ele>
</trkpt>
<trkpt lat="42.509402" lon="2.044483">
<ele>1817.246</ele>
</trkpt>
<trkpt lat="42.509474" lon="2.044553">
<ele>1817.811</ele>
</trkpt>
<trkpt lat="42.509557" lon="2.044679">
<ele>1818.478</ele>
</trkpt>
<trkpt lat="42.509604" lon="2.044796">
<ele>1818.744</ele>
</trkpt>
<trkpt lat="42.509637" lon="2.044958">
<ele>1818.868</ele>
</trkpt>
<trkpt lat="42.50968" lon="2.045152">
<ele>1819.945</ele>
</trkpt>
<trkpt lat="42.50974" lon="2.045434">
<ele>1822.168</ele>
</trkpt>
<trkpt lat="42.50977" lon="2.045564">
<ele>1822.994</ele>
</trkpt>
<trkpt lat="42.509955" lon="2.045663">
<ele>1824.539</ele>
</trkpt>
<trkpt lat="42.510042" lon="2.045671">
<ele>1826.226</ele>
</trkpt>
<trkpt lat="42.51014" lon="2.045655">
<ele>1827.594</ele>
</trkpt>
<trkpt lat="42.510239" lon="2.045622">
<ele>1828.335</ele>
</trkpt>
<trkpt lat="42.510338" lon="2.045564">
<ele>1829.043</ele>
</trkpt>
<trkpt lat="42.510431" lon="2.045487">
<ele>1830.371</ele>
</trkpt>
<trkpt lat="42.510507" lon="2.045398">
<ele>1832.044</ele>
</trkpt>
<trkpt lat="42.510554" lon="2.045299">
<ele>1833.645</ele>
</trkpt>
<trkpt lat="42.510594" lon="2.045229">
<ele>1834.895</ele>
</trkpt>
<trkpt lat="42.51067" lon="2.045187">
<ele>1836.379</ele>
</trkpt>
<trkpt lat="42.510748" lon="2.045156">
<ele>1837.853</ele>
</trkpt>
<trkpt lat="42.510865" lon="2.045102">
<ele>1840.192</ele>
</trkpt>
<trkpt lat="42.511068" lon="2.044979">
<ele>1843.541</ele>
</trkpt>
<trkpt lat="42.511145" lon="2.044917">
<ele>1844.707</ele>
</trkpt>
<trkpt lat="42.511195" lon="2.044819">
<ele>1844.85</ele>
</trkpt>
<trkpt lat="42.511211" lon="2.044665">
<ele>1844.437</ele>
</trkpt>
<trkpt lat="42.51123" lon="2.04447">
<ele>1844.839</ele>
</trkpt>
<trkpt lat="42.511366" lon="2.044354">
<ele>1844.339</ele>
</trkpt>
<trkpt lat="42.511401" lon="2.044299">
<ele>1844.051</ele>
</trkpt>
<trkpt lat="42.511405" lon="2.044217">
<ele>1843.792</ele>
</trkpt>
<trkpt lat="42.511423" lon="2.044146">
<ele>1843.284</ele>
</trkpt>
<trkpt lat="42.511432" lon="2.044081">
<ele>1842.987</ele>
</trkpt>
<trkpt lat="42.511497" lon="2.043999">
<ele>1842.078</ele>
</trkpt>
<trkpt lat="42.511578" lon="2.043971">
<ele>1841.123</ele>
</trkpt>
<trkpt lat="42.511738" lon="2.043891">
<ele>1839.003</ele>
</trkpt>
<trkpt lat="42.511953" lon="2.043782">
<ele>1836.389</ele>
</trkpt>
<trkpt lat="42.511988" lon="2.043765">
<ele>1836.012</ele>
</trkpt>
<trkpt lat="42.512065" lon="2.043731">
<ele>1835.189</ele>
</trkpt>
<trkpt lat="42.512043" lon="2.043709">
<ele>1835.309</ele>
</trkpt>
<trkpt lat="42.511943" lon="2.04354">
<ele>1835.688</ele>
</trkpt>
<trkpt lat="42.511913" lon="2.043432">
<ele>1835.891</ele>
</trkpt>
<trkpt lat="42.511911" lon="2.043425">
<ele>1835.917</ele>
</trkpt>
<trkpt lat="42.511896" lon="2.043304">
<ele>1836.239</ele>
</trkpt>
<trkpt lat="42.5119" lon="2.043227">
<ele>1836.297</ele>
</trkpt>
<trkpt lat="42.511902" lon="2.043198">
<ele>1836.316</ele>
</trkpt>
<trkpt lat="42.511908" lon="2.043149">
<ele>1836.291</ele>
</trkpt>
<trkpt lat="42.511917" lon="2.043079">
<ele>1836.235</ele>
</trkpt>
<trkpt lat="42.511945" lon="2.04295">
<ele>1835.777</ele>
</trkpt>
<trkpt lat="42.511971" lon="2.042812">
<ele>1835.257</ele>
</trkpt>
<trkpt lat="42.511989" lon="2.042651">
<ele>1835.606</ele>
</trkpt>
<trkpt lat="42.511996" lon="2.042526">
<ele>1836.208</ele>
</trkpt>
<trkpt lat="42.511993" lon="2.042412">
<ele>1836.439</ele>
</trkpt>
<trkpt lat="42.511955" lon="2.042253">
<ele>1836.651</ele>
</trkpt>
<trkpt lat="42.511945" lon="2.042218">
<ele>1836.749</ele>
</trkpt>
<trkpt lat="42.511926" lon="2.042147">
<ele>1837.072</ele>
</trkpt>
<trkpt lat="42.511805" lon="2.041898">
<ele>1839.688</ele>
</trkpt>
<trkpt lat="42.511711" lon="2.041697">
<ele>1840.854</ele>
</trkpt>
<trkpt lat="42.511687" lon="2.04161">
<ele>1840.903</ele>
</trkpt>
<trkpt lat="42.511674" lon="2.041525">
<ele>1840.733</ele>
</trkpt>
<trkpt lat="42.511679" lon="2.041428">
<ele>1840.21</ele>
</trkpt>
<trkpt lat="42.511698" lon="2.041319">
<ele>1839.53</ele>
</trkpt>
<trkpt lat="42.51175" lon="2.041107">
<ele>1838.586</ele>
</trkpt>
<trkpt lat="42.511766" lon="2.041012">
<ele>1838.396</ele>
</trkpt>
<trkpt lat="42.511776" lon="2.04096">
<ele>1838.301</ele>
</trkpt>
<trkpt lat="42.511789" lon="2.040761">
<ele>1838.31</ele>
</trkpt>
<trkpt lat="42.5118" lon="2.040663">
<ele>1838.149</ele>
</trkpt>
<trkpt lat="42.511827" lon="2.040577">
<ele>1837.75</ele>
</trkpt>
<trkpt lat="42.511855" lon="2.040522">
<ele>1837.399</ele>
</trkpt>
<trkpt lat="42.511944" lon="2.040459">
<ele>1837.002</ele>
</trkpt>
<trkpt lat="42.51219" lon="2.040407">
<ele>1837.3</ele>
</trkpt>
<trkpt lat="42.512407" lon="2.040365">
<ele>1837.601</ele>
</trkpt>
<trkpt lat="42.512568" lon="2.040339">
<ele>1837.791</ele>
</trkpt>
<trkpt lat="42.512601" lon="2.040325">
<ele>1837.884</ele>
</trkpt>
<trkpt lat="42.512643" lon="2.040302">
<ele>1838.06</ele>
</trkpt>
<trkpt lat="42.512669" lon="2.040274">
<ele>1838.257</ele>
</trkpt>
<trkpt lat="42.512686" lon="2.040242">
<ele>1838.486</ele>
</trkpt>
<trkpt lat="42.512702" lon="2.040198">
<ele>1838.815</ele>
</trkpt>
<trkpt lat="42.512709" lon="2.040147">
<ele>1839.143</ele>
</trkpt>
<trkpt lat="42.512707" lon="2.04009">
<ele>1839.367</ele>
</trkpt>
<trkpt lat="42.512715" lon="2.039866">
<ele>1839.44</ele>
</trkpt>
<trkpt lat="42.512718" lon="2.039813">
<ele>1839.431</ele>
</trkpt>
<trkpt lat="42.51273" lon="2.039753">
<ele>1839.565</ele>
</trkpt>
<trkpt lat="42.512764" lon="2.039625">
<ele>1840.151</ele>
</trkpt>
<trkpt lat="42.512815" lon="2.039487">
<ele>1840.857</ele>
</trkpt>
<trkpt lat="42.512866" lon="2.039381">
<ele>1841.206</ele>
</trkpt>
<trkpt lat="42.512911" lon="2.039302">
<ele>1841.323</ele>
</trkpt>
<trkpt lat="42.513002" lon="2.039183">
<ele>1841.727</ele>
</trkpt>
<trkpt lat="42.513047" lon="2.039128">
<ele>1842.249</ele>
</trkpt>
<trkpt lat="42.513143" lon="2.039055">
<ele>1843.729</ele>
</trkpt>
<trkpt lat="42.51326" lon="2.038964">
<ele>1844.967</ele>
</trkpt>
<trkpt lat="42.51334" lon="2.038903">
<ele>1844.987</ele>
</trkpt>
<trkpt lat="42.513391" lon="2.038848">
<ele>1844.985</ele>
</trkpt>
<trkpt lat="42.513473" lon="2.038739">
<ele>1845.906</ele>
</trkpt>
<trkpt lat="42.513571" lon="2.038599">
<ele>1846.832</ele>
</trkpt>
<trkpt lat="42.513631" lon="2.038524">
<ele>1847.179</ele>
</trkpt>
<trkpt lat="42.513687" lon="2.038481">
<ele>1847.917</ele>
</trkpt>
<trkpt lat="42.513737" lon="2.038454">
<ele>1848.789</ele>
</trkpt>
<trkpt lat="42.513817" lon="2.038428">
<ele>1850.169</ele>
</trkpt>
<trkpt lat="42.513914" lon="2.038409">
<ele>1851.352</ele>
</trkpt>
<trkpt lat="42.514003" lon="2.038389">
<ele>1852.011</ele>
</trkpt>
<trkpt lat="42.514025" lon="2.038389">
<ele>1852.14</ele>
</trkpt>
<trkpt lat="42.514059" lon="2.038397">
<ele>1852.335</ele>
</trkpt>
<trkpt lat="42.514077" lon="2.038367">
<ele>1852.541</ele>
</trkpt>
<trkpt lat="42.514104" lon="2.038339">
<ele>1852.802</ele>
</trkpt>
<trkpt lat="42.514134" lon="2.038322">
<ele>1853.039</ele>
</trkpt>
<trkpt lat="42.514241" lon="2.038297">
<ele>1853.701</ele>
</trkpt>
<trkpt lat="42.514333" lon="2.038277">
<ele>1854.207</ele>
</trkpt>
<trkpt lat="42.514398" lon="2.038261">
<ele>1854.662</ele>
</trkpt>
<trkpt lat="42.514438" lon="2.038253">
<ele>1854.989</ele>
</trkpt>
<trkpt lat="42.514479" lon="2.038251">
<ele>1855.333</ele>
</trkpt>
<trkpt lat="42.51453" lon="2.038255">
<ele>1855.718</ele>
</trkpt>
<trkpt lat="42.514617" lon="2.038273">
<ele>1856.099</ele>
</trkpt>
<trkpt lat="42.514731" lon="2.03831">
<ele>1856.439</ele>
</trkpt>
<trkpt lat="42.514778" lon="2.038334">
<ele>1856.737</ele>
</trkpt>
<trkpt lat="42.514804" lon="2.038358">
<ele>1856.895</ele>
</trkpt>
<trkpt lat="42.51484" lon="2.038289">
<ele>1857.333</ele>
</trkpt>
<trkpt lat="42.514862" lon="2.038235">
<ele>1857.677</ele>
</trkpt>
<trkpt lat="42.514872" lon="2.038183">
<ele>1857.879</ele>
</trkpt>
<trkpt lat="42.514876" lon="2.038115">
<ele>1857.964</ele>
</trkpt>
<trkpt lat="42.514936" lon="2.037966">
<ele>1858.854</ele>
</trkpt>
<trkpt lat="42.515005" lon="2.037793">
<ele>1861.586</ele>
</trkpt>
<trkpt lat="42.515042" lon="2.037676">
<ele>1863.68</ele>
</trkpt>
<trkpt lat="42.515059" lon="2.037627">
<ele>1864.372</ele>
</trkpt>
<trkpt lat="42.515099" lon="2.037482">
<ele>1865.771</ele>
</trkpt>
<trkpt lat="42.515109" lon="2.03744">
<ele>1866.179</ele>
</trkpt>
<trkpt lat="42.515138" lon="2.037329">
<ele>1867.406</ele>
</trkpt>
<trkpt lat="42.515187" lon="2.037085">
<ele>1869.091</ele>
</trkpt>
<trkpt lat="42.515187" lon="2.03705">
<ele>1869.062</ele>
</trkpt>
<trkpt lat="42.515191" lon="2.036958">
<ele>1868.961</ele>
</trkpt>
<trkpt lat="42.515203" lon="2.036886">
<ele>1868.965</ele>
</trkpt>
<trkpt lat="42.515228" lon="2.03681">
<ele>1869.376</ele>
</trkpt>
<trkpt lat="42.515259" lon="2.036743">
<ele>1870.286</ele>
</trkpt>
<trkpt lat="42.515289" lon="2.036681">
<ele>1871.41</ele>
</trkpt>
<trkpt lat="42.515349" lon="2.036544">
<ele>1873.612</ele>
</trkpt>
<trkpt lat="42.515381" lon="2.036454">
<ele>1874.397</ele>
</trkpt>
<trkpt lat="42.515384" lon="2.036448">
<ele>1874.47</ele>
</trkpt>
<trkpt lat="42.515437" lon="2.036277">
<ele>1875.453</ele>
</trkpt>
<trkpt lat="42.51547" lon="2.036174">
<ele>1876.09</ele>
</trkpt>
<trkpt lat="42.515497" lon="2.03608">
<ele>1876.645</ele>
</trkpt>
<trkpt lat="42.515524" lon="2.035998">
<ele>1877.192</ele>
</trkpt>
<trkpt lat="42.515554" lon="2.035937">
<ele>1877.826</ele>
</trkpt>
<trkpt lat="42.515588" lon="2.03589">
<ele>1878.578</ele>
</trkpt>
<trkpt lat="42.515609" lon="2.035878">
<ele>1879.1</ele>
</trkpt>
<trkpt lat="42.515668" lon="2.035931">
<ele>1880.937</ele>
</trkpt>
<trkpt lat="42.515684" lon="2.035962">
<ele>1881.499</ele>
</trkpt>
<trkpt lat="42.515702" lon="2.036014">
<ele>1882.164</ele>
</trkpt>
<trkpt lat="42.515712" lon="2.036062">
<ele>1882.538</ele>
</trkpt>
<trkpt lat="42.515723" lon="2.036123">
<ele>1882.85</ele>
</trkpt>
<trkpt lat="42.515732" lon="2.036195">
<ele>1882.984</ele>
</trkpt>
<trkpt lat="42.515741" lon="2.036339">
<ele>1882.892</ele>
</trkpt>
<trkpt lat="42.515772" lon="2.036282">
<ele>1883.791</ele>
</trkpt>
<trkpt lat="42.515833" lon="2.036178">
<ele>1885.471</ele>
</trkpt>
<trkpt lat="42.515855" lon="2.036137">
<ele>1886.017</ele>
</trkpt>
<trkpt lat="42.515884" lon="2.036065">
<ele>1886.638</ele>
</trkpt>
<trkpt lat="42.51592" lon="2.035983">
<ele>1887.233</ele>
</trkpt>
<trkpt lat="42.515959" lon="2.035889">
<ele>1887.76</ele>
</trkpt>
<trkpt lat="42.515995" lon="2.035809">
<ele>1888.28</ele>
</trkpt>
<trkpt lat="42.516038" lon="2.035709">
<ele>1888.999</ele>
</trkpt>
<trkpt lat="42.516088" lon="2.035601">
<ele>1890.008</ele>
</trkpt>
<trkpt lat="42.516142" lon="2.035501">
<ele>1891.111</ele>
</trkpt>
<trkpt lat="42.516196" lon="2.035407">
<ele>1892.177</ele>
</trkpt>
<trkpt lat="42.516249" lon="2.035312">
<ele>1893.355</ele>
</trkpt>
<trkpt lat="42.516302" lon="2.035222">
<ele>1894.664</ele>
</trkpt>
<trkpt lat="42.51636" lon="2.035136">
<ele>1895.961</ele>
</trkpt>
<trkpt lat="42.516417" lon="2.03505">
<ele>1897.174</ele>
</trkpt>
<trkpt lat="42.516459" lon="2.034984">
<ele>1898.133</ele>
</trkpt>
<trkpt lat="42.516511" lon="2.03491">
<ele>1899.289</ele>
</trkpt>
<trkpt lat="42.51656" lon="2.034847">
<ele>1900.055</ele>
</trkpt>
<trkpt lat="42.516614" lon="2.034797">
<ele>1900.459</ele>
</trkpt>
<trkpt lat="42.516667" lon="2.034741">
<ele>1900.562</ele>
</trkpt>
<trkpt lat="42.516721" lon="2.034675">
<ele>1900.71</ele>
</trkpt>
<trkpt lat="42.516757" lon="2.034623">
<ele>1900.954</ele>
</trkpt>
<trkpt lat="42.516799" lon="2.034538">
<ele>1901.292</ele>
</trkpt>
<trkpt lat="42.51682" lon="2.034448">
<ele>1901.332</ele>
</trkpt>
<trkpt lat="42.516812" lon="2.034352">
<ele>1900.858</ele>
</trkpt>
<trkpt lat="42.516803" lon="2.03425">
<ele>1900.375</ele>
</trkpt>
<trkpt lat="42.516821" lon="2.034159">
<ele>1900.372</ele>
</trkpt>
<trkpt lat="42.516852" lon="2.034066">
<ele>1900.522</ele>
</trkpt>
<trkpt lat="42.516876" lon="2.034006">
<ele>1900.713</ele>
</trkpt>
<trkpt lat="42.516919" lon="2.033918">
<ele>1901.318</ele>
</trkpt>
<trkpt lat="42.516961" lon="2.033831">
<ele>1902.279</ele>
</trkpt>
<trkpt lat="42.517002" lon="2.033745">
<ele>1903.445</ele>
</trkpt>
<trkpt lat="42.517047" lon="2.033662">
<ele>1904.626</ele>
</trkpt>
<trkpt lat="42.517086" lon="2.033597">
<ele>1905.492</ele>
</trkpt>
<trkpt lat="42.517138" lon="2.033533">
<ele>1906.647</ele>
</trkpt>
<trkpt lat="42.517193" lon="2.033482">
<ele>1907.912</ele>
</trkpt>
<trkpt lat="42.517243" lon="2.033449">
<ele>1909.044</ele>
</trkpt>
<trkpt lat="42.517285" lon="2.033429">
<ele>1909.971</ele>
</trkpt>
<trkpt lat="42.517347" lon="2.033404">
<ele>1911.268</ele>
</trkpt>
<trkpt lat="42.517404" lon="2.033369">
<ele>1912.342</ele>
</trkpt>
<trkpt lat="42.517447" lon="2.03335">
<ele>1913.035</ele>
</trkpt>
<trkpt lat="42.517485" lon="2.033326">
<ele>1913.551</ele>
</trkpt>
<trkpt lat="42.517515" lon="2.03328">
<ele>1913.877</ele>
</trkpt>
<trkpt lat="42.517551" lon="2.03321">
<ele>1914.219</ele>
</trkpt>
<trkpt lat="42.517575" lon="2.033171">
<ele>1914.473</ele>
</trkpt>
<trkpt lat="42.517604" lon="2.033068">
<ele>1914.818</ele>
</trkpt>
<trkpt lat="42.517648" lon="2.033045">
<ele>1915.437</ele>
</trkpt>
<trkpt lat="42.517707" lon="2.033029">
<ele>1916.241</ele>
</trkpt>
<trkpt lat="42.517768" lon="2.033024">
<ele>1917.006</ele>
</trkpt>
<trkpt lat="42.517807" lon="2.033023">
<ele>1917.476</ele>
</trkpt>
<trkpt lat="42.517868" lon="2.033032">
<ele>1918.208</ele>
</trkpt>
<trkpt lat="42.517937" lon="2.033049">
<ele>1919.02</ele>
</trkpt>
<trkpt lat="42.517979" lon="2.033064">
<ele>1919.5</ele>
</trkpt>
<trkpt lat="42.518109" lon="2.033118">
<ele>1921.029</ele>
</trkpt>
<trkpt lat="42.518163" lon="2.033141">
<ele>1921.715</ele>
</trkpt>
<trkpt lat="42.518224" lon="2.033155">
<ele>1922.491</ele>
</trkpt>
<trkpt lat="42.518272" lon="2.033165">
<ele>1923.079</ele>
</trkpt>
<trkpt lat="42.51831" lon="2.033177">
<ele>1923.52</ele>
</trkpt>
<trkpt lat="42.518374" lon="2.033214">
<ele>1924.177</ele>
</trkpt>
<trkpt lat="42.51842" lon="2.033261">
<ele>1924.663</ele>
</trkpt>
<trkpt lat="42.518444" lon="2.033306">
<ele>1925.078</ele>
</trkpt>
<trkpt lat="42.518491" lon="2.033438">
<ele>1926.804</ele>
</trkpt>
<trkpt lat="42.518532" lon="2.033398">
<ele>1926.947</ele>
</trkpt>
<trkpt lat="42.51857" lon="2.033355">
<ele>1927.155</ele>
</trkpt>
<trkpt lat="42.518595" lon="2.033318">
<ele>1927.295</ele>
</trkpt>
<trkpt lat="42.518625" lon="2.03327">
<ele>1927.538</ele>
</trkpt>
<trkpt lat="42.518658" lon="2.033218">
<ele>1927.911</ele>
</trkpt>
<trkpt lat="42.518697" lon="2.03318">
<ele>1928.484</ele>
</trkpt>
<trkpt lat="42.518722" lon="2.033156">
<ele>1928.821</ele>
</trkpt>
<trkpt lat="42.518758" lon="2.033127">
<ele>1929.281</ele>
</trkpt>
<trkpt lat="42.518813" lon="2.033097">
<ele>1930.009</ele>
</trkpt>
<trkpt lat="42.518899" lon="2.033056">
<ele>1931.177</ele>
</trkpt>
<trkpt lat="42.518929" lon="2.033045">
<ele>1931.58</ele>
</trkpt>
<trkpt lat="42.519009" lon="2.033042">
<ele>1932.681</ele>
</trkpt>
<trkpt lat="42.519065" lon="2.033052">
<ele>1933.398</ele>
</trkpt>
<trkpt lat="42.519124" lon="2.033074">
<ele>1934.155</ele>
</trkpt>
<trkpt lat="42.519189" lon="2.033096">
<ele>1934.907</ele>
</trkpt>
<trkpt lat="42.519256" lon="2.033122">
<ele>1935.647</ele>
</trkpt>
<trkpt lat="42.519328" lon="2.033145">
<ele>1936.261</ele>
</trkpt>
<trkpt lat="42.519409" lon="2.033173">
<ele>1936.796</ele>
</trkpt>
<trkpt lat="42.519475" lon="2.0332">
<ele>1937.179</ele>
</trkpt>
<trkpt lat="42.519539" lon="2.033229">
<ele>1937.495</ele>
</trkpt>
<trkpt lat="42.519611" lon="2.033258">
<ele>1937.823</ele>
</trkpt>
<trkpt lat="42.519674" lon="2.033282">
<ele>1938.15</ele>
</trkpt>
<trkpt lat="42.520007" lon="2.033317">
<ele>1939.493</ele>
</trkpt>
<trkpt lat="42.519947" lon="2.032947">
<ele>1939.822</ele>
</trkpt>
<trkpt lat="42.519923" lon="2.032599">
<ele>1940.465</ele>
</trkpt>
<trkpt lat="42.519899" lon="2.032251">
<ele>1942.122</ele>
</trkpt>
<trkpt lat="42.519889" lon="2.032172">
<ele>1942.548</ele>
</trkpt>
<trkpt lat="42.519883" lon="2.032077">
<ele>1943.018</ele>
</trkpt>
<trkpt lat="42.519889" lon="2.031979">
<ele>1943.442</ele>
</trkpt>
<trkpt lat="42.519929" lon="2.031941">
<ele>1943.728</ele>
</trkpt>
<trkpt lat="42.519932" lon="2.031936">
<ele>1943.756</ele>
</trkpt>
<trkpt lat="42.520022" lon="2.03185">
<ele>1944.305</ele>
</trkpt>
<trkpt lat="42.520282" lon="2.031692">
<ele>1946.473</ele>
</trkpt>
<trkpt lat="42.520405" lon="2.031728">
<ele>1947.622</ele>
</trkpt>
<trkpt lat="42.520616" lon="2.03186">
<ele>1949.305</ele>
</trkpt>
<trkpt lat="42.520732" lon="2.031932">
<ele>1950.259</ele>
</trkpt>
<trkpt lat="42.520848" lon="2.031908">
<ele>1951.563</ele>
</trkpt>
<trkpt lat="42.520947" lon="2.031772">
<ele>1953.565</ele>
</trkpt>
<trkpt lat="42.520984" lon="2.031591">
<ele>1955.36</ele>
</trkpt>
<trkpt lat="42.521186" lon="2.031372">
<ele>1958.347</ele>
</trkpt>
<trkpt lat="42.521367" lon="2.031219">
<ele>1960.949</ele>
</trkpt>
<trkpt lat="42.521449" lon="2.031112">
<ele>1962.857</ele>
</trkpt>
<trkpt lat="42.521492" lon="2.030917">
<ele>1964.386</ele>
</trkpt>
<trkpt lat="42.521496" lon="2.030738">
<ele>1965.517</ele>
</trkpt>
<trkpt lat="42.521409" lon="2.030365">
<ele>1967.397</ele>
</trkpt>
<trkpt lat="42.521404" lon="2.030324">
<ele>1967.556</ele>
</trkpt>
<trkpt lat="42.521376" lon="2.030106">
<ele>1968.441</ele>
</trkpt>
<trkpt lat="42.521332" lon="2.029745">
<ele>1969.626</ele>
</trkpt>
<trkpt lat="42.521384" lon="2.029415">
<ele>1972.506</ele>
</trkpt>
<trkpt lat="42.52147" lon="2.029121">
<ele>1976.534</ele>
</trkpt>
<trkpt lat="42.521534" lon="2.028828">
<ele>1980.659</ele>
</trkpt>
<trkpt lat="42.521565" lon="2.028893">
<ele>1980.797</ele>
</trkpt>
<trkpt lat="42.521593" lon="2.028956">
<ele>1980.851</ele>
</trkpt>
<trkpt lat="42.521607" lon="2.029008">
<ele>1980.732</ele>
</trkpt>
<trkpt lat="42.521616" lon="2.029059">
<ele>1980.56</ele>
</trkpt>
<trkpt lat="42.521627" lon="2.02913">
<ele>1980.365</ele>
</trkpt>
<trkpt lat="42.521638" lon="2.029206">
<ele>1980.235</ele>
</trkpt>
<trkpt lat="42.52165" lon="2.02927">
<ele>1980.263</ele>
</trkpt>
<trkpt lat="42.521723" lon="2.029433">
<ele>1981.698</ele>
</trkpt>
<trkpt lat="42.521754" lon="2.029488">
<ele>1982.271</ele>
</trkpt>
<trkpt lat="42.5218" lon="2.02957">
<ele>1982.88</ele>
</trkpt>
<trkpt lat="42.521847" lon="2.029648">
<ele>1983.28</ele>
</trkpt>
<trkpt lat="42.521904" lon="2.02974">
<ele>1983.97</ele>
</trkpt>
<trkpt lat="42.521962" lon="2.029825">
<ele>1984.849</ele>
</trkpt>
<trkpt lat="42.522016" lon="2.029896">
<ele>1985.603</ele>
</trkpt>
<trkpt lat="42.522074" lon="2.029959">
<ele>1986.344</ele>
</trkpt>
<trkpt lat="42.522133" lon="2.030017">
<ele>1987.033</ele>
</trkpt>
<trkpt lat="42.522194" lon="2.030075">
<ele>1987.752</ele>
</trkpt>
<trkpt lat="42.522267" lon="2.030146">
<ele>1988.634</ele>
</trkpt>
<trkpt lat="42.522326" lon="2.03021">
<ele>1989.238</ele>
</trkpt>
<trkpt lat="42.522391" lon="2.030275">
<ele>1989.878</ele>
</trkpt>
<trkpt lat="42.522454" lon="2.030331">
<ele>1990.617</ele>
</trkpt>
<trkpt lat="42.522511" lon="2.03038">
<ele>1991.273</ele>
</trkpt>
<trkpt lat="42.52257" lon="2.030421">
<ele>1991.851</ele>
</trkpt>
<trkpt lat="42.52263" lon="2.030437">
<ele>1992.408</ele>
</trkpt>
<trkpt lat="42.522673" lon="2.030437">
<ele>1992.806</ele>
</trkpt>
<trkpt lat="42.522718" lon="2.030424">
<ele>1993.336</ele>
</trkpt>
<trkpt lat="42.522752" lon="2.030393">
<ele>1994.021</ele>
</trkpt>
<trkpt lat="42.522764" lon="2.030365">
<ele>1994.497</ele>
</trkpt>
<trkpt lat="42.522773" lon="2.030315">
<ele>1995.238</ele>
</trkpt>
<trkpt lat="42.522767" lon="2.030265">
<ele>1995.819</ele>
</trkpt>
<trkpt lat="42.522745" lon="2.030201">
<ele>1996.404</ele>
</trkpt>
<trkpt lat="42.52271" lon="2.030127">
<ele>1996.988</ele>
</trkpt>
<trkpt lat="42.522672" lon="2.030032">
<ele>1997.708</ele>
</trkpt>
<trkpt lat="42.522639" lon="2.029917">
<ele>1998.429</ele>
</trkpt>
<trkpt lat="42.522606" lon="2.029806">
<ele>1998.687</ele>
</trkpt>
<trkpt lat="42.522572" lon="2.029684">
<ele>1998.639</ele>
</trkpt>
<trkpt lat="42.522547" lon="2.029587">
<ele>1998.759</ele>
</trkpt>
<trkpt lat="42.522519" lon="2.029486">
<ele>1999.202</ele>
</trkpt>
<trkpt lat="42.52249" lon="2.029381">
<ele>1999.799</ele>
</trkpt>
<trkpt lat="42.522457" lon="2.029256">
<ele>2000.321</ele>
</trkpt>
<trkpt lat="42.522434" lon="2.029156">
<ele>2000.757</ele>
</trkpt>
<trkpt lat="42.522407" lon="2.02903">
<ele>2001.347</ele>
</trkpt>
<trkpt lat="42.522387" lon="2.028911">
<ele>2001.729</ele>
</trkpt>
<trkpt lat="42.52237" lon="2.028778">
<ele>2001.901</ele>
</trkpt>
<trkpt lat="42.522358" lon="2.028658">
<ele>2002.051</ele>
</trkpt>
<trkpt lat="42.522346" lon="2.028528">
<ele>2002.109</ele>
</trkpt>
<trkpt lat="42.522341" lon="2.028406">
<ele>2002.351</ele>
</trkpt>
<trkpt lat="42.522331" lon="2.028229">
<ele>2003.284</ele>
</trkpt>
<trkpt lat="42.522319" lon="2.028043">
<ele>2004.614</ele>
</trkpt>
<trkpt lat="42.522304" lon="2.027872">
<ele>2005.697</ele>
</trkpt>
<trkpt lat="42.52229" lon="2.027728">
<ele>2006.413</ele>
</trkpt>
<trkpt lat="42.522268" lon="2.027455">
<ele>2007.23</ele>
</trkpt>
<trkpt lat="42.522259" lon="2.027337">
<ele>2007.366</ele>
</trkpt>
<trkpt lat="42.522251" lon="2.027231">
<ele>2007.427</ele>
</trkpt>
<trkpt lat="42.522242" lon="2.027105">
<ele>2007.497</ele>
</trkpt>
<trkpt lat="42.522235" lon="2.026979">
<ele>2007.567</ele>
</trkpt>
<trkpt lat="42.522231" lon="2.026842">
<ele>2007.797</ele>
</trkpt>
<trkpt lat="42.522228" lon="2.026695">
<ele>2008.222</ele>
</trkpt>
<trkpt lat="42.522223" lon="2.026492">
<ele>2008.913</ele>
</trkpt>
<trkpt lat="42.522215" lon="2.026308">
<ele>2009.513</ele>
</trkpt>
<trkpt lat="42.5222" lon="2.026112">
<ele>2010.055</ele>
</trkpt>
<trkpt lat="42.522192" lon="2.025961">
<ele>2010.541</ele>
</trkpt>
<trkpt lat="42.522181" lon="2.025835">
<ele>2010.568</ele>
</trkpt>
<trkpt lat="42.522179" lon="2.025733">
<ele>2010.673</ele>
</trkpt>
<trkpt lat="42.52218" lon="2.025673">
<ele>2010.762</ele>
</trkpt>
<trkpt lat="42.522197" lon="2.025592">
<ele>2011.112</ele>
</trkpt>
<trkpt lat="42.522236" lon="2.025523">
<ele>2011.614</ele>
</trkpt>
<trkpt lat="42.52228" lon="2.02548">
<ele>2012.04</ele>
</trkpt>
<trkpt lat="42.522343" lon="2.02543">
<ele>2012.514</ele>
</trkpt>
<trkpt lat="42.522428" lon="2.025384">
<ele>2013.139</ele>
</trkpt>
<trkpt lat="42.5226" lon="2.025319">
<ele>2014.699</ele>
</trkpt>
<trkpt lat="42.522685" lon="2.025289">
<ele>2015.547</ele>
</trkpt>
<trkpt lat="42.522724" lon="2.025273">
<ele>2015.831</ele>
</trkpt>
<trkpt lat="42.522779" lon="2.025265">
<ele>2016.166</ele>
</trkpt>
<trkpt lat="42.522818" lon="2.025269">
<ele>2016.381</ele>
</trkpt>
<trkpt lat="42.522899" lon="2.025306">
<ele>2016.872</ele>
</trkpt>
<trkpt lat="42.522995" lon="2.025352">
<ele>2017.507</ele>
</trkpt>
<trkpt lat="42.52309" lon="2.025397">
<ele>2018.234</ele>
</trkpt>
<trkpt lat="42.523187" lon="2.02544">
<ele>2019.128</ele>
</trkpt>
<trkpt lat="42.52327" lon="2.02547">
<ele>2019.967</ele>
</trkpt>
<trkpt lat="42.523336" lon="2.025483">
<ele>2020.584</ele>
</trkpt>
<trkpt lat="42.523374" lon="2.025481">
<ele>2020.872</ele>
</trkpt>
<trkpt lat="42.523425" lon="2.02545">
<ele>2021.058</ele>
</trkpt>
<trkpt lat="42.523456" lon="2.02542">
<ele>2021.117</ele>
</trkpt>
<trkpt lat="42.52351" lon="2.025368">
<ele>2021.285</ele>
</trkpt>
<trkpt lat="42.523564" lon="2.025316">
<ele>2021.478</ele>
</trkpt>
<trkpt lat="42.523634" lon="2.025253">
<ele>2021.672</ele>
</trkpt>
<trkpt lat="42.523748" lon="2.02516">
<ele>2022.063</ele>
</trkpt>
<trkpt lat="42.52385" lon="2.025105">
<ele>2023.141</ele>
</trkpt>
<trkpt lat="42.523898" lon="2.024994">
<ele>2023.52</ele>
</trkpt>
<trkpt lat="42.523933" lon="2.024922">
<ele>2023.858</ele>
</trkpt>
<trkpt lat="42.523988" lon="2.024817">
<ele>2024.451</ele>
</trkpt>
<trkpt lat="42.524118" lon="2.024567">
<ele>2025.975</ele>
</trkpt>
<trkpt lat="42.524194" lon="2.024428">
<ele>2026.849</ele>
</trkpt>
<trkpt lat="42.524272" lon="2.0243">
<ele>2027.617</ele>
</trkpt>
<trkpt lat="42.524352" lon="2.024182">
<ele>2028.341</ele>
</trkpt>
<trkpt lat="42.524407" lon="2.024107">
<ele>2028.828</ele>
</trkpt>
<trkpt lat="42.524472" lon="2.024023">
<ele>2029.339</ele>
</trkpt>
<trkpt lat="42.524539" lon="2.023956">
<ele>2029.791</ele>
</trkpt>
<trkpt lat="42.524601" lon="2.023914">
<ele>2030.154</ele>
</trkpt>
<trkpt lat="42.524666" lon="2.023883">
<ele>2030.501</ele>
</trkpt>
<trkpt lat="42.524736" lon="2.023859">
<ele>2030.846</ele>
</trkpt>
<trkpt lat="42.524835" lon="2.023835">
<ele>2031.241</ele>
</trkpt>
<trkpt lat="42.524917" lon="2.023817">
<ele>2031.422</ele>
</trkpt>
<trkpt lat="42.524998" lon="2.0238">
<ele>2031.517</ele>
</trkpt>
<trkpt lat="42.525061" lon="2.023786">
<ele>2031.502</ele>
</trkpt>
<trkpt lat="42.525104" lon="2.023773">
<ele>2031.438</ele>
</trkpt>
<trkpt lat="42.525129" lon="2.023751">
<ele>2031.264</ele>
</trkpt>
<trkpt lat="42.525145" lon="2.023712">
<ele>2030.966</ele>
</trkpt>
<trkpt lat="42.525149" lon="2.023669">
<ele>2030.681</ele>
</trkpt>
<trkpt lat="42.52522" lon="2.023672">
<ele>2030.927</ele>
</trkpt>
<trkpt lat="42.525229" lon="2.023589">
<ele>2030.546</ele>
</trkpt>
<trkpt lat="42.525232" lon="2.023504">
<ele>2030.224</ele>
</trkpt>
<trkpt lat="42.525233" lon="2.023465">
<ele>2030.063</ele>
</trkpt>
<trkpt lat="42.525234" lon="2.023421">
<ele>2029.877</ele>
</trkpt>
<trkpt lat="42.525228" lon="2.023328">
<ele>2029.554</ele>
</trkpt>
<trkpt lat="42.525214" lon="2.023216">
<ele>2029.175</ele>
</trkpt>
<trkpt lat="42.525197" lon="2.023116">
<ele>2028.725</ele>
</trkpt>
<trkpt lat="42.525179" lon="2.023008">
<ele>2028.112</ele>
</trkpt>
<trkpt lat="42.525167" lon="2.022903">
<ele>2027.559</ele>
</trkpt>
<trkpt lat="42.525158" lon="2.022798">
<ele>2027.144</ele>
</trkpt>
<trkpt lat="42.525148" lon="2.022698">
<ele>2026.813</ele>
</trkpt>
<trkpt lat="42.525131" lon="2.022614">
<ele>2026.609</ele>
</trkpt>
<trkpt lat="42.525097" lon="2.022477">
<ele>2026.624</ele>
</trkpt>
<trkpt lat="42.525082" lon="2.02238">
<ele>2026.948</ele>
</trkpt>
<trkpt lat="42.525078" lon="2.022301">
<ele>2027.348</ele>
</trkpt>
<trkpt lat="42.525075" lon="2.022204">
<ele>2027.917</ele>
</trkpt>
<trkpt lat="42.525072" lon="2.022142">
<ele>2028.341</ele>
</trkpt>
<trkpt lat="42.525071" lon="2.022054">
<ele>2029.011</ele>
</trkpt>
<trkpt lat="42.525069" lon="2.021967">
<ele>2029.686</ele>
</trkpt>
<trkpt lat="42.525069" lon="2.021838">
<ele>2030.65</ele>
</trkpt>
<trkpt lat="42.525137" lon="2.021822">
<ele>2030.974</ele>
</trkpt>
<trkpt lat="42.525193" lon="2.021799">
<ele>2031.177</ele>
</trkpt>
<trkpt lat="42.525238" lon="2.02178">
<ele>2031.259</ele>
</trkpt>
<trkpt lat="42.525311" lon="2.021749">
<ele>2031.332</ele>
</trkpt>
<trkpt lat="42.525431" lon="2.021674">
<ele>2031.679</ele>
</trkpt>
<trkpt lat="42.525504" lon="2.021618">
<ele>2031.887</ele>
</trkpt>
<trkpt lat="42.525572" lon="2.021558">
<ele>2032.03</ele>
</trkpt>
<trkpt lat="42.525647" lon="2.021489">
<ele>2032.231</ele>
</trkpt>
<trkpt lat="42.525744" lon="2.021404">
<ele>2032.981</ele>
</trkpt>
<trkpt lat="42.525845" lon="2.021311">
<ele>2034.067</ele>
</trkpt>
<trkpt lat="42.525947" lon="2.021214">
<ele>2033.957</ele>
</trkpt>
<trkpt lat="42.52605" lon="2.021112">
<ele>2034.276</ele>
</trkpt>
<trkpt lat="42.526132" lon="2.021032">
<ele>2034.967</ele>
</trkpt>
<trkpt lat="42.526213" lon="2.020946">
<ele>2035.318</ele>
</trkpt>
<trkpt lat="42.526301" lon="2.020834">
<ele>2035.383</ele>
</trkpt>
<trkpt lat="42.526374" lon="2.020726">
<ele>2036.089</ele>
</trkpt>
<trkpt lat="42.526447" lon="2.020612">
<ele>2037.346</ele>
</trkpt>
<trkpt lat="42.526503" lon="2.020519">
<ele>2037.977</ele>
</trkpt>
<trkpt lat="42.526564" lon="2.020418">
<ele>2038.469</ele>
</trkpt>
<trkpt lat="42.526615" lon="2.020345">
<ele>2038.943</ele>
</trkpt>
<trkpt lat="42.526678" lon="2.02026">
<ele>2039.405</ele>
</trkpt>
<trkpt lat="42.526734" lon="2.020186">
<ele>2039.624</ele>
</trkpt>
<trkpt lat="42.526781" lon="2.020131">
<ele>2039.739</ele>
</trkpt>
<trkpt lat="42.526845" lon="2.020076">
<ele>2039.87</ele>
</trkpt>
<trkpt lat="42.526887" lon="2.02005">
<ele>2039.957</ele>
</trkpt>
<trkpt lat="42.527011" lon="2.02002">
<ele>2040.195</ele>
</trkpt>
<trkpt lat="42.52705" lon="2.020024">
<ele>2040.31</ele>
</trkpt>
<trkpt lat="42.527141" lon="2.020081">
<ele>2040.667</ele>
</trkpt>
<trkpt lat="42.527176" lon="2.02012">
<ele>2040.905</ele>
</trkpt>
<trkpt lat="42.52722" lon="2.020183">
<ele>2041.33</ele>
</trkpt>
<trkpt lat="42.527288" lon="2.020318">
<ele>2042.253</ele>
</trkpt>
<trkpt lat="42.527317" lon="2.020398">
<ele>2042.661</ele>
</trkpt>
<trkpt lat="42.527343" lon="2.020477">
<ele>2043.015</ele>
</trkpt>
<trkpt lat="42.527369" lon="2.020558">
<ele>2043.308</ele>
</trkpt>
<trkpt lat="42.527401" lon="2.02063">
<ele>2043.466</ele>
</trkpt>
<trkpt lat="42.527432" lon="2.020679">
<ele>2043.584</ele>
</trkpt>
<trkpt lat="42.527474" lon="2.020721">
<ele>2043.76</ele>
</trkpt>
<trkpt lat="42.527514" lon="2.020738">
<ele>2043.944</ele>
</trkpt>
<trkpt lat="42.527548" lon="2.020744">
<ele>2044.109</ele>
</trkpt>
<trkpt lat="42.527608" lon="2.020745">
<ele>2044.355</ele>
</trkpt>
<trkpt lat="42.527652" lon="2.020744">
<ele>2044.466</ele>
</trkpt>
<trkpt lat="42.527716" lon="2.020739">
<ele>2044.501</ele>
</trkpt>
<trkpt lat="42.527781" lon="2.020739">
<ele>2044.518</ele>
</trkpt>
<trkpt lat="42.527864" lon="2.020746">
<ele>2044.627</ele>
</trkpt>
<trkpt lat="42.527933" lon="2.020773">
<ele>2045.021</ele>
</trkpt>
<trkpt lat="42.528047" lon="2.02084">
<ele>2045.422</ele>
</trkpt>
<trkpt lat="42.528076" lon="2.020875">
<ele>2045.567</ele>
</trkpt>
<trkpt lat="42.528102" lon="2.020931">
<ele>2045.809</ele>
</trkpt>
<trkpt lat="42.528114" lon="2.021044">
<ele>2046.133</ele>
</trkpt>
<trkpt lat="42.528108" lon="2.021101">
<ele>2046.247</ele>
</trkpt>
<trkpt lat="42.528094" lon="2.02117">
<ele>2046.355</ele>
</trkpt>
<trkpt lat="42.528075" lon="2.021235">
<ele>2046.451</ele>
</trkpt>
<trkpt lat="42.528042" lon="2.021309">
<ele>2046.622</ele>
</trkpt>
<trkpt lat="42.528003" lon="2.021373">
<ele>2046.76</ele>
</trkpt>
<trkpt lat="42.527969" lon="2.021422">
<ele>2046.801</ele>
</trkpt>
<trkpt lat="42.527923" lon="2.021477">
<ele>2046.78</ele>
</trkpt>
<trkpt lat="42.527891" lon="2.021515">
<ele>2046.69</ele>
</trkpt>
<trkpt lat="42.527843" lon="2.021567">
<ele>2046.523</ele>
</trkpt>
<trkpt lat="42.527795" lon="2.02162">
<ele>2046.326</ele>
</trkpt>
<trkpt lat="42.527748" lon="2.021678">
<ele>2045.95</ele>
</trkpt>
<trkpt lat="42.527704" lon="2.021738">
<ele>2045.432</ele>
</trkpt>
<trkpt lat="42.527658" lon="2.021795">
<ele>2044.931</ele>
</trkpt>
<trkpt lat="42.527602" lon="2.021855">
<ele>2044.583</ele>
</trkpt>
<trkpt lat="42.527537" lon="2.021914">
<ele>2044.529</ele>
</trkpt>
<trkpt lat="42.527492" lon="2.021954">
<ele>2044.447</ele>
</trkpt>
<trkpt lat="42.527452" lon="2.021992">
<ele>2044.196</ele>
</trkpt>
<trkpt lat="42.527417" lon="2.022039">
<ele>2043.729</ele>
</trkpt>
<trkpt lat="42.52739" lon="2.022091">
<ele>2043.234</ele>
</trkpt>
<trkpt lat="42.527367" lon="2.022147">
<ele>2042.805</ele>
</trkpt>
<trkpt lat="42.527375" lon="2.022237">
<ele>2042.639</ele>
</trkpt>
<trkpt lat="42.527477" lon="2.022103">
<ele>2043.411</ele>
</trkpt>
<trkpt lat="42.527539" lon="2.022052">
<ele>2043.754</ele>
</trkpt>
<trkpt lat="42.527781" lon="2.021909">
<ele>2043.92</ele>
</trkpt>
<trkpt lat="42.528091" lon="2.021728">
<ele>2045.04</ele>
</trkpt>
<trkpt lat="42.52838" lon="2.021555">
<ele>2044.837</ele>
</trkpt>
<trkpt lat="42.528698" lon="2.021372">
<ele>2045.699</ele>
</trkpt>
<trkpt lat="42.528874" lon="2.021259">
<ele>2045.497</ele>
</trkpt>
<trkpt lat="42.52891" lon="2.021161">
<ele>2045.342</ele>
</trkpt>
<trkpt lat="42.528927" lon="2.021093">
<ele>2045.309</ele>
</trkpt>
<trkpt lat="42.528938" lon="2.021022">
<ele>2045.281</ele>
</trkpt>
<trkpt lat="42.52894" lon="2.020951">
<ele>2045.186</ele>
</trkpt>
<trkpt lat="42.528934" lon="2.020881">
<ele>2044.998</ele>
</trkpt>
<trkpt lat="42.528926" lon="2.020792">
<ele>2044.723</ele>
</trkpt>
<trkpt lat="42.528915" lon="2.020715">
<ele>2044.481</ele>
</trkpt>
<trkpt lat="42.5289" lon="2.020621">
<ele>2044.281</ele>
</trkpt>
<trkpt lat="42.528886" lon="2.02054">
<ele>2044.212</ele>
</trkpt>
<trkpt lat="42.528855" lon="2.020354">
<ele>2044.105</ele>
</trkpt>
<trkpt lat="42.528851" lon="2.020288">
<ele>2044.011</ele>
</trkpt>
<trkpt lat="42.528864" lon="2.020227">
<ele>2043.94</ele>
</trkpt>
<trkpt lat="42.528891" lon="2.020177">
<ele>2043.901</ele>
</trkpt>
<trkpt lat="42.528929" lon="2.020137">
<ele>2043.893</ele>
</trkpt>
<trkpt lat="42.528975" lon="2.020095">
<ele>2043.909</ele>
</trkpt>
<trkpt lat="42.529021" lon="2.020063">
<ele>2043.97</ele>
</trkpt>
<trkpt lat="42.529078" lon="2.020023">
<ele>2044.087</ele>
</trkpt>
<trkpt lat="42.529124" lon="2.01999">
<ele>2044.215</ele>
</trkpt>
<trkpt lat="42.529173" lon="2.019953">
<ele>2044.384</ele>
</trkpt>
<trkpt lat="42.529281" lon="2.019872">
<ele>2044.911</ele>
</trkpt>
<trkpt lat="42.529316" lon="2.019832">
<ele>2045.128</ele>
</trkpt>
<trkpt lat="42.52939" lon="2.019733">
<ele>2045.676</ele>
</trkpt>
<trkpt lat="42.52945" lon="2.019656">
<ele>2046.296</ele>
</trkpt>
<trkpt lat="42.529678" lon="2.019446">
<ele>2047.59</ele>
</trkpt>
<trkpt lat="42.529748" lon="2.019382">
<ele>2048.0</ele>
</trkpt>
<trkpt lat="42.529778" lon="2.019344">
<ele>2048.186</ele>
</trkpt>
<trkpt lat="42.529821" lon="2.019277">
<ele>2048.42</ele>
</trkpt>
<trkpt lat="42.529935" lon="2.019041">
<ele>2049.451</ele>
</trkpt>
<trkpt lat="42.529999" lon="2.018935">
<ele>2050.281</ele>
</trkpt>
<trkpt lat="42.530064" lon="2.018847">
<ele>2051.021</ele>
</trkpt>
<trkpt lat="42.530134" lon="2.018777">
<ele>2051.867</ele>
</trkpt>
<trkpt lat="42.530225" lon="2.01872">
<ele>2053.056</ele>
</trkpt>
<trkpt lat="42.530389" lon="2.018639">
<ele>2055.549</ele>
</trkpt>
<trkpt lat="42.530446" lon="2.018617">
<ele>2056.528</ele>
</trkpt>
<trkpt lat="42.530502" lon="2.018571">
<ele>2057.676</ele>
</trkpt>
<trkpt lat="42.530601" lon="2.018449">
<ele>2059.776</ele>
</trkpt>
<trkpt lat="42.530708" lon="2.018334">
<ele>2061.774</ele>
</trkpt>
<trkpt lat="42.530776" lon="2.01827">
<ele>2063.051</ele>
</trkpt>
<trkpt lat="42.530894" lon="2.018204">
<ele>2065.007</ele>
</trkpt>
<trkpt lat="42.531022" lon="2.01814">
<ele>2066.793</ele>
</trkpt>
<trkpt lat="42.53108" lon="2.018102">
<ele>2067.492</ele>
</trkpt>
<trkpt lat="42.531132" lon="2.018054">
<ele>2068.137</ele>
</trkpt>
<trkpt lat="42.531197" lon="2.017962">
<ele>2069.149</ele>
</trkpt>
<trkpt lat="42.531296" lon="2.017786">
<ele>2071.619</ele>
</trkpt>
<trkpt lat="42.531395" lon="2.017595">
<ele>2075.304</ele>
</trkpt>
<trkpt lat="42.531504" lon="2.017425">
<ele>2078.172</ele>
</trkpt>
<trkpt lat="42.531612" lon="2.017283">
<ele>2080.285</ele>
</trkpt>
<trkpt lat="42.531707" lon="2.017114">
<ele>2082.8</ele>
</trkpt>
<trkpt lat="42.531746" lon="2.017055">
<ele>2084.043</ele>
</trkpt>
<trkpt lat="42.531784" lon="2.01699">
<ele>2085.612</ele>
</trkpt>
<trkpt lat="42.531835" lon="2.016901">
<ele>2088.02</ele>
</trkpt>
<trkpt lat="42.531931" lon="2.016699">
<ele>2093.66</ele>
</trkpt>
<trkpt lat="42.532" lon="2.016531">
<ele>2098.53</ele>
</trkpt>
<trkpt lat="42.532049" lon="2.0164">
<ele>2101.719</ele>
</trkpt>
<trkpt lat="42.532086" lon="2.016245">
<ele>2104.568</ele>
</trkpt>
<trkpt lat="42.532111" lon="2.016096">
<ele>2107.12</ele>
</trkpt>
<trkpt lat="42.532119" lon="2.016013">
<ele>2108.755</ele>
</trkpt>
<trkpt lat="42.53212" lon="2.01596">
<ele>2109.838</ele>
</trkpt>
<trkpt lat="42.532107" lon="2.015923">
<ele>2110.415</ele>
</trkpt>
<trkpt lat="42.532088" lon="2.015901">
<ele>2110.58</ele>
</trkpt>
<trkpt lat="42.532062" lon="2.015891">
<ele>2110.367</ele>
</trkpt>
<trkpt lat="42.532031" lon="2.015893">
<ele>2109.821</ele>
</trkpt>
<trkpt lat="42.531997" lon="2.015892">
<ele>2109.302</ele>
</trkpt>
<trkpt lat="42.531866" lon="2.015844">
<ele>2108.602</ele>
</trkpt>
<trkpt lat="42.531729" lon="2.015758">
<ele>2110.959</ele>
</trkpt>
<trkpt lat="42.531708" lon="2.015738">
<ele>2111.661</ele>
</trkpt>
<trkpt lat="42.531691" lon="2.015715">
<ele>2112.449</ele>
</trkpt>
<trkpt lat="42.531683" lon="2.015683">
<ele>2113.504</ele>
</trkpt>
<trkpt lat="42.531682" lon="2.015635">
<ele>2115.083</ele>
</trkpt>
<trkpt lat="42.531687" lon="2.01559">
<ele>2116.529</ele>
</trkpt>
<trkpt lat="42.531707" lon="2.015529">
<ele>2118.339</ele>
</trkpt>
<trkpt lat="42.531739" lon="2.01545">
<ele>2120.292</ele>
</trkpt>
<trkpt lat="42.531801" lon="2.015343">
<ele>2122.388</ele>
</trkpt>
<trkpt lat="42.53185" lon="2.01526">
<ele>2123.915</ele>
</trkpt>
<trkpt lat="42.531901" lon="2.0152">
<ele>2125.124</ele>
</trkpt>
<trkpt lat="42.531962" lon="2.015127">
<ele>2126.444</ele>
</trkpt>
<trkpt lat="42.532006" lon="2.015135">
<ele>2126.818</ele>
</trkpt>
<trkpt lat="42.532064" lon="2.015131">
<ele>2127.499</ele>
</trkpt>
<trkpt lat="42.532096" lon="2.015115">
<ele>2128.054</ele>
</trkpt>
<trkpt lat="42.532139" lon="2.015073">
<ele>2129.01</ele>
</trkpt>
<trkpt lat="42.532194" lon="2.015017">
<ele>2130.242</ele>
</trkpt>
<trkpt lat="42.532238" lon="2.01499">
<ele>2131.117</ele>
</trkpt>
<trkpt lat="42.532296" lon="2.014958">
<ele>2132.244</ele>
</trkpt>
<trkpt lat="42.532324" lon="2.014949">
<ele>2132.745</ele>
</trkpt>
<trkpt lat="42.532379" lon="2.014936">
<ele>2133.715</ele>
</trkpt>
<trkpt lat="42.532541" lon="2.014906">
<ele>2136.46</ele>
</trkpt>
<trkpt lat="42.532744" lon="2.014875">
<ele>2139.229</ele>
</trkpt>
<trkpt lat="42.532874" lon="2.014861">
<ele>2142.315</ele>
</trkpt>
<trkpt lat="42.533021" lon="2.014839">
<ele>2147.318</ele>
</trkpt>
<trkpt lat="42.533172" lon="2.014822">
<ele>2154.132</ele>
</trkpt>
<trkpt lat="42.533316" lon="2.014826">
<ele>2160.947</ele>
</trkpt>
<trkpt lat="42.533444" lon="2.014842">
<ele>2167.249</ele>
</trkpt>
<trkpt lat="42.533589" lon="2.014865">
<ele>2174.675</ele>
</trkpt>
<trkpt lat="42.533669" lon="2.01486">
<ele>2178.375</ele>
</trkpt>
<trkpt lat="42.533724" lon="2.014847">
<ele>2180.634</ele>
</trkpt>
<trkpt lat="42.533853" lon="2.014807">
<ele>2185.406</ele>
</trkpt>
<trkpt lat="42.533881" lon="2.014794">
<ele>2186.446</ele>
</trkpt>
<trkpt lat="42.533924" lon="2.014787">
<ele>2187.755</ele>
</trkpt>
<trkpt lat="42.533991" lon="2.014779">
<ele>2189.506</ele>
</trkpt>
<trkpt lat="42.534053" lon="2.014624">
<ele>2192.517</ele>
</trkpt>
<trkpt lat="42.534117" lon="2.014524">
<ele>2194.36</ele>
</trkpt>
<trkpt lat="42.534177" lon="2.014474">
<ele>2195.62</ele>
</trkpt>
<trkpt lat="42.534256" lon="2.014472">
<ele>2196.265</ele>
</trkpt>
<trkpt lat="42.534349" lon="2.014491">
<ele>2196.939</ele>
</trkpt>
<trkpt lat="42.534454" lon="2.014562">
<ele>2197.776</ele>
</trkpt>
<trkpt lat="42.534496" lon="2.014555">
<ele>2198.367</ele>
</trkpt>
<trkpt lat="42.534529" lon="2.014523">
<ele>2198.904</ele>
</trkpt>
<trkpt lat="42.534579" lon="2.014424">
<ele>2199.72</ele>
</trkpt>
<trkpt lat="42.534625" lon="2.014326">
<ele>2200.343</ele>
</trkpt>
<trkpt lat="42.534702" lon="2.014186">
<ele>2201.328</ele>
</trkpt>
<trkpt lat="42.534772" lon="2.014021">
<ele>2202.026</ele>
</trkpt>
<trkpt lat="42.534814" lon="2.013871">
<ele>2202.5</ele>
</trkpt>
<trkpt lat="42.534815" lon="2.013869">
<ele>2202.508</ele>
</trkpt>
<trkpt lat="42.534879" lon="2.013637">
<ele>2203.378</ele>
</trkpt>
<trkpt lat="42.534962" lon="2.013394">
<ele>2204.029</ele>
</trkpt>
<trkpt lat="42.535033" lon="2.013156">
<ele>2205.885</ele>
</trkpt>
<trkpt lat="42.535097" lon="2.012896">
<ele>2207.699</ele>
</trkpt>
<trkpt lat="42.535174" lon="2.012572">
<ele>2208.205</ele>
</trkpt>
<trkpt lat="42.535199" lon="2.012606">
<ele>2207.699</ele>
</trkpt>
<trkpt lat="42.535235" lon="2.012645">
<ele>2206.972</ele>
</trkpt>
<trkpt lat="42.53526" lon="2.01269">
<ele>2206.29</ele>
</trkpt>
<trkpt lat="42.535284" lon="2.012756">
<ele>2205.356</ele>
</trkpt>
<trkpt lat="42.535322" lon="2.012826">
<ele>2204.028</ele>
</trkpt>
<trkpt lat="42.535361" lon="2.012881">
<ele>2202.792</ele>
</trkpt>
<trkpt lat="42.535411" lon="2.012944">
<ele>2201.384</ele>
</trkpt>
<trkpt lat="42.535469" lon="2.012985">
<ele>2200.183</ele>
</trkpt>
<trkpt lat="42.535512" lon="2.013005">
<ele>2199.434</ele>
</trkpt>
<trkpt lat="42.535582" lon="2.013026">
<ele>2198.372</ele>
</trkpt>
<trkpt lat="42.535656" lon="2.013039">
<ele>2197.37</ele>
</trkpt>
<trkpt lat="42.535726" lon="2.013059">
<ele>2196.508</ele>
</trkpt>
<trkpt lat="42.53577" lon="2.013077">
<ele>2196.012</ele>
</trkpt>
<trkpt lat="42.53598" lon="2.013124">
<ele>2193.738</ele>
</trkpt>
<trkpt lat="42.535932" lon="2.013207">
<ele>2194.532</ele>
</trkpt>
<trkpt lat="42.535898" lon="2.013263">
<ele>2195.079</ele>
</trkpt>
<trkpt lat="42.535864" lon="2.013321">
<ele>2195.662</ele>
</trkpt>
<trkpt lat="42.535958" lon="2.013522">
<ele>2195.98</ele>
</trkpt>
<trkpt lat="42.535985" lon="2.013578">
<ele>2196.105</ele>
</trkpt>
<trkpt lat="42.536023" lon="2.013623">
<ele>2196.101</ele>
</trkpt>
<trkpt lat="42.536074" lon="2.013684">
<ele>2196.09</ele>
</trkpt>
<trkpt lat="42.536162" lon="2.013805">
<ele>2196.028</ele>
</trkpt>
<trkpt lat="42.536244" lon="2.013981">
<ele>2195.874</ele>
</trkpt>
<trkpt lat="42.536311" lon="2.01415">
<ele>2195.606</ele>
</trkpt>
<trkpt lat="42.536389" lon="2.014326">
<ele>2195.391</ele>
</trkpt>
<trkpt lat="42.53653" lon="2.014512">
<ele>2194.474</ele>
</trkpt>
<trkpt lat="42.536656" lon="2.014716">
<ele>2193.863</ele>
</trkpt>
<trkpt lat="42.536857" lon="2.015062">
<ele>2192.948</ele>
</trkpt>
<trkpt lat="42.536926" lon="2.015188">
<ele>2192.642</ele>
</trkpt>
<trkpt lat="42.536927" lon="2.015247">
<ele>2192.886</ele>
</trkpt>
<trkpt lat="42.536906" lon="2.015373">
<ele>2193.657</ele>
</trkpt>
<trkpt lat="42.536884" lon="2.015463">
<ele>2194.246</ele>
</trkpt>
<trkpt lat="42.536977" lon="2.015429">
<ele>2193.094</ele>
</trkpt>
<trkpt lat="42.537133" lon="2.01529">
<ele>2190.421</ele>
</trkpt>
<trkpt lat="42.537416" lon="2.014979">
<ele>2183.498</ele>
</trkpt>
<trkpt lat="42.537715" lon="2.014655">
<ele>2173.648</ele>
</trkpt>
<trkpt lat="42.538014" lon="2.014331">
<ele>2164.327</ele>
</trkpt>
<trkpt lat="42.538345" lon="2.013982">
<ele>2154.681</ele>
</trkpt>
<trkpt lat="42.53852" lon="2.013784">
<ele>2149.103</ele>
</trkpt>
<trkpt lat="42.538695" lon="2.013586">
<ele>2143.019</ele>
</trkpt>
<trkpt lat="42.538973" lon="2.013274">
<ele>2132.357</ele>
</trkpt>
<trkpt lat="42.539002" lon="2.013243">
<ele>2131.202</ele>
</trkpt>
<trkpt lat="42.53933" lon="2.01291">
<ele>2116.193</ele>
</trkpt>
<trkpt lat="42.539577" lon="2.012676">
<ele>2103.344</ele>
</trkpt>
<trkpt lat="42.539621" lon="2.012616">
<ele>2100.19</ele>
</trkpt>
<trkpt lat="42.539935" lon="2.012303">
<ele>2086.527</ele>
</trkpt>
<trkpt lat="42.540082" lon="2.012143">
<ele>2082.126</ele>
</trkpt>
<trkpt lat="42.540194" lon="2.01208">
<ele>2080.065</ele>
</trkpt>
<trkpt lat="42.540324" lon="2.012078">
<ele>2078.583</ele>
</trkpt>
<trkpt lat="42.540501" lon="2.012081">
<ele>2075.213</ele>
</trkpt>
<trkpt lat="42.540666" lon="2.012078">
<ele>2070.567</ele>
</trkpt>
<trkpt lat="42.540754" lon="2.012044">
<ele>2067.311</ele>
</trkpt>
<trkpt lat="42.540805" lon="2.011982">
<ele>2065.425</ele>
</trkpt>
<trkpt lat="42.540869" lon="2.011812">
<ele>2063.423</ele>
</trkpt>
<trkpt lat="42.540967" lon="2.011521">
<ele>2061.758</ele>
</trkpt>
<trkpt lat="42.541064" lon="2.011144">
<ele>2056.899</ele>
</trkpt>
<trkpt lat="42.54115" lon="2.010853">
<ele>2053.034</ele>
</trkpt>
<trkpt lat="42.541344" lon="2.010475">
<ele>2049.274</ele>
</trkpt>
<trkpt lat="42.541456" lon="2.010344">
<ele>2047.553</ele>
</trkpt>
<trkpt lat="42.541532" lon="2.010299">
<ele>2046.222</ele>
</trkpt>
<trkpt lat="42.541673" lon="2.010184">
<ele>2042.567</ele>
</trkpt>
<trkpt lat="42.541801" lon="2.009998">
<ele>2038.828</ele>
</trkpt>
<trkpt lat="42.54204" lon="2.009694">
<ele>2031.532</ele>
</trkpt>
<trkpt lat="42.542155" lon="2.00957">
<ele>2028.083</ele>
</trkpt>
<trkpt lat="42.542273" lon="2.00945">
<ele>2024.7</ele>
</trkpt>
<trkpt lat="42.542428" lon="2.009299">
<ele>2020.269</ele>
</trkpt>
<trkpt lat="42.54253" lon="2.009073">
<ele>2015.355</ele>
</trkpt>
<trkpt lat="42.542593" lon="2.008904">
<ele>2012.009</ele>
</trkpt>
<trkpt lat="42.542646" lon="2.00877">
<ele>2008.815</ele>
</trkpt>
<trkpt lat="42.542752" lon="2.008615">
<ele>2003.601</ele>
</trkpt>
<trkpt lat="42.542863" lon="2.008487">
<ele>1999.351</ele>
</trkpt>
<trkpt lat="42.542914" lon="2.00844">
<ele>1997.898</ele>
</trkpt>
<trkpt lat="42.542929" lon="2.008291">
<ele>1994.46</ele>
</trkpt>
<trkpt lat="42.542934" lon="2.007927">
<ele>1980.922</ele>
</trkpt>
<trkpt lat="42.542973" lon="2.007646">
<ele>1968.83</ele>
</trkpt>
<trkpt lat="42.543021" lon="2.007418">
<ele>1960.523</ele>
</trkpt>
<trkpt lat="42.543089" lon="2.007139">
<ele>1953.212</ele>
</trkpt>
<trkpt lat="42.543123" lon="2.006982">
<ele>1950.223</ele>
</trkpt>
<trkpt lat="42.54314" lon="2.006775">
<ele>1947.489</ele>
</trkpt>
<trkpt lat="42.543127" lon="2.006684">
<ele>1946.101</ele>
</trkpt>
<trkpt lat="42.543073" lon="2.006484">
<ele>1942.388</ele>
</trkpt>
<trkpt lat="42.543009" lon="2.006302">
<ele>1938.545</ele>
</trkpt>
<trkpt lat="42.542967" lon="2.00614">
<ele>1935.171</ele>
</trkpt>
<trkpt lat="42.542963" lon="2.006003">
<ele>1932.903</ele>
</trkpt>
<trkpt lat="42.542971" lon="2.005914">
<ele>1931.707</ele>
</trkpt>
<trkpt lat="42.542969" lon="2.005655">
<ele>1929.942</ele>
</trkpt>
<trkpt lat="42.542941" lon="2.005286">
<ele>1928.711</ele>
</trkpt>
<trkpt lat="42.543077" lon="2.005386">
<ele>1929.276</ele>
</trkpt>
<trkpt lat="42.54325" lon="2.005488">
<ele>1929.662</ele>
</trkpt>
<trkpt lat="42.543343" lon="2.005537">
<ele>1930.303</ele>
</trkpt>
<trkpt lat="42.543461" lon="2.005561">
<ele>1931.207</ele>
</trkpt>
<trkpt lat="42.543556" lon="2.00559">
<ele>1932.111</ele>
</trkpt>
<trkpt lat="42.543634" lon="2.005672">
<ele>1933.915</ele>
</trkpt>
<trkpt lat="42.543762" lon="2.005693">
<ele>1934.602</ele>
</trkpt>
<trkpt lat="42.543906" lon="2.005718">
<ele>1934.914</ele>
</trkpt>
<trkpt lat="42.544017" lon="2.005765">
<ele>1936.646</ele>
</trkpt>
<trkpt lat="42.544039" lon="2.005769">
<ele>1936.997</ele>
</trkpt>
<trkpt lat="42.544149" lon="2.005772">
<ele>1938.612</ele>
</trkpt>
<trkpt lat="42.544258" lon="2.005757">
<ele>1939.999</ele>
</trkpt>
<trkpt lat="42.544333" lon="2.005804">
<ele>1941.856</ele>
</trkpt>
<trkpt lat="42.544394" lon="2.005887">
<ele>1944.144</ele>
</trkpt>
<trkpt lat="42.544451" lon="2.006004">
<ele>1946.5</ele>
</trkpt>
<trkpt lat="42.544517" lon="2.006123">
<ele>1947.923</ele>
</trkpt>
<trkpt lat="42.544569" lon="2.006198">
<ele>1948.541</ele>
</trkpt>
<trkpt lat="42.544628" lon="2.006254">
<ele>1948.855</ele>
</trkpt>
<trkpt lat="42.544697" lon="2.006283">
<ele>1948.761</ele>
</trkpt>
<trkpt lat="42.544764" lon="2.006285">
<ele>1948.56</ele>
</trkpt>
<trkpt lat="42.54483" lon="2.006249">
<ele>1948.535</ele>
</trkpt>
<trkpt lat="42.544928" lon="2.006176">
<ele>1949.297</ele>
</trkpt>
<trkpt lat="42.545" lon="2.006135">
<ele>1950.22</ele>
</trkpt>
<trkpt lat="42.545097" lon="2.006084">
<ele>1951.385</ele>
</trkpt>
<trkpt lat="42.545194" lon="2.005947">
<ele>1951.601</ele>
</trkpt>
<trkpt lat="42.545172" lon="2.006107">
<ele>1952.791</ele>
</trkpt>
<trkpt lat="42.545137" lon="2.006323">
<ele>1953.569</ele>
</trkpt>
<trkpt lat="42.545099" lon="2.006577">
<ele>1954.085</ele>
</trkpt>
<trkpt lat="42.545062" lon="2.006857">
<ele>1954.783</ele>
</trkpt>
<trkpt lat="42.545023" lon="2.007206">
<ele>1955.533</ele>
</trkpt>
<trkpt lat="42.544983" lon="2.007555">
<ele>1955.811</ele>
</trkpt>
<trkpt lat="42.545045" lon="2.007549">
<ele>1955.872</ele>
</trkpt>
<trkpt lat="42.545137" lon="2.007498">
<ele>1956.101</ele>
</trkpt>
<trkpt lat="42.545205" lon="2.007436">
<ele>1956.639</ele>
</trkpt>
<trkpt lat="42.545251" lon="2.007335">
<ele>1957.486</ele>
</trkpt>
<trkpt lat="42.54526" lon="2.007234">
<ele>1957.756</ele>
</trkpt>
<trkpt lat="42.545262" lon="2.007047">
<ele>1957.868</ele>
</trkpt>
<trkpt lat="42.545269" lon="2.006778">
<ele>1958.12</ele>
</trkpt>
<trkpt lat="42.545296" lon="2.006593">
<ele>1958.428</ele>
</trkpt>
<trkpt lat="42.545381" lon="2.006364">
<ele>1959.133</ele>
</trkpt>
<trkpt lat="42.545519" lon="2.006063">
<ele>1958.818</ele>
</trkpt>
<trkpt lat="42.545654" lon="2.005831">
<ele>1958.606</ele>
</trkpt>
<trkpt lat="42.545838" lon="2.005604">
<ele>1961.036</ele>
</trkpt>
<trkpt lat="42.545986" lon="2.005388">
<ele>1962.29</ele>
</trkpt>
<trkpt lat="42.546101" lon="2.005217">
<ele>1962.804</ele>
</trkpt>
<trkpt lat="42.546213" lon="2.005141">
<ele>1964.671</ele>
</trkpt>
<trkpt lat="42.54635" lon="2.005084">
<ele>1967.624</ele>
</trkpt>
<trkpt lat="42.546551" lon="2.005014">
<ele>1969.147</ele>
</trkpt>
<trkpt lat="42.54679" lon="2.004978">
<ele>1971.288</ele>
</trkpt>
<trkpt lat="42.547115" lon="2.004935">
<ele>1974.149</ele>
</trkpt>
<trkpt lat="42.547448" lon="2.004859">
<ele>1976.177</ele>
</trkpt>
<trkpt lat="42.547806" lon="2.004757">
<ele>1978.119</ele>
</trkpt>
<trkpt lat="42.548034" lon="2.004678">
<ele>1978.483</ele>
</trkpt>
<trkpt lat="42.548263" lon="2.004599">
<ele>1978.874</ele>
</trkpt>
<trkpt lat="42.54863" lon="2.004429">
<ele>1979.547</ele>
</trkpt>
<trkpt lat="42.54888" lon="2.004314">
<ele>1980.345</ele>
</trkpt>
<trkpt lat="42.54924" lon="2.004188">
<ele>1980.731</ele>
</trkpt>
<trkpt lat="42.549575" lon="2.004166">
<ele>1981.315</ele>
</trkpt>
<trkpt lat="42.549954" lon="2.004138">
<ele>1982.262</ele>
</trkpt>
<trkpt lat="42.550364" lon="2.004098">
<ele>1982.668</ele>
</trkpt>
<trkpt lat="42.550789" lon="2.004083">
<ele>1982.664</ele>
</trkpt>
<trkpt lat="42.551147" lon="2.004038">
<ele>1982.52</ele>
</trkpt>
<trkpt lat="42.55144" lon="2.003949">
<ele>1982.69</ele>
</trkpt>
<trkpt lat="42.551634" lon="2.003878">
<ele>1982.837</ele>
</trkpt>
<trkpt lat="42.551834" lon="2.003815">
<ele>1982.969</ele>
</trkpt>
<trkpt lat="42.552005" lon="2.003765">
<ele>1982.981</ele>
</trkpt>
<trkpt lat="42.552172" lon="2.003758">
<ele>1983.514</ele>
</trkpt>
<trkpt lat="42.552321" lon="2.003788">
<ele>1983.411</ele>
</trkpt>
<trkpt lat="42.552434" lon="2.003852">
<ele>1983.199</ele>
</trkpt>
<trkpt lat="42.552574" lon="2.003946">
<ele>1983.445</ele>
</trkpt>
<trkpt lat="42.552742" lon="2.004017">
<ele>1984.372</ele>
</trkpt>
<trkpt lat="42.552914" lon="2.004056">
<ele>1985.557</ele>
</trkpt>
<trkpt lat="42.55311" lon="2.004058">
<ele>1987.079</ele>
</trkpt>
<trkpt lat="42.553272" lon="2.004083">
<ele>1985.565</ele>
</trkpt>
<trkpt lat="42.553394" lon="2.004125">
<ele>1984.486</ele>
</trkpt>
<trkpt lat="42.553428" lon="2.004137">
<ele>1984.367</ele>
</trkpt>
<trkpt lat="42.553548" lon="2.004225">
<ele>1984.408</ele>
</trkpt>
<trkpt lat="42.553705" lon="2.0044">
<ele>1984.866</ele>
</trkpt>
<trkpt lat="42.553833" lon="2.004517">
<ele>1986.096</ele>
</trkpt>
<trkpt lat="42.55393" lon="2.004638">
<ele>1988.457</ele>
</trkpt>
<trkpt lat="42.554039" lon="2.004732">
<ele>1990.638</ele>
</trkpt>
<trkpt lat="42.554162" lon="2.004789">
<ele>1991.456</ele>
</trkpt>
<trkpt lat="42.554288" lon="2.004801">
<ele>1991.825</ele>
</trkpt>
<trkpt lat="42.554449" lon="2.004786">
<ele>1992.01</ele>
</trkpt>
<trkpt lat="42.554607" lon="2.004765">
<ele>1991.277</ele>
</trkpt>
<trkpt lat="42.554725" lon="2.004763">
<ele>1990.686</ele>
</trkpt>
<trkpt lat="42.554835" lon="2.004818">
<ele>1990.628</ele>
</trkpt>
<trkpt lat="42.554905" lon="2.004941">
<ele>1991.064</ele>
</trkpt>
<trkpt lat="42.555006" lon="2.005026">
<ele>1991.519</ele>
</trkpt>
<trkpt lat="42.555076" lon="2.005067">
<ele>1991.778</ele>
</trkpt>
<trkpt lat="42.555148" lon="2.005079">
<ele>1991.782</ele>
</trkpt>
<trkpt lat="42.555349" lon="2.005082">
<ele>1991.04</ele>
</trkpt>
<trkpt lat="42.555485" lon="2.005115">
<ele>1990.094</ele>
</trkpt>
<trkpt lat="42.555627" lon="2.005223">
<ele>1988.786</ele>
</trkpt>
<trkpt lat="42.555722" lon="2.005351">
<ele>1987.828</ele>
</trkpt>
<trkpt lat="42.555842" lon="2.005454">
<ele>1986.163</ele>
</trkpt>
<trkpt lat="42.555947" lon="2.005538">
<ele>1985.604</ele>
</trkpt>
<trkpt lat="42.556106" lon="2.005625">
<ele>1984.981</ele>
</trkpt>
<trkpt lat="42.556171" lon="2.005734">
<ele>1985.074</ele>
</trkpt>
<trkpt lat="42.556206" lon="2.005851">
<ele>1985.226</ele>
</trkpt>
<trkpt lat="42.556232" lon="2.006047">
<ele>1985.475</ele>
</trkpt>
<trkpt lat="42.55627" lon="2.006271">
<ele>1985.308</ele>
</trkpt>
<trkpt lat="42.556316" lon="2.00645">
<ele>1985.272</ele>
</trkpt>
<trkpt lat="42.556406" lon="2.006643">
<ele>1984.903</ele>
</trkpt>
<trkpt lat="42.556527" lon="2.006784">
<ele>1984.13</ele>
</trkpt>
<trkpt lat="42.556666" lon="2.006928">
<ele>1983.907</ele>
</trkpt>
<trkpt lat="42.556727" lon="2.007014">
<ele>1983.982</ele>
</trkpt>
<trkpt lat="42.556783" lon="2.007111">
<ele>1983.59</ele>
</trkpt>
<trkpt lat="42.556836" lon="2.007284">
<ele>1982.76</ele>
</trkpt>
<trkpt lat="42.556833" lon="2.007306">
<ele>1982.915</ele>
</trkpt>
<trkpt lat="42.556838" lon="2.007361">
<ele>1982.89</ele>
</trkpt>
<trkpt lat="42.556835" lon="2.007428">
<ele>1983.076</ele>
</trkpt>
<trkpt lat="42.556823" lon="2.007508">
<ele>1983.382</ele>
</trkpt>
<trkpt lat="42.556812" lon="2.007573">
<ele>1983.486</ele>
</trkpt>
<trkpt lat="42.556811" lon="2.007625">
<ele>1983.313</ele>
</trkpt>
<trkpt lat="42.556816" lon="2.007676">
<ele>1983.037</ele>
</trkpt>
<trkpt lat="42.556828" lon="2.007718">
<ele>1982.749</ele>
</trkpt>
<trkpt lat="42.556902" lon="2.007793">
<ele>1982.208</ele>
</trkpt>
<trkpt lat="42.556959" lon="2.007828">
<ele>1982.332</ele>
</trkpt>
<trkpt lat="42.557019" lon="2.007892">
<ele>1983.19</ele>
</trkpt>
<trkpt lat="42.55709" lon="2.007889">
<ele>1984.704</ele>
</trkpt>
<trkpt lat="42.557201" lon="2.007822">
<ele>1986.368</ele>
</trkpt>
<trkpt lat="42.557237" lon="2.007794">
<ele>1986.808</ele>
</trkpt>
<trkpt lat="42.557321" lon="2.007705">
<ele>1988.236</ele>
</trkpt>
<trkpt lat="42.557369" lon="2.007634">
<ele>1989.513</ele>
</trkpt>
<trkpt lat="42.557485" lon="2.007485">
<ele>1992.938</ele>
</trkpt>
<trkpt lat="42.557554" lon="2.007368">
<ele>1994.024</ele>
</trkpt>
<trkpt lat="42.557596" lon="2.00729">
<ele>1994.63</ele>
</trkpt>
<trkpt lat="42.557651" lon="2.007252">
<ele>1995.417</ele>
</trkpt>
<trkpt lat="42.557719" lon="2.007202">
<ele>1996.781</ele>
</trkpt>
<trkpt lat="42.557764" lon="2.007102">
<ele>1998.573</ele>
</trkpt>
<trkpt lat="42.557854" lon="2.007026">
<ele>2002.062</ele>
</trkpt>
<trkpt lat="42.557944" lon="2.006954">
<ele>2004.884</ele>
</trkpt>
<trkpt lat="42.558024" lon="2.006894">
<ele>2005.556</ele>
</trkpt>
<trkpt lat="42.55808" lon="2.00683">
<ele>2005.341</ele>
</trkpt>
<trkpt lat="42.558151" lon="2.006757">
<ele>2006.408</ele>
</trkpt>
<trkpt lat="42.558203" lon="2.006688">
<ele>2007.37</ele>
</trkpt>
<trkpt lat="42.558299" lon="2.006547">
<ele>2007.086</ele>
</trkpt>
<trkpt lat="42.558361" lon="2.006484">
<ele>2006.933</ele>
</trkpt>
<trkpt lat="42.558406" lon="2.006472">
<ele>2007.271</ele>
</trkpt>
<trkpt lat="42.558495" lon="2.006459">
<ele>2008.358</ele>
</trkpt>
<trkpt lat="42.558562" lon="2.006447">
<ele>2009.588</ele>
</trkpt>
<trkpt lat="42.558642" lon="2.006371">
<ele>2011.264</ele>
</trkpt>
<trkpt lat="42.55872" lon="2.00626">
<ele>2012.178</ele>
</trkpt>
<trkpt lat="42.558799" lon="2.006181">
<ele>2012.848</ele>
</trkpt>
<trkpt lat="42.55895" lon="2.006066">
<ele>2014.453</ele>
</trkpt>
<trkpt lat="42.559004" lon="2.006003">
<ele>2014.578</ele>
</trkpt>
<trkpt lat="42.559017" lon="2.005942">
<ele>2014.222</ele>
</trkpt>
<trkpt lat="42.559001" lon="2.005865">
<ele>2013.842</ele>
</trkpt>
<trkpt lat="42.558974" lon="2.005702">
<ele>2013.552</ele>
</trkpt>
<trkpt lat="42.558953" lon="2.005603">
<ele>2013.403</ele>
</trkpt>
<trkpt lat="42.558951" lon="2.005462">
<ele>2012.87</ele>
</trkpt>
<trkpt lat="42.558965" lon="2.005336">
<ele>2012.277</ele>
</trkpt>
<trkpt lat="42.558988" lon="2.005203">
<ele>2011.932</ele>
</trkpt>
<trkpt lat="42.559019" lon="2.005147">
<ele>2012.081</ele>
</trkpt>
<trkpt lat="42.559029" lon="2.004984">
<ele>2012.244</ele>
</trkpt>
<trkpt lat="42.559018" lon="2.004837">
<ele>2011.589</ele>
</trkpt>
<trkpt lat="42.559022" lon="2.004698">
<ele>2010.977</ele>
</trkpt>
<trkpt lat="42.559014" lon="2.004546">
<ele>2010.163</ele>
</trkpt>
<trkpt lat="42.559009" lon="2.00441">
<ele>2009.52</ele>
</trkpt>
<trkpt lat="42.559015" lon="2.004315">
<ele>2009.081</ele>
</trkpt>
<trkpt lat="42.559063" lon="2.004171">
<ele>2008.531</ele>
</trkpt>
<trkpt lat="42.55912" lon="2.004049">
<ele>2008.458</ele>
</trkpt>
<trkpt lat="42.559128" lon="2.003892">
<ele>2008.28</ele>
</trkpt>
<trkpt lat="42.559155" lon="2.003725">
<ele>2008.822</ele>
</trkpt>
<trkpt lat="42.559172" lon="2.003662">
<ele>2009.104</ele>
</trkpt>
<trkpt lat="42.559219" lon="2.003599">
<ele>2009.465</ele>
</trkpt>
<trkpt lat="42.559288" lon="2.003187">
<ele>2007.473</ele>
</trkpt>
<trkpt lat="42.559303" lon="2.003236">
<ele>2007.75</ele>
</trkpt>
<trkpt lat="42.559333" lon="2.00328">
<ele>2007.995</ele>
</trkpt>
<trkpt lat="42.559398" lon="2.003378">
<ele>2008.738</ele>
</trkpt>
<trkpt lat="42.559465" lon="2.003465">
<ele>2009.227</ele>
</trkpt>
<trkpt lat="42.559531" lon="2.003571">
<ele>2009.635</ele>
</trkpt>
<trkpt lat="42.559622" lon="2.003678">
<ele>2010.338</ele>
</trkpt>
<trkpt lat="42.559708" lon="2.003749">
<ele>2011.042</ele>
</trkpt>
<trkpt lat="42.559818" lon="2.003775">
<ele>2011.593</ele>
</trkpt>
<trkpt lat="42.559925" lon="2.003773">
<ele>2012.477</ele>
</trkpt>
<trkpt lat="42.559993" lon="2.003752">
<ele>2013.151</ele>
</trkpt>
<trkpt lat="42.560092" lon="2.003709">
<ele>2013.867</ele>
</trkpt>
<trkpt lat="42.560092" lon="2.003611">
<ele>2011.707</ele>
</trkpt>
<trkpt lat="42.560107" lon="2.003544">
<ele>2010.143</ele>
</trkpt>
<trkpt lat="42.560149" lon="2.003395">
<ele>2008.934</ele>
</trkpt>
<trkpt lat="42.560162" lon="2.00337">
<ele>2009.329</ele>
</trkpt>
<trkpt lat="42.560178" lon="2.003355">
<ele>2009.842</ele>
</trkpt>
<trkpt lat="42.56023" lon="2.003348">
<ele>2011.333</ele>
</trkpt>
<trkpt lat="42.560288" lon="2.003353">
<ele>2012.462</ele>
</trkpt>
<trkpt lat="42.560356" lon="2.003341">
<ele>2012.329</ele>
</trkpt>
<trkpt lat="42.560408" lon="2.003317">
<ele>2011.743</ele>
</trkpt>
<trkpt lat="42.560435" lon="2.003273">
<ele>2012.091</ele>
</trkpt>
<trkpt lat="42.560445" lon="2.003223">
<ele>2013.06</ele>
</trkpt>
<trkpt lat="42.560441" lon="2.003173">
<ele>2013.984</ele>
</trkpt>
<trkpt lat="42.560382" lon="2.002829">
<ele>2012.907</ele>
</trkpt>
<trkpt lat="42.560323" lon="2.002486">
<ele>2014.285</ele>
</trkpt>
<trkpt lat="42.560244" lon="2.002019">
<ele>2014.763</ele>
</trkpt>
<trkpt lat="42.560166" lon="2.001552">
<ele>2010.704</ele>
</trkpt>
<trkpt lat="42.560082" lon="2.001042">
<ele>2012.895</ele>
</trkpt>
<trkpt lat="42.559998" lon="2.000533">
<ele>2013.974</ele>
</trkpt>
<trkpt lat="42.559921" lon="2.000085">
<ele>2010.417</ele>
</trkpt>
<trkpt lat="42.559844" lon="1.999637">
<ele>2013.517</ele>
</trkpt>
<trkpt lat="42.559783" lon="1.999289">
<ele>2015.781</ele>
</trkpt>
<trkpt lat="42.559723" lon="1.998941">
<ele>2017.848</ele>
</trkpt>
<trkpt lat="42.559688" lon="1.99881">
<ele>2018.326</ele>
</trkpt>
<trkpt lat="42.559665" lon="1.998707">
<ele>2018.281</ele>
</trkpt>
<trkpt lat="42.559723" lon="1.998665">
<ele>2018.518</ele>
</trkpt>
<trkpt lat="42.559845" lon="1.998568">
<ele>2018.815</ele>
</trkpt>
<trkpt lat="42.559994" lon="1.9985">
<ele>2018.637</ele>
</trkpt>
<trkpt lat="42.560078" lon="1.998441">
<ele>2018.158</ele>
</trkpt>
<trkpt lat="42.560139" lon="1.998333">
<ele>2018.007</ele>
</trkpt>
<trkpt lat="42.560171" lon="1.998256">
<ele>2018.229</ele>
</trkpt>
<trkpt lat="42.560221" lon="1.998239">
<ele>2017.985</ele>
</trkpt>
<trkpt lat="42.560307" lon="1.998149">
<ele>2017.894</ele>
</trkpt>
<trkpt lat="42.560391" lon="1.99806">
<ele>2018.28</ele>
</trkpt>
<trkpt lat="42.560432" lon="1.997996">
<ele>2018.995</ele>
</trkpt>
<trkpt lat="42.560488" lon="1.997976">
<ele>2018.939</ele>
</trkpt>
<trkpt lat="42.560535" lon="1.997947">
<ele>2018.76</ele>
</trkpt>
<trkpt lat="42.560632" lon="1.99791">
<ele>2017.734</ele>
</trkpt>
<trkpt lat="42.560745" lon="1.997857">
<ele>2017.508</ele>
</trkpt>
<trkpt lat="42.560786" lon="1.997808">
<ele>2018.338</ele>
</trkpt>
<trkpt lat="42.560818" lon="1.997709">
<ele>2020.511</ele>
</trkpt>
<trkpt lat="42.560836" lon="1.997678">
<ele>2021.121</ele>
</trkpt>
<trkpt lat="42.5609" lon="1.997615">
<ele>2021.93</ele>
</trkpt>
<trkpt lat="42.561007" lon="1.997575">
<ele>2022.06</ele>
</trkpt>
<trkpt lat="42.561108" lon="1.997539">
<ele>2022.115</ele>
</trkpt>
<trkpt lat="42.561204" lon="1.997524">
<ele>2020.879</ele>
</trkpt>
<trkpt lat="42.561326" lon="1.997464">
<ele>2019.453</ele>
</trkpt>
<trkpt lat="42.561441" lon="1.997376">
<ele>2020.147</ele>
</trkpt>
<trkpt lat="42.561595" lon="1.997295">
<ele>2019.498</ele>
</trkpt>
<trkpt lat="42.561731" lon="1.99722">
<ele>2019.212</ele>
</trkpt>
<trkpt lat="42.561847" lon="1.997103">
<ele>2021.336</ele>
</trkpt>
<trkpt lat="42.561934" lon="1.996989">
<ele>2023.839</ele>
</trkpt>
<trkpt lat="42.562043" lon="1.996903">
<ele>2024.571</ele>
</trkpt>
<trkpt lat="42.562129" lon="1.996837">
<ele>2024.555</ele>
</trkpt>
<trkpt lat="42.562203" lon="1.996838">
<ele>2023.26</ele>
</trkpt>
<trkpt lat="42.562282" lon="1.996876">
<ele>2021.022</ele>
</trkpt>
<trkpt lat="42.562372" lon="1.996891">
<ele>2018.755</ele>
</trkpt>
<trkpt lat="42.562456" lon="1.99687">
<ele>2017.469</ele>
</trkpt>
<trkpt lat="42.562502" lon="1.996802">
<ele>2018.096</ele>
</trkpt>
<trkpt lat="42.562577" lon="1.996748">
<ele>2018.556</ele>
</trkpt>
<trkpt lat="42.562637" lon="1.996735">
<ele>2018.544</ele>
</trkpt>
<trkpt lat="42.562688" lon="1.99672">
<ele>2018.627</ele>
</trkpt>
<trkpt lat="42.562711" lon="1.996645">
<ele>2019.8</ele>
</trkpt>
<trkpt lat="42.562751" lon="1.99659">
<ele>2020.708</ele>
</trkpt>
<trkpt lat="42.563026" lon="1.996518">
<ele>2021.835</ele>
</trkpt>
<trkpt lat="42.56317" lon="1.99647">
<ele>2021.855</ele>
</trkpt>
<trkpt lat="42.56332" lon="1.996408">
<ele>2021.296</ele>
</trkpt>
<trkpt lat="42.5635" lon="1.996316">
<ele>2022.269</ele>
</trkpt>
<trkpt lat="42.563633" lon="1.996248">
<ele>2023.141</ele>
</trkpt>
<trkpt lat="42.563725" lon="1.996135">
<ele>2025.498</ele>
</trkpt>
<trkpt lat="42.563828" lon="1.996002">
<ele>2028.104</ele>
</trkpt>
<trkpt lat="42.563995" lon="1.9958">
<ele>2030.525</ele>
</trkpt>
<trkpt lat="42.564107" lon="1.99562">
<ele>2029.125</ele>
</trkpt>
<trkpt lat="42.564173" lon="1.995559">
<ele>2026.019</ele>
</trkpt>
<trkpt lat="42.564216" lon="1.9955">
<ele>2024.943</ele>
</trkpt>
<trkpt lat="42.564276" lon="1.995438">
<ele>2023.712</ele>
</trkpt>
<trkpt lat="42.564331" lon="1.995408">
<ele>2022.423</ele>
</trkpt>
<trkpt lat="42.564366" lon="1.995421">
<ele>2021.145</ele>
</trkpt>
<trkpt lat="42.564404" lon="1.995399">
<ele>2020.659</ele>
</trkpt>
<trkpt lat="42.564434" lon="1.995354">
<ele>2021.116</ele>
</trkpt>
<trkpt lat="42.564482" lon="1.995355">
<ele>2020.543</ele>
</trkpt>
<trkpt lat="42.56458" lon="1.995428">
<ele>2019.52</ele>
</trkpt>
<trkpt lat="42.564647" lon="1.995519">
<ele>2019.91</ele>
</trkpt>
<trkpt lat="42.564793" lon="1.995582">
<ele>2021.272</ele>
</trkpt>
<trkpt lat="42.564902" lon="1.995557">
<ele>2021.313</ele>
</trkpt>
<trkpt lat="42.564989" lon="1.995557">
<ele>2020.531</ele>
</trkpt>
<trkpt lat="42.565069" lon="1.995564">
<ele>2018.967</ele>
</trkpt>
<trkpt lat="42.565122" lon="1.995561">
<ele>2018.0</ele>
</trkpt>
<trkpt lat="42.565187" lon="1.995506">
<ele>2018.049</ele>
</trkpt>
<trkpt lat="42.565252" lon="1.995519">
<ele>2017.679</ele>
</trkpt>
<trkpt lat="42.565355" lon="1.995553">
<ele>2017.423</ele>
</trkpt>
<trkpt lat="42.565447" lon="1.995616">
<ele>2017.331</ele>
</trkpt>
<trkpt lat="42.565532" lon="1.995646">
<ele>2018.386</ele>
</trkpt>
<trkpt lat="42.565583" lon="1.995634">
<ele>2019.462</ele>
</trkpt>
<trkpt lat="42.565672" lon="1.995556">
<ele>2021.52</ele>
</trkpt>
<trkpt lat="42.565728" lon="1.995514">
<ele>2022.097</ele>
</trkpt>
<trkpt lat="42.565805" lon="1.99553">
<ele>2021.908</ele>
</trkpt>
<trkpt lat="42.565917" lon="1.995539">
<ele>2021.667</ele>
</trkpt>
<trkpt lat="42.566039" lon="1.995532">
<ele>2021.163</ele>
</trkpt>
<trkpt lat="42.566126" lon="1.995471">
<ele>2021.661</ele>
</trkpt>
<trkpt lat="42.566208" lon="1.995435">
<ele>2022.027</ele>
</trkpt>
<trkpt lat="42.566292" lon="1.995453">
<ele>2021.332</ele>
</trkpt>
<trkpt lat="42.566404" lon="1.995399">
<ele>2019.557</ele>
</trkpt>
<trkpt lat="42.566512" lon="1.995337">
<ele>2018.124</ele>
</trkpt>
<trkpt lat="42.566592" lon="1.995194">
<ele>2019.543</ele>
</trkpt>
<trkpt lat="42.566639" lon="1.995059">
<ele>2020.674</ele>
</trkpt>
<trkpt lat="42.566684" lon="1.994908">
<ele>2021.489</ele>
</trkpt>
<trkpt lat="42.566756" lon="1.994759">
<ele>2020.698</ele>
</trkpt>
<trkpt lat="42.566858" lon="1.994674">
<ele>2018.727</ele>
</trkpt>
<trkpt lat="42.566967" lon="1.994639">
<ele>2018.321</ele>
</trkpt>
<trkpt lat="42.567066" lon="1.994681">
<ele>2019.408</ele>
</trkpt>
<trkpt lat="42.567111" lon="1.994739">
<ele>2019.245</ele>
</trkpt>
<trkpt lat="42.567196" lon="1.994709">
<ele>2021.014</ele>
</trkpt>
<trkpt lat="42.567301" lon="1.994707">
<ele>2019.324</ele>
</trkpt>
<trkpt lat="42.567414" lon="1.994607">
<ele>2018.876</ele>
</trkpt>
<trkpt lat="42.567506" lon="1.994475">
<ele>2019.002</ele>
</trkpt>
<trkpt lat="42.567586" lon="1.994329">
<ele>2019.462</ele>
</trkpt>
<trkpt lat="42.567638" lon="1.994264">
<ele>2019.949</ele>
</trkpt>
<trkpt lat="42.567706" lon="1.994244">
<ele>2019.835</ele>
</trkpt>
<trkpt lat="42.567851" lon="1.994254">
<ele>2019.374</ele>
</trkpt>
<trkpt lat="42.567967" lon="1.994263">
<ele>2018.587</ele>
</trkpt>
<trkpt lat="42.568079" lon="1.994282">
<ele>2018.612</ele>
</trkpt>
<trkpt lat="42.568184" lon="1.994337">
<ele>2020.973</ele>
</trkpt>
<trkpt lat="42.568321" lon="1.994429">
<ele>2024.846</ele>
</trkpt>
<trkpt lat="42.568478" lon="1.994498">
<ele>2025.373</ele>
</trkpt>
<trkpt lat="42.568592" lon="1.994481">
<ele>2025.906</ele>
</trkpt>
<trkpt lat="42.568729" lon="1.99441">
<ele>2026.272</ele>
</trkpt>
<trkpt lat="42.568918" lon="1.994294">
<ele>2027.296</ele>
</trkpt>
<trkpt lat="42.569029" lon="1.994193">
<ele>2024.524</ele>
</trkpt>
<trkpt lat="42.56913" lon="1.99411">
<ele>2021.221</ele>
</trkpt>
<trkpt lat="42.569246" lon="1.994035">
<ele>2019.754</ele>
</trkpt>
<trkpt lat="42.569372" lon="1.994016">
<ele>2020.305</ele>
</trkpt>
<trkpt lat="42.569522" lon="1.993955">
<ele>2022.624</ele>
</trkpt>
<trkpt lat="42.569629" lon="1.99388">
<ele>2024.567</ele>
</trkpt>
<trkpt lat="42.569757" lon="1.993723">
<ele>2024.422</ele>
</trkpt>
<trkpt lat="42.569864" lon="1.993585">
<ele>2022.876</ele>
</trkpt>
<trkpt lat="42.569994" lon="1.993487">
<ele>2021.605</ele>
</trkpt>
<trkpt lat="42.570174" lon="1.993382">
<ele>2019.468</ele>
</trkpt>
<trkpt lat="42.570319" lon="1.993188">
<ele>2020.13</ele>
</trkpt>
<trkpt lat="42.570456" lon="1.993023">
<ele>2020.314</ele>
</trkpt>
<trkpt lat="42.570668" lon="1.99287">
<ele>2018.701</ele>
</trkpt>
<trkpt lat="42.570863" lon="1.992691">
<ele>2019.406</ele>
</trkpt>
<trkpt lat="42.57096" lon="1.992597">
<ele>2019.159</ele>
</trkpt>
<trkpt lat="42.571054" lon="1.992499">
<ele>2022.415</ele>
</trkpt>
<trkpt lat="42.571108" lon="1.992459">
<ele>2024.737</ele>
</trkpt>
<trkpt lat="42.571168" lon="1.992463">
<ele>2025.391</ele>
</trkpt>
<trkpt lat="42.571235" lon="1.992479">
<ele>2026.026</ele>
</trkpt>
<trkpt lat="42.571333" lon="1.992552">
<ele>2025.787</ele>
</trkpt>
<trkpt lat="42.571464" lon="1.992616">
<ele>2027.806</ele>
</trkpt>
<trkpt lat="42.571622" lon="1.992744">
<ele>2031.271</ele>
</trkpt>
<trkpt lat="42.571735" lon="1.992878">
<ele>2033.679</ele>
</trkpt>
<trkpt lat="42.571833" lon="1.993031">
<ele>2034.453</ele>
</trkpt>
<trkpt lat="42.571964" lon="1.993167">
<ele>2032.683</ele>
</trkpt>
<trkpt lat="42.572092" lon="1.993272">
<ele>2030.221</ele>
</trkpt>
<trkpt lat="42.572208" lon="1.993298">
<ele>2030.009</ele>
</trkpt>
<trkpt lat="42.572287" lon="1.993244">
<ele>2031.592</ele>
</trkpt>
<trkpt lat="42.572397" lon="1.993101">
<ele>2034.074</ele>
</trkpt>
<trkpt lat="42.572477" lon="1.992961">
<ele>2035.154</ele>
</trkpt>
<trkpt lat="42.572512" lon="1.992825">
<ele>2036.507</ele>
</trkpt>
<trkpt lat="42.57262" lon="1.992765">
<ele>2034.809</ele>
</trkpt>
<trkpt lat="42.572652" lon="1.992758">
<ele>2034.409</ele>
</trkpt>
<trkpt lat="42.572705" lon="1.992749">
<ele>2033.868</ele>
</trkpt>
<trkpt lat="42.572817" lon="1.99273">
<ele>2033.074</ele>
</trkpt>
<trkpt lat="42.572994" lon="1.99268">
<ele>2032.886</ele>
</trkpt>
<trkpt lat="42.573139" lon="1.992642">
<ele>2033.918</ele>
</trkpt>
<trkpt lat="42.57328" lon="1.992653">
<ele>2034.587</ele>
</trkpt>
<trkpt lat="42.573448" lon="1.992758">
<ele>2034.858</ele>
</trkpt>
<trkpt lat="42.573609" lon="1.992872">
<ele>2031.416</ele>
</trkpt>
<trkpt lat="42.573681" lon="1.992872">
<ele>2030.726</ele>
</trkpt>
<trkpt lat="42.57374" lon="1.992858">
<ele>2030.981</ele>
</trkpt>
<trkpt lat="42.573826" lon="1.992849">
<ele>2031.372</ele>
</trkpt>
<trkpt lat="42.573906" lon="1.992864">
<ele>2030.824</ele>
</trkpt>
<trkpt lat="42.573999" lon="1.992886">
<ele>2029.579</ele>
</trkpt>
<trkpt lat="42.574069" lon="1.992895">
<ele>2028.893</ele>
</trkpt>
<trkpt lat="42.574114" lon="1.992927">
<ele>2028.387</ele>
</trkpt>
<trkpt lat="42.574177" lon="1.992979">
<ele>2027.972</ele>
</trkpt>
<trkpt lat="42.574239" lon="1.993054">
<ele>2027.02</ele>
</trkpt>
<trkpt lat="42.574284" lon="1.99312">
<ele>2025.826</ele>
</trkpt>
<trkpt lat="42.574367" lon="1.993157">
<ele>2024.996</ele>
</trkpt>
<trkpt lat="42.574414" lon="1.993203">
<ele>2025.089</ele>
</trkpt>
<trkpt lat="42.574493" lon="1.993271">
<ele>2025.517</ele>
</trkpt>
<trkpt lat="42.574531" lon="1.993308">
<ele>2025.471</ele>
</trkpt>
<trkpt lat="42.574634" lon="1.993411">
<ele>2024.957</ele>
</trkpt>
<trkpt lat="42.574839" lon="1.993567">
<ele>2024.529</ele>
</trkpt>
<trkpt lat="42.575053" lon="1.993661">
<ele>2023.964</ele>
</trkpt>
<trkpt lat="42.575301" lon="1.993729">
<ele>2023.692</ele>
</trkpt>
<trkpt lat="42.575494" lon="1.993809">
<ele>2024.714</ele>
</trkpt>
<trkpt lat="42.575688" lon="1.993927">
<ele>2024.65</ele>
</trkpt>
<trkpt lat="42.575913" lon="1.994021">
<ele>2022.858</ele>
</trkpt>
<trkpt lat="42.576084" lon="1.994075">
<ele>2021.407</ele>
</trkpt>
<trkpt lat="42.576215" lon="1.994046">
<ele>2021.808</ele>
</trkpt>
<trkpt lat="42.576319" lon="1.994039">
<ele>2021.884</ele>
</trkpt>
<trkpt lat="42.576368" lon="1.994047">
<ele>2021.971</ele>
</trkpt>
<trkpt lat="42.576413" lon="1.994093">
<ele>2022.033</ele>
</trkpt>
<trkpt lat="42.576444" lon="1.994135">
<ele>2022.271</ele>
</trkpt>
<trkpt lat="42.576494" lon="1.994128">
<ele>2023.154</ele>
</trkpt>
<trkpt lat="42.576547" lon="1.994126">
<ele>2024.023</ele>
</trkpt>
<trkpt lat="42.576593" lon="1.994118">
<ele>2024.566</ele>
</trkpt>
<trkpt lat="42.576624" lon="1.994092">
<ele>2024.877</ele>
</trkpt>
<trkpt lat="42.576679" lon="1.994063">
<ele>2024.586</ele>
</trkpt>
<trkpt lat="42.576734" lon="1.994014">
<ele>2023.882</ele>
</trkpt>
<trkpt lat="42.576772" lon="1.993975">
<ele>2023.393</ele>
</trkpt>
<trkpt lat="42.576799" lon="1.993928">
<ele>2023.337</ele>
</trkpt>
<trkpt lat="42.576838" lon="1.993885">
<ele>2023.38</ele>
</trkpt>
<trkpt lat="42.576892" lon="1.993867">
<ele>2023.455</ele>
</trkpt>
<trkpt lat="42.576971" lon="1.993904">
<ele>2023.276</ele>
</trkpt>
<trkpt lat="42.577047" lon="1.993896">
<ele>2023.628</ele>
</trkpt>
<trkpt lat="42.577272" lon="1.993858">
<ele>2023.658</ele>
</trkpt>
<trkpt lat="42.57748" lon="1.993818">
<ele>2024.474</ele>
</trkpt>
<trkpt lat="42.577854" lon="1.993847">
<ele>2026.893</ele>
</trkpt>
<trkpt lat="42.578146" lon="1.993957">
<ele>2027.38</ele>
</trkpt>
<trkpt lat="42.578358" lon="1.994031">
<ele>2029.229</ele>
</trkpt>
<trkpt lat="42.578483" lon="1.994107">
<ele>2030.138</ele>
</trkpt>
<trkpt lat="42.578632" lon="1.994269">
<ele>2032.384</ele>
</trkpt>
<trkpt lat="42.578747" lon="1.994392">
<ele>2032.661</ele>
</trkpt>
<trkpt lat="42.578902" lon="1.994548">
<ele>2034.075</ele>
</trkpt>
<trkpt lat="42.579041" lon="1.994634">
<ele>2034.335</ele>
</trkpt>
<trkpt lat="42.579159" lon="1.994699">
<ele>2035.993</ele>
</trkpt>
<trkpt lat="42.57923" lon="1.994887">
<ele>2038.806</ele>
</trkpt>
<trkpt lat="42.579344" lon="1.995039">
<ele>2043.535</ele>
</trkpt>
<trkpt lat="42.579522" lon="1.995167">
<ele>2044.435</ele>
</trkpt>
<trkpt lat="42.579723" lon="1.99529">
<ele>2043.353</ele>
</trkpt>
<trkpt lat="42.579908" lon="1.995422">
<ele>2044.457</ele>
</trkpt>
<trkpt lat="42.580118" lon="1.995524">
<ele>2046.923</ele>
</trkpt>
<trkpt lat="42.580302" lon="1.995573">
<ele>2046.995</ele>
</trkpt>
<trkpt lat="42.580473" lon="1.995551">
<ele>2045.297</ele>
</trkpt>
<trkpt lat="42.580605" lon="1.995534">
<ele>2042.931</ele>
</trkpt>
<trkpt lat="42.580622" lon="1.995581">
<ele>2041.359</ele>
</trkpt>
<trkpt lat="42.580635" lon="1.995625">
<ele>2040.181</ele>
</trkpt>
<trkpt lat="42.580688" lon="1.995614">
<ele>2039.836</ele>
</trkpt>
<trkpt lat="42.580728" lon="1.9956">
<ele>2039.747</ele>
</trkpt>
<trkpt lat="42.580795" lon="1.995553">
<ele>2040.178</ele>
</trkpt>
<trkpt lat="42.580889" lon="1.995439">
<ele>2042.522</ele>
</trkpt>
<trkpt lat="42.580906" lon="1.995343">
<ele>2043.988</ele>
</trkpt>
<trkpt lat="42.580949" lon="1.995268">
<ele>2045.153</ele>
</trkpt>
<trkpt lat="42.580978" lon="1.995187">
<ele>2046.539</ele>
</trkpt>
<trkpt lat="42.581023" lon="1.995142">
<ele>2047.5</ele>
</trkpt>
<trkpt lat="42.581096" lon="1.995161">
<ele>2047.101</ele>
</trkpt>
<trkpt lat="42.581181" lon="1.995241">
<ele>2047.385</ele>
</trkpt>
<trkpt lat="42.581392" lon="1.995067">
<ele>2049.146</ele>
</trkpt>
<trkpt lat="42.581506" lon="1.995009">
<ele>2048.122</ele>
</trkpt>
<trkpt lat="42.581608" lon="1.994939">
<ele>2046.596</ele>
</trkpt>
<trkpt lat="42.581719" lon="1.994837">
<ele>2045.322</ele>
</trkpt>
<trkpt lat="42.581766" lon="1.994745">
<ele>2044.899</ele>
</trkpt>
<trkpt lat="42.581781" lon="1.994605">
<ele>2045.005</ele>
</trkpt>
<trkpt lat="42.581779" lon="1.994426">
<ele>2045.141</ele>
</trkpt>
<trkpt lat="42.581776" lon="1.994281">
<ele>2045.052</ele>
</trkpt>
<trkpt lat="42.581783" lon="1.994143">
<ele>2045.112</ele>
</trkpt>
<trkpt lat="42.581789" lon="1.994037">
<ele>2045.412</ele>
</trkpt>
<trkpt lat="42.581845" lon="1.993981">
<ele>2045.142</ele>
</trkpt>
<trkpt lat="42.581914" lon="1.993963">
<ele>2045.376</ele>
</trkpt>
<trkpt lat="42.582" lon="1.993976">
<ele>2045.447</ele>
</trkpt>
<trkpt lat="42.582104" lon="1.993975">
<ele>2044.74</ele>
</trkpt>
<trkpt lat="42.582172" lon="1.993893">
<ele>2044.668</ele>
</trkpt>
<trkpt lat="42.582245" lon="1.993717">
<ele>2044.618</ele>
</trkpt>
<trkpt lat="42.58231" lon="1.99359">
<ele>2044.708</ele>
</trkpt>
<trkpt lat="42.58239" lon="1.993502">
<ele>2044.619</ele>
</trkpt>
<trkpt lat="42.582475" lon="1.993384">
<ele>2044.841</ele>
</trkpt>
<trkpt lat="42.582536" lon="1.993285">
<ele>2045.145</ele>
</trkpt>
<trkpt lat="42.582616" lon="1.993172">
<ele>2045.942</ele>
</trkpt>
<trkpt lat="42.582718" lon="1.993075">
<ele>2046.217</ele>
</trkpt>
<trkpt lat="42.582805" lon="1.99298">
<ele>2045.534</ele>
</trkpt>
<trkpt lat="42.582904" lon="1.992839">
<ele>2045.507</ele>
</trkpt>
<trkpt lat="42.582989" lon="1.992686">
<ele>2045.818</ele>
</trkpt>
<trkpt lat="42.583038" lon="1.992542">
<ele>2045.364</ele>
</trkpt>
<trkpt lat="42.583062" lon="1.992419">
<ele>2045.247</ele>
</trkpt>
<trkpt lat="42.583113" lon="1.992297">
<ele>2045.152</ele>
</trkpt>
<trkpt lat="42.583187" lon="1.992205">
<ele>2045.658</ele>
</trkpt>
<trkpt lat="42.583298" lon="1.99214">
<ele>2045.651</ele>
</trkpt>
<trkpt lat="42.583446" lon="1.992031">
<ele>2045.331</ele>
</trkpt>
<trkpt lat="42.583551" lon="1.99195">
<ele>2045.395</ele>
</trkpt>
<trkpt lat="42.583648" lon="1.991845">
<ele>2045.717</ele>
</trkpt>
<trkpt lat="42.583715" lon="1.991747">
<ele>2045.359</ele>
</trkpt>
<trkpt lat="42.583786" lon="1.99163">
<ele>2044.428</ele>
</trkpt>
<trkpt lat="42.583916" lon="1.991495">
<ele>2044.627</ele>
</trkpt>
<trkpt lat="42.583998" lon="1.991399">
<ele>2045.995</ele>
</trkpt>
<trkpt lat="42.584069" lon="1.991307">
<ele>2047.044</ele>
</trkpt>
<trkpt lat="42.584159" lon="1.991243">
<ele>2046.407</ele>
</trkpt>
<trkpt lat="42.584248" lon="1.991164">
<ele>2046.044</ele>
</trkpt>
<trkpt lat="42.584352" lon="1.991051">
<ele>2047.447</ele>
</trkpt>
<trkpt lat="42.584427" lon="1.990968">
<ele>2047.995</ele>
</trkpt>
<trkpt lat="42.584499" lon="1.990878">
<ele>2048.082</ele>
</trkpt>
<trkpt lat="42.584549" lon="1.990793">
<ele>2048.42</ele>
</trkpt>
<trkpt lat="42.584611" lon="1.990729">
<ele>2048.11</ele>
</trkpt>
<trkpt lat="42.584668" lon="1.990667">
<ele>2047.721</ele>
</trkpt>
<trkpt lat="42.584706" lon="1.990588">
<ele>2047.941</ele>
</trkpt>
<trkpt lat="42.584771" lon="1.990504">
<ele>2047.856</ele>
</trkpt>
<trkpt lat="42.584862" lon="1.990423">
<ele>2047.966</ele>
</trkpt>
<trkpt lat="42.584938" lon="1.990343">
<ele>2048.788</ele>
</trkpt>
<trkpt lat="42.585037" lon="1.990261">
<ele>2049.213</ele>
</trkpt>
<trkpt lat="42.585138" lon="1.9902">
<ele>2049.162</ele>
</trkpt>
<trkpt lat="42.585241" lon="1.990101">
<ele>2050.096</ele>
</trkpt>
<trkpt lat="42.585326" lon="1.98999">
<ele>2050.545</ele>
</trkpt>
<trkpt lat="42.585416" lon="1.989842">
<ele>2051.054</ele>
</trkpt>
<trkpt lat="42.585512" lon="1.989714">
<ele>2051.934</ele>
</trkpt>
<trkpt lat="42.585629" lon="1.989566">
<ele>2053.261</ele>
</trkpt>
<trkpt lat="42.585732" lon="1.98944">
<ele>2054.208</ele>
</trkpt>
<trkpt lat="42.585845" lon="1.989309">
<ele>2054.313</ele>
</trkpt>
<trkpt lat="42.585934" lon="1.989182">
<ele>2054.531</ele>
</trkpt>
<trkpt lat="42.586066" lon="1.988956">
<ele>2054.836</ele>
</trkpt>
<trkpt lat="42.586161" lon="1.988756">
<ele>2055.6</ele>
</trkpt>
<trkpt lat="42.586233" lon="1.988579">
<ele>2055.425</ele>
</trkpt>
<trkpt lat="42.586311" lon="1.988377">
<ele>2054.568</ele>
</trkpt>
<trkpt lat="42.586375" lon="1.988189">
<ele>2054.711</ele>
</trkpt>
<trkpt lat="42.58647" lon="1.988006">
<ele>2055.489</ele>
</trkpt>
<trkpt lat="42.586586" lon="1.987841">
<ele>2056.329</ele>
</trkpt>
<trkpt lat="42.586704" lon="1.98769">
<ele>2056.935</ele>
</trkpt>
<trkpt lat="42.586822" lon="1.987531">
<ele>2057.282</ele>
</trkpt>
<trkpt lat="42.586946" lon="1.987401">
<ele>2057.734</ele>
</trkpt>
<trkpt lat="42.587076" lon="1.987265">
<ele>2058.576</ele>
</trkpt>
<trkpt lat="42.587236" lon="1.987094">
<ele>2059.842</ele>
</trkpt>
<trkpt lat="42.587381" lon="1.986948">
<ele>2061.209</ele>
</trkpt>
<trkpt lat="42.587508" lon="1.986834">
<ele>2062.35</ele>
</trkpt>
<trkpt lat="42.58761" lon="1.986721">
<ele>2062.809</ele>
</trkpt>
<trkpt lat="42.58769" lon="1.986551">
<ele>2063.447</ele>
</trkpt>
<trkpt lat="42.587742" lon="1.986377">
<ele>2063.625</ele>
</trkpt>
<trkpt lat="42.587786" lon="1.986233">
<ele>2063.536</ele>
</trkpt>
<trkpt lat="42.58787" lon="1.986027">
<ele>2064.152</ele>
</trkpt>
<trkpt lat="42.587966" lon="1.98584">
<ele>2064.127</ele>
</trkpt>
<trkpt lat="42.588061" lon="1.985646">
<ele>2063.06</ele>
</trkpt>
<trkpt lat="42.588144" lon="1.985443">
<ele>2061.43</ele>
</trkpt>
<trkpt lat="42.588191" lon="1.985272">
<ele>2062.749</ele>
</trkpt>
<trkpt lat="42.588203" lon="1.985129">
<ele>2064.549</ele>
</trkpt>
<trkpt lat="42.588244" lon="1.984986">
<ele>2065.146</ele>
</trkpt>
<trkpt lat="42.588326" lon="1.984856">
<ele>2065.051</ele>
</trkpt>
<trkpt lat="42.588411" lon="1.984739">
<ele>2064.014</ele>
</trkpt>
<trkpt lat="42.588519" lon="1.984586">
<ele>2062.051</ele>
</trkpt>
<trkpt lat="42.58859" lon="1.984437">
<ele>2061.128</ele>
</trkpt>
<trkpt lat="42.588665" lon="1.984279">
<ele>2060.604</ele>
</trkpt>
<trkpt lat="42.588726" lon="1.984143">
<ele>2060.762</ele>
</trkpt>
<trkpt lat="42.588768" lon="1.984019">
<ele>2061.255</ele>
</trkpt>
<trkpt lat="42.588817" lon="1.983863">
<ele>2062.324</ele>
</trkpt>
<trkpt lat="42.588908" lon="1.983646">
<ele>2063.701</ele>
</trkpt>
<trkpt lat="42.588956" lon="1.983523">
<ele>2065.087</ele>
</trkpt>
<trkpt lat="42.588996" lon="1.983437">
<ele>2065.575</ele>
</trkpt>
<trkpt lat="42.589048" lon="1.9833">
<ele>2065.712</ele>
</trkpt>
<trkpt lat="42.589059" lon="1.983183">
<ele>2066.419</ele>
</trkpt>
<trkpt lat="42.589094" lon="1.98301">
<ele>2066.937</ele>
</trkpt>
<trkpt lat="42.589139" lon="1.982845">
<ele>2066.938</ele>
</trkpt>
<trkpt lat="42.589182" lon="1.982694">
<ele>2067.103</ele>
</trkpt>
<trkpt lat="42.589232" lon="1.982554">
<ele>2067.432</ele>
</trkpt>
<trkpt lat="42.589299" lon="1.982402">
<ele>2067.8</ele>
</trkpt>
<trkpt lat="42.589358" lon="1.98224">
<ele>2068.577</ele>
</trkpt>
<trkpt lat="42.589424" lon="1.982115">
<ele>2068.128</ele>
</trkpt>
<trkpt lat="42.589504" lon="1.982001">
<ele>2067.534</ele>
</trkpt>
<trkpt lat="42.589586" lon="1.98186">
<ele>2067.431</ele>
</trkpt>
<trkpt lat="42.589651" lon="1.981667">
<ele>2068.139</ele>
</trkpt>
<trkpt lat="42.589704" lon="1.981486">
<ele>2068.364</ele>
</trkpt>
<trkpt lat="42.589772" lon="1.981287">
<ele>2067.494</ele>
</trkpt>
<trkpt lat="42.589837" lon="1.981085">
<ele>2067.545</ele>
</trkpt>
<trkpt lat="42.589925" lon="1.980815">
<ele>2067.125</ele>
</trkpt>
<trkpt lat="42.590002" lon="1.980632">
<ele>2066.315</ele>
</trkpt>
<trkpt lat="42.590045" lon="1.980468">
<ele>2066.345</ele>
</trkpt>
<trkpt lat="42.59008" lon="1.98034">
<ele>2066.466</ele>
</trkpt>
<trkpt lat="42.590137" lon="1.98025">
<ele>2065.594</ele>
</trkpt>
<trkpt lat="42.590182" lon="1.980187">
<ele>2064.88</ele>
</trkpt>
<trkpt lat="42.590229" lon="1.980027">
<ele>2064.866</ele>
</trkpt>
<trkpt lat="42.590278" lon="1.979851">
<ele>2064.627</ele>
</trkpt>
<trkpt lat="42.590313" lon="1.979697">
<ele>2064.692</ele>
</trkpt>
<trkpt lat="42.590345" lon="1.979558">
<ele>2064.833</ele>
</trkpt>
<trkpt lat="42.590416" lon="1.979437">
<ele>2064.168</ele>
</trkpt>
<trkpt lat="42.590476" lon="1.979331">
<ele>2064.163</ele>
</trkpt>
<trkpt lat="42.590509" lon="1.979199">
<ele>2064.696</ele>
</trkpt>
<trkpt lat="42.590557" lon="1.979024">
<ele>2064.707</ele>
</trkpt>
<trkpt lat="42.590612" lon="1.978832">
<ele>2064.991</ele>
</trkpt>
<trkpt lat="42.590688" lon="1.978593">
<ele>2066.471</ele>
</trkpt>
<trkpt lat="42.590784" lon="1.978389">
<ele>2066.775</ele>
</trkpt>
<trkpt lat="42.590851" lon="1.97827">
<ele>2067.018</ele>
</trkpt>
<trkpt lat="42.59092" lon="1.978129">
<ele>2067.067</ele>
</trkpt>
<trkpt lat="42.59101" lon="1.978022">
<ele>2067.362</ele>
</trkpt>
<trkpt lat="42.591098" lon="1.977886">
<ele>2068.565</ele>
</trkpt>
<trkpt lat="42.591182" lon="1.977747">
<ele>2068.922</ele>
</trkpt>
<trkpt lat="42.591243" lon="1.977611">
<ele>2069.252</ele>
</trkpt>
<trkpt lat="42.591349" lon="1.977454">
<ele>2070.091</ele>
</trkpt>
<trkpt lat="42.591455" lon="1.977334">
<ele>2069.969</ele>
</trkpt>
<trkpt lat="42.591603" lon="1.97718">
<ele>2069.283</ele>
</trkpt>
<trkpt lat="42.591658" lon="1.977033">
<ele>2070.06</ele>
</trkpt>
<trkpt lat="42.591713" lon="1.976956">
<ele>2069.843</ele>
</trkpt>
<trkpt lat="42.5918" lon="1.976792">
<ele>2070.729</ele>
</trkpt>
<trkpt lat="42.591893" lon="1.976714">
<ele>2072.447</ele>
</trkpt>
<trkpt lat="42.591988" lon="1.976678">
<ele>2072.75</ele>
</trkpt>
<trkpt lat="42.592026" lon="1.976573">
<ele>2073.728</ele>
</trkpt>
<trkpt lat="42.592083" lon="1.976467">
<ele>2073.555</ele>
</trkpt>
<trkpt lat="42.592162" lon="1.976143">
<ele>2075.582</ele>
</trkpt>
<trkpt lat="42.59222" lon="1.975993">
<ele>2076.415</ele>
</trkpt>
<trkpt lat="42.592254" lon="1.975844">
<ele>2077.65</ele>
</trkpt>
<trkpt lat="42.592316" lon="1.975673">
<ele>2077.577</ele>
</trkpt>
<trkpt lat="42.59235" lon="1.975472">
<ele>2077.646</ele>
</trkpt>
<trkpt lat="42.592398" lon="1.974991">
<ele>2078.709</ele>
</trkpt>
<trkpt lat="42.592434" lon="1.974782">
<ele>2079.681</ele>
</trkpt>
<trkpt lat="42.592564" lon="1.974418">
<ele>2081.162</ele>
</trkpt>
<trkpt lat="42.592694" lon="1.974054">
<ele>2082.727</ele>
</trkpt>
<trkpt lat="42.592776" lon="1.97375">
<ele>2084.781</ele>
</trkpt>
<trkpt lat="42.592818" lon="1.973635">
<ele>2085.33</ele>
</trkpt>
<trkpt lat="42.592921" lon="1.973296">
<ele>2087.642</ele>
</trkpt>
<trkpt lat="42.593023" lon="1.972957">
<ele>2089.824</ele>
</trkpt>
<trkpt lat="42.593085" lon="1.972866">
<ele>2091.011</ele>
</trkpt>
<trkpt lat="42.593256" lon="1.972545">
<ele>2092.036</ele>
</trkpt>
<trkpt lat="42.593344" lon="1.972307">
<ele>2093.876</ele>
</trkpt>
<trkpt lat="42.593467" lon="1.971941">
<ele>2095.885</ele>
</trkpt>
<trkpt lat="42.5935" lon="1.9718">
<ele>2096.42</ele>
</trkpt>
<trkpt lat="42.593497" lon="1.971652">
<ele>2096.926</ele>
</trkpt>
<trkpt lat="42.593524" lon="1.971542">
<ele>2097.096</ele>
</trkpt>
<trkpt lat="42.593542" lon="1.9714">
<ele>2099.042</ele>
</trkpt>
<trkpt lat="42.593551" lon="1.971102">
<ele>2103.679</ele>
</trkpt>
<trkpt lat="42.5936" lon="1.970619">
<ele>2108.071</ele>
</trkpt>
<trkpt lat="42.593623" lon="1.970458">
<ele>2109.81</ele>
</trkpt>
<trkpt lat="42.593658" lon="1.970269">
<ele>2111.601</ele>
</trkpt>
<trkpt lat="42.593665" lon="1.970136">
<ele>2113.053</ele>
</trkpt>
<trkpt lat="42.593743" lon="1.969593">
<ele>2116.58</ele>
</trkpt>
<trkpt lat="42.593805" lon="1.969405">
<ele>2117.959</ele>
</trkpt>
<trkpt lat="42.59384" lon="1.96937">
<ele>2118.648</ele>
</trkpt>
<trkpt lat="42.593915" lon="1.969333">
<ele>2119.302</ele>
</trkpt>
<trkpt lat="42.593945" lon="1.969299">
<ele>2119.493</ele>
</trkpt>
<trkpt lat="42.594003" lon="1.969194">
<ele>2119.924</ele>
</trkpt>
<trkpt lat="42.594058" lon="1.969036">
<ele>2120.61</ele>
</trkpt>
<trkpt lat="42.594112" lon="1.968831">
<ele>2121.699</ele>
</trkpt>
<trkpt lat="42.594179" lon="1.968644">
<ele>2122.103</ele>
</trkpt>
<trkpt lat="42.594199" lon="1.96851">
<ele>2122.752</ele>
</trkpt>
<trkpt lat="42.594299" lon="1.968148">
<ele>2125.717</ele>
</trkpt>
<trkpt lat="42.594401" lon="1.967713">
<ele>2126.839</ele>
</trkpt>
<trkpt lat="42.594493" lon="1.967444">
<ele>2128.485</ele>
</trkpt>
<trkpt lat="42.594516" lon="1.967165">
<ele>2129.763</ele>
</trkpt>
<trkpt lat="42.594484" lon="1.966965">
<ele>2128.618</ele>
</trkpt>
<trkpt lat="42.59446" lon="1.966844">
<ele>2129.018</ele>
</trkpt>
<trkpt lat="42.594459" lon="1.96677">
<ele>2129.12</ele>
</trkpt>
<trkpt lat="42.5945" lon="1.966673">
<ele>2129.705</ele>
</trkpt>
<trkpt lat="42.594528" lon="1.966622">
<ele>2130.351</ele>
</trkpt>
<trkpt lat="42.594666" lon="1.966422">
<ele>2132.978</ele>
</trkpt>
<trkpt lat="42.594787" lon="1.966176">
<ele>2137.553</ele>
</trkpt>
<trkpt lat="42.594808" lon="1.966109">
<ele>2138.6</ele>
</trkpt>
<trkpt lat="42.594816" lon="1.966033">
<ele>2139.9</ele>
</trkpt>
<trkpt lat="42.59482" lon="1.965813">
<ele>2143.774</ele>
</trkpt>
<trkpt lat="42.594841" lon="1.96567">
<ele>2145.393</ele>
</trkpt>
<trkpt lat="42.59488" lon="1.965565">
<ele>2145.84</ele>
</trkpt>
<trkpt lat="42.595048" lon="1.965281">
<ele>2146.545</ele>
</trkpt>
<trkpt lat="42.595086" lon="1.965188">
<ele>2146.398</ele>
</trkpt>
<trkpt lat="42.595152" lon="1.964924">
<ele>2146.718</ele>
</trkpt>
<trkpt lat="42.595179" lon="1.964751">
<ele>2147.188</ele>
</trkpt>
<trkpt lat="42.595227" lon="1.964637">
<ele>2147.296</ele>
</trkpt>
<trkpt lat="42.595297" lon="1.96441">
<ele>2147.941</ele>
</trkpt>
<trkpt lat="42.595382" lon="1.963847">
<ele>2148.278</ele>
</trkpt>
<trkpt lat="42.5954" lon="1.963417">
<ele>2148.683</ele>
</trkpt>
<trkpt lat="42.59541" lon="1.963363">
<ele>2148.797</ele>
</trkpt>
<trkpt lat="42.59555" lon="1.963133">
<ele>2146.909</ele>
</trkpt>
<trkpt lat="42.595763" lon="1.962789">
<ele>2151.367</ele>
</trkpt>
<trkpt lat="42.595901" lon="1.962512">
<ele>2152.383</ele>
</trkpt>
<trkpt lat="42.595943" lon="1.962349">
<ele>2152.135</ele>
</trkpt>
<trkpt lat="42.595953" lon="1.962239">
<ele>2152.638</ele>
</trkpt>
<trkpt lat="42.596007" lon="1.962195">
<ele>2151.656</ele>
</trkpt>
<trkpt lat="42.596119" lon="1.96194">
<ele>2150.062</ele>
</trkpt>
<trkpt lat="42.59618" lon="1.961844">
<ele>2149.749</ele>
</trkpt>
<trkpt lat="42.596233" lon="1.961785">
<ele>2149.318</ele>
</trkpt>
<trkpt lat="42.596383" lon="1.961671">
<ele>2146.708</ele>
</trkpt>
<trkpt lat="42.596496" lon="1.961548">
<ele>2145.664</ele>
</trkpt>
<trkpt lat="42.596571" lon="1.961457">
<ele>2145.914</ele>
</trkpt>
<trkpt lat="42.596704" lon="1.961254">
<ele>2146.398</ele>
</trkpt>
<trkpt lat="42.596874" lon="1.961058">
<ele>2144.82</ele>
</trkpt>
<trkpt lat="42.597009" lon="1.96086">
<ele>2145.53</ele>
</trkpt>
<trkpt lat="42.597171" lon="1.960723">
<ele>2144.804</ele>
</trkpt>
<trkpt lat="42.59738" lon="1.960582">
<ele>2144.515</ele>
</trkpt>
<trkpt lat="42.597587" lon="1.9603">
<ele>2145.831</ele>
</trkpt>
<trkpt lat="42.597849" lon="1.960122">
<ele>2146.696</ele>
</trkpt>
<trkpt lat="42.597947" lon="1.960033">
<ele>2146.382</ele>
</trkpt>
<trkpt lat="42.598141" lon="1.959652">
<ele>2147.822</ele>
</trkpt>
<trkpt lat="42.598189" lon="1.959582">
<ele>2148.426</ele>
</trkpt>
<trkpt lat="42.598506" lon="1.959298">
<ele>2150.25</ele>
</trkpt>
<trkpt lat="42.598645" lon="1.959195">
<ele>2149.53</ele>
</trkpt>
<trkpt lat="42.598754" lon="1.959094">
<ele>2149.908</ele>
</trkpt>
<trkpt lat="42.598892" lon="1.958918">
<ele>2151.111</ele>
</trkpt>
<trkpt lat="42.598987" lon="1.958754">
<ele>2151.783</ele>
</trkpt>
<trkpt lat="42.599" lon="1.958612">
<ele>2152.91</ele>
</trkpt>
<trkpt lat="42.599001" lon="1.95857">
<ele>2152.985</ele>
</trkpt>
<trkpt lat="42.599006" lon="1.958532">
<ele>2152.97</ele>
</trkpt>
<trkpt lat="42.599013" lon="1.958494">
<ele>2152.904</ele>
</trkpt>
<trkpt lat="42.599024" lon="1.958446">
<ele>2152.781</ele>
</trkpt>
<trkpt lat="42.599038" lon="1.958412">
<ele>2152.652</ele>
</trkpt>
<trkpt lat="42.599047" lon="1.958374">
<ele>2152.574</ele>
</trkpt>
<trkpt lat="42.599054" lon="1.95834">
<ele>2152.538</ele>
</trkpt>
<trkpt lat="42.599062" lon="1.958319">
<ele>2152.503</ele>
</trkpt>
<trkpt lat="42.599075" lon="1.958286">
<ele>2152.442</ele>
</trkpt>
<trkpt lat="42.599082" lon="1.958247">
<ele>2152.428</ele>
</trkpt>
<trkpt lat="42.599089" lon="1.958231">
<ele>2152.398</ele>
</trkpt>
<trkpt lat="42.599095" lon="1.958213">
<ele>2152.38</ele>
</trkpt>
<trkpt lat="42.5991" lon="1.958159">
<ele>2152.42</ele>
</trkpt>
<trkpt lat="42.599099" lon="1.958142">
<ele>2152.454</ele>
</trkpt>
<trkpt lat="42.599099" lon="1.958119">
<ele>2152.497</ele>
</trkpt>
<trkpt lat="42.599104" lon="1.958099">
<ele>2152.514</ele>
</trkpt>
<trkpt lat="42.599113" lon="1.958077">
<ele>2152.522</ele>
</trkpt>
<trkpt lat="42.599118" lon="1.958058">
<ele>2152.551</ele>
</trkpt>
<trkpt lat="42.599138" lon="1.958023">
<ele>2152.563</ele>
</trkpt>
<trkpt lat="42.599152" lon="1.958001">
<ele>2152.568</ele>
</trkpt>
<trkpt lat="42.599165" lon="1.957986">
<ele>2152.551</ele>
</trkpt>
<trkpt lat="42.599194" lon="1.957964">
<ele>2152.47</ele>
</trkpt>
<trkpt lat="42.599207" lon="1.957943">
<ele>2152.475</ele>
</trkpt>
<trkpt lat="42.599226" lon="1.957918">
<ele>2152.457</ele>
</trkpt>
<trkpt lat="42.599245" lon="1.957902">
<ele>2152.402</ele>
</trkpt>
<trkpt lat="42.599261" lon="1.957892">
<ele>2152.342</ele>
</trkpt>
<trkpt lat="42.599276" lon="1.957882">
<ele>2152.291</ele>
</trkpt>
<trkpt lat="42.59929" lon="1.957867">
<ele>2152.273</ele>
</trkpt>
<trkpt lat="42.599309" lon="1.957853">
<ele>2152.227</ele>
</trkpt>
<trkpt lat="42.599333" lon="1.957831">
<ele>2152.206</ele>
</trkpt>
<trkpt lat="42.599346" lon="1.957817">
<ele>2152.214</ele>
</trkpt>
<trkpt lat="42.599376" lon="1.957755">
<ele>2152.426</ele>
</trkpt>
<trkpt lat="42.599387" lon="1.957729">
<ele>2152.525</ele>
</trkpt>
<trkpt lat="42.599396" lon="1.957706">
<ele>2152.612</ele>
</trkpt>
<trkpt lat="42.599411" lon="1.957674">
<ele>2152.711</ele>
</trkpt>
<trkpt lat="42.599424" lon="1.957648">
<ele>2152.776</ele>
</trkpt>
<trkpt lat="42.599446" lon="1.957625">
<ele>2152.76</ele>
</trkpt>
<trkpt lat="42.599463" lon="1.957615">
<ele>2152.7</ele>
</trkpt>
<trkpt lat="42.599482" lon="1.957603">
<ele>2152.632</ele>
</trkpt>
<trkpt lat="42.599497" lon="1.957592">
<ele>2152.582</ele>
</trkpt>
<trkpt lat="42.599511" lon="1.957575">
<ele>2152.558</ele>
</trkpt>
<trkpt lat="42.599522" lon="1.95756">
<ele>2152.543</ele>
</trkpt>
<trkpt lat="42.599535" lon="1.957521">
<ele>2152.608</ele>
</trkpt>
<trkpt lat="42.599542" lon="1.957499">
<ele>2152.653</ele>
</trkpt>
<trkpt lat="42.599552" lon="1.957473">
<ele>2152.706</ele>
</trkpt>
<trkpt lat="42.599561" lon="1.957445">
<ele>2152.795</ele>
</trkpt>
<trkpt lat="42.59957" lon="1.957414">
<ele>2152.929</ele>
</trkpt>
<trkpt lat="42.599575" lon="1.957389">
<ele>2153.069</ele>
</trkpt>
<trkpt lat="42.599581" lon="1.957365">
<ele>2153.202</ele>
</trkpt>
<trkpt lat="42.599589" lon="1.957352">
<ele>2153.251</ele>
</trkpt>
<trkpt lat="42.599599" lon="1.957347">
<ele>2153.235</ele>
</trkpt>
<trkpt lat="42.59961" lon="1.957334">
<ele>2153.283</ele>
</trkpt>
<trkpt lat="42.599617" lon="1.957312">
<ele>2153.432</ele>
</trkpt>
<trkpt lat="42.599622" lon="1.957294">
<ele>2153.567</ele>
</trkpt>
<trkpt lat="42.599636" lon="1.957282">
<ele>2153.624</ele>
</trkpt>
<trkpt lat="42.599655" lon="1.957275">
<ele>2153.632</ele>
</trkpt>
<trkpt lat="42.599675" lon="1.957262">
<ele>2153.721</ele>
</trkpt>
<trkpt lat="42.599695" lon="1.957239">
<ele>2153.929</ele>
</trkpt>
<trkpt lat="42.59971" lon="1.957222">
<ele>2154.095</ele>
</trkpt>
<trkpt lat="42.599729" lon="1.957205">
<ele>2154.266</ele>
</trkpt>
<trkpt lat="42.599747" lon="1.957191">
<ele>2154.411</ele>
</trkpt>
<trkpt lat="42.599766" lon="1.957178">
<ele>2154.544</ele>
</trkpt>
<trkpt lat="42.599785" lon="1.957161">
<ele>2154.711</ele>
</trkpt>
<trkpt lat="42.599813" lon="1.957139">
<ele>2154.915</ele>
</trkpt>
<trkpt lat="42.599833" lon="1.957121">
<ele>2155.07</ele>
</trkpt>
<trkpt lat="42.599853" lon="1.957104">
<ele>2155.207</ele>
</trkpt>
<trkpt lat="42.599873" lon="1.957088">
<ele>2155.327</ele>
</trkpt>
<trkpt lat="42.599906" lon="1.957058">
<ele>2155.549</ele>
</trkpt>
<trkpt lat="42.599931" lon="1.957037">
<ele>2155.705</ele>
</trkpt>
<trkpt lat="42.59995" lon="1.957018">
<ele>2155.85</ele>
</trkpt>
<trkpt lat="42.599971" lon="1.956997">
<ele>2156.013</ele>
</trkpt>
<trkpt lat="42.599986" lon="1.956977">
<ele>2156.168</ele>
</trkpt>
<trkpt lat="42.599999" lon="1.956954">
<ele>2156.346</ele>
</trkpt>
<trkpt lat="42.600009" lon="1.956927">
<ele>2156.554</ele>
</trkpt>
<trkpt lat="42.600017" lon="1.956905">
<ele>2156.725</ele>
</trkpt>
<trkpt lat="42.600026" lon="1.956877">
<ele>2156.944</ele>
</trkpt>
<trkpt lat="42.600041" lon="1.956816">
<ele>2157.439</ele>
</trkpt>
<trkpt lat="42.600048" lon="1.956784">
<ele>2157.71</ele>
</trkpt>
<trkpt lat="42.600056" lon="1.956745">
<ele>2158.016</ele>
</trkpt>
<trkpt lat="42.600064" lon="1.956715">
<ele>2158.227</ele>
</trkpt>
<trkpt lat="42.600072" lon="1.956686">
<ele>2158.423</ele>
</trkpt>
<trkpt lat="42.600083" lon="1.956652">
<ele>2158.65</ele>
</trkpt>
<trkpt lat="42.600095" lon="1.956625">
<ele>2158.828</ele>
</trkpt>
<trkpt lat="42.600103" lon="1.956604">
<ele>2158.99</ele>
</trkpt>
<trkpt lat="42.600112" lon="1.956582">
<ele>2159.177</ele>
</trkpt>
<trkpt lat="42.600131" lon="1.956544">
<ele>2159.546</ele>
</trkpt>
<trkpt lat="42.600144" lon="1.956522">
<ele>2159.79</ele>
</trkpt>
<trkpt lat="42.600159" lon="1.956503">
<ele>2160.015</ele>
</trkpt>
<trkpt lat="42.600177" lon="1.956485">
<ele>2160.24</ele>
</trkpt>
<trkpt lat="42.600188" lon="1.956475">
<ele>2160.369</ele>
</trkpt>
<trkpt lat="42.600199" lon="1.956464">
<ele>2160.516</ele>
</trkpt>
<trkpt lat="42.600213" lon="1.956449">
<ele>2160.716</ele>
</trkpt>
<trkpt lat="42.600223" lon="1.956429">
<ele>2160.986</ele>
</trkpt>
<trkpt lat="42.600228" lon="1.956418">
<ele>2161.134</ele>
</trkpt>
<trkpt lat="42.60025" lon="1.956404">
<ele>2161.305</ele>
</trkpt>
<trkpt lat="42.600259" lon="1.9564">
<ele>2161.356</ele>
</trkpt>
<trkpt lat="42.600308" lon="1.956382">
<ele>2161.664</ele>
</trkpt>
<trkpt lat="42.600328" lon="1.95634">
<ele>2162.309</ele>
</trkpt>
<trkpt lat="42.600381" lon="1.956072">
<ele>2167.184</ele>
</trkpt>
<trkpt lat="42.60039" lon="1.955979">
<ele>2168.792</ele>
</trkpt>
<trkpt lat="42.60039" lon="1.955908">
<ele>2169.884</ele>
</trkpt>
<trkpt lat="42.600338" lon="1.955795">
<ele>2170.973</ele>
</trkpt>
<trkpt lat="42.600358" lon="1.955729">
<ele>2172.471</ele>
</trkpt>
<trkpt lat="42.600393" lon="1.95555">
<ele>2176.18</ele>
</trkpt>
<trkpt lat="42.600433" lon="1.95519">
<ele>2180.326</ele>
</trkpt>
<trkpt lat="42.60049" lon="1.954975">
<ele>2182.935</ele>
</trkpt>
<trkpt lat="42.600597" lon="1.954653">
<ele>2186.218</ele>
</trkpt>
<trkpt lat="42.600634" lon="1.954361">
<ele>2190.398</ele>
</trkpt>
<trkpt lat="42.600672" lon="1.95416">
<ele>2194.168</ele>
</trkpt>
<trkpt lat="42.600707" lon="1.953913">
<ele>2198.199</ele>
</trkpt>
<trkpt lat="42.600731" lon="1.953807">
<ele>2199.633</ele>
</trkpt>
<trkpt lat="42.600827" lon="1.953643">
<ele>2201.61</ele>
</trkpt>
<trkpt lat="42.60087" lon="1.953526">
<ele>2203.649</ele>
</trkpt>
<trkpt lat="42.600955" lon="1.953124">
<ele>2208.595</ele>
</trkpt>
<trkpt lat="42.600994" lon="1.953027">
<ele>2209.013</ele>
</trkpt>
<trkpt lat="42.601048" lon="1.952842">
<ele>2209.909</ele>
</trkpt>
<trkpt lat="42.60112" lon="1.952576">
<ele>2213.052</ele>
</trkpt>
<trkpt lat="42.60127" lon="1.952107">
<ele>2218.783</ele>
</trkpt>
<trkpt lat="42.601334" lon="1.951881">
<ele>2221.277</ele>
</trkpt>
<trkpt lat="42.601374" lon="1.951673">
<ele>2223.515</ele>
</trkpt>
<trkpt lat="42.601411" lon="1.951392">
<ele>2228.08</ele>
</trkpt>
<trkpt lat="42.60143" lon="1.951267">
<ele>2230.379</ele>
</trkpt>
<trkpt lat="42.601554" lon="1.951005">
<ele>2231.866</ele>
</trkpt>
<trkpt lat="42.601562" lon="1.950933">
<ele>2233.337</ele>
</trkpt>
<trkpt lat="42.601536" lon="1.950707">
<ele>2239.843</ele>
</trkpt>
<trkpt lat="42.601548" lon="1.95065">
<ele>2240.822</ele>
</trkpt>
<trkpt lat="42.6016" lon="1.950552">
<ele>2241.63</ele>
</trkpt>
<trkpt lat="42.601614" lon="1.950489">
<ele>2242.725</ele>
</trkpt>
<trkpt lat="42.601627" lon="1.950326">
<ele>2245.451</ele>
</trkpt>
<trkpt lat="42.601608" lon="1.950219">
<ele>2247.452</ele>
</trkpt>
<trkpt lat="42.6016" lon="1.950216">
<ele>2247.751</ele>
</trkpt>
<trkpt lat="42.60159" lon="1.950167">
<ele>2248.559</ele>
</trkpt>
<trkpt lat="42.6016" lon="1.950031">
<ele>2249.617</ele>
</trkpt>
<trkpt lat="42.601597" lon="1.949808">
<ele>2251.787</ele>
</trkpt>
<trkpt lat="42.601585" lon="1.94972">
<ele>2253.079</ele>
</trkpt>
<trkpt lat="42.601555" lon="1.949473">
<ele>2256.743</ele>
</trkpt>
<trkpt lat="42.601536" lon="1.949204">
<ele>2261.295</ele>
</trkpt>
<trkpt lat="42.601502" lon="1.949057">
<ele>2264.484</ele>
</trkpt>
<trkpt lat="42.601511" lon="1.948903">
<ele>2265.457</ele>
</trkpt>
<trkpt lat="42.601479" lon="1.948781">
<ele>2267.388</ele>
</trkpt>
<trkpt lat="42.601421" lon="1.948693">
<ele>2268.939</ele>
</trkpt>
<trkpt lat="42.601363" lon="1.948537">
<ele>2270.591</ele>
</trkpt>
<trkpt lat="42.601359" lon="1.948384">
<ele>2272.675</ele>
</trkpt>
<trkpt lat="42.601306" lon="1.947996">
<ele>2279.461</ele>
</trkpt>
<trkpt lat="42.601338" lon="1.947906">
<ele>2279.744</ele>
</trkpt>
<trkpt lat="42.601344" lon="1.947762">
<ele>2281.701</ele>
</trkpt>
<trkpt lat="42.601345" lon="1.947744">
<ele>2281.946</ele>
</trkpt>
<trkpt lat="42.601353" lon="1.947565">
<ele>2284.289</ele>
</trkpt>
<trkpt lat="42.601363" lon="1.947381">
<ele>2286.399</ele>
</trkpt>
<trkpt lat="42.601361" lon="1.947052">
<ele>2289.85</ele>
</trkpt>
<trkpt lat="42.601359" lon="1.946724">
<ele>2292.449</ele>
</trkpt>
<trkpt lat="42.601358" lon="1.946718">
<ele>2292.495</ele>
</trkpt>
<trkpt lat="42.601337" lon="1.946517">
<ele>2293.613</ele>
</trkpt>
<trkpt lat="42.601341" lon="1.946317">
<ele>2294.9</ele>
</trkpt>
<trkpt lat="42.601337" lon="1.946007">
<ele>2297.201</ele>
</trkpt>
<trkpt lat="42.601318" lon="1.945725">
<ele>2298.363</ele>
</trkpt>
<trkpt lat="42.601282" lon="1.945392">
<ele>2298.933</ele>
</trkpt>
<trkpt lat="42.601284" lon="1.945134">
<ele>2299.049</ele>
</trkpt>
<trkpt lat="42.601309" lon="1.944891">
<ele>2298.691</ele>
</trkpt>
<trkpt lat="42.601308" lon="1.944783">
<ele>2299.16</ele>
</trkpt>
<trkpt lat="42.601267" lon="1.944636">
<ele>2300.037</ele>
</trkpt>
<trkpt lat="42.601121" lon="1.944346">
<ele>2298.746</ele>
</trkpt>
<trkpt lat="42.601071" lon="1.944206">
<ele>2298.589</ele>
</trkpt>
<trkpt lat="42.601058" lon="1.944083">
<ele>2298.182</ele>
</trkpt>
<trkpt lat="42.601064" lon="1.943991">
<ele>2297.857</ele>
</trkpt>
<trkpt lat="42.601085" lon="1.943904">
<ele>2297.584</ele>
</trkpt>
<trkpt lat="42.601133" lon="1.943808">
<ele>2297.554</ele>
</trkpt>
<trkpt lat="42.601043" lon="1.943671">
<ele>2297.43</ele>
</trkpt>
<trkpt lat="42.601031" lon="1.943629">
<ele>2297.533</ele>
</trkpt>
<trkpt lat="42.601041" lon="1.943529">
<ele>2298.084</ele>
</trkpt>
<trkpt lat="42.60112" lon="1.943257">
<ele>2299.61</ele>
</trkpt>
<trkpt lat="42.601139" lon="1.943152">
<ele>2299.791</ele>
</trkpt>
<trkpt lat="42.601139" lon="1.942784">
<ele>2299.688</ele>
</trkpt>
<trkpt lat="42.601212" lon="1.942375">
<ele>2301.468</ele>
</trkpt>
<trkpt lat="42.601206" lon="1.942321">
<ele>2301.785</ele>
</trkpt>
<trkpt lat="42.601175" lon="1.942236">
<ele>2301.899</ele>
</trkpt>
<trkpt lat="42.601128" lon="1.942157">
<ele>2301.418</ele>
</trkpt>
<trkpt lat="42.601028" lon="1.941713">
<ele>2301.715</ele>
</trkpt>
<trkpt lat="42.600957" lon="1.941621">
<ele>2302.652</ele>
</trkpt>
<trkpt lat="42.600916" lon="1.941545">
<ele>2303.626</ele>
</trkpt>
<trkpt lat="42.600827" lon="1.941337">
<ele>2303.775</ele>
</trkpt>
<trkpt lat="42.600725" lon="1.941169">
<ele>2303.959</ele>
</trkpt>
<trkpt lat="42.600636" lon="1.94098">
<ele>2303.626</ele>
</trkpt>
<trkpt lat="42.600474" lon="1.940621">
<ele>2304.785</ele>
</trkpt>
<trkpt lat="42.600311" lon="1.940261">
<ele>2307.467</ele>
</trkpt>
<trkpt lat="42.600151" lon="1.939816">
<ele>2308.409</ele>
</trkpt>
<trkpt lat="42.600019" lon="1.939616">
<ele>2310.252</ele>
</trkpt>
<trkpt lat="42.599953" lon="1.939542">
<ele>2310.714</ele>
</trkpt>
<trkpt lat="42.599843" lon="1.939325">
<ele>2315.779</ele>
</trkpt>
<trkpt lat="42.599794" lon="1.939186">
<ele>2318.645</ele>
</trkpt>
<trkpt lat="42.59975" lon="1.938994">
<ele>2321.855</ele>
</trkpt>
<trkpt lat="42.599746" lon="1.938857">
<ele>2325.183</ele>
</trkpt>
<trkpt lat="42.599722" lon="1.938697">
<ele>2326.932</ele>
</trkpt>
<trkpt lat="42.599733" lon="1.938509">
<ele>2330.484</ele>
</trkpt>
<trkpt lat="42.599689" lon="1.93831">
<ele>2332.791</ele>
</trkpt>
<trkpt lat="42.599619" lon="1.938132">
<ele>2334.116</ele>
</trkpt>
<trkpt lat="42.599596" lon="1.938031">
<ele>2335.452</ele>
</trkpt>
<trkpt lat="42.599536" lon="1.937836">
<ele>2338.189</ele>
</trkpt>
<trkpt lat="42.599491" lon="1.937665">
<ele>2341.591</ele>
</trkpt>
<trkpt lat="42.599405" lon="1.937455">
<ele>2344.013</ele>
</trkpt>
<trkpt lat="42.599225" lon="1.936946">
<ele>2354.604</ele>
</trkpt>
<trkpt lat="42.599181" lon="1.936745">
<ele>2360.217</ele>
</trkpt>
<trkpt lat="42.599164" lon="1.936707">
<ele>2361.244</ele>
</trkpt>
<trkpt lat="42.599144" lon="1.936646">
<ele>2363.118</ele>
</trkpt>
<trkpt lat="42.59914" lon="1.936604">
<ele>2364.58</ele>
</trkpt>
<trkpt lat="42.599145" lon="1.936568">
<ele>2365.92</ele>
</trkpt>
<trkpt lat="42.599162" lon="1.936512">
<ele>2368.062</ele>
</trkpt>
<trkpt lat="42.599238" lon="1.93644">
<ele>2371.288</ele>
</trkpt>
<trkpt lat="42.599277" lon="1.936389">
<ele>2373.624</ele>
</trkpt>
<trkpt lat="42.599308" lon="1.936352">
<ele>2375.468</ele>
</trkpt>
<trkpt lat="42.599388" lon="1.936319">
<ele>2378.44</ele>
</trkpt>
<trkpt lat="42.599451" lon="1.936293">
<ele>2380.979</ele>
</trkpt>
<trkpt lat="42.59951" lon="1.93628">
<ele>2383.132</ele>
</trkpt>
<trkpt lat="42.599566" lon="1.936279">
<ele>2385.029</ele>
</trkpt>
<trkpt lat="42.599597" lon="1.936293">
<ele>2385.827</ele>
</trkpt>
<trkpt lat="42.599618" lon="1.936315">
<ele>2386.157</ele>
</trkpt>
<trkpt lat="42.599646" lon="1.936342">
<ele>2386.742</ele>
</trkpt>
<trkpt lat="42.599675" lon="1.936379">
<ele>2387.25</ele>
</trkpt>
<trkpt lat="42.599696" lon="1.93639">
<ele>2388.072</ele>
</trkpt>
<trkpt lat="42.599727" lon="1.936398">
<ele>2389.609</ele>
</trkpt>
<trkpt lat="42.599743" lon="1.936391">
<ele>2390.663</ele>
</trkpt>
<trkpt lat="42.599749" lon="1.936374">
<ele>2391.323</ele>
</trkpt>
<trkpt lat="42.59976" lon="1.936331">
<ele>2392.648</ele>
</trkpt>
<trkpt lat="42.599775" lon="1.936273">
<ele>2394.238</ele>
</trkpt>
<trkpt lat="42.599783" lon="1.936202">
<ele>2395.485</ele>
</trkpt>
<trkpt lat="42.599779" lon="1.936113">
<ele>2396.521</ele>
</trkpt>
<trkpt lat="42.599769" lon="1.936051">
<ele>2397.133</ele>
</trkpt>
<trkpt lat="42.599767" lon="1.935989">
<ele>2398.138</ele>
</trkpt>
<trkpt lat="42.599792" lon="1.935944">
<ele>2399.747</ele>
</trkpt>
<trkpt lat="42.599814" lon="1.935896">
<ele>2401.226</ele>
</trkpt>
<trkpt lat="42.599813" lon="1.935862">
<ele>2401.798</ele>
</trkpt>
<trkpt lat="42.599795" lon="1.935818">
<ele>2402.184</ele>
</trkpt>
<trkpt lat="42.599786" lon="1.935768">
<ele>2403.081</ele>
</trkpt>
<trkpt lat="42.599772" lon="1.935708">
<ele>2404.255</ele>
</trkpt>
<trkpt lat="42.599745" lon="1.935622">
<ele>2405.867</ele>
</trkpt>
<trkpt lat="42.599731" lon="1.935571">
<ele>2406.835</ele>
</trkpt>
<trkpt lat="42.599733" lon="1.935538">
<ele>2407.716</ele>
</trkpt>
<trkpt lat="42.599752" lon="1.935508">
<ele>2408.958</ele>
</trkpt>
<trkpt lat="42.599773" lon="1.935465">
<ele>2410.558</ele>
</trkpt>
<trkpt lat="42.599768" lon="1.935426">
<ele>2411.326</ele>
</trkpt>
<trkpt lat="42.599751" lon="1.935385">
<ele>2411.821</ele>
</trkpt>
<trkpt lat="42.599719" lon="1.935354">
<ele>2411.779</ele>
</trkpt>
<trkpt lat="42.599702" lon="1.935324">
<ele>2412.133</ele>
</trkpt>
<trkpt lat="42.599687" lon="1.935292">
<ele>2412.609</ele>
</trkpt>
<trkpt lat="42.599672" lon="1.935237">
<ele>2413.601</ele>
</trkpt>
<trkpt lat="42.599655" lon="1.935206">
<ele>2414.051</ele>
</trkpt>
<trkpt lat="42.599628" lon="1.935162">
<ele>2414.648</ele>
</trkpt>
<trkpt lat="42.599585" lon="1.935087">
<ele>2415.602</ele>
</trkpt>
<trkpt lat="42.599566" lon="1.935075">
<ele>2415.783</ele>
</trkpt>
<trkpt lat="42.599538" lon="1.935069">
<ele>2415.99</ele>
</trkpt>
<trkpt lat="42.599504" lon="1.935063">
<ele>2416.422</ele>
</trkpt>
<trkpt lat="42.599492" lon="1.935044">
<ele>2416.92</ele>
</trkpt>
<trkpt lat="42.599485" lon="1.935022">
<ele>2417.404</ele>
</trkpt>
<trkpt lat="42.599484" lon="1.934988">
<ele>2417.964</ele>
</trkpt>
<trkpt lat="42.599526" lon="1.934549">
<ele>2423.143</ele>
</trkpt>
<trkpt lat="42.599496" lon="1.934424">
<ele>2424.099</ele>
</trkpt>
<trkpt lat="42.59943" lon="1.934224">
<ele>2426.048</ele>
</trkpt>
<trkpt lat="42.599384" lon="1.934032">
<ele>2427.465</ele>
</trkpt>
<trkpt lat="42.599263" lon="1.933642">
<ele>2426.488</ele>
</trkpt>
<trkpt lat="42.59918" lon="1.933459">
<ele>2424.625</ele>
</trkpt>
<trkpt lat="42.599133" lon="1.933395">
<ele>2423.87</ele>
</trkpt>
<trkpt lat="42.598922" lon="1.933195">
<ele>2419.616</ele>
</trkpt>
<trkpt lat="42.598701" lon="1.933037">
<ele>2415.211</ele>
</trkpt>
<trkpt lat="42.598528" lon="1.932774">
<ele>2409.291</ele>
</trkpt>
<trkpt lat="42.598457" lon="1.93269">
<ele>2407.494</ele>
</trkpt>
<trkpt lat="42.598432" lon="1.93262">
<ele>2406.424</ele>
</trkpt>
<trkpt lat="42.598392" lon="1.932437">
<ele>2402.761</ele>
</trkpt>
<trkpt lat="42.598377" lon="1.932367">
<ele>2400.953</ele>
</trkpt>
<trkpt lat="42.598363" lon="1.93232">
<ele>2399.793</ele>
</trkpt>
<trkpt lat="42.598351" lon="1.932288">
<ele>2399.088</ele>
</trkpt>
<trkpt lat="42.598342" lon="1.932217">
<ele>2397.446</ele>
</trkpt>
<trkpt lat="42.598327" lon="1.932179">
<ele>2396.836</ele>
</trkpt>
<trkpt lat="42.5983" lon="1.93211">
<ele>2395.823</ele>
</trkpt>
<trkpt lat="42.59828" lon="1.932067">
<ele>2395.231</ele>
</trkpt>
<trkpt lat="42.598274" lon="1.932018">
<ele>2394.29</ele>
</trkpt>
<trkpt lat="42.598266" lon="1.931957">
<ele>2393.124</ele>
</trkpt>
<trkpt lat="42.598249" lon="1.931889">
<ele>2391.948</ele>
</trkpt>
<trkpt lat="42.598243" lon="1.931828">
<ele>2390.784</ele>
</trkpt>
<trkpt lat="42.598237" lon="1.931771">
<ele>2389.734</ele>
</trkpt>
<trkpt lat="42.598235" lon="1.93173">
<ele>2388.947</ele>
</trkpt>
<trkpt lat="42.598233" lon="1.931703">
<ele>2388.436</ele>
</trkpt>
<trkpt lat="42.598223" lon="1.931658">
<ele>2387.676</ele>
</trkpt>
<trkpt lat="42.598208" lon="1.931605">
<ele>2386.796</ele>
</trkpt>
<trkpt lat="42.598193" lon="1.931549">
<ele>2385.783</ele>
</trkpt>
<trkpt lat="42.598176" lon="1.931502">
<ele>2384.957</ele>
</trkpt>
<trkpt lat="42.598162" lon="1.931478">
<ele>2384.629</ele>
</trkpt>
<trkpt lat="42.59815" lon="1.931444">
<ele>2384.011</ele>
</trkpt>
<trkpt lat="42.598145" lon="1.931396">
<ele>2382.89</ele>
</trkpt>
<trkpt lat="42.598114" lon="1.931312">
<ele>2381.432</ele>
</trkpt>
<trkpt lat="42.598107" lon="1.931271">
<ele>2380.564</ele>
</trkpt>
<trkpt lat="42.598106" lon="1.931242">
<ele>2379.868</ele>
</trkpt>
<trkpt lat="42.598083" lon="1.931175">
<ele>2378.735</ele>
</trkpt>
<trkpt lat="42.598078" lon="1.931132">
<ele>2377.776</ele>
</trkpt>
<trkpt lat="42.598066" lon="1.931078">
<ele>2376.662</ele>
</trkpt>
<trkpt lat="42.598058" lon="1.931042">
<ele>2375.885</ele>
</trkpt>
<trkpt lat="42.598049" lon="1.930998">
<ele>2374.875</ele>
</trkpt>
<trkpt lat="42.598034" lon="1.930952">
<ele>2373.854</ele>
</trkpt>
<trkpt lat="42.598012" lon="1.930896">
<ele>2372.582</ele>
</trkpt>
<trkpt lat="42.597988" lon="1.930829">
<ele>2370.897</ele>
</trkpt>
<trkpt lat="42.597971" lon="1.930773">
<ele>2369.362</ele>
</trkpt>
<trkpt lat="42.597955" lon="1.930725">
<ele>2368.026</ele>
</trkpt>
<trkpt lat="42.597935" lon="1.930678">
<ele>2366.766</ele>
</trkpt>
<trkpt lat="42.59791" lon="1.930636">
<ele>2365.751</ele>
</trkpt>
<trkpt lat="42.597894" lon="1.930601">
<ele>2364.839</ele>
</trkpt>
<trkpt lat="42.597888" lon="1.930569">
<ele>2363.869</ele>
</trkpt>
<trkpt lat="42.597887" lon="1.930536">
<ele>2362.781</ele>
</trkpt>
<trkpt lat="42.597885" lon="1.930504">
<ele>2361.755</ele>
</trkpt>
<trkpt lat="42.597879" lon="1.93046">
<ele>2360.444</ele>
</trkpt>
<trkpt lat="42.597868" lon="1.930415">
<ele>2359.264</ele>
</trkpt>
<trkpt lat="42.597855" lon="1.930376">
<ele>2358.362</ele>
</trkpt>
<trkpt lat="42.59785" lon="1.930334">
<ele>2357.228</ele>
</trkpt>
<trkpt lat="42.597843" lon="1.930302">
<ele>2356.457</ele>
</trkpt>
<trkpt lat="42.597834" lon="1.930279">
<ele>2355.99</ele>
</trkpt>
<trkpt lat="42.597808" lon="1.93024">
<ele>2355.371</ele>
</trkpt>
<trkpt lat="42.59777" lon="1.930176">
<ele>2354.141</ele>
</trkpt>
<trkpt lat="42.597747" lon="1.930109">
<ele>2352.594</ele>
</trkpt>
<trkpt lat="42.597725" lon="1.930062">
<ele>2351.589</ele>
</trkpt>
<trkpt lat="42.597686" lon="1.92999">
<ele>2350.189</ele>
</trkpt>
<trkpt lat="42.597665" lon="1.929938">
<ele>2349.156</ele>
</trkpt>
<trkpt lat="42.597656" lon="1.929885">
<ele>2347.895</ele>
</trkpt>
<trkpt lat="42.597662" lon="1.929848">
<ele>2346.705</ele>
</trkpt>
<trkpt lat="42.597633" lon="1.929676">
<ele>2343.116</ele>
</trkpt>
<trkpt lat="42.597611" lon="1.929602">
<ele>2341.95</ele>
</trkpt>
<trkpt lat="42.597593" lon="1.929539">
<ele>2340.881</ele>
</trkpt>
<trkpt lat="42.597587" lon="1.929481">
<ele>2339.602</ele>
</trkpt>
<trkpt lat="42.597575" lon="1.929429">
<ele>2338.58</ele>
</trkpt>
<trkpt lat="42.597564" lon="1.929378">
<ele>2337.535</ele>
</trkpt>
<trkpt lat="42.597556" lon="1.929337">
<ele>2336.667</ele>
</trkpt>
<trkpt lat="42.597556" lon="1.929299">
<ele>2335.754</ele>
</trkpt>
<trkpt lat="42.597555" lon="1.929261">
<ele>2334.852</ele>
</trkpt>
<trkpt lat="42.597555" lon="1.929226">
<ele>2334.003</ele>
</trkpt>
<trkpt lat="42.597544" lon="1.929182">
<ele>2333.047</ele>
</trkpt>
<trkpt lat="42.597535" lon="1.92912">
<ele>2331.573</ele>
</trkpt>
<trkpt lat="42.59753" lon="1.929033">
<ele>2329.351</ele>
</trkpt>
<trkpt lat="42.597529" lon="1.92898">
<ele>2327.971</ele>
</trkpt>
<trkpt lat="42.59753" lon="1.928954">
<ele>2327.285</ele>
</trkpt>
<trkpt lat="42.59754" lon="1.928924">
<ele>2326.405</ele>
</trkpt>
<trkpt lat="42.597545" lon="1.92889">
<ele>2325.489</ele>
</trkpt>
<trkpt lat="42.597544" lon="1.928862">
<ele>2324.809</ele>
</trkpt>
<trkpt lat="42.597544" lon="1.928827">
<ele>2323.968</ele>
</trkpt>
<trkpt lat="42.597544" lon="1.928781">
<ele>2322.889</ele>
</trkpt>
<trkpt lat="42.597544" lon="1.92874">
<ele>2321.949</ele>
</trkpt>
<trkpt lat="42.597544" lon="1.928694">
<ele>2320.915</ele>
</trkpt>
<trkpt lat="42.597548" lon="1.928652">
<ele>2319.937</ele>
</trkpt>
<trkpt lat="42.59755" lon="1.928592">
<ele>2318.609</ele>
</trkpt>
<trkpt lat="42.59755" lon="1.928553">
<ele>2317.775</ele>
</trkpt>
<trkpt lat="42.597552" lon="1.928519">
<ele>2317.031</ele>
</trkpt>
<trkpt lat="42.597551" lon="1.928494">
<ele>2316.528</ele>
</trkpt>
<trkpt lat="42.597549" lon="1.928469">
<ele>2316.047</ele>
</trkpt>
<trkpt lat="42.597544" lon="1.928441">
<ele>2315.556</ele>
</trkpt>
<trkpt lat="42.597543" lon="1.928409">
<ele>2314.937</ele>
</trkpt>
<trkpt lat="42.597542" lon="1.928362">
<ele>2314.029</ele>
</trkpt>
<trkpt lat="42.597543" lon="1.928311">
<ele>2313.01</ele>
</trkpt>
<trkpt lat="42.597546" lon="1.928235">
<ele>2311.439</ele>
</trkpt>
<trkpt lat="42.597552" lon="1.928163">
<ele>2309.89</ele>
</trkpt>
<trkpt lat="42.597555" lon="1.928065">
<ele>2307.863</ele>
</trkpt>
<trkpt lat="42.597562" lon="1.927953">
<ele>2305.416</ele>
</trkpt>
<trkpt lat="42.597565" lon="1.927877">
<ele>2303.678</ele>
</trkpt>
<trkpt lat="42.597571" lon="1.927809">
<ele>2302.007</ele>
</trkpt>
<trkpt lat="42.597574" lon="1.927736">
<ele>2300.246</ele>
</trkpt>
<trkpt lat="42.597573" lon="1.927688">
<ele>2299.142</ele>
</trkpt>
<trkpt lat="42.597562" lon="1.927583">
<ele>2296.954</ele>
</trkpt>
<trkpt lat="42.597565" lon="1.927536">
<ele>2295.913</ele>
</trkpt>
<trkpt lat="42.597582" lon="1.927432">
<ele>2293.532</ele>
</trkpt>
<trkpt lat="42.597589" lon="1.927351">
<ele>2291.8</ele>
</trkpt>
<trkpt lat="42.597596" lon="1.927265">
<ele>2290.015</ele>
</trkpt>
<trkpt lat="42.597598" lon="1.927201">
<ele>2288.754</ele>
</trkpt>
<trkpt lat="42.597607" lon="1.927152">
<ele>2287.744</ele>
</trkpt>
<trkpt lat="42.597614" lon="1.927099">
<ele>2286.737</ele>
</trkpt>
<trkpt lat="42.597617" lon="1.927023">
<ele>2285.47</ele>
</trkpt>
<trkpt lat="42.597621" lon="1.926963">
<ele>2284.541</ele>
</trkpt>
<trkpt lat="42.597621" lon="1.926901">
<ele>2283.67</ele>
</trkpt>
<trkpt lat="42.597621" lon="1.926825">
<ele>2282.705</ele>
</trkpt>
<trkpt lat="42.597621" lon="1.926737">
<ele>2281.756</ele>
</trkpt>
<trkpt lat="42.59762" lon="1.926678">
<ele>2281.249</ele>
</trkpt>
<trkpt lat="42.597618" lon="1.926606">
<ele>2280.787</ele>
</trkpt>
<trkpt lat="42.597616" lon="1.926533">
<ele>2280.428</ele>
</trkpt>
<trkpt lat="42.597614" lon="1.92647">
<ele>2280.145</ele>
</trkpt>
<trkpt lat="42.597611" lon="1.926409">
<ele>2279.847</ele>
</trkpt>
<trkpt lat="42.597604" lon="1.926302">
<ele>2279.31</ele>
</trkpt>
<trkpt lat="42.597592" lon="1.926203">
<ele>2278.81</ele>
</trkpt>
<trkpt lat="42.597583" lon="1.92614">
<ele>2278.473</ele>
</trkpt>
<trkpt lat="42.597571" lon="1.926055">
<ele>2277.988</ele>
</trkpt>
<trkpt lat="42.597566" lon="1.925957">
<ele>2277.433</ele>
</trkpt>
<trkpt lat="42.597565" lon="1.925858">
<ele>2276.913</ele>
</trkpt>
<trkpt lat="42.597563" lon="1.925748">
<ele>2276.418</ele>
</trkpt>
<trkpt lat="42.597568" lon="1.92561">
<ele>2275.919</ele>
</trkpt>
<trkpt lat="42.597569" lon="1.925482">
<ele>2275.51</ele>
</trkpt>
<trkpt lat="42.597569" lon="1.925345">
<ele>2275.165</ele>
</trkpt>
<trkpt lat="42.597573" lon="1.925251">
<ele>2274.945</ele>
</trkpt>
<trkpt lat="42.597574" lon="1.925162">
<ele>2274.678</ele>
</trkpt>
<trkpt lat="42.597573" lon="1.925054">
<ele>2274.281</ele>
</trkpt>
<trkpt lat="42.597576" lon="1.924976">
<ele>2273.98</ele>
</trkpt>
<trkpt lat="42.59758" lon="1.924867">
<ele>2273.583</ele>
</trkpt>
<trkpt lat="42.597586" lon="1.924777">
<ele>2273.293</ele>
</trkpt>
<trkpt lat="42.597593" lon="1.924691">
<ele>2273.028</ele>
</trkpt>
<trkpt lat="42.597594" lon="1.92463">
<ele>2272.837</ele>
</trkpt>
<trkpt lat="42.597592" lon="1.924568">
<ele>2272.626</ele>
</trkpt>
<trkpt lat="42.597592" lon="1.924516">
<ele>2272.448</ele>
</trkpt>
<trkpt lat="42.597594" lon="1.924417">
<ele>2272.104</ele>
</trkpt>
<trkpt lat="42.597604" lon="1.924333">
<ele>2271.82</ele>
</trkpt>
<trkpt lat="42.59762" lon="1.924157">
<ele>2270.824</ele>
</trkpt>
<trkpt lat="42.597627" lon="1.92409">
<ele>2270.343</ele>
</trkpt>
<trkpt lat="42.597628" lon="1.924035">
<ele>2270.01</ele>
</trkpt>
<trkpt lat="42.597629" lon="1.924009">
<ele>2269.896</ele>
</trkpt>
<trkpt lat="42.597627" lon="1.923931">
<ele>2269.808</ele>
</trkpt>
<trkpt lat="42.597619" lon="1.923893">
<ele>2269.915</ele>
</trkpt>
<trkpt lat="42.5976" lon="1.923844">
<ele>2270.175</ele>
</trkpt>
<trkpt lat="42.597586" lon="1.923777">
<ele>2270.549</ele>
</trkpt>
<trkpt lat="42.597578" lon="1.923694">
<ele>2270.806</ele>
</trkpt>
<trkpt lat="42.597568" lon="1.92362">
<ele>2270.724</ele>
</trkpt>
<trkpt lat="42.597551" lon="1.923512">
<ele>2270.267</ele>
</trkpt>
<trkpt lat="42.597557" lon="1.92345">
<ele>2269.864</ele>
</trkpt>
<trkpt lat="42.597553" lon="1.923399">
<ele>2269.596</ele>
</trkpt>
<trkpt lat="42.597543" lon="1.923318">
<ele>2269.27</ele>
</trkpt>
<trkpt lat="42.59753" lon="1.923225">
<ele>2268.924</ele>
</trkpt>
<trkpt lat="42.597529" lon="1.923174">
<ele>2268.718</ele>
</trkpt>
<trkpt lat="42.597533" lon="1.923145">
<ele>2268.583</ele>
</trkpt>
<trkpt lat="42.597535" lon="1.9231">
<ele>2268.41</ele>
</trkpt>
<trkpt lat="42.597533" lon="1.92305">
<ele>2268.267</ele>
</trkpt>
<trkpt lat="42.597526" lon="1.922982">
<ele>2268.182</ele>
</trkpt>
<trkpt lat="42.597517" lon="1.922902">
<ele>2268.156</ele>
</trkpt>
<trkpt lat="42.597509" lon="1.922822">
<ele>2268.101</ele>
</trkpt>
<trkpt lat="42.597507" lon="1.92276">
<ele>2267.931</ele>
</trkpt>
<trkpt lat="42.597508" lon="1.922683">
<ele>2267.534</ele>
</trkpt>
<trkpt lat="42.597502" lon="1.922618">
<ele>2267.193</ele>
</trkpt>
<trkpt lat="42.597494" lon="1.922535">
<ele>2266.753</ele>
</trkpt>
<trkpt lat="42.597493" lon="1.922486">
<ele>2266.489</ele>
</trkpt>
<trkpt lat="42.597492" lon="1.922421">
<ele>2266.221</ele>
</trkpt>
<trkpt lat="42.597491" lon="1.922378">
<ele>2266.093</ele>
</trkpt>
<trkpt lat="42.59749" lon="1.922331">
<ele>2265.974</ele>
</trkpt>
<trkpt lat="42.597483" lon="1.922261">
<ele>2265.868</ele>
</trkpt>
<trkpt lat="42.597477" lon="1.922191">
<ele>2265.697</ele>
</trkpt>
<trkpt lat="42.597475" lon="1.922132">
<ele>2265.43</ele>
</trkpt>
<trkpt lat="42.597467" lon="1.922045">
<ele>2264.961</ele>
</trkpt>
<trkpt lat="42.597464" lon="1.921989">
<ele>2264.588</ele>
</trkpt>
<trkpt lat="42.597461" lon="1.921942">
<ele>2264.277</ele>
</trkpt>
<trkpt lat="42.597441" lon="1.921834">
<ele>2263.794</ele>
</trkpt>
<trkpt lat="42.597433" lon="1.921735">
<ele>2263.384</ele>
</trkpt>
<trkpt lat="42.597431" lon="1.921662">
<ele>2263.067</ele>
</trkpt>
<trkpt lat="42.597427" lon="1.921615">
<ele>2262.882</ele>
</trkpt>
<trkpt lat="42.597427" lon="1.921536">
<ele>2262.415</ele>
</trkpt>
<trkpt lat="42.59743" lon="1.921471">
<ele>2261.886</ele>
</trkpt>
<trkpt lat="42.597438" lon="1.921394">
<ele>2261.158</ele>
</trkpt>
<trkpt lat="42.597438" lon="1.921312">
<ele>2260.528</ele>
</trkpt>
<trkpt lat="42.597439" lon="1.921259">
<ele>2260.198</ele>
</trkpt>
<trkpt lat="42.59745" lon="1.921164">
<ele>2259.782</ele>
</trkpt>
<trkpt lat="42.597472" lon="1.921065">
<ele>2259.421</ele>
</trkpt>
<trkpt lat="42.597485" lon="1.92098">
<ele>2259.115</ele>
</trkpt>
<trkpt lat="42.597496" lon="1.920891">
<ele>2258.654</ele>
</trkpt>
<trkpt lat="42.597502" lon="1.92081">
<ele>2258.169</ele>
</trkpt>
<trkpt lat="42.597502" lon="1.920734">
<ele>2257.758</ele>
</trkpt>
<trkpt lat="42.5975" lon="1.920641">
<ele>2257.345</ele>
</trkpt>
<trkpt lat="42.5975" lon="1.920511">
<ele>2256.861</ele>
</trkpt>
<trkpt lat="42.597483" lon="1.920213">
<ele>2256.796</ele>
</trkpt>
<trkpt lat="42.597517" lon="1.920114">
<ele>2257.155</ele>
</trkpt>
<trkpt lat="42.59757" lon="1.919949">
<ele>2258.055</ele>
</trkpt>
<trkpt lat="42.597634" lon="1.919805">
<ele>2259.644</ele>
</trkpt>
<trkpt lat="42.597694" lon="1.919713">
<ele>2261.364</ele>
</trkpt>
<trkpt lat="42.597727" lon="1.91965">
<ele>2262.559</ele>
</trkpt>
<trkpt lat="42.597742" lon="1.919562">
<ele>2263.725</ele>
</trkpt>
<trkpt lat="42.597821" lon="1.919381">
<ele>2265.804</ele>
</trkpt>
<trkpt lat="42.597938" lon="1.919254">
<ele>2269.657</ele>
</trkpt>
<trkpt lat="42.597994" lon="1.919236">
<ele>2270.842</ele>
</trkpt>
<trkpt lat="42.598043" lon="1.91924">
<ele>2271.389</ele>
</trkpt>
<trkpt lat="42.598064" lon="1.9192">
<ele>2272.245</ele>
</trkpt>
<trkpt lat="42.598021" lon="1.919042">
<ele>2273.828</ele>
</trkpt>
<trkpt lat="42.598027" lon="1.918961">
<ele>2274.132</ele>
</trkpt>
<trkpt lat="42.598018" lon="1.918885">
<ele>2274.269</ele>
</trkpt>
<trkpt lat="42.597994" lon="1.918797">
<ele>2274.571</ele>
</trkpt>
<trkpt lat="42.597995" lon="1.918737">
<ele>2275.439</ele>
</trkpt>
<trkpt lat="42.59803" lon="1.918664">
<ele>2276.953</ele>
</trkpt>
<trkpt lat="42.598051" lon="1.918561">
<ele>2278.497</ele>
</trkpt>
<trkpt lat="42.598053" lon="1.918514">
<ele>2278.954</ele>
</trkpt>
<trkpt lat="42.59804" lon="1.918447">
<ele>2279.293</ele>
</trkpt>
<trkpt lat="42.598009" lon="1.918337">
<ele>2278.953</ele>
</trkpt>
<trkpt lat="42.598005" lon="1.918252">
<ele>2278.409</ele>
</trkpt>
<trkpt lat="42.59802" lon="1.918144">
<ele>2278.48</ele>
</trkpt>
<trkpt lat="42.598011" lon="1.917928">
<ele>2278.601</ele>
</trkpt>
<trkpt lat="42.598013" lon="1.917898">
<ele>2278.641</ele>
</trkpt>
<trkpt lat="42.598022" lon="1.917869">
<ele>2278.818</ele>
</trkpt>
<trkpt lat="42.598033" lon="1.917845">
<ele>2279.031</ele>
</trkpt>
<trkpt lat="42.598036" lon="1.917825">
<ele>2279.044</ele>
</trkpt>
<trkpt lat="42.598037" lon="1.917806">
<ele>2279.001</ele>
</trkpt>
<trkpt lat="42.598037" lon="1.917781">
<ele>2278.899</ele>
</trkpt>
<trkpt lat="42.598037" lon="1.917759">
<ele>2278.801</ele>
</trkpt>
<trkpt lat="42.598036" lon="1.917709">
<ele>2278.535</ele>
</trkpt>
<trkpt lat="42.598033" lon="1.917688">
<ele>2278.369</ele>
</trkpt>
<trkpt lat="42.598031" lon="1.917664">
<ele>2278.213</ele>
</trkpt>
<trkpt lat="42.598032" lon="1.917645">
<ele>2278.14</ele>
</trkpt>
<trkpt lat="42.598041" lon="1.9176">
<ele>2278.069</ele>
</trkpt>
<trkpt lat="42.598048" lon="1.917574">
<ele>2278.042</ele>
</trkpt>
<trkpt lat="42.59806" lon="1.917543">
<ele>2278.043</ele>
</trkpt>
<trkpt lat="42.59808" lon="1.917503">
<ele>2277.99</ele>
</trkpt>
<trkpt lat="42.598092" lon="1.917472">
<ele>2277.823</ele>
</trkpt>
<trkpt lat="42.598102" lon="1.91744">
<ele>2277.564</ele>
</trkpt>
<trkpt lat="42.598147" lon="1.917365">
<ele>2276.829</ele>
</trkpt>
<trkpt lat="42.598176" lon="1.917331">
<ele>2276.514</ele>
</trkpt>
<trkpt lat="42.598194" lon="1.917295">
<ele>2276.126</ele>
</trkpt>
<trkpt lat="42.598203" lon="1.917263">
<ele>2275.744</ele>
</trkpt>
<trkpt lat="42.598216" lon="1.917214">
<ele>2275.192</ele>
</trkpt>
<trkpt lat="42.598224" lon="1.917178">
<ele>2274.784</ele>
</trkpt>
<trkpt lat="42.598231" lon="1.917145">
<ele>2274.4</ele>
</trkpt>
<trkpt lat="42.598239" lon="1.917119">
<ele>2274.109</ele>
</trkpt>
<trkpt lat="42.598245" lon="1.9171">
<ele>2273.889</ele>
</trkpt>
<trkpt lat="42.598247" lon="1.917074">
<ele>2273.525</ele>
</trkpt>
<trkpt lat="42.598247" lon="1.917051">
<ele>2273.178</ele>
</trkpt>
<trkpt lat="42.598243" lon="1.917011">
<ele>2272.515</ele>
</trkpt>
<trkpt lat="42.598242" lon="1.916984">
<ele>2272.054</ele>
</trkpt>
<trkpt lat="42.598244" lon="1.91696">
<ele>2271.648</ele>
</trkpt>
<trkpt lat="42.598254" lon="1.916929">
<ele>2271.169</ele>
</trkpt>
<trkpt lat="42.598273" lon="1.916895">
<ele>2270.75</ele>
</trkpt>
<trkpt lat="42.598284" lon="1.916868">
<ele>2270.406</ele>
</trkpt>
<trkpt lat="42.598294" lon="1.916841">
<ele>2270.082</ele>
</trkpt>
<trkpt lat="42.5983" lon="1.916817">
<ele>2269.776</ele>
</trkpt>
<trkpt lat="42.598302" lon="1.916791">
<ele>2269.384</ele>
</trkpt>
<trkpt lat="42.598302" lon="1.916759">
<ele>2268.869</ele>
</trkpt>
<trkpt lat="42.598299" lon="1.91672">
<ele>2268.184</ele>
</trkpt>
<trkpt lat="42.5983" lon="1.916692">
<ele>2267.777</ele>
</trkpt>
<trkpt lat="42.598305" lon="1.916671">
<ele>2267.59</ele>
</trkpt>
<trkpt lat="42.598303" lon="1.916652">
<ele>2267.263</ele>
</trkpt>
<trkpt lat="42.598297" lon="1.916629">
<ele>2266.775</ele>
</trkpt>
<trkpt lat="42.598295" lon="1.916608">
<ele>2266.424</ele>
</trkpt>
<trkpt lat="42.598297" lon="1.916586">
<ele>2266.179</ele>
</trkpt>
<trkpt lat="42.598306" lon="1.916567">
<ele>2266.178</ele>
</trkpt>
<trkpt lat="42.598313" lon="1.916538">
<ele>2265.99</ele>
</trkpt>
<trkpt lat="42.598315" lon="1.916515">
<ele>2265.747</ele>
</trkpt>
<trkpt lat="42.598317" lon="1.916437">
<ele>2264.784</ele>
</trkpt>
<trkpt lat="42.598319" lon="1.916389">
<ele>2264.175</ele>
</trkpt>
<trkpt lat="42.598321" lon="1.916344">
<ele>2263.563</ele>
</trkpt>
<trkpt lat="42.598322" lon="1.916308">
<ele>2263.038</ele>
</trkpt>
<trkpt lat="42.59833" lon="1.916247">
<ele>2262.207</ele>
</trkpt>
<trkpt lat="42.598335" lon="1.916218">
<ele>2261.787</ele>
</trkpt>
<trkpt lat="42.598338" lon="1.916187">
<ele>2261.277</ele>
</trkpt>
<trkpt lat="42.598346" lon="1.916154">
<ele>2260.76</ele>
</trkpt>
<trkpt lat="42.598355" lon="1.916123">
<ele>2260.252</ele>
</trkpt>
<trkpt lat="42.598361" lon="1.916103">
<ele>2259.908</ele>
</trkpt>
<trkpt lat="42.598368" lon="1.91608">
<ele>2259.497</ele>
</trkpt>
<trkpt lat="42.598366" lon="1.916058">
<ele>2258.999</ele>
</trkpt>
<trkpt lat="42.598361" lon="1.916034">
<ele>2258.421</ele>
</trkpt>
<trkpt lat="42.598353" lon="1.916007">
<ele>2257.756</ele>
</trkpt>
<trkpt lat="42.598346" lon="1.915971">
<ele>2256.902</ele>
</trkpt>
<trkpt lat="42.598342" lon="1.915944">
<ele>2256.273</ele>
</trkpt>
<trkpt lat="42.598343" lon="1.915917">
<ele>2255.621</ele>
</trkpt>
<trkpt lat="42.598343" lon="1.915894">
<ele>2255.065</ele>
</trkpt>
<trkpt lat="42.598346" lon="1.915869">
<ele>2254.426</ele>
</trkpt>
<trkpt lat="42.598347" lon="1.915848">
<ele>2253.9</ele>
</trkpt>
<trkpt lat="42.598351" lon="1.915814">
<ele>2253.017</ele>
</trkpt>
<trkpt lat="42.598354" lon="1.915793">
<ele>2252.467</ele>
</trkpt>
<trkpt lat="42.598358" lon="1.915762">
<ele>2251.676</ele>
</trkpt>
<trkpt lat="42.598363" lon="1.915739">
<ele>2251.077</ele>
</trkpt>
<trkpt lat="42.598368" lon="1.91572">
<ele>2250.579</ele>
</trkpt>
<trkpt lat="42.598375" lon="1.915705">
<ele>2250.157</ele>
</trkpt>
<trkpt lat="42.598391" lon="1.915674">
<ele>2249.336</ele>
</trkpt>
<trkpt lat="42.598402" lon="1.91565">
<ele>2248.794</ele>
</trkpt>
<trkpt lat="42.598413" lon="1.915631">
<ele>2248.413</ele>
</trkpt>
<trkpt lat="42.59842" lon="1.915609">
<ele>2248.041</ele>
</trkpt>
<trkpt lat="42.598422" lon="1.915587">
<ele>2247.696</ele>
</trkpt>
<trkpt lat="42.598427" lon="1.915564">
<ele>2247.366</ele>
</trkpt>
<trkpt lat="42.598433" lon="1.915549">
<ele>2247.183</ele>
</trkpt>
<trkpt lat="42.598446" lon="1.915533">
<ele>2247.067</ele>
</trkpt>
<trkpt lat="42.598463" lon="1.91551">
<ele>2246.931</ele>
</trkpt>
<trkpt lat="42.598475" lon="1.915492">
<ele>2246.817</ele>
</trkpt>
<trkpt lat="42.598483" lon="1.915466">
<ele>2246.514</ele>
</trkpt>
<trkpt lat="42.598488" lon="1.915418">
<ele>2245.702</ele>
</trkpt>
<trkpt lat="42.598488" lon="1.915391">
<ele>2245.174</ele>
</trkpt>
<trkpt lat="42.59849" lon="1.915364">
<ele>2244.64</ele>
</trkpt>
<trkpt lat="42.598495" lon="1.915339">
<ele>2244.142</ele>
</trkpt>
<trkpt lat="42.598504" lon="1.915318">
<ele>2243.716</ele>
</trkpt>
<trkpt lat="42.598513" lon="1.915302">
<ele>2243.358</ele>
</trkpt>
<trkpt lat="42.598523" lon="1.91529">
<ele>2243.048</ele>
</trkpt>
<trkpt lat="42.598536" lon="1.915286">
<ele>2242.862</ele>
</trkpt>
<trkpt lat="42.598556" lon="1.91528">
<ele>2242.433</ele>
</trkpt>
<trkpt lat="42.598566" lon="1.915264">
<ele>2241.823</ele>
</trkpt>
<trkpt lat="42.598578" lon="1.915244">
<ele>2241.015</ele>
</trkpt>
<trkpt lat="42.598586" lon="1.915228">
<ele>2240.375</ele>
</trkpt>
<trkpt lat="42.598589" lon="1.915212">
<ele>2239.856</ele>
</trkpt>
<trkpt lat="42.598589" lon="1.915197">
<ele>2239.445</ele>
</trkpt>
<trkpt lat="42.598591" lon="1.915148">
<ele>2238.04</ele>
</trkpt>
<trkpt lat="42.598606" lon="1.91514">
<ele>2237.35</ele>
</trkpt>
<trkpt lat="42.59862" lon="1.915137">
<ele>2236.793</ele>
</trkpt>
<trkpt lat="42.598632" lon="1.915139">
<ele>2236.422</ele>
</trkpt>
<trkpt lat="42.598647" lon="1.915146">
<ele>2236.064</ele>
</trkpt>
<trkpt lat="42.598691" lon="1.915176">
<ele>2235.231</ele>
</trkpt>
<trkpt lat="42.598789" lon="1.915221">
<ele>2233.191</ele>
</trkpt>
<trkpt lat="42.598811" lon="1.91522">
<ele>2232.562</ele>
</trkpt>
<trkpt lat="42.598839" lon="1.91523">
<ele>2232.113</ele>
</trkpt>
<trkpt lat="42.598862" lon="1.915241">
<ele>2231.834</ele>
</trkpt>
<trkpt lat="42.598883" lon="1.915252">
<ele>2231.603</ele>
</trkpt>
<trkpt lat="42.598905" lon="1.915264">
<ele>2231.366</ele>
</trkpt>
<trkpt lat="42.598921" lon="1.915275">
<ele>2231.242</ele>
</trkpt>
<trkpt lat="42.598933" lon="1.915284">
<ele>2231.161</ele>
</trkpt>
<trkpt lat="42.598948" lon="1.915291">
<ele>2230.943</ele>
</trkpt>
<trkpt lat="42.598966" lon="1.915295">
<ele>2230.568</ele>
</trkpt>
<trkpt lat="42.598981" lon="1.915297">
<ele>2230.22</ele>
</trkpt>
<trkpt lat="42.599" lon="1.915298">
<ele>2229.74</ele>
</trkpt>
<trkpt lat="42.59902" lon="1.915297">
<ele>2229.187</ele>
</trkpt>
<trkpt lat="42.599039" lon="1.915309">
<ele>2228.953</ele>
</trkpt>
<trkpt lat="42.599057" lon="1.915327">
<ele>2228.875</ele>
</trkpt>
<trkpt lat="42.599077" lon="1.915338">
<ele>2228.586</ele>
</trkpt>
<trkpt lat="42.599094" lon="1.915342">
<ele>2228.226</ele>
</trkpt>
<trkpt lat="42.599109" lon="1.915349">
<ele>2227.984</ele>
</trkpt>
<trkpt lat="42.599126" lon="1.915364">
<ele>2227.86</ele>
</trkpt>
<trkpt lat="42.599136" lon="1.915376">
<ele>2227.853</ele>
</trkpt>
<trkpt lat="42.599166" lon="1.915409">
<ele>2227.762</ele>
</trkpt>
<trkpt lat="42.599186" lon="1.915427">
<ele>2227.615</ele>
</trkpt>
<trkpt lat="42.599211" lon="1.915447">
<ele>2227.371</ele>
</trkpt>
<trkpt lat="42.599224" lon="1.915458">
<ele>2227.248</ele>
</trkpt>
<trkpt lat="42.599238" lon="1.915469">
<ele>2227.096</ele>
</trkpt>
<trkpt lat="42.599248" lon="1.915476">
<ele>2226.974</ele>
</trkpt>
<trkpt lat="42.599262" lon="1.915485">
<ele>2226.795</ele>
</trkpt>
<trkpt lat="42.599272" lon="1.915497">
<ele>2226.774</ele>
</trkpt>
<trkpt lat="42.599282" lon="1.915507">
<ele>2226.725</ele>
</trkpt>
<trkpt lat="42.599297" lon="1.915515">
<ele>2226.54</ele>
</trkpt>
<trkpt lat="42.599307" lon="1.915512">
<ele>2226.268</ele>
</trkpt>
<trkpt lat="42.599317" lon="1.915508">
<ele>2225.978</ele>
</trkpt>
<trkpt lat="42.599346" lon="1.915508">
<ele>2225.369</ele>
</trkpt>
<trkpt lat="42.599363" lon="1.915506">
<ele>2224.974</ele>
</trkpt>
<trkpt lat="42.599375" lon="1.915505">
<ele>2224.704</ele>
</trkpt>
<trkpt lat="42.599388" lon="1.915507">
<ele>2224.48</ele>
</trkpt>
<trkpt lat="42.599399" lon="1.915507">
<ele>2224.252</ele>
</trkpt>
<trkpt lat="42.599426" lon="1.915517">
<ele>2223.924</ele>
</trkpt>
<trkpt lat="42.599445" lon="1.915529">
<ele>2223.808</ele>
</trkpt>
<trkpt lat="42.599458" lon="1.915544">
<ele>2223.888</ele>
</trkpt>
<trkpt lat="42.599484" lon="1.915563">
<ele>2223.711</ele>
</trkpt>
<trkpt lat="42.599504" lon="1.915578">
<ele>2223.536</ele>
</trkpt>
<trkpt lat="42.599513" lon="1.915588">
<ele>2223.532</ele>
</trkpt>
<trkpt lat="42.599551" lon="1.915616">
<ele>2223.142</ele>
</trkpt>
<trkpt lat="42.599636" lon="1.915656">
<ele>2222.004</ele>
</trkpt>
<trkpt lat="42.599679" lon="1.915688">
<ele>2222.069</ele>
</trkpt>
<trkpt lat="42.599695" lon="1.9157">
<ele>2222.152</ele>
</trkpt>
<trkpt lat="42.599722" lon="1.915716">
<ele>2222.238</ele>
</trkpt>
<trkpt lat="42.599737" lon="1.915721">
<ele>2222.233</ele>
</trkpt>
<trkpt lat="42.599768" lon="1.915713">
<ele>2222.013</ele>
</trkpt>
<trkpt lat="42.599784" lon="1.915707">
<ele>2221.919</ele>
</trkpt>
<trkpt lat="42.599805" lon="1.915701">
<ele>2221.862</ele>
</trkpt>
<trkpt lat="42.599833" lon="1.915681">
<ele>2221.729</ele>
</trkpt>
<trkpt lat="42.599855" lon="1.915637">
<ele>2221.48</ele>
</trkpt>
<trkpt lat="42.599872" lon="1.915609">
<ele>2221.422</ele>
</trkpt>
<trkpt lat="42.59988" lon="1.915589">
<ele>2221.382</ele>
</trkpt>
<trkpt lat="42.599891" lon="1.915561">
<ele>2221.357</ele>
</trkpt>
<trkpt lat="42.599896" lon="1.915542">
<ele>2221.339</ele>
</trkpt>
<trkpt lat="42.5999" lon="1.915517">
<ele>2221.314</ele>
</trkpt>
<trkpt lat="42.599903" lon="1.91549">
<ele>2221.302</ele>
</trkpt>
<trkpt lat="42.599907" lon="1.915468">
<ele>2221.326</ele>
</trkpt>
<trkpt lat="42.599913" lon="1.915449">
<ele>2221.387</ele>
</trkpt>
<trkpt lat="42.599924" lon="1.915422">
<ele>2221.52</ele>
</trkpt>
<trkpt lat="42.599939" lon="1.915397">
<ele>2221.705</ele>
</trkpt>
<trkpt lat="42.599955" lon="1.915375">
<ele>2221.9</ele>
</trkpt>
<trkpt lat="42.599971" lon="1.91535">
<ele>2222.117</ele>
</trkpt>
<trkpt lat="42.599987" lon="1.915323">
<ele>2222.36</ele>
</trkpt>
<trkpt lat="42.600003" lon="1.9153">
<ele>2222.593</ele>
</trkpt>
<trkpt lat="42.600016" lon="1.915273">
<ele>2222.859</ele>
</trkpt>
<trkpt lat="42.600032" lon="1.915242">
<ele>2223.198</ele>
</trkpt>
<trkpt lat="42.600046" lon="1.915219">
<ele>2223.483</ele>
</trkpt>
<trkpt lat="42.600055" lon="1.915192">
<ele>2223.786</ele>
</trkpt>
<trkpt lat="42.600058" lon="1.915149">
<ele>2224.186</ele>
</trkpt>
<trkpt lat="42.60006" lon="1.915116">
<ele>2224.469</ele>
</trkpt>
<trkpt lat="42.60006" lon="1.915088">
<ele>2224.67</ele>
</trkpt>
<trkpt lat="42.600059" lon="1.91505">
<ele>2224.898</ele>
</trkpt>
<trkpt lat="42.600059" lon="1.915002">
<ele>2225.172</ele>
</trkpt>
<trkpt lat="42.600058" lon="1.914965">
<ele>2225.364</ele>
</trkpt>
<trkpt lat="42.600065" lon="1.914942">
<ele>2225.616</ele>
</trkpt>
<trkpt lat="42.600081" lon="1.914942">
<ele>2225.875</ele>
</trkpt>
<trkpt lat="42.6001" lon="1.914947">
<ele>2226.121</ele>
</trkpt>
<trkpt lat="42.600114" lon="1.914958">
<ele>2226.225</ele>
</trkpt>
<trkpt lat="42.600129" lon="1.914966">
<ele>2226.341</ele>
</trkpt>
<trkpt lat="42.600142" lon="1.914963">
<ele>2226.5</ele>
</trkpt>
<trkpt lat="42.600158" lon="1.914951">
<ele>2226.74</ele>
</trkpt>
<trkpt lat="42.600173" lon="1.914934">
<ele>2226.986</ele>
</trkpt>
<trkpt lat="42.600182" lon="1.914909">
<ele>2227.231</ele>
</trkpt>
<trkpt lat="42.600184" lon="1.914883">
<ele>2227.439</ele>
</trkpt>
<trkpt lat="42.600186" lon="1.914853">
<ele>2227.69</ele>
</trkpt>
<trkpt lat="42.600189" lon="1.914823">
<ele>2227.962</ele>
</trkpt>
<trkpt lat="42.60019" lon="1.914785">
<ele>2228.336</ele>
</trkpt>
<trkpt lat="42.600191" lon="1.914752">
<ele>2228.688</ele>
</trkpt>
<trkpt lat="42.600191" lon="1.914707">
<ele>2229.2</ele>
</trkpt>
<trkpt lat="42.600194" lon="1.914682">
<ele>2229.488</ele>
</trkpt>
<trkpt lat="42.600209" lon="1.914661">
<ele>2229.679</ele>
</trkpt>
<trkpt lat="42.600215" lon="1.91463">
<ele>2230.0</ele>
</trkpt>
<trkpt lat="42.600215" lon="1.914602">
<ele>2230.322</ele>
</trkpt>
<trkpt lat="42.600215" lon="1.914553">
<ele>2230.893</ele>
</trkpt>
<trkpt lat="42.600214" lon="1.914516">
<ele>2231.334</ele>
</trkpt>
<trkpt lat="42.600212" lon="1.914481">
<ele>2231.757</ele>
</trkpt>
<trkpt lat="42.60021" lon="1.914443">
<ele>2232.222</ele>
</trkpt>
<trkpt lat="42.600212" lon="1.914386">
<ele>2232.929</ele>
</trkpt>
<trkpt lat="42.60021" lon="1.914339">
<ele>2233.516</ele>
</trkpt>
<trkpt lat="42.600206" lon="1.914302">
<ele>2233.94</ele>
</trkpt>
<trkpt lat="42.600201" lon="1.914248">
<ele>2234.519</ele>
</trkpt>
<trkpt lat="42.600194" lon="1.914196">
<ele>2234.985</ele>
</trkpt>
<trkpt lat="42.600185" lon="1.914166">
<ele>2235.136</ele>
</trkpt>
<trkpt lat="42.600178" lon="1.914125">
<ele>2235.449</ele>
</trkpt>
<trkpt lat="42.600179" lon="1.914082">
<ele>2235.985</ele>
</trkpt>
<trkpt lat="42.600172" lon="1.914038">
<ele>2236.296</ele>
</trkpt>
<trkpt lat="42.600162" lon="1.914008">
<ele>2236.315</ele>
</trkpt>
<trkpt lat="42.600154" lon="1.913986">
<ele>2236.281</ele>
</trkpt>
<trkpt lat="42.600154" lon="1.913972">
<ele>2236.416</ele>
</trkpt>
<trkpt lat="42.60016" lon="1.913952">
<ele>2236.806</ele>
</trkpt>
<trkpt lat="42.600162" lon="1.913929">
<ele>2237.083</ele>
</trkpt>
<trkpt lat="42.600162" lon="1.913896">
<ele>2237.357</ele>
</trkpt>
<trkpt lat="42.600158" lon="1.913865">
<ele>2237.451</ele>
</trkpt>
<trkpt lat="42.60015" lon="1.91384">
<ele>2237.365</ele>
</trkpt>
<trkpt lat="42.600139" lon="1.913811">
<ele>2237.229</ele>
</trkpt>
<trkpt lat="42.600121" lon="1.913789">
<ele>2236.865</ele>
</trkpt>
<trkpt lat="42.600102" lon="1.913773">
<ele>2236.465</ele>
</trkpt>
<trkpt lat="42.600086" lon="1.913753">
<ele>2236.243</ele>
</trkpt>
<trkpt lat="42.600079" lon="1.913733">
<ele>2236.296</ele>
</trkpt>
<trkpt lat="42.600074" lon="1.913711">
<ele>2236.441</ele>
</trkpt>
<trkpt lat="42.600071" lon="1.913688">
<ele>2236.648</ele>
</trkpt>
<trkpt lat="42.600069" lon="1.913659">
<ele>2236.936</ele>
</trkpt>
<trkpt lat="42.600069" lon="1.913629">
<ele>2237.238</ele>
</trkpt>
<trkpt lat="42.600066" lon="1.91358">
<ele>2237.578</ele>
</trkpt>
<trkpt lat="42.600057" lon="1.913534">
<ele>2237.72</ele>
</trkpt>
<trkpt lat="42.600049" lon="1.913508">
<ele>2237.748</ele>
</trkpt>
<trkpt lat="42.600035" lon="1.913458">
<ele>2237.801</ele>
</trkpt>
<trkpt lat="42.600026" lon="1.913419">
<ele>2237.857</ele>
</trkpt>
<trkpt lat="42.600023" lon="1.913391">
<ele>2237.92</ele>
</trkpt>
<trkpt lat="42.600019" lon="1.913352">
<ele>2238.024</ele>
</trkpt>
<trkpt lat="42.600017" lon="1.913302">
<ele>2238.216</ele>
</trkpt>
<trkpt lat="42.600016" lon="1.913261">
<ele>2238.43</ele>
</trkpt>
<trkpt lat="42.600015" lon="1.913236">
<ele>2238.578</ele>
</trkpt>
<trkpt lat="42.60001" lon="1.913172">
<ele>2238.987</ele>
</trkpt>
<trkpt lat="42.600009" lon="1.913127">
<ele>2239.282</ele>
</trkpt>
<trkpt lat="42.600011" lon="1.913092">
<ele>2239.501</ele>
</trkpt>
<trkpt lat="42.600019" lon="1.913061">
<ele>2239.685</ele>
</trkpt>
<trkpt lat="42.600035" lon="1.91302">
<ele>2239.913</ele>
</trkpt>
<trkpt lat="42.600047" lon="1.912955">
<ele>2240.213</ele>
</trkpt>
<trkpt lat="42.600052" lon="1.912925">
<ele>2240.356</ele>
</trkpt>
<trkpt lat="42.600064" lon="1.91289">
<ele>2240.584</ele>
</trkpt>
<trkpt lat="42.600075" lon="1.912869">
<ele>2240.775</ele>
</trkpt>
<trkpt lat="42.600109" lon="1.912793">
<ele>2241.519</ele>
</trkpt>
<trkpt lat="42.600132" lon="1.912772">
<ele>2241.808</ele>
</trkpt>
<trkpt lat="42.600149" lon="1.912768">
<ele>2241.919</ele>
</trkpt>
<trkpt lat="42.600165" lon="1.912753">
<ele>2242.03</ele>
</trkpt>
<trkpt lat="42.600179" lon="1.91273">
<ele>2242.125</ele>
</trkpt>
<trkpt lat="42.600212" lon="1.912651">
<ele>2242.189</ele>
</trkpt>
<trkpt lat="42.600225" lon="1.912618">
<ele>2242.145</ele>
</trkpt>
<trkpt lat="42.600248" lon="1.91259">
<ele>2242.092</ele>
</trkpt>
<trkpt lat="42.600274" lon="1.912566">
<ele>2242.068</ele>
</trkpt>
<trkpt lat="42.600308" lon="1.912535">
<ele>2242.11</ele>
</trkpt>
<trkpt lat="42.600342" lon="1.912511">
<ele>2242.213</ele>
</trkpt>
<trkpt lat="42.600358" lon="1.912477">
<ele>2242.208</ele>
</trkpt>
<trkpt lat="42.600368" lon="1.91245">
<ele>2242.17</ele>
</trkpt>
<trkpt lat="42.600377" lon="1.912433">
<ele>2242.135</ele>
</trkpt>
<trkpt lat="42.600388" lon="1.912429">
<ele>2242.129</ele>
</trkpt>
<trkpt lat="42.60041" lon="1.912423">
<ele>2242.113</ele>
</trkpt>
<trkpt lat="42.600474" lon="1.912375">
<ele>2241.935</ele>
</trkpt>
<trkpt lat="42.600523" lon="1.912339">
<ele>2241.908</ele>
</trkpt>
<trkpt lat="42.600576" lon="1.912289">
<ele>2242.068</ele>
</trkpt>
<trkpt lat="42.600631" lon="1.912218">
<ele>2242.349</ele>
</trkpt>
<trkpt lat="42.600651" lon="1.912178">
<ele>2242.397</ele>
</trkpt>
<trkpt lat="42.600657" lon="1.912125">
<ele>2242.152</ele>
</trkpt>
<trkpt lat="42.600666" lon="1.912075">
<ele>2241.905</ele>
</trkpt>
<trkpt lat="42.600667" lon="1.91202">
<ele>2241.438</ele>
</trkpt>
<trkpt lat="42.600661" lon="1.911966">
<ele>2240.858</ele>
</trkpt>
<trkpt lat="42.600664" lon="1.911937">
<ele>2240.599</ele>
</trkpt>
<trkpt lat="42.600685" lon="1.911914">
<ele>2240.558</ele>
</trkpt>
<trkpt lat="42.600725" lon="1.911886">
<ele>2240.557</ele>
</trkpt>
<trkpt lat="42.600742" lon="1.911863">
<ele>2240.383</ele>
</trkpt>
<trkpt lat="42.600759" lon="1.911827">
<ele>2240.019</ele>
</trkpt>
<trkpt lat="42.600773" lon="1.911794">
<ele>2239.661</ele>
</trkpt>
<trkpt lat="42.60078" lon="1.911761">
<ele>2239.267</ele>
</trkpt>
<trkpt lat="42.60078" lon="1.911709">
<ele>2238.605</ele>
</trkpt>
<trkpt lat="42.600777" lon="1.911679">
<ele>2238.218</ele>
</trkpt>
<trkpt lat="42.600782" lon="1.911649">
<ele>2237.857</ele>
</trkpt>
<trkpt lat="42.600808" lon="1.911635">
<ele>2237.723</ele>
</trkpt>
<trkpt lat="42.600841" lon="1.91163">
<ele>2237.643</ele>
</trkpt>
<trkpt lat="42.600866" lon="1.911629">
<ele>2237.577</ele>
</trkpt>
<trkpt lat="42.600876" lon="1.911605">
<ele>2237.155</ele>
</trkpt>
<trkpt lat="42.600882" lon="1.911564">
<ele>2236.443</ele>
</trkpt>
<trkpt lat="42.600893" lon="1.911529">
<ele>2235.783</ele>
</trkpt>
<trkpt lat="42.600902" lon="1.911488">
<ele>2235.043</ele>
</trkpt>
<trkpt lat="42.600919" lon="1.911471">
<ele>2234.643</ele>
</trkpt>
<trkpt lat="42.600935" lon="1.911438">
<ele>2234.06</ele>
</trkpt>
<trkpt lat="42.60096" lon="1.911385">
<ele>2233.319</ele>
</trkpt>
<trkpt lat="42.600975" lon="1.911352">
<ele>2232.996</ele>
</trkpt>
<trkpt lat="42.600982" lon="1.911323">
<ele>2232.785</ele>
</trkpt>
<trkpt lat="42.600987" lon="1.911285">
<ele>2232.562</ele>
</trkpt>
<trkpt lat="42.600992" lon="1.911242">
<ele>2232.36</ele>
</trkpt>
<trkpt lat="42.601004" lon="1.911175">
<ele>2232.122</ele>
</trkpt>
<trkpt lat="42.601012" lon="1.911132">
<ele>2231.971</ele>
</trkpt>
<trkpt lat="42.601028" lon="1.911104">
<ele>2231.932</ele>
</trkpt>
<trkpt lat="42.60104" lon="1.91107">
<ele>2231.84</ele>
</trkpt>
<trkpt lat="42.601055" lon="1.911028">
<ele>2231.754</ele>
</trkpt>
<trkpt lat="42.601064" lon="1.910985">
<ele>2231.663</ele>
</trkpt>
<trkpt lat="42.601072" lon="1.910941">
<ele>2231.617</ele>
</trkpt>
<trkpt lat="42.60109" lon="1.910882">
<ele>2231.734</ele>
</trkpt>
<trkpt lat="42.601104" lon="1.910812">
<ele>2231.934</ele>
</trkpt>
<trkpt lat="42.60111" lon="1.91076">
<ele>2232.107</ele>
</trkpt>
<trkpt lat="42.601054" lon="1.910679">
<ele>2232.283</ele>
</trkpt>
<trkpt lat="42.601044" lon="1.910651">
<ele>2232.5</ele>
</trkpt>
<trkpt lat="42.601048" lon="1.910617">
<ele>2232.79</ele>
</trkpt>
<trkpt lat="42.601061" lon="1.910571">
<ele>2233.09</ele>
</trkpt>
<trkpt lat="42.601086" lon="1.910533">
<ele>2233.152</ele>
</trkpt>
<trkpt lat="42.601127" lon="1.910453">
<ele>2233.189</ele>
</trkpt>
<trkpt lat="42.60115" lon="1.910407">
<ele>2233.223</ele>
</trkpt>
<trkpt lat="42.601155" lon="1.91037">
<ele>2233.365</ele>
</trkpt>
<trkpt lat="42.601163" lon="1.910335">
<ele>2233.475</ele>
</trkpt>
<trkpt lat="42.60118" lon="1.910284">
<ele>2233.59</ele>
</trkpt>
<trkpt lat="42.601201" lon="1.910245">
<ele>2233.611</ele>
</trkpt>
<trkpt lat="42.601214" lon="1.9102">
<ele>2233.664</ele>
</trkpt>
<trkpt lat="42.601221" lon="1.910156">
<ele>2233.729</ele>
</trkpt>
<trkpt lat="42.601226" lon="1.910112">
<ele>2233.793</ele>
</trkpt>
<trkpt lat="42.601233" lon="1.910041">
<ele>2233.887</ele>
</trkpt>
<trkpt lat="42.601242" lon="1.909929">
<ele>2234.03</ele>
</trkpt>
<trkpt lat="42.601247" lon="1.909877">
<ele>2234.073</ele>
</trkpt>
<trkpt lat="42.601251" lon="1.909804">
<ele>2234.096</ele>
</trkpt>
<trkpt lat="42.601264" lon="1.90975">
<ele>2234.072</ele>
</trkpt>
<trkpt lat="42.601288" lon="1.909712">
<ele>2234.035</ele>
</trkpt>
<trkpt lat="42.601314" lon="1.909667">
<ele>2234.11</ele>
</trkpt>
<trkpt lat="42.601338" lon="1.909644">
<ele>2234.193</ele>
</trkpt>
<trkpt lat="42.601365" lon="1.90962">
<ele>2234.361</ele>
</trkpt>
<trkpt lat="42.601397" lon="1.909611">
<ele>2234.474</ele>
</trkpt>
<trkpt lat="42.601421" lon="1.909589">
<ele>2234.775</ele>
</trkpt>
<trkpt lat="42.601447" lon="1.909585">
<ele>2234.953</ele>
</trkpt>
<trkpt lat="42.601478" lon="1.909577">
<ele>2235.289</ele>
</trkpt>
<trkpt lat="42.601476" lon="1.909563">
<ele>2235.472</ele>
</trkpt>
<trkpt lat="42.601521" lon="1.90952">
<ele>2236.504</ele>
</trkpt>
<trkpt lat="42.601536" lon="1.909475">
<ele>2237.32</ele>
</trkpt>
<trkpt lat="42.601569" lon="1.90942">
<ele>2238.293</ele>
</trkpt>
<trkpt lat="42.601594" lon="1.909368">
<ele>2239.024</ele>
</trkpt>
<trkpt lat="42.601625" lon="1.909313">
<ele>2239.634</ele>
</trkpt>
<trkpt lat="42.601645" lon="1.909269">
<ele>2240.045</ele>
</trkpt>
<trkpt lat="42.601665" lon="1.909215">
<ele>2240.51</ele>
</trkpt>
<trkpt lat="42.601673" lon="1.909182">
<ele>2240.793</ele>
</trkpt>
<trkpt lat="42.601701" lon="1.909143">
<ele>2240.968</ele>
</trkpt>
<trkpt lat="42.601721" lon="1.909124">
<ele>2240.967</ele>
</trkpt>
<trkpt lat="42.601739" lon="1.909102">
<ele>2240.985</ele>
</trkpt>
<trkpt lat="42.601751" lon="1.909073">
<ele>2241.108</ele>
</trkpt>
<trkpt lat="42.601757" lon="1.909034">
<ele>2241.367</ele>
</trkpt>
<trkpt lat="42.60176" lon="1.908995">
<ele>2241.647</ele>
</trkpt>
<trkpt lat="42.601763" lon="1.908957">
<ele>2241.9</ele>
</trkpt>
<trkpt lat="42.601774" lon="1.90893">
<ele>2241.972</ele>
</trkpt>
<trkpt lat="42.601788" lon="1.908906">
<ele>2241.992</ele>
</trkpt>
<trkpt lat="42.60182" lon="1.908862">
<ele>2242.001</ele>
</trkpt>
<trkpt lat="42.601847" lon="1.908826">
<ele>2242.072</ele>
</trkpt>
<trkpt lat="42.60187" lon="1.908794">
<ele>2242.216</ele>
</trkpt>
<trkpt lat="42.601903" lon="1.908764">
<ele>2242.414</ele>
</trkpt>
<trkpt lat="42.601941" lon="1.908745">
<ele>2242.63</ele>
</trkpt>
<trkpt lat="42.601984" lon="1.908726">
<ele>2242.924</ele>
</trkpt>
<trkpt lat="42.602022" lon="1.908711">
<ele>2243.165</ele>
</trkpt>
<trkpt lat="42.602064" lon="1.908693">
<ele>2243.368</ele>
</trkpt>
<trkpt lat="42.6021" lon="1.908671">
<ele>2243.486</ele>
</trkpt>
<trkpt lat="42.602129" lon="1.90865">
<ele>2243.524</ele>
</trkpt>
<trkpt lat="42.602162" lon="1.908622">
<ele>2243.546</ele>
</trkpt>
<trkpt lat="42.602192" lon="1.908599">
<ele>2243.524</ele>
</trkpt>
<trkpt lat="42.60221" lon="1.908571">
<ele>2243.674</ele>
</trkpt>
<trkpt lat="42.602227" lon="1.908554">
<ele>2243.73</ele>
</trkpt>
<trkpt lat="42.602252" lon="1.908535">
<ele>2243.777</ele>
</trkpt>
<trkpt lat="42.602265" lon="1.908503">
<ele>2244.083</ele>
</trkpt>
<trkpt lat="42.602291" lon="1.908465">
<ele>2244.431</ele>
</trkpt>
<trkpt lat="42.602311" lon="1.908437">
<ele>2244.712</ele>
</trkpt>
<trkpt lat="42.602341" lon="1.908417">
<ele>2244.894</ele>
</trkpt>
<trkpt lat="42.602367" lon="1.908404">
<ele>2245.013</ele>
</trkpt>
<trkpt lat="42.602401" lon="1.908385">
<ele>2245.197</ele>
</trkpt>
<trkpt lat="42.602436" lon="1.908367">
<ele>2245.362</ele>
</trkpt>
<trkpt lat="42.602485" lon="1.908343">
<ele>2245.551</ele>
</trkpt>
<trkpt lat="42.602531" lon="1.908314">
<ele>2245.742</ele>
</trkpt>
<trkpt lat="42.602582" lon="1.908283">
<ele>2245.919</ele>
</trkpt>
<trkpt lat="42.602628" lon="1.908236">
<ele>2246.27</ele>
</trkpt>
<trkpt lat="42.602667" lon="1.908194">
<ele>2246.666</ele>
</trkpt>
<trkpt lat="42.602706" lon="1.908165">
<ele>2247.026</ele>
</trkpt>
<trkpt lat="42.602748" lon="1.908133">
<ele>2247.518</ele>
</trkpt>
<trkpt lat="42.602792" lon="1.908116">
<ele>2247.957</ele>
</trkpt>
<trkpt lat="42.602822" lon="1.908112">
<ele>2248.222</ele>
</trkpt>
<trkpt lat="42.602852" lon="1.908117">
<ele>2248.366</ele>
</trkpt>
<trkpt lat="42.602884" lon="1.908111">
<ele>2248.679</ele>
</trkpt>
<trkpt lat="42.602919" lon="1.908099">
<ele>2249.058</ele>
</trkpt>
<trkpt lat="42.602953" lon="1.908079">
<ele>2249.459</ele>
</trkpt>
<trkpt lat="42.602994" lon="1.908051">
<ele>2249.757</ele>
</trkpt>
<trkpt lat="42.603018" lon="1.908017">
<ele>2249.99</ele>
</trkpt>
<trkpt lat="42.603034" lon="1.907976">
<ele>2250.26</ele>
</trkpt>
<trkpt lat="42.603053" lon="1.907961">
<ele>2250.198</ele>
</trkpt>
<trkpt lat="42.603078" lon="1.907934">
<ele>2250.163</ele>
</trkpt>
<trkpt lat="42.603119" lon="1.907901">
<ele>2250.034</ele>
</trkpt>
<trkpt lat="42.603145" lon="1.907879">
<ele>2250.026</ele>
</trkpt>
<trkpt lat="42.603176" lon="1.907852">
<ele>2250.123</ele>
</trkpt>
<trkpt lat="42.603203" lon="1.907825">
<ele>2250.346</ele>
</trkpt>
<trkpt lat="42.603246" lon="1.907793">
<ele>2250.735</ele>
</trkpt>
<trkpt lat="42.603289" lon="1.907755">
<ele>2251.297</ele>
</trkpt>
<trkpt lat="42.603315" lon="1.907728">
<ele>2251.708</ele>
</trkpt>
<trkpt lat="42.603342" lon="1.907705">
<ele>2252.072</ele>
</trkpt>
<trkpt lat="42.603371" lon="1.907682">
<ele>2252.427</ele>
</trkpt>
<trkpt lat="42.603407" lon="1.907644">
<ele>2252.943</ele>
</trkpt>
<trkpt lat="42.603438" lon="1.907602">
<ele>2253.458</ele>
</trkpt>
<trkpt lat="42.603479" lon="1.907568">
<ele>2253.8</ele>
</trkpt>
<trkpt lat="42.603499" lon="1.907555">
<ele>2253.901</ele>
</trkpt>
<trkpt lat="42.603526" lon="1.907552">
<ele>2253.847</ele>
</trkpt>
<trkpt lat="42.603558" lon="1.907539">
<ele>2253.901</ele>
</trkpt>
<trkpt lat="42.603584" lon="1.907533">
<ele>2253.903</ele>
</trkpt>
<trkpt lat="42.603612" lon="1.907502">
<ele>2254.244</ele>
</trkpt>
<trkpt lat="42.603648" lon="1.907448">
<ele>2254.998</ele>
</trkpt>
<trkpt lat="42.603676" lon="1.907413">
<ele>2255.61</ele>
</trkpt>
<trkpt lat="42.603713" lon="1.90739">
<ele>2256.138</ele>
</trkpt>
<trkpt lat="42.603749" lon="1.907382">
<ele>2256.451</ele>
</trkpt>
<trkpt lat="42.603816" lon="1.907362">
<ele>2257.142</ele>
</trkpt>
<trkpt lat="42.603864" lon="1.907325">
<ele>2257.975</ele>
</trkpt>
<trkpt lat="42.603898" lon="1.907292">
<ele>2258.632</ele>
</trkpt>
<trkpt lat="42.603941" lon="1.907274">
<ele>2259.049</ele>
</trkpt>
<trkpt lat="42.60397" lon="1.90727">
<ele>2259.204</ele>
</trkpt>
<trkpt lat="42.604002" lon="1.907279">
<ele>2259.168</ele>
</trkpt>
<trkpt lat="42.604056" lon="1.907287">
<ele>2259.326</ele>
</trkpt>
<trkpt lat="42.604094" lon="1.907291">
<ele>2259.589</ele>
</trkpt>
<trkpt lat="42.60413" lon="1.907288">
<ele>2260.043</ele>
</trkpt>
<trkpt lat="42.604156" lon="1.907285">
<ele>2260.419</ele>
</trkpt>
<trkpt lat="42.604186" lon="1.907276">
<ele>2260.962</ele>
</trkpt>
<trkpt lat="42.604213" lon="1.907258">
<ele>2261.59</ele>
</trkpt>
<trkpt lat="42.604246" lon="1.90726">
<ele>2262.095</ele>
</trkpt>
<trkpt lat="42.604288" lon="1.90727">
<ele>2262.773</ele>
</trkpt>
<trkpt lat="42.604327" lon="1.907275">
<ele>2263.563</ele>
</trkpt>
<trkpt lat="42.604374" lon="1.907275">
<ele>2264.847</ele>
</trkpt>
<trkpt lat="42.604399" lon="1.907258">
<ele>2265.916</ele>
</trkpt>
<trkpt lat="42.604432" lon="1.907269">
<ele>2266.778</ele>
</trkpt>
<trkpt lat="42.604476" lon="1.907301">
<ele>2267.258</ele>
</trkpt>
<trkpt lat="42.604526" lon="1.907314">
<ele>2267.98</ele>
</trkpt>
<trkpt lat="42.604582" lon="1.907294">
<ele>2269.495</ele>
</trkpt>
<trkpt lat="42.604636" lon="1.907262">
<ele>2271.06</ele>
</trkpt>
<trkpt lat="42.604666" lon="1.907225">
<ele>2272.355</ele>
</trkpt>
<trkpt lat="42.604675" lon="1.907195">
<ele>2273.231</ele>
</trkpt>
<trkpt lat="42.604678" lon="1.907169">
<ele>2273.92</ele>
</trkpt>
<trkpt lat="42.604687" lon="1.907154">
<ele>2274.326</ele>
</trkpt>
<trkpt lat="42.604725" lon="1.907129">
<ele>2275.095</ele>
</trkpt>
<trkpt lat="42.604762" lon="1.907097">
<ele>2276.119</ele>
</trkpt>
<trkpt lat="42.604807" lon="1.907062">
<ele>2277.407</ele>
</trkpt>
<trkpt lat="42.604813" lon="1.907051">
<ele>2277.727</ele>
</trkpt>
<trkpt lat="42.604863" lon="1.907026">
<ele>2278.886</ele>
</trkpt>
<trkpt lat="42.604901" lon="1.907004">
<ele>2279.839</ele>
</trkpt>
<trkpt lat="42.604933" lon="1.90699">
<ele>2280.537</ele>
</trkpt>
<trkpt lat="42.604981" lon="1.906975">
<ele>2281.458</ele>
</trkpt>
<trkpt lat="42.605031" lon="1.906946">
<ele>2282.74</ele>
</trkpt>
<trkpt lat="42.605077" lon="1.906921">
<ele>2283.894</ele>
</trkpt>
<trkpt lat="42.605123" lon="1.906903">
<ele>2284.916</ele>
</trkpt>
<trkpt lat="42.60517" lon="1.906887">
<ele>2285.943</ele>
</trkpt>
<trkpt lat="42.605211" lon="1.906865">
<ele>2287.07</ele>
</trkpt>
<trkpt lat="42.605246" lon="1.906849">
<ele>2287.934</ele>
</trkpt>
<trkpt lat="42.605306" lon="1.906801">
<ele>2289.784</ele>
</trkpt>
<trkpt lat="42.605365" lon="1.906762">
<ele>2291.409</ele>
</trkpt>
<trkpt lat="42.605399" lon="1.906743">
<ele>2292.349</ele>
</trkpt>
<trkpt lat="42.605452" lon="1.906709">
<ele>2294.125</ele>
</trkpt>
<trkpt lat="42.605486" lon="1.906691">
<ele>2295.236</ele>
</trkpt>
<trkpt lat="42.605518" lon="1.906674">
<ele>2296.295</ele>
</trkpt>
<trkpt lat="42.605558" lon="1.906667">
<ele>2297.227</ele>
</trkpt>
<trkpt lat="42.605586" lon="1.906657">
<ele>2298.022</ele>
</trkpt>
<trkpt lat="42.605608" lon="1.906639">
<ele>2298.902</ele>
</trkpt>
<trkpt lat="42.605609" lon="1.906594">
<ele>2300.065</ele>
</trkpt>
<trkpt lat="42.605584" lon="1.906554">
<ele>2300.701</ele>
</trkpt>
<trkpt lat="42.605557" lon="1.906525">
<ele>2301.102</ele>
</trkpt>
<trkpt lat="42.605532" lon="1.906514">
<ele>2301.078</ele>
</trkpt>
<trkpt lat="42.605516" lon="1.906474">
<ele>2301.996</ele>
</trkpt>
<trkpt lat="42.605513" lon="1.906446">
<ele>2302.745</ele>
</trkpt>
<trkpt lat="42.605514" lon="1.906419">
<ele>2303.517</ele>
</trkpt>
<trkpt lat="42.605487" lon="1.906375">
<ele>2304.426</ele>
</trkpt>
<trkpt lat="42.605466" lon="1.906324">
<ele>2305.596</ele>
</trkpt>
<trkpt lat="42.605438" lon="1.906269">
<ele>2306.767</ele>
</trkpt>
<trkpt lat="42.60542" lon="1.906218">
<ele>2307.974</ele>
</trkpt>
<trkpt lat="42.605408" lon="1.906168">
<ele>2309.283</ele>
</trkpt>
<trkpt lat="42.605397" lon="1.906136">
<ele>2310.106</ele>
</trkpt>
<trkpt lat="42.605409" lon="1.906114">
<ele>2310.918</ele>
</trkpt>
<trkpt lat="42.605428" lon="1.906106">
<ele>2311.403</ele>
</trkpt>
<trkpt lat="42.605462" lon="1.906106">
<ele>2311.854</ele>
</trkpt>
<trkpt lat="42.605508" lon="1.906115">
<ele>2312.193</ele>
</trkpt>
<trkpt lat="42.605578" lon="1.906113">
<ele>2313.213</ele>
</trkpt>
<trkpt lat="42.605648" lon="1.906105">
<ele>2314.583</ele>
</trkpt>
<trkpt lat="42.605704" lon="1.906091">
<ele>2316.029</ele>
</trkpt>
<trkpt lat="42.60576" lon="1.90608">
<ele>2317.438</ele>
</trkpt>
<trkpt lat="42.605791" lon="1.906075">
<ele>2318.219</ele>
</trkpt>
<trkpt lat="42.605819" lon="1.906081">
<ele>2318.717</ele>
</trkpt>
<trkpt lat="42.605845" lon="1.906109">
<ele>2318.742</ele>
</trkpt>
<trkpt lat="42.605899" lon="1.906129">
<ele>2319.801</ele>
</trkpt>
<trkpt lat="42.60594" lon="1.906143">
<ele>2320.849</ele>
</trkpt>
<trkpt lat="42.605968" lon="1.906138">
<ele>2321.941</ele>
</trkpt>
<trkpt lat="42.605988" lon="1.906114">
<ele>2323.14</ele>
</trkpt>
<trkpt lat="42.606018" lon="1.906108">
<ele>2324.29</ele>
</trkpt>
<trkpt lat="42.606049" lon="1.906121">
<ele>2325.037</ele>
</trkpt>
<trkpt lat="42.606077" lon="1.906133">
<ele>2325.587</ele>
</trkpt>
<trkpt lat="42.606115" lon="1.906143">
<ele>2326.211</ele>
</trkpt>
<trkpt lat="42.606142" lon="1.906131">
<ele>2326.869</ele>
</trkpt>
<trkpt lat="42.606156" lon="1.906126">
<ele>2327.132</ele>
</trkpt>
<trkpt lat="42.606188" lon="1.906129">
<ele>2327.312</ele>
</trkpt>
<trkpt lat="42.606228" lon="1.906127">
<ele>2327.607</ele>
</trkpt>
<trkpt lat="42.606266" lon="1.90615">
<ele>2327.286</ele>
</trkpt>
<trkpt lat="42.606298" lon="1.906148">
<ele>2327.757</ele>
</trkpt>
<trkpt lat="42.606358" lon="1.906124">
<ele>2329.864</ele>
</trkpt>
<trkpt lat="42.606387" lon="1.906149">
<ele>2330.115</ele>
</trkpt>
<trkpt lat="42.606415" lon="1.906188">
<ele>2330.354</ele>
</trkpt>
<trkpt lat="42.606436" lon="1.906257">
<ele>2330.434</ele>
</trkpt>
<trkpt lat="42.60645" lon="1.906291">
<ele>2330.899</ele>
</trkpt>
<trkpt lat="42.606486" lon="1.906326">
<ele>2332.642</ele>
</trkpt>
<trkpt lat="42.60655" lon="1.906376">
<ele>2335.882</ele>
</trkpt>
<trkpt lat="42.606576" lon="1.906378">
<ele>2337.131</ele>
</trkpt>
<trkpt lat="42.606625" lon="1.906425">
<ele>2339.178</ele>
</trkpt>
<trkpt lat="42.606655" lon="1.906398">
<ele>2340.703</ele>
</trkpt>
<trkpt lat="42.606687" lon="1.906411">
<ele>2341.964</ele>
</trkpt>
<trkpt lat="42.606737" lon="1.906348">
<ele>2344.964</ele>
</trkpt>
<trkpt lat="42.606814" lon="1.906365">
<ele>2347.814</ele>
</trkpt>
<trkpt lat="42.606862" lon="1.906319">
<ele>2350.237</ele>
</trkpt>
<trkpt lat="42.606873" lon="1.906293">
<ele>2351.031</ele>
</trkpt>
<trkpt lat="42.606876" lon="1.90625">
<ele>2351.831</ele>
</trkpt>
<trkpt lat="42.606876" lon="1.906205">
<ele>2352.508</ele>
</trkpt>
<trkpt lat="42.606877" lon="1.906146">
<ele>2353.272</ele>
</trkpt>
<trkpt lat="42.606884" lon="1.906094">
<ele>2353.961</ele>
</trkpt>
<trkpt lat="42.606897" lon="1.906042">
<ele>2354.755</ele>
</trkpt>
<trkpt lat="42.606907" lon="1.905998">
<ele>2355.39</ele>
</trkpt>
<trkpt lat="42.60692" lon="1.905974">
<ele>2356.005</ele>
</trkpt>
<trkpt lat="42.606946" lon="1.905942">
<ele>2357.156</ele>
</trkpt>
<trkpt lat="42.606965" lon="1.905921">
<ele>2357.996</ele>
</trkpt>
<trkpt lat="42.60697" lon="1.905892">
<ele>2358.404</ele>
</trkpt>
<trkpt lat="42.606973" lon="1.905842">
<ele>2358.909</ele>
</trkpt>
<trkpt lat="42.606977" lon="1.905781">
<ele>2359.517</ele>
</trkpt>
<trkpt lat="42.606985" lon="1.905716">
<ele>2360.213</ele>
</trkpt>
<trkpt lat="42.606988" lon="1.905659">
<ele>2360.643</ele>
</trkpt>
<trkpt lat="42.606993" lon="1.905632">
<ele>2360.91</ele>
</trkpt>
<trkpt lat="42.607008" lon="1.905599">
<ele>2361.409</ele>
</trkpt>
<trkpt lat="42.607029" lon="1.905567">
<ele>2361.999</ele>
</trkpt>
<trkpt lat="42.607072" lon="1.905549">
<ele>2363.045</ele>
</trkpt>
<trkpt lat="42.607082" lon="1.90553">
<ele>2363.331</ele>
</trkpt>
<trkpt lat="42.607104" lon="1.905517">
<ele>2363.897</ele>
</trkpt>
<trkpt lat="42.607123" lon="1.905511">
<ele>2364.39</ele>
</trkpt>
<trkpt lat="42.607141" lon="1.905509">
<ele>2364.862</ele>
</trkpt>
<trkpt lat="42.607176" lon="1.9055">
<ele>2365.815</ele>
</trkpt>
<trkpt lat="42.60719" lon="1.905485">
<ele>2366.207</ele>
</trkpt>
<trkpt lat="42.607201" lon="1.905464">
<ele>2366.511</ele>
</trkpt>
<trkpt lat="42.607223" lon="1.905428">
<ele>2367.091</ele>
</trkpt>
<trkpt lat="42.607251" lon="1.905402">
<ele>2367.799</ele>
</trkpt>
<trkpt lat="42.607289" lon="1.905374">
<ele>2368.716</ele>
</trkpt>
<trkpt lat="42.607311" lon="1.905362">
<ele>2369.236</ele>
</trkpt>
<trkpt lat="42.607334" lon="1.905358">
<ele>2369.805</ele>
</trkpt>
<trkpt lat="42.607357" lon="1.905344">
<ele>2370.334</ele>
</trkpt>
<trkpt lat="42.607387" lon="1.905325">
<ele>2371.024</ele>
</trkpt>
<trkpt lat="42.60742" lon="1.905311">
<ele>2371.847</ele>
</trkpt>
<trkpt lat="42.607445" lon="1.905296">
<ele>2372.485</ele>
</trkpt>
<trkpt lat="42.607487" lon="1.905268">
<ele>2373.62</ele>
</trkpt>
<trkpt lat="42.607521" lon="1.905244">
<ele>2374.6</ele>
</trkpt>
<trkpt lat="42.607571" lon="1.90522">
<ele>2376.18</ele>
</trkpt>
<trkpt lat="42.607593" lon="1.905212">
<ele>2376.909</ele>
</trkpt>
<trkpt lat="42.607621" lon="1.905211">
<ele>2377.892</ele>
</trkpt>
<trkpt lat="42.607641" lon="1.905187">
<ele>2378.505</ele>
</trkpt>
<trkpt lat="42.607667" lon="1.90515">
<ele>2379.303</ele>
</trkpt>
<trkpt lat="42.607688" lon="1.905117">
<ele>2379.959</ele>
</trkpt>
<trkpt lat="42.60771" lon="1.905072">
<ele>2380.643</ele>
</trkpt>
<trkpt lat="42.607723" lon="1.905032">
<ele>2381.038</ele>
</trkpt>
<trkpt lat="42.607729" lon="1.904988">
<ele>2381.215</ele>
</trkpt>
<trkpt lat="42.607732" lon="1.904937">
<ele>2381.319</ele>
</trkpt>
<trkpt lat="42.607739" lon="1.904888">
<ele>2381.579</ele>
</trkpt>
<trkpt lat="42.607743" lon="1.904853">
<ele>2381.783</ele>
</trkpt>
<trkpt lat="42.607769" lon="1.904803">
<ele>2382.574</ele>
</trkpt>
<trkpt lat="42.607791" lon="1.904777">
<ele>2383.142</ele>
</trkpt>
<trkpt lat="42.607812" lon="1.904753">
<ele>2383.646</ele>
</trkpt>
<trkpt lat="42.607832" lon="1.904724">
<ele>2384.103</ele>
</trkpt>
<trkpt lat="42.607865" lon="1.90469">
<ele>2384.807</ele>
</trkpt>
<trkpt lat="42.607904" lon="1.904648">
<ele>2385.647</ele>
</trkpt>
<trkpt lat="42.607926" lon="1.904625">
<ele>2386.16</ele>
</trkpt>
<trkpt lat="42.607931" lon="1.904587">
<ele>2386.166</ele>
</trkpt>
<trkpt lat="42.607945" lon="1.904559">
<ele>2386.429</ele>
</trkpt>
<trkpt lat="42.607978" lon="1.90453">
<ele>2387.167</ele>
</trkpt>
<trkpt lat="42.607996" lon="1.904528">
<ele>2387.63</ele>
</trkpt>
<trkpt lat="42.608018" lon="1.904537">
<ele>2388.261</ele>
</trkpt>
<trkpt lat="42.608053" lon="1.904518">
<ele>2388.962</ele>
</trkpt>
<trkpt lat="42.60806" lon="1.904486">
<ele>2388.839</ele>
</trkpt>
<trkpt lat="42.608082" lon="1.904486">
<ele>2389.267</ele>
</trkpt>
<trkpt lat="42.608109" lon="1.904495">
<ele>2389.791</ele>
</trkpt>
<trkpt lat="42.608126" lon="1.904498">
<ele>2390.036</ele>
</trkpt>
<trkpt lat="42.608151" lon="1.904498">
<ele>2390.271</ele>
</trkpt>
<trkpt lat="42.608176" lon="1.9045">
<ele>2390.45</ele>
</trkpt>
<trkpt lat="42.608206" lon="1.904498">
<ele>2390.561</ele>
</trkpt>
<trkpt lat="42.608242" lon="1.904495">
<ele>2390.664</ele>
</trkpt>
<trkpt lat="42.608312" lon="1.904472">
<ele>2390.95</ele>
</trkpt>
<trkpt lat="42.608349" lon="1.904444">
<ele>2391.271</ele>
</trkpt>
<trkpt lat="42.608386" lon="1.904408">
<ele>2391.7</ele>
</trkpt>
<trkpt lat="42.608415" lon="1.904369">
<ele>2392.064</ele>
</trkpt>
<trkpt lat="42.608433" lon="1.904321">
<ele>2392.18</ele>
</trkpt>
<trkpt lat="42.608451" lon="1.904288">
<ele>2392.36</ele>
</trkpt>
<trkpt lat="42.608469" lon="1.90425">
<ele>2392.524</ele>
</trkpt>
<trkpt lat="42.608486" lon="1.904229">
<ele>2392.78</ele>
</trkpt>
<trkpt lat="42.608504" lon="1.904205">
<ele>2393.046</ele>
</trkpt>
<trkpt lat="42.608532" lon="1.904182">
<ele>2393.535</ele>
</trkpt>
<trkpt lat="42.608571" lon="1.904124">
<ele>2394.028</ele>
</trkpt>
<trkpt lat="42.608584" lon="1.904103">
<ele>2394.167</ele>
</trkpt>
<trkpt lat="42.608598" lon="1.904093">
<ele>2394.377</ele>
</trkpt>
<trkpt lat="42.60863" lon="1.904059">
<ele>2394.773</ele>
</trkpt>
<trkpt lat="42.60866" lon="1.904025">
<ele>2395.113</ele>
</trkpt>
<trkpt lat="42.608678" lon="1.90399">
<ele>2395.21</ele>
</trkpt>
<trkpt lat="42.608701" lon="1.903951">
<ele>2395.359</ele>
</trkpt>
<trkpt lat="42.608719" lon="1.903904">
<ele>2395.351</ele>
</trkpt>
<trkpt lat="42.60875" lon="1.903828">
<ele>2395.404</ele>
</trkpt>
<trkpt lat="42.608766" lon="1.903795">
<ele>2395.492</ele>
</trkpt>
<trkpt lat="42.608792" lon="1.903778">
<ele>2395.907</ele>
</trkpt>
<trkpt lat="42.608818" lon="1.903759">
<ele>2396.263</ele>
</trkpt>
<trkpt lat="42.608844" lon="1.90375">
<ele>2396.671</ele>
</trkpt>
<trkpt lat="42.608876" lon="1.903724">
<ele>2397.047</ele>
</trkpt>
<trkpt lat="42.608903" lon="1.903681">
<ele>2397.308</ele>
</trkpt>
<trkpt lat="42.608929" lon="1.903625">
<ele>2397.791</ele>
</trkpt>
<trkpt lat="42.60898" lon="1.903567">
<ele>2399.361</ele>
</trkpt>
<trkpt lat="42.609047" lon="1.9035">
<ele>2401.418</ele>
</trkpt>
<trkpt lat="42.609101" lon="1.903446">
<ele>2402.381</ele>
</trkpt>
<trkpt lat="42.609176" lon="1.903395">
<ele>2403.333</ele>
</trkpt>
<trkpt lat="42.6093" lon="1.903326">
<ele>2406.676</ele>
</trkpt>
<trkpt lat="42.60935" lon="1.903292">
<ele>2408.494</ele>
</trkpt>
<trkpt lat="42.609462" lon="1.903257">
<ele>2412.629</ele>
</trkpt>
<trkpt lat="42.609624" lon="1.903206">
<ele>2420.706</ele>
</trkpt>
<trkpt lat="42.609797" lon="1.903112">
<ele>2427.041</ele>
</trkpt>
<trkpt lat="42.609872" lon="1.903038">
<ele>2429.21</ele>
</trkpt>
<trkpt lat="42.609912" lon="1.902979">
<ele>2430.407</ele>
</trkpt>
<trkpt lat="42.609929" lon="1.902936">
<ele>2430.888</ele>
</trkpt>
<trkpt lat="42.609943" lon="1.902893">
<ele>2431.252</ele>
</trkpt>
<trkpt lat="42.609955" lon="1.90286">
<ele>2431.536</ele>
</trkpt>
<trkpt lat="42.609962" lon="1.902821">
<ele>2431.617</ele>
</trkpt>
<trkpt lat="42.609977" lon="1.902794">
<ele>2431.928</ele>
</trkpt>
<trkpt lat="42.609995" lon="1.902773">
<ele>2432.328</ele>
</trkpt>
<trkpt lat="42.610018" lon="1.902749">
<ele>2432.842</ele>
</trkpt>
<trkpt lat="42.610035" lon="1.902716">
<ele>2433.128</ele>
</trkpt>
<trkpt lat="42.610054" lon="1.90265">
<ele>2433.281</ele>
</trkpt>
<trkpt lat="42.610068" lon="1.902609">
<ele>2433.499</ele>
</trkpt>
<trkpt lat="42.610079" lon="1.902585">
<ele>2433.756</ele>
</trkpt>
<trkpt lat="42.610091" lon="1.902546">
<ele>2434.016</ele>
</trkpt>
<trkpt lat="42.610108" lon="1.902511">
<ele>2434.548</ele>
</trkpt>
<trkpt lat="42.610121" lon="1.902496">
<ele>2435.025</ele>
</trkpt>
<trkpt lat="42.610129" lon="1.902467">
<ele>2435.285</ele>
</trkpt>
<trkpt lat="42.610136" lon="1.902428">
<ele>2435.516</ele>
</trkpt>
<trkpt lat="42.610155" lon="1.902372">
<ele>2436.313</ele>
</trkpt>
<trkpt lat="42.610173" lon="1.902319">
<ele>2437.168</ele>
</trkpt>
<trkpt lat="42.610195" lon="1.902259">
<ele>2438.296</ele>
</trkpt>
<trkpt lat="42.610201" lon="1.902226">
<ele>2438.655</ele>
</trkpt>
<trkpt lat="42.610204" lon="1.902189">
<ele>2438.88</ele>
</trkpt>
<trkpt lat="42.610213" lon="1.90215">
<ele>2439.374</ele>
</trkpt>
<trkpt lat="42.610242" lon="1.902082">
<ele>2440.713</ele>
</trkpt>
<trkpt lat="42.610253" lon="1.902047">
<ele>2441.145</ele>
</trkpt>
<trkpt lat="42.610272" lon="1.901997">
<ele>2441.863</ele>
</trkpt>
<trkpt lat="42.610284" lon="1.901988">
<ele>2442.354</ele>
</trkpt>
<trkpt lat="42.610295" lon="1.901988">
<ele>2442.816</ele>
</trkpt>
<trkpt lat="42.610316" lon="1.90196">
<ele>2443.608</ele>
</trkpt>
<trkpt lat="42.610323" lon="1.901933">
<ele>2443.834</ele>
</trkpt>
<trkpt lat="42.610319" lon="1.901883">
<ele>2443.672</ele>
</trkpt>
<trkpt lat="42.610307" lon="1.901848">
<ele>2443.316</ele>
</trkpt>
<trkpt lat="42.610299" lon="1.901815">
<ele>2443.224</ele>
</trkpt>
<trkpt lat="42.6103" lon="1.901776">
<ele>2443.663</ele>
</trkpt>
<trkpt lat="42.61032" lon="1.901731">
<ele>2444.916</ele>
</trkpt>
<trkpt lat="42.610393" lon="1.901632">
<ele>2447.933</ele>
</trkpt>
<trkpt lat="42.610402" lon="1.901463">
<ele>2448.579</ele>
</trkpt>
<trkpt lat="42.610449" lon="1.901317">
<ele>2448.791</ele>
</trkpt>
<trkpt lat="42.610464" lon="1.90114">
<ele>2448.901</ele>
</trkpt>
<trkpt lat="42.610477" lon="1.901002">
<ele>2449.304</ele>
</trkpt>
<trkpt lat="42.610507" lon="1.900927">
<ele>2450.046</ele>
</trkpt>
<trkpt lat="42.610536" lon="1.90082">
<ele>2450.838</ele>
</trkpt>
<trkpt lat="42.610548" lon="1.900739">
<ele>2451.216</ele>
</trkpt>
<trkpt lat="42.610585" lon="1.900679">
<ele>2452.141</ele>
</trkpt>
<trkpt lat="42.61061" lon="1.900584">
<ele>2452.551</ele>
</trkpt>
<trkpt lat="42.610629" lon="1.900503">
<ele>2452.622</ele>
</trkpt>
<trkpt lat="42.610666" lon="1.900404">
<ele>2453.318</ele>
</trkpt>
<trkpt lat="42.610696" lon="1.900273">
<ele>2454.56</ele>
</trkpt>
<trkpt lat="42.610701" lon="1.900112">
<ele>2455.778</ele>
</trkpt>
<trkpt lat="42.610696" lon="1.900045">
<ele>2456.119</ele>
</trkpt>
<trkpt lat="42.610671" lon="1.899951">
<ele>2455.922</ele>
</trkpt>
<trkpt lat="42.610652" lon="1.899835">
<ele>2456.289</ele>
</trkpt>
<trkpt lat="42.610654" lon="1.899716">
<ele>2457.529</ele>
</trkpt>
<trkpt lat="42.610654" lon="1.899627">
<ele>2458.177</ele>
</trkpt>
<trkpt lat="42.610665" lon="1.899526">
<ele>2459.161</ele>
</trkpt>
<trkpt lat="42.610673" lon="1.899425">
<ele>2460.219</ele>
</trkpt>
<trkpt lat="42.610686" lon="1.899321">
<ele>2462.034</ele>
</trkpt>
<trkpt lat="42.610718" lon="1.89917">
<ele>2465.899</ele>
</trkpt>
<trkpt lat="42.610678" lon="1.899023">
<ele>2467.811</ele>
</trkpt>
<trkpt lat="42.610604" lon="1.898689">
<ele>2475.547</ele>
</trkpt>
<trkpt lat="42.61053" lon="1.898355">
<ele>2481.524</ele>
</trkpt>
<trkpt lat="42.610517" lon="1.898277">
<ele>2481.403</ele>
</trkpt>
<trkpt lat="42.610498" lon="1.897998">
<ele>2481.359</ele>
</trkpt>
<trkpt lat="42.610464" lon="1.897869">
<ele>2481.09</ele>
</trkpt>
<trkpt lat="42.610435" lon="1.897799">
<ele>2480.821</ele>
</trkpt>
<trkpt lat="42.610401" lon="1.897742">
<ele>2480.36</ele>
</trkpt>
<trkpt lat="42.610356" lon="1.897701">
<ele>2479.768</ele>
</trkpt>
<trkpt lat="42.610317" lon="1.897626">
<ele>2477.995</ele>
</trkpt>
<trkpt lat="42.610298" lon="1.897549">
<ele>2476.235</ele>
</trkpt>
<trkpt lat="42.610272" lon="1.897504">
<ele>2475.214</ele>
</trkpt>
<trkpt lat="42.61027" lon="1.89744">
<ele>2474.196</ele>
</trkpt>
<trkpt lat="42.610251" lon="1.89739">
<ele>2473.381</ele>
</trkpt>
<trkpt lat="42.610224" lon="1.89732">
<ele>2472.304</ele>
</trkpt>
<trkpt lat="42.610202" lon="1.897255">
<ele>2471.093</ele>
</trkpt>
<trkpt lat="42.61019" lon="1.897165">
<ele>2468.943</ele>
</trkpt>
<trkpt lat="42.610173" lon="1.897136">
<ele>2467.984</ele>
</trkpt>
<trkpt lat="42.610172" lon="1.896995">
<ele>2464.092</ele>
</trkpt>
<trkpt lat="42.61017" lon="1.896919">
<ele>2462.179</ele>
</trkpt>
<trkpt lat="42.610145" lon="1.89688">
<ele>2460.551</ele>
</trkpt>
<trkpt lat="42.610122" lon="1.896821">
<ele>2458.724</ele>
</trkpt>
<trkpt lat="42.610107" lon="1.896732">
<ele>2456.726</ele>
</trkpt>
<trkpt lat="42.610065" lon="1.896603">
<ele>2453.663</ele>
</trkpt>
<trkpt lat="42.610073" lon="1.896526">
<ele>2452.269</ele>
</trkpt>
<trkpt lat="42.610048" lon="1.896482">
<ele>2451.12</ele>
</trkpt>
<trkpt lat="42.61003" lon="1.896301">
<ele>2447.023</ele>
</trkpt>
<trkpt lat="42.610001" lon="1.89624">
<ele>2445.293</ele>
</trkpt>
<trkpt lat="42.60999" lon="1.896149">
<ele>2442.957</ele>
</trkpt>
<trkpt lat="42.609997" lon="1.896069">
<ele>2440.998</ele>
</trkpt>
<trkpt lat="42.610003" lon="1.896013">
<ele>2439.577</ele>
</trkpt>
<trkpt lat="42.609989" lon="1.895949">
<ele>2437.909</ele>
</trkpt>
<trkpt lat="42.609972" lon="1.895886">
<ele>2436.596</ele>
</trkpt>
<trkpt lat="42.609966" lon="1.895821">
<ele>2435.35</ele>
</trkpt>
<trkpt lat="42.609981" lon="1.895752">
<ele>2433.605</ele>
</trkpt>
<trkpt lat="42.610011" lon="1.895685">
<ele>2431.701</ele>
</trkpt>
<trkpt lat="42.610022" lon="1.895613">
<ele>2430.447</ele>
</trkpt>
<trkpt lat="42.610043" lon="1.895546">
<ele>2428.953</ele>
</trkpt>
<trkpt lat="42.610056" lon="1.895476">
<ele>2427.488</ele>
</trkpt>
<trkpt lat="42.610077" lon="1.895425">
<ele>2425.826</ele>
</trkpt>
<trkpt lat="42.610119" lon="1.895372">
<ele>2423.15</ele>
</trkpt>
<trkpt lat="42.61016" lon="1.895304">
<ele>2420.206</ele>
</trkpt>
<trkpt lat="42.610141" lon="1.895267">
<ele>2420.607</ele>
</trkpt>
<trkpt lat="42.610121" lon="1.895209">
<ele>2420.796</ele>
</trkpt>
<trkpt lat="42.61016" lon="1.895145">
<ele>2417.413</ele>
</trkpt>
<trkpt lat="42.610205" lon="1.895125">
<ele>2414.619</ele>
</trkpt>
<trkpt lat="42.610242" lon="1.895111">
<ele>2412.547</ele>
</trkpt>
<trkpt lat="42.610332" lon="1.895097">
<ele>2408.773</ele>
</trkpt>
<trkpt lat="42.610412" lon="1.895092">
<ele>2406.46</ele>
</trkpt>
<trkpt lat="42.610467" lon="1.895078">
<ele>2405.263</ele>
</trkpt>
<trkpt lat="42.610492" lon="1.895057">
<ele>2404.7</ele>
</trkpt>
<trkpt lat="42.610511" lon="1.895011">
<ele>2404.07</ele>
</trkpt>
<trkpt lat="42.610535" lon="1.894943">
<ele>2403.482</ele>
</trkpt>
<trkpt lat="42.610544" lon="1.894871">
<ele>2402.93</ele>
</trkpt>
<trkpt lat="42.610546" lon="1.894802">
<ele>2402.253</ele>
</trkpt>
<trkpt lat="42.610565" lon="1.894709">
<ele>2401.428</ele>
</trkpt>
<trkpt lat="42.610561" lon="1.894616">
<ele>2400.576</ele>
</trkpt>
<trkpt lat="42.610541" lon="1.89459">
<ele>2400.121</ele>
</trkpt>
<trkpt lat="42.610496" lon="1.89456">
<ele>2399.445</ele>
</trkpt>
<trkpt lat="42.610462" lon="1.894527">
<ele>2399.033</ele>
</trkpt>
<trkpt lat="42.610415" lon="1.894456">
<ele>2398.6</ele>
</trkpt>
<trkpt lat="42.610394" lon="1.894431">
<ele>2398.406</ele>
</trkpt>
<trkpt lat="42.610385" lon="1.894393">
<ele>2398.267</ele>
</trkpt>
<trkpt lat="42.610326" lon="1.894314">
<ele>2396.908</ele>
</trkpt>
<trkpt lat="42.610316" lon="1.894255">
<ele>2395.927</ele>
</trkpt>
<trkpt lat="42.610308" lon="1.894199">
<ele>2394.686</ele>
</trkpt>
<trkpt lat="42.610306" lon="1.89412">
<ele>2392.646</ele>
</trkpt>
<trkpt lat="42.610275" lon="1.894075">
<ele>2391.063</ele>
</trkpt>
<trkpt lat="42.610229" lon="1.894006">
<ele>2389.242</ele>
</trkpt>
<trkpt lat="42.610181" lon="1.893932">
<ele>2388.037</ele>
</trkpt>
<trkpt lat="42.610142" lon="1.893861">
<ele>2387.388</ele>
</trkpt>
<trkpt lat="42.610133" lon="1.893807">
<ele>2386.44</ele>
</trkpt>
<trkpt lat="42.610086" lon="1.893754">
<ele>2387.47</ele>
</trkpt>
<trkpt lat="42.610058" lon="1.893702">
<ele>2387.807</ele>
</trkpt>
<trkpt lat="42.61007" lon="1.893645">
<ele>2386.162</ele>
</trkpt>
<trkpt lat="42.610119" lon="1.893565">
<ele>2381.725</ele>
</trkpt>
<trkpt lat="42.610153" lon="1.893491">
<ele>2378.12</ele>
</trkpt>
<trkpt lat="42.610179" lon="1.89347">
<ele>2376.349</ele>
</trkpt>
<trkpt lat="42.610217" lon="1.8934">
<ele>2373.415</ele>
</trkpt>
<trkpt lat="42.610238" lon="1.893265">
<ele>2370.391</ele>
</trkpt>
<trkpt lat="42.610255" lon="1.893129">
<ele>2368.364</ele>
</trkpt>
<trkpt lat="42.610266" lon="1.893074">
<ele>2367.433</ele>
</trkpt>
<trkpt lat="42.610298" lon="1.893">
<ele>2365.748</ele>
</trkpt>
<trkpt lat="42.610329" lon="1.89293">
<ele>2364.11</ele>
</trkpt>
<trkpt lat="42.610339" lon="1.892854">
<ele>2362.611</ele>
</trkpt>
<trkpt lat="42.610305" lon="1.892806">
<ele>2361.447</ele>
</trkpt>
<trkpt lat="42.610258" lon="1.89276">
<ele>2360.116</ele>
</trkpt>
<trkpt lat="42.61021" lon="1.892706">
<ele>2358.629</ele>
</trkpt>
<trkpt lat="42.610119" lon="1.892621">
<ele>2357.428</ele>
</trkpt>
<trkpt lat="42.610046" lon="1.892545">
<ele>2357.729</ele>
</trkpt>
<trkpt lat="42.610016" lon="1.892467">
<ele>2357.218</ele>
</trkpt>
<trkpt lat="42.609991" lon="1.892413">
<ele>2356.777</ele>
</trkpt>
<trkpt lat="42.609957" lon="1.892337">
<ele>2355.72</ele>
</trkpt>
<trkpt lat="42.609948" lon="1.892235">
<ele>2352.954</ele>
</trkpt>
<trkpt lat="42.609929" lon="1.892149">
<ele>2351.797</ele>
</trkpt>
<trkpt lat="42.609922" lon="1.89204">
<ele>2350.958</ele>
</trkpt>
<trkpt lat="42.609895" lon="1.891928">
<ele>2352.2</ele>
</trkpt>
<trkpt lat="42.609856" lon="1.891834">
<ele>2354.049</ele>
</trkpt>
<trkpt lat="42.609832" lon="1.891771">
<ele>2354.829</ele>
</trkpt>
<trkpt lat="42.609823" lon="1.891675">
<ele>2354.801</ele>
</trkpt>
<trkpt lat="42.609809" lon="1.89161">
<ele>2354.685</ele>
</trkpt>
<trkpt lat="42.6098" lon="1.891529">
<ele>2353.836</ele>
</trkpt>
<trkpt lat="42.609763" lon="1.891442">
<ele>2351.932</ele>
</trkpt>
<trkpt lat="42.609706" lon="1.891344">
<ele>2349.82</ele>
</trkpt>
<trkpt lat="42.609606" lon="1.891108">
<ele>2347.73</ele>
</trkpt>
<trkpt lat="42.609568" lon="1.891038">
<ele>2347.22</ele>
</trkpt>
<trkpt lat="42.609535" lon="1.890937">
<ele>2345.477</ele>
</trkpt>
<trkpt lat="42.609496" lon="1.890863">
<ele>2344.995</ele>
</trkpt>
<trkpt lat="42.609467" lon="1.890787">
<ele>2345.042</ele>
</trkpt>
<trkpt lat="42.609448" lon="1.890725">
<ele>2345.29</ele>
</trkpt>
<trkpt lat="42.609421" lon="1.890654">
<ele>2345.726</ele>
</trkpt>
<trkpt lat="42.609415" lon="1.890606">
<ele>2345.826</ele>
</trkpt>
<trkpt lat="42.609386" lon="1.890601">
<ele>2346.184</ele>
</trkpt>
<trkpt lat="42.609338" lon="1.890566">
<ele>2346.831</ele>
</trkpt>
<trkpt lat="42.609309" lon="1.890477">
<ele>2347.563</ele>
</trkpt>
<trkpt lat="42.609318" lon="1.890407">
<ele>2347.88</ele>
</trkpt>
<trkpt lat="42.609331" lon="1.890241">
<ele>2348.135</ele>
</trkpt>
<trkpt lat="42.609359" lon="1.890167">
<ele>2347.645</ele>
</trkpt>
<trkpt lat="42.609398" lon="1.890035">
<ele>2346.668</ele>
</trkpt>
<trkpt lat="42.609395" lon="1.889977">
<ele>2346.333</ele>
</trkpt>
<trkpt lat="42.60939" lon="1.889922">
<ele>2345.921</ele>
</trkpt>
<trkpt lat="42.609368" lon="1.889827">
<ele>2344.989</ele>
</trkpt>
<trkpt lat="42.609329" lon="1.889713">
<ele>2343.789</ele>
</trkpt>
<trkpt lat="42.60931" lon="1.88967">
<ele>2343.526</ele>
</trkpt>
<trkpt lat="42.609272" lon="1.889558">
<ele>2342.997</ele>
</trkpt>
<trkpt lat="42.609255" lon="1.889486">
<ele>2342.443</ele>
</trkpt>
<trkpt lat="42.609241" lon="1.88946">
<ele>2342.316</ele>
</trkpt>
<trkpt lat="42.609203" lon="1.889407">
<ele>2341.992</ele>
</trkpt>
<trkpt lat="42.609171" lon="1.889297">
<ele>2340.763</ele>
</trkpt>
<trkpt lat="42.609126" lon="1.889209">
<ele>2339.848</ele>
</trkpt>
<trkpt lat="42.609074" lon="1.889117">
<ele>2338.484</ele>
</trkpt>
<trkpt lat="42.609025" lon="1.889093">
<ele>2337.932</ele>
</trkpt>
<trkpt lat="42.609012" lon="1.889071">
<ele>2337.415</ele>
</trkpt>
<trkpt lat="42.608998" lon="1.889006">
<ele>2335.79</ele>
</trkpt>
<trkpt lat="42.608914" lon="1.888894">
<ele>2333.23</ele>
</trkpt>
<trkpt lat="42.608892" lon="1.88886">
<ele>2332.714</ele>
</trkpt>
<trkpt lat="42.608879" lon="1.888808">
<ele>2331.907</ele>
</trkpt>
<trkpt lat="42.608883" lon="1.8887">
<ele>2330.505</ele>
</trkpt>
<trkpt lat="42.608856" lon="1.888652">
<ele>2330.375</ele>
</trkpt>
<trkpt lat="42.608833" lon="1.8886">
<ele>2330.107</ele>
</trkpt>
<trkpt lat="42.608806" lon="1.88857">
<ele>2329.839</ele>
</trkpt>
<trkpt lat="42.608783" lon="1.888513">
<ele>2329.043</ele>
</trkpt>
<trkpt lat="42.608732" lon="1.888452">
<ele>2327.465</ele>
</trkpt>
<trkpt lat="42.608709" lon="1.88835">
<ele>2325.329</ele>
</trkpt>
<trkpt lat="42.608688" lon="1.888284">
<ele>2323.938</ele>
</trkpt>
<trkpt lat="42.608632" lon="1.888173">
<ele>2321.926</ele>
</trkpt>
<trkpt lat="42.60859" lon="1.888107">
<ele>2321.247</ele>
</trkpt>
<trkpt lat="42.608583" lon="1.888051">
<ele>2320.724</ele>
</trkpt>
<trkpt lat="42.608544" lon="1.887953">
<ele>2319.457</ele>
</trkpt>
<trkpt lat="42.608502" lon="1.887944">
<ele>2318.869</ele>
</trkpt>
<trkpt lat="42.608493" lon="1.887899">
<ele>2317.975</ele>
</trkpt>
<trkpt lat="42.608441" lon="1.887834">
<ele>2316.027</ele>
</trkpt>
<trkpt lat="42.608396" lon="1.887825">
<ele>2315.377</ele>
</trkpt>
<trkpt lat="42.608324" lon="1.887783">
<ele>2314.48</ele>
</trkpt>
<trkpt lat="42.608251" lon="1.887728">
<ele>2314.021</ele>
</trkpt>
<trkpt lat="42.608227" lon="1.887647">
<ele>2313.18</ele>
</trkpt>
<trkpt lat="42.608194" lon="1.887581">
<ele>2312.569</ele>
</trkpt>
<trkpt lat="42.608189" lon="1.887553">
<ele>2312.099</ele>
</trkpt>
<trkpt lat="42.608192" lon="1.887535">
<ele>2311.697</ele>
</trkpt>
<trkpt lat="42.608213" lon="1.887503">
<ele>2310.776</ele>
</trkpt>
<trkpt lat="42.608247" lon="1.887195">
<ele>2304.001</ele>
</trkpt>
<trkpt lat="42.608261" lon="1.88712">
<ele>2302.106</ele>
</trkpt>
<trkpt lat="42.608289" lon="1.887074">
<ele>2300.463</ele>
</trkpt>
<trkpt lat="42.608311" lon="1.887012">
<ele>2298.313</ele>
</trkpt>
<trkpt lat="42.608324" lon="1.886943">
<ele>2296.207</ele>
</trkpt>
<trkpt lat="42.608332" lon="1.886809">
<ele>2293.102</ele>
</trkpt>
<trkpt lat="42.608317" lon="1.886774">
<ele>2292.687</ele>
</trkpt>
<trkpt lat="42.608313" lon="1.886678">
<ele>2290.525</ele>
</trkpt>
<trkpt lat="42.6083" lon="1.886608">
<ele>2288.871</ele>
</trkpt>
<trkpt lat="42.608304" lon="1.886539">
<ele>2286.696</ele>
</trkpt>
<trkpt lat="42.608391" lon="1.886543">
<ele>2285.917</ele>
</trkpt>
<trkpt lat="42.60839" lon="1.886451">
<ele>2282.92</ele>
</trkpt>
<trkpt lat="42.608366" lon="1.886434">
<ele>2282.293</ele>
</trkpt>
<trkpt lat="42.608365" lon="1.886291">
<ele>2278.192</ele>
</trkpt>
<trkpt lat="42.60838" lon="1.886277">
<ele>2277.824</ele>
</trkpt>
<trkpt lat="42.60836" lon="1.886086">
<ele>2273.186</ele>
</trkpt>
<trkpt lat="42.608338" lon="1.886014">
<ele>2271.289</ele>
</trkpt>
<trkpt lat="42.608354" lon="1.885923">
<ele>2267.771</ele>
</trkpt>
<trkpt lat="42.608376" lon="1.885901">
<ele>2266.579</ele>
</trkpt>
<trkpt lat="42.608369" lon="1.885818">
<ele>2263.599</ele>
</trkpt>
<trkpt lat="42.608372" lon="1.885697">
<ele>2259.754</ele>
</trkpt>
<trkpt lat="42.608412" lon="1.885613">
<ele>2256.647</ele>
</trkpt>
<trkpt lat="42.608453" lon="1.885509">
<ele>2253.054</ele>
</trkpt>
<trkpt lat="42.608456" lon="1.885431">
<ele>2250.841</ele>
</trkpt>
<trkpt lat="42.608437" lon="1.885382">
<ele>2249.748</ele>
</trkpt>
<trkpt lat="42.60844" lon="1.885343">
<ele>2248.257</ele>
</trkpt>
<trkpt lat="42.608473" lon="1.885357">
<ele>2247.872</ele>
</trkpt>
<trkpt lat="42.608486" lon="1.885294">
<ele>2245.206</ele>
</trkpt>
<trkpt lat="42.608474" lon="1.885205">
<ele>2242.193</ele>
</trkpt>
<trkpt lat="42.608483" lon="1.885168">
<ele>2240.641</ele>
</trkpt>
<trkpt lat="42.608527" lon="1.885179">
<ele>2239.852</ele>
</trkpt>
<trkpt lat="42.608511" lon="1.885115">
<ele>2238.064</ele>
</trkpt>
<trkpt lat="42.608535" lon="1.885113">
<ele>2237.275</ele>
</trkpt>
<trkpt lat="42.608536" lon="1.885063">
<ele>2235.534</ele>
</trkpt>
<trkpt lat="42.608557" lon="1.885034">
<ele>2233.795</ele>
</trkpt>
<trkpt lat="42.608578" lon="1.884964">
<ele>2230.464</ele>
</trkpt>
<trkpt lat="42.608598" lon="1.884953">
<ele>2229.15</ele>
</trkpt>
<trkpt lat="42.60862" lon="1.884874">
<ele>2224.886</ele>
</trkpt>
<trkpt lat="42.608661" lon="1.884881">
<ele>2222.681</ele>
</trkpt>
<trkpt lat="42.60869" lon="1.884911">
<ele>2222.203</ele>
</trkpt>
<trkpt lat="42.608717" lon="1.884902">
<ele>2220.373</ele>
</trkpt>
<trkpt lat="42.60873" lon="1.884853">
<ele>2217.736</ele>
</trkpt>
<trkpt lat="42.60874" lon="1.88476">
<ele>2213.839</ele>
</trkpt>
<trkpt lat="42.60873" lon="1.884652">
<ele>2210.618</ele>
</trkpt>
<trkpt lat="42.608723" lon="1.884488">
<ele>2206.705</ele>
</trkpt>
<trkpt lat="42.608785" lon="1.884382">
<ele>2206.086</ele>
</trkpt>
<trkpt lat="42.60881" lon="1.884317">
<ele>2206.701</ele>
</trkpt>
<trkpt lat="42.608815" lon="1.884221">
<ele>2206.956</ele>
</trkpt>
<trkpt lat="42.608797" lon="1.884122">
<ele>2206.436</ele>
</trkpt>
<trkpt lat="42.608793" lon="1.884058">
<ele>2206.435</ele>
</trkpt>
<trkpt lat="42.608781" lon="1.883974">
<ele>2206.219</ele>
</trkpt>
<trkpt lat="42.608752" lon="1.883921">
<ele>2205.064</ele>
</trkpt>
<trkpt lat="42.608735" lon="1.883868">
<ele>2204.439</ele>
</trkpt>
<trkpt lat="42.608737" lon="1.883773">
<ele>2205.113</ele>
</trkpt>
<trkpt lat="42.608739" lon="1.883689">
<ele>2205.903</ele>
</trkpt>
<trkpt lat="42.608719" lon="1.883659">
<ele>2205.422</ele>
</trkpt>
<trkpt lat="42.608662" lon="1.883617">
<ele>2203.901</ele>
</trkpt>
<trkpt lat="42.608622" lon="1.883543">
<ele>2203.591</ele>
</trkpt>
<trkpt lat="42.608582" lon="1.883467">
<ele>2203.193</ele>
</trkpt>
<trkpt lat="42.608508" lon="1.883422">
<ele>2200.045</ele>
</trkpt>
<trkpt lat="42.608445" lon="1.883357">
<ele>2197.194</ele>
</trkpt>
<trkpt lat="42.608371" lon="1.88326">
<ele>2194.57</ele>
</trkpt>
<trkpt lat="42.608311" lon="1.883154">
<ele>2193.194</ele>
</trkpt>
<trkpt lat="42.608239" lon="1.882969">
<ele>2190.526</ele>
</trkpt>
<trkpt lat="42.608201" lon="1.882875">
<ele>2189.513</ele>
</trkpt>
<trkpt lat="42.608206" lon="1.882779">
<ele>2191.67</ele>
</trkpt>
<trkpt lat="42.608218" lon="1.882623">
<ele>2194.015</ele>
</trkpt>
<trkpt lat="42.608217" lon="1.882562">
<ele>2194.216</ele>
</trkpt>
<trkpt lat="42.608188" lon="1.882448">
<ele>2193.037</ele>
</trkpt>
<trkpt lat="42.608139" lon="1.882285">
<ele>2191.515</ele>
</trkpt>
<trkpt lat="42.608069" lon="1.882027">
<ele>2189.546</ele>
</trkpt>
<trkpt lat="42.608022" lon="1.881833">
<ele>2188.411</ele>
</trkpt>
<trkpt lat="42.607981" lon="1.881678">
<ele>2189.101</ele>
</trkpt>
<trkpt lat="42.607943" lon="1.881614">
<ele>2189.081</ele>
</trkpt>
<trkpt lat="42.60788" lon="1.881542">
<ele>2188.531</ele>
</trkpt>
<trkpt lat="42.607835" lon="1.881475">
<ele>2188.333</ele>
</trkpt>
<trkpt lat="42.607767" lon="1.88145">
<ele>2186.762</ele>
</trkpt>
<trkpt lat="42.607724" lon="1.881404">
<ele>2186.084</ele>
</trkpt>
<trkpt lat="42.607681" lon="1.881325">
<ele>2185.513</ele>
</trkpt>
<trkpt lat="42.607607" lon="1.881219">
<ele>2184.198</ele>
</trkpt>
<trkpt lat="42.607528" lon="1.881176">
<ele>2182.238</ele>
</trkpt>
<trkpt lat="42.60744" lon="1.881131">
<ele>2180.128</ele>
</trkpt>
<trkpt lat="42.6074" lon="1.881101">
<ele>2179.293</ele>
</trkpt>
<trkpt lat="42.607377" lon="1.881002">
<ele>2179.975</ele>
</trkpt>
<trkpt lat="42.607308" lon="1.880878">
<ele>2177.498</ele>
</trkpt>
<trkpt lat="42.607251" lon="1.880784">
<ele>2173.839</ele>
</trkpt>
<trkpt lat="42.607188" lon="1.880716">
<ele>2169.916</ele>
</trkpt>
<trkpt lat="42.607112" lon="1.880657">
<ele>2166.74</ele>
</trkpt>
<trkpt lat="42.607047" lon="1.880609">
<ele>2165.188</ele>
</trkpt>
<trkpt lat="42.606979" lon="1.880575">
<ele>2164.349</ele>
</trkpt>
<trkpt lat="42.60686" lon="1.880454">
<ele>2163.693</ele>
</trkpt>
<trkpt lat="42.606739" lon="1.880384">
<ele>2163.871</ele>
</trkpt>
<trkpt lat="42.606654" lon="1.880183">
<ele>2163.627</ele>
</trkpt>
<trkpt lat="42.606406" lon="1.879855">
<ele>2165.398</ele>
</trkpt>
<trkpt lat="42.606232" lon="1.879487">
<ele>2165.134</ele>
</trkpt>
<trkpt lat="42.606161" lon="1.879399">
<ele>2163.838</ele>
</trkpt>
<trkpt lat="42.606102" lon="1.879274">
<ele>2162.766</ele>
</trkpt>
<trkpt lat="42.606002" lon="1.87917">
<ele>2160.755</ele>
</trkpt>
<trkpt lat="42.605947" lon="1.879091">
<ele>2159.046</ele>
</trkpt>
<trkpt lat="42.605827" lon="1.878922">
<ele>2153.956</ele>
</trkpt>
<trkpt lat="42.605733" lon="1.878807">
<ele>2149.814</ele>
</trkpt>
<trkpt lat="42.605681" lon="1.878734">
<ele>2147.744</ele>
</trkpt>
<trkpt lat="42.60564" lon="1.878608">
<ele>2146.729</ele>
</trkpt>
<trkpt lat="42.605628" lon="1.87847">
<ele>2146.934</ele>
</trkpt>
<trkpt lat="42.605599" lon="1.87838">
<ele>2146.463</ele>
</trkpt>
<trkpt lat="42.605574" lon="1.878333">
<ele>2146.017</ele>
</trkpt>
<trkpt lat="42.605486" lon="1.878233">
<ele>2144.291</ele>
</trkpt>
<trkpt lat="42.605441" lon="1.878083">
<ele>2144.32</ele>
</trkpt>
<trkpt lat="42.605414" lon="1.878026">
<ele>2144.283</ele>
</trkpt>
<trkpt lat="42.605206" lon="1.877732">
<ele>2142.053</ele>
</trkpt>
<trkpt lat="42.605177" lon="1.877674">
<ele>2141.341</ele>
</trkpt>
<trkpt lat="42.605114" lon="1.877452">
<ele>2141.478</ele>
</trkpt>
<trkpt lat="42.605021" lon="1.877291">
<ele>2140.178</ele>
</trkpt>
<trkpt lat="42.605021" lon="1.877206">
<ele>2139.795</ele>
</trkpt>
<trkpt lat="42.604996" lon="1.877004">
<ele>2137.832</ele>
</trkpt>
<trkpt lat="42.605004" lon="1.876903">
<ele>2137.72</ele>
</trkpt>
<trkpt lat="42.604985" lon="1.876795">
<ele>2136.684</ele>
</trkpt>
<trkpt lat="42.604791" lon="1.87627">
<ele>2133.624</ele>
</trkpt>
<trkpt lat="42.604662" lon="1.876035">
<ele>2132.796</ele>
</trkpt>
<trkpt lat="42.604498" lon="1.875937">
<ele>2130.441</ele>
</trkpt>
<trkpt lat="42.604415" lon="1.875823">
<ele>2128.587</ele>
</trkpt>
<trkpt lat="42.60436" lon="1.875857">
<ele>2127.534</ele>
</trkpt>
<trkpt lat="42.604346" lon="1.875856">
<ele>2127.224</ele>
</trkpt>
<trkpt lat="42.604292" lon="1.875473">
<ele>2125.192</ele>
</trkpt>
<trkpt lat="42.604262" lon="1.875391">
<ele>2124.977</ele>
</trkpt>
<trkpt lat="42.604202" lon="1.875232">
<ele>2124.535</ele>
</trkpt>
<trkpt lat="42.604188" lon="1.875143">
<ele>2124.727</ele>
</trkpt>
<trkpt lat="42.604182" lon="1.875117">
<ele>2124.79</ele>
</trkpt>
<trkpt lat="42.604154" lon="1.874941">
<ele>2125.626</ele>
</trkpt>
<trkpt lat="42.604142" lon="1.874744">
<ele>2126.591</ele>
</trkpt>
<trkpt lat="42.604047" lon="1.874519">
<ele>2126.844</ele>
</trkpt>
<trkpt lat="42.604038" lon="1.874381">
<ele>2126.013</ele>
</trkpt>
<trkpt lat="42.604021" lon="1.874308">
<ele>2125.197</ele>
</trkpt>
<trkpt lat="42.603954" lon="1.874136">
<ele>2122.833</ele>
</trkpt>
<trkpt lat="42.603899" lon="1.873938">
<ele>2121.172</ele>
</trkpt>
<trkpt lat="42.603843" lon="1.873824">
<ele>2119.895</ele>
</trkpt>
<trkpt lat="42.603805" lon="1.873645">
<ele>2116.683</ele>
</trkpt>
<trkpt lat="42.603772" lon="1.873573">
<ele>2114.929</ele>
</trkpt>
<trkpt lat="42.603741" lon="1.87345">
<ele>2112.831</ele>
</trkpt>
<trkpt lat="42.603648" lon="1.87311">
<ele>2110.129</ele>
</trkpt>
<trkpt lat="42.603583" lon="1.872948">
<ele>2107.049</ele>
</trkpt>
<trkpt lat="42.603565" lon="1.872895">
<ele>2105.948</ele>
</trkpt>
<trkpt lat="42.603574" lon="1.872642">
<ele>2102.504</ele>
</trkpt>
<trkpt lat="42.603595" lon="1.872565">
<ele>2102.235</ele>
</trkpt>
<trkpt lat="42.6036" lon="1.872515">
<ele>2101.817</ele>
</trkpt>
<trkpt lat="42.603616" lon="1.872404">
<ele>2101.177</ele>
</trkpt>
<trkpt lat="42.603611" lon="1.872351">
<ele>2100.339</ele>
</trkpt>
<trkpt lat="42.603591" lon="1.872191">
<ele>2097.852</ele>
</trkpt>
<trkpt lat="42.603611" lon="1.872108">
<ele>2097.975</ele>
</trkpt>
<trkpt lat="42.603619" lon="1.872006">
<ele>2097.822</ele>
</trkpt>
<trkpt lat="42.603607" lon="1.871816">
<ele>2096.836</ele>
</trkpt>
<trkpt lat="42.603604" lon="1.871547">
<ele>2097.988</ele>
</trkpt>
<trkpt lat="42.60361" lon="1.871008">
<ele>2102.321</ele>
</trkpt>
<trkpt lat="42.603586" lon="1.870874">
<ele>2101.525</ele>
</trkpt>
<trkpt lat="42.603585" lon="1.870782">
<ele>2102.664</ele>
</trkpt>
<trkpt lat="42.603552" lon="1.870689">
<ele>2100.31</ele>
</trkpt>
<trkpt lat="42.60354" lon="1.870603">
<ele>2099.684</ele>
</trkpt>
<trkpt lat="42.603546" lon="1.870482">
<ele>2100.828</ele>
</trkpt>
<trkpt lat="42.603546" lon="1.870383">
<ele>2100.794</ele>
</trkpt>
<trkpt lat="42.60354" lon="1.870267">
<ele>2099.195</ele>
</trkpt>
<trkpt lat="42.603537" lon="1.870233">
<ele>2098.335</ele>
</trkpt>
<trkpt lat="42.603565" lon="1.870113">
<ele>2098.712</ele>
</trkpt>
<trkpt lat="42.603566" lon="1.870059">
<ele>2097.777</ele>
</trkpt>
<trkpt lat="42.603555" lon="1.869994">
<ele>2095.577</ele>
</trkpt>
<trkpt lat="42.603561" lon="1.869868">
<ele>2094.3</ele>
</trkpt>
<trkpt lat="42.603581" lon="1.869733">
<ele>2094.677</ele>
</trkpt>
<trkpt lat="42.603558" lon="1.869624">
<ele>2092.305</ele>
</trkpt>
<trkpt lat="42.603549" lon="1.869524">
<ele>2091.976</ele>
</trkpt>
<trkpt lat="42.60353" lon="1.869331">
<ele>2090.162</ele>
</trkpt>
<trkpt lat="42.603538" lon="1.869269">
<ele>2090.129</ele>
</trkpt>
<trkpt lat="42.603574" lon="1.869208">
<ele>2091.705</ele>
</trkpt>
<trkpt lat="42.603594" lon="1.869068">
<ele>2091.067</ele>
</trkpt>
<trkpt lat="42.603583" lon="1.868897">
<ele>2088.955</ele>
</trkpt>
<trkpt lat="42.603564" lon="1.868854">
<ele>2087.701</ele>
</trkpt>
<trkpt lat="42.603545" lon="1.868868">
<ele>2086.866</ele>
</trkpt>
<trkpt lat="42.603525" lon="1.868873">
<ele>2085.862</ele>
</trkpt>
<trkpt lat="42.603485" lon="1.868805">
<ele>2083.139</ele>
</trkpt>
<trkpt lat="42.603483" lon="1.868763">
<ele>2082.686</ele>
</trkpt>
<trkpt lat="42.603493" lon="1.868707">
<ele>2082.778</ele>
</trkpt>
<trkpt lat="42.603457" lon="1.868542">
<ele>2079.109</ele>
</trkpt>
<trkpt lat="42.60347" lon="1.8684">
<ele>2078.29</ele>
</trkpt>
<trkpt lat="42.603483" lon="1.86828">
<ele>2077.521</ele>
</trkpt>
<trkpt lat="42.603468" lon="1.8682">
<ele>2075.888</ele>
</trkpt>
<trkpt lat="42.603552" lon="1.868141">
<ele>2079.983</ele>
</trkpt>
<trkpt lat="42.60367" lon="1.868139">
<ele>2085.984</ele>
</trkpt>
<trkpt lat="42.60376" lon="1.868191">
<ele>2090.089</ele>
</trkpt>
<trkpt lat="42.603919" lon="1.868241">
<ele>2095.466</ele>
</trkpt>
<trkpt lat="42.60401" lon="1.86829">
<ele>2097.577</ele>
</trkpt>
<trkpt lat="42.603919" lon="1.868241">
<ele>2095.466</ele>
</trkpt>
<trkpt lat="42.60376" lon="1.868191">
<ele>2090.089</ele>
</trkpt>
<trkpt lat="42.60367" lon="1.868139">
<ele>2085.984</ele>
</trkpt>
<trkpt lat="42.603552" lon="1.868141">
<ele>2079.983</ele>
</trkpt>
<trkpt lat="42.603468" lon="1.8682">
<ele>2075.888</ele>
</trkpt>
<trkpt lat="42.603461" lon="1.868048">
<ele>2074.735</ele>
</trkpt>
<trkpt lat="42.603398" lon="1.867967">
<ele>2071.429</ele>
</trkpt>
<trkpt lat="42.603375" lon="1.867804">
<ele>2069.032</ele>
</trkpt>
<trkpt lat="42.603346" lon="1.867749">
<ele>2067.063</ele>
</trkpt>
<trkpt lat="42.603322" lon="1.867658">
<ele>2064.816</ele>
</trkpt>
<trkpt lat="42.603266" lon="1.867565">
<ele>2061.616</ele>
</trkpt>
<trkpt lat="42.603225" lon="1.867431">
<ele>2059.564</ele>
</trkpt>
</trkseg>
<trkseg>
<trkpt lat="42.603225" lon="1.867431">
<ele>2059.564</ele>
</trkpt>
<trkpt lat="42.603254" lon="1.867232">
<ele>2060.048</ele>
</trkpt>
<trkpt lat="42.603286" lon="1.867134">
<ele>2060.429</ele>
</trkpt>
<trkpt lat="42.603296" lon="1.867089">
<ele>2060.315</ele>
</trkpt>
<trkpt lat="42.603285" lon="1.866988">
<ele>2059.641</ele>
</trkpt>
<trkpt lat="42.603354" lon="1.866844">
<ele>2056.704</ele>
</trkpt>
<trkpt lat="42.603383" lon="1.866737">
<ele>2053.613</ele>
</trkpt>
<trkpt lat="42.603393" lon="1.866667">
<ele>2051.271</ele>
</trkpt>
<trkpt lat="42.603398" lon="1.866509">
<ele>2045.036</ele>
</trkpt>
<trkpt lat="42.603432" lon="1.866457">
<ele>2042.357</ele>
</trkpt>
<trkpt lat="42.603476" lon="1.866353">
<ele>2038.635</ele>
</trkpt>
<trkpt lat="42.603467" lon="1.866327">
<ele>2037.53</ele>
</trkpt>
<trkpt lat="42.603422" lon="1.866281">
<ele>2035.633</ele>
</trkpt>
<trkpt lat="42.603441" lon="1.866211">
<ele>2032.94</ele>
</trkpt>
<trkpt lat="42.6034" lon="1.866114">
<ele>2029.742</ele>
</trkpt>
<trkpt lat="42.603437" lon="1.86607">
<ele>2027.883</ele>
</trkpt>
<trkpt lat="42.603437" lon="1.866054">
<ele>2027.349</ele>
</trkpt>
<trkpt lat="42.603412" lon="1.865998">
<ele>2025.765</ele>
</trkpt>
<trkpt lat="42.603428" lon="1.865969">
<ele>2024.755</ele>
</trkpt>
<trkpt lat="42.603417" lon="1.86594">
<ele>2023.991</ele>
</trkpt>
<trkpt lat="42.603423" lon="1.865915">
<ele>2023.217</ele>
</trkpt>
<trkpt lat="42.603385" lon="1.865812">
<ele>2020.654</ele>
</trkpt>
<trkpt lat="42.603318" lon="1.865767">
<ele>2020.55</ele>
</trkpt>
<trkpt lat="42.603271" lon="1.865719">
<ele>2019.923</ele>
</trkpt>
<trkpt lat="42.603259" lon="1.865636">
<ele>2017.295</ele>
</trkpt>
<trkpt lat="42.603212" lon="1.865529">
<ele>2014.331</ele>
</trkpt>
<trkpt lat="42.603179" lon="1.865498">
<ele>2013.671</ele>
</trkpt>
<trkpt lat="42.603077" lon="1.865376">
<ele>2011.248</ele>
</trkpt>
<trkpt lat="42.60301" lon="1.865219">
<ele>2007.459</ele>
</trkpt>
<trkpt lat="42.602967" lon="1.865133">
<ele>2005.155</ele>
</trkpt>
<trkpt lat="42.602955" lon="1.86503">
<ele>2002.229</ele>
</trkpt>
<trkpt lat="42.602924" lon="1.864988">
<ele>2000.893</ele>
</trkpt>
<trkpt lat="42.602942" lon="1.864945">
<ele>1999.693</ele>
</trkpt>
<trkpt lat="42.602995" lon="1.864887">
<ele>1997.575</ele>
</trkpt>
<trkpt lat="42.602966" lon="1.864811">
<ele>1995.14</ele>
</trkpt>
<trkpt lat="42.602985" lon="1.864762">
<ele>1993.026</ele>
</trkpt>
<trkpt lat="42.602969" lon="1.864735">
<ele>1992.04</ele>
</trkpt>
<trkpt lat="42.60302" lon="1.864689">
<ele>1989.471</ele>
</trkpt>
<trkpt lat="42.602984" lon="1.864644">
<ele>1988.197</ele>
</trkpt>
<trkpt lat="42.603019" lon="1.864622">
<ele>1986.867</ele>
</trkpt>
<trkpt lat="42.602995" lon="1.864553">
<ele>1984.966</ele>
</trkpt>
<trkpt lat="42.602974" lon="1.864525">
<ele>1984.414</ele>
</trkpt>
<trkpt lat="42.602914" lon="1.864473">
<ele>1983.186</ele>
</trkpt>
<trkpt lat="42.602877" lon="1.864474">
<ele>1982.945</ele>
</trkpt>
<trkpt lat="42.60282" lon="1.864517">
<ele>1983.301</ele>
</trkpt>
<trkpt lat="42.602792" lon="1.864576">
<ele>1984.548</ele>
</trkpt>
<trkpt lat="42.602726" lon="1.864671">
<ele>1987.755</ele>
</trkpt>
<trkpt lat="42.602611" lon="1.864721">
<ele>1988.953</ele>
</trkpt>
<trkpt lat="42.602588" lon="1.864659">
<ele>1987.963</ele>
</trkpt>
<trkpt lat="42.602585" lon="1.864654">
<ele>1987.927</ele>
</trkpt>
<trkpt lat="42.602553" lon="1.864603">
<ele>1987.925</ele>
</trkpt>
<trkpt lat="42.602531" lon="1.86457">
<ele>1988.232</ele>
</trkpt>
<trkpt lat="42.602537" lon="1.864497">
<ele>1987.466</ele>
</trkpt>
<trkpt lat="42.60259" lon="1.864427">
<ele>1985.36</ele>
</trkpt>
<trkpt lat="42.602614" lon="1.864362">
<ele>1984.274</ele>
</trkpt>
<trkpt lat="42.602605" lon="1.864198">
<ele>1983.159</ele>
</trkpt>
<trkpt lat="42.602553" lon="1.863949">
<ele>1981.33</ele>
</trkpt>
<trkpt lat="42.60243" lon="1.863759">
<ele>1982.709</ele>
</trkpt>
<trkpt lat="42.602317" lon="1.863409">
<ele>1984.962</ele>
</trkpt>
<trkpt lat="42.602312" lon="1.863357">
<ele>1984.926</ele>
</trkpt>
<trkpt lat="42.602326" lon="1.863253">
<ele>1983.988</ele>
</trkpt>
<trkpt lat="42.602293" lon="1.863126">
<ele>1984.683</ele>
</trkpt>
<trkpt lat="42.602256" lon="1.863055">
<ele>1985.551</ele>
</trkpt>
<trkpt lat="42.602262" lon="1.863004">
<ele>1985.017</ele>
</trkpt>
<trkpt lat="42.602264" lon="1.862932">
<ele>1984.423</ele>
</trkpt>
<trkpt lat="42.602248" lon="1.862849">
<ele>1984.285</ele>
</trkpt>
<trkpt lat="42.602226" lon="1.862756">
<ele>1984.231</ele>
</trkpt>
<trkpt lat="42.602207" lon="1.862626">
<ele>1983.692</ele>
</trkpt>
<trkpt lat="42.602171" lon="1.862415">
<ele>1982.566</ele>
</trkpt>
<trkpt lat="42.60214" lon="1.862261">
<ele>1981.429</ele>
</trkpt>
<trkpt lat="42.60214" lon="1.862203">
<ele>1980.554</ele>
</trkpt>
<trkpt lat="42.602151" lon="1.862086">
<ele>1978.492</ele>
</trkpt>
<trkpt lat="42.602085" lon="1.861877">
<ele>1978.046</ele>
</trkpt>
<trkpt lat="42.602066" lon="1.861536">
<ele>1976.913</ele>
</trkpt>
<trkpt lat="42.60209" lon="1.861368">
<ele>1976.838</ele>
</trkpt>
<trkpt lat="42.602106" lon="1.861258">
<ele>1976.921</ele>
</trkpt>
<trkpt lat="42.602104" lon="1.861061">
<ele>1977.515</ele>
</trkpt>
<trkpt lat="42.602117" lon="1.860969">
<ele>1977.196</ele>
</trkpt>
<trkpt lat="42.602125" lon="1.860793">
<ele>1977.364</ele>
</trkpt>
<trkpt lat="42.602106" lon="1.860721">
<ele>1978.089</ele>
</trkpt>
<trkpt lat="42.602007" lon="1.860519">
<ele>1980.019</ele>
</trkpt>
<trkpt lat="42.601893" lon="1.860028">
<ele>1979.624</ele>
</trkpt>
<trkpt lat="42.601878" lon="1.859967">
<ele>1979.368</ele>
</trkpt>
<trkpt lat="42.60183" lon="1.85995">
<ele>1979.794</ele>
</trkpt>
<trkpt lat="42.601817" lon="1.859897">
<ele>1979.746</ele>
</trkpt>
<trkpt lat="42.601797" lon="1.85984">
<ele>1979.91</ele>
</trkpt>
<trkpt lat="42.601775" lon="1.859789">
<ele>1980.213</ele>
</trkpt>
<trkpt lat="42.601745" lon="1.859735">
<ele>1980.684</ele>
</trkpt>
<trkpt lat="42.601713" lon="1.859699">
<ele>1981.247</ele>
</trkpt>
<trkpt lat="42.601676" lon="1.859683">
<ele>1982.069</ele>
</trkpt>
<trkpt lat="42.601636" lon="1.859673">
<ele>1983.035</ele>
</trkpt>
<trkpt lat="42.601618" lon="1.859639">
<ele>1983.204</ele>
</trkpt>
<trkpt lat="42.601633" lon="1.859596">
<ele>1982.444</ele>
</trkpt>
<trkpt lat="42.601656" lon="1.859564">
<ele>1981.624</ele>
</trkpt>
<trkpt lat="42.601672" lon="1.859525">
<ele>1980.949</ele>
</trkpt>
<trkpt lat="42.601661" lon="1.859499">
<ele>1980.977</ele>
</trkpt>
<trkpt lat="42.60163" lon="1.859487">
<ele>1981.559</ele>
</trkpt>
<trkpt lat="42.601605" lon="1.859503">
<ele>1982.288</ele>
</trkpt>
<trkpt lat="42.601578" lon="1.859527">
<ele>1983.176</ele>
</trkpt>
<trkpt lat="42.601541" lon="1.859546">
<ele>1984.324</ele>
</trkpt>
<trkpt lat="42.601496" lon="1.859545">
<ele>1985.581</ele>
</trkpt>
<trkpt lat="42.601463" lon="1.85952">
<ele>1986.283</ele>
</trkpt>
<trkpt lat="42.601429" lon="1.859472">
<ele>1986.748</ele>
</trkpt>
<trkpt lat="42.601396" lon="1.859452">
<ele>1987.485</ele>
</trkpt>
<trkpt lat="42.60135" lon="1.859447">
<ele>1988.761</ele>
</trkpt>
<trkpt lat="42.601304" lon="1.859446">
<ele>1990.051</ele>
</trkpt>
<trkpt lat="42.601283" lon="1.859422">
<ele>1990.327</ele>
</trkpt>
<trkpt lat="42.601271" lon="1.859365">
<ele>1989.864</ele>
</trkpt>
<trkpt lat="42.601264" lon="1.859309">
<ele>1989.243</ele>
</trkpt>
<trkpt lat="42.601253" lon="1.859246">
<ele>1988.576</ele>
</trkpt>
<trkpt lat="42.601236" lon="1.85918">
<ele>1987.941</ele>
</trkpt>
<trkpt lat="42.601195" lon="1.859083">
<ele>1987.259</ele>
</trkpt>
<trkpt lat="42.601157" lon="1.85902">
<ele>1987.002</ele>
</trkpt>
<trkpt lat="42.601111" lon="1.858956">
<ele>1986.904</ele>
</trkpt>
<trkpt lat="42.601057" lon="1.858877">
<ele>1986.721</ele>
</trkpt>
<trkpt lat="42.601008" lon="1.858814">
<ele>1986.821</ele>
</trkpt>
<trkpt lat="42.600948" lon="1.858745">
<ele>1987.156</ele>
</trkpt>
<trkpt lat="42.600905" lon="1.858719">
<ele>1987.865</ele>
</trkpt>
<trkpt lat="42.60087" lon="1.858714">
<ele>1988.757</ele>
</trkpt>
<trkpt lat="42.600825" lon="1.858711">
<ele>1989.986</ele>
</trkpt>
<trkpt lat="42.600728" lon="1.858725">
<ele>1992.936</ele>
</trkpt>
<trkpt lat="42.600687" lon="1.858722">
<ele>1993.927</ele>
</trkpt>
<trkpt lat="42.600665" lon="1.85869">
<ele>1993.91</ele>
</trkpt>
<trkpt lat="42.600651" lon="1.858643">
<ele>1993.447</ele>
</trkpt>
<trkpt lat="42.600639" lon="1.858538">
<ele>1991.984</ele>
</trkpt>
<trkpt lat="42.600633" lon="1.858468">
<ele>1990.989</ele>
</trkpt>
<trkpt lat="42.600626" lon="1.858323">
<ele>1988.845</ele>
</trkpt>
<trkpt lat="42.600617" lon="1.858244">
<ele>1987.799</ele>
</trkpt>
<trkpt lat="42.600603" lon="1.858163">
<ele>1986.817</ele>
</trkpt>
<trkpt lat="42.600596" lon="1.858087">
<ele>1985.682</ele>
</trkpt>
<trkpt lat="42.600581" lon="1.858026">
<ele>1985.036</ele>
</trkpt>
<trkpt lat="42.600557" lon="1.857957">
<ele>1984.516</ele>
</trkpt>
<trkpt lat="42.600539" lon="1.857897">
<ele>1983.966</ele>
</trkpt>
<trkpt lat="42.600526" lon="1.857836">
<ele>1983.188</ele>
</trkpt>
<trkpt lat="42.600523" lon="1.857775">
<ele>1982.05</ele>
</trkpt>
<trkpt lat="42.600534" lon="1.85772">
<ele>1980.602</ele>
</trkpt>
<trkpt lat="42.600563" lon="1.857687">
<ele>1979.095</ele>
</trkpt>
<trkpt lat="42.600603" lon="1.857678">
<ele>1977.789</ele>
</trkpt>
<trkpt lat="42.600616" lon="1.857643">
<ele>1976.799</ele>
</trkpt>
<trkpt lat="42.600532" lon="1.857568">
<ele>1977.729</ele>
</trkpt>
<trkpt lat="42.600486" lon="1.857545">
<ele>1978.557</ele>
</trkpt>
<trkpt lat="42.600439" lon="1.85751">
<ele>1979.14</ele>
</trkpt>
<trkpt lat="42.600405" lon="1.857484">
<ele>1979.511</ele>
</trkpt>
<trkpt lat="42.600319" lon="1.857419">
<ele>1980.541</ele>
</trkpt>
<trkpt lat="42.600282" lon="1.857377">
<ele>1980.721</ele>
</trkpt>
<trkpt lat="42.600251" lon="1.857323">
<ele>1980.532</ele>
</trkpt>
<trkpt lat="42.600237" lon="1.857267">
<ele>1979.919</ele>
</trkpt>
<trkpt lat="42.60022" lon="1.857156">
<ele>1978.547</ele>
</trkpt>
<trkpt lat="42.600203" lon="1.857088">
<ele>1977.957</ele>
</trkpt>
<trkpt lat="42.600185" lon="1.857008">
<ele>1977.307</ele>
</trkpt>
<trkpt lat="42.600165" lon="1.856857">
<ele>1976.13</ele>
</trkpt>
<trkpt lat="42.600152" lon="1.856776">
<ele>1975.683</ele>
</trkpt>
<trkpt lat="42.600123" lon="1.856683">
<ele>1975.479</ele>
</trkpt>
<trkpt lat="42.600092" lon="1.856604">
<ele>1975.414</ele>
</trkpt>
<trkpt lat="42.600055" lon="1.856552">
<ele>1975.795</ele>
</trkpt>
<trkpt lat="42.600009" lon="1.856483">
<ele>1976.258</ele>
</trkpt>
<trkpt lat="42.599973" lon="1.856406">
<ele>1976.342</ele>
</trkpt>
<trkpt lat="42.599933" lon="1.856324">
<ele>1976.329</ele>
</trkpt>
<trkpt lat="42.599907" lon="1.856261">
<ele>1976.122</ele>
</trkpt>
<trkpt lat="42.599865" lon="1.856171">
<ele>1975.905</ele>
</trkpt>
<trkpt lat="42.599803" lon="1.856087">
<ele>1976.308</ele>
</trkpt>
<trkpt lat="42.599731" lon="1.855979">
<ele>1976.538</ele>
</trkpt>
<trkpt lat="42.599672" lon="1.855892">
<ele>1976.786</ele>
</trkpt>
<trkpt lat="42.599623" lon="1.855812">
<ele>1977.098</ele>
</trkpt>
<trkpt lat="42.599597" lon="1.855746">
<ele>1977.052</ele>
</trkpt>
<trkpt lat="42.599587" lon="1.855676">
<ele>1976.437</ele>
</trkpt>
<trkpt lat="42.599569" lon="1.855591">
<ele>1976.052</ele>
</trkpt>
<trkpt lat="42.599551" lon="1.855509">
<ele>1975.844</ele>
</trkpt>
<trkpt lat="42.599523" lon="1.855408">
<ele>1975.911</ele>
</trkpt>
<trkpt lat="42.599503" lon="1.855336">
<ele>1975.937</ele>
</trkpt>
<trkpt lat="42.59948" lon="1.855258">
<ele>1975.997</ele>
</trkpt>
<trkpt lat="42.599454" lon="1.855183">
<ele>1976.26</ele>
</trkpt>
<trkpt lat="42.599432" lon="1.855098">
<ele>1976.269</ele>
</trkpt>
<trkpt lat="42.599431" lon="1.855024">
<ele>1975.448</ele>
</trkpt>
<trkpt lat="42.599449" lon="1.85494">
<ele>1973.763</ele>
</trkpt>
<trkpt lat="42.599475" lon="1.85488">
<ele>1972.252</ele>
</trkpt>
<trkpt lat="42.599489" lon="1.854824">
<ele>1971.406</ele>
</trkpt>
<trkpt lat="42.59949" lon="1.854764">
<ele>1971.005</ele>
</trkpt>
<trkpt lat="42.59948" lon="1.854674">
<ele>1970.835</ele>
</trkpt>
<trkpt lat="42.599471" lon="1.854616">
<ele>1970.888</ele>
</trkpt>
<trkpt lat="42.599465" lon="1.854532">
<ele>1970.857</ele>
</trkpt>
<trkpt lat="42.599462" lon="1.854452">
<ele>1970.832</ele>
</trkpt>
<trkpt lat="42.599452" lon="1.854357">
<ele>1971.216</ele>
</trkpt>
<trkpt lat="42.599445" lon="1.854291">
<ele>1971.66</ele>
</trkpt>
<trkpt lat="42.599443" lon="1.854214">
<ele>1972.183</ele>
</trkpt>
<trkpt lat="42.599447" lon="1.854132">
<ele>1972.782</ele>
</trkpt>
<trkpt lat="42.599452" lon="1.85405">
<ele>1973.444</ele>
</trkpt>
<trkpt lat="42.59947" lon="1.853995">
<ele>1973.358</ele>
</trkpt>
<trkpt lat="42.599484" lon="1.853921">
<ele>1973.466</ele>
</trkpt>
<trkpt lat="42.599502" lon="1.853851">
<ele>1973.366</ele>
</trkpt>
<trkpt lat="42.599522" lon="1.853788">
<ele>1973.135</ele>
</trkpt>
<trkpt lat="42.599529" lon="1.853712">
<ele>1973.271</ele>
</trkpt>
<trkpt lat="42.599541" lon="1.853651">
<ele>1973.185</ele>
</trkpt>
<trkpt lat="42.599554" lon="1.8536">
<ele>1972.993</ele>
</trkpt>
<trkpt lat="42.59956" lon="1.853535">
<ele>1972.999</ele>
</trkpt>
<trkpt lat="42.59956" lon="1.853469">
<ele>1973.17</ele>
</trkpt>
<trkpt lat="42.599554" lon="1.853391">
<ele>1973.6</ele>
</trkpt>
<trkpt lat="42.599552" lon="1.853323">
<ele>1973.938</ele>
</trkpt>
<trkpt lat="42.599555" lon="1.853257">
<ele>1974.117</ele>
</trkpt>
<trkpt lat="42.599546" lon="1.853189">
<ele>1974.793</ele>
</trkpt>
<trkpt lat="42.599535" lon="1.853126">
<ele>1975.604</ele>
</trkpt>
<trkpt lat="42.599541" lon="1.853069">
<ele>1975.698</ele>
</trkpt>
<trkpt lat="42.599553" lon="1.852981">
<ele>1975.773</ele>
</trkpt>
<trkpt lat="42.599569" lon="1.852914">
<ele>1975.582</ele>
</trkpt>
<trkpt lat="42.599587" lon="1.852828">
<ele>1975.499</ele>
</trkpt>
<trkpt lat="42.599597" lon="1.852766">
<ele>1975.573</ele>
</trkpt>
<trkpt lat="42.599603" lon="1.852673">
<ele>1976.08</ele>
</trkpt>
<trkpt lat="42.599607" lon="1.852599">
<ele>1976.561</ele>
</trkpt>
<trkpt lat="42.599623" lon="1.852504">
<ele>1976.702</ele>
</trkpt>
<trkpt lat="42.599634" lon="1.852443">
<ele>1976.67</ele>
</trkpt>
<trkpt lat="42.599647" lon="1.852368">
<ele>1976.496</ele>
</trkpt>
<trkpt lat="42.599669" lon="1.852295">
<ele>1975.893</ele>
</trkpt>
<trkpt lat="42.599692" lon="1.852225">
<ele>1975.24</ele>
</trkpt>
<trkpt lat="42.599714" lon="1.852175">
<ele>1974.631</ele>
</trkpt>
<trkpt lat="42.599745" lon="1.852099">
<ele>1973.902</ele>
</trkpt>
<trkpt lat="42.599755" lon="1.852051">
<ele>1973.797</ele>
</trkpt>
<trkpt lat="42.599757" lon="1.851996">
<ele>1973.986</ele>
</trkpt>
<trkpt lat="42.599766" lon="1.851936">
<ele>1974.034</ele>
</trkpt>
<trkpt lat="42.599792" lon="1.851876">
<ele>1973.697</ele>
</trkpt>
<trkpt lat="42.599814" lon="1.851831">
<ele>1973.418</ele>
</trkpt>
<trkpt lat="42.599836" lon="1.851771">
<ele>1973.223</ele>
</trkpt>
<trkpt lat="42.599862" lon="1.851697">
<ele>1973.022</ele>
</trkpt>
<trkpt lat="42.599895" lon="1.851584">
<ele>1972.8</ele>
</trkpt>
<trkpt lat="42.599929" lon="1.851494">
<ele>1972.454</ele>
</trkpt>
<trkpt lat="42.599932" lon="1.851433">
<ele>1972.493</ele>
</trkpt>
<trkpt lat="42.599914" lon="1.851304">
<ele>1972.794</ele>
</trkpt>
<trkpt lat="42.599896" lon="1.851207">
<ele>1972.908</ele>
</trkpt>
<trkpt lat="42.599886" lon="1.85114">
<ele>1972.822</ele>
</trkpt>
<trkpt lat="42.599879" lon="1.85107">
<ele>1972.593</ele>
</trkpt>
<trkpt lat="42.599875" lon="1.850967">
<ele>1972.057</ele>
</trkpt>
<trkpt lat="42.599872" lon="1.850884">
<ele>1971.616</ele>
</trkpt>
<trkpt lat="42.599882" lon="1.850788">
<ele>1970.758</ele>
</trkpt>
<trkpt lat="42.599884" lon="1.850723">
<ele>1970.255</ele>
</trkpt>
<trkpt lat="42.599881" lon="1.85065">
<ele>1969.792</ele>
</trkpt>
<trkpt lat="42.599869" lon="1.850589">
<ele>1969.616</ele>
</trkpt>
<trkpt lat="42.599838" lon="1.85045">
<ele>1969.298</ele>
</trkpt>
<trkpt lat="42.59981" lon="1.850336">
<ele>1969.247</ele>
</trkpt>
<trkpt lat="42.599786" lon="1.850247">
<ele>1969.438</ele>
</trkpt>
<trkpt lat="42.599743" lon="1.850035">
<ele>1969.649</ele>
</trkpt>
<trkpt lat="42.599701" lon="1.849814">
<ele>1970.074</ele>
</trkpt>
<trkpt lat="42.599689" lon="1.849706">
<ele>1969.96</ele>
</trkpt>
<trkpt lat="42.599679" lon="1.849594">
<ele>1969.887</ele>
</trkpt>
<trkpt lat="42.599667" lon="1.849498">
<ele>1970.032</ele>
</trkpt>
<trkpt lat="42.59963" lon="1.84937">
<ele>1970.999</ele>
</trkpt>
<trkpt lat="42.599604" lon="1.849275">
<ele>1971.659</ele>
</trkpt>
<trkpt lat="42.599567" lon="1.849143">
<ele>1972.587</ele>
</trkpt>
<trkpt lat="42.59955" lon="1.849012">
<ele>1972.336</ele>
</trkpt>
<trkpt lat="42.59954" lon="1.848886">
<ele>1971.526</ele>
</trkpt>
<trkpt lat="42.59951" lon="1.848504">
<ele>1968.491</ele>
</trkpt>
<trkpt lat="42.5995" lon="1.848333">
<ele>1967.057</ele>
</trkpt>
<trkpt lat="42.599488" lon="1.848162">
<ele>1965.773</ele>
</trkpt>
<trkpt lat="42.599478" lon="1.848012">
<ele>1964.682</ele>
</trkpt>
<trkpt lat="42.599472" lon="1.847835">
<ele>1963.28</ele>
</trkpt>
<trkpt lat="42.599462" lon="1.847678">
<ele>1962.322</ele>
</trkpt>
<trkpt lat="42.599457" lon="1.847592">
<ele>1961.838</ele>
</trkpt>
<trkpt lat="42.599456" lon="1.847509">
<ele>1961.268</ele>
</trkpt>
<trkpt lat="42.599462" lon="1.847424">
<ele>1960.453</ele>
</trkpt>
<trkpt lat="42.599476" lon="1.847316">
<ele>1959.231</ele>
</trkpt>
<trkpt lat="42.59949" lon="1.847192">
<ele>1957.991</ele>
</trkpt>
<trkpt lat="42.59949" lon="1.847102">
<ele>1957.538</ele>
</trkpt>
<trkpt lat="42.599485" lon="1.846991">
<ele>1957.263</ele>
</trkpt>
<trkpt lat="42.59947" lon="1.846877">
<ele>1957.499</ele>
</trkpt>
<trkpt lat="42.599462" lon="1.846766">
<ele>1957.568</ele>
</trkpt>
<trkpt lat="42.599436" lon="1.84665">
<ele>1958.355</ele>
</trkpt>
<trkpt lat="42.599409" lon="1.84655">
<ele>1959.236</ele>
</trkpt>
<trkpt lat="42.599361" lon="1.846383">
<ele>1960.73</ele>
</trkpt>
<trkpt lat="42.599326" lon="1.846292">
<ele>1961.769</ele>
</trkpt>
<trkpt lat="42.599266" lon="1.846152">
<ele>1963.457</ele>
</trkpt>
<trkpt lat="42.599208" lon="1.846022">
<ele>1964.855</ele>
</trkpt>
<trkpt lat="42.599148" lon="1.845872">
<ele>1965.932</ele>
</trkpt>
<trkpt lat="42.599102" lon="1.845774">
<ele>1966.711</ele>
</trkpt>
<trkpt lat="42.599066" lon="1.845693">
<ele>1967.154</ele>
</trkpt>
<trkpt lat="42.599037" lon="1.845625">
<ele>1967.407</ele>
</trkpt>
<trkpt lat="42.59902" lon="1.845545">
<ele>1967.019</ele>
</trkpt>
<trkpt lat="42.599016" lon="1.845406">
<ele>1965.402</ele>
</trkpt>
<trkpt lat="42.599012" lon="1.845309">
<ele>1964.31</ele>
</trkpt>
<trkpt lat="42.599011" lon="1.845221">
<ele>1963.254</ele>
</trkpt>
<trkpt lat="42.599003" lon="1.845102">
<ele>1962.211</ele>
</trkpt>
<trkpt lat="42.598992" lon="1.844936">
<ele>1960.973</ele>
</trkpt>
<trkpt lat="42.598982" lon="1.844758">
<ele>1959.756</ele>
</trkpt>
<trkpt lat="42.598978" lon="1.844619">
<ele>1958.78</ele>
</trkpt>
<trkpt lat="42.598982" lon="1.844494">
<ele>1957.661</ele>
</trkpt>
<trkpt lat="42.598979" lon="1.844384">
<ele>1956.96</ele>
</trkpt>
<trkpt lat="42.598978" lon="1.844288">
<ele>1956.305</ele>
</trkpt>
<trkpt lat="42.598966" lon="1.84418">
<ele>1955.981</ele>
</trkpt>
<trkpt lat="42.59894" lon="1.844082">
<ele>1956.285</ele>
</trkpt>
<trkpt lat="42.598904" lon="1.843955">
<ele>1956.74</ele>
</trkpt>
<trkpt lat="42.59887" lon="1.843857">
<ele>1957.264</ele>
</trkpt>
<trkpt lat="42.598814" lon="1.843748">
<ele>1958.645</ele>
</trkpt>
<trkpt lat="42.59877" lon="1.843663">
<ele>1959.934</ele>
</trkpt>
<trkpt lat="42.598726" lon="1.84359">
<ele>1961.531</ele>
</trkpt>
<trkpt lat="42.598686" lon="1.843516">
<ele>1963.118</ele>
</trkpt>
<trkpt lat="42.598658" lon="1.84338">
<ele>1963.84</ele>
</trkpt>
<trkpt lat="42.598636" lon="1.843307">
<ele>1964.696</ele>
</trkpt>
<trkpt lat="42.59863" lon="1.843222">
<ele>1964.672</ele>
</trkpt>
<trkpt lat="42.598625" lon="1.84311">
<ele>1964.461</ele>
</trkpt>
<trkpt lat="42.598606" lon="1.842977">
<ele>1964.7</ele>
</trkpt>
<trkpt lat="42.598593" lon="1.842884">
<ele>1964.554</ele>
</trkpt>
<trkpt lat="42.598575" lon="1.842787">
<ele>1964.576</ele>
</trkpt>
<trkpt lat="42.598567" lon="1.84269">
<ele>1964.061</ele>
</trkpt>
<trkpt lat="42.598562" lon="1.842601">
<ele>1963.472</ele>
</trkpt>
<trkpt lat="42.598547" lon="1.842452">
<ele>1963.036</ele>
</trkpt>
<trkpt lat="42.598534" lon="1.842307">
<ele>1962.946</ele>
</trkpt>
<trkpt lat="42.598518" lon="1.842135">
<ele>1962.953</ele>
</trkpt>
<trkpt lat="42.598497" lon="1.841954">
<ele>1962.153</ele>
</trkpt>
<trkpt lat="42.598473" lon="1.841813">
<ele>1961.566</ele>
</trkpt>
<trkpt lat="42.598444" lon="1.841725">
<ele>1961.933</ele>
</trkpt>
<trkpt lat="42.598412" lon="1.841606">
<ele>1961.749</ele>
</trkpt>
<trkpt lat="42.598378" lon="1.841518">
<ele>1962.05</ele>
</trkpt>
<trkpt lat="42.598326" lon="1.841447">
<ele>1963.553</ele>
</trkpt>
<trkpt lat="42.59828" lon="1.841364">
<ele>1964.416</ele>
</trkpt>
<trkpt lat="42.598255" lon="1.841282">
<ele>1964.168</ele>
</trkpt>
<trkpt lat="42.598235" lon="1.841178">
<ele>1963.356</ele>
</trkpt>
<trkpt lat="42.598224" lon="1.841069">
<ele>1962.157</ele>
</trkpt>
<trkpt lat="42.59822" lon="1.840892">
<ele>1959.957</ele>
</trkpt>
<trkpt lat="42.598206" lon="1.840751">
<ele>1959.21</ele>
</trkpt>
<trkpt lat="42.598203" lon="1.840619">
<ele>1958.195</ele>
</trkpt>
<trkpt lat="42.598196" lon="1.840491">
<ele>1957.465</ele>
</trkpt>
<trkpt lat="42.598184" lon="1.840368">
<ele>1957.009</ele>
</trkpt>
<trkpt lat="42.598164" lon="1.840248">
<ele>1956.513</ele>
</trkpt>
<trkpt lat="42.598137" lon="1.840123">
<ele>1955.85</ele>
</trkpt>
<trkpt lat="42.598079" lon="1.839908">
<ele>1954.855</ele>
</trkpt>
<trkpt lat="42.59805" lon="1.839831">
<ele>1954.665</ele>
</trkpt>
<trkpt lat="42.598063" lon="1.839767">
<ele>1952.716</ele>
</trkpt>
<trkpt lat="42.598071" lon="1.839741">
<ele>1951.827</ele>
</trkpt>
<trkpt lat="42.598078" lon="1.8397">
<ele>1950.714</ele>
</trkpt>
<trkpt lat="42.598078" lon="1.839626">
<ele>1949.289</ele>
</trkpt>
<trkpt lat="42.598082" lon="1.839522">
<ele>1947.152</ele>
</trkpt>
<trkpt lat="42.59808" lon="1.839447">
<ele>1945.87</ele>
</trkpt>
<trkpt lat="42.598076" lon="1.839363">
<ele>1944.609</ele>
</trkpt>
<trkpt lat="42.598063" lon="1.839257">
<ele>1943.463</ele>
</trkpt>
<trkpt lat="42.598049" lon="1.839171">
<ele>1942.707</ele>
</trkpt>
<trkpt lat="42.598038" lon="1.839073">
<ele>1941.653</ele>
</trkpt>
<trkpt lat="42.598028" lon="1.838989">
<ele>1940.739</ele>
</trkpt>
<trkpt lat="42.598011" lon="1.838908">
<ele>1940.083</ele>
</trkpt>
<trkpt lat="42.597987" lon="1.83884">
<ele>1939.837</ele>
</trkpt>
<trkpt lat="42.597986" lon="1.838799">
<ele>1939.288</ele>
</trkpt>
<trkpt lat="42.598008" lon="1.838751">
<ele>1937.972</ele>
</trkpt>
<trkpt lat="42.598024" lon="1.838681">
<ele>1936.578</ele>
</trkpt>
<trkpt lat="42.598056" lon="1.838612">
<ele>1934.809</ele>
</trkpt>
<trkpt lat="42.598081" lon="1.838543">
<ele>1933.296</ele>
</trkpt>
<trkpt lat="42.598092" lon="1.83845">
<ele>1931.926</ele>
</trkpt>
<trkpt lat="42.598101" lon="1.838345">
<ele>1930.541</ele>
</trkpt>
<trkpt lat="42.598119" lon="1.838253">
<ele>1929.096</ele>
</trkpt>
<trkpt lat="42.598127" lon="1.838157">
<ele>1927.879</ele>
</trkpt>
<trkpt lat="42.598136" lon="1.838072">
<ele>1926.723</ele>
</trkpt>
<trkpt lat="42.598133" lon="1.837976">
<ele>1925.808</ele>
</trkpt>
<trkpt lat="42.59813" lon="1.837887">
<ele>1925.044</ele>
</trkpt>
<trkpt lat="42.598129" lon="1.837763">
<ele>1924.021</ele>
</trkpt>
<trkpt lat="42.598139" lon="1.837662">
<ele>1922.913</ele>
</trkpt>
<trkpt lat="42.598142" lon="1.837601">
<ele>1922.407</ele>
</trkpt>
<trkpt lat="42.598159" lon="1.837533">
<ele>1921.405</ele>
</trkpt>
<trkpt lat="42.59817" lon="1.837481">
<ele>1920.753</ele>
</trkpt>
<trkpt lat="42.59816" lon="1.837424">
<ele>1920.933</ele>
</trkpt>
<trkpt lat="42.598148" lon="1.837366">
<ele>1921.242</ele>
</trkpt>
<trkpt lat="42.598148" lon="1.83726">
<ele>1920.981</ele>
</trkpt>
<trkpt lat="42.598163" lon="1.837109">
<ele>1920.091</ele>
</trkpt>
<trkpt lat="42.598181" lon="1.836977">
<ele>1919.077</ele>
</trkpt>
<trkpt lat="42.598244" lon="1.836736">
<ele>1915.472</ele>
</trkpt>
<trkpt lat="42.59826" lon="1.836655">
<ele>1914.484</ele>
</trkpt>
<trkpt lat="42.598276" lon="1.836579">
<ele>1913.357</ele>
</trkpt>
<trkpt lat="42.598299" lon="1.836466">
<ele>1911.561</ele>
</trkpt>
<trkpt lat="42.59831" lon="1.836407">
<ele>1910.906</ele>
</trkpt>
<trkpt lat="42.598325" lon="1.836291">
<ele>1911.031</ele>
</trkpt>
<trkpt lat="42.598336" lon="1.836208">
<ele>1911.908</ele>
</trkpt>
<trkpt lat="42.598351" lon="1.836129">
<ele>1912.809</ele>
</trkpt>
<trkpt lat="42.598372" lon="1.83604">
<ele>1913.636</ele>
</trkpt>
<trkpt lat="42.598393" lon="1.836">
<ele>1913.377</ele>
</trkpt>
<trkpt lat="42.59842" lon="1.83595">
<ele>1913.075</ele>
</trkpt>
<trkpt lat="42.598414" lon="1.835905">
<ele>1914.58</ele>
</trkpt>
<trkpt lat="42.598394" lon="1.835846">
<ele>1917.284</ele>
</trkpt>
<trkpt lat="42.598393" lon="1.835782">
<ele>1918.982</ele>
</trkpt>
<trkpt lat="42.598408" lon="1.835726">
<ele>1919.414</ele>
</trkpt>
<trkpt lat="42.598406" lon="1.835676">
<ele>1920.627</ele>
</trkpt>
<trkpt lat="42.598394" lon="1.835628">
<ele>1922.369</ele>
</trkpt>
<trkpt lat="42.598413" lon="1.835554">
<ele>1922.708</ele>
</trkpt>
<trkpt lat="42.598454" lon="1.8355">
<ele>1921.075</ele>
</trkpt>
<trkpt lat="42.598488" lon="1.835451">
<ele>1919.579</ele>
</trkpt>
<trkpt lat="42.598508" lon="1.835354">
<ele>1919.375</ele>
</trkpt>
<trkpt lat="42.59852" lon="1.835275">
<ele>1919.211</ele>
</trkpt>
<trkpt lat="42.598525" lon="1.835196">
<ele>1919.395</ele>
</trkpt>
<trkpt lat="42.598546" lon="1.835122">
<ele>1918.264</ele>
</trkpt>
<trkpt lat="42.598579" lon="1.835034">
<ele>1916.098</ele>
</trkpt>
<trkpt lat="42.598595" lon="1.834953">
<ele>1915.073</ele>
</trkpt>
<trkpt lat="42.598604" lon="1.834859">
<ele>1914.687</ele>
</trkpt>
<trkpt lat="42.598614" lon="1.834784">
<ele>1914.323</ele>
</trkpt>
<trkpt lat="42.598628" lon="1.834698">
<ele>1913.816</ele>
</trkpt>
<trkpt lat="42.598646" lon="1.834631">
<ele>1912.939</ele>
</trkpt>
<trkpt lat="42.598703" lon="1.834526">
<ele>1909.451</ele>
</trkpt>
<trkpt lat="42.598738" lon="1.834485">
<ele>1907.141</ele>
</trkpt>
<trkpt lat="42.598775" lon="1.834421">
<ele>1905.0</ele>
</trkpt>
<trkpt lat="42.598793" lon="1.834348">
<ele>1904.567</ele>
</trkpt>
<trkpt lat="42.598828" lon="1.834246">
<ele>1903.255</ele>
</trkpt>
<trkpt lat="42.598859" lon="1.834168">
<ele>1901.921</ele>
</trkpt>
<trkpt lat="42.598886" lon="1.834104">
<ele>1900.714</ele>
</trkpt>
<trkpt lat="42.598919" lon="1.834001">
<ele>1899.577</ele>
</trkpt>
<trkpt lat="42.598941" lon="1.833957">
<ele>1898.316</ele>
</trkpt>
<trkpt lat="42.598956" lon="1.833892">
<ele>1897.934</ele>
</trkpt>
<trkpt lat="42.598954" lon="1.833826">
<ele>1899.078</ele>
</trkpt>
<trkpt lat="42.598949" lon="1.833756">
<ele>1900.551</ele>
</trkpt>
<trkpt lat="42.598963" lon="1.833694">
<ele>1900.13</ele>
</trkpt>
<trkpt lat="42.598987" lon="1.833556">
<ele>1899.792</ele>
</trkpt>
<trkpt lat="42.599006" lon="1.833458">
<ele>1899.397</ele>
</trkpt>
<trkpt lat="42.599027" lon="1.833407">
<ele>1898.257</ele>
</trkpt>
<trkpt lat="42.599059" lon="1.833347">
<ele>1896.376</ele>
</trkpt>
<trkpt lat="42.599076" lon="1.833308">
<ele>1895.521</ele>
</trkpt>
<trkpt lat="42.599083" lon="1.833246">
<ele>1895.896</ele>
</trkpt>
<trkpt lat="42.599097" lon="1.833175">
<ele>1895.918</ele>
</trkpt>
<trkpt lat="42.599113" lon="1.833093">
<ele>1896.044</ele>
</trkpt>
<trkpt lat="42.599153" lon="1.832989">
<ele>1894.753</ele>
</trkpt>
<trkpt lat="42.599198" lon="1.832845">
<ele>1893.817</ele>
</trkpt>
<trkpt lat="42.599226" lon="1.83278">
<ele>1892.836</ele>
</trkpt>
<trkpt lat="42.599227" lon="1.832745">
<ele>1893.305</ele>
</trkpt>
<trkpt lat="42.599208" lon="1.832738">
<ele>1894.764</ele>
</trkpt>
<trkpt lat="42.599173" lon="1.832744">
<ele>1897.118</ele>
</trkpt>
<trkpt lat="42.599158" lon="1.832731">
<ele>1898.32</ele>
</trkpt>
<trkpt lat="42.59915" lon="1.832695">
<ele>1899.32</ele>
</trkpt>
<trkpt lat="42.599168" lon="1.832655">
<ele>1898.596</ele>
</trkpt>
<trkpt lat="42.599196" lon="1.832617">
<ele>1897.135</ele>
</trkpt>
<trkpt lat="42.599215" lon="1.832552">
<ele>1896.501</ele>
</trkpt>
<trkpt lat="42.599215" lon="1.832463">
<ele>1897.307</ele>
</trkpt>
<trkpt lat="42.599218" lon="1.832274">
<ele>1898.743</ele>
</trkpt>
<trkpt lat="42.599225" lon="1.832185">
<ele>1898.994</ele>
</trkpt>
<trkpt lat="42.59924" lon="1.832125">
<ele>1898.432</ele>
</trkpt>
<trkpt lat="42.599282" lon="1.832038">
<ele>1896.138</ele>
</trkpt>
<trkpt lat="42.599315" lon="1.831975">
<ele>1894.251</ele>
</trkpt>
<trkpt lat="42.599342" lon="1.831919">
<ele>1892.687</ele>
</trkpt>
<trkpt lat="42.599364" lon="1.831844">
<ele>1891.511</ele>
</trkpt>
<trkpt lat="42.599376" lon="1.831768">
<ele>1890.896</ele>
</trkpt>
<trkpt lat="42.599375" lon="1.831655">
<ele>1891.071</ele>
</trkpt>
<trkpt lat="42.599374" lon="1.831549">
<ele>1890.909</ele>
</trkpt>
<trkpt lat="42.599367" lon="1.831424">
<ele>1890.541</ele>
</trkpt>
<trkpt lat="42.599359" lon="1.831328">
<ele>1889.959</ele>
</trkpt>
<trkpt lat="42.599355" lon="1.831242">
<ele>1888.907</ele>
</trkpt>
<trkpt lat="42.599352" lon="1.83115">
<ele>1887.431</ele>
</trkpt>
<trkpt lat="42.599351" lon="1.831019">
<ele>1884.547</ele>
</trkpt>
<trkpt lat="42.599359" lon="1.830905">
<ele>1881.073</ele>
</trkpt>
<trkpt lat="42.599362" lon="1.830822">
<ele>1878.706</ele>
</trkpt>
<trkpt lat="42.599346" lon="1.830737">
<ele>1877.388</ele>
</trkpt>
<trkpt lat="42.599308" lon="1.830683">
<ele>1878.256</ele>
</trkpt>
<trkpt lat="42.599256" lon="1.830623">
<ele>1879.767</ele>
</trkpt>
<trkpt lat="42.599244" lon="1.830564">
<ele>1878.88</ele>
</trkpt>
<trkpt lat="42.599255" lon="1.83041">
<ele>1874.418</ele>
</trkpt>
<trkpt lat="42.599265" lon="1.830277">
<ele>1870.98</ele>
</trkpt>
<trkpt lat="42.599266" lon="1.830186">
<ele>1869.288</ele>
</trkpt>
<trkpt lat="42.59926" lon="1.830096">
<ele>1868.264</ele>
</trkpt>
<trkpt lat="42.599257" lon="1.829994">
<ele>1867.084</ele>
</trkpt>
<trkpt lat="42.599246" lon="1.829848">
<ele>1866.027</ele>
</trkpt>
<trkpt lat="42.599243" lon="1.829746">
<ele>1865.259</ele>
</trkpt>
<trkpt lat="42.599199" lon="1.829636">
<ele>1866.406</ele>
</trkpt>
<trkpt lat="42.599169" lon="1.829509">
<ele>1866.386</ele>
</trkpt>
<trkpt lat="42.599118" lon="1.829317">
<ele>1866.226</ele>
</trkpt>
<trkpt lat="42.599092" lon="1.829176">
<ele>1865.214</ele>
</trkpt>
<trkpt lat="42.599112" lon="1.829003">
<ele>1860.979</ele>
</trkpt>
<trkpt lat="42.599143" lon="1.828798">
<ele>1854.659</ele>
</trkpt>
<trkpt lat="42.599195" lon="1.828614">
<ele>1847.421</ele>
</trkpt>
<trkpt lat="42.599246" lon="1.82852">
<ele>1842.358</ele>
</trkpt>
<trkpt lat="42.599251" lon="1.828475">
<ele>1841.026</ele>
</trkpt>
<trkpt lat="42.599261" lon="1.828386">
<ele>1838.555</ele>
</trkpt>
<trkpt lat="42.599261" lon="1.828334">
<ele>1837.502</ele>
</trkpt>
<trkpt lat="42.599255" lon="1.828292">
<ele>1836.994</ele>
</trkpt>
<trkpt lat="42.599258" lon="1.828221">
<ele>1835.525</ele>
</trkpt>
<trkpt lat="42.599267" lon="1.82815">
<ele>1833.862</ele>
</trkpt>
<trkpt lat="42.599283" lon="1.828101">
<ele>1832.303</ele>
</trkpt>
<trkpt lat="42.599315" lon="1.828057">
<ele>1830.089</ele>
</trkpt>
<trkpt lat="42.599337" lon="1.827998">
<ele>1828.253</ele>
</trkpt>
<trkpt lat="42.599359" lon="1.827989">
<ele>1827.052</ele>
</trkpt>
<trkpt lat="42.59939" lon="1.82795">
<ele>1825.082</ele>
</trkpt>
<trkpt lat="42.599395" lon="1.827872">
<ele>1824.086</ele>
</trkpt>
<trkpt lat="42.599388" lon="1.827774">
<ele>1823.576</ele>
</trkpt>
<trkpt lat="42.59938" lon="1.827704">
<ele>1823.407</ele>
</trkpt>
<trkpt lat="42.59937" lon="1.827626">
<ele>1823.316</ele>
</trkpt>
<trkpt lat="42.59935" lon="1.827512">
<ele>1823.458</ele>
</trkpt>
<trkpt lat="42.599325" lon="1.827385">
<ele>1823.693</ele>
</trkpt>
<trkpt lat="42.599321" lon="1.827244">
<ele>1823.129</ele>
</trkpt>
<trkpt lat="42.599315" lon="1.827183">
<ele>1823.046</ele>
</trkpt>
<trkpt lat="42.599313" lon="1.827085">
<ele>1822.742</ele>
</trkpt>
<trkpt lat="42.599313" lon="1.826982">
<ele>1822.466</ele>
</trkpt>
<trkpt lat="42.599315" lon="1.826913">
<ele>1822.314</ele>
</trkpt>
<trkpt lat="42.599321" lon="1.826836">
<ele>1822.16</ele>
</trkpt>
<trkpt lat="42.599287" lon="1.826718">
<ele>1822.759</ele>
</trkpt>
<trkpt lat="42.599261" lon="1.82662">
<ele>1823.199</ele>
</trkpt>
<trkpt lat="42.599244" lon="1.826542">
<ele>1823.439</ele>
</trkpt>
<trkpt lat="42.599197" lon="1.82644">
<ele>1823.743</ele>
</trkpt>
<trkpt lat="42.599191" lon="1.826372">
<ele>1823.63</ele>
</trkpt>
<trkpt lat="42.599182" lon="1.826298">
<ele>1823.181</ele>
</trkpt>
<trkpt lat="42.599164" lon="1.826166">
<ele>1821.285</ele>
</trkpt>
<trkpt lat="42.599141" lon="1.826123">
<ele>1820.136</ele>
</trkpt>
<trkpt lat="42.59912" lon="1.826044">
<ele>1818.226</ele>
</trkpt>
<trkpt lat="42.599098" lon="1.825985">
<ele>1816.663</ele>
</trkpt>
<trkpt lat="42.599072" lon="1.825939">
<ele>1815.254</ele>
</trkpt>
<trkpt lat="42.599011" lon="1.825862">
<ele>1812.616</ele>
</trkpt>
<trkpt lat="42.599015" lon="1.82582">
<ele>1812.01</ele>
</trkpt>
<trkpt lat="42.59901" lon="1.825777">
<ele>1811.237</ele>
</trkpt>
<trkpt lat="42.59901" lon="1.825733">
<ele>1810.57</ele>
</trkpt>
<trkpt lat="42.599028" lon="1.825695">
<ele>1810.342</ele>
</trkpt>
<trkpt lat="42.599057" lon="1.825664">
<ele>1810.462</ele>
</trkpt>
<trkpt lat="42.599072" lon="1.825608">
<ele>1810.081</ele>
</trkpt>
<trkpt lat="42.599072" lon="1.825539">
<ele>1809.357</ele>
</trkpt>
<trkpt lat="42.599077" lon="1.825466">
<ele>1808.766</ele>
</trkpt>
<trkpt lat="42.599098" lon="1.825358">
<ele>1808.173</ele>
</trkpt>
<trkpt lat="42.599113" lon="1.825281">
<ele>1807.61</ele>
</trkpt>
<trkpt lat="42.599122" lon="1.825212">
<ele>1806.926</ele>
</trkpt>
<trkpt lat="42.599119" lon="1.825135">
<ele>1805.843</ele>
</trkpt>
<trkpt lat="42.599113" lon="1.825109">
<ele>1805.377</ele>
</trkpt>
<trkpt lat="42.599078" lon="1.825098">
<ele>1804.455</ele>
</trkpt>
<trkpt lat="42.599065" lon="1.825068">
<ele>1803.855</ele>
</trkpt>
<trkpt lat="42.59906" lon="1.824973">
<ele>1802.88</ele>
</trkpt>
<trkpt lat="42.599049" lon="1.824824">
<ele>1801.405</ele>
</trkpt>
<trkpt lat="42.599058" lon="1.824745">
<ele>1800.68</ele>
</trkpt>
<trkpt lat="42.599076" lon="1.82466">
<ele>1799.794</ele>
</trkpt>
<trkpt lat="42.599096" lon="1.824522">
<ele>1797.795</ele>
</trkpt>
<trkpt lat="42.599105" lon="1.824418">
<ele>1795.713</ele>
</trkpt>
<trkpt lat="42.59913" lon="1.82434">
<ele>1793.448</ele>
</trkpt>
<trkpt lat="42.599148" lon="1.82428">
<ele>1791.48</ele>
</trkpt>
<trkpt lat="42.599135" lon="1.824246">
<ele>1790.559</ele>
</trkpt>
<trkpt lat="42.599093" lon="1.824191">
<ele>1790.341</ele>
</trkpt>
<trkpt lat="42.599089" lon="1.824122">
<ele>1789.877</ele>
</trkpt>
<trkpt lat="42.59911" lon="1.824026">
<ele>1789.185</ele>
</trkpt>
<trkpt lat="42.599109" lon="1.823936">
<ele>1789.677</ele>
</trkpt>
<trkpt lat="42.599095" lon="1.823821">
<ele>1790.009</ele>
</trkpt>
<trkpt lat="42.599066" lon="1.823659">
<ele>1789.445</ele>
</trkpt>
<trkpt lat="42.59904" lon="1.82353">
<ele>1788.512</ele>
</trkpt>
<trkpt lat="42.599014" lon="1.823441">
<ele>1788.111</ele>
</trkpt>
<trkpt lat="42.598952" lon="1.82333">
<ele>1789.743</ele>
</trkpt>
<trkpt lat="42.59891" lon="1.823232">
<ele>1790.515</ele>
</trkpt>
<trkpt lat="42.598877" lon="1.823173">
<ele>1791.648</ele>
</trkpt>
<trkpt lat="42.59885" lon="1.823028">
<ele>1790.502</ele>
</trkpt>
<trkpt lat="42.598846" lon="1.822955">
<ele>1789.388</ele>
</trkpt>
<trkpt lat="42.598842" lon="1.822916">
<ele>1789.042</ele>
</trkpt>
<trkpt lat="42.598816" lon="1.822814">
<ele>1789.436</ele>
</trkpt>
<trkpt lat="42.598798" lon="1.822724">
<ele>1789.335</ele>
</trkpt>
<trkpt lat="42.598774" lon="1.822636">
<ele>1789.506</ele>
</trkpt>
<trkpt lat="42.59877" lon="1.822547">
<ele>1788.539</ele>
</trkpt>
<trkpt lat="42.598763" lon="1.82245">
<ele>1787.704</ele>
</trkpt>
<trkpt lat="42.598743" lon="1.822352">
<ele>1787.322</ele>
</trkpt>
<trkpt lat="42.598714" lon="1.822275">
<ele>1787.211</ele>
</trkpt>
<trkpt lat="42.598691" lon="1.822208">
<ele>1786.675</ele>
</trkpt>
<trkpt lat="42.598677" lon="1.822109">
<ele>1785.06</ele>
</trkpt>
<trkpt lat="42.598671" lon="1.822014">
<ele>1783.989</ele>
</trkpt>
<trkpt lat="42.598672" lon="1.821899">
<ele>1783.463</ele>
</trkpt>
<trkpt lat="42.5987" lon="1.821624">
<ele>1780.898</ele>
</trkpt>
<trkpt lat="42.598726" lon="1.821366">
<ele>1778.897</ele>
</trkpt>
<trkpt lat="42.59876" lon="1.821254">
<ele>1777.451</ele>
</trkpt>
<trkpt lat="42.598795" lon="1.821197">
<ele>1775.529</ele>
</trkpt>
<trkpt lat="42.598819" lon="1.821146">
<ele>1774.36</ele>
</trkpt>
<trkpt lat="42.598812" lon="1.821047">
<ele>1776.149</ele>
</trkpt>
<trkpt lat="42.598844" lon="1.820932">
<ele>1775.371</ele>
</trkpt>
<trkpt lat="42.598885" lon="1.820771">
<ele>1774.851</ele>
</trkpt>
<trkpt lat="42.598932" lon="1.820692">
<ele>1772.774</ele>
</trkpt>
<trkpt lat="42.598937" lon="1.82062">
<ele>1773.876</ele>
</trkpt>
<trkpt lat="42.599019" lon="1.820365">
<ele>1772.641</ele>
</trkpt>
<trkpt lat="42.599044" lon="1.820294">
<ele>1772.116</ele>
</trkpt>
<trkpt lat="42.599062" lon="1.820234">
<ele>1771.925</ele>
</trkpt>
<trkpt lat="42.599074" lon="1.820179">
<ele>1772.098</ele>
</trkpt>
<trkpt lat="42.599074" lon="1.820118">
<ele>1773.261</ele>
</trkpt>
<trkpt lat="42.599086" lon="1.819922">
<ele>1776.122</ele>
</trkpt>
<trkpt lat="42.59909" lon="1.819742">
<ele>1779.199</ele>
</trkpt>
<trkpt lat="42.599078" lon="1.8195">
<ele>1783.993</ele>
</trkpt>
<trkpt lat="42.599055" lon="1.819246">
<ele>1787.413</ele>
</trkpt>
<trkpt lat="42.599036" lon="1.819126">
<ele>1787.409</ele>
</trkpt>
<trkpt lat="42.599005" lon="1.819084">
<ele>1788.476</ele>
</trkpt>
<trkpt lat="42.598964" lon="1.81906">
<ele>1790.291</ele>
</trkpt>
<trkpt lat="42.598911" lon="1.819024">
<ele>1792.637</ele>
</trkpt>
<trkpt lat="42.598854" lon="1.818977">
<ele>1795.288</ele>
</trkpt>
<trkpt lat="42.598747" lon="1.818887">
<ele>1800.7</ele>
</trkpt>
<trkpt lat="42.598659" lon="1.818789">
<ele>1803.353</ele>
</trkpt>
<trkpt lat="42.598569" lon="1.818554">
<ele>1798.749</ele>
</trkpt>
<trkpt lat="42.598471" lon="1.81831">
<ele>1789.549</ele>
</trkpt>
<trkpt lat="42.598362" lon="1.818195">
<ele>1784.744</ele>
</trkpt>
<trkpt lat="42.598222" lon="1.818147">
<ele>1783.19</ele>
</trkpt>
<trkpt lat="42.597949" lon="1.818113">
<ele>1783.118</ele>
</trkpt>
<trkpt lat="42.597755" lon="1.818066">
<ele>1781.974</ele>
</trkpt>
<trkpt lat="42.59762" lon="1.817931">
<ele>1774.985</ele>
</trkpt>
<trkpt lat="42.597435" lon="1.817667">
<ele>1762.083</ele>
</trkpt>
<trkpt lat="42.59725" lon="1.817402">
<ele>1753.047</ele>
</trkpt>
<trkpt lat="42.597107" lon="1.817131">
<ele>1749.234</ele>
</trkpt>
<trkpt lat="42.596909" lon="1.816746">
<ele>1750.167</ele>
</trkpt>
<trkpt lat="42.596818" lon="1.81651">
<ele>1745.164</ele>
</trkpt>
<trkpt lat="42.596662" lon="1.816206">
<ele>1738.321</ele>
</trkpt>
<trkpt lat="42.596543" lon="1.816029">
<ele>1734.789</ele>
</trkpt>
<trkpt lat="42.596338" lon="1.815811">
<ele>1730.078</ele>
</trkpt>
<trkpt lat="42.596279" lon="1.815693">
<ele>1724.147</ele>
</trkpt>
<trkpt lat="42.596403" lon="1.81569">
<ele>1721.255</ele>
</trkpt>
<trkpt lat="42.59644" lon="1.815608">
<ele>1715.599</ele>
</trkpt>
<trkpt lat="42.596389" lon="1.81551">
<ele>1711.287</ele>
</trkpt>
<trkpt lat="42.596251" lon="1.815443">
<ele>1709.094</ele>
</trkpt>
<trkpt lat="42.596209" lon="1.815401">
<ele>1706.58</ele>
</trkpt>
<trkpt lat="42.59632" lon="1.815356">
<ele>1703.355</ele>
</trkpt>
<trkpt lat="42.59637" lon="1.815299">
<ele>1699.262</ele>
</trkpt>
<trkpt lat="42.596309" lon="1.815231">
<ele>1695.887</ele>
</trkpt>
<trkpt lat="42.596112" lon="1.815179">
<ele>1692.35</ele>
</trkpt>
<trkpt lat="42.595768" lon="1.815092">
<ele>1683.431</ele>
</trkpt>
<trkpt lat="42.595572" lon="1.81483">
<ele>1675.041</ele>
</trkpt>
<trkpt lat="42.595379" lon="1.814431">
<ele>1672.004</ele>
</trkpt>
<trkpt lat="42.59517" lon="1.814035">
<ele>1670.167</ele>
</trkpt>
<trkpt lat="42.594901" lon="1.813707">
<ele>1671.63</ele>
</trkpt>
<trkpt lat="42.594632" lon="1.813379">
<ele>1670.901</ele>
</trkpt>
<trkpt lat="42.594395" lon="1.813091">
<ele>1669.694</ele>
</trkpt>
<trkpt lat="42.594052" lon="1.812767">
<ele>1672.461</ele>
</trkpt>
<trkpt lat="42.59385" lon="1.81262">
<ele>1675.646</ele>
</trkpt>
<trkpt lat="42.593649" lon="1.812473">
<ele>1676.337</ele>
</trkpt>
<trkpt lat="42.593283" lon="1.812304">
<ele>1681.512</ele>
</trkpt>
<trkpt lat="42.593018" lon="1.812181">
<ele>1684.165</ele>
</trkpt>
<trkpt lat="42.593102" lon="1.81211">
<ele>1675.605</ele>
</trkpt>
<trkpt lat="42.593162" lon="1.812087">
<ele>1671.363</ele>
</trkpt>
<trkpt lat="42.593247" lon="1.812051">
<ele>1665.072</ele>
</trkpt>
<trkpt lat="42.593186" lon="1.811979">
<ele>1662.563</ele>
</trkpt>
<trkpt lat="42.593004" lon="1.811851">
<ele>1660.653</ele>
</trkpt>
<trkpt lat="42.593074" lon="1.811822">
<ele>1655.901</ele>
</trkpt>
<trkpt lat="42.593223" lon="1.811841">
<ele>1651.178</ele>
</trkpt>
<trkpt lat="42.593436" lon="1.811871">
<ele>1643.855</ele>
</trkpt>
<trkpt lat="42.593209" lon="1.811636">
<ele>1637.82</ele>
</trkpt>
<trkpt lat="42.592951" lon="1.811517">
<ele>1638.829</ele>
</trkpt>
<trkpt lat="42.592566" lon="1.811291">
<ele>1637.907</ele>
</trkpt>
<trkpt lat="42.592279" lon="1.811138">
<ele>1644.015</ele>
</trkpt>
<trkpt lat="42.592014" lon="1.810929">
<ele>1649.303</ele>
</trkpt>
<trkpt lat="42.591847" lon="1.810734">
<ele>1650.141</ele>
</trkpt>
<trkpt lat="42.591679" lon="1.810511">
<ele>1649.769</ele>
</trkpt>
<trkpt lat="42.59151" lon="1.810288">
<ele>1646.849</ele>
</trkpt>
<trkpt lat="42.591288" lon="1.80978">
<ele>1626.108</ele>
</trkpt>
<trkpt lat="42.591129" lon="1.809245">
<ele>1611.608</ele>
</trkpt>
<trkpt lat="42.591009" lon="1.808957">
<ele>1608.618</ele>
</trkpt>
<trkpt lat="42.590874" lon="1.808672">
<ele>1604.618</ele>
</trkpt>
<trkpt lat="42.590738" lon="1.808481">
<ele>1603.038</ele>
</trkpt>
<trkpt lat="42.590609" lon="1.808366">
<ele>1603.272</ele>
</trkpt>
<trkpt lat="42.590517" lon="1.80827">
<ele>1602.193</ele>
</trkpt>
<trkpt lat="42.590445" lon="1.808216">
<ele>1602.309</ele>
</trkpt>
<trkpt lat="42.590355" lon="1.808145">
<ele>1602.11</ele>
</trkpt>
<trkpt lat="42.590292" lon="1.808069">
<ele>1600.62</ele>
</trkpt>
<trkpt lat="42.590281" lon="1.807968">
<ele>1595.965</ele>
</trkpt>
<trkpt lat="42.590246" lon="1.807828">
<ele>1590.701</ele>
</trkpt>
<trkpt lat="42.590212" lon="1.807753">
<ele>1588.687</ele>
</trkpt>
<trkpt lat="42.590153" lon="1.80767">
<ele>1587.611</ele>
</trkpt>
<trkpt lat="42.590084" lon="1.807576">
<ele>1586.792</ele>
</trkpt>
<trkpt lat="42.590017" lon="1.807423">
<ele>1583.682</ele>
</trkpt>
<trkpt lat="42.589979" lon="1.807319">
<ele>1581.321</ele>
</trkpt>
<trkpt lat="42.58994" lon="1.807205">
<ele>1578.669</ele>
</trkpt>
<trkpt lat="42.589886" lon="1.80708">
<ele>1576.465</ele>
</trkpt>
<trkpt lat="42.589829" lon="1.806927">
<ele>1573.376</ele>
</trkpt>
<trkpt lat="42.58978" lon="1.806892">
<ele>1574.621</ele>
</trkpt>
<trkpt lat="42.589706" lon="1.806847">
<ele>1576.795</ele>
</trkpt>
<trkpt lat="42.589634" lon="1.806778">
<ele>1577.817</ele>
</trkpt>
<trkpt lat="42.58958" lon="1.806684">
<ele>1576.583</ele>
</trkpt>
<trkpt lat="42.58953" lon="1.806642">
<ele>1577.262</ele>
</trkpt>
<trkpt lat="42.589417" lon="1.806539">
<ele>1578.046</ele>
</trkpt>
<trkpt lat="42.589333" lon="1.80643">
<ele>1576.743</ele>
</trkpt>
<trkpt lat="42.58926" lon="1.806385">
<ele>1578.033</ele>
</trkpt>
<trkpt lat="42.589184" lon="1.806332">
<ele>1579.047</ele>
</trkpt>
<trkpt lat="42.588932" lon="1.805925">
<ele>1571.815</ele>
</trkpt>
<trkpt lat="42.588877" lon="1.805668">
<ele>1564.463</ele>
</trkpt>
<trkpt lat="42.588857" lon="1.805538">
<ele>1561.109</ele>
</trkpt>
<trkpt lat="42.588815" lon="1.805463">
<ele>1560.84</ele>
</trkpt>
<trkpt lat="42.58874" lon="1.805409">
<ele>1562.94</ele>
</trkpt>
<trkpt lat="42.588713" lon="1.80533">
<ele>1561.449</ele>
</trkpt>
<trkpt lat="42.588685" lon="1.80526">
<ele>1560.14</ele>
</trkpt>
<trkpt lat="42.588628" lon="1.805176">
<ele>1559.343</ele>
</trkpt>
<trkpt lat="42.588534" lon="1.8051">
<ele>1559.863</ele>
</trkpt>
<trkpt lat="42.588406" lon="1.805">
<ele>1560.179</ele>
</trkpt>
<trkpt lat="42.588339" lon="1.804887">
<ele>1558.186</ele>
</trkpt>
<trkpt lat="42.588247" lon="1.804683">
<ele>1553.693</ele>
</trkpt>
<trkpt lat="42.588133" lon="1.80446">
<ele>1550.037</ele>
</trkpt>
<trkpt lat="42.588053" lon="1.804237">
<ele>1546.632</ele>
</trkpt>
<trkpt lat="42.587992" lon="1.803965">
<ele>1543.596</ele>
</trkpt>
<trkpt lat="42.587932" lon="1.803658">
<ele>1540.149</ele>
</trkpt>
<trkpt lat="42.58789" lon="1.803486">
<ele>1538.462</ele>
</trkpt>
</trkseg>
</trk>
</gpx>
