<?xml version="1.0" encoding="UTF-8"?>
<gpx xmlns="http://www.topografix.com/GPX/1/1" version="1.1" creator="AlpineQuest 2.4.1.r10260" xmlns:xsi="http://www.w3.org/2001/XMLSchema-instance" xsi:schemaLocation="http://www.topografix.com/GPX/1/1 http://www.topografix.com/GPX/1/1/gpx.xsd">
<metadata>
<desc>Trace AlpineQuest 03/04/2023 13:07:49</desc>
<link href="https://www.alpinequest.net/fr" />
<time>2026-10-01T04:35:31Z</time>
</metadata>
<trk>
<name>2023_04_03-07 Dammastock</name>
<type>skimo</type>
<trkseg>
<trkpt lat="46.6653184" lon="8.5696592">
<ele>1167.253</ele>
<time>2023-04-03T11:07:49Z</time>
<hdop>4.97</hdop>
</trkpt>
<trkpt lat="46.6652905" lon="8.5695724">
<ele>1174.648</ele>
<time>2023-04-03T11:07:55Z</time>
<hdop>3.79</hdop>
</trkpt>
<trkpt lat="46.6652682" lon="8.5694812">
<ele>1175.204</ele>
<time>2023-04-03T11:08:01Z</time>
<hdop>3.79</hdop>
</trkpt>
<trkpt lat="46.6652499" lon="8.5693767">
<ele>1174.988</ele>
<time>2023-04-03T11:08:07Z</time>
<hdop>3.79</hdop>
</trkpt>
<trkpt lat="46.6652207" lon="8.5692787">
<ele>1175.253</ele>
<time>2023-04-03T11:08:13Z</time>
<hdop>3.79</hdop>
</trkpt>
<trkpt lat="46.6651894" lon="8.5691923">
<ele>1176.171</ele>
<time>2023-04-03T11:08:19Z</time>
<hdop>3.98</hdop>
</trkpt>
<trkpt lat="46.6651616" lon="8.5690895">
<ele>1175.33</ele>
<time>2023-04-03T11:08:26Z</time>
<hdop>3.79</hdop>
</trkpt>
<trkpt lat="46.6651739" lon="8.5689831">
<ele>1175.97</ele>
<time>2023-04-03T11:08:32Z</time>
<hdop>4.27</hdop>
</trkpt>
<trkpt lat="46.6651196" lon="8.5689184">
<ele>1178.199</ele>
<time>2023-04-03T11:08:44Z</time>
<hdop>3.79</hdop>
</trkpt>
<trkpt lat="46.665078" lon="8.5688305">
<ele>1178.084</ele>
<time>2023-04-03T11:08:51Z</time>
<hdop>3.79</hdop>
</trkpt>
<trkpt lat="46.6650458" lon="8.5687455">
<ele>1176.769</ele>
<time>2023-04-03T11:08:58Z</time>
<hdop>9.94</hdop>
</trkpt>
<trkpt lat="46.6650138" lon="8.5686518">
<ele>1177.458</ele>
<time>2023-04-03T11:09:05Z</time>
<hdop>9.94</hdop>
</trkpt>
<trkpt lat="46.6649815" lon="8.5685547">
<ele>1176.954</ele>
<time>2023-04-03T11:09:12Z</time>
<hdop>9.94</hdop>
</trkpt>
<trkpt lat="46.6649447" lon="8.5684703">
<ele>1177.048</ele>
<time>2023-04-03T11:09:18Z</time>
<hdop>9.94</hdop>
</trkpt>
<trkpt lat="46.6649251" lon="8.5683709">
<ele>1176.747</ele>
<time>2023-04-03T11:09:24Z</time>
<hdop>9.94</hdop>
</trkpt>
<trkpt lat="46.6649111" lon="8.5682718">
<ele>1177.428</ele>
<time>2023-04-03T11:09:30Z</time>
<hdop>9.94</hdop>
</trkpt>
<trkpt lat="46.6648936" lon="8.568168">
<ele>1177.612</ele>
<time>2023-04-03T11:09:36Z</time>
<hdop>9.94</hdop>
</trkpt>
<trkpt lat="46.664893" lon="8.5680602">
<ele>1177.508</ele>
<time>2023-04-03T11:09:42Z</time>
<hdop>9.94</hdop>
</trkpt>
<trkpt lat="46.6649042" lon="8.5679658">
<ele>1178.369</ele>
<time>2023-04-03T11:09:47Z</time>
<hdop>9.94</hdop>
</trkpt>
<trkpt lat="46.6649021" lon="8.5678564">
<ele>1178.735</ele>
<time>2023-04-03T11:09:53Z</time>
<hdop>9.94</hdop>
</trkpt>
<trkpt lat="46.6648984" lon="8.5677615">
<ele>1178.778</ele>
<time>2023-04-03T11:09:58Z</time>
<hdop>9.94</hdop>
</trkpt>
<trkpt lat="46.6649026" lon="8.5676607">
<ele>1178.849</ele>
<time>2023-04-03T11:10:04Z</time>
<hdop>9.94</hdop>
</trkpt>
<trkpt lat="46.6649024" lon="8.5675591">
<ele>1177.791</ele>
<time>2023-04-03T11:10:10Z</time>
<hdop>9.94</hdop>
</trkpt>
<trkpt lat="46.6649072" lon="8.5674547">
<ele>1176.629</ele>
<time>2023-04-03T11:10:16Z</time>
<hdop>9.94</hdop>
</trkpt>
<trkpt lat="46.6649136" lon="8.5673464">
<ele>1177.03</ele>
<time>2023-04-03T11:10:22Z</time>
<hdop>9.94</hdop>
</trkpt>
<trkpt lat="46.6649445" lon="8.5672626">
<ele>1177.511</ele>
<time>2023-04-03T11:10:28Z</time>
<hdop>9.94</hdop>
</trkpt>
<trkpt lat="46.6649372" lon="8.5671576">
<ele>1178.87</ele>
<time>2023-04-03T11:10:35Z</time>
<hdop>9.94</hdop>
</trkpt>
<trkpt lat="46.6649233" lon="8.5670577">
<ele>1178.467</ele>
<time>2023-04-03T11:10:42Z</time>
<hdop>9.94</hdop>
</trkpt>
<trkpt lat="46.6649297" lon="8.5669507">
<ele>1178.229</ele>
<time>2023-04-03T11:10:48Z</time>
<hdop>9.94</hdop>
</trkpt>
<trkpt lat="46.6649352" lon="8.566843">
<ele>1178.855</ele>
<time>2023-04-03T11:10:54Z</time>
<hdop>9.94</hdop>
</trkpt>
<trkpt lat="46.6649336" lon="8.5667445">
<ele>1179.54</ele>
<time>2023-04-03T11:10:59Z</time>
<hdop>9.94</hdop>
</trkpt>
<trkpt lat="46.6649205" lon="8.5666418">
<ele>1180.331</ele>
<time>2023-04-03T11:11:05Z</time>
<hdop>9.94</hdop>
</trkpt>
<trkpt lat="46.6649154" lon="8.5665369">
<ele>1180.67</ele>
<time>2023-04-03T11:11:11Z</time>
<hdop>9.94</hdop>
</trkpt>
<trkpt lat="46.664909" lon="8.5664267">
<ele>1182.292</ele>
<time>2023-04-03T11:11:17Z</time>
<hdop>9.94</hdop>
</trkpt>
<trkpt lat="46.664912" lon="8.5663188">
<ele>1183.283</ele>
<time>2023-04-03T11:11:23Z</time>
<hdop>9.94</hdop>
</trkpt>
<trkpt lat="46.664903" lon="8.5662125">
<ele>1185.247</ele>
<time>2023-04-03T11:11:29Z</time>
<hdop>9.94</hdop>
</trkpt>
<trkpt lat="46.6648958" lon="8.5661077">
<ele>1183.522</ele>
<time>2023-04-03T11:11:35Z</time>
<hdop>9.94</hdop>
</trkpt>
<trkpt lat="46.6648808" lon="8.566008">
<ele>1183.192</ele>
<time>2023-04-03T11:11:41Z</time>
<hdop>9.94</hdop>
</trkpt>
<trkpt lat="46.6648675" lon="8.5659052">
<ele>1184.235</ele>
<time>2023-04-03T11:11:47Z</time>
<hdop>9.94</hdop>
</trkpt>
<trkpt lat="46.6648566" lon="8.5658048">
<ele>1184.542</ele>
<time>2023-04-03T11:11:53Z</time>
<hdop>9.94</hdop>
</trkpt>
<trkpt lat="46.6648429" lon="8.5656991">
<ele>1184.084</ele>
<time>2023-04-03T11:12:00Z</time>
<hdop>9.94</hdop>
</trkpt>
<trkpt lat="46.6648298" lon="8.5656021">
<ele>1184.733</ele>
<time>2023-04-03T11:12:06Z</time>
<hdop>9.94</hdop>
</trkpt>
<trkpt lat="46.6648283" lon="8.5655004">
<ele>1185.122</ele>
<time>2023-04-03T11:12:12Z</time>
<hdop>9.94</hdop>
</trkpt>
<trkpt lat="46.6648055" lon="8.5653992">
<ele>1185.19</ele>
<time>2023-04-03T11:12:19Z</time>
<hdop>9.94</hdop>
</trkpt>
<trkpt lat="46.664781" lon="8.565303">
<ele>1187.211</ele>
<time>2023-04-03T11:12:25Z</time>
<hdop>9.94</hdop>
</trkpt>
<trkpt lat="46.6647561" lon="8.5652084">
<ele>1187.875</ele>
<time>2023-04-03T11:12:31Z</time>
<hdop>9.94</hdop>
</trkpt>
<trkpt lat="46.6647427" lon="8.5651033">
<ele>1189.391</ele>
<time>2023-04-03T11:12:37Z</time>
<hdop>9.94</hdop>
</trkpt>
<trkpt lat="46.664727" lon="8.5649978">
<ele>1191.034</ele>
<time>2023-04-03T11:12:43Z</time>
<hdop>9.94</hdop>
</trkpt>
<trkpt lat="46.6647118" lon="8.5648911">
<ele>1191.748</ele>
<time>2023-04-03T11:12:49Z</time>
<hdop>9.94</hdop>
</trkpt>
<trkpt lat="46.6646916" lon="8.564793">
<ele>1192.248</ele>
<time>2023-04-03T11:12:55Z</time>
<hdop>9.94</hdop>
</trkpt>
<trkpt lat="46.6647092" lon="8.5646976">
<ele>1194.372</ele>
<time>2023-04-03T11:13:01Z</time>
<hdop>9.94</hdop>
</trkpt>
<trkpt lat="46.6646618" lon="8.5646309">
<ele>1194.909</ele>
<time>2023-04-03T11:13:07Z</time>
<hdop>9.94</hdop>
</trkpt>
<trkpt lat="46.6646518" lon="8.564531">
<ele>1195.907</ele>
<time>2023-04-03T11:13:13Z</time>
<hdop>9.94</hdop>
</trkpt>
<trkpt lat="46.6646559" lon="8.5644251">
<ele>1196.991</ele>
<time>2023-04-03T11:13:19Z</time>
<hdop>9.94</hdop>
</trkpt>
<trkpt lat="46.6646432" lon="8.5643203">
<ele>1197.092</ele>
<time>2023-04-03T11:13:25Z</time>
<hdop>9.94</hdop>
</trkpt>
<trkpt lat="46.664644" lon="8.5642125">
<ele>1198.34</ele>
<time>2023-04-03T11:13:31Z</time>
<hdop>9.94</hdop>
</trkpt>
<trkpt lat="46.6646614" lon="8.564106">
<ele>1198.868</ele>
<time>2023-04-03T11:13:37Z</time>
<hdop>10.4</hdop>
</trkpt>
<trkpt lat="46.6646826" lon="8.5640055">
<ele>1199.934</ele>
<time>2023-04-03T11:13:43Z</time>
<hdop>10.58</hdop>
</trkpt>
<trkpt lat="46.6647068" lon="8.5639142">
<ele>1200.925</ele>
<time>2023-04-03T11:13:48Z</time>
<hdop>10.85</hdop>
</trkpt>
<trkpt lat="46.6647425" lon="8.5638192">
<ele>1201.439</ele>
<time>2023-04-03T11:13:54Z</time>
<hdop>11.5</hdop>
</trkpt>
<trkpt lat="46.6647824" lon="8.563734">
<ele>1201.169</ele>
<time>2023-04-03T11:14:00Z</time>
<hdop>9.94</hdop>
</trkpt>
<trkpt lat="46.6648155" lon="8.5636475">
<ele>1200.513</ele>
<time>2023-04-03T11:14:05Z</time>
<hdop>3.79</hdop>
</trkpt>
<trkpt lat="46.664851" lon="8.5635555">
<ele>1199.45</ele>
<time>2023-04-03T11:14:11Z</time>
<hdop>3.79</hdop>
</trkpt>
<trkpt lat="46.66488" lon="8.5634571">
<ele>1199.165</ele>
<time>2023-04-03T11:14:17Z</time>
<hdop>3.79</hdop>
</trkpt>
<trkpt lat="46.664906" lon="8.5633602">
<ele>1194.497</ele>
<time>2023-04-03T11:14:23Z</time>
<hdop>4.18</hdop>
</trkpt>
<trkpt lat="46.6649301" lon="8.5632706">
<ele>1196.359</ele>
<time>2023-04-03T11:14:28Z</time>
<hdop>3.81</hdop>
</trkpt>
<trkpt lat="46.6649432" lon="8.5631732">
<ele>1197.041</ele>
<time>2023-04-03T11:14:33Z</time>
<hdop>3.79</hdop>
</trkpt>
<trkpt lat="46.6649564" lon="8.5630799">
<ele>1197.799</ele>
<time>2023-04-03T11:14:38Z</time>
<hdop>3.82</hdop>
</trkpt>
<trkpt lat="46.6649638" lon="8.5629817">
<ele>1198.035</ele>
<time>2023-04-03T11:14:43Z</time>
<hdop>3.79</hdop>
</trkpt>
<trkpt lat="46.6649674" lon="8.5628793">
<ele>1198.823</ele>
<time>2023-04-03T11:14:48Z</time>
<hdop>3.79</hdop>
</trkpt>
<trkpt lat="46.6649647" lon="8.562781">
<ele>1198.989</ele>
<time>2023-04-03T11:14:53Z</time>
<hdop>3.79</hdop>
</trkpt>
<trkpt lat="46.664958" lon="8.5626783">
<ele>1199.299</ele>
<time>2023-04-03T11:14:58Z</time>
<hdop>3.79</hdop>
</trkpt>
<trkpt lat="46.6649504" lon="8.5625815">
<ele>1198.847</ele>
<time>2023-04-03T11:15:04Z</time>
<hdop>3.79</hdop>
</trkpt>
<trkpt lat="46.6649427" lon="8.5624789">
<ele>1198.806</ele>
<time>2023-04-03T11:15:10Z</time>
<hdop>3.79</hdop>
</trkpt>
<trkpt lat="46.6649412" lon="8.5623834">
<ele>1199.582</ele>
<time>2023-04-03T11:15:16Z</time>
<hdop>3.79</hdop>
</trkpt>
<trkpt lat="46.6649299" lon="8.5622794">
<ele>1198.77</ele>
<time>2023-04-03T11:15:23Z</time>
<hdop>9.94</hdop>
</trkpt>
<trkpt lat="46.6649143" lon="8.5621693">
<ele>1198.15</ele>
<time>2023-04-03T11:15:29Z</time>
<hdop>9.94</hdop>
</trkpt>
<trkpt lat="46.6648979" lon="8.5620625">
<ele>1198.993</ele>
<time>2023-04-03T11:15:35Z</time>
<hdop>9.94</hdop>
</trkpt>
<trkpt lat="46.6648844" lon="8.5619517">
<ele>1199.454</ele>
<time>2023-04-03T11:15:41Z</time>
<hdop>9.94</hdop>
</trkpt>
<trkpt lat="46.6648708" lon="8.5618442">
<ele>1199.239</ele>
<time>2023-04-03T11:15:47Z</time>
<hdop>9.94</hdop>
</trkpt>
<trkpt lat="46.664859" lon="8.5617425">
<ele>1198.889</ele>
<time>2023-04-03T11:15:53Z</time>
<hdop>9.94</hdop>
</trkpt>
<trkpt lat="46.6648491" lon="8.5616421">
<ele>1199.033</ele>
<time>2023-04-03T11:15:59Z</time>
<hdop>9.94</hdop>
</trkpt>
<trkpt lat="46.6648301" lon="8.5615369">
<ele>1199.438</ele>
<time>2023-04-03T11:16:05Z</time>
<hdop>9.94</hdop>
</trkpt>
<trkpt lat="46.6648212" lon="8.5614338">
<ele>1198.683</ele>
<time>2023-04-03T11:16:11Z</time>
<hdop>9.94</hdop>
</trkpt>
<trkpt lat="46.66481" lon="8.5613356">
<ele>1198.294</ele>
<time>2023-04-03T11:16:17Z</time>
<hdop>9.94</hdop>
</trkpt>
<trkpt lat="46.6648029" lon="8.5612258">
<ele>1196.77</ele>
<time>2023-04-03T11:16:23Z</time>
<hdop>9.94</hdop>
</trkpt>
<trkpt lat="46.6647865" lon="8.5611232">
<ele>1197.905</ele>
<time>2023-04-03T11:16:29Z</time>
<hdop>3.79</hdop>
</trkpt>
<trkpt lat="46.6647704" lon="8.5610267">
<ele>1199.021</ele>
<time>2023-04-03T11:16:35Z</time>
<hdop>3.79</hdop>
</trkpt>
<trkpt lat="46.6647543" lon="8.5609305">
<ele>1199.838</ele>
<time>2023-04-03T11:16:41Z</time>
<hdop>3.79</hdop>
</trkpt>
<trkpt lat="46.6647337" lon="8.5608276">
<ele>1199.89</ele>
<time>2023-04-03T11:16:48Z</time>
<hdop>3.79</hdop>
</trkpt>
<trkpt lat="46.6647136" lon="8.5607375">
<ele>1201.232</ele>
<time>2023-04-03T11:16:54Z</time>
<hdop>3.79</hdop>
</trkpt>
<trkpt lat="46.6646957" lon="8.5606466">
<ele>1201.089</ele>
<time>2023-04-03T11:17:00Z</time>
<hdop>3.79</hdop>
</trkpt>
<trkpt lat="46.6646644" lon="8.5605598">
<ele>1202.085</ele>
<time>2023-04-03T11:17:06Z</time>
<hdop>3.79</hdop>
</trkpt>
<trkpt lat="46.664646" lon="8.5604673">
<ele>1202.097</ele>
<time>2023-04-03T11:17:12Z</time>
<hdop>4.03</hdop>
</trkpt>
<trkpt lat="46.664628" lon="8.5603756">
<ele>1201.536</ele>
<time>2023-04-03T11:17:18Z</time>
<hdop>4.53</hdop>
</trkpt>
<trkpt lat="46.6645963" lon="8.5602901">
<ele>1203.427</ele>
<time>2023-04-03T11:17:24Z</time>
<hdop>3.79</hdop>
</trkpt>
<trkpt lat="46.6645666" lon="8.560198">
<ele>1204.377</ele>
<time>2023-04-03T11:17:30Z</time>
<hdop>9.94</hdop>
</trkpt>
<trkpt lat="46.6645422" lon="8.560105">
<ele>1205.434</ele>
<time>2023-04-03T11:17:36Z</time>
<hdop>9.94</hdop>
</trkpt>
<trkpt lat="46.6645234" lon="8.5600084">
<ele>1205.464</ele>
<time>2023-04-03T11:17:42Z</time>
<hdop>9.94</hdop>
</trkpt>
<trkpt lat="46.664513" lon="8.5599026">
<ele>1205.805</ele>
<time>2023-04-03T11:17:48Z</time>
<hdop>9.94</hdop>
</trkpt>
<trkpt lat="46.6645001" lon="8.5598018">
<ele>1206.247</ele>
<time>2023-04-03T11:17:54Z</time>
<hdop>9.94</hdop>
</trkpt>
<trkpt lat="46.6644825" lon="8.5597012">
<ele>1206.632</ele>
<time>2023-04-03T11:18:00Z</time>
<hdop>9.94</hdop>
</trkpt>
<trkpt lat="46.6644641" lon="8.5595923">
<ele>1207.443</ele>
<time>2023-04-03T11:18:06Z</time>
<hdop>9.94</hdop>
</trkpt>
<trkpt lat="46.6644447" lon="8.5594901">
<ele>1208.587</ele>
<time>2023-04-03T11:18:12Z</time>
<hdop>9.94</hdop>
</trkpt>
<trkpt lat="46.6644387" lon="8.5593847">
<ele>1208.986</ele>
<time>2023-04-03T11:18:18Z</time>
<hdop>3.79</hdop>
</trkpt>
<trkpt lat="46.664424" lon="8.55928">
<ele>1208.655</ele>
<time>2023-04-03T11:18:24Z</time>
<hdop>3.79</hdop>
</trkpt>
<trkpt lat="46.6644087" lon="8.5591748">
<ele>1209.031</ele>
<time>2023-04-03T11:18:30Z</time>
<hdop>3.79</hdop>
</trkpt>
<trkpt lat="46.6643973" lon="8.5590807">
<ele>1208.883</ele>
<time>2023-04-03T11:18:35Z</time>
<hdop>3.79</hdop>
</trkpt>
<trkpt lat="46.6643823" lon="8.5589796">
<ele>1209.319</ele>
<time>2023-04-03T11:18:41Z</time>
<hdop>3.79</hdop>
</trkpt>
<trkpt lat="46.6643675" lon="8.5588683">
<ele>1209.413</ele>
<time>2023-04-03T11:18:47Z</time>
<hdop>3.79</hdop>
</trkpt>
<trkpt lat="46.6643526" lon="8.558761">
<ele>1209.595</ele>
<time>2023-04-03T11:18:53Z</time>
<hdop>3.79</hdop>
</trkpt>
<trkpt lat="46.6643404" lon="8.5586544">
<ele>1209.645</ele>
<time>2023-04-03T11:18:59Z</time>
<hdop>3.79</hdop>
</trkpt>
<trkpt lat="46.6643257" lon="8.558544">
<ele>1210.067</ele>
<time>2023-04-03T11:19:05Z</time>
<hdop>3.79</hdop>
</trkpt>
<trkpt lat="46.6643141" lon="8.5584325">
<ele>1209.983</ele>
<time>2023-04-03T11:19:11Z</time>
<hdop>3.79</hdop>
</trkpt>
<trkpt lat="46.6643078" lon="8.5583252">
<ele>1209.405</ele>
<time>2023-04-03T11:19:17Z</time>
<hdop>3.9</hdop>
</trkpt>
<trkpt lat="46.6642971" lon="8.5582185">
<ele>1207.408</ele>
<time>2023-04-03T11:19:23Z</time>
<hdop>3.79</hdop>
</trkpt>
<trkpt lat="46.664299" lon="8.5581147">
<ele>1205.569</ele>
<time>2023-04-03T11:19:30Z</time>
<hdop>3.79</hdop>
</trkpt>
<trkpt lat="46.6643092" lon="8.5580181">
<ele>1205.502</ele>
<time>2023-04-03T11:19:36Z</time>
<hdop>3.79</hdop>
</trkpt>
<trkpt lat="46.6643112" lon="8.5579115">
<ele>1205.484</ele>
<time>2023-04-03T11:19:43Z</time>
<hdop>3.79</hdop>
</trkpt>
<trkpt lat="46.6643631" lon="8.5578535">
<ele>1205.386</ele>
<time>2023-04-03T11:19:49Z</time>
<hdop>3.79</hdop>
</trkpt>
<trkpt lat="46.664424" lon="8.5578864">
<ele>1204.036</ele>
<time>2023-04-03T11:19:55Z</time>
<hdop>3.79</hdop>
</trkpt>
<trkpt lat="46.6644737" lon="8.5579485">
<ele>1205.119</ele>
<time>2023-04-03T11:20:07Z</time>
<hdop>3.79</hdop>
</trkpt>
<trkpt lat="46.6645248" lon="8.5580222">
<ele>1207.524</ele>
<time>2023-04-03T11:20:18Z</time>
<hdop>3.79</hdop>
</trkpt>
<trkpt lat="46.6645836" lon="8.5580702">
<ele>1210.402</ele>
<time>2023-04-03T11:20:36Z</time>
<hdop>3.79</hdop>
</trkpt>
<trkpt lat="46.6646102" lon="8.5579784">
<ele>1214.883</ele>
<time>2023-04-03T11:20:47Z</time>
<hdop>3.79</hdop>
</trkpt>
<trkpt lat="46.6646767" lon="8.5580038">
<ele>1217.744</ele>
<time>2023-04-03T11:21:06Z</time>
<hdop>3.79</hdop>
</trkpt>
<trkpt lat="46.6647352" lon="8.5580555">
<ele>1219.497</ele>
<time>2023-04-03T11:21:20Z</time>
<hdop>3.79</hdop>
</trkpt>
<trkpt lat="46.6647947" lon="8.5581096">
<ele>1221.238</ele>
<time>2023-04-03T11:21:33Z</time>
<hdop>3.79</hdop>
</trkpt>
<trkpt lat="46.664849" lon="8.5580497">
<ele>1226.701</ele>
<time>2023-04-03T11:21:50Z</time>
<hdop>3.79</hdop>
</trkpt>
<trkpt lat="46.6648976" lon="8.5581123">
<ele>1225.077</ele>
<time>2023-04-03T11:22:00Z</time>
<hdop>3.79</hdop>
</trkpt>
<trkpt lat="46.66495" lon="8.5580519">
<ele>1228.465</ele>
<time>2023-04-03T11:22:11Z</time>
<hdop>3.79</hdop>
</trkpt>
<trkpt lat="46.6650162" lon="8.5580321">
<ele>1230.916</ele>
<time>2023-04-03T11:22:23Z</time>
<hdop>3.79</hdop>
</trkpt>
<trkpt lat="46.6650671" lon="8.5579684">
<ele>1233.756</ele>
<time>2023-04-03T11:22:33Z</time>
<hdop>3.79</hdop>
</trkpt>
<trkpt lat="46.6651331" lon="8.5579651">
<ele>1234.597</ele>
<time>2023-04-03T11:22:47Z</time>
<hdop>3.79</hdop>
</trkpt>
<trkpt lat="46.6651888" lon="8.5579059">
<ele>1236.037</ele>
<time>2023-04-03T11:23:01Z</time>
<hdop>3.79</hdop>
</trkpt>
<trkpt lat="46.6652499" lon="8.5578629">
<ele>1241.599</ele>
<time>2023-04-03T11:23:17Z</time>
<hdop>3.79</hdop>
</trkpt>
<trkpt lat="46.665316" lon="8.5578439">
<ele>1244.889</ele>
<time>2023-04-03T11:23:32Z</time>
<hdop>3.79</hdop>
</trkpt>
<trkpt lat="46.6653851" lon="8.557826">
<ele>1247.192</ele>
<time>2023-04-03T11:23:44Z</time>
<hdop>3.79</hdop>
</trkpt>
<trkpt lat="46.6654385" lon="8.5578885">
<ele>1251.312</ele>
<time>2023-04-03T11:23:56Z</time>
<hdop>3.79</hdop>
</trkpt>
<trkpt lat="46.6655008" lon="8.5579316">
<ele>1251.207</ele>
<time>2023-04-03T11:24:12Z</time>
<hdop>3.79</hdop>
</trkpt>
<trkpt lat="46.665484" lon="8.5578328">
<ele>1253.471</ele>
<time>2023-04-03T11:24:24Z</time>
<hdop>3.79</hdop>
</trkpt>
<trkpt lat="46.6655299" lon="8.5577564">
<ele>1255.143</ele>
<time>2023-04-03T11:24:34Z</time>
<hdop>3.79</hdop>
</trkpt>
<trkpt lat="46.6655166" lon="8.5576588">
<ele>1256.036</ele>
<time>2023-04-03T11:24:48Z</time>
<hdop>3.79</hdop>
</trkpt>
<trkpt lat="46.6654789" lon="8.5575702">
<ele>1256.123</ele>
<time>2023-04-03T11:24:58Z</time>
<hdop>3.79</hdop>
</trkpt>
<trkpt lat="46.6654564" lon="8.5574703">
<ele>1259.588</ele>
<time>2023-04-03T11:25:07Z</time>
<hdop>3.79</hdop>
</trkpt>
<trkpt lat="46.665433" lon="8.5573775">
<ele>1260.897</ele>
<time>2023-04-03T11:25:16Z</time>
<hdop>3.79</hdop>
</trkpt>
<trkpt lat="46.6654366" lon="8.5572764">
<ele>1263.964</ele>
<time>2023-04-03T11:25:27Z</time>
<hdop>3.79</hdop>
</trkpt>
<trkpt lat="46.6654289" lon="8.5571739">
<ele>1264.785</ele>
<time>2023-04-03T11:25:38Z</time>
<hdop>3.79</hdop>
</trkpt>
<trkpt lat="46.6654429" lon="8.5570764">
<ele>1270.05</ele>
<time>2023-04-03T11:25:50Z</time>
<hdop>3.79</hdop>
</trkpt>
<trkpt lat="46.6655144" lon="8.5570426">
<ele>1269.564</ele>
<time>2023-04-03T11:26:00Z</time>
<hdop>3.79</hdop>
</trkpt>
<trkpt lat="46.6654815" lon="8.5569589">
<ele>1267.773</ele>
<time>2023-04-03T11:28:16Z</time>
<hdop>3.79</hdop>
</trkpt>
<trkpt lat="46.6655317" lon="8.5568929">
<ele>1270.297</ele>
<time>2023-04-03T11:28:41Z</time>
<hdop>3.79</hdop>
</trkpt>
<trkpt lat="46.6655091" lon="8.5567945">
<ele>1275.542</ele>
<time>2023-04-03T11:29:09Z</time>
<hdop>3.79</hdop>
</trkpt>
<trkpt lat="46.6655442" lon="8.5567103">
<ele>1276.641</ele>
<time>2023-04-03T11:29:19Z</time>
<hdop>3.79</hdop>
</trkpt>
<trkpt lat="46.6655524" lon="8.5566112">
<ele>1280.0</ele>
<time>2023-04-03T11:29:33Z</time>
<hdop>3.79</hdop>
</trkpt>
<trkpt lat="46.6655412" lon="8.5565179">
<ele>1281.333</ele>
<time>2023-04-03T11:29:42Z</time>
<hdop>3.79</hdop>
</trkpt>
<trkpt lat="46.6655773" lon="8.5564291">
<ele>1282.788</ele>
<time>2023-04-03T11:29:54Z</time>
<hdop>3.79</hdop>
</trkpt>
<trkpt lat="46.6655855" lon="8.5563285">
<ele>1287.22</ele>
<time>2023-04-03T11:30:07Z</time>
<hdop>3.79</hdop>
</trkpt>
<trkpt lat="46.6655952" lon="8.5562297">
<ele>1290.833</ele>
<time>2023-04-03T11:30:21Z</time>
<hdop>3.79</hdop>
</trkpt>
<trkpt lat="46.6656629" lon="8.5562164">
<ele>1288.669</ele>
<time>2023-04-03T11:30:34Z</time>
<hdop>3.79</hdop>
</trkpt>
<trkpt lat="46.6657106" lon="8.5562852">
<ele>1286.344</ele>
<time>2023-04-03T11:30:43Z</time>
<hdop>3.79</hdop>
</trkpt>
<trkpt lat="46.6657467" lon="8.5563747">
<ele>1286.92</ele>
<time>2023-04-03T11:30:53Z</time>
<hdop>3.79</hdop>
</trkpt>
<trkpt lat="46.6657982" lon="8.5564456">
<ele>1291.547</ele>
<time>2023-04-03T11:31:04Z</time>
<hdop>3.79</hdop>
</trkpt>
<trkpt lat="46.6658148" lon="8.5565432">
<ele>1289.708</ele>
<time>2023-04-03T11:31:13Z</time>
<hdop>9.94</hdop>
</trkpt>
<trkpt lat="46.6658697" lon="8.5566057">
<ele>1294.976</ele>
<time>2023-04-03T11:31:22Z</time>
<hdop>9.94</hdop>
</trkpt>
<trkpt lat="46.6659138" lon="8.5566826">
<ele>1297.474</ele>
<time>2023-04-03T11:31:32Z</time>
<hdop>9.94</hdop>
</trkpt>
<trkpt lat="46.665961" lon="8.5567555">
<ele>1298.938</ele>
<time>2023-04-03T11:31:43Z</time>
<hdop>9.94</hdop>
</trkpt>
<trkpt lat="46.6660068" lon="8.5568288">
<ele>1298.324</ele>
<time>2023-04-03T11:31:53Z</time>
<hdop>9.94</hdop>
</trkpt>
<trkpt lat="46.6660576" lon="8.5568926">
<ele>1302.955</ele>
<time>2023-04-03T11:32:03Z</time>
<hdop>9.94</hdop>
</trkpt>
<trkpt lat="46.6661022" lon="8.5569668">
<ele>1304.004</ele>
<time>2023-04-03T11:32:14Z</time>
<hdop>9.94</hdop>
</trkpt>
<trkpt lat="46.6661041" lon="8.5568725">
<ele>1307.155</ele>
<time>2023-04-03T11:32:25Z</time>
<hdop>9.94</hdop>
</trkpt>
<trkpt lat="46.6661102" lon="8.5567754">
<ele>1311.099</ele>
<time>2023-04-03T11:32:37Z</time>
<hdop>9.94</hdop>
</trkpt>
<trkpt lat="46.666111" lon="8.5566723">
<ele>1312.903</ele>
<time>2023-04-03T11:32:49Z</time>
<hdop>3.79</hdop>
</trkpt>
<trkpt lat="46.6661341" lon="8.5565779">
<ele>1312.66</ele>
<time>2023-04-03T11:33:01Z</time>
<hdop>3.79</hdop>
</trkpt>
<trkpt lat="46.6661416" lon="8.5564785">
<ele>1315.266</ele>
<time>2023-04-03T11:33:13Z</time>
<hdop>3.79</hdop>
</trkpt>
<trkpt lat="46.6661555" lon="8.5563839">
<ele>1318.612</ele>
<time>2023-04-03T11:33:26Z</time>
<hdop>3.79</hdop>
</trkpt>
<trkpt lat="46.6661532" lon="8.5562832">
<ele>1322.344</ele>
<time>2023-04-03T11:33:37Z</time>
<hdop>3.79</hdop>
</trkpt>
<trkpt lat="46.6661558" lon="8.5561851">
<ele>1325.102</ele>
<time>2023-04-03T11:33:48Z</time>
<hdop>3.79</hdop>
</trkpt>
<trkpt lat="46.6662078" lon="8.5561286">
<ele>1327.005</ele>
<time>2023-04-03T11:34:05Z</time>
<hdop>3.79</hdop>
</trkpt>
<trkpt lat="46.6661887" lon="8.5560245">
<ele>1327.196</ele>
<time>2023-04-03T11:34:15Z</time>
<hdop>3.79</hdop>
</trkpt>
<trkpt lat="46.6661842" lon="8.5559265">
<ele>1328.392</ele>
<time>2023-04-03T11:34:23Z</time>
<hdop>3.79</hdop>
</trkpt>
<trkpt lat="46.6662452" lon="8.5559602">
<ele>1327.918</ele>
<time>2023-04-03T11:34:33Z</time>
<hdop>3.79</hdop>
</trkpt>
<trkpt lat="46.666309" lon="8.5559939">
<ele>1329.079</ele>
<time>2023-04-03T11:34:48Z</time>
<hdop>3.79</hdop>
</trkpt>
<trkpt lat="46.6663647" lon="8.556044">
<ele>1333.287</ele>
<time>2023-04-03T11:35:04Z</time>
<hdop>3.79</hdop>
</trkpt>
<trkpt lat="46.6664003" lon="8.5561305">
<ele>1334.322</ele>
<time>2023-04-03T11:35:18Z</time>
<hdop>3.79</hdop>
</trkpt>
<trkpt lat="46.6664619" lon="8.5561779">
<ele>1337.955</ele>
<time>2023-04-03T11:35:32Z</time>
<hdop>3.79</hdop>
</trkpt>
<trkpt lat="46.6664995" lon="8.5562605">
<ele>1338.388</ele>
<time>2023-04-03T11:35:47Z</time>
<hdop>3.79</hdop>
</trkpt>
<trkpt lat="46.6665394" lon="8.556337">
<ele>1342.365</ele>
<time>2023-04-03T11:35:59Z</time>
<hdop>3.79</hdop>
</trkpt>
<trkpt lat="46.6665708" lon="8.5564235">
<ele>1343.875</ele>
<time>2023-04-03T11:36:11Z</time>
<hdop>3.79</hdop>
</trkpt>
<trkpt lat="46.6666371" lon="8.5564465">
<ele>1344.867</ele>
<time>2023-04-03T11:36:28Z</time>
<hdop>3.79</hdop>
</trkpt>
<trkpt lat="46.6666807" lon="8.5565163">
<ele>1344.896</ele>
<time>2023-04-03T11:36:40Z</time>
<hdop>3.79</hdop>
</trkpt>
<trkpt lat="46.6667386" lon="8.5565618">
<ele>1348.97</ele>
<time>2023-04-03T11:36:54Z</time>
<hdop>3.79</hdop>
</trkpt>
<trkpt lat="46.6667935" lon="8.5565091">
<ele>1352.848</ele>
<time>2023-04-03T11:37:23Z</time>
<hdop>3.79</hdop>
</trkpt>
<trkpt lat="46.6668093" lon="8.5564118">
<ele>1358.384</ele>
<time>2023-04-03T11:37:43Z</time>
<hdop>3.79</hdop>
</trkpt>
<trkpt lat="46.6667988" lon="8.5563117">
<ele>1364.819</ele>
<time>2023-04-03T11:37:56Z</time>
<hdop>3.79</hdop>
</trkpt>
<trkpt lat="46.6668146" lon="8.5562164">
<ele>1366.905</ele>
<time>2023-04-03T11:38:12Z</time>
<hdop>3.79</hdop>
</trkpt>
<trkpt lat="46.6668435" lon="8.556128">
<ele>1370.821</ele>
<time>2023-04-03T11:38:30Z</time>
<hdop>3.79</hdop>
</trkpt>
<trkpt lat="46.6669121" lon="8.5561237">
<ele>1371.338</ele>
<time>2023-04-03T11:38:55Z</time>
<hdop>3.79</hdop>
</trkpt>
<trkpt lat="46.6669341" lon="8.556213">
<ele>1374.264</ele>
<time>2023-04-03T11:39:05Z</time>
<hdop>3.79</hdop>
</trkpt>
<trkpt lat="46.6669309" lon="8.5561114">
<ele>1374.326</ele>
<time>2023-04-03T11:39:21Z</time>
<hdop>3.79</hdop>
</trkpt>
<trkpt lat="46.6669247" lon="8.5560113">
<ele>1374.911</ele>
<time>2023-04-03T11:39:31Z</time>
<hdop>3.79</hdop>
</trkpt>
<trkpt lat="46.6669209" lon="8.5559098">
<ele>1375.51</ele>
<time>2023-04-03T11:39:41Z</time>
<hdop>3.79</hdop>
</trkpt>
<trkpt lat="46.6669186" lon="8.5558134">
<ele>1379.355</ele>
<time>2023-04-03T11:39:52Z</time>
<hdop>3.79</hdop>
</trkpt>
<trkpt lat="46.6669835" lon="8.5557772">
<ele>1380.879</ele>
<time>2023-04-03T11:40:18Z</time>
<hdop>3.79</hdop>
</trkpt>
<trkpt lat="46.6670448" lon="8.5558172">
<ele>1381.601</ele>
<time>2023-04-03T11:40:33Z</time>
<hdop>3.79</hdop>
</trkpt>
<trkpt lat="46.6670732" lon="8.5559138">
<ele>1386.687</ele>
<time>2023-04-03T11:40:48Z</time>
<hdop>3.79</hdop>
</trkpt>
<trkpt lat="46.6671397" lon="8.5559485">
<ele>1388.658</ele>
<time>2023-04-03T11:41:13Z</time>
<hdop>9.94</hdop>
</trkpt>
<trkpt lat="46.6671732" lon="8.5558644">
<ele>1393.489</ele>
<time>2023-04-03T11:41:39Z</time>
<hdop>9.94</hdop>
</trkpt>
<trkpt lat="46.6671645" lon="8.5557641">
<ele>1396.029</ele>
<time>2023-04-03T11:41:55Z</time>
<hdop>9.94</hdop>
</trkpt>
<trkpt lat="46.6671602" lon="8.5556685">
<ele>1397.342</ele>
<time>2023-04-03T11:42:10Z</time>
<hdop>9.94</hdop>
</trkpt>
<trkpt lat="46.6671726" lon="8.5555755">
<ele>1404.005</ele>
<time>2023-04-03T11:42:32Z</time>
<hdop>9.94</hdop>
</trkpt>
<trkpt lat="46.6672217" lon="8.5556379">
<ele>1408.261</ele>
<time>2023-04-03T11:42:46Z</time>
<hdop>9.94</hdop>
</trkpt>
<trkpt lat="46.6672298" lon="8.5555427">
<ele>1410.136</ele>
<time>2023-04-03T11:43:03Z</time>
<hdop>9.94</hdop>
</trkpt>
<trkpt lat="46.6672293" lon="8.5554466">
<ele>1413.029</ele>
<time>2023-04-03T11:43:20Z</time>
<hdop>9.94</hdop>
</trkpt>
<trkpt lat="46.6672161" lon="8.5553536">
<ele>1413.892</ele>
<time>2023-04-03T11:43:32Z</time>
<hdop>9.94</hdop>
</trkpt>
<trkpt lat="46.6672014" lon="8.5552613">
<ele>1418.223</ele>
<time>2023-04-03T11:43:50Z</time>
<hdop>3.79</hdop>
</trkpt>
<trkpt lat="46.6672174" lon="8.5551668">
<ele>1421.254</ele>
<time>2023-04-03T11:44:08Z</time>
<hdop>3.79</hdop>
</trkpt>
<trkpt lat="46.6672227" lon="8.5550722">
<ele>1425.088</ele>
<time>2023-04-03T11:44:26Z</time>
<hdop>3.79</hdop>
</trkpt>
<trkpt lat="46.6672719" lon="8.5550066">
<ele>1427.564</ele>
<time>2023-04-03T11:44:53Z</time>
<hdop>3.79</hdop>
</trkpt>
<trkpt lat="46.6673304" lon="8.5550489">
<ele>1431.436</ele>
<time>2023-04-03T11:45:07Z</time>
<hdop>3.79</hdop>
</trkpt>
<trkpt lat="46.6673819" lon="8.5551111">
<ele>1436.351</ele>
<time>2023-04-03T11:45:24Z</time>
<hdop>3.79</hdop>
</trkpt>
<trkpt lat="46.6674364" lon="8.5551629">
<ele>1439.855</ele>
<time>2023-04-03T11:45:42Z</time>
<hdop>3.79</hdop>
</trkpt>
<trkpt lat="46.667504" lon="8.5551701">
<ele>1442.68</ele>
<time>2023-04-03T11:46:02Z</time>
<hdop>3.79</hdop>
</trkpt>
<trkpt lat="46.6675127" lon="8.5552648">
<ele>1447.308</ele>
<time>2023-04-03T11:46:15Z</time>
<hdop>3.79</hdop>
</trkpt>
<trkpt lat="46.6675639" lon="8.5552055">
<ele>1448.767</ele>
<time>2023-04-03T11:46:39Z</time>
<hdop>3.79</hdop>
</trkpt>
<trkpt lat="46.6676318" lon="8.5552288">
<ele>1450.776</ele>
<time>2023-04-03T11:46:58Z</time>
<hdop>3.79</hdop>
</trkpt>
<trkpt lat="46.6676628" lon="8.5553151">
<ele>1450.755</ele>
<time>2023-04-03T11:47:18Z</time>
<hdop>9.94</hdop>
</trkpt>
<trkpt lat="46.6676785" lon="8.5554084">
<ele>1455.108</ele>
<time>2023-04-03T11:47:31Z</time>
<hdop>3.79</hdop>
</trkpt>
<trkpt lat="46.6677378" lon="8.5554578">
<ele>1467.857</ele>
<time>2023-04-03T11:48:18Z</time>
<hdop>3.79</hdop>
</trkpt>
<trkpt lat="46.6677536" lon="8.5553661">
<ele>1472.711</ele>
<time>2023-04-03T11:48:58Z</time>
<hdop>3.79</hdop>
</trkpt>
<trkpt lat="46.6677604" lon="8.5552711">
<ele>1473.651</ele>
<time>2023-04-03T11:49:16Z</time>
<hdop>3.79</hdop>
</trkpt>
<trkpt lat="46.6677593" lon="8.5551719">
<ele>1477.974</ele>
<time>2023-04-03T11:49:37Z</time>
<hdop>3.79</hdop>
</trkpt>
<trkpt lat="46.6678208" lon="8.5552028">
<ele>1482.051</ele>
<time>2023-04-03T11:49:59Z</time>
<hdop>3.79</hdop>
</trkpt>
<trkpt lat="46.6678863" lon="8.5552214">
<ele>1485.792</ele>
<time>2023-04-03T11:50:21Z</time>
<hdop>3.79</hdop>
</trkpt>
<trkpt lat="46.6679268" lon="8.5553028">
<ele>1485.974</ele>
<time>2023-04-03T11:50:41Z</time>
<hdop>9.94</hdop>
</trkpt>
<trkpt lat="46.6679325" lon="8.5553994">
<ele>1492.33</ele>
<time>2023-04-03T11:51:02Z</time>
<hdop>9.94</hdop>
</trkpt>
<trkpt lat="46.6679732" lon="8.5554804">
<ele>1496.194</ele>
<time>2023-04-03T11:51:26Z</time>
<hdop>9.94</hdop>
</trkpt>
<trkpt lat="46.6680168" lon="8.5555574">
<ele>1501.598</ele>
<time>2023-04-03T11:51:56Z</time>
<hdop>3.79</hdop>
</trkpt>
<trkpt lat="46.6680821" lon="8.5555774">
<ele>1502.02</ele>
<time>2023-04-03T11:52:22Z</time>
<hdop>3.79</hdop>
</trkpt>
<trkpt lat="46.6681116" lon="8.5556632">
<ele>1506.244</ele>
<time>2023-04-03T11:52:43Z</time>
<hdop>3.79</hdop>
</trkpt>
<trkpt lat="46.6681499" lon="8.5557405">
<ele>1509.691</ele>
<time>2023-04-03T11:53:08Z</time>
<hdop>3.79</hdop>
</trkpt>
<trkpt lat="46.6682152" lon="8.5557674">
<ele>1510.72</ele>
<time>2023-04-03T11:53:25Z</time>
<hdop>3.79</hdop>
</trkpt>
<trkpt lat="46.6682528" lon="8.5558455">
<ele>1509.189</ele>
<time>2023-04-03T11:53:42Z</time>
<hdop>3.79</hdop>
</trkpt>
<trkpt lat="46.6682433" lon="8.555942">
<ele>1512.832</ele>
<time>2023-04-03T11:54:04Z</time>
<hdop>3.79</hdop>
</trkpt>
<trkpt lat="46.6682797" lon="8.5560231">
<ele>1517.14</ele>
<time>2023-04-03T11:54:16Z</time>
<hdop>9.94</hdop>
</trkpt>
<trkpt lat="46.6683099" lon="8.5561134">
<ele>1517.738</ele>
<time>2023-04-03T11:54:34Z</time>
<hdop>9.94</hdop>
</trkpt>
<trkpt lat="46.668356" lon="8.5561829">
<ele>1521.204</ele>
<time>2023-04-03T11:54:50Z</time>
<hdop>9.94</hdop>
</trkpt>
<trkpt lat="46.6684086" lon="8.5562526">
<ele>1522.336</ele>
<time>2023-04-03T11:55:09Z</time>
<hdop>9.94</hdop>
</trkpt>
<trkpt lat="46.6684682" lon="8.5563037">
<ele>1523.566</ele>
<time>2023-04-03T11:55:28Z</time>
<hdop>9.94</hdop>
</trkpt>
<trkpt lat="46.6684808" lon="8.5564003">
<ele>1523.732</ele>
<time>2023-04-03T11:55:41Z</time>
<hdop>3.79</hdop>
</trkpt>
<trkpt lat="46.6685338" lon="8.5563375">
<ele>1529.64</ele>
<time>2023-04-03T11:56:08Z</time>
<hdop>3.79</hdop>
</trkpt>
<trkpt lat="46.6686035" lon="8.5563333">
<ele>1531.789</ele>
<time>2023-04-03T11:56:26Z</time>
<hdop>3.79</hdop>
</trkpt>
<trkpt lat="46.6686698" lon="8.5563416">
<ele>1534.58</ele>
<time>2023-04-03T11:56:41Z</time>
<hdop>9.94</hdop>
</trkpt>
<trkpt lat="46.6687369" lon="8.5563568">
<ele>1535.393</ele>
<time>2023-04-03T11:56:55Z</time>
<hdop>9.94</hdop>
</trkpt>
<trkpt lat="46.6688044" lon="8.5563545">
<ele>1541.968</ele>
<time>2023-04-03T11:57:16Z</time>
<hdop>9.94</hdop>
</trkpt>
<trkpt lat="46.6688695" lon="8.5563755">
<ele>1547.1</ele>
<time>2023-04-03T11:57:35Z</time>
<hdop>9.94</hdop>
</trkpt>
<trkpt lat="46.668926" lon="8.5564292">
<ele>1548.314</ele>
<time>2023-04-03T11:57:58Z</time>
<hdop>9.94</hdop>
</trkpt>
<trkpt lat="46.6689906" lon="8.5564401">
<ele>1555.072</ele>
<time>2023-04-03T11:58:36Z</time>
<hdop>3.79</hdop>
</trkpt>
<trkpt lat="46.6690566" lon="8.5564244">
<ele>1556.829</ele>
<time>2023-04-03T11:58:46Z</time>
<hdop>3.79</hdop>
</trkpt>
<trkpt lat="46.6691114" lon="8.5564837">
<ele>1557.445</ele>
<time>2023-04-03T11:59:03Z</time>
<hdop>9.94</hdop>
</trkpt>
<trkpt lat="46.6691712" lon="8.5565348">
<ele>1561.32</ele>
<time>2023-04-03T11:59:20Z</time>
<hdop>3.79</hdop>
</trkpt>
<trkpt lat="46.6692361" lon="8.5565721">
<ele>1563.737</ele>
<time>2023-04-03T11:59:35Z</time>
<hdop>3.79</hdop>
</trkpt>
<trkpt lat="46.6692868" lon="8.5566314">
<ele>1569.264</ele>
<time>2023-04-03T12:00:04Z</time>
<hdop>3.79</hdop>
</trkpt>
<trkpt lat="46.6693417" lon="8.5566875">
<ele>1569.238</ele>
<time>2023-04-03T12:00:21Z</time>
<hdop>3.79</hdop>
</trkpt>
<trkpt lat="46.6693851" lon="8.5567646">
<ele>1569.755</ele>
<time>2023-04-03T12:00:38Z</time>
<hdop>3.79</hdop>
</trkpt>
<trkpt lat="46.6694413" lon="8.5568129">
<ele>1570.501</ele>
<time>2023-04-03T12:00:52Z</time>
<hdop>3.79</hdop>
</trkpt>
<trkpt lat="46.6695004" lon="8.5568585">
<ele>1572.625</ele>
<time>2023-04-03T12:01:04Z</time>
<hdop>3.79</hdop>
</trkpt>
<trkpt lat="46.6695626" lon="8.5568986">
<ele>1575.959</ele>
<time>2023-04-03T12:01:25Z</time>
<hdop>3.79</hdop>
</trkpt>
<trkpt lat="46.6696209" lon="8.5569433">
<ele>1581.05</ele>
<time>2023-04-03T12:01:39Z</time>
<hdop>3.79</hdop>
</trkpt>
<trkpt lat="46.6696827" lon="8.5569873">
<ele>1585.651</ele>
<time>2023-04-03T12:01:54Z</time>
<hdop>3.79</hdop>
</trkpt>
<trkpt lat="46.6697468" lon="8.557009">
<ele>1587.898</ele>
<time>2023-04-03T12:02:04Z</time>
<hdop>3.79</hdop>
</trkpt>
<trkpt lat="46.6697563" lon="8.5571085">
<ele>1584.697</ele>
<time>2023-04-03T12:02:13Z</time>
<hdop>3.79</hdop>
</trkpt>
<trkpt lat="46.6697426" lon="8.5572014">
<ele>1585.18</ele>
<time>2023-04-03T12:02:27Z</time>
<hdop>3.79</hdop>
</trkpt>
<trkpt lat="46.6697065" lon="8.5572867">
<ele>1586.982</ele>
<time>2023-04-03T12:02:49Z</time>
<hdop>3.79</hdop>
</trkpt>
<trkpt lat="46.6696502" lon="8.5573343">
<ele>1590.051</ele>
<time>2023-04-03T12:03:03Z</time>
<hdop>3.79</hdop>
</trkpt>
<trkpt lat="46.669621" lon="8.5574195">
<ele>1592.971</ele>
<time>2023-04-03T12:03:21Z</time>
<hdop>3.79</hdop>
</trkpt>
<trkpt lat="46.6695875" lon="8.5575012">
<ele>1597.456</ele>
<time>2023-04-03T12:03:51Z</time>
<hdop>3.79</hdop>
</trkpt>
<trkpt lat="46.6695773" lon="8.5575989">
<ele>1596.153</ele>
<time>2023-04-03T12:04:11Z</time>
<hdop>3.79</hdop>
</trkpt>
<trkpt lat="46.6695502" lon="8.5576907">
<ele>1606.387</ele>
<time>2023-04-03T12:04:40Z</time>
<hdop>3.79</hdop>
</trkpt>
<trkpt lat="46.6695589" lon="8.5577871">
<ele>1606.442</ele>
<time>2023-04-03T12:05:00Z</time>
<hdop>3.79</hdop>
</trkpt>
<trkpt lat="46.6696064" lon="8.557853">
<ele>1611.077</ele>
<time>2023-04-03T12:05:24Z</time>
<hdop>9.94</hdop>
</trkpt>
<trkpt lat="46.6696484" lon="8.5579304">
<ele>1612.803</ele>
<time>2023-04-03T12:05:42Z</time>
<hdop>3.79</hdop>
</trkpt>
<trkpt lat="46.6696583" lon="8.5580261">
<ele>1613.066</ele>
<time>2023-04-03T12:05:56Z</time>
<hdop>3.79</hdop>
</trkpt>
<trkpt lat="46.6696691" lon="8.5581233">
<ele>1616.26</ele>
<time>2023-04-03T12:06:12Z</time>
<hdop>3.79</hdop>
</trkpt>
<trkpt lat="46.6696968" lon="8.5580319">
<ele>1617.595</ele>
<time>2023-04-03T12:06:50Z</time>
<hdop>3.79</hdop>
</trkpt>
<trkpt lat="46.6697539" lon="8.5580828">
<ele>1625.335</ele>
<time>2023-04-03T12:07:04Z</time>
<hdop>3.79</hdop>
</trkpt>
<trkpt lat="46.6697659" lon="8.5581795">
<ele>1625.638</ele>
<time>2023-04-03T12:07:13Z</time>
<hdop>9.94</hdop>
</trkpt>
<trkpt lat="46.6698203" lon="8.5582359">
<ele>1625.143</ele>
<time>2023-04-03T12:07:27Z</time>
<hdop>9.94</hdop>
</trkpt>
<trkpt lat="46.6697698" lon="8.5582957">
<ele>1626.509</ele>
<time>2023-04-03T12:07:38Z</time>
<hdop>9.94</hdop>
</trkpt>
<trkpt lat="46.669757" lon="8.5583901">
<ele>1626.673</ele>
<time>2023-04-03T12:08:11Z</time>
<hdop>9.94</hdop>
</trkpt>
<trkpt lat="46.669793" lon="8.5584721">
<ele>1625.312</ele>
<time>2023-04-03T12:08:35Z</time>
<hdop>9.94</hdop>
</trkpt>
<trkpt lat="46.6698133" lon="8.5585629">
<ele>1628.091</ele>
<time>2023-04-03T12:08:48Z</time>
<hdop>9.94</hdop>
</trkpt>
<trkpt lat="46.6698544" lon="8.5584887">
<ele>1635.432</ele>
<time>2023-04-03T12:09:19Z</time>
<hdop>9.94</hdop>
</trkpt>
<trkpt lat="46.6698795" lon="8.5585872">
<ele>1638.736</ele>
<time>2023-04-03T12:09:35Z</time>
<hdop>9.94</hdop>
</trkpt>
<trkpt lat="46.6699077" lon="8.5586726">
<ele>1637.191</ele>
<time>2023-04-03T12:09:52Z</time>
<hdop>9.94</hdop>
</trkpt>
<trkpt lat="46.6699496" lon="8.5585995">
<ele>1639.184</ele>
<time>2023-04-03T12:10:10Z</time>
<hdop>9.94</hdop>
</trkpt>
<trkpt lat="46.6700012" lon="8.5586626">
<ele>1645.082</ele>
<time>2023-04-03T12:10:30Z</time>
<hdop>9.94</hdop>
</trkpt>
<trkpt lat="46.670056" lon="8.5587251">
<ele>1648.207</ele>
<time>2023-04-03T12:10:54Z</time>
<hdop>9.94</hdop>
</trkpt>
<trkpt lat="46.6700665" lon="8.5588203">
<ele>1649.476</ele>
<time>2023-04-03T12:11:11Z</time>
<hdop>9.94</hdop>
</trkpt>
<trkpt lat="46.6700717" lon="8.5589228">
<ele>1649.928</ele>
<time>2023-04-03T12:11:27Z</time>
<hdop>9.94</hdop>
</trkpt>
<trkpt lat="46.6700744" lon="8.5590175">
<ele>1644.955</ele>
<time>2023-04-03T12:11:46Z</time>
<hdop>9.94</hdop>
</trkpt>
<trkpt lat="46.6701156" lon="8.5590989">
<ele>1652.993</ele>
<time>2023-04-03T12:12:19Z</time>
<hdop>9.94</hdop>
</trkpt>
<trkpt lat="46.6701749" lon="8.55914">
<ele>1657.261</ele>
<time>2023-04-03T12:12:37Z</time>
<hdop>3.79</hdop>
</trkpt>
<trkpt lat="46.670192" lon="8.559236">
<ele>1658.615</ele>
<time>2023-04-03T12:12:50Z</time>
<hdop>3.79</hdop>
</trkpt>
<trkpt lat="46.6702393" lon="8.5593042">
<ele>1660.471</ele>
<time>2023-04-03T12:13:05Z</time>
<hdop>3.79</hdop>
</trkpt>
<trkpt lat="46.6703025" lon="8.5593535">
<ele>1661.601</ele>
<time>2023-04-03T12:13:34Z</time>
<hdop>3.79</hdop>
</trkpt>
<trkpt lat="46.6703546" lon="8.5594135">
<ele>1668.246</ele>
<time>2023-04-03T12:14:44Z</time>
<hdop>9.94</hdop>
</trkpt>
<trkpt lat="46.6704044" lon="8.5594749">
<ele>1669.876</ele>
<time>2023-04-03T12:14:56Z</time>
<hdop>9.94</hdop>
</trkpt>
<trkpt lat="46.6704234" lon="8.5595683">
<ele>1670.059</ele>
<time>2023-04-03T12:15:20Z</time>
<hdop>9.94</hdop>
</trkpt>
<trkpt lat="46.6704839" lon="8.5596041">
<ele>1670.563</ele>
<time>2023-04-03T12:15:36Z</time>
<hdop>9.94</hdop>
</trkpt>
<trkpt lat="46.670528" lon="8.5596804">
<ele>1671.039</ele>
<time>2023-04-03T12:15:56Z</time>
<hdop>9.94</hdop>
</trkpt>
<trkpt lat="46.6705557" lon="8.5597765">
<ele>1672.246</ele>
<time>2023-04-03T12:16:13Z</time>
<hdop>9.94</hdop>
</trkpt>
<trkpt lat="46.6706039" lon="8.5598438">
<ele>1677.549</ele>
<time>2023-04-03T12:16:28Z</time>
<hdop>9.94</hdop>
</trkpt>
<trkpt lat="46.6706376" lon="8.5599323">
<ele>1676.528</ele>
<time>2023-04-03T12:16:39Z</time>
<hdop>9.94</hdop>
</trkpt>
<trkpt lat="46.6706429" lon="8.5600295">
<ele>1676.541</ele>
<time>2023-04-03T12:16:51Z</time>
<hdop>9.94</hdop>
</trkpt>
<trkpt lat="46.6706744" lon="8.5601137">
<ele>1679.091</ele>
<time>2023-04-03T12:17:04Z</time>
<hdop>9.94</hdop>
</trkpt>
<trkpt lat="46.670671" lon="8.5602117">
<ele>1679.767</ele>
<time>2023-04-03T12:17:14Z</time>
<hdop>9.94</hdop>
</trkpt>
<trkpt lat="46.6706665" lon="8.5603086">
<ele>1683.428</ele>
<time>2023-04-03T12:17:35Z</time>
<hdop>9.94</hdop>
</trkpt>
<trkpt lat="46.6706927" lon="8.5603985">
<ele>1683.358</ele>
<time>2023-04-03T12:17:53Z</time>
<hdop>9.94</hdop>
</trkpt>
<trkpt lat="46.6707352" lon="8.5604732">
<ele>1686.108</ele>
<time>2023-04-03T12:18:16Z</time>
<hdop>9.94</hdop>
</trkpt>
<trkpt lat="46.670787" lon="8.5605343">
<ele>1684.849</ele>
<time>2023-04-03T12:18:31Z</time>
<hdop>3.79</hdop>
</trkpt>
<trkpt lat="46.6708383" lon="8.5606051">
<ele>1687.065</ele>
<time>2023-04-03T12:18:44Z</time>
<hdop>3.79</hdop>
</trkpt>
<trkpt lat="46.6708751" lon="8.5606877">
<ele>1686.652</ele>
<time>2023-04-03T12:18:56Z</time>
<hdop>3.79</hdop>
</trkpt>
<trkpt lat="46.6709407" lon="8.560692">
<ele>1685.001</ele>
<time>2023-04-03T12:19:34Z</time>
<hdop>3.79</hdop>
</trkpt>
<trkpt lat="46.6708829" lon="8.5606382">
<ele>1688.658</ele>
<time>2023-04-03T12:30:02Z</time>
<hdop>3.79</hdop>
</trkpt>
<trkpt lat="46.670947" lon="8.5606041">
<ele>1691.321</ele>
<time>2023-04-03T12:30:46Z</time>
<hdop>3.79</hdop>
</trkpt>
<trkpt lat="46.6709742" lon="8.5605145">
<ele>1693.646</ele>
<time>2023-04-03T12:31:00Z</time>
<hdop>3.79</hdop>
</trkpt>
<trkpt lat="46.6710007" lon="8.5604232">
<ele>1695.162</ele>
<time>2023-04-03T12:31:14Z</time>
<hdop>3.79</hdop>
</trkpt>
<trkpt lat="46.6710261" lon="8.5603315">
<ele>1697.398</ele>
<time>2023-04-03T12:31:27Z</time>
<hdop>3.79</hdop>
</trkpt>
<trkpt lat="46.6710568" lon="8.5602437">
<ele>1700.622</ele>
<time>2023-04-03T12:31:40Z</time>
<hdop>3.79</hdop>
</trkpt>
<trkpt lat="46.6710576" lon="8.5601466">
<ele>1702.407</ele>
<time>2023-04-03T12:31:53Z</time>
<hdop>3.79</hdop>
</trkpt>
<trkpt lat="46.6710778" lon="8.5600471">
<ele>1704.644</ele>
<time>2023-04-03T12:32:06Z</time>
<hdop>3.79</hdop>
</trkpt>
<trkpt lat="46.6711373" lon="8.5600918">
<ele>1703.733</ele>
<time>2023-04-03T12:32:18Z</time>
<hdop>9.94</hdop>
</trkpt>
<trkpt lat="46.6711696" lon="8.5601852">
<ele>1705.42</ele>
<time>2023-04-03T12:32:26Z</time>
<hdop>9.94</hdop>
</trkpt>
<trkpt lat="46.6711986" lon="8.560273">
<ele>1705.539</ele>
<time>2023-04-03T12:32:39Z</time>
<hdop>9.94</hdop>
</trkpt>
<trkpt lat="46.6712311" lon="8.5603649">
<ele>1706.291</ele>
<time>2023-04-03T12:32:49Z</time>
<hdop>9.94</hdop>
</trkpt>
<trkpt lat="46.6712399" lon="8.5604631">
<ele>1708.476</ele>
<time>2023-04-03T12:32:59Z</time>
<hdop>9.94</hdop>
</trkpt>
<trkpt lat="46.6712459" lon="8.5605653">
<ele>1708.282</ele>
<time>2023-04-03T12:33:09Z</time>
<hdop>9.94</hdop>
</trkpt>
<trkpt lat="46.6712656" lon="8.5606576">
<ele>1710.049</ele>
<time>2023-04-03T12:33:27Z</time>
<hdop>3.79</hdop>
</trkpt>
<trkpt lat="46.6712882" lon="8.5607495">
<ele>1713.957</ele>
<time>2023-04-03T12:33:38Z</time>
<hdop>3.79</hdop>
</trkpt>
<trkpt lat="46.6713024" lon="8.5608416">
<ele>1715.1</ele>
<time>2023-04-03T12:33:49Z</time>
<hdop>3.79</hdop>
</trkpt>
<trkpt lat="46.6713295" lon="8.5607547">
<ele>1717.973</ele>
<time>2023-04-03T12:33:59Z</time>
<hdop>3.79</hdop>
</trkpt>
<trkpt lat="46.6713083" lon="8.5606639">
<ele>1722.838</ele>
<time>2023-04-03T12:34:11Z</time>
<hdop>3.79</hdop>
</trkpt>
<trkpt lat="46.6713517" lon="8.5605907">
<ele>1724.439</ele>
<time>2023-04-03T12:34:27Z</time>
<hdop>3.79</hdop>
</trkpt>
<trkpt lat="46.6713758" lon="8.5605002">
<ele>1725.074</ele>
<time>2023-04-03T12:34:38Z</time>
<hdop>9.94</hdop>
</trkpt>
<trkpt lat="46.6714084" lon="8.5604145">
<ele>1726.233</ele>
<time>2023-04-03T12:34:50Z</time>
<hdop>9.94</hdop>
</trkpt>
<trkpt lat="46.6714562" lon="8.560491">
<ele>1726.239</ele>
<time>2023-04-03T12:35:01Z</time>
<hdop>9.94</hdop>
</trkpt>
<trkpt lat="46.6714675" lon="8.5605913">
<ele>1727.026</ele>
<time>2023-04-03T12:35:13Z</time>
<hdop>9.94</hdop>
</trkpt>
<trkpt lat="46.6715008" lon="8.5606723">
<ele>1726.899</ele>
<time>2023-04-03T12:35:22Z</time>
<hdop>9.94</hdop>
</trkpt>
<trkpt lat="46.6715289" lon="8.5607638">
<ele>1729.226</ele>
<time>2023-04-03T12:35:32Z</time>
<hdop>3.79</hdop>
</trkpt>
<trkpt lat="46.6715388" lon="8.560859">
<ele>1731.669</ele>
<time>2023-04-03T12:35:43Z</time>
<hdop>3.79</hdop>
</trkpt>
<trkpt lat="46.6715922" lon="8.560927">
<ele>1731.596</ele>
<time>2023-04-03T12:35:55Z</time>
<hdop>3.79</hdop>
</trkpt>
<trkpt lat="46.6716458" lon="8.5609916">
<ele>1733.226</ele>
<time>2023-04-03T12:36:09Z</time>
<hdop>3.79</hdop>
</trkpt>
<trkpt lat="46.6716991" lon="8.5610571">
<ele>1734.493</ele>
<time>2023-04-03T12:36:19Z</time>
<hdop>3.79</hdop>
</trkpt>
<trkpt lat="46.6717475" lon="8.5611236">
<ele>1735.947</ele>
<time>2023-04-03T12:36:31Z</time>
<hdop>3.79</hdop>
</trkpt>
<trkpt lat="46.6717874" lon="8.5612012">
<ele>1739.882</ele>
<time>2023-04-03T12:36:43Z</time>
<hdop>3.79</hdop>
</trkpt>
<trkpt lat="46.6717589" lon="8.5612906">
<ele>1741.311</ele>
<time>2023-04-03T12:36:55Z</time>
<hdop>3.79</hdop>
</trkpt>
<trkpt lat="46.6717281" lon="8.5613801">
<ele>1742.623</ele>
<time>2023-04-03T12:37:08Z</time>
<hdop>9.94</hdop>
</trkpt>
<trkpt lat="46.6717426" lon="8.5614772">
<ele>1742.766</ele>
<time>2023-04-03T12:37:20Z</time>
<hdop>9.94</hdop>
</trkpt>
<trkpt lat="46.6717407" lon="8.5615715">
<ele>1745.214</ele>
<time>2023-04-03T12:37:30Z</time>
<hdop>9.94</hdop>
</trkpt>
<trkpt lat="46.6717752" lon="8.5616607">
<ele>1747.487</ele>
<time>2023-04-03T12:37:43Z</time>
<hdop>9.94</hdop>
</trkpt>
<trkpt lat="46.6717727" lon="8.561755">
<ele>1750.594</ele>
<time>2023-04-03T12:37:55Z</time>
<hdop>9.94</hdop>
</trkpt>
<trkpt lat="46.6717905" lon="8.5618473">
<ele>1752.535</ele>
<time>2023-04-03T12:38:07Z</time>
<hdop>9.94</hdop>
</trkpt>
<trkpt lat="46.6718153" lon="8.5619388">
<ele>1756.181</ele>
<time>2023-04-03T12:38:28Z</time>
<hdop>9.94</hdop>
</trkpt>
<trkpt lat="46.6717438" lon="8.5619048">
<ele>1750.232</ele>
<time>2023-04-03T12:38:47Z</time>
<hdop>9.94</hdop>
</trkpt>
<trkpt lat="46.6718095" lon="8.5619037">
<ele>1751.028</ele>
<time>2023-04-03T12:39:29Z</time>
<hdop>9.94</hdop>
</trkpt>
<trkpt lat="46.6718319" lon="8.5620028">
<ele>1752.053</ele>
<time>2023-04-03T12:39:40Z</time>
<hdop>9.94</hdop>
</trkpt>
<trkpt lat="46.6718731" lon="8.5620767">
<ele>1755.518</ele>
<time>2023-04-03T12:39:52Z</time>
<hdop>9.94</hdop>
</trkpt>
<trkpt lat="46.6719275" lon="8.5621328">
<ele>1756.852</ele>
<time>2023-04-03T12:40:13Z</time>
<hdop>9.94</hdop>
</trkpt>
<trkpt lat="46.6719591" lon="8.5622202">
<ele>1758.921</ele>
<time>2023-04-03T12:40:26Z</time>
<hdop>9.94</hdop>
</trkpt>
<trkpt lat="46.6719678" lon="8.5621161">
<ele>1759.24</ele>
<time>2023-04-03T12:40:43Z</time>
<hdop>9.94</hdop>
</trkpt>
<trkpt lat="46.6719624" lon="8.562018">
<ele>1762.574</ele>
<time>2023-04-03T12:40:50Z</time>
<hdop>9.94</hdop>
</trkpt>
<trkpt lat="46.6719625" lon="8.5619215">
<ele>1768.616</ele>
<time>2023-04-03T12:41:00Z</time>
<hdop>9.94</hdop>
</trkpt>
<trkpt lat="46.6720008" lon="8.5618413">
<ele>1770.853</ele>
<time>2023-04-03T12:41:18Z</time>
<hdop>9.94</hdop>
</trkpt>
<trkpt lat="46.6720268" lon="8.5617508">
<ele>1771.489</ele>
<time>2023-04-03T12:41:30Z</time>
<hdop>9.94</hdop>
</trkpt>
<trkpt lat="46.6720972" lon="8.5617697">
<ele>1768.716</ele>
<time>2023-04-03T12:41:39Z</time>
<hdop>9.94</hdop>
</trkpt>
<trkpt lat="46.672121" lon="8.5618616">
<ele>1768.835</ele>
<time>2023-04-03T12:41:50Z</time>
<hdop>9.94</hdop>
</trkpt>
<trkpt lat="46.6721573" lon="8.5619448">
<ele>1770.095</ele>
<time>2023-04-03T12:42:01Z</time>
<hdop>3.79</hdop>
</trkpt>
<trkpt lat="46.6721908" lon="8.5618542">
<ele>1775.977</ele>
<time>2023-04-03T12:42:28Z</time>
<hdop>3.79</hdop>
</trkpt>
<trkpt lat="46.6722048" lon="8.5617588">
<ele>1780.76</ele>
<time>2023-04-03T12:42:41Z</time>
<hdop>3.79</hdop>
</trkpt>
<trkpt lat="46.6722498" lon="8.5616905">
<ele>1783.05</ele>
<time>2023-04-03T12:42:55Z</time>
<hdop>3.79</hdop>
</trkpt>
<trkpt lat="46.6723037" lon="8.5617439">
<ele>1784.632</ele>
<time>2023-04-03T12:43:14Z</time>
<hdop>3.79</hdop>
</trkpt>
<trkpt lat="46.6723339" lon="8.5618338">
<ele>1784.555</ele>
<time>2023-04-03T12:43:24Z</time>
<hdop>3.79</hdop>
</trkpt>
<trkpt lat="46.6723873" lon="8.561897">
<ele>1785.055</ele>
<time>2023-04-03T12:43:36Z</time>
<hdop>3.79</hdop>
</trkpt>
<trkpt lat="46.6724487" lon="8.5619375">
<ele>1782.143</ele>
<time>2023-04-03T12:43:47Z</time>
<hdop>9.94</hdop>
</trkpt>
<trkpt lat="46.6724906" lon="8.5618648">
<ele>1792.618</ele>
<time>2023-04-03T12:44:15Z</time>
<hdop>9.94</hdop>
</trkpt>
<trkpt lat="46.6724732" lon="8.561771">
<ele>1796.153</ele>
<time>2023-04-03T12:44:27Z</time>
<hdop>9.94</hdop>
</trkpt>
<trkpt lat="46.6725078" lon="8.5616829">
<ele>1796.386</ele>
<time>2023-04-03T12:44:41Z</time>
<hdop>9.94</hdop>
</trkpt>
<trkpt lat="46.6725686" lon="8.5617425">
<ele>1794.904</ele>
<time>2023-04-03T12:44:50Z</time>
<hdop>9.94</hdop>
</trkpt>
<trkpt lat="46.6726247" lon="8.5617913">
<ele>1796.099</ele>
<time>2023-04-03T12:45:01Z</time>
<hdop>9.94</hdop>
</trkpt>
<trkpt lat="46.6726804" lon="8.5618486">
<ele>1796.747</ele>
<time>2023-04-03T12:45:14Z</time>
<hdop>9.94</hdop>
</trkpt>
<trkpt lat="46.672742" lon="8.5618882">
<ele>1798.896</ele>
<time>2023-04-03T12:45:29Z</time>
<hdop>9.94</hdop>
</trkpt>
<trkpt lat="46.6728021" lon="8.5619347">
<ele>1799.19</ele>
<time>2023-04-03T12:45:40Z</time>
<hdop>9.94</hdop>
</trkpt>
<trkpt lat="46.6728024" lon="8.5618315">
<ele>1800.895</ele>
<time>2023-04-03T12:45:54Z</time>
<hdop>9.94</hdop>
</trkpt>
<trkpt lat="46.6727709" lon="8.5617392">
<ele>1804.868</ele>
<time>2023-04-03T12:46:03Z</time>
<hdop>9.94</hdop>
</trkpt>
<trkpt lat="46.672803" lon="8.56165">
<ele>1806.187</ele>
<time>2023-04-03T12:46:15Z</time>
<hdop>3.79</hdop>
</trkpt>
<trkpt lat="46.6728373" lon="8.561566">
<ele>1805.996</ele>
<time>2023-04-03T12:46:26Z</time>
<hdop>3.79</hdop>
</trkpt>
<trkpt lat="46.6728905" lon="8.5615092">
<ele>1807.935</ele>
<time>2023-04-03T12:46:39Z</time>
<hdop>3.79</hdop>
</trkpt>
<trkpt lat="46.6729613" lon="8.5615202">
<ele>1809.512</ele>
<time>2023-04-03T12:49:31Z</time>
<hdop>3.79</hdop>
</trkpt>
<trkpt lat="46.673022" lon="8.5615627">
<ele>1809.951</ele>
<time>2023-04-03T12:49:40Z</time>
<hdop>3.79</hdop>
</trkpt>
<trkpt lat="46.6730843" lon="8.5616023">
<ele>1809.702</ele>
<time>2023-04-03T12:49:54Z</time>
<hdop>3.79</hdop>
</trkpt>
<trkpt lat="46.6730946" lon="8.5615083">
<ele>1814.523</ele>
<time>2023-04-03T12:50:10Z</time>
<hdop>3.79</hdop>
</trkpt>
<trkpt lat="46.6730865" lon="8.5614135">
<ele>1817.343</ele>
<time>2023-04-03T12:50:19Z</time>
<hdop>3.79</hdop>
</trkpt>
<trkpt lat="46.6730721" lon="8.5613149">
<ele>1818.919</ele>
<time>2023-04-03T12:50:32Z</time>
<hdop>3.79</hdop>
</trkpt>
<trkpt lat="46.6731231" lon="8.5612449">
<ele>1820.757</ele>
<time>2023-04-03T12:50:45Z</time>
<hdop>3.79</hdop>
</trkpt>
<trkpt lat="46.6731458" lon="8.5611539">
<ele>1821.335</ele>
<time>2023-04-03T12:50:53Z</time>
<hdop>3.79</hdop>
</trkpt>
<trkpt lat="46.6731763" lon="8.5610604">
<ele>1821.915</ele>
<time>2023-04-03T12:51:01Z</time>
<hdop>3.79</hdop>
</trkpt>
<trkpt lat="46.673207" lon="8.5609696">
<ele>1821.695</ele>
<time>2023-04-03T12:51:09Z</time>
<hdop>3.79</hdop>
</trkpt>
<trkpt lat="46.6732418" lon="8.5608839">
<ele>1822.85</ele>
<time>2023-04-03T12:51:17Z</time>
<hdop>3.79</hdop>
</trkpt>
<trkpt lat="46.6732883" lon="8.5608154">
<ele>1822.996</ele>
<time>2023-04-03T12:51:26Z</time>
<hdop>3.79</hdop>
</trkpt>
<trkpt lat="46.6733398" lon="8.5607468">
<ele>1825.706</ele>
<time>2023-04-03T12:51:36Z</time>
<hdop>3.79</hdop>
</trkpt>
<trkpt lat="46.6733634" lon="8.5606483">
<ele>1827.421</ele>
<time>2023-04-03T12:51:46Z</time>
<hdop>3.79</hdop>
</trkpt>
<trkpt lat="46.6733661" lon="8.5605506">
<ele>1828.867</ele>
<time>2023-04-03T12:51:57Z</time>
<hdop>3.79</hdop>
</trkpt>
<trkpt lat="46.6734327" lon="8.5605683">
<ele>1828.507</ele>
<time>2023-04-03T12:52:07Z</time>
<hdop>9.94</hdop>
</trkpt>
<trkpt lat="46.6734685" lon="8.5604797">
<ele>1832.189</ele>
<time>2023-04-03T12:52:29Z</time>
<hdop>9.94</hdop>
</trkpt>
<trkpt lat="46.6735184" lon="8.5605536">
<ele>1832.778</ele>
<time>2023-04-03T12:52:56Z</time>
<hdop>9.94</hdop>
</trkpt>
<trkpt lat="46.6735659" lon="8.5606313">
<ele>1834.273</ele>
<time>2023-04-03T12:53:06Z</time>
<hdop>9.94</hdop>
</trkpt>
<trkpt lat="46.6735807" lon="8.5607236">
<ele>1833.772</ele>
<time>2023-04-03T12:53:24Z</time>
<hdop>9.94</hdop>
</trkpt>
<trkpt lat="46.6735931" lon="8.5608171">
<ele>1835.551</ele>
<time>2023-04-03T12:53:35Z</time>
<hdop>3.79</hdop>
</trkpt>
<trkpt lat="46.6736587" lon="8.5608429">
<ele>1843.22</ele>
<time>2023-04-03T12:54:12Z</time>
<hdop>3.79</hdop>
</trkpt>
<trkpt lat="46.6736764" lon="8.5609401">
<ele>1842.725</ele>
<time>2023-04-03T12:54:24Z</time>
<hdop>3.79</hdop>
</trkpt>
<trkpt lat="46.6737261" lon="8.5610009">
<ele>1845.972</ele>
<time>2023-04-03T12:54:40Z</time>
<hdop>3.79</hdop>
</trkpt>
<trkpt lat="46.6737837" lon="8.5610467">
<ele>1848.402</ele>
<time>2023-04-03T12:54:56Z</time>
<hdop>3.79</hdop>
</trkpt>
<trkpt lat="46.6738481" lon="8.5610917">
<ele>1849.425</ele>
<time>2023-04-03T12:55:10Z</time>
<hdop>3.79</hdop>
</trkpt>
<trkpt lat="46.6739042" lon="8.5611451">
<ele>1849.629</ele>
<time>2023-04-03T12:55:23Z</time>
<hdop>3.79</hdop>
</trkpt>
<trkpt lat="46.6739619" lon="8.56119">
<ele>1851.753</ele>
<time>2023-04-03T12:55:36Z</time>
<hdop>3.79</hdop>
</trkpt>
<trkpt lat="46.674025" lon="8.5612289">
<ele>1852.863</ele>
<time>2023-04-03T12:55:50Z</time>
<hdop>3.79</hdop>
</trkpt>
<trkpt lat="46.6740813" lon="8.5612879">
<ele>1853.818</ele>
<time>2023-04-03T12:56:05Z</time>
<hdop>3.79</hdop>
</trkpt>
<trkpt lat="46.6741496" lon="8.5613063">
<ele>1855.471</ele>
<time>2023-04-03T12:56:17Z</time>
<hdop>3.79</hdop>
</trkpt>
<trkpt lat="46.6742089" lon="8.5612643">
<ele>1858.867</ele>
<time>2023-04-03T12:56:30Z</time>
<hdop>3.79</hdop>
</trkpt>
<trkpt lat="46.6742581" lon="8.5611924">
<ele>1861.879</ele>
<time>2023-04-03T12:56:41Z</time>
<hdop>3.79</hdop>
</trkpt>
<trkpt lat="46.6743119" lon="8.5611329">
<ele>1862.5</ele>
<time>2023-04-03T12:56:52Z</time>
<hdop>3.79</hdop>
</trkpt>
<trkpt lat="46.6743817" lon="8.561131">
<ele>1863.156</ele>
<time>2023-04-03T12:57:02Z</time>
<hdop>3.79</hdop>
</trkpt>
<trkpt lat="46.674451" lon="8.5611178">
<ele>1863.976</ele>
<time>2023-04-03T12:57:13Z</time>
<hdop>3.79</hdop>
</trkpt>
<trkpt lat="46.674517" lon="8.5611348">
<ele>1865.058</ele>
<time>2023-04-03T12:57:24Z</time>
<hdop>3.79</hdop>
</trkpt>
<trkpt lat="46.6745859" lon="8.5611459">
<ele>1866.576</ele>
<time>2023-04-03T12:57:36Z</time>
<hdop>3.79</hdop>
</trkpt>
<trkpt lat="46.6746477" lon="8.5611826">
<ele>1867.805</ele>
<time>2023-04-03T12:57:51Z</time>
<hdop>3.79</hdop>
</trkpt>
<trkpt lat="46.6747065" lon="8.5612241">
<ele>1870.112</ele>
<time>2023-04-03T12:58:04Z</time>
<hdop>3.79</hdop>
</trkpt>
<trkpt lat="46.6747327" lon="8.5611362">
<ele>1871.63</ele>
<time>2023-04-03T12:58:16Z</time>
<hdop>3.79</hdop>
</trkpt>
<trkpt lat="46.6747298" lon="8.5610413">
<ele>1873.72</ele>
<time>2023-04-03T12:58:33Z</time>
<hdop>3.79</hdop>
</trkpt>
<trkpt lat="46.6747924" lon="8.5610098">
<ele>1875.474</ele>
<time>2023-04-03T12:58:57Z</time>
<hdop>3.79</hdop>
</trkpt>
<trkpt lat="46.6748544" lon="8.5609762">
<ele>1880.23</ele>
<time>2023-04-03T12:59:20Z</time>
<hdop>3.79</hdop>
</trkpt>
<trkpt lat="46.674903" lon="8.5610434">
<ele>1880.494</ele>
<time>2023-04-03T12:59:30Z</time>
<hdop>3.79</hdop>
</trkpt>
<trkpt lat="46.6749482" lon="8.5611124">
<ele>1883.489</ele>
<time>2023-04-03T12:59:42Z</time>
<hdop>3.79</hdop>
</trkpt>
<trkpt lat="46.6749991" lon="8.5611713">
<ele>1882.715</ele>
<time>2023-04-03T12:59:57Z</time>
<hdop>3.79</hdop>
</trkpt>
<trkpt lat="46.6750667" lon="8.5611983">
<ele>1882.239</ele>
<time>2023-04-03T13:00:11Z</time>
<hdop>3.79</hdop>
</trkpt>
<trkpt lat="46.6751253" lon="8.5612396">
<ele>1883.545</ele>
<time>2023-04-03T13:00:26Z</time>
<hdop>3.79</hdop>
</trkpt>
<trkpt lat="46.6751751" lon="8.5613028">
<ele>1886.727</ele>
<time>2023-04-03T13:00:42Z</time>
<hdop>3.79</hdop>
</trkpt>
<trkpt lat="46.6752332" lon="8.5613519">
<ele>1890.055</ele>
<time>2023-04-03T13:00:56Z</time>
<hdop>3.79</hdop>
</trkpt>
<trkpt lat="46.6752997" lon="8.5613695">
<ele>1893.495</ele>
<time>2023-04-03T13:01:15Z</time>
<hdop>3.79</hdop>
</trkpt>
<trkpt lat="46.6753675" lon="8.5613397">
<ele>1896.282</ele>
<time>2023-04-03T13:01:39Z</time>
<hdop>3.79</hdop>
</trkpt>
<trkpt lat="46.6754151" lon="8.561261">
<ele>1899.493</ele>
<time>2023-04-03T13:01:53Z</time>
<hdop>3.79</hdop>
</trkpt>
<trkpt lat="46.6754177" lon="8.5611612">
<ele>1901.791</ele>
<time>2023-04-03T13:02:05Z</time>
<hdop>3.79</hdop>
</trkpt>
<trkpt lat="46.6753963" lon="8.5610699">
<ele>1903.606</ele>
<time>2023-04-03T13:02:16Z</time>
<hdop>3.79</hdop>
</trkpt>
<trkpt lat="46.6753787" lon="8.5609788">
<ele>1903.291</ele>
<time>2023-04-03T13:02:27Z</time>
<hdop>3.79</hdop>
</trkpt>
<trkpt lat="46.6753473" lon="8.5608906">
<ele>1904.561</ele>
<time>2023-04-03T13:02:42Z</time>
<hdop>3.79</hdop>
</trkpt>
<trkpt lat="46.6753418" lon="8.5607915">
<ele>1905.81</ele>
<time>2023-04-03T13:02:57Z</time>
<hdop>3.79</hdop>
</trkpt>
<trkpt lat="46.6753011" lon="8.5607169">
<ele>1907.213</ele>
<time>2023-04-03T13:03:10Z</time>
<hdop>3.79</hdop>
</trkpt>
<trkpt lat="46.6753116" lon="8.5606173">
<ele>1910.23</ele>
<time>2023-04-03T13:03:23Z</time>
<hdop>3.79</hdop>
</trkpt>
<trkpt lat="46.6752442" lon="8.5606426">
<ele>1914.311</ele>
<time>2023-04-03T13:03:45Z</time>
<hdop>3.79</hdop>
</trkpt>
<trkpt lat="46.6752179" lon="8.5605563">
<ele>1915.467</ele>
<time>2023-04-03T13:04:04Z</time>
<hdop>3.79</hdop>
</trkpt>
<trkpt lat="46.6752416" lon="8.5604681">
<ele>1917.028</ele>
<time>2023-04-03T13:04:17Z</time>
<hdop>3.79</hdop>
</trkpt>
<trkpt lat="46.6752629" lon="8.5603756">
<ele>1918.61</ele>
<time>2023-04-03T13:04:31Z</time>
<hdop>3.79</hdop>
</trkpt>
<trkpt lat="46.6752812" lon="8.5602818">
<ele>1920.189</ele>
<time>2023-04-03T13:04:45Z</time>
<hdop>3.79</hdop>
</trkpt>
<trkpt lat="46.6753094" lon="8.5601962">
<ele>1922.025</ele>
<time>2023-04-03T13:05:01Z</time>
<hdop>3.79</hdop>
</trkpt>
<trkpt lat="46.6753701" lon="8.560148">
<ele>1924.332</ele>
<time>2023-04-03T13:05:16Z</time>
<hdop>3.79</hdop>
</trkpt>
<trkpt lat="46.675435" lon="8.5601077">
<ele>1925.532</ele>
<time>2023-04-03T13:05:30Z</time>
<hdop>3.79</hdop>
</trkpt>
<trkpt lat="46.6754878" lon="8.5600443">
<ele>1927.684</ele>
<time>2023-04-03T13:05:45Z</time>
<hdop>3.79</hdop>
</trkpt>
<trkpt lat="46.6755108" lon="8.5599529">
<ele>1928.596</ele>
<time>2023-04-03T13:05:58Z</time>
<hdop>3.79</hdop>
</trkpt>
<trkpt lat="46.6755389" lon="8.5598581">
<ele>1930.304</ele>
<time>2023-04-03T13:06:11Z</time>
<hdop>3.79</hdop>
</trkpt>
<trkpt lat="46.6755578" lon="8.5597674">
<ele>1931.975</ele>
<time>2023-04-03T13:06:24Z</time>
<hdop>3.79</hdop>
</trkpt>
<trkpt lat="46.6755564" lon="8.5596675">
<ele>1933.547</ele>
<time>2023-04-03T13:06:36Z</time>
<hdop>3.79</hdop>
</trkpt>
<trkpt lat="46.6755493" lon="8.5595727">
<ele>1934.741</ele>
<time>2023-04-03T13:06:48Z</time>
<hdop>3.79</hdop>
</trkpt>
<trkpt lat="46.6755448" lon="8.5594702">
<ele>1935.015</ele>
<time>2023-04-03T13:06:59Z</time>
<hdop>3.79</hdop>
</trkpt>
<trkpt lat="46.6755564" lon="8.5593735">
<ele>1936.168</ele>
<time>2023-04-03T13:07:08Z</time>
<hdop>3.79</hdop>
</trkpt>
<trkpt lat="46.6755594" lon="8.5592772">
<ele>1937.329</ele>
<time>2023-04-03T13:07:19Z</time>
<hdop>3.79</hdop>
</trkpt>
<trkpt lat="46.6756269" lon="8.5592675">
<ele>1938.197</ele>
<time>2023-04-03T13:07:50Z</time>
<hdop>3.79</hdop>
</trkpt>
<trkpt lat="46.6756159" lon="8.5591726">
<ele>1940.472</ele>
<time>2023-04-03T13:08:02Z</time>
<hdop>3.79</hdop>
</trkpt>
<trkpt lat="46.6755773" lon="8.5590905">
<ele>1942.039</ele>
<time>2023-04-03T13:08:14Z</time>
<hdop>3.79</hdop>
</trkpt>
<trkpt lat="46.6755337" lon="8.5590037">
<ele>1943.264</ele>
<time>2023-04-03T13:08:27Z</time>
<hdop>3.79</hdop>
</trkpt>
<trkpt lat="46.6755087" lon="8.5589149">
<ele>1943.368</ele>
<time>2023-04-03T13:08:36Z</time>
<hdop>3.79</hdop>
</trkpt>
<trkpt lat="46.6754708" lon="8.5588295">
<ele>1938.932</ele>
<time>2023-04-03T13:08:58Z</time>
<hdop>4.17</hdop>
</trkpt>
<trkpt lat="46.6754526" lon="8.5587277">
<ele>1940.731</ele>
<time>2023-04-03T13:09:06Z</time>
<hdop>3.79</hdop>
</trkpt>
<trkpt lat="46.6754323" lon="8.5586373">
<ele>1941.799</ele>
<time>2023-04-03T13:09:12Z</time>
<hdop>3.79</hdop>
</trkpt>
<trkpt lat="46.6754084" lon="8.5585362">
<ele>1942.217</ele>
<time>2023-04-03T13:09:18Z</time>
<hdop>3.79</hdop>
</trkpt>
<trkpt lat="46.6753833" lon="8.5584416">
<ele>1942.257</ele>
<time>2023-04-03T13:09:24Z</time>
<hdop>3.79</hdop>
</trkpt>
<trkpt lat="46.6753601" lon="8.5583466">
<ele>1943.311</ele>
<time>2023-04-03T13:09:31Z</time>
<hdop>3.79</hdop>
</trkpt>
<trkpt lat="46.6753338" lon="8.5582483">
<ele>1943.688</ele>
<time>2023-04-03T13:09:40Z</time>
<hdop>3.79</hdop>
</trkpt>
<trkpt lat="46.6753029" lon="8.558162">
<ele>1944.301</ele>
<time>2023-04-03T13:09:48Z</time>
<hdop>3.79</hdop>
</trkpt>
<trkpt lat="46.6752764" lon="8.5580652">
<ele>1944.174</ele>
<time>2023-04-03T13:09:57Z</time>
<hdop>3.79</hdop>
</trkpt>
<trkpt lat="46.6752428" lon="8.5579772">
<ele>1944.862</ele>
<time>2023-04-03T13:10:06Z</time>
<hdop>3.79</hdop>
</trkpt>
<trkpt lat="46.6752506" lon="8.5578811">
<ele>1945.73</ele>
<time>2023-04-03T13:10:31Z</time>
<hdop>3.79</hdop>
</trkpt>
<trkpt lat="46.6752634" lon="8.5577834">
<ele>1945.658</ele>
<time>2023-04-03T13:10:41Z</time>
<hdop>3.79</hdop>
</trkpt>
<trkpt lat="46.6752516" lon="8.5576813">
<ele>1946.403</ele>
<time>2023-04-03T13:10:51Z</time>
<hdop>3.79</hdop>
</trkpt>
<trkpt lat="46.6752538" lon="8.5575868">
<ele>1948.774</ele>
<time>2023-04-03T13:11:01Z</time>
<hdop>3.79</hdop>
</trkpt>
<trkpt lat="46.6753172" lon="8.5575496">
<ele>1950.931</ele>
<time>2023-04-03T13:11:16Z</time>
<hdop>3.79</hdop>
</trkpt>
<trkpt lat="46.6753767" lon="8.557605">
<ele>1952.421</ele>
<time>2023-04-03T13:11:25Z</time>
<hdop>3.79</hdop>
</trkpt>
<trkpt lat="46.675438" lon="8.55764">
<ele>1953.96</ele>
<time>2023-04-03T13:11:35Z</time>
<hdop>3.79</hdop>
</trkpt>
<trkpt lat="46.6754981" lon="8.5576763">
<ele>1956.926</ele>
<time>2023-04-03T13:11:46Z</time>
<hdop>3.79</hdop>
</trkpt>
<trkpt lat="46.675559" lon="8.5577225">
<ele>1958.179</ele>
<time>2023-04-03T13:11:56Z</time>
<hdop>3.79</hdop>
</trkpt>
<trkpt lat="46.6756228" lon="8.5577434">
<ele>1959.296</ele>
<time>2023-04-03T13:12:05Z</time>
<hdop>3.79</hdop>
</trkpt>
<trkpt lat="46.675689" lon="8.5577522">
<ele>1960.791</ele>
<time>2023-04-03T13:12:14Z</time>
<hdop>3.79</hdop>
</trkpt>
<trkpt lat="46.6757589" lon="8.5577633">
<ele>1961.564</ele>
<time>2023-04-03T13:12:23Z</time>
<hdop>3.79</hdop>
</trkpt>
<trkpt lat="46.6758267" lon="8.5577995">
<ele>1962.051</ele>
<time>2023-04-03T13:12:43Z</time>
<hdop>3.79</hdop>
</trkpt>
<trkpt lat="46.6758308" lon="8.5577037">
<ele>1966.958</ele>
<time>2023-04-03T13:13:09Z</time>
<hdop>3.79</hdop>
</trkpt>
<trkpt lat="46.6758058" lon="8.5576158">
<ele>1967.999</ele>
<time>2023-04-03T13:13:18Z</time>
<hdop>3.79</hdop>
</trkpt>
<trkpt lat="46.6757821" lon="8.5575185">
<ele>1969.094</ele>
<time>2023-04-03T13:13:28Z</time>
<hdop>3.79</hdop>
</trkpt>
<trkpt lat="46.6757515" lon="8.5574274">
<ele>1971.131</ele>
<time>2023-04-03T13:13:38Z</time>
<hdop>3.79</hdop>
</trkpt>
<trkpt lat="46.6757278" lon="8.5573299">
<ele>1973.211</ele>
<time>2023-04-03T13:13:49Z</time>
<hdop>3.79</hdop>
</trkpt>
<trkpt lat="46.6757079" lon="8.5572389">
<ele>1974.755</ele>
<time>2023-04-03T13:14:00Z</time>
<hdop>3.79</hdop>
</trkpt>
<trkpt lat="46.6756836" lon="8.5571482">
<ele>1975.99</ele>
<time>2023-04-03T13:14:10Z</time>
<hdop>3.79</hdop>
</trkpt>
<trkpt lat="46.6756663" lon="8.5570572">
<ele>1977.581</ele>
<time>2023-04-03T13:14:19Z</time>
<hdop>3.79</hdop>
</trkpt>
<trkpt lat="46.6756516" lon="8.5569549">
<ele>1980.175</ele>
<time>2023-04-03T13:14:31Z</time>
<hdop>3.79</hdop>
</trkpt>
<trkpt lat="46.6756696" lon="8.5568627">
<ele>1981.978</ele>
<time>2023-04-03T13:14:44Z</time>
<hdop>3.79</hdop>
</trkpt>
<trkpt lat="46.6757271" lon="8.5569251">
<ele>1982.204</ele>
<time>2023-04-03T13:15:09Z</time>
<hdop>3.79</hdop>
</trkpt>
<trkpt lat="46.6757824" lon="8.5569871">
<ele>1982.511</ele>
<time>2023-04-03T13:15:18Z</time>
<hdop>3.79</hdop>
</trkpt>
<trkpt lat="46.6758358" lon="8.5570565">
<ele>1984.234</ele>
<time>2023-04-03T13:15:28Z</time>
<hdop>3.79</hdop>
</trkpt>
<trkpt lat="46.6758946" lon="8.5571153">
<ele>1985.999</ele>
<time>2023-04-03T13:15:38Z</time>
<hdop>3.79</hdop>
</trkpt>
<trkpt lat="46.6759549" lon="8.5571513">
<ele>1987.899</ele>
<time>2023-04-03T13:15:48Z</time>
<hdop>3.79</hdop>
</trkpt>
<trkpt lat="46.6760156" lon="8.5571917">
<ele>1989.841</ele>
<time>2023-04-03T13:16:00Z</time>
<hdop>3.79</hdop>
</trkpt>
<trkpt lat="46.6760736" lon="8.5572363">
<ele>1990.084</ele>
<time>2023-04-03T13:16:10Z</time>
<hdop>3.79</hdop>
</trkpt>
<trkpt lat="46.6761277" lon="8.5572888">
<ele>1990.906</ele>
<time>2023-04-03T13:16:21Z</time>
<hdop>3.79</hdop>
</trkpt>
<trkpt lat="46.6761224" lon="8.5571943">
<ele>1994.407</ele>
<time>2023-04-03T13:16:39Z</time>
<hdop>3.79</hdop>
</trkpt>
<trkpt lat="46.6761067" lon="8.5570963">
<ele>1997.064</ele>
<time>2023-04-03T13:16:50Z</time>
<hdop>3.79</hdop>
</trkpt>
<trkpt lat="46.6760826" lon="8.557">
<ele>1998.89</ele>
<time>2023-04-03T13:17:02Z</time>
<hdop>3.79</hdop>
</trkpt>
<trkpt lat="46.6760642" lon="8.5569072">
<ele>2000.468</ele>
<time>2023-04-03T13:17:13Z</time>
<hdop>3.79</hdop>
</trkpt>
<trkpt lat="46.6760364" lon="8.5568047">
<ele>2002.469</ele>
<time>2023-04-03T13:17:32Z</time>
<hdop>3.79</hdop>
</trkpt>
<trkpt lat="46.6759959" lon="8.5567297">
<ele>2001.115</ele>
<time>2023-04-03T13:17:41Z</time>
<hdop>3.79</hdop>
</trkpt>
<trkpt lat="46.6759567" lon="8.5566523">
<ele>2002.859</ele>
<time>2023-04-03T13:17:56Z</time>
<hdop>3.79</hdop>
</trkpt>
<trkpt lat="46.6759479" lon="8.5565549">
<ele>2002.899</ele>
<time>2023-04-03T13:18:19Z</time>
<hdop>3.79</hdop>
</trkpt>
<trkpt lat="46.6759231" lon="8.5564637">
<ele>2004.047</ele>
<time>2023-04-03T13:18:29Z</time>
<hdop>3.79</hdop>
</trkpt>
<trkpt lat="46.675883" lon="8.5563799">
<ele>2005.864</ele>
<time>2023-04-03T13:18:43Z</time>
<hdop>3.79</hdop>
</trkpt>
<trkpt lat="46.6758634" lon="8.5562784">
<ele>2006.512</ele>
<time>2023-04-03T13:18:54Z</time>
<hdop>3.79</hdop>
</trkpt>
<trkpt lat="46.6758597" lon="8.556179">
<ele>2007.896</ele>
<time>2023-04-03T13:19:15Z</time>
<hdop>3.79</hdop>
</trkpt>
<trkpt lat="46.675896" lon="8.5561004">
<ele>2008.91</ele>
<time>2023-04-03T13:19:28Z</time>
<hdop>3.79</hdop>
</trkpt>
<trkpt lat="46.6759373" lon="8.5560255">
<ele>2009.349</ele>
<time>2023-04-03T13:19:40Z</time>
<hdop>3.79</hdop>
</trkpt>
<trkpt lat="46.6759645" lon="8.555937">
<ele>2012.025</ele>
<time>2023-04-03T13:19:56Z</time>
<hdop>3.79</hdop>
</trkpt>
<trkpt lat="46.6759939" lon="8.5558475">
<ele>2012.722</ele>
<time>2023-04-03T13:20:10Z</time>
<hdop>3.79</hdop>
</trkpt>
<trkpt lat="46.6760535" lon="8.5558961">
<ele>2014.899</ele>
<time>2023-04-03T13:20:34Z</time>
<hdop>3.79</hdop>
</trkpt>
<trkpt lat="46.6760686" lon="8.5559914">
<ele>2014.782</ele>
<time>2023-04-03T13:20:47Z</time>
<hdop>3.79</hdop>
</trkpt>
<trkpt lat="46.6760841" lon="8.5560955">
<ele>2017.035</ele>
<time>2023-04-03T13:21:20Z</time>
<hdop>3.79</hdop>
</trkpt>
<trkpt lat="46.6760992" lon="8.556189">
<ele>2020.406</ele>
<time>2023-04-03T13:21:38Z</time>
<hdop>3.79</hdop>
</trkpt>
<trkpt lat="46.6761383" lon="8.5561036">
<ele>2021.751</ele>
<time>2023-04-03T13:21:58Z</time>
<hdop>3.79</hdop>
</trkpt>
<trkpt lat="46.67618" lon="8.5561803">
<ele>2024.658</ele>
<time>2023-04-03T13:22:04Z</time>
<hdop>3.79</hdop>
</trkpt>
<trkpt lat="46.6762212" lon="8.5561032">
<ele>2029.038</ele>
<time>2023-04-03T13:23:35Z</time>
<hdop>3.79</hdop>
</trkpt>
<trkpt lat="46.6762262" lon="8.5560055">
<ele>2030.402</ele>
<time>2023-04-03T13:23:47Z</time>
<hdop>3.79</hdop>
</trkpt>
<trkpt lat="46.6762742" lon="8.5560725">
<ele>2032.113</ele>
<time>2023-04-03T13:23:59Z</time>
<hdop>3.79</hdop>
</trkpt>
<trkpt lat="46.676313" lon="8.5561488">
<ele>2033.744</ele>
<time>2023-04-03T13:24:33Z</time>
<hdop>3.79</hdop>
</trkpt>
<trkpt lat="46.6763813" lon="8.5561544">
<ele>2034.772</ele>
<time>2023-04-03T13:24:48Z</time>
<hdop>3.79</hdop>
</trkpt>
<trkpt lat="46.6764286" lon="8.5562307">
<ele>2037.851</ele>
<time>2023-04-03T13:25:04Z</time>
<hdop>3.79</hdop>
</trkpt>
<trkpt lat="46.676475" lon="8.5562987">
<ele>2039.13</ele>
<time>2023-04-03T13:25:18Z</time>
<hdop>3.79</hdop>
</trkpt>
<trkpt lat="46.676523" lon="8.5563675">
<ele>2040.882</ele>
<time>2023-04-03T13:25:32Z</time>
<hdop>3.79</hdop>
</trkpt>
<trkpt lat="46.6765674" lon="8.5564369">
<ele>2042.956</ele>
<time>2023-04-03T13:25:46Z</time>
<hdop>3.79</hdop>
</trkpt>
<trkpt lat="46.6766226" lon="8.5564893">
<ele>2045.78</ele>
<time>2023-04-03T13:26:02Z</time>
<hdop>3.79</hdop>
</trkpt>
<trkpt lat="46.6766867" lon="8.5565357">
<ele>2048.31</ele>
<time>2023-04-03T13:26:15Z</time>
<hdop>3.79</hdop>
</trkpt>
<trkpt lat="46.6767473" lon="8.5565825">
<ele>2049.979</ele>
<time>2023-04-03T13:26:28Z</time>
<hdop>3.79</hdop>
</trkpt>
<trkpt lat="46.6768088" lon="8.5566374">
<ele>2051.899</ele>
<time>2023-04-03T13:26:42Z</time>
<hdop>3.79</hdop>
</trkpt>
<trkpt lat="46.6768518" lon="8.556563">
<ele>2055.678</ele>
<time>2023-04-03T13:27:07Z</time>
<hdop>3.79</hdop>
</trkpt>
<trkpt lat="46.6768593" lon="8.5564677">
<ele>2056.918</ele>
<time>2023-04-03T13:27:23Z</time>
<hdop>3.79</hdop>
</trkpt>
<trkpt lat="46.6768596" lon="8.5563711">
<ele>2058.93</ele>
<time>2023-04-03T13:27:35Z</time>
<hdop>3.79</hdop>
</trkpt>
<trkpt lat="46.67687" lon="8.5562741">
<ele>2060.943</ele>
<time>2023-04-03T13:27:47Z</time>
<hdop>3.79</hdop>
</trkpt>
<trkpt lat="46.6768747" lon="8.5561733">
<ele>2063.014</ele>
<time>2023-04-03T13:28:00Z</time>
<hdop>3.79</hdop>
</trkpt>
<trkpt lat="46.6768789" lon="8.5560756">
<ele>2063.794</ele>
<time>2023-04-03T13:28:12Z</time>
<hdop>3.79</hdop>
</trkpt>
<trkpt lat="46.6768792" lon="8.5559759">
<ele>2065.853</ele>
<time>2023-04-03T13:28:24Z</time>
<hdop>3.79</hdop>
</trkpt>
<trkpt lat="46.6768737" lon="8.5558783">
<ele>2066.816</ele>
<time>2023-04-03T13:28:36Z</time>
<hdop>3.79</hdop>
</trkpt>
<trkpt lat="46.676869" lon="8.5557768">
<ele>2068.403</ele>
<time>2023-04-03T13:28:47Z</time>
<hdop>3.79</hdop>
</trkpt>
<trkpt lat="46.6768974" lon="8.5556907">
<ele>2069.376</ele>
<time>2023-04-03T13:28:58Z</time>
<hdop>3.79</hdop>
</trkpt>
<trkpt lat="46.6769206" lon="8.5555983">
<ele>2071.738</ele>
<time>2023-04-03T13:29:10Z</time>
<hdop>3.79</hdop>
</trkpt>
<trkpt lat="46.6769491" lon="8.5555077">
<ele>2072.543</ele>
<time>2023-04-03T13:29:33Z</time>
<hdop>3.79</hdop>
</trkpt>
<trkpt lat="46.6769719" lon="8.5554133">
<ele>2073.888</ele>
<time>2023-04-03T13:29:45Z</time>
<hdop>3.79</hdop>
</trkpt>
<trkpt lat="46.6770406" lon="8.5554182">
<ele>2076.486</ele>
<time>2023-04-03T13:30:00Z</time>
<hdop>3.79</hdop>
</trkpt>
<trkpt lat="46.6771106" lon="8.555425">
<ele>2078.31</ele>
<time>2023-04-03T13:30:11Z</time>
<hdop>3.79</hdop>
</trkpt>
<trkpt lat="46.6771248" lon="8.5553267">
<ele>2079.749</ele>
<time>2023-04-03T13:30:27Z</time>
<hdop>3.79</hdop>
</trkpt>
<trkpt lat="46.6771091" lon="8.55523">
<ele>2080.985</ele>
<time>2023-04-03T13:30:38Z</time>
<hdop>3.79</hdop>
</trkpt>
<trkpt lat="46.677096" lon="8.5551339">
<ele>2081.711</ele>
<time>2023-04-03T13:30:47Z</time>
<hdop>3.79</hdop>
</trkpt>
<trkpt lat="46.6770739" lon="8.5550392">
<ele>2082.901</ele>
<time>2023-04-03T13:30:56Z</time>
<hdop>3.79</hdop>
</trkpt>
<trkpt lat="46.6770466" lon="8.5549478">
<ele>2083.355</ele>
<time>2023-04-03T13:31:05Z</time>
<hdop>3.79</hdop>
</trkpt>
<trkpt lat="46.6770156" lon="8.5548638">
<ele>2084.714</ele>
<time>2023-04-03T13:31:14Z</time>
<hdop>3.79</hdop>
</trkpt>
<trkpt lat="46.6769806" lon="8.5547764">
<ele>2086.631</ele>
<time>2023-04-03T13:31:23Z</time>
<hdop>3.79</hdop>
</trkpt>
<trkpt lat="46.6769496" lon="8.554688">
<ele>2088.065</ele>
<time>2023-04-03T13:31:32Z</time>
<hdop>3.79</hdop>
</trkpt>
<trkpt lat="46.6769123" lon="8.5546025">
<ele>2089.24</ele>
<time>2023-04-03T13:31:41Z</time>
<hdop>3.79</hdop>
</trkpt>
<trkpt lat="46.6768717" lon="8.5545133">
<ele>2090.258</ele>
<time>2023-04-03T13:31:51Z</time>
<hdop>3.79</hdop>
</trkpt>
<trkpt lat="46.6768368" lon="8.5544262">
<ele>2091.458</ele>
<time>2023-04-03T13:32:00Z</time>
<hdop>3.79</hdop>
</trkpt>
<trkpt lat="46.6768143" lon="8.5543376">
<ele>2092.599</ele>
<time>2023-04-03T13:32:08Z</time>
<hdop>3.79</hdop>
</trkpt>
<trkpt lat="46.6767949" lon="8.5542423">
<ele>2094.154</ele>
<time>2023-04-03T13:32:17Z</time>
<hdop>3.79</hdop>
</trkpt>
<trkpt lat="46.6767895" lon="8.5541387">
<ele>2095.548</ele>
<time>2023-04-03T13:32:25Z</time>
<hdop>3.79</hdop>
</trkpt>
<trkpt lat="46.6767871" lon="8.5540395">
<ele>2096.009</ele>
<time>2023-04-03T13:32:33Z</time>
<hdop>3.79</hdop>
</trkpt>
<trkpt lat="46.6767793" lon="8.553937">
<ele>2097.254</ele>
<time>2023-04-03T13:32:41Z</time>
<hdop>3.79</hdop>
</trkpt>
<trkpt lat="46.6767733" lon="8.5538329">
<ele>2098.049</ele>
<time>2023-04-03T13:32:50Z</time>
<hdop>3.79</hdop>
</trkpt>
<trkpt lat="46.6767618" lon="8.5537304">
<ele>2099.038</ele>
<time>2023-04-03T13:32:58Z</time>
<hdop>3.79</hdop>
</trkpt>
<trkpt lat="46.6767547" lon="8.5536352">
<ele>2099.748</ele>
<time>2023-04-03T13:33:06Z</time>
<hdop>3.79</hdop>
</trkpt>
<trkpt lat="46.676749" lon="8.5535334">
<ele>2100.557</ele>
<time>2023-04-03T13:33:14Z</time>
<hdop>3.79</hdop>
</trkpt>
<trkpt lat="46.6767444" lon="8.553431">
<ele>2101.439</ele>
<time>2023-04-03T13:33:22Z</time>
<hdop>3.79</hdop>
</trkpt>
<trkpt lat="46.6767362" lon="8.5533314">
<ele>2101.822</ele>
<time>2023-04-03T13:33:30Z</time>
<hdop>3.79</hdop>
</trkpt>
<trkpt lat="46.6767222" lon="8.5532305">
<ele>2103.067</ele>
<time>2023-04-03T13:33:40Z</time>
<hdop>3.79</hdop>
</trkpt>
<trkpt lat="46.6767169" lon="8.5531332">
<ele>2103.904</ele>
<time>2023-04-03T13:33:47Z</time>
<hdop>3.79</hdop>
</trkpt>
<trkpt lat="46.6767174" lon="8.5530246">
<ele>2105.003</ele>
<time>2023-04-03T13:33:55Z</time>
<hdop>3.79</hdop>
</trkpt>
<trkpt lat="46.6767161" lon="8.5529284">
<ele>2105.975</ele>
<time>2023-04-03T13:34:02Z</time>
<hdop>3.79</hdop>
</trkpt>
<trkpt lat="46.6767192" lon="8.5528249">
<ele>2106.577</ele>
<time>2023-04-03T13:34:10Z</time>
<hdop>3.79</hdop>
</trkpt>
<trkpt lat="46.6767188" lon="8.5527193">
<ele>2106.657</ele>
<time>2023-04-03T13:34:18Z</time>
<hdop>3.79</hdop>
</trkpt>
<trkpt lat="46.6767053" lon="8.5526218">
<ele>2106.639</ele>
<time>2023-04-03T13:34:25Z</time>
<hdop>3.79</hdop>
</trkpt>
<trkpt lat="46.6766763" lon="8.5525335">
<ele>2107.854</ele>
<time>2023-04-03T13:34:32Z</time>
<hdop>3.79</hdop>
</trkpt>
<trkpt lat="46.6766478" lon="8.5524371">
<ele>2108.422</ele>
<time>2023-04-03T13:34:40Z</time>
<hdop>3.79</hdop>
</trkpt>
<trkpt lat="46.6766248" lon="8.552346">
<ele>2109.754</ele>
<time>2023-04-03T13:34:47Z</time>
<hdop>3.79</hdop>
</trkpt>
<trkpt lat="46.676602" lon="8.5522558">
<ele>2110.629</ele>
<time>2023-04-03T13:34:54Z</time>
<hdop>3.79</hdop>
</trkpt>
<trkpt lat="46.676583" lon="8.5521594">
<ele>2110.576</ele>
<time>2023-04-03T13:35:01Z</time>
<hdop>3.79</hdop>
</trkpt>
<trkpt lat="46.676553" lon="8.552065">
<ele>2111.382</ele>
<time>2023-04-03T13:35:08Z</time>
<hdop>3.79</hdop>
</trkpt>
<trkpt lat="46.6765214" lon="8.5519638">
<ele>2112.614</ele>
<time>2023-04-03T13:35:16Z</time>
<hdop>3.79</hdop>
</trkpt>
<trkpt lat="46.6764942" lon="8.5518755">
<ele>2112.079</ele>
<time>2023-04-03T13:35:23Z</time>
<hdop>3.79</hdop>
</trkpt>
<trkpt lat="46.6765598" lon="8.5518719">
<ele>2111.439</ele>
<time>2023-04-03T13:36:01Z</time>
<hdop>3.79</hdop>
</trkpt>
<trkpt lat="46.6764892" lon="8.5518728">
<ele>2111.733</ele>
<time>2023-04-03T13:36:21Z</time>
<hdop>3.79</hdop>
</trkpt>
<trkpt lat="46.6765464" lon="8.5519352">
<ele>2111.058</ele>
<time>2023-04-03T13:36:45Z</time>
<hdop>3.79</hdop>
</trkpt>
<trkpt lat="46.676532" lon="8.5518251">
<ele>2110.572</ele>
<time>2023-04-03T13:37:07Z</time>
<hdop>3.79</hdop>
</trkpt>
<trkpt lat="46.6765572" lon="8.551917">
<ele>2108.891</ele>
<time>2023-04-03T13:37:47Z</time>
<hdop>3.79</hdop>
</trkpt>
<trkpt lat="46.6765773" lon="8.5518087">
<ele>2108.497</ele>
<time>2023-04-03T13:40:12Z</time>
<hdop>9.94</hdop>
</trkpt>
<trkpt lat="46.6766235" lon="8.5517314">
<ele>2110.259</ele>
<time>2023-04-03T13:40:19Z</time>
<hdop>9.94</hdop>
</trkpt>
<trkpt lat="46.6766588" lon="8.5516041">
<ele>2110.47</ele>
<time>2023-04-03T13:40:28Z</time>
<hdop>20.78</hdop>
</trkpt>
<trkpt lat="46.6765496" lon="8.5518131">
<ele>2111.166</ele>
<time>2023-04-03T13:40:33Z</time>
<hdop>16.52</hdop>
</trkpt>
<trkpt lat="46.6765108" lon="8.5518897">
<ele>2118.83</ele>
<time>2023-04-03T13:40:40Z</time>
<hdop>10.53</hdop>
</trkpt>
<trkpt lat="46.6764416" lon="8.5519265">
<ele>2122.027</ele>
<time>2023-04-03T13:42:11Z</time>
<hdop>14.5</hdop>
</trkpt>
<trkpt lat="46.6765266" lon="8.5519108">
<ele>2122.033</ele>
<time>2023-04-03T13:42:16Z</time>
<hdop>11.44</hdop>
</trkpt>
<trkpt lat="46.6764614" lon="8.5519305">
<ele>2115.459</ele>
<time>2023-04-03T13:42:42Z</time>
<hdop>3.79</hdop>
</trkpt>
<trkpt lat="46.6765315" lon="8.5519126">
<ele>2111.69</ele>
<time>2023-04-03T13:42:52Z</time>
<hdop>3.79</hdop>
</trkpt>
<trkpt lat="46.6765823" lon="8.5518466">
<ele>2110.912</ele>
<time>2023-04-03T13:43:05Z</time>
<hdop>3.79</hdop>
</trkpt>
<trkpt lat="46.6765344" lon="8.5519108">
<ele>2110.778</ele>
<time>2023-04-03T13:43:29Z</time>
<hdop>6.52</hdop>
</trkpt>
<trkpt lat="46.6764653" lon="8.5519042">
<ele>2116.776</ele>
<time>2023-04-03T13:43:42Z</time>
<hdop>6.27</hdop>
</trkpt>
<trkpt lat="46.6764669" lon="8.552003">
<ele>2120.427</ele>
<time>2023-04-03T13:43:58Z</time>
<hdop>7.17</hdop>
</trkpt>
<trkpt lat="46.6765067" lon="8.5519227">
<ele>2124.387</ele>
<time>2023-04-03T13:44:35Z</time>
<hdop>9.94</hdop>
</trkpt>
<trkpt lat="46.6765563" lon="8.5518478">
<ele>2128.213</ele>
<time>2023-04-03T13:44:59Z</time>
<hdop>10.6</hdop>
</trkpt>
<trkpt lat="46.6764587" lon="8.5519425">
<ele>2125.754</ele>
<time>2023-04-03T13:45:11Z</time>
<hdop>23.4</hdop>
</trkpt>
<trkpt lat="46.6765592" lon="8.5518093">
<ele>2125.606</ele>
<time>2023-04-03T13:45:18Z</time>
<hdop>10.99</hdop>
</trkpt>
</trkseg>
<trkseg>
<trkpt lat="46.6765592" lon="8.5518093">
<ele>2125.606</ele>
<time>2023-04-03T13:45:18Z</time>
<hdop>10.99</hdop>
</trkpt>
<trkpt lat="46.6764881" lon="8.5518798">
<ele>2099.202</ele>
<time>2023-04-04T07:04:50Z</time>
<hdop>14.85</hdop>
</trkpt>
<trkpt lat="46.6764863" lon="8.5519015">
<ele>2105.721</ele>
<time>2023-04-04T07:04:52Z</time>
<hdop>3.8</hdop>
</trkpt>
<trkpt lat="46.6764685" lon="8.5518017">
<ele>2109.176</ele>
<time>2023-04-04T07:05:23Z</time>
<hdop>3.79</hdop>
</trkpt>
<trkpt lat="46.67649" lon="8.5518952">
<ele>2105.934</ele>
<time>2023-04-04T07:06:18Z</time>
<hdop>3.79</hdop>
</trkpt>
<trkpt lat="46.6764598" lon="8.5518112">
<ele>2108.404</ele>
<time>2023-04-04T07:07:27Z</time>
<hdop>3.79</hdop>
</trkpt>
<trkpt lat="46.6764676" lon="8.5517112">
<ele>2109.497</ele>
<time>2023-04-04T07:07:38Z</time>
<hdop>3.79</hdop>
</trkpt>
<trkpt lat="46.6764823" lon="8.5516181">
<ele>2110.123</ele>
<time>2023-04-04T07:07:44Z</time>
<hdop>3.79</hdop>
</trkpt>
<trkpt lat="46.6765112" lon="8.5515333">
<ele>2110.289</ele>
<time>2023-04-04T07:07:51Z</time>
<hdop>3.79</hdop>
</trkpt>
<trkpt lat="46.6765382" lon="8.5514388">
<ele>2111.051</ele>
<time>2023-04-04T07:08:09Z</time>
<hdop>3.79</hdop>
</trkpt>
<trkpt lat="46.6765805" lon="8.5513597">
<ele>2111.141</ele>
<time>2023-04-04T07:08:19Z</time>
<hdop>3.79</hdop>
</trkpt>
<trkpt lat="46.6766039" lon="8.5512643">
<ele>2112.733</ele>
<time>2023-04-04T07:08:45Z</time>
<hdop>3.79</hdop>
</trkpt>
<trkpt lat="46.6766215" lon="8.5511673">
<ele>2113.958</ele>
<time>2023-04-04T07:08:56Z</time>
<hdop>3.79</hdop>
</trkpt>
<trkpt lat="46.6766467" lon="8.5510751">
<ele>2115.556</ele>
<time>2023-04-04T07:09:08Z</time>
<hdop>3.79</hdop>
</trkpt>
<trkpt lat="46.6766465" lon="8.5509807">
<ele>2117.426</ele>
<time>2023-04-04T07:09:20Z</time>
<hdop>3.79</hdop>
</trkpt>
<trkpt lat="46.6766582" lon="8.5508796">
<ele>2118.476</ele>
<time>2023-04-04T07:09:32Z</time>
<hdop>3.79</hdop>
</trkpt>
<trkpt lat="46.6766711" lon="8.5507846">
<ele>2119.265</ele>
<time>2023-04-04T07:09:41Z</time>
<hdop>3.79</hdop>
</trkpt>
<trkpt lat="46.6766949" lon="8.5506937">
<ele>2120.828</ele>
<time>2023-04-04T07:09:54Z</time>
<hdop>3.79</hdop>
</trkpt>
<trkpt lat="46.6767069" lon="8.550592">
<ele>2120.326</ele>
<time>2023-04-04T07:10:26Z</time>
<hdop>3.79</hdop>
</trkpt>
<trkpt lat="46.6766936" lon="8.5504976">
<ele>2118.661</ele>
<time>2023-04-04T07:10:35Z</time>
<hdop>3.79</hdop>
</trkpt>
<trkpt lat="46.6766648" lon="8.5504076">
<ele>2118.073</ele>
<time>2023-04-04T07:10:41Z</time>
<hdop>3.79</hdop>
</trkpt>
<trkpt lat="46.6766584" lon="8.5503116">
<ele>2118.495</ele>
<time>2023-04-04T07:10:49Z</time>
<hdop>3.79</hdop>
</trkpt>
<trkpt lat="46.6766587" lon="8.5502165">
<ele>2119.425</ele>
<time>2023-04-04T07:11:38Z</time>
<hdop>3.79</hdop>
</trkpt>
<trkpt lat="46.6766532" lon="8.550117">
<ele>2116.549</ele>
<time>2023-04-04T07:12:01Z</time>
<hdop>3.79</hdop>
</trkpt>
<trkpt lat="46.6766409" lon="8.549654">
<ele>2113.353</ele>
<time>2023-04-04T07:12:06Z</time>
<hdop>4.1</hdop>
</trkpt>
<trkpt lat="46.6766765" lon="8.5494962">
<ele>2110.499</ele>
<time>2023-04-04T07:12:11Z</time>
<hdop>3.79</hdop>
</trkpt>
<trkpt lat="46.6766948" lon="8.5494027">
<ele>2109.843</ele>
<time>2023-04-04T07:12:18Z</time>
<hdop>3.79</hdop>
</trkpt>
<trkpt lat="46.676659" lon="8.5492989">
<ele>2108.516</ele>
<time>2023-04-04T07:12:31Z</time>
<hdop>3.79</hdop>
</trkpt>
<trkpt lat="46.676604" lon="8.5491904">
<ele>2107.549</ele>
<time>2023-04-04T07:12:36Z</time>
<hdop>3.79</hdop>
</trkpt>
<trkpt lat="46.6765941" lon="8.5490887">
<ele>2108.587</ele>
<time>2023-04-04T07:12:43Z</time>
<hdop>3.79</hdop>
</trkpt>
<trkpt lat="46.6766516" lon="8.5490449">
<ele>2104.789</ele>
<time>2023-04-04T07:12:59Z</time>
<hdop>3.79</hdop>
</trkpt>
<trkpt lat="46.6766795" lon="8.5488527">
<ele>2101.032</ele>
<time>2023-04-04T07:13:04Z</time>
<hdop>3.79</hdop>
</trkpt>
<trkpt lat="46.6766855" lon="8.548598">
<ele>2098.238</ele>
<time>2023-04-04T07:13:09Z</time>
<hdop>3.79</hdop>
</trkpt>
<trkpt lat="46.6766317" lon="8.5484871">
<ele>2094.353</ele>
<time>2023-04-04T07:13:14Z</time>
<hdop>4.98</hdop>
</trkpt>
<trkpt lat="46.6767034" lon="8.548414">
<ele>2094.129</ele>
<time>2023-04-04T07:13:19Z</time>
<hdop>3.79</hdop>
</trkpt>
<trkpt lat="46.67675" lon="8.5483301">
<ele>2092.237</ele>
<time>2023-04-04T07:13:25Z</time>
<hdop>3.79</hdop>
</trkpt>
<trkpt lat="46.6766971" lon="8.5481816">
<ele>2089.693</ele>
<time>2023-04-04T07:13:30Z</time>
<hdop>3.79</hdop>
</trkpt>
<trkpt lat="46.6767532" lon="8.5480339">
<ele>2088.022</ele>
<time>2023-04-04T07:13:35Z</time>
<hdop>3.79</hdop>
</trkpt>
<trkpt lat="46.6767992" lon="8.5479622">
<ele>2085.831</ele>
<time>2023-04-04T07:13:42Z</time>
<hdop>3.79</hdop>
</trkpt>
<trkpt lat="46.6768182" lon="8.5478709">
<ele>2088.784</ele>
<time>2023-04-04T07:13:58Z</time>
<hdop>3.79</hdop>
</trkpt>
<trkpt lat="46.6768437" lon="8.5477772">
<ele>2090.103</ele>
<time>2023-04-04T07:14:30Z</time>
<hdop>3.79</hdop>
</trkpt>
<trkpt lat="46.6768699" lon="8.5476829">
<ele>2088.915</ele>
<time>2023-04-04T07:14:44Z</time>
<hdop>3.79</hdop>
</trkpt>
<trkpt lat="46.6768992" lon="8.5475959">
<ele>2088.774</ele>
<time>2023-04-04T07:14:58Z</time>
<hdop>3.79</hdop>
</trkpt>
<trkpt lat="46.6769503" lon="8.5475304">
<ele>2089.916</ele>
<time>2023-04-04T07:15:11Z</time>
<hdop>3.79</hdop>
</trkpt>
<trkpt lat="46.6769569" lon="8.5474327">
<ele>2091.406</ele>
<time>2023-04-04T07:15:21Z</time>
<hdop>3.79</hdop>
</trkpt>
<trkpt lat="46.6769481" lon="8.547332">
<ele>2094.881</ele>
<time>2023-04-04T07:15:42Z</time>
<hdop>3.79</hdop>
</trkpt>
<trkpt lat="46.6769675" lon="8.5472346">
<ele>2094.275</ele>
<time>2023-04-04T07:16:55Z</time>
<hdop>3.79</hdop>
</trkpt>
<trkpt lat="46.676969" lon="8.5471388">
<ele>2094.488</ele>
<time>2023-04-04T07:17:03Z</time>
<hdop>3.79</hdop>
</trkpt>
<trkpt lat="46.6769657" lon="8.5470409">
<ele>2094.83</ele>
<time>2023-04-04T07:17:12Z</time>
<hdop>3.79</hdop>
</trkpt>
<trkpt lat="46.676961" lon="8.54693">
<ele>2095.954</ele>
<time>2023-04-04T07:17:19Z</time>
<hdop>3.79</hdop>
</trkpt>
<trkpt lat="46.6769331" lon="8.5468341">
<ele>2097.632</ele>
<time>2023-04-04T07:17:29Z</time>
<hdop>3.79</hdop>
</trkpt>
<trkpt lat="46.6769029" lon="8.5467451">
<ele>2099.173</ele>
<time>2023-04-04T07:17:38Z</time>
<hdop>3.79</hdop>
</trkpt>
<trkpt lat="46.6768518" lon="8.5466729">
<ele>2100.31</ele>
<time>2023-04-04T07:17:48Z</time>
<hdop>3.79</hdop>
</trkpt>
<trkpt lat="46.6768056" lon="8.5465979">
<ele>2100.784</ele>
<time>2023-04-04T07:17:56Z</time>
<hdop>3.79</hdop>
</trkpt>
<trkpt lat="46.6767893" lon="8.5465001">
<ele>2101.864</ele>
<time>2023-04-04T07:18:04Z</time>
<hdop>3.79</hdop>
</trkpt>
<trkpt lat="46.6768386" lon="8.5464288">
<ele>2104.065</ele>
<time>2023-04-04T07:18:14Z</time>
<hdop>3.79</hdop>
</trkpt>
<trkpt lat="46.6768308" lon="8.5463349">
<ele>2106.645</ele>
<time>2023-04-04T07:18:26Z</time>
<hdop>3.79</hdop>
</trkpt>
<trkpt lat="46.6768207" lon="8.546239">
<ele>2108.199</ele>
<time>2023-04-04T07:18:37Z</time>
<hdop>3.79</hdop>
</trkpt>
<trkpt lat="46.6768366" lon="8.5461449">
<ele>2109.672</ele>
<time>2023-04-04T07:18:48Z</time>
<hdop>3.79</hdop>
</trkpt>
<trkpt lat="46.6768556" lon="8.5460482">
<ele>2110.118</ele>
<time>2023-04-04T07:18:59Z</time>
<hdop>3.79</hdop>
</trkpt>
<trkpt lat="46.6768615" lon="8.5459503">
<ele>2111.118</ele>
<time>2023-04-04T07:19:08Z</time>
<hdop>3.79</hdop>
</trkpt>
<trkpt lat="46.6768759" lon="8.5458533">
<ele>2111.853</ele>
<time>2023-04-04T07:19:18Z</time>
<hdop>3.79</hdop>
</trkpt>
<trkpt lat="46.6768992" lon="8.5457643">
<ele>2113.263</ele>
<time>2023-04-04T07:19:26Z</time>
<hdop>3.79</hdop>
</trkpt>
<trkpt lat="46.6769176" lon="8.5456625">
<ele>2113.964</ele>
<time>2023-04-04T07:19:34Z</time>
<hdop>3.79</hdop>
</trkpt>
<trkpt lat="46.6769423" lon="8.5455704">
<ele>2115.192</ele>
<time>2023-04-04T07:19:42Z</time>
<hdop>3.79</hdop>
</trkpt>
<trkpt lat="46.6769707" lon="8.5454831">
<ele>2115.491</ele>
<time>2023-04-04T07:19:49Z</time>
<hdop>3.79</hdop>
</trkpt>
<trkpt lat="46.6769943" lon="8.5453865">
<ele>2116.059</ele>
<time>2023-04-04T07:19:56Z</time>
<hdop>3.79</hdop>
</trkpt>
<trkpt lat="46.677014" lon="8.5452965">
<ele>2117.854</ele>
<time>2023-04-04T07:20:03Z</time>
<hdop>3.79</hdop>
</trkpt>
<trkpt lat="46.6770378" lon="8.5451987">
<ele>2118.578</ele>
<time>2023-04-04T07:20:10Z</time>
<hdop>3.79</hdop>
</trkpt>
<trkpt lat="46.6770645" lon="8.5451038">
<ele>2119.539</ele>
<time>2023-04-04T07:20:18Z</time>
<hdop>3.79</hdop>
</trkpt>
<trkpt lat="46.6770754" lon="8.5450089">
<ele>2120.921</ele>
<time>2023-04-04T07:20:26Z</time>
<hdop>3.79</hdop>
</trkpt>
<trkpt lat="46.6770818" lon="8.544904">
<ele>2122.778</ele>
<time>2023-04-04T07:20:35Z</time>
<hdop>3.79</hdop>
</trkpt>
<trkpt lat="46.6770974" lon="8.5448027">
<ele>2123.696</ele>
<time>2023-04-04T07:20:44Z</time>
<hdop>3.79</hdop>
</trkpt>
<trkpt lat="46.6771241" lon="8.5447112">
<ele>2124.236</ele>
<time>2023-04-04T07:20:52Z</time>
<hdop>3.79</hdop>
</trkpt>
<trkpt lat="46.6771621" lon="8.5446187">
<ele>2124.789</ele>
<time>2023-04-04T07:21:00Z</time>
<hdop>3.79</hdop>
</trkpt>
<trkpt lat="46.6772185" lon="8.5445647">
<ele>2125.659</ele>
<time>2023-04-04T07:21:08Z</time>
<hdop>3.79</hdop>
</trkpt>
<trkpt lat="46.6772806" lon="8.5445162">
<ele>2127.189</ele>
<time>2023-04-04T07:21:17Z</time>
<hdop>3.79</hdop>
</trkpt>
<trkpt lat="46.6772673" lon="8.5444127">
<ele>2129.951</ele>
<time>2023-04-04T07:21:25Z</time>
<hdop>3.79</hdop>
</trkpt>
<trkpt lat="46.6772986" lon="8.5443217">
<ele>2130.495</ele>
<time>2023-04-04T07:22:35Z</time>
<hdop>3.79</hdop>
</trkpt>
<trkpt lat="46.6773562" lon="8.5442739">
<ele>2130.321</ele>
<time>2023-04-04T07:26:24Z</time>
<hdop>3.79</hdop>
</trkpt>
<trkpt lat="46.6774175" lon="8.5442183">
<ele>2130.61</ele>
<time>2023-04-04T07:26:34Z</time>
<hdop>3.79</hdop>
</trkpt>
<trkpt lat="46.6774503" lon="8.5441348">
<ele>2131.804</ele>
<time>2023-04-04T07:26:47Z</time>
<hdop>3.79</hdop>
</trkpt>
<trkpt lat="46.6774636" lon="8.5440395">
<ele>2132.934</ele>
<time>2023-04-04T07:26:58Z</time>
<hdop>3.79</hdop>
</trkpt>
<trkpt lat="46.6774954" lon="8.5439524">
<ele>2135.11</ele>
<time>2023-04-04T07:27:14Z</time>
<hdop>3.79</hdop>
</trkpt>
<trkpt lat="46.6775191" lon="8.5438573">
<ele>2136.488</ele>
<time>2023-04-04T07:27:26Z</time>
<hdop>3.79</hdop>
</trkpt>
<trkpt lat="46.6775435" lon="8.5437676">
<ele>2138.078</ele>
<time>2023-04-04T07:27:38Z</time>
<hdop>3.79</hdop>
</trkpt>
<trkpt lat="46.6775877" lon="8.5436972">
<ele>2139.416</ele>
<time>2023-04-04T07:27:50Z</time>
<hdop>3.94</hdop>
</trkpt>
<trkpt lat="46.6776323" lon="8.5436237">
<ele>2141.165</ele>
<time>2023-04-04T07:28:02Z</time>
<hdop>3.79</hdop>
</trkpt>
<trkpt lat="46.6776857" lon="8.5435652">
<ele>2143.497</ele>
<time>2023-04-04T07:28:24Z</time>
<hdop>3.79</hdop>
</trkpt>
<trkpt lat="46.6777284" lon="8.5434934">
<ele>2147.198</ele>
<time>2023-04-04T07:28:37Z</time>
<hdop>9.94</hdop>
</trkpt>
<trkpt lat="46.6777437" lon="8.5433964">
<ele>2150.051</ele>
<time>2023-04-04T07:28:50Z</time>
<hdop>9.94</hdop>
</trkpt>
<trkpt lat="46.677785" lon="8.5433163">
<ele>2151.557</ele>
<time>2023-04-04T07:29:05Z</time>
<hdop>9.94</hdop>
</trkpt>
<trkpt lat="46.6777968" lon="8.5432194">
<ele>2153.085</ele>
<time>2023-04-04T07:29:17Z</time>
<hdop>3.79</hdop>
</trkpt>
<trkpt lat="46.6778616" lon="8.5431847">
<ele>2155.343</ele>
<time>2023-04-04T07:29:47Z</time>
<hdop>3.79</hdop>
</trkpt>
<trkpt lat="46.677926" lon="8.5431967">
<ele>2156.012</ele>
<time>2023-04-04T07:29:56Z</time>
<hdop>3.79</hdop>
</trkpt>
<trkpt lat="46.6779891" lon="8.5431729">
<ele>2157.218</ele>
<time>2023-04-04T07:30:06Z</time>
<hdop>3.79</hdop>
</trkpt>
<trkpt lat="46.6779763" lon="8.5430784">
<ele>2163.379</ele>
<time>2023-04-04T07:32:48Z</time>
<hdop>3.79</hdop>
</trkpt>
<trkpt lat="46.6780027" lon="8.5429875">
<ele>2163.514</ele>
<time>2023-04-04T07:33:01Z</time>
<hdop>3.79</hdop>
</trkpt>
<trkpt lat="46.6780739" lon="8.5429919">
<ele>2164.555</ele>
<time>2023-04-04T07:33:16Z</time>
<hdop>9.94</hdop>
</trkpt>
<trkpt lat="46.6781393" lon="8.5430121">
<ele>2166.918</ele>
<time>2023-04-04T07:33:28Z</time>
<hdop>9.94</hdop>
</trkpt>
<trkpt lat="46.6781824" lon="8.542934">
<ele>2168.729</ele>
<time>2023-04-04T07:33:49Z</time>
<hdop>9.94</hdop>
</trkpt>
<trkpt lat="46.6781798" lon="8.5428391">
<ele>2171.682</ele>
<time>2023-04-04T07:34:03Z</time>
<hdop>9.94</hdop>
</trkpt>
<trkpt lat="46.6781586" lon="8.5427458">
<ele>2173.443</ele>
<time>2023-04-04T07:34:12Z</time>
<hdop>9.94</hdop>
</trkpt>
<trkpt lat="46.6781398" lon="8.5426522">
<ele>2174.714</ele>
<time>2023-04-04T07:34:23Z</time>
<hdop>9.94</hdop>
</trkpt>
<trkpt lat="46.6781819" lon="8.5425758">
<ele>2176.246</ele>
<time>2023-04-04T07:34:39Z</time>
<hdop>9.94</hdop>
</trkpt>
<trkpt lat="46.6782401" lon="8.542622">
<ele>2180.268</ele>
<time>2023-04-04T07:34:46Z</time>
<hdop>9.94</hdop>
</trkpt>
<trkpt lat="46.678307" lon="8.5426499">
<ele>2180.063</ele>
<time>2023-04-04T07:34:52Z</time>
<hdop>9.94</hdop>
</trkpt>
<trkpt lat="46.6783437" lon="8.5425641">
<ele>2182.319</ele>
<time>2023-04-04T07:35:03Z</time>
<hdop>9.94</hdop>
</trkpt>
<trkpt lat="46.678333" lon="8.5424671">
<ele>2184.805</ele>
<time>2023-04-04T07:35:10Z</time>
<hdop>9.94</hdop>
</trkpt>
<trkpt lat="46.6783205" lon="8.5423702">
<ele>2186.215</ele>
<time>2023-04-04T07:35:41Z</time>
<hdop>9.94</hdop>
</trkpt>
<trkpt lat="46.6782926" lon="8.5422777">
<ele>2188.292</ele>
<time>2023-04-04T07:35:52Z</time>
<hdop>3.79</hdop>
</trkpt>
<trkpt lat="46.6782683" lon="8.5421856">
<ele>2191.345</ele>
<time>2023-04-04T07:36:02Z</time>
<hdop>3.79</hdop>
</trkpt>
<trkpt lat="46.6782583" lon="8.542085">
<ele>2193.024</ele>
<time>2023-04-04T07:36:17Z</time>
<hdop>3.79</hdop>
</trkpt>
<trkpt lat="46.6783199" lon="8.5420546">
<ele>2195.063</ele>
<time>2023-04-04T07:36:39Z</time>
<hdop>3.79</hdop>
</trkpt>
<trkpt lat="46.6783851" lon="8.5420922">
<ele>2196.94</ele>
<time>2023-04-04T07:36:53Z</time>
<hdop>3.79</hdop>
</trkpt>
<trkpt lat="46.6784446" lon="8.5421431">
<ele>2199.108</ele>
<time>2023-04-04T07:37:07Z</time>
<hdop>3.79</hdop>
</trkpt>
<trkpt lat="46.6785077" lon="8.5421783">
<ele>2201.158</ele>
<time>2023-04-04T07:37:20Z</time>
<hdop>3.79</hdop>
</trkpt>
<trkpt lat="46.6785691" lon="8.542216">
<ele>2202.302</ele>
<time>2023-04-04T07:37:32Z</time>
<hdop>3.79</hdop>
</trkpt>
<trkpt lat="46.6786308" lon="8.5422559">
<ele>2203.296</ele>
<time>2023-04-04T07:37:45Z</time>
<hdop>3.79</hdop>
</trkpt>
<trkpt lat="46.67869" lon="8.5423062">
<ele>2205.804</ele>
<time>2023-04-04T07:37:59Z</time>
<hdop>3.79</hdop>
</trkpt>
<trkpt lat="46.678752" lon="8.5423516">
<ele>2206.758</ele>
<time>2023-04-04T07:38:12Z</time>
<hdop>3.79</hdop>
</trkpt>
<trkpt lat="46.678818" lon="8.5423849">
<ele>2208.574</ele>
<time>2023-04-04T07:38:27Z</time>
<hdop>3.79</hdop>
</trkpt>
<trkpt lat="46.678885" lon="8.542405">
<ele>2209.978</ele>
<time>2023-04-04T07:38:40Z</time>
<hdop>3.79</hdop>
</trkpt>
<trkpt lat="46.6789512" lon="8.5424384">
<ele>2211.756</ele>
<time>2023-04-04T07:38:54Z</time>
<hdop>3.79</hdop>
</trkpt>
<trkpt lat="46.6790113" lon="8.5424788">
<ele>2213.119</ele>
<time>2023-04-04T07:39:06Z</time>
<hdop>3.79</hdop>
</trkpt>
<trkpt lat="46.678999" lon="8.542382">
<ele>2215.361</ele>
<time>2023-04-04T07:39:19Z</time>
<hdop>3.79</hdop>
</trkpt>
<trkpt lat="46.6789747" lon="8.5422867">
<ele>2216.381</ele>
<time>2023-04-04T07:39:31Z</time>
<hdop>3.79</hdop>
</trkpt>
<trkpt lat="46.6789579" lon="8.5421868">
<ele>2217.042</ele>
<time>2023-04-04T07:39:44Z</time>
<hdop>3.79</hdop>
</trkpt>
<trkpt lat="46.6789339" lon="8.5420911">
<ele>2219.304</ele>
<time>2023-04-04T07:39:56Z</time>
<hdop>3.79</hdop>
</trkpt>
<trkpt lat="46.6789248" lon="8.5419932">
<ele>2219.944</ele>
<time>2023-04-04T07:40:09Z</time>
<hdop>3.79</hdop>
</trkpt>
<trkpt lat="46.6789832" lon="8.5420432">
<ele>2221.387</ele>
<time>2023-04-04T07:40:25Z</time>
<hdop>3.79</hdop>
</trkpt>
<trkpt lat="46.6790416" lon="8.5420896">
<ele>2223.133</ele>
<time>2023-04-04T07:40:39Z</time>
<hdop>3.79</hdop>
</trkpt>
<trkpt lat="46.6791011" lon="8.5421356">
<ele>2225.478</ele>
<time>2023-04-04T07:40:53Z</time>
<hdop>3.79</hdop>
</trkpt>
<trkpt lat="46.6791633" lon="8.5421723">
<ele>2226.695</ele>
<time>2023-04-04T07:41:08Z</time>
<hdop>3.79</hdop>
</trkpt>
<trkpt lat="46.6792241" lon="8.542211">
<ele>2227.196</ele>
<time>2023-04-04T07:41:20Z</time>
<hdop>3.79</hdop>
</trkpt>
<trkpt lat="46.6792801" lon="8.5422639">
<ele>2229.421</ele>
<time>2023-04-04T07:41:33Z</time>
<hdop>3.79</hdop>
</trkpt>
<trkpt lat="46.6793384" lon="8.5423218">
<ele>2231.089</ele>
<time>2023-04-04T07:41:47Z</time>
<hdop>3.79</hdop>
</trkpt>
<trkpt lat="46.6793913" lon="8.5423822">
<ele>2232.227</ele>
<time>2023-04-04T07:41:58Z</time>
<hdop>3.79</hdop>
</trkpt>
<trkpt lat="46.6794507" lon="8.5424224">
<ele>2233.429</ele>
<time>2023-04-04T07:42:11Z</time>
<hdop>3.79</hdop>
</trkpt>
<trkpt lat="46.6795037" lon="8.5424785">
<ele>2234.426</ele>
<time>2023-04-04T07:42:22Z</time>
<hdop>3.79</hdop>
</trkpt>
<trkpt lat="46.6795547" lon="8.5425461">
<ele>2236.091</ele>
<time>2023-04-04T07:42:35Z</time>
<hdop>3.79</hdop>
</trkpt>
<trkpt lat="46.6796018" lon="8.542612">
<ele>2237.899</ele>
<time>2023-04-04T07:42:47Z</time>
<hdop>3.79</hdop>
</trkpt>
<trkpt lat="46.6796583" lon="8.5426653">
<ele>2239.157</ele>
<time>2023-04-04T07:42:59Z</time>
<hdop>3.79</hdop>
</trkpt>
<trkpt lat="46.679716" lon="8.54272">
<ele>2240.893</ele>
<time>2023-04-04T07:43:13Z</time>
<hdop>3.79</hdop>
</trkpt>
<trkpt lat="46.6797778" lon="8.5427574">
<ele>2242.037</ele>
<time>2023-04-04T07:43:25Z</time>
<hdop>3.79</hdop>
</trkpt>
<trkpt lat="46.6798365" lon="8.5428088">
<ele>2243.211</ele>
<time>2023-04-04T07:43:39Z</time>
<hdop>3.79</hdop>
</trkpt>
<trkpt lat="46.6798902" lon="8.5428749">
<ele>2244.118</ele>
<time>2023-04-04T07:43:52Z</time>
<hdop>3.79</hdop>
</trkpt>
<trkpt lat="46.6799339" lon="8.5428048">
<ele>2246.725</ele>
<time>2023-04-04T07:44:13Z</time>
<hdop>3.79</hdop>
</trkpt>
<trkpt lat="46.6799262" lon="8.5427106">
<ele>2247.272</ele>
<time>2023-04-04T07:44:25Z</time>
<hdop>3.79</hdop>
</trkpt>
<trkpt lat="46.6798979" lon="8.5426233">
<ele>2248.702</ele>
<time>2023-04-04T07:44:37Z</time>
<hdop>3.79</hdop>
</trkpt>
<trkpt lat="46.6798793" lon="8.5425266">
<ele>2249.721</ele>
<time>2023-04-04T07:44:51Z</time>
<hdop>3.79</hdop>
</trkpt>
<trkpt lat="46.6798682" lon="8.5424269">
<ele>2251.328</ele>
<time>2023-04-04T07:45:05Z</time>
<hdop>3.79</hdop>
</trkpt>
<trkpt lat="46.6798549" lon="8.5423285">
<ele>2252.72</ele>
<time>2023-04-04T07:45:20Z</time>
<hdop>3.79</hdop>
</trkpt>
<trkpt lat="46.6799198" lon="8.5423299">
<ele>2254.316</ele>
<time>2023-04-04T07:45:45Z</time>
<hdop>3.79</hdop>
</trkpt>
<trkpt lat="46.6799895" lon="8.5423497">
<ele>2255.336</ele>
<time>2023-04-04T07:47:42Z</time>
<hdop>9.94</hdop>
</trkpt>
<trkpt lat="46.6800511" lon="8.5423809">
<ele>2257.574</ele>
<time>2023-04-04T07:47:53Z</time>
<hdop>9.94</hdop>
</trkpt>
<trkpt lat="46.6801143" lon="8.5424095">
<ele>2259.737</ele>
<time>2023-04-04T07:48:06Z</time>
<hdop>9.94</hdop>
</trkpt>
<trkpt lat="46.6801281" lon="8.5423147">
<ele>2262.533</ele>
<time>2023-04-04T07:48:23Z</time>
<hdop>9.94</hdop>
</trkpt>
<trkpt lat="46.6801762" lon="8.5422483">
<ele>2264.869</ele>
<time>2023-04-04T07:48:39Z</time>
<hdop>9.94</hdop>
</trkpt>
<trkpt lat="46.6802297" lon="8.5423048">
<ele>2265.391</ele>
<time>2023-04-04T07:48:48Z</time>
<hdop>9.94</hdop>
</trkpt>
<trkpt lat="46.6802729" lon="8.5423752">
<ele>2267.288</ele>
<time>2023-04-04T07:48:55Z</time>
<hdop>9.94</hdop>
</trkpt>
<trkpt lat="46.6803116" lon="8.5422988">
<ele>2267.62</ele>
<time>2023-04-04T07:49:03Z</time>
<hdop>9.94</hdop>
</trkpt>
<trkpt lat="46.6803783" lon="8.5422873">
<ele>2269.667</ele>
<time>2023-04-04T07:49:12Z</time>
<hdop>9.94</hdop>
</trkpt>
<trkpt lat="46.6803762" lon="8.5423872">
<ele>2274.932</ele>
<time>2023-04-04T07:49:39Z</time>
<hdop>9.94</hdop>
</trkpt>
<trkpt lat="46.6803667" lon="8.5424819">
<ele>2275.853</ele>
<time>2023-04-04T07:49:50Z</time>
<hdop>9.94</hdop>
</trkpt>
<trkpt lat="46.6803741" lon="8.5425815">
<ele>2277.644</ele>
<time>2023-04-04T07:50:04Z</time>
<hdop>9.94</hdop>
</trkpt>
<trkpt lat="46.6803779" lon="8.5426769">
<ele>2279.176</ele>
<time>2023-04-04T07:50:18Z</time>
<hdop>9.94</hdop>
</trkpt>
<trkpt lat="46.6804187" lon="8.542763">
<ele>2281.127</ele>
<time>2023-04-04T07:50:32Z</time>
<hdop>9.94</hdop>
</trkpt>
<trkpt lat="46.6804325" lon="8.5428604">
<ele>2282.056</ele>
<time>2023-04-04T07:50:44Z</time>
<hdop>9.94</hdop>
</trkpt>
<trkpt lat="46.6804372" lon="8.5429576">
<ele>2284.268</ele>
<time>2023-04-04T07:50:55Z</time>
<hdop>9.94</hdop>
</trkpt>
<trkpt lat="46.6804446" lon="8.5430556">
<ele>2285.054</ele>
<time>2023-04-04T07:51:05Z</time>
<hdop>9.94</hdop>
</trkpt>
<trkpt lat="46.6804936" lon="8.5429922">
<ele>2291.569</ele>
<time>2023-04-04T07:52:32Z</time>
<hdop>9.94</hdop>
</trkpt>
<trkpt lat="46.6805156" lon="8.5429017">
<ele>2293.348</ele>
<time>2023-04-04T07:52:41Z</time>
<hdop>9.94</hdop>
</trkpt>
<trkpt lat="46.6805309" lon="8.5428091">
<ele>2296.161</ele>
<time>2023-04-04T07:52:53Z</time>
<hdop>9.94</hdop>
</trkpt>
<trkpt lat="46.6805545" lon="8.542716">
<ele>2297.916</ele>
<time>2023-04-04T07:53:04Z</time>
<hdop>9.94</hdop>
</trkpt>
<trkpt lat="46.6805813" lon="8.5426252">
<ele>2301.679</ele>
<time>2023-04-04T07:53:15Z</time>
<hdop>9.94</hdop>
</trkpt>
<trkpt lat="46.6806138" lon="8.5427108">
<ele>2302.092</ele>
<time>2023-04-04T07:53:31Z</time>
<hdop>9.94</hdop>
</trkpt>
<trkpt lat="46.6806291" lon="8.5428068">
<ele>2303.997</ele>
<time>2023-04-04T07:53:47Z</time>
<hdop>9.94</hdop>
</trkpt>
<trkpt lat="46.6806497" lon="8.5429024">
<ele>2303.384</ele>
<time>2023-04-04T07:54:19Z</time>
<hdop>9.94</hdop>
</trkpt>
<trkpt lat="46.680653" lon="8.5430002">
<ele>2304.886</ele>
<time>2023-04-04T07:54:28Z</time>
<hdop>9.94</hdop>
</trkpt>
<trkpt lat="46.6806707" lon="8.5431015">
<ele>2302.978</ele>
<time>2023-04-04T07:54:39Z</time>
<hdop>9.94</hdop>
</trkpt>
<trkpt lat="46.6806727" lon="8.5432063">
<ele>2305.056</ele>
<time>2023-04-04T07:54:50Z</time>
<hdop>9.94</hdop>
</trkpt>
<trkpt lat="46.6807211" lon="8.5431384">
<ele>2309.393</ele>
<time>2023-04-04T07:55:36Z</time>
<hdop>9.94</hdop>
</trkpt>
<trkpt lat="46.6807428" lon="8.5430417">
<ele>2312.91</ele>
<time>2023-04-04T07:55:47Z</time>
<hdop>9.94</hdop>
</trkpt>
<trkpt lat="46.6807564" lon="8.5429393">
<ele>2316.222</ele>
<time>2023-04-04T07:55:58Z</time>
<hdop>9.94</hdop>
</trkpt>
<trkpt lat="46.6807922" lon="8.542857">
<ele>2318.016</ele>
<time>2023-04-04T07:56:08Z</time>
<hdop>9.94</hdop>
</trkpt>
<trkpt lat="46.6808155" lon="8.5427661">
<ele>2321.257</ele>
<time>2023-04-04T07:56:18Z</time>
<hdop>9.94</hdop>
</trkpt>
<trkpt lat="46.6808348" lon="8.5426756">
<ele>2325.066</ele>
<time>2023-04-04T07:56:28Z</time>
<hdop>10.23</hdop>
</trkpt>
<trkpt lat="46.6808604" lon="8.5425808">
<ele>2328.071</ele>
<time>2023-04-04T07:56:39Z</time>
<hdop>9.94</hdop>
</trkpt>
<trkpt lat="46.6808668" lon="8.5424847">
<ele>2327.829</ele>
<time>2023-04-04T07:56:49Z</time>
<hdop>9.94</hdop>
</trkpt>
<trkpt lat="46.6808443" lon="8.5423912">
<ele>2327.727</ele>
<time>2023-04-04T07:57:01Z</time>
<hdop>9.94</hdop>
</trkpt>
<trkpt lat="46.6808135" lon="8.5422967">
<ele>2329.8</ele>
<time>2023-04-04T07:58:18Z</time>
<hdop>9.94</hdop>
</trkpt>
<trkpt lat="46.6808113" lon="8.542195">
<ele>2332.902</ele>
<time>2023-04-04T07:58:29Z</time>
<hdop>9.94</hdop>
</trkpt>
<trkpt lat="46.6808446" lon="8.5421135">
<ele>2334.903</ele>
<time>2023-04-04T07:58:38Z</time>
<hdop>10.31</hdop>
</trkpt>
<trkpt lat="46.6808888" lon="8.5420329">
<ele>2335.778</ele>
<time>2023-04-04T07:58:47Z</time>
<hdop>10.59</hdop>
</trkpt>
<trkpt lat="46.6809357" lon="8.541966">
<ele>2337.059</ele>
<time>2023-04-04T07:58:56Z</time>
<hdop>10.49</hdop>
</trkpt>
<trkpt lat="46.6810003" lon="8.5419818">
<ele>2336.651</ele>
<time>2023-04-04T07:59:21Z</time>
<hdop>9.94</hdop>
</trkpt>
<trkpt lat="46.6810486" lon="8.5420528">
<ele>2336.461</ele>
<time>2023-04-04T08:02:41Z</time>
<hdop>10.07</hdop>
</trkpt>
<trkpt lat="46.6810572" lon="8.5421471">
<ele>2338.279</ele>
<time>2023-04-04T08:02:55Z</time>
<hdop>10.2</hdop>
</trkpt>
<trkpt lat="46.6811143" lon="8.5421971">
<ele>2338.674</ele>
<time>2023-04-04T08:03:08Z</time>
<hdop>9.94</hdop>
</trkpt>
<trkpt lat="46.6811546" lon="8.542278">
<ele>2336.473</ele>
<time>2023-04-04T08:03:29Z</time>
<hdop>4.41</hdop>
</trkpt>
<trkpt lat="46.6812016" lon="8.5423466">
<ele>2335.859</ele>
<time>2023-04-04T08:03:39Z</time>
<hdop>4.97</hdop>
</trkpt>
<trkpt lat="46.6812258" lon="8.542442">
<ele>2337.711</ele>
<time>2023-04-04T08:03:49Z</time>
<hdop>4.05</hdop>
</trkpt>
<trkpt lat="46.6812523" lon="8.5425359">
<ele>2338.566</ele>
<time>2023-04-04T08:03:59Z</time>
<hdop>3.79</hdop>
</trkpt>
<trkpt lat="46.6812614" lon="8.54264">
<ele>2340.909</ele>
<time>2023-04-04T08:04:11Z</time>
<hdop>3.79</hdop>
</trkpt>
<trkpt lat="46.6812601" lon="8.5427428">
<ele>2342.546</ele>
<time>2023-04-04T08:04:22Z</time>
<hdop>9.94</hdop>
</trkpt>
<trkpt lat="46.6812725" lon="8.5428407">
<ele>2344.524</ele>
<time>2023-04-04T08:04:40Z</time>
<hdop>9.94</hdop>
</trkpt>
<trkpt lat="46.6812498" lon="8.5429327">
<ele>2349.665</ele>
<time>2023-04-04T08:04:50Z</time>
<hdop>9.94</hdop>
</trkpt>
<trkpt lat="46.681229" lon="8.5430236">
<ele>2352.705</ele>
<time>2023-04-04T08:05:03Z</time>
<hdop>9.94</hdop>
</trkpt>
<trkpt lat="46.681294" lon="8.5429869">
<ele>2358.563</ele>
<time>2023-04-04T08:05:39Z</time>
<hdop>9.94</hdop>
</trkpt>
<trkpt lat="46.6813391" lon="8.5429158">
<ele>2360.04</ele>
<time>2023-04-04T08:05:52Z</time>
<hdop>9.94</hdop>
</trkpt>
<trkpt lat="46.6813557" lon="8.5428161">
<ele>2361.726</ele>
<time>2023-04-04T08:06:06Z</time>
<hdop>9.94</hdop>
</trkpt>
<trkpt lat="46.6813973" lon="8.5428905">
<ele>2363.803</ele>
<time>2023-04-04T08:06:31Z</time>
<hdop>10.09</hdop>
</trkpt>
<trkpt lat="46.6814106" lon="8.5429831">
<ele>2363.054</ele>
<time>2023-04-04T08:06:43Z</time>
<hdop>9.94</hdop>
</trkpt>
<trkpt lat="46.6814195" lon="8.5430792">
<ele>2364.609</ele>
<time>2023-04-04T08:06:55Z</time>
<hdop>9.98</hdop>
</trkpt>
<trkpt lat="46.6814175" lon="8.5431794">
<ele>2363.747</ele>
<time>2023-04-04T08:07:08Z</time>
<hdop>10.13</hdop>
</trkpt>
<trkpt lat="46.6813818" lon="8.543261">
<ele>2365.877</ele>
<time>2023-04-04T08:07:20Z</time>
<hdop>9.94</hdop>
</trkpt>
<trkpt lat="46.6813506" lon="8.5433494">
<ele>2366.977</ele>
<time>2023-04-04T08:07:34Z</time>
<hdop>9.94</hdop>
</trkpt>
<trkpt lat="46.6813184" lon="8.5434358">
<ele>2370.638</ele>
<time>2023-04-04T08:07:50Z</time>
<hdop>10.13</hdop>
</trkpt>
<trkpt lat="46.6813196" lon="8.5435317">
<ele>2370.531</ele>
<time>2023-04-04T08:08:12Z</time>
<hdop>10.19</hdop>
</trkpt>
<trkpt lat="46.6813832" lon="8.5435007">
<ele>2378.683</ele>
<time>2023-04-04T08:08:55Z</time>
<hdop>9.94</hdop>
</trkpt>
<trkpt lat="46.6814476" lon="8.543461">
<ele>2380.232</ele>
<time>2023-04-04T08:09:16Z</time>
<hdop>9.94</hdop>
</trkpt>
<trkpt lat="46.6815069" lon="8.5434223">
<ele>2380.076</ele>
<time>2023-04-04T08:09:33Z</time>
<hdop>9.94</hdop>
</trkpt>
<trkpt lat="46.6815075" lon="8.5435181">
<ele>2378.284</ele>
<time>2023-04-04T08:09:53Z</time>
<hdop>9.94</hdop>
</trkpt>
<trkpt lat="46.6814799" lon="8.5436114">
<ele>2379.575</ele>
<time>2023-04-04T08:10:20Z</time>
<hdop>9.94</hdop>
</trkpt>
<trkpt lat="46.681451" lon="8.5437006">
<ele>2383.112</ele>
<time>2023-04-04T08:10:33Z</time>
<hdop>9.94</hdop>
</trkpt>
<trkpt lat="46.6815143" lon="8.5436579">
<ele>2382.631</ele>
<time>2023-04-04T08:10:57Z</time>
<hdop>9.94</hdop>
</trkpt>
<trkpt lat="46.6815597" lon="8.5435757">
<ele>2385.4</ele>
<time>2023-04-04T08:11:11Z</time>
<hdop>9.94</hdop>
</trkpt>
<trkpt lat="46.6815493" lon="8.5436827">
<ele>2390.778</ele>
<time>2023-04-04T08:11:48Z</time>
<hdop>10.09</hdop>
</trkpt>
<trkpt lat="46.6815681" lon="8.5437781">
<ele>2390.269</ele>
<time>2023-04-04T08:12:05Z</time>
<hdop>9.94</hdop>
</trkpt>
<trkpt lat="46.6815322" lon="8.5438699">
<ele>2391.607</ele>
<time>2023-04-04T08:12:28Z</time>
<hdop>9.94</hdop>
</trkpt>
<trkpt lat="46.6815944" lon="8.5438124">
<ele>2404.227</ele>
<time>2023-04-04T08:14:05Z</time>
<hdop>10.48</hdop>
</trkpt>
<trkpt lat="46.6815954" lon="8.5439073">
<ele>2401.19</ele>
<time>2023-04-04T08:14:31Z</time>
<hdop>10.22</hdop>
</trkpt>
<trkpt lat="46.6816642" lon="8.5439081">
<ele>2402.215</ele>
<time>2023-04-04T08:15:36Z</time>
<hdop>9.94</hdop>
</trkpt>
<trkpt lat="46.6816485" lon="8.5440005">
<ele>2403.731</ele>
<time>2023-04-04T08:16:10Z</time>
<hdop>9.94</hdop>
</trkpt>
<trkpt lat="46.6816909" lon="8.5439268">
<ele>2414.704</ele>
<time>2023-04-04T08:17:20Z</time>
<hdop>9.94</hdop>
</trkpt>
<trkpt lat="46.6816739" lon="8.5440245">
<ele>2418.796</ele>
<time>2023-04-04T08:18:01Z</time>
<hdop>9.94</hdop>
</trkpt>
<trkpt lat="46.6816716" lon="8.5441206">
<ele>2416.029</ele>
<time>2023-04-04T08:18:14Z</time>
<hdop>10.81</hdop>
</trkpt>
<trkpt lat="46.6817397" lon="8.5441149">
<ele>2414.986</ele>
<time>2023-04-04T08:19:19Z</time>
<hdop>9.94</hdop>
</trkpt>
<trkpt lat="46.6817744" lon="8.5442263">
<ele>2410.698</ele>
<time>2023-04-04T08:19:44Z</time>
<hdop>10.35</hdop>
</trkpt>
<trkpt lat="46.6818046" lon="8.5441425">
<ele>2424.846</ele>
<time>2023-04-04T08:20:45Z</time>
<hdop>10.34</hdop>
</trkpt>
<trkpt lat="46.6818477" lon="8.5442195">
<ele>2420.91</ele>
<time>2023-04-04T08:21:32Z</time>
<hdop>10.26</hdop>
</trkpt>
<trkpt lat="46.6818714" lon="8.5443134">
<ele>2420.284</ele>
<time>2023-04-04T08:22:00Z</time>
<hdop>9.94</hdop>
</trkpt>
<trkpt lat="46.6818374" lon="8.5443957">
<ele>2437.241</ele>
<time>2023-04-04T08:24:40Z</time>
<hdop>10.72</hdop>
</trkpt>
<trkpt lat="46.6819006" lon="8.5444326">
<ele>2444.923</ele>
<time>2023-04-04T08:28:13Z</time>
<hdop>10.16</hdop>
</trkpt>
<trkpt lat="46.6818917" lon="8.5445267">
<ele>2441.913</ele>
<time>2023-04-04T08:28:27Z</time>
<hdop>10.56</hdop>
</trkpt>
<trkpt lat="46.6818955" lon="8.5446242">
<ele>2449.983</ele>
<time>2023-04-04T08:30:08Z</time>
<hdop>10.6</hdop>
</trkpt>
<trkpt lat="46.6818392" lon="8.5445769">
<ele>2459.34</ele>
<time>2023-04-04T08:30:53Z</time>
<hdop>10.55</hdop>
</trkpt>
<trkpt lat="46.6818888" lon="8.5444995">
<ele>2461.586</ele>
<time>2023-04-04T08:37:05Z</time>
<hdop>9.94</hdop>
</trkpt>
<trkpt lat="46.6819401" lon="8.5445614">
<ele>2456.158</ele>
<time>2023-04-04T08:39:36Z</time>
<hdop>10.15</hdop>
</trkpt>
<trkpt lat="46.6820079" lon="8.5445985">
<ele>2451.44</ele>
<time>2023-04-04T08:40:06Z</time>
<hdop>10.08</hdop>
</trkpt>
<trkpt lat="46.6819919" lon="8.5446971">
<ele>2454.846</ele>
<time>2023-04-04T08:40:56Z</time>
<hdop>10.6</hdop>
</trkpt>
<trkpt lat="46.681981" lon="8.5447961">
<ele>2464.235</ele>
<time>2023-04-04T08:42:51Z</time>
<hdop>10.4</hdop>
</trkpt>
<trkpt lat="46.6819844" lon="8.5448912">
<ele>2471.978</ele>
<time>2023-04-04T08:45:53Z</time>
<hdop>11.54</hdop>
</trkpt>
<trkpt lat="46.6820522" lon="8.5448911">
<ele>2479.3</ele>
<time>2023-04-04T08:47:32Z</time>
<hdop>10.62</hdop>
</trkpt>
<trkpt lat="46.6819924" lon="8.5449326">
<ele>2484.824</ele>
<time>2023-04-04T08:49:28Z</time>
<hdop>9.94</hdop>
</trkpt>
<trkpt lat="46.6820445" lon="8.5449925">
<ele>2492.243</ele>
<time>2023-04-04T08:52:14Z</time>
<hdop>9.94</hdop>
</trkpt>
<trkpt lat="46.681978" lon="8.5450443">
<ele>2495.049</ele>
<time>2023-04-04T08:52:28Z</time>
<hdop>9.94</hdop>
</trkpt>
<trkpt lat="46.6820382" lon="8.5450817">
<ele>2495.661</ele>
<time>2023-04-04T08:53:10Z</time>
<hdop>9.94</hdop>
</trkpt>
<trkpt lat="46.6820845" lon="8.5451497">
<ele>2498.425</ele>
<time>2023-04-04T08:58:36Z</time>
<hdop>10.42</hdop>
</trkpt>
<trkpt lat="46.6820991" lon="8.5452418">
<ele>2501.418</ele>
<time>2023-04-04T08:58:57Z</time>
<hdop>3.79</hdop>
</trkpt>
<trkpt lat="46.6821404" lon="8.5451589">
<ele>2502.204</ele>
<time>2023-04-04T09:10:01Z</time>
<hdop>3.79</hdop>
</trkpt>
<trkpt lat="46.682144" lon="8.545054">
<ele>2501.397</ele>
<time>2023-04-04T09:10:48Z</time>
<hdop>3.79</hdop>
</trkpt>
<trkpt lat="46.6821538" lon="8.5449576">
<ele>2502.422</ele>
<time>2023-04-04T09:10:55Z</time>
<hdop>3.79</hdop>
</trkpt>
<trkpt lat="46.6821767" lon="8.5448576">
<ele>2505.231</ele>
<time>2023-04-04T09:11:12Z</time>
<hdop>3.79</hdop>
</trkpt>
<trkpt lat="46.6821988" lon="8.5447586">
<ele>2505.403</ele>
<time>2023-04-04T09:11:19Z</time>
<hdop>3.79</hdop>
</trkpt>
<trkpt lat="46.6822499" lon="8.5446925">
<ele>2505.435</ele>
<time>2023-04-04T09:12:04Z</time>
<hdop>3.79</hdop>
</trkpt>
<trkpt lat="46.6822988" lon="8.5446287">
<ele>2504.728</ele>
<time>2023-04-04T09:12:10Z</time>
<hdop>3.79</hdop>
</trkpt>
<trkpt lat="46.6823421" lon="8.5445555">
<ele>2504.207</ele>
<time>2023-04-04T09:12:16Z</time>
<hdop>3.79</hdop>
</trkpt>
<trkpt lat="46.6823908" lon="8.5444738">
<ele>2503.628</ele>
<time>2023-04-04T09:12:23Z</time>
<hdop>3.79</hdop>
</trkpt>
<trkpt lat="46.6824245" lon="8.5443848">
<ele>2504.578</ele>
<time>2023-04-04T09:12:31Z</time>
<hdop>3.79</hdop>
</trkpt>
<trkpt lat="46.6824559" lon="8.5442923">
<ele>2504.292</ele>
<time>2023-04-04T09:12:44Z</time>
<hdop>3.79</hdop>
</trkpt>
<trkpt lat="46.6824873" lon="8.5442041">
<ele>2504.629</ele>
<time>2023-04-04T09:12:54Z</time>
<hdop>3.79</hdop>
</trkpt>
<trkpt lat="46.6825291" lon="8.5441238">
<ele>2505.65</ele>
<time>2023-04-04T09:13:02Z</time>
<hdop>3.79</hdop>
</trkpt>
<trkpt lat="46.6825835" lon="8.5440511">
<ele>2505.462</ele>
<time>2023-04-04T09:13:09Z</time>
<hdop>3.79</hdop>
</trkpt>
<trkpt lat="46.6826841" lon="8.5439896">
<ele>2506.247</ele>
<time>2023-04-04T09:13:14Z</time>
<hdop>3.79</hdop>
</trkpt>
<trkpt lat="46.6826876" lon="8.5438857">
<ele>2508.837</ele>
<time>2023-04-04T09:13:41Z</time>
<hdop>3.79</hdop>
</trkpt>
<trkpt lat="46.6827281" lon="8.5438077">
<ele>2512.076</ele>
<time>2023-04-04T09:13:51Z</time>
<hdop>3.79</hdop>
</trkpt>
<trkpt lat="46.6827606" lon="8.543717">
<ele>2513.191</ele>
<time>2023-04-04T09:13:59Z</time>
<hdop>3.79</hdop>
</trkpt>
<trkpt lat="46.6827923" lon="8.5436315">
<ele>2515.097</ele>
<time>2023-04-04T09:14:09Z</time>
<hdop>3.79</hdop>
</trkpt>
<trkpt lat="46.6828235" lon="8.5435446">
<ele>2516.256</ele>
<time>2023-04-04T09:14:18Z</time>
<hdop>3.79</hdop>
</trkpt>
<trkpt lat="46.6828489" lon="8.5434569">
<ele>2516.606</ele>
<time>2023-04-04T09:14:27Z</time>
<hdop>3.79</hdop>
</trkpt>
<trkpt lat="46.6828659" lon="8.5433537">
<ele>2517.423</ele>
<time>2023-04-04T09:14:36Z</time>
<hdop>3.79</hdop>
</trkpt>
<trkpt lat="46.6829019" lon="8.5432615">
<ele>2518.178</ele>
<time>2023-04-04T09:14:45Z</time>
<hdop>3.79</hdop>
</trkpt>
<trkpt lat="46.6829405" lon="8.5431782">
<ele>2519.532</ele>
<time>2023-04-04T09:14:52Z</time>
<hdop>3.79</hdop>
</trkpt>
<trkpt lat="46.6829712" lon="8.5430873">
<ele>2520.14</ele>
<time>2023-04-04T09:15:00Z</time>
<hdop>3.79</hdop>
</trkpt>
<trkpt lat="46.6830152" lon="8.5430108">
<ele>2521.486</ele>
<time>2023-04-04T09:15:29Z</time>
<hdop>3.79</hdop>
</trkpt>
<trkpt lat="46.6830502" lon="8.5429285">
<ele>2523.195</ele>
<time>2023-04-04T09:15:39Z</time>
<hdop>3.79</hdop>
</trkpt>
<trkpt lat="46.6830694" lon="8.5428375">
<ele>2525.079</ele>
<time>2023-04-04T09:15:48Z</time>
<hdop>3.79</hdop>
</trkpt>
<trkpt lat="46.6831048" lon="8.5427582">
<ele>2526.216</ele>
<time>2023-04-04T09:15:58Z</time>
<hdop>3.79</hdop>
</trkpt>
<trkpt lat="46.683133" lon="8.5426674">
<ele>2527.639</ele>
<time>2023-04-04T09:16:09Z</time>
<hdop>3.79</hdop>
</trkpt>
<trkpt lat="46.6831541" lon="8.5425762">
<ele>2528.687</ele>
<time>2023-04-04T09:16:19Z</time>
<hdop>3.79</hdop>
</trkpt>
<trkpt lat="46.6831759" lon="8.5424853">
<ele>2529.882</ele>
<time>2023-04-04T09:16:28Z</time>
<hdop>3.79</hdop>
</trkpt>
<trkpt lat="46.6832025" lon="8.5423925">
<ele>2531.792</ele>
<time>2023-04-04T09:16:39Z</time>
<hdop>3.79</hdop>
</trkpt>
<trkpt lat="46.6832343" lon="8.5423099">
<ele>2532.163</ele>
<time>2023-04-04T09:16:50Z</time>
<hdop>3.79</hdop>
</trkpt>
<trkpt lat="46.6832547" lon="8.5422151">
<ele>2533.72</ele>
<time>2023-04-04T09:17:00Z</time>
<hdop>3.79</hdop>
</trkpt>
<trkpt lat="46.6832617" lon="8.5421139">
<ele>2535.818</ele>
<time>2023-04-04T09:17:12Z</time>
<hdop>3.79</hdop>
</trkpt>
<trkpt lat="46.6832904" lon="8.5420274">
<ele>2535.328</ele>
<time>2023-04-04T09:17:21Z</time>
<hdop>3.79</hdop>
</trkpt>
<trkpt lat="46.6833319" lon="8.5419444">
<ele>2536.415</ele>
<time>2023-04-04T09:17:30Z</time>
<hdop>3.79</hdop>
</trkpt>
<trkpt lat="46.6833641" lon="8.5418558">
<ele>2536.196</ele>
<time>2023-04-04T09:17:42Z</time>
<hdop>3.79</hdop>
</trkpt>
<trkpt lat="46.6833147" lon="8.5417896">
<ele>2540.929</ele>
<time>2023-04-04T09:18:04Z</time>
<hdop>3.79</hdop>
</trkpt>
<trkpt lat="46.6832493" lon="8.5417972">
<ele>2543.505</ele>
<time>2023-04-04T09:18:15Z</time>
<hdop>3.79</hdop>
</trkpt>
<trkpt lat="46.6832649" lon="8.541703">
<ele>2544.245</ele>
<time>2023-04-04T09:18:26Z</time>
<hdop>3.79</hdop>
</trkpt>
<trkpt lat="46.6833033" lon="8.5416255">
<ele>2545.023</ele>
<time>2023-04-04T09:18:35Z</time>
<hdop>3.79</hdop>
</trkpt>
<trkpt lat="46.6833455" lon="8.5415441">
<ele>2547.131</ele>
<time>2023-04-04T09:18:44Z</time>
<hdop>3.79</hdop>
</trkpt>
<trkpt lat="46.6833852" lon="8.5414635">
<ele>2547.728</ele>
<time>2023-04-04T09:19:00Z</time>
<hdop>3.79</hdop>
</trkpt>
<trkpt lat="46.6834309" lon="8.5413878">
<ele>2548.779</ele>
<time>2023-04-04T09:19:10Z</time>
<hdop>3.79</hdop>
</trkpt>
<trkpt lat="46.6834767" lon="8.5413184">
<ele>2549.727</ele>
<time>2023-04-04T09:19:20Z</time>
<hdop>3.79</hdop>
</trkpt>
<trkpt lat="46.6835174" lon="8.5412358">
<ele>2550.468</ele>
<time>2023-04-04T09:19:31Z</time>
<hdop>3.79</hdop>
</trkpt>
<trkpt lat="46.68356" lon="8.541162">
<ele>2550.627</ele>
<time>2023-04-04T09:19:40Z</time>
<hdop>3.79</hdop>
</trkpt>
<trkpt lat="46.6835831" lon="8.5410646">
<ele>2551.179</ele>
<time>2023-04-04T09:19:51Z</time>
<hdop>3.79</hdop>
</trkpt>
<trkpt lat="46.6836334" lon="8.5409993">
<ele>2552.819</ele>
<time>2023-04-04T09:20:00Z</time>
<hdop>3.79</hdop>
</trkpt>
<trkpt lat="46.6836777" lon="8.5409184">
<ele>2554.771</ele>
<time>2023-04-04T09:20:10Z</time>
<hdop>3.79</hdop>
</trkpt>
<trkpt lat="46.6837061" lon="8.5408288">
<ele>2556.343</ele>
<time>2023-04-04T09:20:20Z</time>
<hdop>3.79</hdop>
</trkpt>
<trkpt lat="46.6837552" lon="8.5407587">
<ele>2557.257</ele>
<time>2023-04-04T09:20:30Z</time>
<hdop>3.79</hdop>
</trkpt>
<trkpt lat="46.6837427" lon="8.5406603">
<ele>2560.245</ele>
<time>2023-04-04T09:20:49Z</time>
<hdop>3.79</hdop>
</trkpt>
<trkpt lat="46.6836832" lon="8.5406152">
<ele>2560.515</ele>
<time>2023-04-04T09:21:05Z</time>
<hdop>3.79</hdop>
</trkpt>
<trkpt lat="46.6836555" lon="8.5405274">
<ele>2562.179</ele>
<time>2023-04-04T09:21:21Z</time>
<hdop>3.79</hdop>
</trkpt>
<trkpt lat="46.6836325" lon="8.5404373">
<ele>2563.982</ele>
<time>2023-04-04T09:21:28Z</time>
<hdop>3.79</hdop>
</trkpt>
<trkpt lat="46.6835938" lon="8.54036">
<ele>2567.443</ele>
<time>2023-04-04T09:21:38Z</time>
<hdop>3.79</hdop>
</trkpt>
<trkpt lat="46.68353" lon="8.5403073">
<ele>2569.095</ele>
<time>2023-04-04T09:21:51Z</time>
<hdop>3.79</hdop>
</trkpt>
<trkpt lat="46.6834815" lon="8.5402414">
<ele>2568.566</ele>
<time>2023-04-04T09:21:57Z</time>
<hdop>3.79</hdop>
</trkpt>
<trkpt lat="46.6834252" lon="8.5401798">
<ele>2569.107</ele>
<time>2023-04-04T09:22:03Z</time>
<hdop>3.79</hdop>
</trkpt>
<trkpt lat="46.6833796" lon="8.5400991">
<ele>2569.871</ele>
<time>2023-04-04T09:22:10Z</time>
<hdop>3.79</hdop>
</trkpt>
<trkpt lat="46.6833474" lon="8.5400106">
<ele>2569.677</ele>
<time>2023-04-04T09:22:16Z</time>
<hdop>3.79</hdop>
</trkpt>
<trkpt lat="46.6833062" lon="8.5399254">
<ele>2569.771</ele>
<time>2023-04-04T09:22:22Z</time>
<hdop>3.79</hdop>
</trkpt>
<trkpt lat="46.6832513" lon="8.5398574">
<ele>2570.826</ele>
<time>2023-04-04T09:22:28Z</time>
<hdop>3.79</hdop>
</trkpt>
<trkpt lat="46.6831904" lon="8.5398174">
<ele>2572.386</ele>
<time>2023-04-04T09:22:35Z</time>
<hdop>3.79</hdop>
</trkpt>
<trkpt lat="46.6831984" lon="8.5397183">
<ele>2572.452</ele>
<time>2023-04-04T09:22:45Z</time>
<hdop>3.79</hdop>
</trkpt>
<trkpt lat="46.6832474" lon="8.5396526">
<ele>2573.022</ele>
<time>2023-04-04T09:22:51Z</time>
<hdop>3.79</hdop>
</trkpt>
<trkpt lat="46.6832082" lon="8.5395763">
<ele>2576.665</ele>
<time>2023-04-04T09:23:04Z</time>
<hdop>3.79</hdop>
</trkpt>
<trkpt lat="46.6831432" lon="8.539546">
<ele>2578.333</ele>
<time>2023-04-04T09:23:12Z</time>
<hdop>3.79</hdop>
</trkpt>
<trkpt lat="46.6831831" lon="8.5394591">
<ele>2579.033</ele>
<time>2023-04-04T09:23:20Z</time>
<hdop>3.79</hdop>
</trkpt>
<trkpt lat="46.6832399" lon="8.5394081">
<ele>2580.101</ele>
<time>2023-04-04T09:23:27Z</time>
<hdop>3.79</hdop>
</trkpt>
<trkpt lat="46.6831759" lon="8.5393739">
<ele>2580.866</ele>
<time>2023-04-04T09:23:36Z</time>
<hdop>3.79</hdop>
</trkpt>
<trkpt lat="46.6831655" lon="8.539279">
<ele>2583.401</ele>
<time>2023-04-04T09:23:46Z</time>
<hdop>3.79</hdop>
</trkpt>
<trkpt lat="46.6832297" lon="8.5392391">
<ele>2585.081</ele>
<time>2023-04-04T09:23:55Z</time>
<hdop>3.79</hdop>
</trkpt>
<trkpt lat="46.683294" lon="8.5392009">
<ele>2585.94</ele>
<time>2023-04-04T09:24:03Z</time>
<hdop>3.79</hdop>
</trkpt>
<trkpt lat="46.6833387" lon="8.5391194">
<ele>2587.127</ele>
<time>2023-04-04T09:24:12Z</time>
<hdop>3.79</hdop>
</trkpt>
<trkpt lat="46.6833375" lon="8.5390113">
<ele>2588.556</ele>
<time>2023-04-04T09:25:28Z</time>
<hdop>3.79</hdop>
</trkpt>
<trkpt lat="46.6833617" lon="8.5389103">
<ele>2588.811</ele>
<time>2023-04-04T09:25:33Z</time>
<hdop>3.79</hdop>
</trkpt>
<trkpt lat="46.6834053" lon="8.5387894">
<ele>2586.993</ele>
<time>2023-04-04T09:25:38Z</time>
<hdop>3.79</hdop>
</trkpt>
<trkpt lat="46.6834572" lon="8.5387065">
<ele>2586.782</ele>
<time>2023-04-04T09:25:43Z</time>
<hdop>3.79</hdop>
</trkpt>
<trkpt lat="46.683578" lon="8.5385921">
<ele>2583.866</ele>
<time>2023-04-04T09:25:48Z</time>
<hdop>3.79</hdop>
</trkpt>
<trkpt lat="46.683719" lon="8.5383999">
<ele>2581.56</ele>
<time>2023-04-04T09:25:53Z</time>
<hdop>4.15</hdop>
</trkpt>
<trkpt lat="46.6838034" lon="8.5383311">
<ele>2577.769</ele>
<time>2023-04-04T09:25:58Z</time>
<hdop>3.79</hdop>
</trkpt>
<trkpt lat="46.683873" lon="8.5383356">
<ele>2580.359</ele>
<time>2023-04-04T09:26:05Z</time>
<hdop>3.79</hdop>
</trkpt>
<trkpt lat="46.6839353" lon="8.5383717">
<ele>2582.22</ele>
<time>2023-04-04T09:26:12Z</time>
<hdop>3.79</hdop>
</trkpt>
<trkpt lat="46.6840004" lon="8.5383487">
<ele>2582.728</ele>
<time>2023-04-04T09:26:19Z</time>
<hdop>3.79</hdop>
</trkpt>
<trkpt lat="46.6840686" lon="8.5383372">
<ele>2582.74</ele>
<time>2023-04-04T09:26:27Z</time>
<hdop>3.79</hdop>
</trkpt>
<trkpt lat="46.684136" lon="8.5383503">
<ele>2584.494</ele>
<time>2023-04-04T09:26:44Z</time>
<hdop>3.79</hdop>
</trkpt>
<trkpt lat="46.6842014" lon="8.5383585">
<ele>2586.672</ele>
<time>2023-04-04T09:26:53Z</time>
<hdop>3.79</hdop>
</trkpt>
<trkpt lat="46.684251" lon="8.5384246">
<ele>2590.304</ele>
<time>2023-04-04T09:27:03Z</time>
<hdop>3.79</hdop>
</trkpt>
<trkpt lat="46.6843172" lon="8.5384392">
<ele>2591.511</ele>
<time>2023-04-04T09:27:13Z</time>
<hdop>3.79</hdop>
</trkpt>
<trkpt lat="46.6843845" lon="8.5384079">
<ele>2591.797</ele>
<time>2023-04-04T09:27:22Z</time>
<hdop>3.79</hdop>
</trkpt>
<trkpt lat="46.6844467" lon="8.5384359">
<ele>2592.689</ele>
<time>2023-04-04T09:27:31Z</time>
<hdop>3.79</hdop>
</trkpt>
<trkpt lat="46.6845126" lon="8.5384268">
<ele>2593.755</ele>
<time>2023-04-04T09:27:40Z</time>
<hdop>3.79</hdop>
</trkpt>
<trkpt lat="46.684572" lon="8.5383873">
<ele>2594.927</ele>
<time>2023-04-04T09:27:49Z</time>
<hdop>3.79</hdop>
</trkpt>
<trkpt lat="46.6846147" lon="8.5383139">
<ele>2596.251</ele>
<time>2023-04-04T09:27:59Z</time>
<hdop>3.79</hdop>
</trkpt>
<trkpt lat="46.684662" lon="8.5382413">
<ele>2597.699</ele>
<time>2023-04-04T09:28:10Z</time>
<hdop>3.79</hdop>
</trkpt>
<trkpt lat="46.6847207" lon="8.5382005">
<ele>2598.423</ele>
<time>2023-04-04T09:28:19Z</time>
<hdop>3.79</hdop>
</trkpt>
<trkpt lat="46.684784" lon="8.5381693">
<ele>2599.235</ele>
<time>2023-04-04T09:28:30Z</time>
<hdop>3.79</hdop>
</trkpt>
<trkpt lat="46.6848521" lon="8.5381699">
<ele>2600.102</ele>
<time>2023-04-04T09:28:41Z</time>
<hdop>3.79</hdop>
</trkpt>
<trkpt lat="46.6849229" lon="8.5381751">
<ele>2601.999</ele>
<time>2023-04-04T09:28:53Z</time>
<hdop>3.79</hdop>
</trkpt>
<trkpt lat="46.684988" lon="8.5381311">
<ele>2603.554</ele>
<time>2023-04-04T09:29:05Z</time>
<hdop>3.79</hdop>
</trkpt>
<trkpt lat="46.6850046" lon="8.5380388">
<ele>2605.389</ele>
<time>2023-04-04T09:29:15Z</time>
<hdop>3.79</hdop>
</trkpt>
<trkpt lat="46.6849929" lon="8.5379434">
<ele>2607.765</ele>
<time>2023-04-04T09:29:25Z</time>
<hdop>3.79</hdop>
</trkpt>
<trkpt lat="46.6849788" lon="8.537844">
<ele>2608.445</ele>
<time>2023-04-04T09:29:37Z</time>
<hdop>3.79</hdop>
</trkpt>
<trkpt lat="46.6849633" lon="8.5377481">
<ele>2610.715</ele>
<time>2023-04-04T09:29:53Z</time>
<hdop>3.79</hdop>
</trkpt>
<trkpt lat="46.6850279" lon="8.5377379">
<ele>2611.483</ele>
<time>2023-04-04T09:30:05Z</time>
<hdop>3.79</hdop>
</trkpt>
<trkpt lat="46.6850961" lon="8.5377548">
<ele>2613.755</ele>
<time>2023-04-04T09:31:01Z</time>
<hdop>3.79</hdop>
</trkpt>
<trkpt lat="46.6851646" lon="8.5377712">
<ele>2615.7</ele>
<time>2023-04-04T09:31:55Z</time>
<hdop>3.79</hdop>
</trkpt>
<trkpt lat="46.6852161" lon="8.5377138">
<ele>2616.75</ele>
<time>2023-04-04T09:33:06Z</time>
<hdop>3.79</hdop>
</trkpt>
<trkpt lat="46.6851841" lon="8.5376309">
<ele>2618.84</ele>
<time>2023-04-04T09:33:16Z</time>
<hdop>3.79</hdop>
</trkpt>
<trkpt lat="46.6851701" lon="8.5375306">
<ele>2620.016</ele>
<time>2023-04-04T09:33:28Z</time>
<hdop>3.79</hdop>
</trkpt>
<trkpt lat="46.6852284" lon="8.5374766">
<ele>2622.613</ele>
<time>2023-04-04T09:34:00Z</time>
<hdop>3.79</hdop>
</trkpt>
<trkpt lat="46.6852223" lon="8.5373808">
<ele>2625.155</ele>
<time>2023-04-04T09:34:17Z</time>
<hdop>3.79</hdop>
</trkpt>
<trkpt lat="46.6851842" lon="8.5373044">
<ele>2626.724</ele>
<time>2023-04-04T09:34:26Z</time>
<hdop>3.79</hdop>
</trkpt>
<trkpt lat="46.6851402" lon="8.5372331">
<ele>2627.854</ele>
<time>2023-04-04T09:34:35Z</time>
<hdop>3.79</hdop>
</trkpt>
<trkpt lat="46.6850881" lon="8.5371639">
<ele>2629.742</ele>
<time>2023-04-04T09:34:45Z</time>
<hdop>3.79</hdop>
</trkpt>
<trkpt lat="46.6850389" lon="8.537102">
<ele>2631.281</ele>
<time>2023-04-04T09:34:54Z</time>
<hdop>3.79</hdop>
</trkpt>
<trkpt lat="46.6849848" lon="8.5370455">
<ele>2632.355</ele>
<time>2023-04-04T09:35:04Z</time>
<hdop>3.79</hdop>
</trkpt>
<trkpt lat="46.6849258" lon="8.5369916">
<ele>2633.879</ele>
<time>2023-04-04T09:35:14Z</time>
<hdop>3.79</hdop>
</trkpt>
<trkpt lat="46.6849884" lon="8.5369523">
<ele>2635.503</ele>
<time>2023-04-04T09:35:30Z</time>
<hdop>3.79</hdop>
</trkpt>
<trkpt lat="46.6850591" lon="8.5369545">
<ele>2637.205</ele>
<time>2023-04-04T09:35:39Z</time>
<hdop>3.79</hdop>
</trkpt>
<trkpt lat="46.6851272" lon="8.5369475">
<ele>2638.236</ele>
<time>2023-04-04T09:35:48Z</time>
<hdop>3.79</hdop>
</trkpt>
<trkpt lat="46.6851925" lon="8.5369367">
<ele>2639.441</ele>
<time>2023-04-04T09:35:57Z</time>
<hdop>3.79</hdop>
</trkpt>
<trkpt lat="46.6852629" lon="8.5369156">
<ele>2640.938</ele>
<time>2023-04-04T09:36:06Z</time>
<hdop>3.79</hdop>
</trkpt>
<trkpt lat="46.6853332" lon="8.5369003">
<ele>2642.681</ele>
<time>2023-04-04T09:36:15Z</time>
<hdop>3.79</hdop>
</trkpt>
<trkpt lat="46.6854032" lon="8.5368839">
<ele>2644.163</ele>
<time>2023-04-04T09:36:25Z</time>
<hdop>3.79</hdop>
</trkpt>
<trkpt lat="46.6853583" lon="8.5368092">
<ele>2646.677</ele>
<time>2023-04-04T09:37:51Z</time>
<hdop>3.79</hdop>
</trkpt>
<trkpt lat="46.6853097" lon="8.5367358">
<ele>2648.442</ele>
<time>2023-04-04T09:38:04Z</time>
<hdop>3.79</hdop>
</trkpt>
<trkpt lat="46.6852597" lon="8.5366715">
<ele>2650.218</ele>
<time>2023-04-04T09:38:19Z</time>
<hdop>3.79</hdop>
</trkpt>
<trkpt lat="46.6852095" lon="8.5366106">
<ele>2652.81</ele>
<time>2023-04-04T09:38:33Z</time>
<hdop>3.79</hdop>
</trkpt>
<trkpt lat="46.685159" lon="8.5365489">
<ele>2654.026</ele>
<time>2023-04-04T09:38:47Z</time>
<hdop>3.79</hdop>
</trkpt>
<trkpt lat="46.6851054" lon="8.5364947">
<ele>2656.508</ele>
<time>2023-04-04T09:39:00Z</time>
<hdop>3.79</hdop>
</trkpt>
<trkpt lat="46.6850523" lon="8.5364332">
<ele>2658.406</ele>
<time>2023-04-04T09:39:13Z</time>
<hdop>3.79</hdop>
</trkpt>
<trkpt lat="46.6849988" lon="8.5363726">
<ele>2660.184</ele>
<time>2023-04-04T09:39:25Z</time>
<hdop>3.79</hdop>
</trkpt>
<trkpt lat="46.6849513" lon="8.5363014">
<ele>2661.414</ele>
<time>2023-04-04T09:39:39Z</time>
<hdop>3.79</hdop>
</trkpt>
<trkpt lat="46.6849" lon="8.5362412">
<ele>2663.27</ele>
<time>2023-04-04T09:39:50Z</time>
<hdop>3.79</hdop>
</trkpt>
<trkpt lat="46.684848" lon="8.5361823">
<ele>2665.779</ele>
<time>2023-04-04T09:40:02Z</time>
<hdop>3.79</hdop>
</trkpt>
<trkpt lat="46.6847924" lon="8.53613">
<ele>2667.615</ele>
<time>2023-04-04T09:40:14Z</time>
<hdop>3.79</hdop>
</trkpt>
<trkpt lat="46.6847371" lon="8.5360806">
<ele>2669.216</ele>
<time>2023-04-04T09:40:25Z</time>
<hdop>3.79</hdop>
</trkpt>
<trkpt lat="46.6847749" lon="8.5360007">
<ele>2670.436</ele>
<time>2023-04-04T09:40:37Z</time>
<hdop>3.79</hdop>
</trkpt>
<trkpt lat="46.6848251" lon="8.5359359">
<ele>2671.487</ele>
<time>2023-04-04T09:40:49Z</time>
<hdop>3.79</hdop>
</trkpt>
<trkpt lat="46.684874" lon="8.5358634">
<ele>2671.956</ele>
<time>2023-04-04T09:41:02Z</time>
<hdop>3.79</hdop>
</trkpt>
<trkpt lat="46.6849183" lon="8.5357926">
<ele>2673.554</ele>
<time>2023-04-04T09:41:14Z</time>
<hdop>3.79</hdop>
</trkpt>
<trkpt lat="46.684863" lon="8.5357321">
<ele>2676.615</ele>
<time>2023-04-04T09:41:28Z</time>
<hdop>3.79</hdop>
</trkpt>
<trkpt lat="46.6848024" lon="8.5356897">
<ele>2679.592</ele>
<time>2023-04-04T09:41:40Z</time>
<hdop>3.79</hdop>
</trkpt>
<trkpt lat="46.6847457" lon="8.5356325">
<ele>2681.324</ele>
<time>2023-04-04T09:41:52Z</time>
<hdop>3.79</hdop>
</trkpt>
<trkpt lat="46.6847081" lon="8.5355534">
<ele>2682.808</ele>
<time>2023-04-04T09:43:46Z</time>
<hdop>3.79</hdop>
</trkpt>
<trkpt lat="46.6847381" lon="8.5354671">
<ele>2682.964</ele>
<time>2023-04-04T09:44:50Z</time>
<hdop>3.79</hdop>
</trkpt>
<trkpt lat="46.6848047" lon="8.5354258">
<ele>2684.41</ele>
<time>2023-04-04T09:44:58Z</time>
<hdop>3.79</hdop>
</trkpt>
<trkpt lat="46.68487" lon="8.5353887">
<ele>2685.131</ele>
<time>2023-04-04T09:45:06Z</time>
<hdop>3.79</hdop>
</trkpt>
<trkpt lat="46.6849323" lon="8.5353415">
<ele>2684.1</ele>
<time>2023-04-04T09:45:14Z</time>
<hdop>3.79</hdop>
</trkpt>
<trkpt lat="46.6849942" lon="8.53531">
<ele>2682.951</ele>
<time>2023-04-04T09:45:23Z</time>
<hdop>3.79</hdop>
</trkpt>
<trkpt lat="46.68506" lon="8.5352844">
<ele>2683.276</ele>
<time>2023-04-04T09:45:30Z</time>
<hdop>3.79</hdop>
</trkpt>
<trkpt lat="46.6851255" lon="8.5352717">
<ele>2685.636</ele>
<time>2023-04-04T09:45:39Z</time>
<hdop>3.79</hdop>
</trkpt>
<trkpt lat="46.6851918" lon="8.5352552">
<ele>2687.226</ele>
<time>2023-04-04T09:45:48Z</time>
<hdop>3.79</hdop>
</trkpt>
<trkpt lat="46.6852617" lon="8.5352514">
<ele>2687.904</ele>
<time>2023-04-04T09:45:55Z</time>
<hdop>3.79</hdop>
</trkpt>
<trkpt lat="46.6853264" lon="8.5352532">
<ele>2688.245</ele>
<time>2023-04-04T09:46:02Z</time>
<hdop>3.79</hdop>
</trkpt>
<trkpt lat="46.6853914" lon="8.5352609">
<ele>2690.657</ele>
<time>2023-04-04T09:46:13Z</time>
<hdop>3.79</hdop>
</trkpt>
<trkpt lat="46.6854548" lon="8.5352311">
<ele>2691.572</ele>
<time>2023-04-04T09:46:27Z</time>
<hdop>3.79</hdop>
</trkpt>
<trkpt lat="46.6854704" lon="8.5351392">
<ele>2692.639</ele>
<time>2023-04-04T09:46:41Z</time>
<hdop>3.79</hdop>
</trkpt>
<trkpt lat="46.6854496" lon="8.5350441">
<ele>2696.078</ele>
<time>2023-04-04T09:46:55Z</time>
<hdop>3.79</hdop>
</trkpt>
<trkpt lat="46.6854439" lon="8.5349478">
<ele>2696.466</ele>
<time>2023-04-04T09:47:06Z</time>
<hdop>3.79</hdop>
</trkpt>
<trkpt lat="46.6854582" lon="8.5348525">
<ele>2696.832</ele>
<time>2023-04-04T09:47:16Z</time>
<hdop>3.79</hdop>
</trkpt>
<trkpt lat="46.6854858" lon="8.5347587">
<ele>2698.713</ele>
<time>2023-04-04T09:47:27Z</time>
<hdop>3.79</hdop>
</trkpt>
<trkpt lat="46.6855435" lon="8.5347018">
<ele>2700.564</ele>
<time>2023-04-04T09:47:37Z</time>
<hdop>3.79</hdop>
</trkpt>
<trkpt lat="46.6856158" lon="8.5346939">
<ele>2702.945</ele>
<time>2023-04-04T09:47:48Z</time>
<hdop>3.79</hdop>
</trkpt>
<trkpt lat="46.6856809" lon="8.5347229">
<ele>2705.645</ele>
<time>2023-04-04T09:47:58Z</time>
<hdop>3.79</hdop>
</trkpt>
<trkpt lat="46.6857524" lon="8.5347471">
<ele>2705.907</ele>
<time>2023-04-04T09:48:09Z</time>
<hdop>3.79</hdop>
</trkpt>
<trkpt lat="46.6858192" lon="8.5347361">
<ele>2706.738</ele>
<time>2023-04-04T09:48:19Z</time>
<hdop>3.79</hdop>
</trkpt>
<trkpt lat="46.6858779" lon="8.5346955">
<ele>2707.874</ele>
<time>2023-04-04T09:48:29Z</time>
<hdop>3.79</hdop>
</trkpt>
<trkpt lat="46.6859422" lon="8.5346685">
<ele>2707.262</ele>
<time>2023-04-04T09:48:37Z</time>
<hdop>3.79</hdop>
</trkpt>
<trkpt lat="46.6859462" lon="8.5345679">
<ele>2709.493</ele>
<time>2023-04-04T09:48:49Z</time>
<hdop>3.79</hdop>
</trkpt>
<trkpt lat="46.6859324" lon="8.5344723">
<ele>2710.657</ele>
<time>2023-04-04T09:49:00Z</time>
<hdop>3.79</hdop>
</trkpt>
<trkpt lat="46.6859337" lon="8.5343762">
<ele>2712.843</ele>
<time>2023-04-04T09:49:11Z</time>
<hdop>3.79</hdop>
</trkpt>
<trkpt lat="46.6859164" lon="8.5342847">
<ele>2714.087</ele>
<time>2023-04-04T09:49:23Z</time>
<hdop>3.79</hdop>
</trkpt>
<trkpt lat="46.6858949" lon="8.5341871">
<ele>2716.283</ele>
<time>2023-04-04T09:49:36Z</time>
<hdop>3.79</hdop>
</trkpt>
<trkpt lat="46.6859623" lon="8.5341865">
<ele>2719.209</ele>
<time>2023-04-04T09:49:54Z</time>
<hdop>3.79</hdop>
</trkpt>
<trkpt lat="46.6860284" lon="8.534221">
<ele>2721.928</ele>
<time>2023-04-04T09:50:06Z</time>
<hdop>3.79</hdop>
</trkpt>
<trkpt lat="46.6860956" lon="8.5342357">
<ele>2721.922</ele>
<time>2023-04-04T09:50:18Z</time>
<hdop>3.79</hdop>
</trkpt>
<trkpt lat="46.6861632" lon="8.5342437">
<ele>2723.581</ele>
<time>2023-04-04T09:50:31Z</time>
<hdop>3.79</hdop>
</trkpt>
<trkpt lat="46.6861496" lon="8.5341464">
<ele>2726.045</ele>
<time>2023-04-04T09:50:43Z</time>
<hdop>3.79</hdop>
</trkpt>
<trkpt lat="46.6861286" lon="8.5340436">
<ele>2727.931</ele>
<time>2023-04-04T09:50:54Z</time>
<hdop>3.79</hdop>
</trkpt>
<trkpt lat="46.6861038" lon="8.5339466">
<ele>2729.86</ele>
<time>2023-04-04T09:51:03Z</time>
<hdop>3.79</hdop>
</trkpt>
<trkpt lat="46.6860756" lon="8.5338609">
<ele>2731.027</ele>
<time>2023-04-04T09:51:13Z</time>
<hdop>3.79</hdop>
</trkpt>
<trkpt lat="46.6860413" lon="8.53377">
<ele>2733.091</ele>
<time>2023-04-04T09:51:24Z</time>
<hdop>3.79</hdop>
</trkpt>
<trkpt lat="46.6860342" lon="8.5336725">
<ele>2734.284</ele>
<time>2023-04-04T09:51:33Z</time>
<hdop>3.79</hdop>
</trkpt>
<trkpt lat="46.6860309" lon="8.5335687">
<ele>2735.59</ele>
<time>2023-04-04T09:51:42Z</time>
<hdop>3.79</hdop>
</trkpt>
<trkpt lat="46.6860443" lon="8.5334689">
<ele>2736.273</ele>
<time>2023-04-04T09:51:51Z</time>
<hdop>3.79</hdop>
</trkpt>
<trkpt lat="46.6861089" lon="8.5334879">
<ele>2738.811</ele>
<time>2023-04-04T09:52:27Z</time>
<hdop>3.79</hdop>
</trkpt>
<trkpt lat="46.6861776" lon="8.5334901">
<ele>2741.86</ele>
<time>2023-04-04T09:52:40Z</time>
<hdop>3.79</hdop>
</trkpt>
<trkpt lat="46.6862438" lon="8.5334639">
<ele>2743.532</ele>
<time>2023-04-04T09:52:52Z</time>
<hdop>3.79</hdop>
</trkpt>
<trkpt lat="46.6863091" lon="8.5334363">
<ele>2747.491</ele>
<time>2023-04-04T09:53:06Z</time>
<hdop>3.79</hdop>
</trkpt>
<trkpt lat="46.6863104" lon="8.5333393">
<ele>2751.586</ele>
<time>2023-04-04T09:53:28Z</time>
<hdop>3.79</hdop>
</trkpt>
<trkpt lat="46.6862644" lon="8.5332618">
<ele>2753.347</ele>
<time>2023-04-04T09:53:39Z</time>
<hdop>3.79</hdop>
</trkpt>
<trkpt lat="46.6862494" lon="8.5331642">
<ele>2752.768</ele>
<time>2023-04-04T09:53:51Z</time>
<hdop>3.79</hdop>
</trkpt>
<trkpt lat="46.6863098" lon="8.5331098">
<ele>2753.527</ele>
<time>2023-04-04T09:54:02Z</time>
<hdop>3.79</hdop>
</trkpt>
<trkpt lat="46.6863244" lon="8.533012">
<ele>2755.767</ele>
<time>2023-04-04T09:54:10Z</time>
<hdop>3.79</hdop>
</trkpt>
<trkpt lat="46.6863133" lon="8.5329126">
<ele>2758.45</ele>
<time>2023-04-04T09:54:29Z</time>
<hdop>3.79</hdop>
</trkpt>
<trkpt lat="46.6863275" lon="8.5328156">
<ele>2759.728</ele>
<time>2023-04-04T09:54:41Z</time>
<hdop>3.79</hdop>
</trkpt>
<trkpt lat="46.6863932" lon="8.5328035">
<ele>2761.198</ele>
<time>2023-04-04T09:54:52Z</time>
<hdop>3.79</hdop>
</trkpt>
<trkpt lat="46.6864486" lon="8.5327453">
<ele>2762.254</ele>
<time>2023-04-04T09:55:04Z</time>
<hdop>3.79</hdop>
</trkpt>
<trkpt lat="46.6865045" lon="8.5326862">
<ele>2763.202</ele>
<time>2023-04-04T09:55:16Z</time>
<hdop>3.79</hdop>
</trkpt>
<trkpt lat="46.6864838" lon="8.5325921">
<ele>2769.117</ele>
<time>2023-04-04T09:56:12Z</time>
<hdop>3.79</hdop>
</trkpt>
<trkpt lat="46.6864288" lon="8.5325413">
<ele>2772.406</ele>
<time>2023-04-04T09:56:23Z</time>
<hdop>3.79</hdop>
</trkpt>
<trkpt lat="46.6863795" lon="8.5324727">
<ele>2773.717</ele>
<time>2023-04-04T09:56:35Z</time>
<hdop>3.79</hdop>
</trkpt>
<trkpt lat="46.6863712" lon="8.5323726">
<ele>2773.427</ele>
<time>2023-04-04T09:56:44Z</time>
<hdop>3.79</hdop>
</trkpt>
<trkpt lat="46.6864429" lon="8.5323698">
<ele>2774.057</ele>
<time>2023-04-04T09:56:54Z</time>
<hdop>3.79</hdop>
</trkpt>
<trkpt lat="46.68651" lon="8.5323443">
<ele>2773.349</ele>
<time>2023-04-04T09:57:04Z</time>
<hdop>3.79</hdop>
</trkpt>
<trkpt lat="46.6865682" lon="8.5323021">
<ele>2775.729</ele>
<time>2023-04-04T09:57:16Z</time>
<hdop>3.79</hdop>
</trkpt>
<trkpt lat="46.6865226" lon="8.5322279">
<ele>2779.028</ele>
<time>2023-04-04T09:57:26Z</time>
<hdop>3.79</hdop>
</trkpt>
<trkpt lat="46.6865514" lon="8.5321344">
<ele>2780.007</ele>
<time>2023-04-04T09:57:37Z</time>
<hdop>3.79</hdop>
</trkpt>
<trkpt lat="46.6866086" lon="8.5320878">
<ele>2782.641</ele>
<time>2023-04-04T09:58:03Z</time>
<hdop>3.79</hdop>
</trkpt>
<trkpt lat="46.6866686" lon="8.5320439">
<ele>2783.225</ele>
<time>2023-04-04T09:58:16Z</time>
<hdop>3.79</hdop>
</trkpt>
<trkpt lat="46.6866196" lon="8.5319709">
<ele>2783.985</ele>
<time>2023-04-04T09:58:26Z</time>
<hdop>3.79</hdop>
</trkpt>
<trkpt lat="46.6865665" lon="8.5319097">
<ele>2787.294</ele>
<time>2023-04-04T09:59:14Z</time>
<hdop>3.79</hdop>
</trkpt>
<trkpt lat="46.686597" lon="8.531825">
<ele>2789.575</ele>
<time>2023-04-04T09:59:39Z</time>
<hdop>3.79</hdop>
</trkpt>
<trkpt lat="46.6866553" lon="8.531781">
<ele>2792.536</ele>
<time>2023-04-04T09:59:55Z</time>
<hdop>3.79</hdop>
</trkpt>
<trkpt lat="46.6867118" lon="8.5317294">
<ele>2793.759</ele>
<time>2023-04-04T10:00:07Z</time>
<hdop>3.79</hdop>
</trkpt>
<trkpt lat="46.6867674" lon="8.5316733">
<ele>2794.963</ele>
<time>2023-04-04T10:00:20Z</time>
<hdop>3.79</hdop>
</trkpt>
<trkpt lat="46.6868241" lon="8.5316166">
<ele>2796.374</ele>
<time>2023-04-04T10:00:32Z</time>
<hdop>3.79</hdop>
</trkpt>
<trkpt lat="46.6868802" lon="8.5315565">
<ele>2797.794</ele>
<time>2023-04-04T10:00:43Z</time>
<hdop>3.79</hdop>
</trkpt>
<trkpt lat="46.6869345" lon="8.5314938">
<ele>2799.177</ele>
<time>2023-04-04T10:00:53Z</time>
<hdop>3.79</hdop>
</trkpt>
<trkpt lat="46.6869894" lon="8.5314408">
<ele>2799.434</ele>
<time>2023-04-04T10:01:01Z</time>
<hdop>3.79</hdop>
</trkpt>
<trkpt lat="46.6870035" lon="8.531345">
<ele>2800.819</ele>
<time>2023-04-04T10:01:15Z</time>
<hdop>3.79</hdop>
</trkpt>
<trkpt lat="46.6869496" lon="8.5312791">
<ele>2802.048</ele>
<time>2023-04-04T10:01:24Z</time>
<hdop>3.79</hdop>
</trkpt>
<trkpt lat="46.6868969" lon="8.5312209">
<ele>2804.723</ele>
<time>2023-04-04T10:01:34Z</time>
<hdop>3.79</hdop>
</trkpt>
<trkpt lat="46.6869479" lon="8.5311485">
<ele>2803.832</ele>
<time>2023-04-04T10:01:43Z</time>
<hdop>3.79</hdop>
</trkpt>
<trkpt lat="46.6870074" lon="8.53109">
<ele>2805.058</ele>
<time>2023-04-04T10:01:53Z</time>
<hdop>3.79</hdop>
</trkpt>
<trkpt lat="46.6870633" lon="8.5310386">
<ele>2806.386</ele>
<time>2023-04-04T10:02:02Z</time>
<hdop>3.79</hdop>
</trkpt>
<trkpt lat="46.6871251" lon="8.5309848">
<ele>2808.334</ele>
<time>2023-04-04T10:02:12Z</time>
<hdop>3.79</hdop>
</trkpt>
<trkpt lat="46.6870809" lon="8.530905">
<ele>2809.804</ele>
<time>2023-04-04T10:02:21Z</time>
<hdop>3.79</hdop>
</trkpt>
<trkpt lat="46.6870128" lon="8.530877">
<ele>2812.919</ele>
<time>2023-04-04T10:02:30Z</time>
<hdop>3.79</hdop>
</trkpt>
<trkpt lat="46.686947" lon="8.5308433">
<ele>2814.369</ele>
<time>2023-04-04T10:02:40Z</time>
<hdop>3.79</hdop>
</trkpt>
<trkpt lat="46.6869603" lon="8.5307429">
<ele>2815.841</ele>
<time>2023-04-04T10:02:52Z</time>
<hdop>3.79</hdop>
</trkpt>
<trkpt lat="46.6870019" lon="8.5306704">
<ele>2816.971</ele>
<time>2023-04-04T10:03:01Z</time>
<hdop>3.79</hdop>
</trkpt>
<trkpt lat="46.6870382" lon="8.5305923">
<ele>2814.619</ele>
<time>2023-04-04T10:07:21Z</time>
<hdop>3.79</hdop>
</trkpt>
<trkpt lat="46.6869946" lon="8.530521">
<ele>2816.423</ele>
<time>2023-04-04T10:07:33Z</time>
<hdop>3.79</hdop>
</trkpt>
<trkpt lat="46.6870313" lon="8.5304411">
<ele>2816.378</ele>
<time>2023-04-04T10:07:46Z</time>
<hdop>3.79</hdop>
</trkpt>
<trkpt lat="46.6870862" lon="8.5303886">
<ele>2818.61</ele>
<time>2023-04-04T10:08:00Z</time>
<hdop>3.79</hdop>
</trkpt>
<trkpt lat="46.68706" lon="8.5303">
<ele>2820.087</ele>
<time>2023-04-04T10:08:11Z</time>
<hdop>3.79</hdop>
</trkpt>
<trkpt lat="46.6870209" lon="8.530216">
<ele>2821.951</ele>
<time>2023-04-04T10:08:23Z</time>
<hdop>3.79</hdop>
</trkpt>
<trkpt lat="46.6870674" lon="8.5301435">
<ele>2822.201</ele>
<time>2023-04-04T10:08:37Z</time>
<hdop>3.79</hdop>
</trkpt>
<trkpt lat="46.6871317" lon="8.5301082">
<ele>2825.755</ele>
<time>2023-04-04T10:08:51Z</time>
<hdop>3.79</hdop>
</trkpt>
<trkpt lat="46.6871082" lon="8.5300194">
<ele>2827.556</ele>
<time>2023-04-04T10:09:01Z</time>
<hdop>3.79</hdop>
</trkpt>
<trkpt lat="46.6870484" lon="8.5299724">
<ele>2830.467</ele>
<time>2023-04-04T10:09:13Z</time>
<hdop>3.79</hdop>
</trkpt>
<trkpt lat="46.6869811" lon="8.529971">
<ele>2833.612</ele>
<time>2023-04-04T10:09:23Z</time>
<hdop>3.79</hdop>
</trkpt>
<trkpt lat="46.6869123" lon="8.5299579">
<ele>2835.669</ele>
<time>2023-04-04T10:09:32Z</time>
<hdop>3.79</hdop>
</trkpt>
<trkpt lat="46.6868453" lon="8.5299404">
<ele>2836.705</ele>
<time>2023-04-04T10:09:44Z</time>
<hdop>3.79</hdop>
</trkpt>
<trkpt lat="46.686779" lon="8.5299209">
<ele>2839.601</ele>
<time>2023-04-04T10:09:56Z</time>
<hdop>3.79</hdop>
</trkpt>
<trkpt lat="46.6867246" lon="8.5298628">
<ele>2840.535</ele>
<time>2023-04-04T10:10:09Z</time>
<hdop>3.79</hdop>
</trkpt>
<trkpt lat="46.6866729" lon="8.5297926">
<ele>2841.124</ele>
<time>2023-04-04T10:10:21Z</time>
<hdop>3.79</hdop>
</trkpt>
<trkpt lat="46.6866153" lon="8.5297362">
<ele>2842.735</ele>
<time>2023-04-04T10:10:32Z</time>
<hdop>3.79</hdop>
</trkpt>
<trkpt lat="46.6865509" lon="8.5296941">
<ele>2844.102</ele>
<time>2023-04-04T10:10:44Z</time>
<hdop>3.79</hdop>
</trkpt>
<trkpt lat="46.6864943" lon="8.5296383">
<ele>2846.12</ele>
<time>2023-04-04T10:10:55Z</time>
<hdop>3.79</hdop>
</trkpt>
<trkpt lat="46.686448" lon="8.5295722">
<ele>2846.612</ele>
<time>2023-04-04T10:11:06Z</time>
<hdop>3.79</hdop>
</trkpt>
<trkpt lat="46.6865146" lon="8.529562">
<ele>2846.496</ele>
<time>2023-04-04T10:11:23Z</time>
<hdop>3.79</hdop>
</trkpt>
<trkpt lat="46.6865755" lon="8.5295237">
<ele>2848.382</ele>
<time>2023-04-04T10:11:49Z</time>
<hdop>3.79</hdop>
</trkpt>
<trkpt lat="46.6866373" lon="8.5294797">
<ele>2849.942</ele>
<time>2023-04-04T10:12:00Z</time>
<hdop>3.79</hdop>
</trkpt>
<trkpt lat="46.6867019" lon="8.52944">
<ele>2851.66</ele>
<time>2023-04-04T10:12:12Z</time>
<hdop>3.79</hdop>
</trkpt>
<trkpt lat="46.6867656" lon="8.5294089">
<ele>2852.81</ele>
<time>2023-04-04T10:12:22Z</time>
<hdop>3.79</hdop>
</trkpt>
<trkpt lat="46.6867237" lon="8.5293346">
<ele>2855.069</ele>
<time>2023-04-04T10:12:36Z</time>
<hdop>3.79</hdop>
</trkpt>
<trkpt lat="46.6866581" lon="8.5293077">
<ele>2858.524</ele>
<time>2023-04-04T10:12:46Z</time>
<hdop>3.79</hdop>
</trkpt>
<trkpt lat="46.6865938" lon="8.5292635">
<ele>2860.794</ele>
<time>2023-04-04T10:12:58Z</time>
<hdop>3.79</hdop>
</trkpt>
<trkpt lat="46.6865382" lon="8.5292037">
<ele>2862.239</ele>
<time>2023-04-04T10:13:08Z</time>
<hdop>3.79</hdop>
</trkpt>
<trkpt lat="46.6866055" lon="8.5291675">
<ele>2861.18</ele>
<time>2023-04-04T10:13:24Z</time>
<hdop>3.79</hdop>
</trkpt>
<trkpt lat="46.6866601" lon="8.529107">
<ele>2863.398</ele>
<time>2023-04-04T10:13:34Z</time>
<hdop>3.79</hdop>
</trkpt>
<trkpt lat="46.686717" lon="8.5290521">
<ele>2864.39</ele>
<time>2023-04-04T10:13:48Z</time>
<hdop>3.79</hdop>
</trkpt>
<trkpt lat="46.6867817" lon="8.5290191">
<ele>2866.61</ele>
<time>2023-04-04T10:13:58Z</time>
<hdop>3.79</hdop>
</trkpt>
<trkpt lat="46.6868446" lon="8.5289718">
<ele>2868.342</ele>
<time>2023-04-04T10:14:12Z</time>
<hdop>3.79</hdop>
</trkpt>
<trkpt lat="46.6867881" lon="8.5289094">
<ele>2871.184</ele>
<time>2023-04-04T10:14:22Z</time>
<hdop>3.79</hdop>
</trkpt>
<trkpt lat="46.6867359" lon="8.5288432">
<ele>2873.233</ele>
<time>2023-04-04T10:14:31Z</time>
<hdop>3.79</hdop>
</trkpt>
<trkpt lat="46.6866813" lon="8.5287853">
<ele>2874.94</ele>
<time>2023-04-04T10:14:43Z</time>
<hdop>3.79</hdop>
</trkpt>
<trkpt lat="46.6866171" lon="8.5287584">
<ele>2876.95</ele>
<time>2023-04-04T10:14:56Z</time>
<hdop>3.79</hdop>
</trkpt>
<trkpt lat="46.6866197" lon="8.5286567">
<ele>2875.09</ele>
<time>2023-04-04T10:15:41Z</time>
<hdop>3.79</hdop>
</trkpt>
<trkpt lat="46.6866781" lon="8.5286024">
<ele>2876.658</ele>
<time>2023-04-04T10:15:49Z</time>
<hdop>3.79</hdop>
</trkpt>
<trkpt lat="46.6867344" lon="8.5285487">
<ele>2877.034</ele>
<time>2023-04-04T10:15:59Z</time>
<hdop>3.79</hdop>
</trkpt>
<trkpt lat="46.6867915" lon="8.5285002">
<ele>2878.377</ele>
<time>2023-04-04T10:16:08Z</time>
<hdop>3.79</hdop>
</trkpt>
<trkpt lat="46.6868564" lon="8.5284687">
<ele>2879.817</ele>
<time>2023-04-04T10:16:19Z</time>
<hdop>3.79</hdop>
</trkpt>
<trkpt lat="46.6869238" lon="8.5284594">
<ele>2883.224</ele>
<time>2023-04-04T10:17:13Z</time>
<hdop>3.79</hdop>
</trkpt>
<trkpt lat="46.6869938" lon="8.5284413">
<ele>2885.142</ele>
<time>2023-04-04T10:17:35Z</time>
<hdop>3.79</hdop>
</trkpt>
<trkpt lat="46.6869818" lon="8.5283397">
<ele>2888.735</ele>
<time>2023-04-04T10:17:49Z</time>
<hdop>3.79</hdop>
</trkpt>
<trkpt lat="46.6869253" lon="8.5282896">
<ele>2890.811</ele>
<time>2023-04-04T10:17:58Z</time>
<hdop>3.79</hdop>
</trkpt>
<trkpt lat="46.6868778" lon="8.5282114">
<ele>2893.014</ele>
<time>2023-04-04T10:18:08Z</time>
<hdop>3.79</hdop>
</trkpt>
<trkpt lat="46.686827" lon="8.5281482">
<ele>2894.998</ele>
<time>2023-04-04T10:18:24Z</time>
<hdop>3.79</hdop>
</trkpt>
<trkpt lat="46.6867796" lon="8.5280839">
<ele>2895.187</ele>
<time>2023-04-04T10:18:33Z</time>
<hdop>3.79</hdop>
</trkpt>
<trkpt lat="46.6868396" lon="8.5280407">
<ele>2894.335</ele>
<time>2023-04-04T10:18:45Z</time>
<hdop>3.79</hdop>
</trkpt>
<trkpt lat="46.6869062" lon="8.5280217">
<ele>2895.195</ele>
<time>2023-04-04T10:18:54Z</time>
<hdop>3.79</hdop>
</trkpt>
<trkpt lat="46.6869671" lon="8.527976">
<ele>2895.96</ele>
<time>2023-04-04T10:19:06Z</time>
<hdop>3.79</hdop>
</trkpt>
<trkpt lat="46.6870371" lon="8.5279502">
<ele>2897.949</ele>
<time>2023-04-04T10:19:19Z</time>
<hdop>3.79</hdop>
</trkpt>
<trkpt lat="46.6871012" lon="8.5279229">
<ele>2900.061</ele>
<time>2023-04-04T10:19:28Z</time>
<hdop>3.79</hdop>
</trkpt>
<trkpt lat="46.6870408" lon="8.5278585">
<ele>2902.675</ele>
<time>2023-04-04T10:19:41Z</time>
<hdop>3.79</hdop>
</trkpt>
<trkpt lat="46.6869818" lon="8.5278044">
<ele>2904.447</ele>
<time>2023-04-04T10:19:50Z</time>
<hdop>3.79</hdop>
</trkpt>
<trkpt lat="46.6869229" lon="8.5277535">
<ele>2905.948</ele>
<time>2023-04-04T10:20:10Z</time>
<hdop>3.79</hdop>
</trkpt>
<trkpt lat="46.6868699" lon="8.527697">
<ele>2905.539</ele>
<time>2023-04-04T10:20:24Z</time>
<hdop>3.79</hdop>
</trkpt>
<trkpt lat="46.6868058" lon="8.5276649">
<ele>2907.829</ele>
<time>2023-04-04T10:20:34Z</time>
<hdop>3.79</hdop>
</trkpt>
<trkpt lat="46.6867411" lon="8.5276414">
<ele>2910.288</ele>
<time>2023-04-04T10:20:42Z</time>
<hdop>3.79</hdop>
</trkpt>
<trkpt lat="46.6866776" lon="8.5276215">
<ele>2911.031</ele>
<time>2023-04-04T10:20:54Z</time>
<hdop>3.79</hdop>
</trkpt>
<trkpt lat="46.6866212" lon="8.5275686">
<ele>2911.656</ele>
<time>2023-04-04T10:21:05Z</time>
<hdop>3.79</hdop>
</trkpt>
<trkpt lat="46.6865585" lon="8.5275406">
<ele>2912.754</ele>
<time>2023-04-04T10:21:14Z</time>
<hdop>3.79</hdop>
</trkpt>
<trkpt lat="46.6866239" lon="8.5274884">
<ele>2911.187</ele>
<time>2023-04-04T10:21:21Z</time>
<hdop>3.79</hdop>
</trkpt>
<trkpt lat="46.6866919" lon="8.5274708">
<ele>2912.574</ele>
<time>2023-04-04T10:21:36Z</time>
<hdop>3.79</hdop>
</trkpt>
<trkpt lat="46.686756" lon="8.5274358">
<ele>2916.152</ele>
<time>2023-04-04T10:21:50Z</time>
<hdop>3.79</hdop>
</trkpt>
<trkpt lat="46.6868226" lon="8.527414">
<ele>2918.207</ele>
<time>2023-04-04T10:22:02Z</time>
<hdop>3.79</hdop>
</trkpt>
<trkpt lat="46.686884" lon="8.5273775">
<ele>2919.184</ele>
<time>2023-04-04T10:22:12Z</time>
<hdop>3.79</hdop>
</trkpt>
<trkpt lat="46.6869467" lon="8.5273463">
<ele>2919.816</ele>
<time>2023-04-04T10:22:23Z</time>
<hdop>3.79</hdop>
</trkpt>
<trkpt lat="46.6870099" lon="8.5273116">
<ele>2921.685</ele>
<time>2023-04-04T10:22:35Z</time>
<hdop>3.79</hdop>
</trkpt>
<trkpt lat="46.6870749" lon="8.5272725">
<ele>2922.413</ele>
<time>2023-04-04T10:22:45Z</time>
<hdop>3.79</hdop>
</trkpt>
<trkpt lat="46.6871429" lon="8.527241">
<ele>2922.862</ele>
<time>2023-04-04T10:22:56Z</time>
<hdop>3.79</hdop>
</trkpt>
<trkpt lat="46.6872027" lon="8.5272007">
<ele>2923.133</ele>
<time>2023-04-04T10:23:06Z</time>
<hdop>3.79</hdop>
</trkpt>
<trkpt lat="46.6872735" lon="8.5271979">
<ele>2924.399</ele>
<time>2023-04-04T10:23:17Z</time>
<hdop>3.79</hdop>
</trkpt>
<trkpt lat="46.6872424" lon="8.5271126">
<ele>2927.862</ele>
<time>2023-04-04T10:23:31Z</time>
<hdop>3.79</hdop>
</trkpt>
<trkpt lat="46.6871821" lon="8.5270564">
<ele>2931.803</ele>
<time>2023-04-04T10:23:40Z</time>
<hdop>3.79</hdop>
</trkpt>
<trkpt lat="46.6871546" lon="8.5269621">
<ele>2932.026</ele>
<time>2023-04-04T10:23:52Z</time>
<hdop>3.92</hdop>
</trkpt>
<trkpt lat="46.6872159" lon="8.5269163">
<ele>2931.886</ele>
<time>2023-04-04T10:24:00Z</time>
<hdop>3.79</hdop>
</trkpt>
<trkpt lat="46.6872827" lon="8.5269225">
<ele>2935.831</ele>
<time>2023-04-04T10:24:17Z</time>
<hdop>3.79</hdop>
</trkpt>
<trkpt lat="46.6873487" lon="8.5269489">
<ele>2939.091</ele>
<time>2023-04-04T10:25:04Z</time>
<hdop>3.79</hdop>
</trkpt>
<trkpt lat="46.6874099" lon="8.5269846">
<ele>2940.638</ele>
<time>2023-04-04T10:25:14Z</time>
<hdop>3.79</hdop>
</trkpt>
<trkpt lat="46.6874789" lon="8.526998">
<ele>2940.999</ele>
<time>2023-04-04T10:25:24Z</time>
<hdop>3.79</hdop>
</trkpt>
<trkpt lat="46.6875449" lon="8.5270159">
<ele>2942.512</ele>
<time>2023-04-04T10:25:34Z</time>
<hdop>3.79</hdop>
</trkpt>
<trkpt lat="46.6876126" lon="8.5270431">
<ele>2943.075</ele>
<time>2023-04-04T10:25:45Z</time>
<hdop>3.79</hdop>
</trkpt>
<trkpt lat="46.687678" lon="8.5270726">
<ele>2944.982</ele>
<time>2023-04-04T10:25:57Z</time>
<hdop>3.79</hdop>
</trkpt>
<trkpt lat="46.6877448" lon="8.5270539">
<ele>2946.215</ele>
<time>2023-04-04T10:26:09Z</time>
<hdop>3.79</hdop>
</trkpt>
<trkpt lat="46.687731" lon="8.5269569">
<ele>2947.789</ele>
<time>2023-04-04T10:26:21Z</time>
<hdop>3.79</hdop>
</trkpt>
<trkpt lat="46.6877602" lon="8.5268714">
<ele>2946.897</ele>
<time>2023-04-04T10:26:33Z</time>
<hdop>3.79</hdop>
</trkpt>
<trkpt lat="46.6878198" lon="8.5268192">
<ele>2948.781</ele>
<time>2023-04-04T10:26:45Z</time>
<hdop>3.79</hdop>
</trkpt>
<trkpt lat="46.6878835" lon="8.5267913">
<ele>2953.55</ele>
<time>2023-04-04T10:26:58Z</time>
<hdop>3.79</hdop>
</trkpt>
<trkpt lat="46.6879412" lon="8.5267372">
<ele>2954.873</ele>
<time>2023-04-04T10:27:13Z</time>
<hdop>3.79</hdop>
</trkpt>
<trkpt lat="46.6879882" lon="8.5266681">
<ele>2954.783</ele>
<time>2023-04-04T10:27:25Z</time>
<hdop>3.79</hdop>
</trkpt>
<trkpt lat="46.6880198" lon="8.5265817">
<ele>2955.051</ele>
<time>2023-04-04T10:27:38Z</time>
<hdop>3.79</hdop>
</trkpt>
<trkpt lat="46.6880449" lon="8.5264926">
<ele>2955.675</ele>
<time>2023-04-04T10:27:49Z</time>
<hdop>4.03</hdop>
</trkpt>
<trkpt lat="46.6881045" lon="8.5264526">
<ele>2959.358</ele>
<time>2023-04-04T10:28:13Z</time>
<hdop>3.79</hdop>
</trkpt>
<trkpt lat="46.6881658" lon="8.5264135">
<ele>2960.47</ele>
<time>2023-04-04T10:28:27Z</time>
<hdop>3.79</hdop>
</trkpt>
<trkpt lat="46.6882309" lon="8.526389">
<ele>2963.341</ele>
<time>2023-04-04T10:28:41Z</time>
<hdop>3.79</hdop>
</trkpt>
<trkpt lat="46.6882958" lon="8.5263598">
<ele>2963.845</ele>
<time>2023-04-04T10:28:53Z</time>
<hdop>3.79</hdop>
</trkpt>
<trkpt lat="46.6882432" lon="8.5264249">
<ele>2965.146</ele>
<time>2023-04-04T10:29:08Z</time>
<hdop>3.79</hdop>
</trkpt>
<trkpt lat="46.6883098" lon="8.5263926">
<ele>2964.907</ele>
<time>2023-04-04T10:29:17Z</time>
<hdop>3.79</hdop>
</trkpt>
<trkpt lat="46.6883791" lon="8.5263636">
<ele>2964.2</ele>
<time>2023-04-04T10:29:24Z</time>
<hdop>3.79</hdop>
</trkpt>
<trkpt lat="46.6884433" lon="8.526335">
<ele>2964.035</ele>
<time>2023-04-04T10:29:30Z</time>
<hdop>3.79</hdop>
</trkpt>
<trkpt lat="46.688515" lon="8.5263288">
<ele>2965.605</ele>
<time>2023-04-04T10:29:36Z</time>
<hdop>3.79</hdop>
</trkpt>
<trkpt lat="46.6885815" lon="8.5263488">
<ele>2968.42</ele>
<time>2023-04-04T10:29:42Z</time>
<hdop>3.79</hdop>
</trkpt>
<trkpt lat="46.6886432" lon="8.526378">
<ele>2969.334</ele>
<time>2023-04-04T10:29:50Z</time>
<hdop>3.79</hdop>
</trkpt>
<trkpt lat="46.6887093" lon="8.5263909">
<ele>2971.417</ele>
<time>2023-04-04T10:29:59Z</time>
<hdop>3.79</hdop>
</trkpt>
<trkpt lat="46.6887792" lon="8.526406">
<ele>2973.359</ele>
<time>2023-04-04T10:30:11Z</time>
<hdop>3.79</hdop>
</trkpt>
<trkpt lat="46.6888449" lon="8.5263985">
<ele>2974.081</ele>
<time>2023-04-04T10:30:22Z</time>
<hdop>3.79</hdop>
</trkpt>
<trkpt lat="46.6889099" lon="8.5264152">
<ele>2973.749</ele>
<time>2023-04-04T10:30:37Z</time>
<hdop>3.79</hdop>
</trkpt>
<trkpt lat="46.6889749" lon="8.526418">
<ele>2975.44</ele>
<time>2023-04-04T10:30:50Z</time>
<hdop>3.79</hdop>
</trkpt>
<trkpt lat="46.6890073" lon="8.5263329">
<ele>2976.183</ele>
<time>2023-04-04T10:31:20Z</time>
<hdop>3.79</hdop>
</trkpt>
<trkpt lat="46.6889836" lon="8.5262389">
<ele>2975.069</ele>
<time>2023-04-04T10:31:28Z</time>
<hdop>3.79</hdop>
</trkpt>
<trkpt lat="46.6889471" lon="8.5261515">
<ele>2974.878</ele>
<time>2023-04-04T10:31:38Z</time>
<hdop>3.79</hdop>
</trkpt>
<trkpt lat="46.68891" lon="8.5260741">
<ele>2976.678</ele>
<time>2023-04-04T10:31:57Z</time>
<hdop>3.79</hdop>
</trkpt>
<trkpt lat="46.6888891" lon="8.5259842">
<ele>2978.378</ele>
<time>2023-04-04T10:32:08Z</time>
<hdop>3.79</hdop>
</trkpt>
<trkpt lat="46.6888499" lon="8.5258982">
<ele>2979.025</ele>
<time>2023-04-04T10:32:18Z</time>
<hdop>3.79</hdop>
</trkpt>
<trkpt lat="46.6888208" lon="8.5258016">
<ele>2979.042</ele>
<time>2023-04-04T10:32:29Z</time>
<hdop>3.79</hdop>
</trkpt>
<trkpt lat="46.6888844" lon="8.5257667">
<ele>2981.624</ele>
<time>2023-04-04T10:32:41Z</time>
<hdop>3.79</hdop>
</trkpt>
<trkpt lat="46.6889582" lon="8.5257868">
<ele>2983.416</ele>
<time>2023-04-04T10:32:49Z</time>
<hdop>3.79</hdop>
</trkpt>
<trkpt lat="46.6890252" lon="8.5258278">
<ele>2987.173</ele>
<time>2023-04-04T10:33:02Z</time>
<hdop>3.79</hdop>
</trkpt>
<trkpt lat="46.6890785" lon="8.525888">
<ele>2990.719</ele>
<time>2023-04-04T10:33:15Z</time>
<hdop>3.79</hdop>
</trkpt>
<trkpt lat="46.6890779" lon="8.5257862">
<ele>2990.907</ele>
<time>2023-04-04T10:33:31Z</time>
<hdop>3.79</hdop>
</trkpt>
<trkpt lat="46.6890596" lon="8.5256856">
<ele>2990.452</ele>
<time>2023-04-04T10:33:41Z</time>
<hdop>3.79</hdop>
</trkpt>
<trkpt lat="46.6890255" lon="8.5256038">
<ele>2993.066</ele>
<time>2023-04-04T10:33:50Z</time>
<hdop>3.79</hdop>
</trkpt>
<trkpt lat="46.6890808" lon="8.5255494">
<ele>2992.393</ele>
<time>2023-04-04T10:34:02Z</time>
<hdop>3.79</hdop>
</trkpt>
<trkpt lat="46.689147" lon="8.5255575">
<ele>2994.169</ele>
<time>2023-04-04T10:34:11Z</time>
<hdop>3.79</hdop>
</trkpt>
<trkpt lat="46.6892158" lon="8.5255459">
<ele>2996.208</ele>
<time>2023-04-04T10:34:21Z</time>
<hdop>3.79</hdop>
</trkpt>
<trkpt lat="46.6892674" lon="8.5256036">
<ele>3000.681</ele>
<time>2023-04-04T10:34:33Z</time>
<hdop>3.79</hdop>
</trkpt>
<trkpt lat="46.6893322" lon="8.525596">
<ele>3003.252</ele>
<time>2023-04-04T10:34:45Z</time>
<hdop>3.79</hdop>
</trkpt>
<trkpt lat="46.6893915" lon="8.5255399">
<ele>3006.338</ele>
<time>2023-04-04T10:38:19Z</time>
<hdop>3.79</hdop>
</trkpt>
<trkpt lat="46.6894636" lon="8.5255149">
<ele>3008.024</ele>
<time>2023-04-04T10:38:26Z</time>
<hdop>3.79</hdop>
</trkpt>
<trkpt lat="46.6895311" lon="8.5254958">
<ele>3010.394</ele>
<time>2023-04-04T10:38:34Z</time>
<hdop>3.79</hdop>
</trkpt>
<trkpt lat="46.6896011" lon="8.5254849">
<ele>3011.506</ele>
<time>2023-04-04T10:38:44Z</time>
<hdop>3.79</hdop>
</trkpt>
<trkpt lat="46.6896654" lon="8.5254585">
<ele>3012.461</ele>
<time>2023-04-04T10:38:53Z</time>
<hdop>3.79</hdop>
</trkpt>
<trkpt lat="46.6897336" lon="8.5254452">
<ele>3013.24</ele>
<time>2023-04-04T10:39:03Z</time>
<hdop>3.79</hdop>
</trkpt>
<trkpt lat="46.6897993" lon="8.5254312">
<ele>3014.634</ele>
<time>2023-04-04T10:39:13Z</time>
<hdop>3.79</hdop>
</trkpt>
<trkpt lat="46.6898665" lon="8.525411">
<ele>3015.634</ele>
<time>2023-04-04T10:39:24Z</time>
<hdop>3.79</hdop>
</trkpt>
<trkpt lat="46.6899311" lon="8.5254019">
<ele>3017.636</ele>
<time>2023-04-04T10:39:34Z</time>
<hdop>3.99</hdop>
</trkpt>
<trkpt lat="46.6899944" lon="8.5253783">
<ele>3019.587</ele>
<time>2023-04-04T10:39:44Z</time>
<hdop>4.11</hdop>
</trkpt>
<trkpt lat="46.6900651" lon="8.5253627">
<ele>3020.44</ele>
<time>2023-04-04T10:39:54Z</time>
<hdop>3.79</hdop>
</trkpt>
<trkpt lat="46.6901369" lon="8.5253476">
<ele>3021.388</ele>
<time>2023-04-04T10:40:04Z</time>
<hdop>3.79</hdop>
</trkpt>
<trkpt lat="46.6902074" lon="8.525342">
<ele>3022.382</ele>
<time>2023-04-04T10:40:16Z</time>
<hdop>3.9</hdop>
</trkpt>
<trkpt lat="46.6902771" lon="8.5253283">
<ele>3024.084</ele>
<time>2023-04-04T10:40:27Z</time>
<hdop>3.8</hdop>
</trkpt>
<trkpt lat="46.6903507" lon="8.5253153">
<ele>3025.442</ele>
<time>2023-04-04T10:40:37Z</time>
<hdop>3.79</hdop>
</trkpt>
<trkpt lat="46.6904196" lon="8.5253106">
<ele>3027.922</ele>
<time>2023-04-04T10:40:45Z</time>
<hdop>3.79</hdop>
</trkpt>
<trkpt lat="46.6904905" lon="8.5252946">
<ele>3029.303</ele>
<time>2023-04-04T10:40:55Z</time>
<hdop>3.79</hdop>
</trkpt>
<trkpt lat="46.6905571" lon="8.5252778">
<ele>3030.136</ele>
<time>2023-04-04T10:41:05Z</time>
<hdop>3.79</hdop>
</trkpt>
<trkpt lat="46.6906238" lon="8.5252548">
<ele>3030.954</ele>
<time>2023-04-04T10:41:15Z</time>
<hdop>4.09</hdop>
</trkpt>
<trkpt lat="46.6906889" lon="8.5252359">
<ele>3032.258</ele>
<time>2023-04-04T10:41:24Z</time>
<hdop>4.08</hdop>
</trkpt>
<trkpt lat="46.6906329" lon="8.5251795">
<ele>3037.317</ele>
<time>2023-04-04T10:41:46Z</time>
<hdop>3.79</hdop>
</trkpt>
<trkpt lat="46.6905677" lon="8.5251445">
<ele>3039.998</ele>
<time>2023-04-04T10:41:56Z</time>
<hdop>3.79</hdop>
</trkpt>
<trkpt lat="46.6905079" lon="8.5251068">
<ele>3041.875</ele>
<time>2023-04-04T10:42:05Z</time>
<hdop>3.79</hdop>
</trkpt>
<trkpt lat="46.6904464" lon="8.5250667">
<ele>3044.28</ele>
<time>2023-04-04T10:42:15Z</time>
<hdop>3.79</hdop>
</trkpt>
<trkpt lat="46.6903859" lon="8.5250125">
<ele>3045.849</ele>
<time>2023-04-04T10:42:25Z</time>
<hdop>3.79</hdop>
</trkpt>
<trkpt lat="46.6903254" lon="8.524967">
<ele>3047.763</ele>
<time>2023-04-04T10:42:35Z</time>
<hdop>3.79</hdop>
</trkpt>
<trkpt lat="46.6902672" lon="8.5249229">
<ele>3048.814</ele>
<time>2023-04-04T10:42:46Z</time>
<hdop>3.79</hdop>
</trkpt>
<trkpt lat="46.6902051" lon="8.5248813">
<ele>3050.344</ele>
<time>2023-04-04T10:42:57Z</time>
<hdop>3.79</hdop>
</trkpt>
<trkpt lat="46.6901466" lon="8.524838">
<ele>3050.365</ele>
<time>2023-04-04T10:43:08Z</time>
<hdop>3.79</hdop>
</trkpt>
<trkpt lat="46.6900878" lon="8.5247926">
<ele>3050.972</ele>
<time>2023-04-04T10:43:17Z</time>
<hdop>3.79</hdop>
</trkpt>
<trkpt lat="46.690025" lon="8.5247465">
<ele>3050.827</ele>
<time>2023-04-04T10:43:26Z</time>
<hdop>3.79</hdop>
</trkpt>
<trkpt lat="46.6899618" lon="8.5246997">
<ele>3050.58</ele>
<time>2023-04-04T10:43:35Z</time>
<hdop>3.79</hdop>
</trkpt>
<trkpt lat="46.6899016" lon="8.5246532">
<ele>3052.368</ele>
<time>2023-04-04T10:43:44Z</time>
<hdop>3.79</hdop>
</trkpt>
<trkpt lat="46.6898442" lon="8.5246075">
<ele>3052.696</ele>
<time>2023-04-04T10:43:53Z</time>
<hdop>3.79</hdop>
</trkpt>
<trkpt lat="46.6897876" lon="8.5245481">
<ele>3051.473</ele>
<time>2023-04-04T10:44:02Z</time>
<hdop>3.79</hdop>
</trkpt>
<trkpt lat="46.68973" lon="8.5244959">
<ele>3050.324</ele>
<time>2023-04-04T10:44:11Z</time>
<hdop>3.79</hdop>
</trkpt>
<trkpt lat="46.689673" lon="8.5244477">
<ele>3051.105</ele>
<time>2023-04-04T10:44:19Z</time>
<hdop>3.79</hdop>
</trkpt>
<trkpt lat="46.6897108" lon="8.5243693">
<ele>3053.457</ele>
<time>2023-04-04T10:44:38Z</time>
<hdop>3.95</hdop>
</trkpt>
<trkpt lat="46.6897765" lon="8.5243608">
<ele>3055.656</ele>
<time>2023-04-04T10:44:46Z</time>
<hdop>4.11</hdop>
</trkpt>
<trkpt lat="46.6898462" lon="8.5243529">
<ele>3057.417</ele>
<time>2023-04-04T10:44:54Z</time>
<hdop>3.96</hdop>
</trkpt>
<trkpt lat="46.6899107" lon="8.5243426">
<ele>3059.09</ele>
<time>2023-04-04T10:45:02Z</time>
<hdop>4.27</hdop>
</trkpt>
<trkpt lat="46.6899785" lon="8.5243203">
<ele>3060.885</ele>
<time>2023-04-04T10:45:11Z</time>
<hdop>3.79</hdop>
</trkpt>
<trkpt lat="46.6900451" lon="8.5242977">
<ele>3061.982</ele>
<time>2023-04-04T10:45:22Z</time>
<hdop>3.79</hdop>
</trkpt>
<trkpt lat="46.6901155" lon="8.5242826">
<ele>3063.403</ele>
<time>2023-04-04T10:45:49Z</time>
<hdop>3.89</hdop>
</trkpt>
<trkpt lat="46.6901831" lon="8.5242599">
<ele>3064.882</ele>
<time>2023-04-04T10:45:56Z</time>
<hdop>3.99</hdop>
</trkpt>
<trkpt lat="46.6902482" lon="8.5242352">
<ele>3066.044</ele>
<time>2023-04-04T10:46:04Z</time>
<hdop>3.8</hdop>
</trkpt>
<trkpt lat="46.6903163" lon="8.5242134">
<ele>3067.798</ele>
<time>2023-04-04T10:46:13Z</time>
<hdop>3.79</hdop>
</trkpt>
<trkpt lat="46.6903819" lon="8.5241863">
<ele>3067.802</ele>
<time>2023-04-04T10:46:23Z</time>
<hdop>3.79</hdop>
</trkpt>
<trkpt lat="46.6904477" lon="8.5241599">
<ele>3070.674</ele>
<time>2023-04-04T10:46:33Z</time>
<hdop>3.79</hdop>
</trkpt>
<trkpt lat="46.6905112" lon="8.5241389">
<ele>3070.815</ele>
<time>2023-04-04T10:46:55Z</time>
<hdop>3.79</hdop>
</trkpt>
<trkpt lat="46.6904674" lon="8.5240667">
<ele>3075.582</ele>
<time>2023-04-04T10:47:17Z</time>
<hdop>3.79</hdop>
</trkpt>
<trkpt lat="46.6903992" lon="8.5240281">
<ele>3075.39</ele>
<time>2023-04-04T10:47:25Z</time>
<hdop>3.79</hdop>
</trkpt>
<trkpt lat="46.6903345" lon="8.5239899">
<ele>3076.271</ele>
<time>2023-04-04T10:47:34Z</time>
<hdop>3.79</hdop>
</trkpt>
<trkpt lat="46.6903781" lon="8.5239081">
<ele>3078.15</ele>
<time>2023-04-04T10:47:46Z</time>
<hdop>3.79</hdop>
</trkpt>
<trkpt lat="46.6904375" lon="8.5238687">
<ele>3078.981</ele>
<time>2023-04-04T10:47:53Z</time>
<hdop>3.99</hdop>
</trkpt>
<trkpt lat="46.6904991" lon="8.5238324">
<ele>3080.802</ele>
<time>2023-04-04T10:48:02Z</time>
<hdop>3.79</hdop>
</trkpt>
<trkpt lat="46.690565" lon="8.5237956">
<ele>3081.57</ele>
<time>2023-04-04T10:48:14Z</time>
<hdop>3.79</hdop>
</trkpt>
<trkpt lat="46.6906306" lon="8.5237624">
<ele>3083.292</ele>
<time>2023-04-04T10:48:24Z</time>
<hdop>3.79</hdop>
</trkpt>
<trkpt lat="46.6906965" lon="8.523767">
<ele>3086.058</ele>
<time>2023-04-04T10:48:33Z</time>
<hdop>3.79</hdop>
</trkpt>
<trkpt lat="46.6907619" lon="8.5237868">
<ele>3088.307</ele>
<time>2023-04-04T10:48:44Z</time>
<hdop>3.79</hdop>
</trkpt>
<trkpt lat="46.690827" lon="8.5238026">
<ele>3089.841</ele>
<time>2023-04-04T10:48:55Z</time>
<hdop>3.79</hdop>
</trkpt>
<trkpt lat="46.6908961" lon="8.5238078">
<ele>3090.093</ele>
<time>2023-04-04T10:49:05Z</time>
<hdop>3.79</hdop>
</trkpt>
<trkpt lat="46.6908337" lon="8.5237489">
<ele>3092.173</ele>
<time>2023-04-04T10:49:23Z</time>
<hdop>3.88</hdop>
</trkpt>
<trkpt lat="46.6907751" lon="8.5237006">
<ele>3093.802</ele>
<time>2023-04-04T10:49:31Z</time>
<hdop>3.79</hdop>
</trkpt>
<trkpt lat="46.6907188" lon="8.523643">
<ele>3097.914</ele>
<time>2023-04-04T10:49:42Z</time>
<hdop>3.79</hdop>
</trkpt>
<trkpt lat="46.6907856" lon="8.5236587">
<ele>3096.609</ele>
<time>2023-04-04T10:50:01Z</time>
<hdop>3.79</hdop>
</trkpt>
<trkpt lat="46.6908504" lon="8.5236751">
<ele>3101.037</ele>
<time>2023-04-04T10:50:09Z</time>
<hdop>3.79</hdop>
</trkpt>
<trkpt lat="46.6908158" lon="8.5235875">
<ele>3102.376</ele>
<time>2023-04-04T10:50:35Z</time>
<hdop>3.79</hdop>
</trkpt>
<trkpt lat="46.6908415" lon="8.5234997">
<ele>3109.704</ele>
<time>2023-04-04T10:53:01Z</time>
<hdop>3.79</hdop>
</trkpt>
<trkpt lat="46.6908795" lon="8.5234232">
<ele>3116.506</ele>
<time>2023-04-04T10:55:18Z</time>
<hdop>3.79</hdop>
</trkpt>
<trkpt lat="46.6908571" lon="8.5233317">
<ele>3121.268</ele>
<time>2023-04-04T10:57:44Z</time>
<hdop>3.79</hdop>
</trkpt>
<trkpt lat="46.6909234" lon="8.5233228">
<ele>3122.046</ele>
<time>2023-04-04T10:58:27Z</time>
<hdop>3.79</hdop>
</trkpt>
<trkpt lat="46.6909855" lon="8.5233766">
<ele>3125.729</ele>
<time>2023-04-04T10:58:38Z</time>
<hdop>3.79</hdop>
</trkpt>
<trkpt lat="46.6909724" lon="8.5232743">
<ele>3128.066</ele>
<time>2023-04-04T10:59:23Z</time>
<hdop>3.79</hdop>
</trkpt>
<trkpt lat="46.6909266" lon="8.5232052">
<ele>3132.194</ele>
<time>2023-04-04T10:59:30Z</time>
<hdop>3.79</hdop>
</trkpt>
<trkpt lat="46.6909892" lon="8.5231756">
<ele>3133.091</ele>
<time>2023-04-04T11:00:14Z</time>
<hdop>3.79</hdop>
</trkpt>
<trkpt lat="46.6910484" lon="8.5232224">
<ele>3136.276</ele>
<time>2023-04-04T11:00:25Z</time>
<hdop>3.79</hdop>
</trkpt>
<trkpt lat="46.6910983" lon="8.5232882">
<ele>3144.398</ele>
<time>2023-04-04T11:01:45Z</time>
<hdop>3.79</hdop>
</trkpt>
<trkpt lat="46.6910847" lon="8.5233858">
<ele>3146.11</ele>
<time>2023-04-04T11:03:08Z</time>
<hdop>3.79</hdop>
</trkpt>
<trkpt lat="46.6910948" lon="8.5234822">
<ele>3144.097</ele>
<time>2023-04-04T11:03:19Z</time>
<hdop>3.79</hdop>
</trkpt>
<trkpt lat="46.691125" lon="8.5235669">
<ele>3140.821</ele>
<time>2023-04-04T11:50:09Z</time>
<hdop>3.79</hdop>
</trkpt>
<trkpt lat="46.6911874" lon="8.523616">
<ele>3131.199</ele>
<time>2023-04-04T11:50:25Z</time>
<hdop>3.79</hdop>
</trkpt>
<trkpt lat="46.6912355" lon="8.5235491">
<ele>3126.174</ele>
<time>2023-04-04T11:50:32Z</time>
<hdop>3.79</hdop>
</trkpt>
<trkpt lat="46.691186" lon="8.5234801">
<ele>3124.867</ele>
<time>2023-04-04T11:50:57Z</time>
<hdop>3.79</hdop>
</trkpt>
<trkpt lat="46.6912037" lon="8.5233886">
<ele>3123.243</ele>
<time>2023-04-04T11:51:36Z</time>
<hdop>3.79</hdop>
</trkpt>
<trkpt lat="46.6912232" lon="8.5234787">
<ele>3127.661</ele>
<time>2023-04-04T11:52:12Z</time>
<hdop>3.79</hdop>
</trkpt>
<trkpt lat="46.6911919" lon="8.5235617">
<ele>3129.927</ele>
<time>2023-04-04T11:52:41Z</time>
<hdop>3.79</hdop>
</trkpt>
<trkpt lat="46.6911502" lon="8.5236434">
<ele>3132.727</ele>
<time>2023-04-04T11:57:40Z</time>
<hdop>3.79</hdop>
</trkpt>
<trkpt lat="46.6911222" lon="8.5235518">
<ele>3138.22</ele>
<time>2023-04-04T11:58:29Z</time>
<hdop>3.79</hdop>
</trkpt>
<trkpt lat="46.6910775" lon="8.52348">
<ele>3144.702</ele>
<time>2023-04-04T11:59:53Z</time>
<hdop>3.79</hdop>
</trkpt>
<trkpt lat="46.6911197" lon="8.5235544">
<ele>3140.812</ele>
<time>2023-04-04T12:12:17Z</time>
<hdop>3.79</hdop>
</trkpt>
<trkpt lat="46.691163" lon="8.5236315">
<ele>3133.989</ele>
<time>2023-04-04T12:13:34Z</time>
<hdop>3.79</hdop>
</trkpt>
<trkpt lat="46.6911556" lon="8.5235337">
<ele>3128.201</ele>
<time>2023-04-04T12:17:04Z</time>
<hdop>3.79</hdop>
</trkpt>
<trkpt lat="46.6911846" lon="8.5234439">
<ele>3125.025</ele>
<time>2023-04-04T12:22:21Z</time>
<hdop>3.79</hdop>
</trkpt>
<trkpt lat="46.6912458" lon="8.5233974">
<ele>3125.884</ele>
<time>2023-04-04T12:28:02Z</time>
<hdop>3.79</hdop>
</trkpt>
<trkpt lat="46.6913113" lon="8.5233997">
<ele>3115.147</ele>
<time>2023-04-04T12:29:20Z</time>
<hdop>3.79</hdop>
</trkpt>
<trkpt lat="46.6913464" lon="8.523314">
<ele>3113.937</ele>
<time>2023-04-04T12:30:49Z</time>
<hdop>9.94</hdop>
</trkpt>
<trkpt lat="46.6914186" lon="8.5233183">
<ele>3101.488</ele>
<time>2023-04-04T12:32:27Z</time>
<hdop>3.79</hdop>
</trkpt>
<trkpt lat="46.6914577" lon="8.5234329">
<ele>3093.718</ele>
<time>2023-04-04T12:32:32Z</time>
<hdop>3.79</hdop>
</trkpt>
<trkpt lat="46.6915253" lon="8.5233615">
<ele>3088.932</ele>
<time>2023-04-04T12:35:29Z</time>
<hdop>3.79</hdop>
</trkpt>
<trkpt lat="46.691713" lon="8.5233275">
<ele>3073.897</ele>
<time>2023-04-04T12:35:34Z</time>
<hdop>3.79</hdop>
</trkpt>
<trkpt lat="46.6918996" lon="8.523217">
<ele>3058.086</ele>
<time>2023-04-04T12:35:39Z</time>
<hdop>3.79</hdop>
</trkpt>
<trkpt lat="46.6919464" lon="8.5230832">
<ele>3053.107</ele>
<time>2023-04-04T12:35:44Z</time>
<hdop>3.79</hdop>
</trkpt>
<trkpt lat="46.6919847" lon="8.5231984">
<ele>3051.403</ele>
<time>2023-04-04T12:37:04Z</time>
<hdop>3.79</hdop>
</trkpt>
<trkpt lat="46.6922051" lon="8.5232899">
<ele>3034.499</ele>
<time>2023-04-04T12:37:09Z</time>
<hdop>3.79</hdop>
</trkpt>
<trkpt lat="46.6924525" lon="8.5234078">
<ele>3019.887</ele>
<time>2023-04-04T12:37:14Z</time>
<hdop>3.79</hdop>
</trkpt>
<trkpt lat="46.6926922" lon="8.5234816">
<ele>3004.078</ele>
<time>2023-04-04T12:37:19Z</time>
<hdop>3.79</hdop>
</trkpt>
<trkpt lat="46.6929102" lon="8.5236294">
<ele>2992.269</ele>
<time>2023-04-04T12:37:24Z</time>
<hdop>3.96</hdop>
</trkpt>
<trkpt lat="46.6931387" lon="8.5237538">
<ele>2974.89</ele>
<time>2023-04-04T12:37:29Z</time>
<hdop>3.79</hdop>
</trkpt>
<trkpt lat="46.6933661" lon="8.5238452">
<ele>2957.655</ele>
<time>2023-04-04T12:37:34Z</time>
<hdop>3.79</hdop>
</trkpt>
<trkpt lat="46.6935735" lon="8.5239985">
<ele>2942.889</ele>
<time>2023-04-04T12:37:39Z</time>
<hdop>3.79</hdop>
</trkpt>
<trkpt lat="46.6936081" lon="8.5241262">
<ele>2939.633</ele>
<time>2023-04-04T12:37:44Z</time>
<hdop>3.79</hdop>
</trkpt>
<trkpt lat="46.6936211" lon="8.5240161">
<ele>2934.693</ele>
<time>2023-04-04T12:44:55Z</time>
<hdop>3.79</hdop>
</trkpt>
<trkpt lat="46.6937705" lon="8.5237232">
<ele>2925.014</ele>
<time>2023-04-04T12:45:00Z</time>
<hdop>3.79</hdop>
</trkpt>
<trkpt lat="46.6940881" lon="8.5236071">
<ele>2911.802</ele>
<time>2023-04-04T12:45:05Z</time>
<hdop>3.79</hdop>
</trkpt>
<trkpt lat="46.6943858" lon="8.5235239">
<ele>2893.801</ele>
<time>2023-04-04T12:45:10Z</time>
<hdop>4.04</hdop>
</trkpt>
<trkpt lat="46.6947223" lon="8.523461">
<ele>2870.09</ele>
<time>2023-04-04T12:45:15Z</time>
<hdop>4.17</hdop>
</trkpt>
<trkpt lat="46.695067" lon="8.5234043">
<ele>2841.973</ele>
<time>2023-04-04T12:45:20Z</time>
<hdop>5.52</hdop>
</trkpt>
<trkpt lat="46.6954893" lon="8.5229411">
<ele>2824.552</ele>
<time>2023-04-04T12:45:25Z</time>
<hdop>4.25</hdop>
</trkpt>
<trkpt lat="46.6959019" lon="8.5226268">
<ele>2822.194</ele>
<time>2023-04-04T12:45:30Z</time>
<hdop>3.79</hdop>
</trkpt>
<trkpt lat="46.6958564" lon="8.5227073">
<ele>2814.388</ele>
<time>2023-04-04T12:49:50Z</time>
<hdop>4.13</hdop>
</trkpt>
<trkpt lat="46.6957368" lon="8.5228847">
<ele>2811.217</ele>
<time>2023-04-04T12:49:55Z</time>
<hdop>3.79</hdop>
</trkpt>
<trkpt lat="46.6958496" lon="8.5231224">
<ele>2798.809</ele>
<time>2023-04-04T12:50:00Z</time>
<hdop>3.8</hdop>
</trkpt>
<trkpt lat="46.6960271" lon="8.5232779">
<ele>2779.996</ele>
<time>2023-04-04T12:50:05Z</time>
<hdop>3.79</hdop>
</trkpt>
<trkpt lat="46.6962483" lon="8.5233461">
<ele>2763.807</ele>
<time>2023-04-04T12:50:10Z</time>
<hdop>3.79</hdop>
</trkpt>
<trkpt lat="46.6964941" lon="8.5234107">
<ele>2745.676</ele>
<time>2023-04-04T12:50:15Z</time>
<hdop>4.13</hdop>
</trkpt>
<trkpt lat="46.6967403" lon="8.5234405">
<ele>2729.141</ele>
<time>2023-04-04T12:50:20Z</time>
<hdop>3.79</hdop>
</trkpt>
<trkpt lat="46.696991" lon="8.523657">
<ele>2701.025</ele>
<time>2023-04-04T12:50:25Z</time>
<hdop>3.79</hdop>
</trkpt>
<trkpt lat="46.6974238" lon="8.524134">
<ele>2685.281</ele>
<time>2023-04-04T12:50:30Z</time>
<hdop>4.23</hdop>
</trkpt>
<trkpt lat="46.6974915" lon="8.5241483">
<ele>2676.712</ele>
<time>2023-04-04T12:50:52Z</time>
<hdop>4.16</hdop>
</trkpt>
<trkpt lat="46.6975242" lon="8.524037">
<ele>2672.185</ele>
<time>2023-04-04T12:55:10Z</time>
<hdop>3.79</hdop>
</trkpt>
<trkpt lat="46.6975818" lon="8.5239759">
<ele>2672.449</ele>
<time>2023-04-04T12:55:21Z</time>
<hdop>4.52</hdop>
</trkpt>
<trkpt lat="46.6976466" lon="8.5239814">
<ele>2673.464</ele>
<time>2023-04-04T12:55:26Z</time>
<hdop>3.79</hdop>
</trkpt>
<trkpt lat="46.6976038" lon="8.5238826">
<ele>2671.706</ele>
<time>2023-04-04T12:56:10Z</time>
<hdop>3.79</hdop>
</trkpt>
<trkpt lat="46.6974864" lon="8.5233515">
<ele>2665.461</ele>
<time>2023-04-04T12:56:15Z</time>
<hdop>5.07</hdop>
</trkpt>
<trkpt lat="46.6974921" lon="8.5227211">
<ele>2647.937</ele>
<time>2023-04-04T12:56:20Z</time>
<hdop>4.94</hdop>
</trkpt>
<trkpt lat="46.6977709" lon="8.5223382">
<ele>2605.222</ele>
<time>2023-04-04T12:56:25Z</time>
<hdop>5.63</hdop>
</trkpt>
<trkpt lat="46.698" lon="8.5214635">
<ele>2583.503</ele>
<time>2023-04-04T12:56:30Z</time>
<hdop>6.64</hdop>
</trkpt>
<trkpt lat="46.6979872" lon="8.5208988">
<ele>2585.695</ele>
<time>2023-04-04T12:56:35Z</time>
<hdop>4.97</hdop>
</trkpt>
<trkpt lat="46.6980501" lon="8.5208759">
<ele>2587.838</ele>
<time>2023-04-04T12:57:09Z</time>
<hdop>3.99</hdop>
</trkpt>
<trkpt lat="46.6980194" lon="8.5209684">
<ele>2586.795</ele>
<time>2023-04-04T13:01:54Z</time>
<hdop>3.79</hdop>
</trkpt>
<trkpt lat="46.6980824" lon="8.5212649">
<ele>2583.584</ele>
<time>2023-04-04T13:01:59Z</time>
<hdop>3.79</hdop>
</trkpt>
<trkpt lat="46.6983144" lon="8.5215398">
<ele>2566.641</ele>
<time>2023-04-04T13:02:04Z</time>
<hdop>3.79</hdop>
</trkpt>
<trkpt lat="46.6987001" lon="8.5214637">
<ele>2551.9</ele>
<time>2023-04-04T13:02:09Z</time>
<hdop>4.29</hdop>
</trkpt>
<trkpt lat="46.699144" lon="8.5215232">
<ele>2521.949</ele>
<time>2023-04-04T13:02:14Z</time>
<hdop>6.16</hdop>
</trkpt>
<trkpt lat="46.6995859" lon="8.5216847">
<ele>2494.609</ele>
<time>2023-04-04T13:02:19Z</time>
<hdop>7.88</hdop>
</trkpt>
<trkpt lat="46.7001449" lon="8.5216656">
<ele>2487.168</ele>
<time>2023-04-04T13:02:24Z</time>
<hdop>6.56</hdop>
</trkpt>
<trkpt lat="46.7005951" lon="8.5217966">
<ele>2447.554</ele>
<time>2023-04-04T13:02:29Z</time>
<hdop>4.82</hdop>
</trkpt>
<trkpt lat="46.7009584" lon="8.5215288">
<ele>2432.413</ele>
<time>2023-04-04T13:02:34Z</time>
<hdop>5.1</hdop>
</trkpt>
<trkpt lat="46.7010241" lon="8.5215652">
<ele>2428.56</ele>
<time>2023-04-04T13:02:43Z</time>
<hdop>3.94</hdop>
</trkpt>
<trkpt lat="46.7010767" lon="8.5214886">
<ele>2432.201</ele>
<time>2023-04-04T13:02:53Z</time>
<hdop>3.79</hdop>
</trkpt>
<trkpt lat="46.7012085" lon="8.5211655">
<ele>2426.533</ele>
<time>2023-04-04T13:02:58Z</time>
<hdop>3.79</hdop>
</trkpt>
<trkpt lat="46.7013915" lon="8.5207832">
<ele>2423.298</ele>
<time>2023-04-04T13:03:03Z</time>
<hdop>3.79</hdop>
</trkpt>
<trkpt lat="46.7016248" lon="8.5205753">
<ele>2416.344</ele>
<time>2023-04-04T13:03:08Z</time>
<hdop>3.79</hdop>
</trkpt>
<trkpt lat="46.7019988" lon="8.5203119">
<ele>2402.774</ele>
<time>2023-04-04T13:03:13Z</time>
<hdop>3.79</hdop>
</trkpt>
<trkpt lat="46.7023993" lon="8.5199882">
<ele>2397.404</ele>
<time>2023-04-04T13:03:18Z</time>
<hdop>3.79</hdop>
</trkpt>
<trkpt lat="46.7025833" lon="8.5198694">
<ele>2398.601</ele>
<time>2023-04-04T13:03:23Z</time>
<hdop>3.79</hdop>
</trkpt>
<trkpt lat="46.7025595" lon="8.5197811">
<ele>2390.232</ele>
<time>2023-04-04T13:09:24Z</time>
<hdop>4.17</hdop>
</trkpt>
<trkpt lat="46.7025375" lon="8.5196767">
<ele>2393.259</ele>
<time>2023-04-04T13:13:01Z</time>
<hdop>4.04</hdop>
</trkpt>
<trkpt lat="46.7024795" lon="8.5196303">
<ele>2393.486</ele>
<time>2023-04-04T13:13:26Z</time>
<hdop>3.87</hdop>
</trkpt>
<trkpt lat="46.7024386" lon="8.5195558">
<ele>2395.14</ele>
<time>2023-04-04T13:14:09Z</time>
<hdop>3.86</hdop>
</trkpt>
<trkpt lat="46.702454" lon="8.5194613">
<ele>2397.493</ele>
<time>2023-04-04T13:14:22Z</time>
<hdop>3.79</hdop>
</trkpt>
<trkpt lat="46.7025047" lon="8.5193954">
<ele>2397.701</ele>
<time>2023-04-04T13:14:32Z</time>
<hdop>3.79</hdop>
</trkpt>
<trkpt lat="46.7025565" lon="8.5193284">
<ele>2400.103</ele>
<time>2023-04-04T13:14:42Z</time>
<hdop>3.79</hdop>
</trkpt>
<trkpt lat="46.7026009" lon="8.5192527">
<ele>2400.597</ele>
<time>2023-04-04T13:14:54Z</time>
<hdop>4.02</hdop>
</trkpt>
<trkpt lat="46.702645" lon="8.5191754">
<ele>2401.677</ele>
<time>2023-04-04T13:15:06Z</time>
<hdop>3.79</hdop>
</trkpt>
<trkpt lat="46.7026823" lon="8.5190942">
<ele>2401.933</ele>
<time>2023-04-04T13:15:18Z</time>
<hdop>3.79</hdop>
</trkpt>
<trkpt lat="46.7027117" lon="8.5190017">
<ele>2400.954</ele>
<time>2023-04-04T13:15:28Z</time>
<hdop>3.79</hdop>
</trkpt>
<trkpt lat="46.7027449" lon="8.5189139">
<ele>2401.978</ele>
<time>2023-04-04T13:15:39Z</time>
<hdop>3.79</hdop>
</trkpt>
<trkpt lat="46.702782" lon="8.518833">
<ele>2405.896</ele>
<time>2023-04-04T13:15:49Z</time>
<hdop>3.79</hdop>
</trkpt>
<trkpt lat="46.702832" lon="8.5187615">
<ele>2409.046</ele>
<time>2023-04-04T13:16:01Z</time>
<hdop>3.79</hdop>
</trkpt>
<trkpt lat="46.7028738" lon="8.518686">
<ele>2409.697</ele>
<time>2023-04-04T13:16:10Z</time>
<hdop>3.79</hdop>
</trkpt>
<trkpt lat="46.702832" lon="8.5186112">
<ele>2410.88</ele>
<time>2023-04-04T13:16:27Z</time>
<hdop>3.79</hdop>
</trkpt>
<trkpt lat="46.7027664" lon="8.5186197">
<ele>2412.204</ele>
<time>2023-04-04T13:16:35Z</time>
<hdop>3.79</hdop>
</trkpt>
<trkpt lat="46.7026989" lon="8.5186257">
<ele>2414.133</ele>
<time>2023-04-04T13:16:44Z</time>
<hdop>3.79</hdop>
</trkpt>
<trkpt lat="46.7026318" lon="8.5186302">
<ele>2416.297</ele>
<time>2023-04-04T13:16:54Z</time>
<hdop>3.79</hdop>
</trkpt>
<trkpt lat="46.7025639" lon="8.5186411">
<ele>2417.881</ele>
<time>2023-04-04T13:17:05Z</time>
<hdop>3.79</hdop>
</trkpt>
<trkpt lat="46.7024993" lon="8.5186656">
<ele>2420.182</ele>
<time>2023-04-04T13:17:16Z</time>
<hdop>9.94</hdop>
</trkpt>
<trkpt lat="46.7024357" lon="8.5186855">
<ele>2422.608</ele>
<time>2023-04-04T13:17:26Z</time>
<hdop>9.94</hdop>
</trkpt>
<trkpt lat="46.7023678" lon="8.5186933">
<ele>2423.185</ele>
<time>2023-04-04T13:17:37Z</time>
<hdop>10.21</hdop>
</trkpt>
<trkpt lat="46.7023103" lon="8.5186473">
<ele>2423.617</ele>
<time>2023-04-04T13:17:47Z</time>
<hdop>9.94</hdop>
</trkpt>
<trkpt lat="46.7023163" lon="8.5185446">
<ele>2424.547</ele>
<time>2023-04-04T13:18:44Z</time>
<hdop>3.79</hdop>
</trkpt>
<trkpt lat="46.7023451" lon="8.5184586">
<ele>2425.828</ele>
<time>2023-04-04T13:18:51Z</time>
<hdop>3.79</hdop>
</trkpt>
<trkpt lat="46.7023833" lon="8.5183728">
<ele>2427.463</ele>
<time>2023-04-04T13:19:00Z</time>
<hdop>3.79</hdop>
</trkpt>
<trkpt lat="46.702423" lon="8.5182887">
<ele>2429.049</ele>
<time>2023-04-04T13:19:10Z</time>
<hdop>3.79</hdop>
</trkpt>
<trkpt lat="46.7024571" lon="8.5181974">
<ele>2430.662</ele>
<time>2023-04-04T13:19:21Z</time>
<hdop>3.79</hdop>
</trkpt>
<trkpt lat="46.7024862" lon="8.5181122">
<ele>2431.122</ele>
<time>2023-04-04T13:19:30Z</time>
<hdop>3.79</hdop>
</trkpt>
<trkpt lat="46.7025221" lon="8.5180254">
<ele>2431.873</ele>
<time>2023-04-04T13:19:39Z</time>
<hdop>3.79</hdop>
</trkpt>
<trkpt lat="46.7025622" lon="8.5179429">
<ele>2431.92</ele>
<time>2023-04-04T13:19:49Z</time>
<hdop>3.79</hdop>
</trkpt>
<trkpt lat="46.7026183" lon="8.5178743">
<ele>2432.306</ele>
<time>2023-04-04T13:19:59Z</time>
<hdop>3.79</hdop>
</trkpt>
<trkpt lat="46.7026815" lon="8.5178438">
<ele>2434.455</ele>
<time>2023-04-04T13:20:09Z</time>
<hdop>3.79</hdop>
</trkpt>
<trkpt lat="46.702752" lon="8.5178356">
<ele>2437.687</ele>
<time>2023-04-04T13:20:21Z</time>
<hdop>3.79</hdop>
</trkpt>
<trkpt lat="46.7027028" lon="8.5177721">
<ele>2438.387</ele>
<time>2023-04-04T13:20:33Z</time>
<hdop>3.79</hdop>
</trkpt>
<trkpt lat="46.7026466" lon="8.5177191">
<ele>2439.28</ele>
<time>2023-04-04T13:20:42Z</time>
<hdop>3.79</hdop>
</trkpt>
<trkpt lat="46.7025771" lon="8.5176971">
<ele>2440.577</ele>
<time>2023-04-04T13:20:51Z</time>
<hdop>3.79</hdop>
</trkpt>
<trkpt lat="46.7025761" lon="8.5176027">
<ele>2441.15</ele>
<time>2023-04-04T13:21:06Z</time>
<hdop>3.79</hdop>
</trkpt>
<trkpt lat="46.7026368" lon="8.5175456">
<ele>2442.415</ele>
<time>2023-04-04T13:21:14Z</time>
<hdop>3.79</hdop>
</trkpt>
<trkpt lat="46.7027057" lon="8.5175247">
<ele>2446.067</ele>
<time>2023-04-04T13:21:22Z</time>
<hdop>3.79</hdop>
</trkpt>
<trkpt lat="46.7027703" lon="8.5175471">
<ele>2448.485</ele>
<time>2023-04-04T13:21:32Z</time>
<hdop>3.79</hdop>
</trkpt>
<trkpt lat="46.7027232" lon="8.5174687">
<ele>2449.062</ele>
<time>2023-04-04T13:21:42Z</time>
<hdop>3.79</hdop>
</trkpt>
<trkpt lat="46.7026813" lon="8.5173964">
<ele>2449.875</ele>
<time>2023-04-04T13:21:53Z</time>
<hdop>3.79</hdop>
</trkpt>
<trkpt lat="46.7026251" lon="8.5173364">
<ele>2452.163</ele>
<time>2023-04-04T13:22:03Z</time>
<hdop>3.79</hdop>
</trkpt>
<trkpt lat="46.7026713" lon="8.5172622">
<ele>2455.591</ele>
<time>2023-04-04T13:22:35Z</time>
<hdop>3.79</hdop>
</trkpt>
<trkpt lat="46.7027365" lon="8.5172704">
<ele>2459.004</ele>
<time>2023-04-04T13:22:45Z</time>
<hdop>3.79</hdop>
</trkpt>
<trkpt lat="46.7026923" lon="8.5171891">
<ele>2458.955</ele>
<time>2023-04-04T13:23:00Z</time>
<hdop>3.79</hdop>
</trkpt>
<trkpt lat="46.7026367" lon="8.5171314">
<ele>2460.861</ele>
<time>2023-04-04T13:23:09Z</time>
<hdop>3.79</hdop>
</trkpt>
<trkpt lat="46.7025729" lon="8.5171087">
<ele>2460.97</ele>
<time>2023-04-04T13:23:17Z</time>
<hdop>3.79</hdop>
</trkpt>
<trkpt lat="46.7026273" lon="8.5170573">
<ele>2461.813</ele>
<time>2023-04-04T13:23:27Z</time>
<hdop>3.79</hdop>
</trkpt>
<trkpt lat="46.7026956" lon="8.5170473">
<ele>2465.341</ele>
<time>2023-04-04T13:23:36Z</time>
<hdop>3.79</hdop>
</trkpt>
<trkpt lat="46.7026787" lon="8.5169499">
<ele>2468.085</ele>
<time>2023-04-04T13:23:59Z</time>
<hdop>3.79</hdop>
</trkpt>
<trkpt lat="46.7026278" lon="8.5168759">
<ele>2469.884</ele>
<time>2023-04-04T13:24:09Z</time>
<hdop>3.79</hdop>
</trkpt>
<trkpt lat="46.7025717" lon="8.5168241">
<ele>2472.01</ele>
<time>2023-04-04T13:24:18Z</time>
<hdop>3.79</hdop>
</trkpt>
<trkpt lat="46.7025881" lon="8.5167297">
<ele>2478.619</ele>
<time>2023-04-04T13:24:39Z</time>
<hdop>3.79</hdop>
</trkpt>
<trkpt lat="46.702537" lon="8.5166717">
<ele>2479.515</ele>
<time>2023-04-04T13:24:48Z</time>
<hdop>3.79</hdop>
</trkpt>
<trkpt lat="46.7025249" lon="8.5165769">
<ele>2479.935</ele>
<time>2023-04-04T13:25:02Z</time>
<hdop>3.79</hdop>
</trkpt>
<trkpt lat="46.7024867" lon="8.5164997">
<ele>2479.257</ele>
<time>2023-04-04T13:25:18Z</time>
<hdop>3.79</hdop>
</trkpt>
<trkpt lat="46.7025271" lon="8.5164185">
<ele>2480.413</ele>
<time>2023-04-04T13:25:28Z</time>
<hdop>3.79</hdop>
</trkpt>
<trkpt lat="46.7024705" lon="8.5163598">
<ele>2482.926</ele>
<time>2023-04-04T13:25:39Z</time>
<hdop>3.79</hdop>
</trkpt>
<trkpt lat="46.70243" lon="8.5162803">
<ele>2485.482</ele>
<time>2023-04-04T13:25:53Z</time>
<hdop>3.79</hdop>
</trkpt>
<trkpt lat="46.7024192" lon="8.5161827">
<ele>2486.587</ele>
<time>2023-04-04T13:26:03Z</time>
<hdop>3.79</hdop>
</trkpt>
<trkpt lat="46.7023827" lon="8.5160887">
<ele>2486.929</ele>
<time>2023-04-04T13:26:11Z</time>
<hdop>3.79</hdop>
</trkpt>
<trkpt lat="46.7023564" lon="8.5159962">
<ele>2488.575</ele>
<time>2023-04-04T13:26:21Z</time>
<hdop>3.79</hdop>
</trkpt>
<trkpt lat="46.7023379" lon="8.5159007">
<ele>2491.94</ele>
<time>2023-04-04T13:26:33Z</time>
<hdop>3.79</hdop>
</trkpt>
<trkpt lat="46.7023218" lon="8.5158052">
<ele>2493.291</ele>
<time>2023-04-04T13:26:44Z</time>
<hdop>3.99</hdop>
</trkpt>
<trkpt lat="46.7023015" lon="8.515715">
<ele>2495.496</ele>
<time>2023-04-04T13:26:55Z</time>
<hdop>4.05</hdop>
</trkpt>
<trkpt lat="46.7022834" lon="8.5156211">
<ele>2497.816</ele>
<time>2023-04-04T13:27:07Z</time>
<hdop>3.91</hdop>
</trkpt>
<trkpt lat="46.7022713" lon="8.5155255">
<ele>2498.277</ele>
<time>2023-04-04T13:27:16Z</time>
<hdop>3.79</hdop>
</trkpt>
<trkpt lat="46.7022581" lon="8.5154328">
<ele>2499.405</ele>
<time>2023-04-04T13:27:26Z</time>
<hdop>3.79</hdop>
</trkpt>
<trkpt lat="46.7022628" lon="8.5153348">
<ele>2501.815</ele>
<time>2023-04-04T13:27:37Z</time>
<hdop>3.79</hdop>
</trkpt>
<trkpt lat="46.7023254" lon="8.515281">
<ele>2503.439</ele>
<time>2023-04-04T13:27:46Z</time>
<hdop>3.79</hdop>
</trkpt>
<trkpt lat="46.7023844" lon="8.5152376">
<ele>2504.985</ele>
<time>2023-04-04T13:27:56Z</time>
<hdop>3.79</hdop>
</trkpt>
<trkpt lat="46.7024436" lon="8.5151969">
<ele>2507.277</ele>
<time>2023-04-04T13:28:06Z</time>
<hdop>3.79</hdop>
</trkpt>
<trkpt lat="46.7025055" lon="8.5151619">
<ele>2509.278</ele>
<time>2023-04-04T13:28:16Z</time>
<hdop>3.79</hdop>
</trkpt>
<trkpt lat="46.7025641" lon="8.5151207">
<ele>2510.573</ele>
<time>2023-04-04T13:28:27Z</time>
<hdop>3.79</hdop>
</trkpt>
<trkpt lat="46.7026228" lon="8.5150678">
<ele>2509.797</ele>
<time>2023-04-04T13:28:38Z</time>
<hdop>3.79</hdop>
</trkpt>
<trkpt lat="46.7026859" lon="8.5150377">
<ele>2510.728</ele>
<time>2023-04-04T13:28:48Z</time>
<hdop>3.79</hdop>
</trkpt>
<trkpt lat="46.7027439" lon="8.5149909">
<ele>2513.953</ele>
<time>2023-04-04T13:28:57Z</time>
<hdop>3.79</hdop>
</trkpt>
<trkpt lat="46.7027888" lon="8.5149114">
<ele>2516.387</ele>
<time>2023-04-04T13:29:08Z</time>
<hdop>3.79</hdop>
</trkpt>
<trkpt lat="46.7028174" lon="8.5148237">
<ele>2517.004</ele>
<time>2023-04-04T13:29:17Z</time>
<hdop>3.79</hdop>
</trkpt>
<trkpt lat="46.7028253" lon="8.5147177">
<ele>2520.165</ele>
<time>2023-04-04T13:30:25Z</time>
<hdop>3.79</hdop>
</trkpt>
<trkpt lat="46.7028319" lon="8.514618">
<ele>2520.852</ele>
<time>2023-04-04T13:30:43Z</time>
<hdop>4.65</hdop>
</trkpt>
<trkpt lat="46.7028291" lon="8.5145177">
<ele>2521.915</ele>
<time>2023-04-04T13:30:59Z</time>
<hdop>3.91</hdop>
</trkpt>
<trkpt lat="46.7028183" lon="8.5144206">
<ele>2521.701</ele>
<time>2023-04-04T13:31:09Z</time>
<hdop>3.79</hdop>
</trkpt>
<trkpt lat="46.7027961" lon="8.514323">
<ele>2523.456</ele>
<time>2023-04-04T13:31:31Z</time>
<hdop>3.79</hdop>
</trkpt>
<trkpt lat="46.7027892" lon="8.5142212">
<ele>2525.773</ele>
<time>2023-04-04T13:31:42Z</time>
<hdop>3.79</hdop>
</trkpt>
<trkpt lat="46.7027822" lon="8.5141201">
<ele>2526.702</ele>
<time>2023-04-04T13:31:53Z</time>
<hdop>3.97</hdop>
</trkpt>
<trkpt lat="46.7027829" lon="8.5140175">
<ele>2527.666</ele>
<time>2023-04-04T13:32:17Z</time>
<hdop>3.79</hdop>
</trkpt>
<trkpt lat="46.7027733" lon="8.5139154">
<ele>2528.581</ele>
<time>2023-04-04T13:32:26Z</time>
<hdop>3.79</hdop>
</trkpt>
<trkpt lat="46.7027726" lon="8.5138137">
<ele>2528.894</ele>
<time>2023-04-04T13:32:37Z</time>
<hdop>3.79</hdop>
</trkpt>
<trkpt lat="46.7027832" lon="8.513719">
<ele>2531.241</ele>
<time>2023-04-04T13:32:48Z</time>
<hdop>3.9</hdop>
</trkpt>
<trkpt lat="46.7028142" lon="8.513628">
<ele>2533.27</ele>
<time>2023-04-04T13:32:58Z</time>
<hdop>3.79</hdop>
</trkpt>
<trkpt lat="46.7028343" lon="8.5135273">
<ele>2534.56</ele>
<time>2023-04-04T13:33:28Z</time>
<hdop>3.79</hdop>
</trkpt>
<trkpt lat="46.7028788" lon="8.5134541">
<ele>2534.619</ele>
<time>2023-04-04T13:33:37Z</time>
<hdop>3.79</hdop>
</trkpt>
<trkpt lat="46.7029192" lon="8.5133732">
<ele>2535.005</ele>
<time>2023-04-04T13:33:47Z</time>
<hdop>3.79</hdop>
</trkpt>
<trkpt lat="46.7029423" lon="8.5132815">
<ele>2534.936</ele>
<time>2023-04-04T13:33:56Z</time>
<hdop>3.79</hdop>
</trkpt>
<trkpt lat="46.7029759" lon="8.5132006">
<ele>2536.496</ele>
<time>2023-04-04T13:34:05Z</time>
<hdop>3.79</hdop>
</trkpt>
<trkpt lat="46.7030052" lon="8.5131048">
<ele>2538.137</ele>
<time>2023-04-04T13:34:14Z</time>
<hdop>3.79</hdop>
</trkpt>
<trkpt lat="46.7030438" lon="8.5130244">
<ele>2538.252</ele>
<time>2023-04-04T13:34:23Z</time>
<hdop>3.79</hdop>
</trkpt>
<trkpt lat="46.7031104" lon="8.5129951">
<ele>2539.849</ele>
<time>2023-04-04T13:34:34Z</time>
<hdop>3.79</hdop>
</trkpt>
<trkpt lat="46.7031747" lon="8.5130121">
<ele>2541.896</ele>
<time>2023-04-04T13:34:56Z</time>
<hdop>3.79</hdop>
</trkpt>
<trkpt lat="46.7032405" lon="8.5130214">
<ele>2542.908</ele>
<time>2023-04-04T13:35:06Z</time>
<hdop>3.79</hdop>
</trkpt>
<trkpt lat="46.703296" lon="8.512967">
<ele>2544.726</ele>
<time>2023-04-04T13:35:18Z</time>
<hdop>3.79</hdop>
</trkpt>
<trkpt lat="46.7033442" lon="8.5128986">
<ele>2546.562</ele>
<time>2023-04-04T13:35:31Z</time>
<hdop>3.79</hdop>
</trkpt>
<trkpt lat="46.703409" lon="8.5128711">
<ele>2547.253</ele>
<time>2023-04-04T13:35:45Z</time>
<hdop>3.79</hdop>
</trkpt>
<trkpt lat="46.7034692" lon="8.5128216">
<ele>2548.13</ele>
<time>2023-04-04T13:35:58Z</time>
<hdop>3.79</hdop>
</trkpt>
<trkpt lat="46.703527" lon="8.5127678">
<ele>2551.007</ele>
<time>2023-04-04T13:36:09Z</time>
<hdop>3.79</hdop>
</trkpt>
<trkpt lat="46.7035955" lon="8.5127455">
<ele>2552.606</ele>
<time>2023-04-04T13:36:21Z</time>
<hdop>3.79</hdop>
</trkpt>
<trkpt lat="46.7035398" lon="8.5126895">
<ele>2555.913</ele>
<time>2023-04-04T13:41:24Z</time>
<hdop>3.79</hdop>
</trkpt>
<trkpt lat="46.7034766" lon="8.5126544">
<ele>2557.857</ele>
<time>2023-04-04T13:41:35Z</time>
<hdop>3.79</hdop>
</trkpt>
<trkpt lat="46.7034104" lon="8.5126301">
<ele>2560.523</ele>
<time>2023-04-04T13:41:49Z</time>
<hdop>3.79</hdop>
</trkpt>
<trkpt lat="46.7033445" lon="8.5126">
<ele>2562.535</ele>
<time>2023-04-04T13:42:09Z</time>
<hdop>3.79</hdop>
</trkpt>
<trkpt lat="46.7032878" lon="8.5125391">
<ele>2563.573</ele>
<time>2023-04-04T13:42:20Z</time>
<hdop>3.79</hdop>
</trkpt>
<trkpt lat="46.7033416" lon="8.5124843">
<ele>2566.076</ele>
<time>2023-04-04T13:42:37Z</time>
<hdop>3.79</hdop>
</trkpt>
<trkpt lat="46.7034054" lon="8.5124532">
<ele>2567.966</ele>
<time>2023-04-04T13:42:48Z</time>
<hdop>3.79</hdop>
</trkpt>
<trkpt lat="46.7034641" lon="8.5124036">
<ele>2568.739</ele>
<time>2023-04-04T13:42:59Z</time>
<hdop>3.79</hdop>
</trkpt>
<trkpt lat="46.7035278" lon="8.5123742">
<ele>2570.971</ele>
<time>2023-04-04T13:43:11Z</time>
<hdop>3.79</hdop>
</trkpt>
<trkpt lat="46.7035967" lon="8.5123559">
<ele>2573.459</ele>
<time>2023-04-04T13:43:23Z</time>
<hdop>3.79</hdop>
</trkpt>
<trkpt lat="46.703665" lon="8.5123426">
<ele>2574.125</ele>
<time>2023-04-04T13:43:33Z</time>
<hdop>3.79</hdop>
</trkpt>
<trkpt lat="46.7036162" lon="8.5122789">
<ele>2574.792</ele>
<time>2023-04-04T13:44:00Z</time>
<hdop>3.79</hdop>
</trkpt>
<trkpt lat="46.7035557" lon="8.5122239">
<ele>2575.972</ele>
<time>2023-04-04T13:44:11Z</time>
<hdop>3.79</hdop>
</trkpt>
<trkpt lat="46.703496" lon="8.5121816">
<ele>2577.216</ele>
<time>2023-04-04T13:44:21Z</time>
<hdop>3.79</hdop>
</trkpt>
<trkpt lat="46.703429" lon="8.512155">
<ele>2578.821</ele>
<time>2023-04-04T13:44:33Z</time>
<hdop>3.79</hdop>
</trkpt>
<trkpt lat="46.7033621" lon="8.512123">
<ele>2580.3</ele>
<time>2023-04-04T13:44:45Z</time>
<hdop>3.79</hdop>
</trkpt>
<trkpt lat="46.7033004" lon="8.5120831">
<ele>2581.513</ele>
<time>2023-04-04T13:44:55Z</time>
<hdop>3.79</hdop>
</trkpt>
<trkpt lat="46.7032337" lon="8.5120541">
<ele>2582.669</ele>
<time>2023-04-04T13:45:08Z</time>
<hdop>3.79</hdop>
</trkpt>
<trkpt lat="46.7031694" lon="8.5120391">
<ele>2584.246</ele>
<time>2023-04-04T13:45:20Z</time>
<hdop>3.79</hdop>
</trkpt>
<trkpt lat="46.7032276" lon="8.5119959">
<ele>2584.379</ele>
<time>2023-04-04T13:45:33Z</time>
<hdop>3.79</hdop>
</trkpt>
<trkpt lat="46.7032892" lon="8.511954">
<ele>2584.847</ele>
<time>2023-04-04T13:45:43Z</time>
<hdop>3.79</hdop>
</trkpt>
<trkpt lat="46.7033525" lon="8.5119182">
<ele>2586.975</ele>
<time>2023-04-04T13:45:56Z</time>
<hdop>3.79</hdop>
</trkpt>
<trkpt lat="46.7034172" lon="8.5118762">
<ele>2588.766</ele>
<time>2023-04-04T13:46:07Z</time>
<hdop>3.79</hdop>
</trkpt>
<trkpt lat="46.7034827" lon="8.5118514">
<ele>2590.043</ele>
<time>2023-04-04T13:46:18Z</time>
<hdop>3.79</hdop>
</trkpt>
<trkpt lat="46.7035477" lon="8.5118279">
<ele>2591.529</ele>
<time>2023-04-04T13:46:29Z</time>
<hdop>3.79</hdop>
</trkpt>
<trkpt lat="46.703611" lon="8.5118065">
<ele>2594.008</ele>
<time>2023-04-04T13:46:40Z</time>
<hdop>3.79</hdop>
</trkpt>
<trkpt lat="46.7036753" lon="8.5117914">
<ele>2595.266</ele>
<time>2023-04-04T13:46:52Z</time>
<hdop>3.79</hdop>
</trkpt>
<trkpt lat="46.7037407" lon="8.511779">
<ele>2596.79</ele>
<time>2023-04-04T13:47:03Z</time>
<hdop>3.79</hdop>
</trkpt>
<trkpt lat="46.7038076" lon="8.511789">
<ele>2598.133</ele>
<time>2023-04-04T13:47:16Z</time>
<hdop>3.79</hdop>
</trkpt>
<trkpt lat="46.703871" lon="8.5117692">
<ele>2599.499</ele>
<time>2023-04-04T13:47:28Z</time>
<hdop>3.79</hdop>
</trkpt>
<trkpt lat="46.7039331" lon="8.511733">
<ele>2599.369</ele>
<time>2023-04-04T13:47:39Z</time>
<hdop>3.79</hdop>
</trkpt>
<trkpt lat="46.7038986" lon="8.5116504">
<ele>2602.137</ele>
<time>2023-04-04T13:48:02Z</time>
<hdop>3.79</hdop>
</trkpt>
<trkpt lat="46.7038407" lon="8.5115945">
<ele>2604.147</ele>
<time>2023-04-04T13:48:12Z</time>
<hdop>3.79</hdop>
</trkpt>
<trkpt lat="46.703787" lon="8.5115408">
<ele>2605.072</ele>
<time>2023-04-04T13:48:22Z</time>
<hdop>3.79</hdop>
</trkpt>
<trkpt lat="46.70374" lon="8.5114744">
<ele>2606.089</ele>
<time>2023-04-04T13:48:32Z</time>
<hdop>3.79</hdop>
</trkpt>
<trkpt lat="46.7036982" lon="8.5113939">
<ele>2607.281</ele>
<time>2023-04-04T13:48:42Z</time>
<hdop>3.79</hdop>
</trkpt>
<trkpt lat="46.703644" lon="8.5113281">
<ele>2608.092</ele>
<time>2023-04-04T13:48:52Z</time>
<hdop>3.79</hdop>
</trkpt>
<trkpt lat="46.7035849" lon="8.5112763">
<ele>2609.632</ele>
<time>2023-04-04T13:49:03Z</time>
<hdop>3.79</hdop>
</trkpt>
<trkpt lat="46.7035238" lon="8.5112266">
<ele>2611.189</ele>
<time>2023-04-04T13:49:15Z</time>
<hdop>3.79</hdop>
</trkpt>
<trkpt lat="46.7034633" lon="8.5111818">
<ele>2613.019</ele>
<time>2023-04-04T13:49:26Z</time>
<hdop>3.79</hdop>
</trkpt>
<trkpt lat="46.7033993" lon="8.5111494">
<ele>2614.111</ele>
<time>2023-04-04T13:49:39Z</time>
<hdop>3.79</hdop>
</trkpt>
<trkpt lat="46.7034221" lon="8.5110597">
<ele>2614.185</ele>
<time>2023-04-04T13:49:56Z</time>
<hdop>3.79</hdop>
</trkpt>
<trkpt lat="46.7034731" lon="8.5109908">
<ele>2616.084</ele>
<time>2023-04-04T13:50:07Z</time>
<hdop>3.79</hdop>
</trkpt>
<trkpt lat="46.703525" lon="8.5109288">
<ele>2617.719</ele>
<time>2023-04-04T13:50:18Z</time>
<hdop>3.79</hdop>
</trkpt>
<trkpt lat="46.7035574" lon="8.5108464">
<ele>2620.289</ele>
<time>2023-04-04T13:50:30Z</time>
<hdop>3.79</hdop>
</trkpt>
<trkpt lat="46.7035949" lon="8.5107686">
<ele>2621.409</ele>
<time>2023-04-04T13:50:41Z</time>
<hdop>3.79</hdop>
</trkpt>
<trkpt lat="46.7036343" lon="8.5106919">
<ele>2623.179</ele>
<time>2023-04-04T13:50:51Z</time>
<hdop>3.79</hdop>
</trkpt>
<trkpt lat="46.7036818" lon="8.5106217">
<ele>2625.006</ele>
<time>2023-04-04T13:51:03Z</time>
<hdop>3.79</hdop>
</trkpt>
<trkpt lat="46.7037427" lon="8.5105722">
<ele>2626.519</ele>
<time>2023-04-04T13:51:15Z</time>
<hdop>3.79</hdop>
</trkpt>
<trkpt lat="46.7038045" lon="8.5105392">
<ele>2628.841</ele>
<time>2023-04-04T13:51:27Z</time>
<hdop>3.79</hdop>
</trkpt>
<trkpt lat="46.7037846" lon="8.5104417">
<ele>2632.514</ele>
<time>2023-04-04T13:51:51Z</time>
<hdop>3.79</hdop>
</trkpt>
<trkpt lat="46.7037286" lon="8.5103938">
<ele>2633.842</ele>
<time>2023-04-04T13:51:59Z</time>
<hdop>3.79</hdop>
</trkpt>
<trkpt lat="46.7036732" lon="8.5103359">
<ele>2634.912</ele>
<time>2023-04-04T13:52:10Z</time>
<hdop>3.79</hdop>
</trkpt>
<trkpt lat="46.7036265" lon="8.5102659">
<ele>2635.523</ele>
<time>2023-04-04T13:52:20Z</time>
<hdop>3.79</hdop>
</trkpt>
<trkpt lat="46.7035706" lon="8.5102153">
<ele>2636.327</ele>
<time>2023-04-04T13:52:30Z</time>
<hdop>3.79</hdop>
</trkpt>
<trkpt lat="46.703517" lon="8.5101547">
<ele>2637.447</ele>
<time>2023-04-04T13:52:40Z</time>
<hdop>3.79</hdop>
</trkpt>
<trkpt lat="46.7034576" lon="8.5101089">
<ele>2638.318</ele>
<time>2023-04-04T13:52:50Z</time>
<hdop>3.79</hdop>
</trkpt>
<trkpt lat="46.7033902" lon="8.5100775">
<ele>2639.514</ele>
<time>2023-04-04T13:53:01Z</time>
<hdop>3.79</hdop>
</trkpt>
<trkpt lat="46.7033238" lon="8.5100589">
<ele>2641.031</ele>
<time>2023-04-04T13:53:12Z</time>
<hdop>3.79</hdop>
</trkpt>
<trkpt lat="46.703264" lon="8.5100976">
<ele>2643.205</ele>
<time>2023-04-04T13:53:49Z</time>
<hdop>3.79</hdop>
</trkpt>
<trkpt lat="46.7032042" lon="8.5101517">
<ele>2644.763</ele>
<time>2023-04-04T13:53:59Z</time>
<hdop>3.79</hdop>
</trkpt>
<trkpt lat="46.7031556" lon="8.510228">
<ele>2645.931</ele>
<time>2023-04-04T13:54:10Z</time>
<hdop>3.79</hdop>
</trkpt>
<trkpt lat="46.7031024" lon="8.5102919">
<ele>2648.031</ele>
<time>2023-04-04T13:54:19Z</time>
<hdop>3.79</hdop>
</trkpt>
<trkpt lat="46.7030544" lon="8.5103555">
<ele>2649.681</ele>
<time>2023-04-04T13:54:29Z</time>
<hdop>3.79</hdop>
</trkpt>
<trkpt lat="46.7029856" lon="8.5103565">
<ele>2650.204</ele>
<time>2023-04-04T13:54:42Z</time>
<hdop>3.79</hdop>
</trkpt>
<trkpt lat="46.7029292" lon="8.5103072">
<ele>2651.428</ele>
<time>2023-04-04T13:54:52Z</time>
<hdop>3.79</hdop>
</trkpt>
<trkpt lat="46.7028729" lon="8.5102513">
<ele>2652.199</ele>
<time>2023-04-04T13:55:03Z</time>
<hdop>3.79</hdop>
</trkpt>
<trkpt lat="46.7028168" lon="8.5102005">
<ele>2652.411</ele>
<time>2023-04-04T13:55:12Z</time>
<hdop>3.79</hdop>
</trkpt>
<trkpt lat="46.7027485" lon="8.5101708">
<ele>2654.241</ele>
<time>2023-04-04T13:55:24Z</time>
<hdop>3.79</hdop>
</trkpt>
<trkpt lat="46.7026861" lon="8.5101281">
<ele>2655.265</ele>
<time>2023-04-04T13:55:35Z</time>
<hdop>3.79</hdop>
</trkpt>
<trkpt lat="46.7026196" lon="8.5100923">
<ele>2656.297</ele>
<time>2023-04-04T13:55:50Z</time>
<hdop>3.79</hdop>
</trkpt>
<trkpt lat="46.7026653" lon="8.510013">
<ele>2657.819</ele>
<time>2023-04-04T13:56:08Z</time>
<hdop>3.79</hdop>
</trkpt>
<trkpt lat="46.7027205" lon="8.5099547">
<ele>2658.591</ele>
<time>2023-04-04T13:56:18Z</time>
<hdop>3.79</hdop>
</trkpt>
<trkpt lat="46.7027749" lon="8.5098984">
<ele>2660.795</ele>
<time>2023-04-04T13:56:29Z</time>
<hdop>3.79</hdop>
</trkpt>
<trkpt lat="46.7027084" lon="8.5098605">
<ele>2661.604</ele>
<time>2023-04-04T13:56:51Z</time>
<hdop>3.79</hdop>
</trkpt>
<trkpt lat="46.7026431" lon="8.5098577">
<ele>2662.734</ele>
<time>2023-04-04T13:57:01Z</time>
<hdop>3.79</hdop>
</trkpt>
<trkpt lat="46.7025769" lon="8.5098506">
<ele>2664.057</ele>
<time>2023-04-04T13:57:10Z</time>
<hdop>3.79</hdop>
</trkpt>
<trkpt lat="46.7025122" lon="8.5098344">
<ele>2665.844</ele>
<time>2023-04-04T13:57:20Z</time>
<hdop>3.79</hdop>
</trkpt>
<trkpt lat="46.7025389" lon="8.5097461">
<ele>2666.055</ele>
<time>2023-04-04T13:57:36Z</time>
<hdop>3.79</hdop>
</trkpt>
<trkpt lat="46.7025933" lon="8.5096803">
<ele>2667.686</ele>
<time>2023-04-04T14:01:31Z</time>
<hdop>3.79</hdop>
</trkpt>
<trkpt lat="46.7026438" lon="8.5096179">
<ele>2666.728</ele>
<time>2023-04-04T14:01:42Z</time>
<hdop>3.79</hdop>
</trkpt>
<trkpt lat="46.7025878" lon="8.5095638">
<ele>2668.318</ele>
<time>2023-04-04T14:02:16Z</time>
<hdop>3.79</hdop>
</trkpt>
<trkpt lat="46.7025228" lon="8.509545">
<ele>2669.291</ele>
<time>2023-04-04T14:02:26Z</time>
<hdop>3.79</hdop>
</trkpt>
<trkpt lat="46.702542" lon="8.5094548">
<ele>2670.568</ele>
<time>2023-04-04T14:02:45Z</time>
<hdop>3.79</hdop>
</trkpt>
<trkpt lat="46.7026054" lon="8.5094213">
<ele>2672.669</ele>
<time>2023-04-04T14:02:54Z</time>
<hdop>3.79</hdop>
</trkpt>
<trkpt lat="46.7026738" lon="8.5093993">
<ele>2674.774</ele>
<time>2023-04-04T14:03:05Z</time>
<hdop>3.79</hdop>
</trkpt>
<trkpt lat="46.7027305" lon="8.5093476">
<ele>2676.113</ele>
<time>2023-04-04T14:03:18Z</time>
<hdop>3.79</hdop>
</trkpt>
<trkpt lat="46.7026679" lon="8.5093073">
<ele>2677.82</ele>
<time>2023-04-04T14:03:33Z</time>
<hdop>3.79</hdop>
</trkpt>
<trkpt lat="46.7026023" lon="8.5092878">
<ele>2679.478</ele>
<time>2023-04-04T14:03:42Z</time>
<hdop>3.79</hdop>
</trkpt>
<trkpt lat="46.7025367" lon="8.5092555">
<ele>2680.009</ele>
<time>2023-04-04T14:03:50Z</time>
<hdop>3.79</hdop>
</trkpt>
<trkpt lat="46.7024695" lon="8.5092144">
<ele>2680.335</ele>
<time>2023-04-04T14:03:59Z</time>
<hdop>3.79</hdop>
</trkpt>
<trkpt lat="46.7024066" lon="8.509189">
<ele>2680.19</ele>
<time>2023-04-04T14:04:08Z</time>
<hdop>3.79</hdop>
</trkpt>
<trkpt lat="46.7023733" lon="8.5090929">
<ele>2680.147</ele>
<time>2023-04-04T14:04:22Z</time>
<hdop>3.79</hdop>
</trkpt>
<trkpt lat="46.7024307" lon="8.509034">
<ele>2682.282</ele>
<time>2023-04-04T14:04:34Z</time>
<hdop>3.79</hdop>
</trkpt>
<trkpt lat="46.7024985" lon="8.5090124">
<ele>2685.232</ele>
<time>2023-04-04T14:04:59Z</time>
<hdop>3.79</hdop>
</trkpt>
<trkpt lat="46.7025617" lon="8.5089762">
<ele>2687.594</ele>
<time>2023-04-04T14:05:12Z</time>
<hdop>3.79</hdop>
</trkpt>
<trkpt lat="46.7026181" lon="8.5089195">
<ele>2689.71</ele>
<time>2023-04-04T14:05:24Z</time>
<hdop>3.79</hdop>
</trkpt>
<trkpt lat="46.702677" lon="8.5088739">
<ele>2690.344</ele>
<time>2023-04-04T14:05:55Z</time>
<hdop>3.79</hdop>
</trkpt>
<trkpt lat="46.7026055" lon="8.5088489">
<ele>2691.893</ele>
<time>2023-04-04T14:06:23Z</time>
<hdop>3.79</hdop>
</trkpt>
<trkpt lat="46.7025401" lon="8.5088084">
<ele>2692.935</ele>
<time>2023-04-04T14:06:32Z</time>
<hdop>3.79</hdop>
</trkpt>
<trkpt lat="46.7024816" lon="8.5087648">
<ele>2694.067</ele>
<time>2023-04-04T14:06:40Z</time>
<hdop>3.79</hdop>
</trkpt>
<trkpt lat="46.7025273" lon="8.5086843">
<ele>2693.916</ele>
<time>2023-04-04T14:06:52Z</time>
<hdop>3.79</hdop>
</trkpt>
<trkpt lat="46.7025914" lon="8.5086621">
<ele>2695.226</ele>
<time>2023-04-04T14:06:58Z</time>
<hdop>3.79</hdop>
</trkpt>
<trkpt lat="46.7026622" lon="8.5086431">
<ele>2697.173</ele>
<time>2023-04-04T14:07:06Z</time>
<hdop>3.79</hdop>
</trkpt>
<trkpt lat="46.7026207" lon="8.5085603">
<ele>2700.475</ele>
<time>2023-04-04T14:07:37Z</time>
<hdop>3.79</hdop>
</trkpt>
<trkpt lat="46.7025632" lon="8.5085158">
<ele>2701.2</ele>
<time>2023-04-04T14:07:46Z</time>
<hdop>3.79</hdop>
</trkpt>
<trkpt lat="46.7024986" lon="8.5084732">
<ele>2701.68</ele>
<time>2023-04-04T14:07:54Z</time>
<hdop>3.79</hdop>
</trkpt>
<trkpt lat="46.7024347" lon="8.5084496">
<ele>2702.378</ele>
<time>2023-04-04T14:08:02Z</time>
<hdop>3.79</hdop>
</trkpt>
<trkpt lat="46.7024901" lon="8.5083887">
<ele>2703.781</ele>
<time>2023-04-04T14:08:10Z</time>
<hdop>3.79</hdop>
</trkpt>
<trkpt lat="46.7025528" lon="8.5083615">
<ele>2704.599</ele>
<time>2023-04-04T14:08:17Z</time>
<hdop>3.79</hdop>
</trkpt>
<trkpt lat="46.7026173" lon="8.5083382">
<ele>2705.131</ele>
<time>2023-04-04T14:08:24Z</time>
<hdop>3.79</hdop>
</trkpt>
<trkpt lat="46.7026834" lon="8.5083229">
<ele>2706.592</ele>
<time>2023-04-04T14:08:32Z</time>
<hdop>3.79</hdop>
</trkpt>
<trkpt lat="46.702754" lon="8.5083061">
<ele>2708.713</ele>
<time>2023-04-04T14:08:41Z</time>
<hdop>3.79</hdop>
</trkpt>
<trkpt lat="46.7026964" lon="8.5082528">
<ele>2709.829</ele>
<time>2023-04-04T14:08:53Z</time>
<hdop>3.79</hdop>
</trkpt>
<trkpt lat="46.7026297" lon="8.508213">
<ele>2710.975</ele>
<time>2023-04-04T14:09:01Z</time>
<hdop>3.79</hdop>
</trkpt>
<trkpt lat="46.7025675" lon="8.5081788">
<ele>2711.713</ele>
<time>2023-04-04T14:09:08Z</time>
<hdop>3.79</hdop>
</trkpt>
<trkpt lat="46.7024958" lon="8.5081584">
<ele>2713.113</ele>
<time>2023-04-04T14:09:17Z</time>
<hdop>3.79</hdop>
</trkpt>
<trkpt lat="46.7025362" lon="8.5080749">
<ele>2713.632</ele>
<time>2023-04-04T14:09:28Z</time>
<hdop>3.79</hdop>
</trkpt>
<trkpt lat="46.7026008" lon="8.5080277">
<ele>2715.167</ele>
<time>2023-04-04T14:09:36Z</time>
<hdop>3.79</hdop>
</trkpt>
<trkpt lat="46.7026687" lon="8.5079914">
<ele>2716.256</ele>
<time>2023-04-04T14:09:45Z</time>
<hdop>3.79</hdop>
</trkpt>
<trkpt lat="46.7026112" lon="8.5079473">
<ele>2717.919</ele>
<time>2023-04-04T14:10:00Z</time>
<hdop>3.79</hdop>
</trkpt>
<trkpt lat="46.7025466" lon="8.507932">
<ele>2718.744</ele>
<time>2023-04-04T14:10:07Z</time>
<hdop>3.79</hdop>
</trkpt>
<trkpt lat="46.7024819" lon="8.5079058">
<ele>2719.724</ele>
<time>2023-04-04T14:10:15Z</time>
<hdop>3.79</hdop>
</trkpt>
<trkpt lat="46.7025348" lon="8.5078508">
<ele>2720.778</ele>
<time>2023-04-04T14:10:21Z</time>
<hdop>3.79</hdop>
</trkpt>
<trkpt lat="46.7026013" lon="8.5078102">
<ele>2721.77</ele>
<time>2023-04-04T14:10:28Z</time>
<hdop>3.79</hdop>
</trkpt>
<trkpt lat="46.7026718" lon="8.5077738">
<ele>2723.703</ele>
<time>2023-04-04T14:10:35Z</time>
<hdop>3.79</hdop>
</trkpt>
<trkpt lat="46.702736" lon="8.5077546">
<ele>2725.849</ele>
<time>2023-04-04T14:10:42Z</time>
<hdop>3.79</hdop>
</trkpt>
<trkpt lat="46.7028093" lon="8.5077603">
<ele>2727.12</ele>
<time>2023-04-04T14:10:50Z</time>
<hdop>3.79</hdop>
</trkpt>
<trkpt lat="46.7027565" lon="8.5077046">
<ele>2728.534</ele>
<time>2023-04-04T14:11:01Z</time>
<hdop>3.79</hdop>
</trkpt>
<trkpt lat="46.7026859" lon="8.507665">
<ele>2729.045</ele>
<time>2023-04-04T14:11:44Z</time>
<hdop>3.79</hdop>
</trkpt>
<trkpt lat="46.7026189" lon="8.5076261">
<ele>2730.756</ele>
<time>2023-04-04T14:11:51Z</time>
<hdop>3.79</hdop>
</trkpt>
<trkpt lat="46.7025517" lon="8.5076136">
<ele>2732.229</ele>
<time>2023-04-04T14:11:58Z</time>
<hdop>3.79</hdop>
</trkpt>
<trkpt lat="46.7024871" lon="8.5075787">
<ele>2733.161</ele>
<time>2023-04-04T14:12:05Z</time>
<hdop>3.79</hdop>
</trkpt>
<trkpt lat="46.7025471" lon="8.5075364">
<ele>2733.096</ele>
<time>2023-04-04T14:12:10Z</time>
<hdop>3.79</hdop>
</trkpt>
<trkpt lat="46.702607" lon="8.5075001">
<ele>2733.888</ele>
<time>2023-04-04T14:12:15Z</time>
<hdop>3.79</hdop>
</trkpt>
<trkpt lat="46.7026736" lon="8.5074589">
<ele>2734.474</ele>
<time>2023-04-04T14:12:22Z</time>
<hdop>3.79</hdop>
</trkpt>
<trkpt lat="46.7027387" lon="8.5074336">
<ele>2736.239</ele>
<time>2023-04-04T14:12:28Z</time>
<hdop>3.79</hdop>
</trkpt>
<trkpt lat="46.7028044" lon="8.5074211">
<ele>2737.731</ele>
<time>2023-04-04T14:12:34Z</time>
<hdop>3.79</hdop>
</trkpt>
<trkpt lat="46.702877" lon="8.5074181">
<ele>2739.098</ele>
<time>2023-04-04T14:12:41Z</time>
<hdop>3.79</hdop>
</trkpt>
<trkpt lat="46.702943" lon="8.5074268">
<ele>2739.65</ele>
<time>2023-04-04T14:12:48Z</time>
<hdop>3.79</hdop>
</trkpt>
<trkpt lat="46.7029321" lon="8.5073277">
<ele>2742.625</ele>
<time>2023-04-04T14:13:04Z</time>
<hdop>3.79</hdop>
</trkpt>
<trkpt lat="46.7028756" lon="8.5072775">
<ele>2743.307</ele>
<time>2023-04-04T14:13:10Z</time>
<hdop>3.79</hdop>
</trkpt>
<trkpt lat="46.7028137" lon="8.5072195">
<ele>2744.295</ele>
<time>2023-04-04T14:13:17Z</time>
<hdop>3.79</hdop>
</trkpt>
<trkpt lat="46.7027474" lon="8.5071771">
<ele>2745.683</ele>
<time>2023-04-04T14:13:24Z</time>
<hdop>3.79</hdop>
</trkpt>
<trkpt lat="46.7026845" lon="8.5071485">
<ele>2746.596</ele>
<time>2023-04-04T14:13:30Z</time>
<hdop>3.79</hdop>
</trkpt>
<trkpt lat="46.7026146" lon="8.5071287">
<ele>2748.194</ele>
<time>2023-04-04T14:13:37Z</time>
<hdop>3.79</hdop>
</trkpt>
<trkpt lat="46.7025477" lon="8.5071064">
<ele>2749.68</ele>
<time>2023-04-04T14:13:44Z</time>
<hdop>3.79</hdop>
</trkpt>
<trkpt lat="46.7024819" lon="8.5070863">
<ele>2751.022</ele>
<time>2023-04-04T14:13:51Z</time>
<hdop>3.79</hdop>
</trkpt>
<trkpt lat="46.7024126" lon="8.5070626">
<ele>2752.66</ele>
<time>2023-04-04T14:13:59Z</time>
<hdop>3.79</hdop>
</trkpt>
<trkpt lat="46.7023418" lon="8.5070484">
<ele>2753.82</ele>
<time>2023-04-04T14:14:07Z</time>
<hdop>3.79</hdop>
</trkpt>
<trkpt lat="46.7022767" lon="8.5070208">
<ele>2755.523</ele>
<time>2023-04-04T14:14:15Z</time>
<hdop>3.79</hdop>
</trkpt>
<trkpt lat="46.7022186" lon="8.5069766">
<ele>2757.179</ele>
<time>2023-04-04T14:14:23Z</time>
<hdop>3.79</hdop>
</trkpt>
<trkpt lat="46.7022713" lon="8.5069147">
<ele>2757.706</ele>
<time>2023-04-04T14:14:29Z</time>
<hdop>3.79</hdop>
</trkpt>
<trkpt lat="46.7023299" lon="8.5068577">
<ele>2759.264</ele>
<time>2023-04-04T14:14:36Z</time>
<hdop>3.79</hdop>
</trkpt>
<trkpt lat="46.7023901" lon="8.506808">
<ele>2760.226</ele>
<time>2023-04-04T14:14:43Z</time>
<hdop>3.79</hdop>
</trkpt>
<trkpt lat="46.7024468" lon="8.5067424">
<ele>2761.016</ele>
<time>2023-04-04T14:14:50Z</time>
<hdop>3.79</hdop>
</trkpt>
<trkpt lat="46.7024929" lon="8.5066716">
<ele>2762.629</ele>
<time>2023-04-04T14:14:57Z</time>
<hdop>3.79</hdop>
</trkpt>
<trkpt lat="46.7025449" lon="8.506613">
<ele>2763.66</ele>
<time>2023-04-04T14:15:04Z</time>
<hdop>3.79</hdop>
</trkpt>
<trkpt lat="46.7026079" lon="8.5065641">
<ele>2764.921</ele>
<time>2023-04-04T14:15:12Z</time>
<hdop>3.79</hdop>
</trkpt>
<trkpt lat="46.7026681" lon="8.5065212">
<ele>2766.265</ele>
<time>2023-04-04T14:15:19Z</time>
<hdop>3.79</hdop>
</trkpt>
<trkpt lat="46.7027347" lon="8.5064756">
<ele>2767.159</ele>
<time>2023-04-04T14:15:27Z</time>
<hdop>3.79</hdop>
</trkpt>
<trkpt lat="46.7028019" lon="8.5064472">
<ele>2768.16</ele>
<time>2023-04-04T14:15:34Z</time>
<hdop>3.79</hdop>
</trkpt>
<trkpt lat="46.7027523" lon="8.5063753">
<ele>2769.009</ele>
<time>2023-04-04T14:15:46Z</time>
<hdop>3.79</hdop>
</trkpt>
<trkpt lat="46.7026829" lon="8.5063332">
<ele>2770.003</ele>
<time>2023-04-04T14:15:52Z</time>
<hdop>3.79</hdop>
</trkpt>
<trkpt lat="46.7026225" lon="8.5062942">
<ele>2771.287</ele>
<time>2023-04-04T14:15:58Z</time>
<hdop>3.79</hdop>
</trkpt>
<trkpt lat="46.702563" lon="8.5062532">
<ele>2772.144</ele>
<time>2023-04-04T14:16:04Z</time>
<hdop>3.79</hdop>
</trkpt>
<trkpt lat="46.7024949" lon="8.5062133">
<ele>2773.435</ele>
<time>2023-04-04T14:16:11Z</time>
<hdop>3.79</hdop>
</trkpt>
<trkpt lat="46.702424" lon="8.5061816">
<ele>2774.884</ele>
<time>2023-04-04T14:16:18Z</time>
<hdop>3.79</hdop>
</trkpt>
<trkpt lat="46.7023629" lon="8.5061346">
<ele>2776.308</ele>
<time>2023-04-04T14:16:25Z</time>
<hdop>3.79</hdop>
</trkpt>
<trkpt lat="46.7024004" lon="8.5060453">
<ele>2777.594</ele>
<time>2023-04-04T14:16:35Z</time>
<hdop>3.79</hdop>
</trkpt>
<trkpt lat="46.7024624" lon="8.5059906">
<ele>2778.094</ele>
<time>2023-04-04T14:16:42Z</time>
<hdop>3.79</hdop>
</trkpt>
<trkpt lat="46.7025222" lon="8.5059356">
<ele>2779.69</ele>
<time>2023-04-04T14:16:49Z</time>
<hdop>3.79</hdop>
</trkpt>
<trkpt lat="46.7024853" lon="8.5058511">
<ele>2781.877</ele>
<time>2023-04-04T14:17:01Z</time>
<hdop>3.79</hdop>
</trkpt>
<trkpt lat="46.7024173" lon="8.5058126">
<ele>2782.847</ele>
<time>2023-04-04T14:17:08Z</time>
<hdop>3.79</hdop>
</trkpt>
<trkpt lat="46.7023544" lon="8.5057625">
<ele>2784.17</ele>
<time>2023-04-04T14:17:16Z</time>
<hdop>3.79</hdop>
</trkpt>
<trkpt lat="46.7024032" lon="8.5056799">
<ele>2785.274</ele>
<time>2023-04-04T14:17:25Z</time>
<hdop>3.79</hdop>
</trkpt>
<trkpt lat="46.7024736" lon="8.5056617">
<ele>2785.482</ele>
<time>2023-04-04T14:17:31Z</time>
<hdop>3.79</hdop>
</trkpt>
<trkpt lat="46.7025394" lon="8.5056543">
<ele>2786.775</ele>
<time>2023-04-04T14:17:37Z</time>
<hdop>3.79</hdop>
</trkpt>
<trkpt lat="46.7025152" lon="8.5055629">
<ele>2789.557</ele>
<time>2023-04-04T14:17:52Z</time>
<hdop>3.79</hdop>
</trkpt>
<trkpt lat="46.7024635" lon="8.50549">
<ele>2791.66</ele>
<time>2023-04-04T14:18:01Z</time>
<hdop>3.79</hdop>
</trkpt>
<trkpt lat="46.7024066" lon="8.5054364">
<ele>2793.443</ele>
<time>2023-04-04T14:18:10Z</time>
<hdop>3.79</hdop>
</trkpt>
<trkpt lat="46.7024801" lon="8.5054513">
<ele>2794.731</ele>
<time>2023-04-04T14:18:19Z</time>
<hdop>3.79</hdop>
</trkpt>
<trkpt lat="46.7025538" lon="8.505465">
<ele>2797.136</ele>
<time>2023-04-04T14:18:26Z</time>
<hdop>3.79</hdop>
</trkpt>
<trkpt lat="46.7026226" lon="8.5054692">
<ele>2798.999</ele>
<time>2023-04-04T14:18:34Z</time>
<hdop>3.79</hdop>
</trkpt>
<trkpt lat="46.7026914" lon="8.505444">
<ele>2801.03</ele>
<time>2023-04-04T14:18:48Z</time>
<hdop>3.79</hdop>
</trkpt>
<trkpt lat="46.702655" lon="8.5053604">
<ele>2804.618</ele>
<time>2023-04-04T14:19:07Z</time>
<hdop>3.79</hdop>
</trkpt>
<trkpt lat="46.7025912" lon="8.5053196">
<ele>2805.392</ele>
<time>2023-04-04T14:19:15Z</time>
<hdop>3.79</hdop>
</trkpt>
<trkpt lat="46.7026598" lon="8.5052856">
<ele>2806.599</ele>
<time>2023-04-04T14:19:26Z</time>
<hdop>3.79</hdop>
</trkpt>
<trkpt lat="46.702725" lon="8.5052804">
<ele>2809.134</ele>
<time>2023-04-04T14:19:33Z</time>
<hdop>3.79</hdop>
</trkpt>
<trkpt lat="46.702795" lon="8.5052733">
<ele>2810.47</ele>
<time>2023-04-04T14:19:41Z</time>
<hdop>3.79</hdop>
</trkpt>
<trkpt lat="46.7028604" lon="8.50526">
<ele>2811.739</ele>
<time>2023-04-04T14:19:49Z</time>
<hdop>3.79</hdop>
</trkpt>
<trkpt lat="46.7029309" lon="8.5052419">
<ele>2813.077</ele>
<time>2023-04-04T14:19:57Z</time>
<hdop>3.79</hdop>
</trkpt>
<trkpt lat="46.7028915" lon="8.5051654">
<ele>2813.665</ele>
<time>2023-04-04T14:20:13Z</time>
<hdop>3.79</hdop>
</trkpt>
<trkpt lat="46.7028321" lon="8.5051237">
<ele>2814.922</ele>
<time>2023-04-04T14:20:20Z</time>
<hdop>3.79</hdop>
</trkpt>
<trkpt lat="46.7028965" lon="8.5050774">
<ele>2818.151</ele>
<time>2023-04-04T14:20:32Z</time>
<hdop>3.79</hdop>
</trkpt>
<trkpt lat="46.7029646" lon="8.5050552">
<ele>2820.432</ele>
<time>2023-04-04T14:20:39Z</time>
<hdop>3.79</hdop>
</trkpt>
<trkpt lat="46.7030283" lon="8.5050183">
<ele>2821.853</ele>
<time>2023-04-04T14:20:47Z</time>
<hdop>3.79</hdop>
</trkpt>
<trkpt lat="46.7030899" lon="8.5049754">
<ele>2823.94</ele>
<time>2023-04-04T14:20:56Z</time>
<hdop>3.79</hdop>
</trkpt>
<trkpt lat="46.7030635" lon="8.5048864">
<ele>2825.925</ele>
<time>2023-04-04T14:21:14Z</time>
<hdop>3.79</hdop>
</trkpt>
<trkpt lat="46.7029983" lon="8.5048744">
<ele>2826.535</ele>
<time>2023-04-04T14:21:22Z</time>
<hdop>3.79</hdop>
</trkpt>
<trkpt lat="46.7029327" lon="8.5048478">
<ele>2828.716</ele>
<time>2023-04-04T14:21:30Z</time>
<hdop>3.79</hdop>
</trkpt>
<trkpt lat="46.7028735" lon="8.5047899">
<ele>2830.76</ele>
<time>2023-04-04T14:21:40Z</time>
<hdop>3.79</hdop>
</trkpt>
<trkpt lat="46.7029297" lon="8.5047342">
<ele>2832.483</ele>
<time>2023-04-04T14:22:00Z</time>
<hdop>3.79</hdop>
</trkpt>
<trkpt lat="46.7029937" lon="8.5047014">
<ele>2834.064</ele>
<time>2023-04-04T14:22:07Z</time>
<hdop>3.79</hdop>
</trkpt>
<trkpt lat="46.7030498" lon="8.5046406">
<ele>2836.044</ele>
<time>2023-04-04T14:22:15Z</time>
<hdop>3.79</hdop>
</trkpt>
<trkpt lat="46.702982" lon="8.5046316">
<ele>2837.084</ele>
<time>2023-04-04T14:22:25Z</time>
<hdop>3.79</hdop>
</trkpt>
<trkpt lat="46.7029101" lon="8.5046245">
<ele>2838.718</ele>
<time>2023-04-04T14:22:33Z</time>
<hdop>3.79</hdop>
</trkpt>
<trkpt lat="46.7028423" lon="8.5045916">
<ele>2839.412</ele>
<time>2023-04-04T14:22:41Z</time>
<hdop>3.79</hdop>
</trkpt>
<trkpt lat="46.7027805" lon="8.5045415">
<ele>2841.149</ele>
<time>2023-04-04T14:22:50Z</time>
<hdop>3.79</hdop>
</trkpt>
<trkpt lat="46.7027285" lon="8.5044689">
<ele>2842.6</ele>
<time>2023-04-04T14:22:58Z</time>
<hdop>3.79</hdop>
</trkpt>
<trkpt lat="46.7026801" lon="8.504405">
<ele>2843.584</ele>
<time>2023-04-04T14:23:06Z</time>
<hdop>3.79</hdop>
</trkpt>
<trkpt lat="46.7026284" lon="8.5043369">
<ele>2844.677</ele>
<time>2023-04-04T14:23:15Z</time>
<hdop>3.79</hdop>
</trkpt>
<trkpt lat="46.7025809" lon="8.5042658">
<ele>2846.265</ele>
<time>2023-04-04T14:23:24Z</time>
<hdop>3.79</hdop>
</trkpt>
<trkpt lat="46.7026429" lon="8.5042381">
<ele>2846.963</ele>
<time>2023-04-04T14:23:37Z</time>
<hdop>3.79</hdop>
</trkpt>
<trkpt lat="46.7027138" lon="8.5042477">
<ele>2848.673</ele>
<time>2023-04-04T14:23:45Z</time>
<hdop>3.79</hdop>
</trkpt>
<trkpt lat="46.7027775" lon="8.5042249">
<ele>2850.484</ele>
<time>2023-04-04T14:23:53Z</time>
<hdop>3.79</hdop>
</trkpt>
<trkpt lat="46.7028382" lon="8.5041824">
<ele>2852.613</ele>
<time>2023-04-04T14:24:02Z</time>
<hdop>3.79</hdop>
</trkpt>
<trkpt lat="46.7029021" lon="8.5041429">
<ele>2854.663</ele>
<time>2023-04-04T14:24:11Z</time>
<hdop>3.79</hdop>
</trkpt>
<trkpt lat="46.7029718" lon="8.5041127">
<ele>2856.969</ele>
<time>2023-04-04T14:24:20Z</time>
<hdop>3.79</hdop>
</trkpt>
<trkpt lat="46.7029138" lon="8.5040631">
<ele>2855.626</ele>
<time>2023-04-04T14:24:30Z</time>
<hdop>3.79</hdop>
</trkpt>
<trkpt lat="46.7028474" lon="8.5040523">
<ele>2857.947</ele>
<time>2023-04-04T14:24:37Z</time>
<hdop>3.79</hdop>
</trkpt>
<trkpt lat="46.7027791" lon="8.5040222">
<ele>2859.263</ele>
<time>2023-04-04T14:24:45Z</time>
<hdop>3.79</hdop>
</trkpt>
<trkpt lat="46.7027304" lon="8.5039514">
<ele>2860.549</ele>
<time>2023-04-04T14:24:53Z</time>
<hdop>3.79</hdop>
</trkpt>
<trkpt lat="46.702683" lon="8.5038838">
<ele>2862.227</ele>
<time>2023-04-04T14:25:02Z</time>
<hdop>3.79</hdop>
</trkpt>
<trkpt lat="46.7027489" lon="8.5038504">
<ele>2864.362</ele>
<time>2023-04-04T14:25:17Z</time>
<hdop>3.79</hdop>
</trkpt>
<trkpt lat="46.7028169" lon="8.503847">
<ele>2865.405</ele>
<time>2023-04-04T14:25:24Z</time>
<hdop>3.79</hdop>
</trkpt>
<trkpt lat="46.702889" lon="8.503835">
<ele>2866.552</ele>
<time>2023-04-04T14:25:32Z</time>
<hdop>3.79</hdop>
</trkpt>
<trkpt lat="46.7029577" lon="8.5038254">
<ele>2867.386</ele>
<time>2023-04-04T14:25:40Z</time>
<hdop>3.79</hdop>
</trkpt>
<trkpt lat="46.7030292" lon="8.5038085">
<ele>2868.941</ele>
<time>2023-04-04T14:25:49Z</time>
<hdop>3.79</hdop>
</trkpt>
<trkpt lat="46.7031014" lon="8.5038125">
<ele>2870.525</ele>
<time>2023-04-04T14:25:58Z</time>
<hdop>3.79</hdop>
</trkpt>
<trkpt lat="46.7030587" lon="8.5037381">
<ele>2872.016</ele>
<time>2023-04-04T14:26:21Z</time>
<hdop>3.79</hdop>
</trkpt>
<trkpt lat="46.7029997" lon="8.5036955">
<ele>2872.942</ele>
<time>2023-04-04T14:26:27Z</time>
<hdop>3.79</hdop>
</trkpt>
<trkpt lat="46.7029333" lon="8.5036472">
<ele>2874.421</ele>
<time>2023-04-04T14:26:34Z</time>
<hdop>3.79</hdop>
</trkpt>
<trkpt lat="46.7028666" lon="8.5036036">
<ele>2875.048</ele>
<time>2023-04-04T14:26:41Z</time>
<hdop>3.79</hdop>
</trkpt>
<trkpt lat="46.7028099" lon="8.503548">
<ele>2876.539</ele>
<time>2023-04-04T14:26:48Z</time>
<hdop>3.79</hdop>
</trkpt>
<trkpt lat="46.7027445" lon="8.5034958">
<ele>2877.488</ele>
<time>2023-04-04T14:26:56Z</time>
<hdop>3.79</hdop>
</trkpt>
<trkpt lat="46.7026785" lon="8.5034612">
<ele>2879.686</ele>
<time>2023-04-04T14:27:04Z</time>
<hdop>3.79</hdop>
</trkpt>
<trkpt lat="46.7027276" lon="8.5033882">
<ele>2880.665</ele>
<time>2023-04-04T14:27:18Z</time>
<hdop>3.79</hdop>
</trkpt>
<trkpt lat="46.7027975" lon="8.5033804">
<ele>2882.256</ele>
<time>2023-04-04T14:27:25Z</time>
<hdop>3.79</hdop>
</trkpt>
<trkpt lat="46.7028695" lon="8.5033739">
<ele>2883.38</ele>
<time>2023-04-04T14:27:33Z</time>
<hdop>3.79</hdop>
</trkpt>
<trkpt lat="46.7029367" lon="8.5033481">
<ele>2885.566</ele>
<time>2023-04-04T14:27:42Z</time>
<hdop>3.79</hdop>
</trkpt>
<trkpt lat="46.7028997" lon="8.5032685">
<ele>2886.844</ele>
<time>2023-04-04T14:28:05Z</time>
<hdop>3.79</hdop>
</trkpt>
<trkpt lat="46.702837" lon="8.5032276">
<ele>2888.708</ele>
<time>2023-04-04T14:28:13Z</time>
<hdop>3.79</hdop>
</trkpt>
<trkpt lat="46.7027755" lon="8.5031809">
<ele>2891.158</ele>
<time>2023-04-04T14:28:22Z</time>
<hdop>3.79</hdop>
</trkpt>
<trkpt lat="46.7028322" lon="8.5031209">
<ele>2893.193</ele>
<time>2023-04-04T14:28:34Z</time>
<hdop>3.79</hdop>
</trkpt>
<trkpt lat="46.7028982" lon="8.5030956">
<ele>2894.764</ele>
<time>2023-04-04T14:28:41Z</time>
<hdop>3.79</hdop>
</trkpt>
<trkpt lat="46.7029635" lon="8.5030716">
<ele>2896.987</ele>
<time>2023-04-04T14:28:50Z</time>
<hdop>3.79</hdop>
</trkpt>
<trkpt lat="46.703029" lon="8.5030706">
<ele>2898.303</ele>
<time>2023-04-04T14:28:59Z</time>
<hdop>3.79</hdop>
</trkpt>
<trkpt lat="46.7029885" lon="8.5029843">
<ele>2901.768</ele>
<time>2023-04-04T14:29:20Z</time>
<hdop>3.79</hdop>
</trkpt>
<trkpt lat="46.7029253" lon="8.5029399">
<ele>2902.643</ele>
<time>2023-04-04T14:29:29Z</time>
<hdop>3.79</hdop>
</trkpt>
<trkpt lat="46.7028694" lon="8.5028898">
<ele>2904.434</ele>
<time>2023-04-04T14:29:38Z</time>
<hdop>3.79</hdop>
</trkpt>
<trkpt lat="46.7028019" lon="8.5028582">
<ele>2906.834</ele>
<time>2023-04-04T14:29:49Z</time>
<hdop>3.79</hdop>
</trkpt>
<trkpt lat="46.7028636" lon="8.5028034">
<ele>2907.854</ele>
<time>2023-04-04T14:30:03Z</time>
<hdop>3.79</hdop>
</trkpt>
<trkpt lat="46.7029323" lon="8.5027856">
<ele>2908.629</ele>
<time>2023-04-04T14:30:11Z</time>
<hdop>3.79</hdop>
</trkpt>
<trkpt lat="46.702884" lon="8.5027217">
<ele>2911.349</ele>
<time>2023-04-04T14:30:29Z</time>
<hdop>3.79</hdop>
</trkpt>
<trkpt lat="46.7028116" lon="8.502704">
<ele>2913.002</ele>
<time>2023-04-04T14:30:37Z</time>
<hdop>3.79</hdop>
</trkpt>
<trkpt lat="46.702739" lon="8.5027008">
<ele>2915.783</ele>
<time>2023-04-04T14:30:46Z</time>
<hdop>3.79</hdop>
</trkpt>
<trkpt lat="46.702675" lon="8.5027188">
<ele>2917.336</ele>
<time>2023-04-04T14:30:55Z</time>
<hdop>3.79</hdop>
</trkpt>
<trkpt lat="46.702607" lon="8.5027074">
<ele>2918.447</ele>
<time>2023-04-04T14:31:04Z</time>
<hdop>3.79</hdop>
</trkpt>
<trkpt lat="46.7025429" lon="8.5026852">
<ele>2919.256</ele>
<time>2023-04-04T14:31:13Z</time>
<hdop>3.79</hdop>
</trkpt>
<trkpt lat="46.7025843" lon="8.5026039">
<ele>2919.17</ele>
<time>2023-04-04T14:31:26Z</time>
<hdop>3.79</hdop>
</trkpt>
<trkpt lat="46.7026496" lon="8.502576">
<ele>2920.747</ele>
<time>2023-04-04T14:31:33Z</time>
<hdop>3.79</hdop>
</trkpt>
<trkpt lat="46.7027083" lon="8.5025299">
<ele>2922.649</ele>
<time>2023-04-04T14:31:41Z</time>
<hdop>3.79</hdop>
</trkpt>
<trkpt lat="46.7027665" lon="8.5024856">
<ele>2923.773</ele>
<time>2023-04-04T14:31:49Z</time>
<hdop>3.79</hdop>
</trkpt>
<trkpt lat="46.7027086" lon="8.502436">
<ele>2922.984</ele>
<time>2023-04-04T14:31:57Z</time>
<hdop>3.79</hdop>
</trkpt>
<trkpt lat="46.7026405" lon="8.5024567">
<ele>2925.405</ele>
<time>2023-04-04T14:32:07Z</time>
<hdop>3.79</hdop>
</trkpt>
<trkpt lat="46.7025741" lon="8.5024535">
<ele>2926.168</ele>
<time>2023-04-04T14:32:16Z</time>
<hdop>3.79</hdop>
</trkpt>
<trkpt lat="46.7025067" lon="8.5024484">
<ele>2928.011</ele>
<time>2023-04-04T14:32:24Z</time>
<hdop>3.79</hdop>
</trkpt>
<trkpt lat="46.702439" lon="8.5024219">
<ele>2929.081</ele>
<time>2023-04-04T14:32:33Z</time>
<hdop>3.79</hdop>
</trkpt>
<trkpt lat="46.7023805" lon="8.5023701">
<ele>2930.614</ele>
<time>2023-04-04T14:32:41Z</time>
<hdop>3.79</hdop>
</trkpt>
<trkpt lat="46.702439" lon="8.5023204">
<ele>2930.776</ele>
<time>2023-04-04T14:32:56Z</time>
<hdop>3.79</hdop>
</trkpt>
<trkpt lat="46.7025045" lon="8.502303">
<ele>2932.271</ele>
<time>2023-04-04T14:33:03Z</time>
<hdop>3.79</hdop>
</trkpt>
<trkpt lat="46.7025635" lon="8.5022626">
<ele>2933.91</ele>
<time>2023-04-04T14:33:12Z</time>
<hdop>3.79</hdop>
</trkpt>
<trkpt lat="46.7026209" lon="8.5022128">
<ele>2935.59</ele>
<time>2023-04-04T14:33:21Z</time>
<hdop>3.79</hdop>
</trkpt>
<trkpt lat="46.7025654" lon="8.5021633">
<ele>2937.12</ele>
<time>2023-04-04T14:33:32Z</time>
<hdop>3.79</hdop>
</trkpt>
<trkpt lat="46.7024987" lon="8.5021336">
<ele>2938.162</ele>
<time>2023-04-04T14:33:41Z</time>
<hdop>3.79</hdop>
</trkpt>
<trkpt lat="46.7024328" lon="8.502102">
<ele>2939.628</ele>
<time>2023-04-04T14:33:52Z</time>
<hdop>3.79</hdop>
</trkpt>
<trkpt lat="46.7023744" lon="8.5020527">
<ele>2940.668</ele>
<time>2023-04-04T14:34:03Z</time>
<hdop>3.79</hdop>
</trkpt>
<trkpt lat="46.7023146" lon="8.5020024">
<ele>2943.406</ele>
<time>2023-04-04T14:34:34Z</time>
<hdop>3.79</hdop>
</trkpt>
<trkpt lat="46.7022539" lon="8.5019554">
<ele>2944.913</ele>
<time>2023-04-04T14:34:44Z</time>
<hdop>3.79</hdop>
</trkpt>
<trkpt lat="46.7022016" lon="8.5018939">
<ele>2947.95</ele>
<time>2023-04-04T14:34:55Z</time>
<hdop>3.79</hdop>
</trkpt>
<trkpt lat="46.7021751" lon="8.5018059">
<ele>2949.484</ele>
<time>2023-04-04T14:35:05Z</time>
<hdop>3.79</hdop>
</trkpt>
<trkpt lat="46.7021531" lon="8.501715">
<ele>2950.596</ele>
<time>2023-04-04T14:35:15Z</time>
<hdop>3.79</hdop>
</trkpt>
<trkpt lat="46.702221" lon="8.5017107">
<ele>2951.291</ele>
<time>2023-04-04T14:35:27Z</time>
<hdop>3.79</hdop>
</trkpt>
<trkpt lat="46.7022807" lon="8.5017521">
<ele>2953.313</ele>
<time>2023-04-04T14:35:34Z</time>
<hdop>3.79</hdop>
</trkpt>
<trkpt lat="46.7023476" lon="8.5017623">
<ele>2954.592</ele>
<time>2023-04-04T14:35:45Z</time>
<hdop>3.79</hdop>
</trkpt>
<trkpt lat="46.7024152" lon="8.5017435">
<ele>2955.8</ele>
<time>2023-04-04T14:35:56Z</time>
<hdop>3.79</hdop>
</trkpt>
<trkpt lat="46.7023796" lon="8.5016628">
<ele>2954.529</ele>
<time>2023-04-04T14:36:25Z</time>
<hdop>3.79</hdop>
</trkpt>
<trkpt lat="46.7023189" lon="8.5016115">
<ele>2955.254</ele>
<time>2023-04-04T14:36:34Z</time>
<hdop>3.79</hdop>
</trkpt>
<trkpt lat="46.7022671" lon="8.5015406">
<ele>2956.617</ele>
<time>2023-04-04T14:36:43Z</time>
<hdop>3.79</hdop>
</trkpt>
<trkpt lat="46.7022075" lon="8.501492">
<ele>2958.686</ele>
<time>2023-04-04T14:36:51Z</time>
<hdop>3.79</hdop>
</trkpt>
<trkpt lat="46.7021491" lon="8.5014445">
<ele>2962.141</ele>
<time>2023-04-04T14:36:59Z</time>
<hdop>3.79</hdop>
</trkpt>
<trkpt lat="46.7020883" lon="8.5013973">
<ele>2965.821</ele>
<time>2023-04-04T14:37:09Z</time>
<hdop>3.79</hdop>
</trkpt>
<trkpt lat="46.7020352" lon="8.5013409">
<ele>2967.844</ele>
<time>2023-04-04T14:37:20Z</time>
<hdop>3.79</hdop>
</trkpt>
<trkpt lat="46.7019752" lon="8.5013008">
<ele>2970.215</ele>
<time>2023-04-04T14:37:34Z</time>
<hdop>3.79</hdop>
</trkpt>
<trkpt lat="46.7019081" lon="8.5012991">
<ele>2971.909</ele>
<time>2023-04-04T14:38:01Z</time>
<hdop>3.79</hdop>
</trkpt>
<trkpt lat="46.7018534" lon="8.5013533">
<ele>2974.928</ele>
<time>2023-04-04T14:43:16Z</time>
<hdop>3.79</hdop>
</trkpt>
<trkpt lat="46.7017599" lon="8.5014926">
<ele>2970.821</ele>
<time>2023-04-04T14:43:21Z</time>
<hdop>3.79</hdop>
</trkpt>
<trkpt lat="46.7015802" lon="8.501804">
<ele>2965.155</ele>
<time>2023-04-04T14:43:26Z</time>
<hdop>4.06</hdop>
</trkpt>
<trkpt lat="46.7014368" lon="8.5022275">
<ele>2955.095</ele>
<time>2023-04-04T14:43:31Z</time>
<hdop>3.79</hdop>
</trkpt>
<trkpt lat="46.7013551" lon="8.5024869">
<ele>2949.626</ele>
<time>2023-04-04T14:43:36Z</time>
<hdop>3.79</hdop>
</trkpt>
<trkpt lat="46.7012286" lon="8.5027082">
<ele>2944.644</ele>
<time>2023-04-04T14:43:41Z</time>
<hdop>3.79</hdop>
</trkpt>
<trkpt lat="46.7011276" lon="8.5030314">
<ele>2928.559</ele>
<time>2023-04-04T14:43:46Z</time>
<hdop>3.79</hdop>
</trkpt>
<trkpt lat="46.7011859" lon="8.5035013">
<ele>2904.058</ele>
<time>2023-04-04T14:43:51Z</time>
<hdop>3.79</hdop>
</trkpt>
<trkpt lat="46.7010891" lon="8.5039259">
<ele>2889.904</ele>
<time>2023-04-04T14:43:56Z</time>
<hdop>3.79</hdop>
</trkpt>
<trkpt lat="46.7012853" lon="8.5042272">
<ele>2863.186</ele>
<time>2023-04-04T14:44:01Z</time>
<hdop>4.07</hdop>
</trkpt>
<trkpt lat="46.7015165" lon="8.5047406">
<ele>2834.135</ele>
<time>2023-04-04T14:44:06Z</time>
<hdop>3.79</hdop>
</trkpt>
<trkpt lat="46.7018459" lon="8.5054618">
<ele>2809.082</ele>
<time>2023-04-04T14:44:11Z</time>
<hdop>3.79</hdop>
</trkpt>
<trkpt lat="46.7023951" lon="8.5058769">
<ele>2790.704</ele>
<time>2023-04-04T14:44:16Z</time>
<hdop>4.26</hdop>
</trkpt>
<trkpt lat="46.7028727" lon="8.5060775">
<ele>2790.448</ele>
<time>2023-04-04T14:44:21Z</time>
<hdop>3.79</hdop>
</trkpt>
<trkpt lat="46.7030685" lon="8.5061446">
<ele>2790.679</ele>
<time>2023-04-04T14:44:26Z</time>
<hdop>3.79</hdop>
</trkpt>
<trkpt lat="46.7030262" lon="8.5060552">
<ele>2790.331</ele>
<time>2023-04-04T14:45:33Z</time>
<hdop>3.79</hdop>
</trkpt>
<trkpt lat="46.702974" lon="8.5059868">
<ele>2792.204</ele>
<time>2023-04-04T14:45:40Z</time>
<hdop>3.79</hdop>
</trkpt>
<trkpt lat="46.7029295" lon="8.505909">
<ele>2793.867</ele>
<time>2023-04-04T14:45:47Z</time>
<hdop>3.79</hdop>
</trkpt>
<trkpt lat="46.7028796" lon="8.5058329">
<ele>2795.757</ele>
<time>2023-04-04T14:45:55Z</time>
<hdop>3.79</hdop>
</trkpt>
<trkpt lat="46.7028343" lon="8.5057603">
<ele>2798.455</ele>
<time>2023-04-04T14:46:02Z</time>
<hdop>3.79</hdop>
</trkpt>
<trkpt lat="46.7027853" lon="8.5056844">
<ele>2800.091</ele>
<time>2023-04-04T14:46:11Z</time>
<hdop>3.79</hdop>
</trkpt>
<trkpt lat="46.7027438" lon="8.5056028">
<ele>2801.661</ele>
<time>2023-04-04T14:46:19Z</time>
<hdop>3.79</hdop>
</trkpt>
<trkpt lat="46.702694" lon="8.5055302">
<ele>2803.044</ele>
<time>2023-04-04T14:46:27Z</time>
<hdop>3.79</hdop>
</trkpt>
<trkpt lat="46.7026403" lon="8.5054763">
<ele>2804.703</ele>
<time>2023-04-04T14:46:35Z</time>
<hdop>3.79</hdop>
</trkpt>
<trkpt lat="46.7027065" lon="8.5054374">
<ele>2806.33</ele>
<time>2023-04-04T14:46:46Z</time>
<hdop>3.79</hdop>
</trkpt>
<trkpt lat="46.7026506" lon="8.5053685">
<ele>2809.36</ele>
<time>2023-04-04T14:46:57Z</time>
<hdop>3.79</hdop>
</trkpt>
<trkpt lat="46.7025858" lon="8.5053284">
<ele>2811.209</ele>
<time>2023-04-04T14:47:04Z</time>
<hdop>3.79</hdop>
</trkpt>
<trkpt lat="46.7026464" lon="8.5052821">
<ele>2812.918</ele>
<time>2023-04-04T14:47:12Z</time>
<hdop>3.79</hdop>
</trkpt>
<trkpt lat="46.7027217" lon="8.5052712">
<ele>2813.895</ele>
<time>2023-04-04T14:47:19Z</time>
<hdop>3.79</hdop>
</trkpt>
<trkpt lat="46.7027862" lon="8.5052618">
<ele>2814.78</ele>
<time>2023-04-04T14:47:25Z</time>
<hdop>3.79</hdop>
</trkpt>
<trkpt lat="46.7028544" lon="8.5052539">
<ele>2816.248</ele>
<time>2023-04-04T14:47:31Z</time>
<hdop>3.79</hdop>
</trkpt>
<trkpt lat="46.7029223" lon="8.5052297">
<ele>2817.024</ele>
<time>2023-04-04T14:47:37Z</time>
<hdop>3.79</hdop>
</trkpt>
<trkpt lat="46.7029669" lon="8.5051589">
<ele>2817.268</ele>
<time>2023-04-04T14:47:43Z</time>
<hdop>3.79</hdop>
</trkpt>
<trkpt lat="46.7029011" lon="8.5051436">
<ele>2818.799</ele>
<time>2023-04-04T14:47:48Z</time>
<hdop>3.79</hdop>
</trkpt>
<trkpt lat="46.7028345" lon="8.5051033">
<ele>2820.066</ele>
<time>2023-04-04T14:47:54Z</time>
<hdop>3.79</hdop>
</trkpt>
<trkpt lat="46.7028952" lon="8.5050401">
<ele>2821.5</ele>
<time>2023-04-04T14:48:04Z</time>
<hdop>3.79</hdop>
</trkpt>
<trkpt lat="46.7029654" lon="8.5050293">
<ele>2823.12</ele>
<time>2023-04-04T14:48:10Z</time>
<hdop>3.79</hdop>
</trkpt>
<trkpt lat="46.7030293" lon="8.504997">
<ele>2825.07</ele>
<time>2023-04-04T14:48:16Z</time>
<hdop>3.79</hdop>
</trkpt>
<trkpt lat="46.7030892" lon="8.504954">
<ele>2826.277</ele>
<time>2023-04-04T14:48:22Z</time>
<hdop>3.79</hdop>
</trkpt>
<trkpt lat="46.7030577" lon="8.5048693">
<ele>2830.155</ele>
<time>2023-04-04T14:48:35Z</time>
<hdop>3.79</hdop>
</trkpt>
<trkpt lat="46.7029836" lon="8.5048538">
<ele>2831.395</ele>
<time>2023-04-04T14:48:41Z</time>
<hdop>3.79</hdop>
</trkpt>
<trkpt lat="46.702923" lon="8.5048168">
<ele>2833.207</ele>
<time>2023-04-04T14:48:47Z</time>
<hdop>3.79</hdop>
</trkpt>
<trkpt lat="46.7028628" lon="8.5047791">
<ele>2835.604</ele>
<time>2023-04-04T14:48:54Z</time>
<hdop>3.79</hdop>
</trkpt>
<trkpt lat="46.7029149" lon="8.5047088">
<ele>2836.503</ele>
<time>2023-04-04T14:49:04Z</time>
<hdop>3.79</hdop>
</trkpt>
<trkpt lat="46.7029826" lon="8.504683">
<ele>2837.633</ele>
<time>2023-04-04T14:49:10Z</time>
<hdop>3.79</hdop>
</trkpt>
<trkpt lat="46.7030389" lon="8.5046218">
<ele>2838.571</ele>
<time>2023-04-04T14:49:16Z</time>
<hdop>3.79</hdop>
</trkpt>
<trkpt lat="46.7029698" lon="8.5046132">
<ele>2840.087</ele>
<time>2023-04-04T14:49:26Z</time>
<hdop>3.79</hdop>
</trkpt>
<trkpt lat="46.7028948" lon="8.5045985">
<ele>2842.258</ele>
<time>2023-04-04T14:49:32Z</time>
<hdop>3.79</hdop>
</trkpt>
<trkpt lat="46.7028251" lon="8.5045736">
<ele>2843.687</ele>
<time>2023-04-04T14:49:38Z</time>
<hdop>3.79</hdop>
</trkpt>
<trkpt lat="46.7027705" lon="8.5045146">
<ele>2844.922</ele>
<time>2023-04-04T14:49:44Z</time>
<hdop>3.79</hdop>
</trkpt>
<trkpt lat="46.7027151" lon="8.5044457">
<ele>2846.921</ele>
<time>2023-04-04T14:49:51Z</time>
<hdop>3.79</hdop>
</trkpt>
<trkpt lat="46.702666" lon="8.5043822">
<ele>2847.004</ele>
<time>2023-04-04T14:49:57Z</time>
<hdop>3.79</hdop>
</trkpt>
<trkpt lat="46.7026114" lon="8.5043218">
<ele>2848.902</ele>
<time>2023-04-04T14:50:04Z</time>
<hdop>3.79</hdop>
</trkpt>
<trkpt lat="46.702568" lon="8.5042351">
<ele>2850.401</ele>
<time>2023-04-04T14:50:11Z</time>
<hdop>3.79</hdop>
</trkpt>
<trkpt lat="46.7026433" lon="8.5042304">
<ele>2851.193</ele>
<time>2023-04-04T14:50:18Z</time>
<hdop>3.79</hdop>
</trkpt>
<trkpt lat="46.702715" lon="8.504237">
<ele>2852.873</ele>
<time>2023-04-04T14:50:23Z</time>
<hdop>3.79</hdop>
</trkpt>
<trkpt lat="46.7027852" lon="8.5042097">
<ele>2854.513</ele>
<time>2023-04-04T14:50:30Z</time>
<hdop>3.79</hdop>
</trkpt>
<trkpt lat="46.7028409" lon="8.50416">
<ele>2855.83</ele>
<time>2023-04-04T14:50:36Z</time>
<hdop>3.79</hdop>
</trkpt>
<trkpt lat="46.7029007" lon="8.5041109">
<ele>2858.129</ele>
<time>2023-04-04T14:51:00Z</time>
<hdop>3.79</hdop>
</trkpt>
<trkpt lat="46.7029656" lon="8.504089">
<ele>2859.646</ele>
<time>2023-04-04T14:51:07Z</time>
<hdop>3.79</hdop>
</trkpt>
<trkpt lat="46.7029058" lon="8.5040293">
<ele>2859.651</ele>
<time>2023-04-04T14:51:16Z</time>
<hdop>3.79</hdop>
</trkpt>
<trkpt lat="46.7028337" lon="8.5040244">
<ele>2861.117</ele>
<time>2023-04-04T14:51:23Z</time>
<hdop>3.79</hdop>
</trkpt>
<trkpt lat="46.7027763" lon="8.5039804">
<ele>2863.665</ele>
<time>2023-04-04T14:51:29Z</time>
<hdop>3.79</hdop>
</trkpt>
<trkpt lat="46.702725" lon="8.5039148">
<ele>2865.421</ele>
<time>2023-04-04T14:51:35Z</time>
<hdop>3.79</hdop>
</trkpt>
<trkpt lat="46.7026716" lon="8.5038443">
<ele>2866.639</ele>
<time>2023-04-04T14:51:41Z</time>
<hdop>3.79</hdop>
</trkpt>
<trkpt lat="46.7027432" lon="8.50382">
<ele>2866.156</ele>
<time>2023-04-04T14:51:48Z</time>
<hdop>3.79</hdop>
</trkpt>
<trkpt lat="46.7028081" lon="8.5038189">
<ele>2866.845</ele>
<time>2023-04-04T14:51:53Z</time>
<hdop>3.79</hdop>
</trkpt>
<trkpt lat="46.7028799" lon="8.5038048">
<ele>2868.296</ele>
<time>2023-04-04T14:51:59Z</time>
<hdop>3.79</hdop>
</trkpt>
<trkpt lat="46.7029527" lon="8.5038078">
<ele>2871.885</ele>
<time>2023-04-04T14:52:09Z</time>
<hdop>3.79</hdop>
</trkpt>
<trkpt lat="46.7030189" lon="8.5037894">
<ele>2872.813</ele>
<time>2023-04-04T14:52:18Z</time>
<hdop>3.79</hdop>
</trkpt>
<trkpt lat="46.7030851" lon="8.503787">
<ele>2873.356</ele>
<time>2023-04-04T14:52:25Z</time>
<hdop>3.79</hdop>
</trkpt>
<trkpt lat="46.7031511" lon="8.5037736">
<ele>2874.988</ele>
<time>2023-04-04T14:52:33Z</time>
<hdop>3.79</hdop>
</trkpt>
<trkpt lat="46.7030835" lon="8.5037286">
<ele>2877.456</ele>
<time>2023-04-04T14:52:57Z</time>
<hdop>3.79</hdop>
</trkpt>
<trkpt lat="46.7030226" lon="8.5036936">
<ele>2878.441</ele>
<time>2023-04-04T14:53:04Z</time>
<hdop>3.79</hdop>
</trkpt>
<trkpt lat="46.7029598" lon="8.503654">
<ele>2879.914</ele>
<time>2023-04-04T14:53:11Z</time>
<hdop>3.79</hdop>
</trkpt>
<trkpt lat="46.7028919" lon="8.5036126">
<ele>2881.864</ele>
<time>2023-04-04T14:53:26Z</time>
<hdop>3.79</hdop>
</trkpt>
<trkpt lat="46.7028299" lon="8.5035524">
<ele>2882.981</ele>
<time>2023-04-04T14:53:32Z</time>
<hdop>3.79</hdop>
</trkpt>
<trkpt lat="46.7027613" lon="8.5034986">
<ele>2884.226</ele>
<time>2023-04-04T14:53:38Z</time>
<hdop>3.79</hdop>
</trkpt>
<trkpt lat="46.7026979" lon="8.5034584">
<ele>2885.164</ele>
<time>2023-04-04T14:53:43Z</time>
<hdop>3.79</hdop>
</trkpt>
<trkpt lat="46.7027277" lon="8.503371">
<ele>2883.938</ele>
<time>2023-04-04T14:53:52Z</time>
<hdop>3.79</hdop>
</trkpt>
<trkpt lat="46.7028016" lon="8.5033681">
<ele>2885.235</ele>
<time>2023-04-04T14:53:57Z</time>
<hdop>3.79</hdop>
</trkpt>
<trkpt lat="46.7028656" lon="8.5033533">
<ele>2887.154</ele>
<time>2023-04-04T14:54:02Z</time>
<hdop>3.79</hdop>
</trkpt>
<trkpt lat="46.7029332" lon="8.5033321">
<ele>2888.178</ele>
<time>2023-04-04T14:54:08Z</time>
<hdop>3.79</hdop>
</trkpt>
<trkpt lat="46.703" lon="8.5033323">
<ele>2890.531</ele>
<time>2023-04-04T14:54:15Z</time>
<hdop>3.79</hdop>
</trkpt>
<trkpt lat="46.7029393" lon="8.5032865">
<ele>2893.463</ele>
<time>2023-04-04T14:54:27Z</time>
<hdop>3.79</hdop>
</trkpt>
<trkpt lat="46.7028702" lon="8.5032491">
<ele>2894.809</ele>
<time>2023-04-04T14:54:33Z</time>
<hdop>3.79</hdop>
</trkpt>
<trkpt lat="46.7028111" lon="8.5032032">
<ele>2896.31</ele>
<time>2023-04-04T14:54:39Z</time>
<hdop>3.79</hdop>
</trkpt>
<trkpt lat="46.7027665" lon="8.5031249">
<ele>2898.583</ele>
<time>2023-04-04T14:54:46Z</time>
<hdop>3.79</hdop>
</trkpt>
<trkpt lat="46.7028289" lon="8.5030964">
<ele>2897.941</ele>
<time>2023-04-04T14:54:52Z</time>
<hdop>3.79</hdop>
</trkpt>
<trkpt lat="46.7028973" lon="8.5030782">
<ele>2898.706</ele>
<time>2023-04-04T14:54:58Z</time>
<hdop>3.79</hdop>
</trkpt>
<trkpt lat="46.7029706" lon="8.5030639">
<ele>2900.801</ele>
<time>2023-04-04T14:55:05Z</time>
<hdop>3.79</hdop>
</trkpt>
<trkpt lat="46.7030419" lon="8.5030611">
<ele>2902.139</ele>
<time>2023-04-04T14:55:12Z</time>
<hdop>3.79</hdop>
</trkpt>
<trkpt lat="46.703002" lon="8.5029842">
<ele>2905.026</ele>
<time>2023-04-04T14:55:24Z</time>
<hdop>3.79</hdop>
</trkpt>
<trkpt lat="46.7029401" lon="8.5029337">
<ele>2907.186</ele>
<time>2023-04-04T14:55:31Z</time>
<hdop>3.79</hdop>
</trkpt>
<trkpt lat="46.7028743" lon="8.5028887">
<ele>2909.148</ele>
<time>2023-04-04T14:55:39Z</time>
<hdop>3.79</hdop>
</trkpt>
<trkpt lat="46.7028102" lon="8.5028507">
<ele>2910.716</ele>
<time>2023-04-04T14:55:46Z</time>
<hdop>3.79</hdop>
</trkpt>
<trkpt lat="46.7028694" lon="8.5027896">
<ele>2911.768</ele>
<time>2023-04-04T14:55:56Z</time>
<hdop>3.79</hdop>
</trkpt>
<trkpt lat="46.7029393" lon="8.5027667">
<ele>2912.648</ele>
<time>2023-04-04T14:56:02Z</time>
<hdop>3.79</hdop>
</trkpt>
<trkpt lat="46.7028799" lon="8.502708">
<ele>2915.49</ele>
<time>2023-04-04T14:56:18Z</time>
<hdop>3.79</hdop>
</trkpt>
<trkpt lat="46.7028078" lon="8.5026899">
<ele>2917.843</ele>
<time>2023-04-04T14:56:24Z</time>
<hdop>3.79</hdop>
</trkpt>
<trkpt lat="46.7027328" lon="8.5026986">
<ele>2920.166</ele>
<time>2023-04-04T14:56:31Z</time>
<hdop>3.79</hdop>
</trkpt>
<trkpt lat="46.7026641" lon="8.5027136">
<ele>2921.93</ele>
<time>2023-04-04T14:56:37Z</time>
<hdop>3.79</hdop>
</trkpt>
<trkpt lat="46.7025966" lon="8.5026897">
<ele>2922.812</ele>
<time>2023-04-04T14:56:43Z</time>
<hdop>3.79</hdop>
</trkpt>
<trkpt lat="46.7025325" lon="8.5026402">
<ele>2924.533</ele>
<time>2023-04-04T14:56:50Z</time>
<hdop>3.79</hdop>
</trkpt>
<trkpt lat="46.702602" lon="8.5025889">
<ele>2923.368</ele>
<time>2023-04-04T14:56:55Z</time>
<hdop>3.79</hdop>
</trkpt>
<trkpt lat="46.7026691" lon="8.502552">
<ele>2924.518</ele>
<time>2023-04-04T14:57:01Z</time>
<hdop>3.79</hdop>
</trkpt>
<trkpt lat="46.7027314" lon="8.5024979">
<ele>2925.201</ele>
<time>2023-04-04T14:57:07Z</time>
<hdop>3.79</hdop>
</trkpt>
<trkpt lat="46.7026725" lon="8.5024529">
<ele>2928.398</ele>
<time>2023-04-04T14:57:21Z</time>
<hdop>3.79</hdop>
</trkpt>
<trkpt lat="46.7025982" lon="8.5024724">
<ele>2930.585</ele>
<time>2023-04-04T14:57:27Z</time>
<hdop>3.79</hdop>
</trkpt>
<trkpt lat="46.7025318" lon="8.5024618">
<ele>2932.081</ele>
<time>2023-04-04T14:57:33Z</time>
<hdop>3.79</hdop>
</trkpt>
<trkpt lat="46.7024614" lon="8.5024331">
<ele>2933.1</ele>
<time>2023-04-04T14:57:39Z</time>
<hdop>3.79</hdop>
</trkpt>
<trkpt lat="46.7023972" lon="8.5023831">
<ele>2934.89</ele>
<time>2023-04-04T14:57:45Z</time>
<hdop>3.79</hdop>
</trkpt>
<trkpt lat="46.7024442" lon="8.5023021">
<ele>2934.328</ele>
<time>2023-04-04T14:57:52Z</time>
<hdop>3.79</hdop>
</trkpt>
<trkpt lat="46.7025158" lon="8.502286">
<ele>2935.373</ele>
<time>2023-04-04T14:57:58Z</time>
<hdop>3.79</hdop>
</trkpt>
<trkpt lat="46.7025788" lon="8.5022387">
<ele>2936.863</ele>
<time>2023-04-04T14:58:05Z</time>
<hdop>3.79</hdop>
</trkpt>
<trkpt lat="46.7026373" lon="8.5021804">
<ele>2939.362</ele>
<time>2023-04-04T14:58:12Z</time>
<hdop>3.79</hdop>
</trkpt>
<trkpt lat="46.7025729" lon="8.5021389">
<ele>2939.901</ele>
<time>2023-04-04T14:58:20Z</time>
<hdop>3.79</hdop>
</trkpt>
<trkpt lat="46.7025019" lon="8.5021283">
<ele>2941.757</ele>
<time>2023-04-04T14:58:26Z</time>
<hdop>3.79</hdop>
</trkpt>
<trkpt lat="46.7024367" lon="8.5021092">
<ele>2944.153</ele>
<time>2023-04-04T14:58:32Z</time>
<hdop>3.79</hdop>
</trkpt>
<trkpt lat="46.702374" lon="8.5020687">
<ele>2946.294</ele>
<time>2023-04-04T14:58:39Z</time>
<hdop>3.79</hdop>
</trkpt>
<trkpt lat="46.7023106" lon="8.5020106">
<ele>2947.568</ele>
<time>2023-04-04T14:58:46Z</time>
<hdop>3.79</hdop>
</trkpt>
<trkpt lat="46.7022526" lon="8.5019508">
<ele>2949.07</ele>
<time>2023-04-04T14:58:53Z</time>
<hdop>3.79</hdop>
</trkpt>
<trkpt lat="46.7022169" lon="8.5018685">
<ele>2950.894</ele>
<time>2023-04-04T14:59:00Z</time>
<hdop>3.79</hdop>
</trkpt>
<trkpt lat="46.7021908" lon="8.5017786">
<ele>2952.008</ele>
<time>2023-04-04T14:59:07Z</time>
<hdop>3.79</hdop>
</trkpt>
<trkpt lat="46.7021638" lon="8.501679">
<ele>2953.413</ele>
<time>2023-04-04T14:59:16Z</time>
<hdop>3.79</hdop>
</trkpt>
<trkpt lat="46.7022342" lon="8.5017098">
<ele>2954.412</ele>
<time>2023-04-04T14:59:23Z</time>
<hdop>3.79</hdop>
</trkpt>
<trkpt lat="46.7022984" lon="8.5017321">
<ele>2955.926</ele>
<time>2023-04-04T14:59:30Z</time>
<hdop>3.79</hdop>
</trkpt>
<trkpt lat="46.7023629" lon="8.5017498">
<ele>2957.565</ele>
<time>2023-04-04T14:59:38Z</time>
<hdop>3.79</hdop>
</trkpt>
<trkpt lat="46.7023252" lon="8.5016699">
<ele>2964.372</ele>
<time>2023-04-04T15:00:26Z</time>
<hdop>3.79</hdop>
</trkpt>
<trkpt lat="46.7022786" lon="8.5016033">
<ele>2966.523</ele>
<time>2023-04-04T15:00:35Z</time>
<hdop>3.79</hdop>
</trkpt>
<trkpt lat="46.7022318" lon="8.5015346">
<ele>2966.627</ele>
<time>2023-04-04T15:00:45Z</time>
<hdop>3.79</hdop>
</trkpt>
<trkpt lat="46.7021776" lon="8.5014686">
<ele>2967.875</ele>
<time>2023-04-04T15:00:56Z</time>
<hdop>3.79</hdop>
</trkpt>
<trkpt lat="46.7021252" lon="8.5014111">
<ele>2969.598</ele>
<time>2023-04-04T15:01:09Z</time>
<hdop>3.79</hdop>
</trkpt>
<trkpt lat="46.7020758" lon="8.5013466">
<ele>2971.555</ele>
<time>2023-04-04T15:01:22Z</time>
<hdop>3.79</hdop>
</trkpt>
<trkpt lat="46.7020188" lon="8.5012931">
<ele>2973.2</ele>
<time>2023-04-04T15:01:39Z</time>
<hdop>3.79</hdop>
</trkpt>
<trkpt lat="46.701954" lon="8.5012843">
<ele>2973.746</ele>
<time>2023-04-04T15:02:11Z</time>
<hdop>3.79</hdop>
</trkpt>
<trkpt lat="46.7018887" lon="8.5013085">
<ele>2975.61</ele>
<time>2023-04-04T15:02:24Z</time>
<hdop>3.79</hdop>
</trkpt>
<trkpt lat="46.7019532" lon="8.5012876">
<ele>2976.636</ele>
<time>2023-04-04T15:10:48Z</time>
<hdop>3.79</hdop>
</trkpt>
<trkpt lat="46.7019083" lon="8.5012033">
<ele>2973.722</ele>
<time>2023-04-04T15:14:58Z</time>
<hdop>3.79</hdop>
</trkpt>
<trkpt lat="46.7017428" lon="8.5010692">
<ele>2964.086</ele>
<time>2023-04-04T15:15:03Z</time>
<hdop>3.79</hdop>
</trkpt>
<trkpt lat="46.7017309" lon="8.5006315">
<ele>2956.805</ele>
<time>2023-04-04T15:15:08Z</time>
<hdop>4.01</hdop>
</trkpt>
<trkpt lat="46.7015967" lon="8.5003853">
<ele>2935.227</ele>
<time>2023-04-04T15:15:13Z</time>
<hdop>3.79</hdop>
</trkpt>
<trkpt lat="46.7015071" lon="8.5003307">
<ele>2936.437</ele>
<time>2023-04-04T15:15:18Z</time>
<hdop>7.9</hdop>
</trkpt>
<trkpt lat="46.7015648" lon="8.5003792">
<ele>2928.469</ele>
<time>2023-04-04T15:15:23Z</time>
<hdop>4.68</hdop>
</trkpt>
<trkpt lat="46.7015059" lon="8.50047">
<ele>2914.278</ele>
<time>2023-04-04T15:18:57Z</time>
<hdop>3.79</hdop>
</trkpt>
<trkpt lat="46.701206" lon="8.5007475">
<ele>2908.549</ele>
<time>2023-04-04T15:19:02Z</time>
<hdop>4.55</hdop>
</trkpt>
<trkpt lat="46.7010197" lon="8.5005321">
<ele>2895.133</ele>
<time>2023-04-04T15:19:07Z</time>
<hdop>6.05</hdop>
</trkpt>
<trkpt lat="46.7008777" lon="8.50022">
<ele>2861.601</ele>
<time>2023-04-04T15:19:12Z</time>
<hdop>7.16</hdop>
</trkpt>
<trkpt lat="46.7005258" lon="8.4998735">
<ele>2888.597</ele>
<time>2023-04-04T15:19:17Z</time>
<hdop>15.33</hdop>
</trkpt>
<trkpt lat="46.7007024" lon="8.5000835">
<ele>2868.388</ele>
<time>2023-04-04T15:19:22Z</time>
<hdop>9.72</hdop>
</trkpt>
<trkpt lat="46.7007645" lon="8.5000558">
<ele>2861.973</ele>
<time>2023-04-04T15:21:52Z</time>
<hdop>11.87</hdop>
</trkpt>
<trkpt lat="46.7007663" lon="8.499953">
<ele>2860.744</ele>
<time>2023-04-04T15:24:13Z</time>
<hdop>9.06</hdop>
</trkpt>
<trkpt lat="46.7007054" lon="8.5000019">
<ele>2854.186</ele>
<time>2023-04-04T15:25:21Z</time>
<hdop>10.08</hdop>
</trkpt>
<trkpt lat="46.7005918" lon="8.4998904">
<ele>2842.582</ele>
<time>2023-04-04T15:25:26Z</time>
<hdop>5.28</hdop>
</trkpt>
<trkpt lat="46.7005571" lon="8.499776">
<ele>2829.69</ele>
<time>2023-04-04T15:25:33Z</time>
<hdop>4.83</hdop>
</trkpt>
<trkpt lat="46.7006174" lon="8.4997413">
<ele>2810.185</ele>
<time>2023-04-04T15:26:40Z</time>
<hdop>4.94</hdop>
</trkpt>
<trkpt lat="46.7005363" lon="8.4997929">
<ele>2804.515</ele>
<time>2023-04-04T15:29:24Z</time>
<hdop>4.12</hdop>
</trkpt>
<trkpt lat="46.7004769" lon="8.4998449">
<ele>2800.655</ele>
<time>2023-04-04T15:29:35Z</time>
<hdop>4.45</hdop>
</trkpt>
<trkpt lat="46.700224" lon="8.5001091">
<ele>2794.189</ele>
<time>2023-04-04T15:29:40Z</time>
<hdop>7.8</hdop>
</trkpt>
<trkpt lat="46.6999435" lon="8.4998914">
<ele>2788.359</ele>
<time>2023-04-04T15:29:45Z</time>
<hdop>8.55</hdop>
</trkpt>
<trkpt lat="46.6996957" lon="8.4998631">
<ele>2761.252</ele>
<time>2023-04-04T15:29:50Z</time>
<hdop>4.14</hdop>
</trkpt>
<trkpt lat="46.6993614" lon="8.4997206">
<ele>2750.109</ele>
<time>2023-04-04T15:29:55Z</time>
<hdop>3.79</hdop>
</trkpt>
<trkpt lat="46.6992965" lon="8.4997324">
<ele>2750.15</ele>
<time>2023-04-04T15:30:18Z</time>
<hdop>4.06</hdop>
</trkpt>
<trkpt lat="46.6992487" lon="8.4998104">
<ele>2746.733</ele>
<time>2023-04-04T15:30:23Z</time>
<hdop>3.79</hdop>
</trkpt>
<trkpt lat="46.6992107" lon="8.4998998">
<ele>2747.476</ele>
<time>2023-04-04T15:30:28Z</time>
<hdop>3.79</hdop>
</trkpt>
<trkpt lat="46.6991777" lon="8.4999934">
<ele>2746.668</ele>
<time>2023-04-04T15:30:33Z</time>
<hdop>4.0</hdop>
</trkpt>
<trkpt lat="46.6991249" lon="8.5001033">
<ele>2746.342</ele>
<time>2023-04-04T15:30:38Z</time>
<hdop>3.79</hdop>
</trkpt>
<trkpt lat="46.6990953" lon="8.5002055">
<ele>2747.148</ele>
<time>2023-04-04T15:31:58Z</time>
<hdop>3.81</hdop>
</trkpt>
<trkpt lat="46.6988635" lon="8.5002539">
<ele>2739.635</ele>
<time>2023-04-04T15:32:03Z</time>
<hdop>3.79</hdop>
</trkpt>
<trkpt lat="46.6985793" lon="8.5002015">
<ele>2731.99</ele>
<time>2023-04-04T15:32:08Z</time>
<hdop>3.79</hdop>
</trkpt>
<trkpt lat="46.6983547" lon="8.500152">
<ele>2719.303</ele>
<time>2023-04-04T15:32:13Z</time>
<hdop>3.79</hdop>
</trkpt>
<trkpt lat="46.6980878" lon="8.4999383">
<ele>2709.03</ele>
<time>2023-04-04T15:32:18Z</time>
<hdop>3.79</hdop>
</trkpt>
<trkpt lat="46.6979014" lon="8.5001522">
<ele>2702.741</ele>
<time>2023-04-04T15:32:23Z</time>
<hdop>3.79</hdop>
</trkpt>
<trkpt lat="46.6976567" lon="8.5001486">
<ele>2694.094</ele>
<time>2023-04-04T15:32:28Z</time>
<hdop>3.79</hdop>
</trkpt>
<trkpt lat="46.6975033" lon="8.4999723">
<ele>2683.69</ele>
<time>2023-04-04T15:32:33Z</time>
<hdop>3.79</hdop>
</trkpt>
<trkpt lat="46.697334" lon="8.4997496">
<ele>2671.761</ele>
<time>2023-04-04T15:32:38Z</time>
<hdop>3.79</hdop>
</trkpt>
<trkpt lat="46.6971492" lon="8.4996408">
<ele>2662.709</ele>
<time>2023-04-04T15:32:43Z</time>
<hdop>3.79</hdop>
</trkpt>
<trkpt lat="46.696903" lon="8.4994964">
<ele>2654.385</ele>
<time>2023-04-04T15:32:48Z</time>
<hdop>3.79</hdop>
</trkpt>
<trkpt lat="46.696839" lon="8.4995149">
<ele>2651.125</ele>
<time>2023-04-04T15:32:56Z</time>
<hdop>3.79</hdop>
</trkpt>
<trkpt lat="46.6967999" lon="8.4996122">
<ele>2646.456</ele>
<time>2023-04-04T15:34:08Z</time>
<hdop>3.79</hdop>
</trkpt>
<trkpt lat="46.6966536" lon="8.4997643">
<ele>2644.319</ele>
<time>2023-04-04T15:34:13Z</time>
<hdop>3.79</hdop>
</trkpt>
<trkpt lat="46.6963817" lon="8.4999768">
<ele>2640.722</ele>
<time>2023-04-04T15:34:18Z</time>
<hdop>4.99</hdop>
</trkpt>
<trkpt lat="46.6961745" lon="8.4996405">
<ele>2628.33</ele>
<time>2023-04-04T15:34:23Z</time>
<hdop>4.33</hdop>
</trkpt>
<trkpt lat="46.6959631" lon="8.4992491">
<ele>2611.038</ele>
<time>2023-04-04T15:34:28Z</time>
<hdop>4.29</hdop>
</trkpt>
<trkpt lat="46.6958119" lon="8.4987792">
<ele>2592.326</ele>
<time>2023-04-04T15:34:33Z</time>
<hdop>4.34</hdop>
</trkpt>
<trkpt lat="46.6957761" lon="8.4985615">
<ele>2588.037</ele>
<time>2023-04-04T15:34:38Z</time>
<hdop>3.79</hdop>
</trkpt>
<trkpt lat="46.6957443" lon="8.4984406">
<ele>2586.126</ele>
<time>2023-04-04T15:34:48Z</time>
<hdop>3.79</hdop>
</trkpt>
<trkpt lat="46.6957395" lon="8.4982398">
<ele>2583.969</ele>
<time>2023-04-04T15:34:53Z</time>
<hdop>3.79</hdop>
</trkpt>
<trkpt lat="46.6955963" lon="8.4981109">
<ele>2579.578</ele>
<time>2023-04-04T15:34:58Z</time>
<hdop>3.79</hdop>
</trkpt>
<trkpt lat="46.6955195" lon="8.4978242">
<ele>2570.779</ele>
<time>2023-04-04T15:35:03Z</time>
<hdop>3.79</hdop>
</trkpt>
<trkpt lat="46.6953801" lon="8.4975151">
<ele>2560.066</ele>
<time>2023-04-04T15:35:08Z</time>
<hdop>3.79</hdop>
</trkpt>
<trkpt lat="46.6954002" lon="8.497423">
<ele>2558.968</ele>
<time>2023-04-04T15:36:35Z</time>
<hdop>3.79</hdop>
</trkpt>
<trkpt lat="46.6953177" lon="8.497239">
<ele>2550.666</ele>
<time>2023-04-04T15:36:40Z</time>
<hdop>3.79</hdop>
</trkpt>
<trkpt lat="46.6951336" lon="8.4970927">
<ele>2543.449</ele>
<time>2023-04-04T15:36:45Z</time>
<hdop>3.79</hdop>
</trkpt>
<trkpt lat="46.6949704" lon="8.4969197">
<ele>2537.773</ele>
<time>2023-04-04T15:36:50Z</time>
<hdop>3.79</hdop>
</trkpt>
<trkpt lat="46.6948025" lon="8.4967734">
<ele>2533.043</ele>
<time>2023-04-04T15:36:55Z</time>
<hdop>3.79</hdop>
</trkpt>
<trkpt lat="46.6946208" lon="8.4966925">
<ele>2527.383</ele>
<time>2023-04-04T15:37:00Z</time>
<hdop>3.79</hdop>
</trkpt>
<trkpt lat="46.6945357" lon="8.4964667">
<ele>2521.266</ele>
<time>2023-04-04T15:37:05Z</time>
<hdop>3.79</hdop>
</trkpt>
<trkpt lat="46.6944" lon="8.4964351">
<ele>2516.083</ele>
<time>2023-04-04T15:37:10Z</time>
<hdop>3.79</hdop>
</trkpt>
<trkpt lat="46.6943469" lon="8.4963722">
<ele>2514.254</ele>
<time>2023-04-04T15:37:16Z</time>
<hdop>3.79</hdop>
</trkpt>
<trkpt lat="46.6942927" lon="8.4962904">
<ele>2508.254</ele>
<time>2023-04-04T15:37:40Z</time>
<hdop>3.79</hdop>
</trkpt>
<trkpt lat="46.6942199" lon="8.4960838">
<ele>2500.947</ele>
<time>2023-04-04T15:37:45Z</time>
<hdop>3.79</hdop>
</trkpt>
<trkpt lat="46.6942099" lon="8.4959733">
<ele>2502.334</ele>
<time>2023-04-04T15:38:34Z</time>
<hdop>3.79</hdop>
</trkpt>
<trkpt lat="46.6942212" lon="8.4958716">
<ele>2502.326</ele>
<time>2023-04-04T15:38:39Z</time>
<hdop>3.79</hdop>
</trkpt>
<trkpt lat="46.6942097" lon="8.4957702">
<ele>2503.137</ele>
<time>2023-04-04T15:38:48Z</time>
<hdop>3.79</hdop>
</trkpt>
<trkpt lat="46.6942128" lon="8.4956665">
<ele>2502.636</ele>
<time>2023-04-04T15:38:53Z</time>
<hdop>3.79</hdop>
</trkpt>
<trkpt lat="46.6941785" lon="8.4954793">
<ele>2501.928</ele>
<time>2023-04-04T15:38:58Z</time>
<hdop>3.79</hdop>
</trkpt>
<trkpt lat="46.6941814" lon="8.4953488">
<ele>2501.675</ele>
<time>2023-04-04T15:39:03Z</time>
<hdop>3.79</hdop>
</trkpt>
<trkpt lat="46.6941339" lon="8.4954359">
<ele>2496.784</ele>
<time>2023-04-04T15:42:02Z</time>
<hdop>3.79</hdop>
</trkpt>
<trkpt lat="46.6940317" lon="8.4951373">
<ele>2491.36</ele>
<time>2023-04-04T15:42:07Z</time>
<hdop>3.79</hdop>
</trkpt>
<trkpt lat="46.6938913" lon="8.4949107">
<ele>2480.002</ele>
<time>2023-04-04T15:42:12Z</time>
<hdop>3.79</hdop>
</trkpt>
<trkpt lat="46.6937341" lon="8.4947347">
<ele>2468.866</ele>
<time>2023-04-04T15:42:17Z</time>
<hdop>3.79</hdop>
</trkpt>
<trkpt lat="46.6936263" lon="8.4944874">
<ele>2459.601</ele>
<time>2023-04-04T15:42:22Z</time>
<hdop>3.79</hdop>
</trkpt>
<trkpt lat="46.6936256" lon="8.4943578">
<ele>2458.098</ele>
<time>2023-04-04T15:42:27Z</time>
<hdop>3.79</hdop>
</trkpt>
<trkpt lat="46.6935917" lon="8.4942741">
<ele>2455.045</ele>
<time>2023-04-04T15:42:42Z</time>
<hdop>3.79</hdop>
</trkpt>
<trkpt lat="46.693385" lon="8.4942245">
<ele>2445.994</ele>
<time>2023-04-04T15:42:47Z</time>
<hdop>3.79</hdop>
</trkpt>
<trkpt lat="46.6930934" lon="8.4943461">
<ele>2435.593</ele>
<time>2023-04-04T15:42:52Z</time>
<hdop>3.79</hdop>
</trkpt>
<trkpt lat="46.6929404" lon="8.4946639">
<ele>2432.642</ele>
<time>2023-04-04T15:42:57Z</time>
<hdop>3.79</hdop>
</trkpt>
<trkpt lat="46.6928664" lon="8.4946773">
<ele>2430.449</ele>
<time>2023-04-04T15:43:02Z</time>
<hdop>3.79</hdop>
</trkpt>
<trkpt lat="46.6927725" lon="8.4944277">
<ele>2428.662</ele>
<time>2023-04-04T15:43:07Z</time>
<hdop>3.79</hdop>
</trkpt>
<trkpt lat="46.6927308" lon="8.4943439">
<ele>2428.381</ele>
<time>2023-04-04T15:43:12Z</time>
<hdop>3.79</hdop>
</trkpt>
<trkpt lat="46.6926853" lon="8.4942729">
<ele>2427.21</ele>
<time>2023-04-04T15:43:27Z</time>
<hdop>3.79</hdop>
</trkpt>
<trkpt lat="46.6925089" lon="8.4942035">
<ele>2421.361</ele>
<time>2023-04-04T15:43:32Z</time>
<hdop>3.79</hdop>
</trkpt>
<trkpt lat="46.6924179" lon="8.49414">
<ele>2417.963</ele>
<time>2023-04-04T15:43:37Z</time>
<hdop>3.79</hdop>
</trkpt>
<trkpt lat="46.6923938" lon="8.4940345">
<ele>2416.715</ele>
<time>2023-04-04T15:43:42Z</time>
<hdop>3.79</hdop>
</trkpt>
<trkpt lat="46.6923673" lon="8.4939343">
<ele>2413.602</ele>
<time>2023-04-04T15:44:03Z</time>
<hdop>3.79</hdop>
</trkpt>
<trkpt lat="46.6923921" lon="8.493843">
<ele>2412.553</ele>
<time>2023-04-04T15:44:19Z</time>
<hdop>3.79</hdop>
</trkpt>
<trkpt lat="46.6923818" lon="8.4937038">
<ele>2408.574</ele>
<time>2023-04-04T15:44:29Z</time>
<hdop>3.79</hdop>
</trkpt>
<trkpt lat="46.6923499" lon="8.4932766">
<ele>2404.946</ele>
<time>2023-04-04T15:44:34Z</time>
<hdop>3.79</hdop>
</trkpt>
<trkpt lat="46.6924058" lon="8.4929861">
<ele>2402.612</ele>
<time>2023-04-04T15:44:39Z</time>
<hdop>3.79</hdop>
</trkpt>
<trkpt lat="46.6924616" lon="8.4927509">
<ele>2401.227</ele>
<time>2023-04-04T15:44:44Z</time>
<hdop>3.79</hdop>
</trkpt>
<trkpt lat="46.6925229" lon="8.4925685">
<ele>2400.244</ele>
<time>2023-04-04T15:44:49Z</time>
<hdop>3.79</hdop>
</trkpt>
<trkpt lat="46.6925593" lon="8.4924828">
<ele>2399.796</ele>
<time>2023-04-04T15:44:54Z</time>
<hdop>3.79</hdop>
</trkpt>
<trkpt lat="46.6925099" lon="8.4925468">
<ele>2397.703</ele>
<time>2023-04-04T15:45:21Z</time>
<hdop>3.79</hdop>
</trkpt>
<trkpt lat="46.6925068" lon="8.4924283">
<ele>2393.002</ele>
<time>2023-04-04T15:46:17Z</time>
<hdop>3.79</hdop>
</trkpt>
<trkpt lat="46.69238" lon="8.4921066">
<ele>2382.06</ele>
<time>2023-04-04T15:46:22Z</time>
<hdop>3.79</hdop>
</trkpt>
<trkpt lat="46.6922272" lon="8.4918308">
<ele>2367.886</ele>
<time>2023-04-04T15:46:27Z</time>
<hdop>3.79</hdop>
</trkpt>
<trkpt lat="46.6921306" lon="8.4915312">
<ele>2348.423</ele>
<time>2023-04-04T15:46:32Z</time>
<hdop>3.79</hdop>
</trkpt>
<trkpt lat="46.6920284" lon="8.4915898">
<ele>2334.802</ele>
<time>2023-04-04T15:46:58Z</time>
<hdop>3.79</hdop>
</trkpt>
<trkpt lat="46.6918482" lon="8.4914607">
<ele>2321.656</ele>
<time>2023-04-04T15:47:03Z</time>
<hdop>3.79</hdop>
</trkpt>
<trkpt lat="46.6917373" lon="8.4912279">
<ele>2309.288</ele>
<time>2023-04-04T15:47:08Z</time>
<hdop>3.96</hdop>
</trkpt>
<trkpt lat="46.6917518" lon="8.4911272">
<ele>2298.172</ele>
<time>2023-04-04T15:48:23Z</time>
<hdop>3.79</hdop>
</trkpt>
<trkpt lat="46.6914657" lon="8.4907882">
<ele>2283.483</ele>
<time>2023-04-04T15:48:28Z</time>
<hdop>3.79</hdop>
</trkpt>
<trkpt lat="46.6915954" lon="8.4902352">
<ele>2256.247</ele>
<time>2023-04-04T15:48:33Z</time>
<hdop>4.13</hdop>
</trkpt>
<trkpt lat="46.6915251" lon="8.4902633">
<ele>2239.91</ele>
<time>2023-04-04T15:52:25Z</time>
<hdop>4.97</hdop>
</trkpt>
<trkpt lat="46.6914345" lon="8.4896843">
<ele>2225.393</ele>
<time>2023-04-04T15:52:30Z</time>
<hdop>4.93</hdop>
</trkpt>
<trkpt lat="46.6912613" lon="8.4893198">
<ele>2200.956</ele>
<time>2023-04-04T15:52:35Z</time>
<hdop>4.15</hdop>
</trkpt>
<trkpt lat="46.6910515" lon="8.4891399">
<ele>2177.15</ele>
<time>2023-04-04T15:52:40Z</time>
<hdop>4.1</hdop>
</trkpt>
<trkpt lat="46.6907947" lon="8.4888759">
<ele>2146.224</ele>
<time>2023-04-04T15:52:45Z</time>
<hdop>3.79</hdop>
</trkpt>
<trkpt lat="46.6906808" lon="8.4884325">
<ele>2132.908</ele>
<time>2023-04-04T15:52:50Z</time>
<hdop>3.79</hdop>
</trkpt>
<trkpt lat="46.6905771" lon="8.4878641">
<ele>2126.724</ele>
<time>2023-04-04T15:52:55Z</time>
<hdop>4.22</hdop>
</trkpt>
<trkpt lat="46.6905335" lon="8.4877933">
<ele>2127.242</ele>
<time>2023-04-04T15:53:10Z</time>
<hdop>3.79</hdop>
</trkpt>
<trkpt lat="46.6904717" lon="8.4877467">
<ele>2126.844</ele>
<time>2023-04-04T15:53:44Z</time>
<hdop>3.79</hdop>
</trkpt>
</trkseg>
<trkseg>
<trkpt lat="46.6904717" lon="8.4877467">
<ele>2126.844</ele>
<time>2023-04-04T15:53:44Z</time>
<hdop>3.79</hdop>
</trkpt>
<trkpt lat="46.6904802" lon="8.4877967">
<ele>2143.93</ele>
<time>2023-04-05T05:50:52Z</time>
<hdop>13.3</hdop>
</trkpt>
<trkpt lat="46.6904902" lon="8.4876993">
<ele>2136.547</ele>
<time>2023-04-05T05:51:00Z</time>
<hdop>5.98</hdop>
</trkpt>
<trkpt lat="46.6904936" lon="8.4876002">
<ele>2131.385</ele>
<time>2023-04-05T05:51:42Z</time>
<hdop>3.79</hdop>
</trkpt>
<trkpt lat="46.6905208" lon="8.4875051">
<ele>2130.526</ele>
<time>2023-04-05T05:51:53Z</time>
<hdop>3.82</hdop>
</trkpt>
<trkpt lat="46.6904957" lon="8.4874094">
<ele>2127.447</ele>
<time>2023-04-05T05:52:57Z</time>
<hdop>5.41</hdop>
</trkpt>
<trkpt lat="46.6903637" lon="8.487266">
<ele>2116.641</ele>
<time>2023-04-05T05:53:02Z</time>
<hdop>4.3</hdop>
</trkpt>
<trkpt lat="46.690393" lon="8.4870817">
<ele>2112.355</ele>
<time>2023-04-05T05:53:07Z</time>
<hdop>8.81</hdop>
</trkpt>
<trkpt lat="46.6902783" lon="8.4865939">
<ele>2094.791</ele>
<time>2023-04-05T05:53:12Z</time>
<hdop>6.76</hdop>
</trkpt>
<trkpt lat="46.6902278" lon="8.4860395">
<ele>2089.631</ele>
<time>2023-04-05T05:53:17Z</time>
<hdop>8.37</hdop>
</trkpt>
<trkpt lat="46.6899996" lon="8.4859453">
<ele>2087.518</ele>
<time>2023-04-05T05:53:22Z</time>
<hdop>3.8</hdop>
</trkpt>
<trkpt lat="46.6899343" lon="8.4859491">
<ele>2086.146</ele>
<time>2023-04-05T05:53:55Z</time>
<hdop>4.02</hdop>
</trkpt>
<trkpt lat="46.6898706" lon="8.4859097">
<ele>2086.557</ele>
<time>2023-04-05T06:03:43Z</time>
<hdop>3.79</hdop>
</trkpt>
<trkpt lat="46.6898081" lon="8.4858692">
<ele>2087.489</ele>
<time>2023-04-05T06:03:56Z</time>
<hdop>3.79</hdop>
</trkpt>
<trkpt lat="46.6897459" lon="8.485829">
<ele>2088.206</ele>
<time>2023-04-05T06:04:07Z</time>
<hdop>3.79</hdop>
</trkpt>
<trkpt lat="46.6896834" lon="8.4857927">
<ele>2089.69</ele>
<time>2023-04-05T06:04:19Z</time>
<hdop>3.79</hdop>
</trkpt>
<trkpt lat="46.6896168" lon="8.4857741">
<ele>2091.156</ele>
<time>2023-04-05T06:04:32Z</time>
<hdop>3.79</hdop>
</trkpt>
<trkpt lat="46.6895511" lon="8.4857844">
<ele>2091.475</ele>
<time>2023-04-05T06:04:45Z</time>
<hdop>3.79</hdop>
</trkpt>
<trkpt lat="46.6894821" lon="8.4857845">
<ele>2093.006</ele>
<time>2023-04-05T06:04:59Z</time>
<hdop>3.79</hdop>
</trkpt>
<trkpt lat="46.6894151" lon="8.4857956">
<ele>2095.32</ele>
<time>2023-04-05T06:05:13Z</time>
<hdop>3.79</hdop>
</trkpt>
<trkpt lat="46.6893497" lon="8.4858256">
<ele>2097.288</ele>
<time>2023-04-05T06:05:28Z</time>
<hdop>3.79</hdop>
</trkpt>
<trkpt lat="46.6892841" lon="8.4858463">
<ele>2098.567</ele>
<time>2023-04-05T06:05:42Z</time>
<hdop>3.79</hdop>
</trkpt>
<trkpt lat="46.6892206" lon="8.4858752">
<ele>2098.45</ele>
<time>2023-04-05T06:05:55Z</time>
<hdop>3.79</hdop>
</trkpt>
<trkpt lat="46.6891577" lon="8.4859113">
<ele>2099.822</ele>
<time>2023-04-05T06:06:09Z</time>
<hdop>3.79</hdop>
</trkpt>
<trkpt lat="46.6890906" lon="8.4859344">
<ele>2101.834</ele>
<time>2023-04-05T06:06:24Z</time>
<hdop>3.79</hdop>
</trkpt>
<trkpt lat="46.6890277" lon="8.485966">
<ele>2103.064</ele>
<time>2023-04-05T06:06:38Z</time>
<hdop>3.79</hdop>
</trkpt>
<trkpt lat="46.6889743" lon="8.4859124">
<ele>2107.012</ele>
<time>2023-04-05T06:06:51Z</time>
<hdop>3.79</hdop>
</trkpt>
<trkpt lat="46.6889333" lon="8.4858343">
<ele>2108.674</ele>
<time>2023-04-05T06:07:05Z</time>
<hdop>3.79</hdop>
</trkpt>
<trkpt lat="46.6889026" lon="8.4857483">
<ele>2110.814</ele>
<time>2023-04-05T06:07:19Z</time>
<hdop>3.79</hdop>
</trkpt>
<trkpt lat="46.6888746" lon="8.4856577">
<ele>2112.537</ele>
<time>2023-04-05T06:07:33Z</time>
<hdop>3.79</hdop>
</trkpt>
<trkpt lat="46.6888533" lon="8.4855682">
<ele>2114.329</ele>
<time>2023-04-05T06:07:46Z</time>
<hdop>3.79</hdop>
</trkpt>
<trkpt lat="46.6888357" lon="8.4854763">
<ele>2115.868</ele>
<time>2023-04-05T06:07:59Z</time>
<hdop>3.79</hdop>
</trkpt>
<trkpt lat="46.6888045" lon="8.4853913">
<ele>2117.283</ele>
<time>2023-04-05T06:08:13Z</time>
<hdop>3.79</hdop>
</trkpt>
<trkpt lat="46.6887373" lon="8.4854027">
<ele>2118.421</ele>
<time>2023-04-05T06:08:28Z</time>
<hdop>3.79</hdop>
</trkpt>
<trkpt lat="46.6886766" lon="8.4854365">
<ele>2119.993</ele>
<time>2023-04-05T06:08:41Z</time>
<hdop>3.79</hdop>
</trkpt>
<trkpt lat="46.6886144" lon="8.4854732">
<ele>2121.47</ele>
<time>2023-04-05T06:08:54Z</time>
<hdop>3.79</hdop>
</trkpt>
<trkpt lat="46.6885485" lon="8.4854704">
<ele>2125.253</ele>
<time>2023-04-05T06:09:09Z</time>
<hdop>3.79</hdop>
</trkpt>
<trkpt lat="46.6885232" lon="8.4853767">
<ele>2127.153</ele>
<time>2023-04-05T06:09:21Z</time>
<hdop>3.79</hdop>
</trkpt>
<trkpt lat="46.6885097" lon="8.4852816">
<ele>2129.848</ele>
<time>2023-04-05T06:09:44Z</time>
<hdop>3.79</hdop>
</trkpt>
<trkpt lat="46.6885068" lon="8.4851811">
<ele>2132.229</ele>
<time>2023-04-05T06:09:57Z</time>
<hdop>3.79</hdop>
</trkpt>
<trkpt lat="46.6885169" lon="8.485084">
<ele>2134.394</ele>
<time>2023-04-05T06:10:10Z</time>
<hdop>3.79</hdop>
</trkpt>
<trkpt lat="46.6885338" lon="8.4849917">
<ele>2136.956</ele>
<time>2023-04-05T06:10:24Z</time>
<hdop>3.79</hdop>
</trkpt>
<trkpt lat="46.6885492" lon="8.4848988">
<ele>2138.579</ele>
<time>2023-04-05T06:10:37Z</time>
<hdop>3.79</hdop>
</trkpt>
<trkpt lat="46.6885519" lon="8.4848017">
<ele>2140.198</ele>
<time>2023-04-05T06:10:51Z</time>
<hdop>3.79</hdop>
</trkpt>
<trkpt lat="46.688487" lon="8.4847941">
<ele>2141.429</ele>
<time>2023-04-05T06:11:11Z</time>
<hdop>3.79</hdop>
</trkpt>
<trkpt lat="46.6884218" lon="8.4848075">
<ele>2142.582</ele>
<time>2023-04-05T06:11:24Z</time>
<hdop>3.79</hdop>
</trkpt>
<trkpt lat="46.6883548" lon="8.4848216">
<ele>2143.377</ele>
<time>2023-04-05T06:11:37Z</time>
<hdop>3.79</hdop>
</trkpt>
<trkpt lat="46.6882851" lon="8.4848215">
<ele>2144.822</ele>
<time>2023-04-05T06:11:51Z</time>
<hdop>3.79</hdop>
</trkpt>
<trkpt lat="46.6882185" lon="8.4848304">
<ele>2146.159</ele>
<time>2023-04-05T06:12:02Z</time>
<hdop>3.79</hdop>
</trkpt>
<trkpt lat="46.6881532" lon="8.4848453">
<ele>2146.428</ele>
<time>2023-04-05T06:12:13Z</time>
<hdop>3.79</hdop>
</trkpt>
<trkpt lat="46.6880881" lon="8.4848638">
<ele>2146.486</ele>
<time>2023-04-05T06:12:24Z</time>
<hdop>3.79</hdop>
</trkpt>
<trkpt lat="46.6880325" lon="8.4849153">
<ele>2146.921</ele>
<time>2023-04-05T06:12:37Z</time>
<hdop>3.79</hdop>
</trkpt>
<trkpt lat="46.6879735" lon="8.4849686">
<ele>2147.677</ele>
<time>2023-04-05T06:12:51Z</time>
<hdop>3.79</hdop>
</trkpt>
<trkpt lat="46.6879132" lon="8.4850162">
<ele>2149.36</ele>
<time>2023-04-05T06:13:05Z</time>
<hdop>3.79</hdop>
</trkpt>
<trkpt lat="46.6878602" lon="8.4849552">
<ele>2155.016</ele>
<time>2023-04-05T06:13:21Z</time>
<hdop>3.79</hdop>
</trkpt>
<trkpt lat="46.6878329" lon="8.4848672">
<ele>2156.734</ele>
<time>2023-04-05T06:13:33Z</time>
<hdop>3.79</hdop>
</trkpt>
<trkpt lat="46.687812" lon="8.4847768">
<ele>2159.19</ele>
<time>2023-04-05T06:13:45Z</time>
<hdop>3.79</hdop>
</trkpt>
<trkpt lat="46.6877836" lon="8.4846857">
<ele>2160.924</ele>
<time>2023-04-05T06:13:57Z</time>
<hdop>3.79</hdop>
</trkpt>
<trkpt lat="46.6877423" lon="8.4847615">
<ele>2161.276</ele>
<time>2023-04-05T06:14:16Z</time>
<hdop>3.79</hdop>
</trkpt>
<trkpt lat="46.6876907" lon="8.4848316">
<ele>2162.137</ele>
<time>2023-04-05T06:14:28Z</time>
<hdop>3.79</hdop>
</trkpt>
<trkpt lat="46.6876267" lon="8.4848588">
<ele>2164.607</ele>
<time>2023-04-05T06:14:40Z</time>
<hdop>3.79</hdop>
</trkpt>
<trkpt lat="46.687604" lon="8.4847696">
<ele>2166.396</ele>
<time>2023-04-05T06:14:49Z</time>
<hdop>3.79</hdop>
</trkpt>
<trkpt lat="46.6875905" lon="8.4846722">
<ele>2169.435</ele>
<time>2023-04-05T06:15:01Z</time>
<hdop>3.79</hdop>
</trkpt>
<trkpt lat="46.6875807" lon="8.4845723">
<ele>2171.539</ele>
<time>2023-04-05T06:15:14Z</time>
<hdop>3.79</hdop>
</trkpt>
<trkpt lat="46.6875883" lon="8.4844713">
<ele>2174.282</ele>
<time>2023-04-05T06:15:27Z</time>
<hdop>3.79</hdop>
</trkpt>
<trkpt lat="46.6876192" lon="8.4843859">
<ele>2176.976</ele>
<time>2023-04-05T06:15:38Z</time>
<hdop>3.79</hdop>
</trkpt>
<trkpt lat="46.6875541" lon="8.4844039">
<ele>2176.643</ele>
<time>2023-04-05T06:15:52Z</time>
<hdop>3.79</hdop>
</trkpt>
<trkpt lat="46.6874909" lon="8.4844365">
<ele>2176.682</ele>
<time>2023-04-05T06:16:03Z</time>
<hdop>3.79</hdop>
</trkpt>
<trkpt lat="46.687423" lon="8.4844596">
<ele>2178.558</ele>
<time>2023-04-05T06:16:22Z</time>
<hdop>3.79</hdop>
</trkpt>
<trkpt lat="46.6874176" lon="8.4843634">
<ele>2181.006</ele>
<time>2023-04-05T06:16:32Z</time>
<hdop>3.79</hdop>
</trkpt>
<trkpt lat="46.687428" lon="8.4842632">
<ele>2184.514</ele>
<time>2023-04-05T06:16:43Z</time>
<hdop>3.79</hdop>
</trkpt>
<trkpt lat="46.6874496" lon="8.484168">
<ele>2187.064</ele>
<time>2023-04-05T06:16:55Z</time>
<hdop>3.79</hdop>
</trkpt>
<trkpt lat="46.6874526" lon="8.4840688">
<ele>2189.402</ele>
<time>2023-04-05T06:17:09Z</time>
<hdop>3.79</hdop>
</trkpt>
<trkpt lat="46.6873875" lon="8.4840525">
<ele>2189.521</ele>
<time>2023-04-05T06:17:21Z</time>
<hdop>3.79</hdop>
</trkpt>
<trkpt lat="46.6873201" lon="8.4840374">
<ele>2190.378</ele>
<time>2023-04-05T06:17:32Z</time>
<hdop>3.79</hdop>
</trkpt>
<trkpt lat="46.6873157" lon="8.4839357">
<ele>2192.903</ele>
<time>2023-04-05T06:17:42Z</time>
<hdop>3.79</hdop>
</trkpt>
<trkpt lat="46.6873172" lon="8.4838355">
<ele>2195.143</ele>
<time>2023-04-05T06:17:53Z</time>
<hdop>3.79</hdop>
</trkpt>
<trkpt lat="46.6873183" lon="8.4837323">
<ele>2198.063</ele>
<time>2023-04-05T06:18:06Z</time>
<hdop>3.79</hdop>
</trkpt>
<trkpt lat="46.6872529" lon="8.4837192">
<ele>2199.217</ele>
<time>2023-04-05T06:18:18Z</time>
<hdop>3.79</hdop>
</trkpt>
<trkpt lat="46.6871955" lon="8.4837664">
<ele>2198.829</ele>
<time>2023-04-05T06:18:26Z</time>
<hdop>3.79</hdop>
</trkpt>
<trkpt lat="46.6871758" lon="8.4838663">
<ele>2200.266</ele>
<time>2023-04-05T06:18:35Z</time>
<hdop>3.79</hdop>
</trkpt>
<trkpt lat="46.6871249" lon="8.4839271">
<ele>2201.995</ele>
<time>2023-04-05T06:18:46Z</time>
<hdop>3.79</hdop>
</trkpt>
<trkpt lat="46.6870575" lon="8.4839319">
<ele>2204.227</ele>
<time>2023-04-05T06:18:57Z</time>
<hdop>3.79</hdop>
</trkpt>
<trkpt lat="46.686992" lon="8.4839191">
<ele>2206.72</ele>
<time>2023-04-05T06:20:04Z</time>
<hdop>3.79</hdop>
</trkpt>
<trkpt lat="46.6869705" lon="8.4838273">
<ele>2209.287</ele>
<time>2023-04-05T06:20:14Z</time>
<hdop>3.79</hdop>
</trkpt>
<trkpt lat="46.6869333" lon="8.4837483">
<ele>2211.276</ele>
<time>2023-04-05T06:20:25Z</time>
<hdop>3.79</hdop>
</trkpt>
<trkpt lat="46.686892" lon="8.4836711">
<ele>2213.708</ele>
<time>2023-04-05T06:20:34Z</time>
<hdop>3.79</hdop>
</trkpt>
<trkpt lat="46.6868744" lon="8.4835766">
<ele>2215.662</ele>
<time>2023-04-05T06:29:03Z</time>
<hdop>3.79</hdop>
</trkpt>
<trkpt lat="46.6868659" lon="8.4834795">
<ele>2216.943</ele>
<time>2023-04-05T06:29:15Z</time>
<hdop>3.79</hdop>
</trkpt>
<trkpt lat="46.6868729" lon="8.4833802">
<ele>2218.258</ele>
<time>2023-04-05T06:29:30Z</time>
<hdop>3.79</hdop>
</trkpt>
<trkpt lat="46.6868606" lon="8.4832837">
<ele>2219.828</ele>
<time>2023-04-05T06:29:43Z</time>
<hdop>3.79</hdop>
</trkpt>
<trkpt lat="46.6868499" lon="8.4831849">
<ele>2220.179</ele>
<time>2023-04-05T06:29:55Z</time>
<hdop>3.79</hdop>
</trkpt>
<trkpt lat="46.6868422" lon="8.4830871">
<ele>2221.349</ele>
<time>2023-04-05T06:30:08Z</time>
<hdop>3.79</hdop>
</trkpt>
<trkpt lat="46.6868491" lon="8.4829914">
<ele>2223.656</ele>
<time>2023-04-05T06:30:22Z</time>
<hdop>3.79</hdop>
</trkpt>
<trkpt lat="46.6868506" lon="8.4828908">
<ele>2224.151</ele>
<time>2023-04-05T06:30:35Z</time>
<hdop>3.79</hdop>
</trkpt>
<trkpt lat="46.6868362" lon="8.4827959">
<ele>2224.646</ele>
<time>2023-04-05T06:30:48Z</time>
<hdop>3.79</hdop>
</trkpt>
<trkpt lat="46.6868367" lon="8.4826916">
<ele>2225.724</ele>
<time>2023-04-05T06:31:00Z</time>
<hdop>3.79</hdop>
</trkpt>
<trkpt lat="46.6868429" lon="8.4825917">
<ele>2227.981</ele>
<time>2023-04-05T06:31:11Z</time>
<hdop>9.94</hdop>
</trkpt>
<trkpt lat="46.6867735" lon="8.4825892">
<ele>2229.055</ele>
<time>2023-04-05T06:31:22Z</time>
<hdop>3.79</hdop>
</trkpt>
<trkpt lat="46.686741" lon="8.4825059">
<ele>2231.462</ele>
<time>2023-04-05T06:31:35Z</time>
<hdop>3.79</hdop>
</trkpt>
<trkpt lat="46.6867647" lon="8.4824153">
<ele>2233.661</ele>
<time>2023-04-05T06:31:44Z</time>
<hdop>3.79</hdop>
</trkpt>
<trkpt lat="46.6867892" lon="8.4823271">
<ele>2234.518</ele>
<time>2023-04-05T06:31:55Z</time>
<hdop>3.79</hdop>
</trkpt>
<trkpt lat="46.6868251" lon="8.4822458">
<ele>2236.253</ele>
<time>2023-04-05T06:32:06Z</time>
<hdop>3.79</hdop>
</trkpt>
<trkpt lat="46.6868596" lon="8.4821633">
<ele>2237.79</ele>
<time>2023-04-05T06:32:17Z</time>
<hdop>3.79</hdop>
</trkpt>
<trkpt lat="46.6868427" lon="8.4820656">
<ele>2240.059</ele>
<time>2023-04-05T06:32:31Z</time>
<hdop>3.79</hdop>
</trkpt>
<trkpt lat="46.6868655" lon="8.4819702">
<ele>2243.348</ele>
<time>2023-04-05T06:32:44Z</time>
<hdop>3.79</hdop>
</trkpt>
<trkpt lat="46.6868901" lon="8.4818783">
<ele>2244.54</ele>
<time>2023-04-05T06:32:56Z</time>
<hdop>3.79</hdop>
</trkpt>
<trkpt lat="46.686917" lon="8.4817878">
<ele>2245.579</ele>
<time>2023-04-05T06:33:08Z</time>
<hdop>3.79</hdop>
</trkpt>
<trkpt lat="46.6869429" lon="8.4816999">
<ele>2247.268</ele>
<time>2023-04-05T06:33:19Z</time>
<hdop>3.79</hdop>
</trkpt>
<trkpt lat="46.6869678" lon="8.4816047">
<ele>2249.142</ele>
<time>2023-04-05T06:33:30Z</time>
<hdop>3.79</hdop>
</trkpt>
<trkpt lat="46.6869885" lon="8.4815078">
<ele>2250.761</ele>
<time>2023-04-05T06:33:41Z</time>
<hdop>9.94</hdop>
</trkpt>
<trkpt lat="46.6870222" lon="8.4814212">
<ele>2251.661</ele>
<time>2023-04-05T06:33:52Z</time>
<hdop>9.94</hdop>
</trkpt>
<trkpt lat="46.6870846" lon="8.48138">
<ele>2254.157</ele>
<time>2023-04-05T06:34:04Z</time>
<hdop>9.94</hdop>
</trkpt>
<trkpt lat="46.6870612" lon="8.4812887">
<ele>2255.125</ele>
<time>2023-04-05T06:34:15Z</time>
<hdop>9.94</hdop>
</trkpt>
<trkpt lat="46.6870409" lon="8.481196">
<ele>2256.861</ele>
<time>2023-04-05T06:34:25Z</time>
<hdop>9.94</hdop>
</trkpt>
<trkpt lat="46.6871041" lon="8.4811612">
<ele>2258.253</ele>
<time>2023-04-05T06:34:35Z</time>
<hdop>9.94</hdop>
</trkpt>
<trkpt lat="46.6871713" lon="8.4811753">
<ele>2259.368</ele>
<time>2023-04-05T06:34:44Z</time>
<hdop>9.94</hdop>
</trkpt>
<trkpt lat="46.6872069" lon="8.4810953">
<ele>2260.439</ele>
<time>2023-04-05T06:34:54Z</time>
<hdop>9.94</hdop>
</trkpt>
<trkpt lat="46.6871816" lon="8.4810041">
<ele>2262.554</ele>
<time>2023-04-05T06:35:05Z</time>
<hdop>9.94</hdop>
</trkpt>
<trkpt lat="46.6871301" lon="8.4809367">
<ele>2263.864</ele>
<time>2023-04-05T06:35:15Z</time>
<hdop>9.94</hdop>
</trkpt>
<trkpt lat="46.6871624" lon="8.4808548">
<ele>2266.984</ele>
<time>2023-04-05T06:35:28Z</time>
<hdop>9.94</hdop>
</trkpt>
<trkpt lat="46.6871907" lon="8.4807687">
<ele>2269.56</ele>
<time>2023-04-05T06:35:38Z</time>
<hdop>9.94</hdop>
</trkpt>
<trkpt lat="46.687164" lon="8.4806797">
<ele>2271.862</ele>
<time>2023-04-05T06:35:47Z</time>
<hdop>9.94</hdop>
</trkpt>
<trkpt lat="46.6871879" lon="8.4805886">
<ele>2271.664</ele>
<time>2023-04-05T06:35:55Z</time>
<hdop>9.94</hdop>
</trkpt>
<trkpt lat="46.6872544" lon="8.4806064">
<ele>2272.601</ele>
<time>2023-04-05T06:36:06Z</time>
<hdop>9.94</hdop>
</trkpt>
<trkpt lat="46.6873145" lon="8.4805688">
<ele>2275.407</ele>
<time>2023-04-05T06:36:15Z</time>
<hdop>9.94</hdop>
</trkpt>
<trkpt lat="46.6873133" lon="8.4804721">
<ele>2276.727</ele>
<time>2023-04-05T06:36:27Z</time>
<hdop>3.79</hdop>
</trkpt>
<trkpt lat="46.6872533" lon="8.4804249">
<ele>2278.305</ele>
<time>2023-04-05T06:36:37Z</time>
<hdop>3.79</hdop>
</trkpt>
<trkpt lat="46.6872039" lon="8.4803562">
<ele>2280.472</ele>
<time>2023-04-05T06:36:52Z</time>
<hdop>3.79</hdop>
</trkpt>
<trkpt lat="46.6871561" lon="8.4802845">
<ele>2282.67</ele>
<time>2023-04-05T06:37:03Z</time>
<hdop>3.79</hdop>
</trkpt>
<trkpt lat="46.6871099" lon="8.4802082">
<ele>2284.25</ele>
<time>2023-04-05T06:37:14Z</time>
<hdop>3.79</hdop>
</trkpt>
<trkpt lat="46.6870588" lon="8.4801374">
<ele>2284.758</ele>
<time>2023-04-05T06:37:24Z</time>
<hdop>3.79</hdop>
</trkpt>
<trkpt lat="46.6870044" lon="8.4800763">
<ele>2286.42</ele>
<time>2023-04-05T06:37:35Z</time>
<hdop>3.79</hdop>
</trkpt>
<trkpt lat="46.6870148" lon="8.4799775">
<ele>2288.467</ele>
<time>2023-04-05T06:37:47Z</time>
<hdop>3.79</hdop>
</trkpt>
<trkpt lat="46.6869762" lon="8.479894">
<ele>2292.361</ele>
<time>2023-04-05T06:38:07Z</time>
<hdop>3.79</hdop>
</trkpt>
<trkpt lat="46.6869078" lon="8.4798807">
<ele>2294.049</ele>
<time>2023-04-05T06:38:18Z</time>
<hdop>3.79</hdop>
</trkpt>
<trkpt lat="46.6869099" lon="8.4797833">
<ele>2296.883</ele>
<time>2023-04-05T06:38:32Z</time>
<hdop>3.79</hdop>
</trkpt>
<trkpt lat="46.6869397" lon="8.4796945">
<ele>2298.699</ele>
<time>2023-04-05T06:38:44Z</time>
<hdop>3.79</hdop>
</trkpt>
<trkpt lat="46.6869553" lon="8.4795954">
<ele>2300.107</ele>
<time>2023-04-05T06:38:56Z</time>
<hdop>3.79</hdop>
</trkpt>
<trkpt lat="46.6868945" lon="8.4795446">
<ele>2303.757</ele>
<time>2023-04-05T06:39:15Z</time>
<hdop>3.79</hdop>
</trkpt>
<trkpt lat="46.6868326" lon="8.4795041">
<ele>2304.828</ele>
<time>2023-04-05T06:39:25Z</time>
<hdop>3.79</hdop>
</trkpt>
<trkpt lat="46.6867727" lon="8.4794626">
<ele>2306.272</ele>
<time>2023-04-05T06:39:34Z</time>
<hdop>3.79</hdop>
</trkpt>
<trkpt lat="46.6867796" lon="8.4793641">
<ele>2308.724</ele>
<time>2023-04-05T06:39:46Z</time>
<hdop>3.79</hdop>
</trkpt>
<trkpt lat="46.6868026" lon="8.4792749">
<ele>2309.606</ele>
<time>2023-04-05T06:39:55Z</time>
<hdop>3.79</hdop>
</trkpt>
<trkpt lat="46.6868355" lon="8.4791853">
<ele>2311.76</ele>
<time>2023-04-05T06:40:06Z</time>
<hdop>3.79</hdop>
</trkpt>
<trkpt lat="46.686867" lon="8.4790972">
<ele>2313.445</ele>
<time>2023-04-05T06:40:18Z</time>
<hdop>3.79</hdop>
</trkpt>
<trkpt lat="46.6869037" lon="8.4790177">
<ele>2315.127</ele>
<time>2023-04-05T06:40:29Z</time>
<hdop>3.79</hdop>
</trkpt>
<trkpt lat="46.6869658" lon="8.4790637">
<ele>2316.237</ele>
<time>2023-04-05T06:40:37Z</time>
<hdop>3.79</hdop>
</trkpt>
<trkpt lat="46.6870243" lon="8.4791184">
<ele>2316.072</ele>
<time>2023-04-05T06:40:51Z</time>
<hdop>3.79</hdop>
</trkpt>
<trkpt lat="46.6870194" lon="8.4790149">
<ele>2318.732</ele>
<time>2023-04-05T06:40:59Z</time>
<hdop>3.79</hdop>
</trkpt>
<trkpt lat="46.6870144" lon="8.4789205">
<ele>2318.833</ele>
<time>2023-04-05T06:41:07Z</time>
<hdop>3.79</hdop>
</trkpt>
<trkpt lat="46.6870159" lon="8.4788192">
<ele>2319.075</ele>
<time>2023-04-05T06:41:16Z</time>
<hdop>3.79</hdop>
</trkpt>
<trkpt lat="46.6870221" lon="8.4787235">
<ele>2319.816</ele>
<time>2023-04-05T06:41:26Z</time>
<hdop>3.79</hdop>
</trkpt>
<trkpt lat="46.687027" lon="8.4786289">
<ele>2320.89</ele>
<time>2023-04-05T06:41:35Z</time>
<hdop>3.79</hdop>
</trkpt>
<trkpt lat="46.6870211" lon="8.478534">
<ele>2322.782</ele>
<time>2023-04-05T06:41:46Z</time>
<hdop>3.79</hdop>
</trkpt>
<trkpt lat="46.6870208" lon="8.4784312">
<ele>2323.06</ele>
<time>2023-04-05T06:41:58Z</time>
<hdop>3.79</hdop>
</trkpt>
<trkpt lat="46.6870798" lon="8.4783878">
<ele>2325.403</ele>
<time>2023-04-05T06:42:08Z</time>
<hdop>3.79</hdop>
</trkpt>
<trkpt lat="46.687146" lon="8.4784197">
<ele>2327.389</ele>
<time>2023-04-05T06:42:16Z</time>
<hdop>3.79</hdop>
</trkpt>
<trkpt lat="46.6872041" lon="8.4784705">
<ele>2329.304</ele>
<time>2023-04-05T06:42:26Z</time>
<hdop>3.79</hdop>
</trkpt>
<trkpt lat="46.6872662" lon="8.4785082">
<ele>2331.119</ele>
<time>2023-04-05T06:42:37Z</time>
<hdop>3.79</hdop>
</trkpt>
<trkpt lat="46.6872553" lon="8.478412">
<ele>2334.01</ele>
<time>2023-04-05T06:42:49Z</time>
<hdop>3.79</hdop>
</trkpt>
<trkpt lat="46.6873198" lon="8.4783914">
<ele>2335.475</ele>
<time>2023-04-05T06:43:00Z</time>
<hdop>3.79</hdop>
</trkpt>
<trkpt lat="46.6873841" lon="8.4783657">
<ele>2337.287</ele>
<time>2023-04-05T06:43:11Z</time>
<hdop>3.79</hdop>
</trkpt>
<trkpt lat="46.6873611" lon="8.4782762">
<ele>2339.07</ele>
<time>2023-04-05T06:43:21Z</time>
<hdop>3.79</hdop>
</trkpt>
<trkpt lat="46.6873168" lon="8.4782022">
<ele>2341.789</ele>
<time>2023-04-05T06:43:32Z</time>
<hdop>3.79</hdop>
</trkpt>
<trkpt lat="46.6872863" lon="8.4781188">
<ele>2345.042</ele>
<time>2023-04-05T06:43:44Z</time>
<hdop>3.79</hdop>
</trkpt>
<trkpt lat="46.6872748" lon="8.4780256">
<ele>2346.926</ele>
<time>2023-04-05T06:43:56Z</time>
<hdop>3.79</hdop>
</trkpt>
<trkpt lat="46.6873317" lon="8.4779789">
<ele>2347.575</ele>
<time>2023-04-05T06:44:06Z</time>
<hdop>3.79</hdop>
</trkpt>
<trkpt lat="46.6873958" lon="8.4779407">
<ele>2349.35</ele>
<time>2023-04-05T06:44:16Z</time>
<hdop>3.79</hdop>
</trkpt>
<trkpt lat="46.6874095" lon="8.4778442">
<ele>2351.417</ele>
<time>2023-04-05T06:45:41Z</time>
<hdop>3.79</hdop>
</trkpt>
<trkpt lat="46.6873508" lon="8.4777984">
<ele>2353.522</ele>
<time>2023-04-05T06:45:51Z</time>
<hdop>9.94</hdop>
</trkpt>
<trkpt lat="46.6872958" lon="8.47773">
<ele>2357.86</ele>
<time>2023-04-05T06:46:10Z</time>
<hdop>9.94</hdop>
</trkpt>
<trkpt lat="46.6873386" lon="8.4776538">
<ele>2360.458</ele>
<time>2023-04-05T06:46:23Z</time>
<hdop>9.94</hdop>
</trkpt>
<trkpt lat="46.6873994" lon="8.4776079">
<ele>2361.115</ele>
<time>2023-04-05T06:46:32Z</time>
<hdop>9.94</hdop>
</trkpt>
<trkpt lat="46.6874637" lon="8.4775902">
<ele>2363.048</ele>
<time>2023-04-05T06:46:41Z</time>
<hdop>9.94</hdop>
</trkpt>
<trkpt lat="46.6875369" lon="8.4776074">
<ele>2365.091</ele>
<time>2023-04-05T06:46:50Z</time>
<hdop>9.94</hdop>
</trkpt>
<trkpt lat="46.6876021" lon="8.4776421">
<ele>2367.074</ele>
<time>2023-04-05T06:46:59Z</time>
<hdop>9.94</hdop>
</trkpt>
<trkpt lat="46.6876657" lon="8.4776753">
<ele>2368.877</ele>
<time>2023-04-05T06:47:09Z</time>
<hdop>9.94</hdop>
</trkpt>
<trkpt lat="46.6876897" lon="8.4775871">
<ele>2370.221</ele>
<time>2023-04-05T06:47:45Z</time>
<hdop>9.94</hdop>
</trkpt>
<trkpt lat="46.6876721" lon="8.4774913">
<ele>2372.849</ele>
<time>2023-04-05T06:47:57Z</time>
<hdop>3.79</hdop>
</trkpt>
<trkpt lat="46.6876298" lon="8.4774155">
<ele>2374.208</ele>
<time>2023-04-05T06:48:07Z</time>
<hdop>3.79</hdop>
</trkpt>
<trkpt lat="46.6876898" lon="8.4773733">
<ele>2376.59</ele>
<time>2023-04-05T06:48:27Z</time>
<hdop>3.79</hdop>
</trkpt>
<trkpt lat="46.6876499" lon="8.4772945">
<ele>2378.804</ele>
<time>2023-04-05T06:48:42Z</time>
<hdop>3.79</hdop>
</trkpt>
<trkpt lat="46.6875874" lon="8.4772437">
<ele>2378.927</ele>
<time>2023-04-05T06:48:52Z</time>
<hdop>3.79</hdop>
</trkpt>
<trkpt lat="46.6876507" lon="8.4772025">
<ele>2384.154</ele>
<time>2023-04-05T06:49:02Z</time>
<hdop>3.79</hdop>
</trkpt>
<trkpt lat="46.6876023" lon="8.4771388">
<ele>2385.575</ele>
<time>2023-04-05T06:49:17Z</time>
<hdop>3.79</hdop>
</trkpt>
<trkpt lat="46.6875512" lon="8.4770675">
<ele>2388.227</ele>
<time>2023-04-05T06:49:29Z</time>
<hdop>3.79</hdop>
</trkpt>
<trkpt lat="46.6875273" lon="8.4769792">
<ele>2391.115</ele>
<time>2023-04-05T06:49:48Z</time>
<hdop>3.79</hdop>
</trkpt>
<trkpt lat="46.6875903" lon="8.4769536">
<ele>2393.471</ele>
<time>2023-04-05T06:49:59Z</time>
<hdop>3.79</hdop>
</trkpt>
<trkpt lat="46.6876547" lon="8.4769657">
<ele>2394.884</ele>
<time>2023-04-05T06:50:08Z</time>
<hdop>3.79</hdop>
</trkpt>
<trkpt lat="46.6877106" lon="8.476907">
<ele>2398.28</ele>
<time>2023-04-05T06:50:23Z</time>
<hdop>9.94</hdop>
</trkpt>
<trkpt lat="46.6877783" lon="8.4768977">
<ele>2399.139</ele>
<time>2023-04-05T06:50:34Z</time>
<hdop>9.94</hdop>
</trkpt>
<trkpt lat="46.6878514" lon="8.4768868">
<ele>2400.962</ele>
<time>2023-04-05T06:50:50Z</time>
<hdop>9.94</hdop>
</trkpt>
<trkpt lat="46.6879165" lon="8.4769018">
<ele>2402.771</ele>
<time>2023-04-05T06:51:01Z</time>
<hdop>9.94</hdop>
</trkpt>
<trkpt lat="46.6879842" lon="8.4768895">
<ele>2404.632</ele>
<time>2023-04-05T06:51:14Z</time>
<hdop>9.94</hdop>
</trkpt>
<trkpt lat="46.6880527" lon="8.4768876">
<ele>2405.35</ele>
<time>2023-04-05T06:51:27Z</time>
<hdop>10.48</hdop>
</trkpt>
<trkpt lat="46.6881154" lon="8.4768601">
<ele>2407.759</ele>
<time>2023-04-05T06:51:38Z</time>
<hdop>9.94</hdop>
</trkpt>
<trkpt lat="46.688181" lon="8.4768692">
<ele>2408.374</ele>
<time>2023-04-05T06:51:49Z</time>
<hdop>9.95</hdop>
</trkpt>
<trkpt lat="46.6882468" lon="8.476876">
<ele>2410.033</ele>
<time>2023-04-05T06:52:01Z</time>
<hdop>9.94</hdop>
</trkpt>
<trkpt lat="46.6883081" lon="8.476839">
<ele>2414.441</ele>
<time>2023-04-05T06:52:12Z</time>
<hdop>9.94</hdop>
</trkpt>
<trkpt lat="46.6883719" lon="8.4768082">
<ele>2416.379</ele>
<time>2023-04-05T06:52:24Z</time>
<hdop>9.94</hdop>
</trkpt>
<trkpt lat="46.6884302" lon="8.4767608">
<ele>2419.392</ele>
<time>2023-04-05T06:52:36Z</time>
<hdop>3.79</hdop>
</trkpt>
<trkpt lat="46.6883852" lon="8.4766816">
<ele>2421.603</ele>
<time>2023-04-05T06:52:50Z</time>
<hdop>3.79</hdop>
</trkpt>
<trkpt lat="46.6883718" lon="8.4765888">
<ele>2423.605</ele>
<time>2023-04-05T06:53:44Z</time>
<hdop>9.94</hdop>
</trkpt>
<trkpt lat="46.6883429" lon="8.4765033">
<ele>2421.619</ele>
<time>2023-04-05T06:54:35Z</time>
<hdop>3.79</hdop>
</trkpt>
<trkpt lat="46.6884093" lon="8.4765149">
<ele>2423.289</ele>
<time>2023-04-05T07:06:38Z</time>
<hdop>9.94</hdop>
</trkpt>
<trkpt lat="46.688468" lon="8.4764713">
<ele>2422.411</ele>
<time>2023-04-05T07:07:41Z</time>
<hdop>3.79</hdop>
</trkpt>
<trkpt lat="46.688421" lon="8.4763864">
<ele>2420.291</ele>
<time>2023-04-05T07:07:47Z</time>
<hdop>3.79</hdop>
</trkpt>
<trkpt lat="46.6883677" lon="8.476331">
<ele>2422.814</ele>
<time>2023-04-05T07:07:55Z</time>
<hdop>3.79</hdop>
</trkpt>
<trkpt lat="46.6883258" lon="8.4762477">
<ele>2425.385</ele>
<time>2023-04-05T07:08:06Z</time>
<hdop>3.79</hdop>
</trkpt>
<trkpt lat="46.6882823" lon="8.4761774">
<ele>2427.516</ele>
<time>2023-04-05T07:08:17Z</time>
<hdop>3.79</hdop>
</trkpt>
<trkpt lat="46.6882369" lon="8.476108">
<ele>2428.46</ele>
<time>2023-04-05T07:08:27Z</time>
<hdop>3.79</hdop>
</trkpt>
<trkpt lat="46.6882003" lon="8.4760264">
<ele>2430.275</ele>
<time>2023-04-05T07:08:38Z</time>
<hdop>3.79</hdop>
</trkpt>
<trkpt lat="46.688232" lon="8.4759364">
<ele>2431.711</ele>
<time>2023-04-05T07:08:50Z</time>
<hdop>3.79</hdop>
</trkpt>
<trkpt lat="46.6882962" lon="8.4759157">
<ele>2432.697</ele>
<time>2023-04-05T07:09:03Z</time>
<hdop>3.79</hdop>
</trkpt>
<trkpt lat="46.6883641" lon="8.4759336">
<ele>2435.011</ele>
<time>2023-04-05T07:09:16Z</time>
<hdop>3.79</hdop>
</trkpt>
<trkpt lat="46.6884264" lon="8.4759048">
<ele>2438.754</ele>
<time>2023-04-05T07:09:36Z</time>
<hdop>9.94</hdop>
</trkpt>
<trkpt lat="46.688462" lon="8.4758207">
<ele>2440.353</ele>
<time>2023-04-05T07:09:49Z</time>
<hdop>9.94</hdop>
</trkpt>
<trkpt lat="46.6885303" lon="8.4758242">
<ele>2441.621</ele>
<time>2023-04-05T07:10:04Z</time>
<hdop>9.94</hdop>
</trkpt>
<trkpt lat="46.6885913" lon="8.4758654">
<ele>2444.394</ele>
<time>2023-04-05T07:10:19Z</time>
<hdop>9.94</hdop>
</trkpt>
<trkpt lat="46.6886576" lon="8.475848">
<ele>2446.456</ele>
<time>2023-04-05T07:10:32Z</time>
<hdop>9.94</hdop>
</trkpt>
<trkpt lat="46.6886718" lon="8.4757558">
<ele>2449.236</ele>
<time>2023-04-05T07:10:47Z</time>
<hdop>9.94</hdop>
</trkpt>
<trkpt lat="46.6886998" lon="8.4756654">
<ele>2451.519</ele>
<time>2023-04-05T07:11:01Z</time>
<hdop>9.94</hdop>
</trkpt>
<trkpt lat="46.6887251" lon="8.4755742">
<ele>2452.437</ele>
<time>2023-04-05T07:11:16Z</time>
<hdop>9.94</hdop>
</trkpt>
<trkpt lat="46.6887587" lon="8.4754922">
<ele>2454.054</ele>
<time>2023-04-05T07:11:29Z</time>
<hdop>9.94</hdop>
</trkpt>
<trkpt lat="46.6888154" lon="8.4754466">
<ele>2455.439</ele>
<time>2023-04-05T07:11:40Z</time>
<hdop>9.94</hdop>
</trkpt>
<trkpt lat="46.6887991" lon="8.4753541">
<ele>2457.611</ele>
<time>2023-04-05T07:11:58Z</time>
<hdop>3.79</hdop>
</trkpt>
<trkpt lat="46.688861" lon="8.4753145">
<ele>2459.697</ele>
<time>2023-04-05T07:12:10Z</time>
<hdop>3.79</hdop>
</trkpt>
<trkpt lat="46.6889259" lon="8.4753017">
<ele>2462.732</ele>
<time>2023-04-05T07:12:22Z</time>
<hdop>3.79</hdop>
</trkpt>
<trkpt lat="46.688992" lon="8.4753074">
<ele>2462.999</ele>
<time>2023-04-05T07:12:35Z</time>
<hdop>3.79</hdop>
</trkpt>
<trkpt lat="46.6890266" lon="8.4753889">
<ele>2463.8</ele>
<time>2023-04-05T07:12:47Z</time>
<hdop>3.79</hdop>
</trkpt>
<trkpt lat="46.6890898" lon="8.4754118">
<ele>2466.445</ele>
<time>2023-04-05T07:13:01Z</time>
<hdop>9.94</hdop>
</trkpt>
<trkpt lat="46.6891549" lon="8.4753863">
<ele>2468.318</ele>
<time>2023-04-05T07:13:15Z</time>
<hdop>9.94</hdop>
</trkpt>
<trkpt lat="46.6891908" lon="8.4752984">
<ele>2471.401</ele>
<time>2023-04-05T07:13:28Z</time>
<hdop>9.94</hdop>
</trkpt>
<trkpt lat="46.6891998" lon="8.4752031">
<ele>2474.283</ele>
<time>2023-04-05T07:13:39Z</time>
<hdop>9.94</hdop>
</trkpt>
<trkpt lat="46.6892042" lon="8.4751062">
<ele>2475.353</ele>
<time>2023-04-05T07:13:50Z</time>
<hdop>9.94</hdop>
</trkpt>
<trkpt lat="46.6892231" lon="8.4750104">
<ele>2475.312</ele>
<time>2023-04-05T07:14:01Z</time>
<hdop>9.94</hdop>
</trkpt>
<trkpt lat="46.6891622" lon="8.4749748">
<ele>2478.425</ele>
<time>2023-04-05T07:14:15Z</time>
<hdop>3.79</hdop>
</trkpt>
<trkpt lat="46.6891813" lon="8.4748825">
<ele>2481.039</ele>
<time>2023-04-05T07:14:27Z</time>
<hdop>3.79</hdop>
</trkpt>
<trkpt lat="46.6891296" lon="8.4748146">
<ele>2484.217</ele>
<time>2023-04-05T07:14:44Z</time>
<hdop>3.79</hdop>
</trkpt>
<trkpt lat="46.6891651" lon="8.4747261">
<ele>2485.815</ele>
<time>2023-04-05T07:14:56Z</time>
<hdop>3.79</hdop>
</trkpt>
<trkpt lat="46.6891003" lon="8.4746966">
<ele>2488.675</ele>
<time>2023-04-05T07:15:14Z</time>
<hdop>3.79</hdop>
</trkpt>
<trkpt lat="46.6890334" lon="8.4747146">
<ele>2491.708</ele>
<time>2023-04-05T07:15:26Z</time>
<hdop>3.79</hdop>
</trkpt>
<trkpt lat="46.6889775" lon="8.4746621">
<ele>2492.67</ele>
<time>2023-04-05T07:15:37Z</time>
<hdop>3.79</hdop>
</trkpt>
<trkpt lat="46.6889165" lon="8.4746106">
<ele>2494.095</ele>
<time>2023-04-05T07:15:49Z</time>
<hdop>3.79</hdop>
</trkpt>
<trkpt lat="46.6888576" lon="8.4745687">
<ele>2496.232</ele>
<time>2023-04-05T07:15:59Z</time>
<hdop>3.79</hdop>
</trkpt>
<trkpt lat="46.6888847" lon="8.4744797">
<ele>2499.385</ele>
<time>2023-04-05T07:16:21Z</time>
<hdop>3.79</hdop>
</trkpt>
<trkpt lat="46.6889481" lon="8.4744448">
<ele>2501.71</ele>
<time>2023-04-05T07:16:32Z</time>
<hdop>3.79</hdop>
</trkpt>
<trkpt lat="46.6889965" lon="8.4743769">
<ele>2504.786</ele>
<time>2023-04-05T07:16:43Z</time>
<hdop>3.79</hdop>
</trkpt>
<trkpt lat="46.6890176" lon="8.4742827">
<ele>2506.89</ele>
<time>2023-04-05T07:16:54Z</time>
<hdop>3.79</hdop>
</trkpt>
<trkpt lat="46.6890365" lon="8.4741853">
<ele>2507.255</ele>
<time>2023-04-05T07:17:04Z</time>
<hdop>3.79</hdop>
</trkpt>
<trkpt lat="46.6890619" lon="8.474092">
<ele>2507.767</ele>
<time>2023-04-05T07:17:14Z</time>
<hdop>9.94</hdop>
</trkpt>
<trkpt lat="46.6891313" lon="8.4740941">
<ele>2510.277</ele>
<time>2023-04-05T07:17:26Z</time>
<hdop>3.79</hdop>
</trkpt>
<trkpt lat="46.6891978" lon="8.4741161">
<ele>2511.993</ele>
<time>2023-04-05T07:17:51Z</time>
<hdop>3.79</hdop>
</trkpt>
<trkpt lat="46.6892663" lon="8.4741273">
<ele>2513.957</ele>
<time>2023-04-05T07:17:59Z</time>
<hdop>3.79</hdop>
</trkpt>
<trkpt lat="46.6893265" lon="8.4741747">
<ele>2515.427</ele>
<time>2023-04-05T07:18:08Z</time>
<hdop>3.79</hdop>
</trkpt>
<trkpt lat="46.6893937" lon="8.4741804">
<ele>2516.137</ele>
<time>2023-04-05T07:18:16Z</time>
<hdop>3.79</hdop>
</trkpt>
<trkpt lat="46.6894524" lon="8.4741304">
<ele>2516.459</ele>
<time>2023-04-05T07:18:26Z</time>
<hdop>3.79</hdop>
</trkpt>
<trkpt lat="46.6895097" lon="8.4740778">
<ele>2517.659</ele>
<time>2023-04-05T07:19:20Z</time>
<hdop>3.79</hdop>
</trkpt>
<trkpt lat="46.6895735" lon="8.4740446">
<ele>2520.084</ele>
<time>2023-04-05T07:19:31Z</time>
<hdop>3.79</hdop>
</trkpt>
<trkpt lat="46.6896333" lon="8.4739979">
<ele>2522.248</ele>
<time>2023-04-05T07:19:46Z</time>
<hdop>3.79</hdop>
</trkpt>
<trkpt lat="46.6896773" lon="8.4739231">
<ele>2524.499</ele>
<time>2023-04-05T07:20:07Z</time>
<hdop>3.79</hdop>
</trkpt>
<trkpt lat="46.6896789" lon="8.4738279">
<ele>2526.49</ele>
<time>2023-04-05T07:20:20Z</time>
<hdop>3.79</hdop>
</trkpt>
<trkpt lat="46.689633" lon="8.4737458">
<ele>2528.779</ele>
<time>2023-04-05T07:22:34Z</time>
<hdop>3.79</hdop>
</trkpt>
<trkpt lat="46.689577" lon="8.4736865">
<ele>2530.224</ele>
<time>2023-04-05T07:22:46Z</time>
<hdop>3.79</hdop>
</trkpt>
<trkpt lat="46.6895269" lon="8.4736212">
<ele>2530.685</ele>
<time>2023-04-05T07:22:56Z</time>
<hdop>3.79</hdop>
</trkpt>
<trkpt lat="46.689472" lon="8.4735595">
<ele>2532.033</ele>
<time>2023-04-05T07:23:07Z</time>
<hdop>3.79</hdop>
</trkpt>
<trkpt lat="46.6894164" lon="8.4735092">
<ele>2534.05</ele>
<time>2023-04-05T07:23:19Z</time>
<hdop>3.79</hdop>
</trkpt>
<trkpt lat="46.689355" lon="8.4734737">
<ele>2536.485</ele>
<time>2023-04-05T07:23:31Z</time>
<hdop>3.79</hdop>
</trkpt>
<trkpt lat="46.6892965" lon="8.473431">
<ele>2537.912</ele>
<time>2023-04-05T07:23:42Z</time>
<hdop>3.79</hdop>
</trkpt>
<trkpt lat="46.6892411" lon="8.4733768">
<ele>2539.537</ele>
<time>2023-04-05T07:23:53Z</time>
<hdop>3.79</hdop>
</trkpt>
<trkpt lat="46.6891974" lon="8.4733012">
<ele>2540.969</ele>
<time>2023-04-05T07:24:05Z</time>
<hdop>3.79</hdop>
</trkpt>
<trkpt lat="46.6892511" lon="8.473247">
<ele>2542.135</ele>
<time>2023-04-05T07:24:16Z</time>
<hdop>3.79</hdop>
</trkpt>
<trkpt lat="46.6893037" lon="8.4731812">
<ele>2542.93</ele>
<time>2023-04-05T07:24:27Z</time>
<hdop>3.79</hdop>
</trkpt>
<trkpt lat="46.6893546" lon="8.4731217">
<ele>2543.334</ele>
<time>2023-04-05T07:24:37Z</time>
<hdop>3.79</hdop>
</trkpt>
<trkpt lat="46.6893037" lon="8.4730591">
<ele>2546.832</ele>
<time>2023-04-05T07:24:52Z</time>
<hdop>3.79</hdop>
</trkpt>
<trkpt lat="46.6892447" lon="8.4730045">
<ele>2548.949</ele>
<time>2023-04-05T07:25:03Z</time>
<hdop>3.79</hdop>
</trkpt>
<trkpt lat="46.6892008" lon="8.4729284">
<ele>2551.161</ele>
<time>2023-04-05T07:25:15Z</time>
<hdop>3.79</hdop>
</trkpt>
<trkpt lat="46.6891723" lon="8.4728383">
<ele>2551.944</ele>
<time>2023-04-05T07:25:26Z</time>
<hdop>3.79</hdop>
</trkpt>
<trkpt lat="46.6891522" lon="8.4727438">
<ele>2553.535</ele>
<time>2023-04-05T07:25:37Z</time>
<hdop>3.79</hdop>
</trkpt>
<trkpt lat="46.689138" lon="8.4726502">
<ele>2554.47</ele>
<time>2023-04-05T07:25:49Z</time>
<hdop>3.79</hdop>
</trkpt>
<trkpt lat="46.6891104" lon="8.4725538">
<ele>2555.269</ele>
<time>2023-04-05T07:26:00Z</time>
<hdop>3.79</hdop>
</trkpt>
<trkpt lat="46.6890796" lon="8.4724679">
<ele>2556.526</ele>
<time>2023-04-05T07:26:10Z</time>
<hdop>3.79</hdop>
</trkpt>
<trkpt lat="46.6890363" lon="8.4723889">
<ele>2557.909</ele>
<time>2023-04-05T07:26:22Z</time>
<hdop>3.79</hdop>
</trkpt>
<trkpt lat="46.68898" lon="8.4723268">
<ele>2558.504</ele>
<time>2023-04-05T07:26:33Z</time>
<hdop>3.79</hdop>
</trkpt>
<trkpt lat="46.6889156" lon="8.4723036">
<ele>2559.253</ele>
<time>2023-04-05T07:26:43Z</time>
<hdop>3.79</hdop>
</trkpt>
<trkpt lat="46.6888481" lon="8.472305">
<ele>2560.887</ele>
<time>2023-04-05T07:26:52Z</time>
<hdop>3.79</hdop>
</trkpt>
<trkpt lat="46.6888602" lon="8.4722036">
<ele>2562.818</ele>
<time>2023-04-05T07:27:08Z</time>
<hdop>3.79</hdop>
</trkpt>
<trkpt lat="46.6889161" lon="8.4721461">
<ele>2563.155</ele>
<time>2023-04-05T07:27:16Z</time>
<hdop>3.79</hdop>
</trkpt>
<trkpt lat="46.6889767" lon="8.4721057">
<ele>2565.17</ele>
<time>2023-04-05T07:27:26Z</time>
<hdop>3.79</hdop>
</trkpt>
<trkpt lat="46.6890076" lon="8.4720156">
<ele>2566.809</ele>
<time>2023-04-05T07:27:39Z</time>
<hdop>3.79</hdop>
</trkpt>
<trkpt lat="46.6889874" lon="8.471923">
<ele>2568.661</ele>
<time>2023-04-05T07:27:49Z</time>
<hdop>3.79</hdop>
</trkpt>
<trkpt lat="46.6889827" lon="8.4718273">
<ele>2570.516</ele>
<time>2023-04-05T07:28:03Z</time>
<hdop>3.79</hdop>
</trkpt>
<trkpt lat="46.6889131" lon="8.4718289">
<ele>2572.743</ele>
<time>2023-04-05T07:28:22Z</time>
<hdop>3.79</hdop>
</trkpt>
<trkpt lat="46.6888462" lon="8.4718404">
<ele>2575.649</ele>
<time>2023-04-05T07:28:34Z</time>
<hdop>3.79</hdop>
</trkpt>
<trkpt lat="46.6887853" lon="8.4717988">
<ele>2576.414</ele>
<time>2023-04-05T07:28:46Z</time>
<hdop>3.79</hdop>
</trkpt>
<trkpt lat="46.6887252" lon="8.4717511">
<ele>2578.697</ele>
<time>2023-04-05T07:28:59Z</time>
<hdop>3.79</hdop>
</trkpt>
<trkpt lat="46.6886688" lon="8.4717036">
<ele>2579.91</ele>
<time>2023-04-05T07:29:11Z</time>
<hdop>3.79</hdop>
</trkpt>
<trkpt lat="46.6886202" lon="8.4716364">
<ele>2581.424</ele>
<time>2023-04-05T07:29:26Z</time>
<hdop>3.79</hdop>
</trkpt>
<trkpt lat="46.6885877" lon="8.4715481">
<ele>2581.686</ele>
<time>2023-04-05T07:29:37Z</time>
<hdop>3.79</hdop>
</trkpt>
<trkpt lat="46.6885734" lon="8.4714462">
<ele>2583.757</ele>
<time>2023-04-05T07:29:49Z</time>
<hdop>3.79</hdop>
</trkpt>
<trkpt lat="46.6885865" lon="8.4713456">
<ele>2586.096</ele>
<time>2023-04-05T07:30:02Z</time>
<hdop>3.79</hdop>
</trkpt>
<trkpt lat="46.6886416" lon="8.4712906">
<ele>2587.213</ele>
<time>2023-04-05T07:30:13Z</time>
<hdop>3.79</hdop>
</trkpt>
<trkpt lat="46.6886951" lon="8.4712279">
<ele>2588.543</ele>
<time>2023-04-05T07:30:25Z</time>
<hdop>3.79</hdop>
</trkpt>
<trkpt lat="46.6887558" lon="8.4711889">
<ele>2589.776</ele>
<time>2023-04-05T07:30:37Z</time>
<hdop>3.79</hdop>
</trkpt>
<trkpt lat="46.6888203" lon="8.4711548">
<ele>2591.575</ele>
<time>2023-04-05T07:30:50Z</time>
<hdop>3.79</hdop>
</trkpt>
<trkpt lat="46.6888717" lon="8.4710962">
<ele>2594.017</ele>
<time>2023-04-05T07:31:05Z</time>
<hdop>3.79</hdop>
</trkpt>
<trkpt lat="46.6888235" lon="8.4710217">
<ele>2594.674</ele>
<time>2023-04-05T07:31:15Z</time>
<hdop>3.79</hdop>
</trkpt>
<trkpt lat="46.6887722" lon="8.4709526">
<ele>2597.615</ele>
<time>2023-04-05T07:31:27Z</time>
<hdop>3.79</hdop>
</trkpt>
<trkpt lat="46.6887215" lon="8.4708845">
<ele>2599.464</ele>
<time>2023-04-05T07:31:40Z</time>
<hdop>3.79</hdop>
</trkpt>
<trkpt lat="46.6886761" lon="8.4708148">
<ele>2601.382</ele>
<time>2023-04-05T07:31:53Z</time>
<hdop>3.79</hdop>
</trkpt>
<trkpt lat="46.6886256" lon="8.4707553">
<ele>2604.215</ele>
<time>2023-04-05T07:32:07Z</time>
<hdop>3.79</hdop>
</trkpt>
<trkpt lat="46.6885714" lon="8.4706939">
<ele>2607.18</ele>
<time>2023-04-05T07:32:20Z</time>
<hdop>3.79</hdop>
</trkpt>
<trkpt lat="46.6885184" lon="8.4706361">
<ele>2607.56</ele>
<time>2023-04-05T07:32:33Z</time>
<hdop>3.79</hdop>
</trkpt>
<trkpt lat="46.6885425" lon="8.4705402">
<ele>2609.187</ele>
<time>2023-04-05T07:32:49Z</time>
<hdop>3.79</hdop>
</trkpt>
<trkpt lat="46.6885814" lon="8.4704625">
<ele>2610.234</ele>
<time>2023-04-05T07:33:03Z</time>
<hdop>3.79</hdop>
</trkpt>
<trkpt lat="46.6886047" lon="8.4703704">
<ele>2610.783</ele>
<time>2023-04-05T07:33:16Z</time>
<hdop>3.79</hdop>
</trkpt>
<trkpt lat="46.688579" lon="8.4702797">
<ele>2613.516</ele>
<time>2023-04-05T07:33:34Z</time>
<hdop>3.79</hdop>
</trkpt>
<trkpt lat="46.6885314" lon="8.4702148">
<ele>2616.024</ele>
<time>2023-04-05T07:33:46Z</time>
<hdop>3.79</hdop>
</trkpt>
<trkpt lat="46.6884912" lon="8.4701347">
<ele>2617.804</ele>
<time>2023-04-05T07:33:59Z</time>
<hdop>3.79</hdop>
</trkpt>
<trkpt lat="46.6884376" lon="8.4700782">
<ele>2619.552</ele>
<time>2023-04-05T07:34:12Z</time>
<hdop>3.79</hdop>
</trkpt>
<trkpt lat="46.6883735" lon="8.4700535">
<ele>2622.175</ele>
<time>2023-04-05T07:34:24Z</time>
<hdop>3.79</hdop>
</trkpt>
<trkpt lat="46.688308" lon="8.4700382">
<ele>2624.419</ele>
<time>2023-04-05T07:34:36Z</time>
<hdop>3.79</hdop>
</trkpt>
<trkpt lat="46.6882391" lon="8.4700165">
<ele>2625.605</ele>
<time>2023-04-05T07:34:49Z</time>
<hdop>3.79</hdop>
</trkpt>
<trkpt lat="46.6881767" lon="8.4699775">
<ele>2626.451</ele>
<time>2023-04-05T07:35:01Z</time>
<hdop>3.79</hdop>
</trkpt>
<trkpt lat="46.6881705" lon="8.4698823">
<ele>2627.559</ele>
<time>2023-04-05T07:35:13Z</time>
<hdop>3.79</hdop>
</trkpt>
<trkpt lat="46.6882054" lon="8.4698016">
<ele>2629.868</ele>
<time>2023-04-05T07:35:25Z</time>
<hdop>3.79</hdop>
</trkpt>
<trkpt lat="46.6882064" lon="8.4697028">
<ele>2631.248</ele>
<time>2023-04-05T07:35:38Z</time>
<hdop>3.79</hdop>
</trkpt>
<trkpt lat="46.6881972" lon="8.4696086">
<ele>2633.35</ele>
<time>2023-04-05T07:35:54Z</time>
<hdop>3.79</hdop>
</trkpt>
<trkpt lat="46.6881452" lon="8.4695418">
<ele>2635.016</ele>
<time>2023-04-05T07:36:07Z</time>
<hdop>3.79</hdop>
</trkpt>
<trkpt lat="46.6881032" lon="8.4694629">
<ele>2635.243</ele>
<time>2023-04-05T07:36:19Z</time>
<hdop>3.79</hdop>
</trkpt>
<trkpt lat="46.6880686" lon="8.4693758">
<ele>2635.998</ele>
<time>2023-04-05T07:36:29Z</time>
<hdop>3.79</hdop>
</trkpt>
<trkpt lat="46.6880065" lon="8.469345">
<ele>2638.186</ele>
<time>2023-04-05T07:36:41Z</time>
<hdop>3.79</hdop>
</trkpt>
<trkpt lat="46.6879411" lon="8.4693312">
<ele>2640.202</ele>
<time>2023-04-05T07:36:57Z</time>
<hdop>3.79</hdop>
</trkpt>
<trkpt lat="46.6878945" lon="8.4692603">
<ele>2641.636</ele>
<time>2023-04-05T07:37:08Z</time>
<hdop>3.79</hdop>
</trkpt>
<trkpt lat="46.6878432" lon="8.4691947">
<ele>2643.184</ele>
<time>2023-04-05T07:37:20Z</time>
<hdop>3.79</hdop>
</trkpt>
<trkpt lat="46.6877943" lon="8.4691226">
<ele>2644.704</ele>
<time>2023-04-05T07:37:33Z</time>
<hdop>3.79</hdop>
</trkpt>
<trkpt lat="46.6878188" lon="8.469034">
<ele>2645.924</ele>
<time>2023-04-05T07:37:50Z</time>
<hdop>3.79</hdop>
</trkpt>
<trkpt lat="46.6878642" lon="8.4689573">
<ele>2649.311</ele>
<time>2023-04-05T07:38:04Z</time>
<hdop>3.79</hdop>
</trkpt>
<trkpt lat="46.6879023" lon="8.468879">
<ele>2650.431</ele>
<time>2023-04-05T07:38:17Z</time>
<hdop>3.79</hdop>
</trkpt>
<trkpt lat="46.6878539" lon="8.4688155">
<ele>2656.31</ele>
<time>2023-04-05T07:38:50Z</time>
<hdop>3.79</hdop>
</trkpt>
<trkpt lat="46.6878617" lon="8.4687213">
<ele>2657.19</ele>
<time>2023-04-05T07:39:04Z</time>
<hdop>3.79</hdop>
</trkpt>
<trkpt lat="46.6878975" lon="8.4686363">
<ele>2658.354</ele>
<time>2023-04-05T07:39:16Z</time>
<hdop>3.79</hdop>
</trkpt>
<trkpt lat="46.6878428" lon="8.4685844">
<ele>2659.65</ele>
<time>2023-04-05T07:39:31Z</time>
<hdop>3.79</hdop>
</trkpt>
<trkpt lat="46.6878351" lon="8.4684873">
<ele>2662.811</ele>
<time>2023-04-05T07:39:48Z</time>
<hdop>3.79</hdop>
</trkpt>
<trkpt lat="46.6877735" lon="8.4684489">
<ele>2666.066</ele>
<time>2023-04-05T07:40:00Z</time>
<hdop>3.79</hdop>
</trkpt>
<trkpt lat="46.687777" lon="8.4683487">
<ele>2666.963</ele>
<time>2023-04-05T07:40:12Z</time>
<hdop>3.79</hdop>
</trkpt>
<trkpt lat="46.6877189" lon="8.4682986">
<ele>2668.593</ele>
<time>2023-04-05T07:40:31Z</time>
<hdop>3.79</hdop>
</trkpt>
<trkpt lat="46.687744" lon="8.4682092">
<ele>2671.1</ele>
<time>2023-04-05T07:40:45Z</time>
<hdop>3.79</hdop>
</trkpt>
<trkpt lat="46.6876835" lon="8.4681648">
<ele>2672.872</ele>
<time>2023-04-05T07:40:59Z</time>
<hdop>3.79</hdop>
</trkpt>
<trkpt lat="46.6876609" lon="8.4680756">
<ele>2675.162</ele>
<time>2023-04-05T07:41:19Z</time>
<hdop>3.79</hdop>
</trkpt>
<trkpt lat="46.687702" lon="8.4680019">
<ele>2677.934</ele>
<time>2023-04-05T07:41:37Z</time>
<hdop>3.79</hdop>
</trkpt>
<trkpt lat="46.6876869" lon="8.4679094">
<ele>2679.992</ele>
<time>2023-04-05T07:41:54Z</time>
<hdop>3.79</hdop>
</trkpt>
<trkpt lat="46.6877226" lon="8.4678282">
<ele>2683.709</ele>
<time>2023-04-05T07:42:17Z</time>
<hdop>3.79</hdop>
</trkpt>
<trkpt lat="46.6877858" lon="8.4678502">
<ele>2685.328</ele>
<time>2023-04-05T07:42:26Z</time>
<hdop>3.79</hdop>
</trkpt>
<trkpt lat="46.6878444" lon="8.4678912">
<ele>2686.757</ele>
<time>2023-04-05T07:42:37Z</time>
<hdop>3.79</hdop>
</trkpt>
<trkpt lat="46.687903" lon="8.4679365">
<ele>2689.405</ele>
<time>2023-04-05T07:42:51Z</time>
<hdop>3.79</hdop>
</trkpt>
<trkpt lat="46.6879641" lon="8.4679016">
<ele>2691.321</ele>
<time>2023-04-05T07:43:07Z</time>
<hdop>3.79</hdop>
</trkpt>
<trkpt lat="46.6880078" lon="8.4678309">
<ele>2692.395</ele>
<time>2023-04-05T07:43:21Z</time>
<hdop>3.79</hdop>
</trkpt>
<trkpt lat="46.688069" lon="8.4677857">
<ele>2693.35</ele>
<time>2023-04-05T07:43:33Z</time>
<hdop>3.79</hdop>
</trkpt>
<trkpt lat="46.68801" lon="8.4677338">
<ele>2696.008</ele>
<time>2023-04-05T07:43:48Z</time>
<hdop>3.79</hdop>
</trkpt>
<trkpt lat="46.6879461" lon="8.4676918">
<ele>2699.594</ele>
<time>2023-04-05T07:46:43Z</time>
<hdop>3.79</hdop>
</trkpt>
<trkpt lat="46.6878919" lon="8.4676377">
<ele>2700.185</ele>
<time>2023-04-05T07:46:56Z</time>
<hdop>3.79</hdop>
</trkpt>
<trkpt lat="46.6879382" lon="8.4675685">
<ele>2703.262</ele>
<time>2023-04-05T07:47:13Z</time>
<hdop>3.79</hdop>
</trkpt>
<trkpt lat="46.6879862" lon="8.4674997">
<ele>2704.432</ele>
<time>2023-04-05T07:47:26Z</time>
<hdop>3.79</hdop>
</trkpt>
<trkpt lat="46.6880504" lon="8.4674619">
<ele>2704.364</ele>
<time>2023-04-05T07:47:39Z</time>
<hdop>3.79</hdop>
</trkpt>
<trkpt lat="46.6879868" lon="8.4674334">
<ele>2707.399</ele>
<time>2023-04-05T07:47:52Z</time>
<hdop>3.79</hdop>
</trkpt>
<trkpt lat="46.6879213" lon="8.4674048">
<ele>2711.077</ele>
<time>2023-04-05T07:48:07Z</time>
<hdop>3.79</hdop>
</trkpt>
<trkpt lat="46.6878727" lon="8.4673406">
<ele>2713.335</ele>
<time>2023-04-05T07:48:22Z</time>
<hdop>3.79</hdop>
</trkpt>
<trkpt lat="46.6878631" lon="8.4672441">
<ele>2714.127</ele>
<time>2023-04-05T07:48:37Z</time>
<hdop>3.79</hdop>
</trkpt>
<trkpt lat="46.6878866" lon="8.4671531">
<ele>2714.528</ele>
<time>2023-04-05T07:48:49Z</time>
<hdop>3.79</hdop>
</trkpt>
<trkpt lat="46.6879067" lon="8.4670591">
<ele>2714.347</ele>
<time>2023-04-05T07:49:02Z</time>
<hdop>3.79</hdop>
</trkpt>
<trkpt lat="46.6878672" lon="8.4669737">
<ele>2715.956</ele>
<time>2023-04-05T07:49:16Z</time>
<hdop>3.79</hdop>
</trkpt>
<trkpt lat="46.6878183" lon="8.4669054">
<ele>2716.508</ele>
<time>2023-04-05T07:49:29Z</time>
<hdop>3.79</hdop>
</trkpt>
<trkpt lat="46.6878558" lon="8.4668225">
<ele>2717.669</ele>
<time>2023-04-05T07:49:58Z</time>
<hdop>3.79</hdop>
</trkpt>
<trkpt lat="46.6879196" lon="8.4668058">
<ele>2718.3</ele>
<time>2023-04-05T07:50:12Z</time>
<hdop>3.79</hdop>
</trkpt>
<trkpt lat="46.6879854" lon="8.4668238">
<ele>2721.014</ele>
<time>2023-04-05T07:50:28Z</time>
<hdop>3.79</hdop>
</trkpt>
<trkpt lat="46.6880477" lon="8.4668516">
<ele>2724.058</ele>
<time>2023-04-05T07:50:42Z</time>
<hdop>3.79</hdop>
</trkpt>
<trkpt lat="46.6880375" lon="8.4667562">
<ele>2727.363</ele>
<time>2023-04-05T07:51:06Z</time>
<hdop>3.79</hdop>
</trkpt>
<trkpt lat="46.6879863" lon="8.4666863">
<ele>2729.054</ele>
<time>2023-04-05T07:51:18Z</time>
<hdop>3.79</hdop>
</trkpt>
<trkpt lat="46.6879314" lon="8.4666317">
<ele>2730.578</ele>
<time>2023-04-05T07:51:30Z</time>
<hdop>3.79</hdop>
</trkpt>
<trkpt lat="46.6878794" lon="8.466573">
<ele>2734.178</ele>
<time>2023-04-05T07:51:43Z</time>
<hdop>3.79</hdop>
</trkpt>
<trkpt lat="46.6878276" lon="8.4665123">
<ele>2735.439</ele>
<time>2023-04-05T07:51:55Z</time>
<hdop>3.79</hdop>
</trkpt>
<trkpt lat="46.6877605" lon="8.4664875">
<ele>2736.588</ele>
<time>2023-04-05T07:52:06Z</time>
<hdop>3.79</hdop>
</trkpt>
<trkpt lat="46.6876967" lon="8.4665102">
<ele>2740.637</ele>
<time>2023-04-05T07:52:20Z</time>
<hdop>3.79</hdop>
</trkpt>
<trkpt lat="46.6876281" lon="8.4665041">
<ele>2742.649</ele>
<time>2023-04-05T07:52:35Z</time>
<hdop>3.79</hdop>
</trkpt>
<trkpt lat="46.6876556" lon="8.4664115">
<ele>2742.948</ele>
<time>2023-04-05T07:53:06Z</time>
<hdop>3.79</hdop>
</trkpt>
<trkpt lat="46.6877013" lon="8.4663348">
<ele>2743.467</ele>
<time>2023-04-05T07:53:17Z</time>
<hdop>3.79</hdop>
</trkpt>
<trkpt lat="46.687745" lon="8.4662628">
<ele>2745.205</ele>
<time>2023-04-05T07:53:32Z</time>
<hdop>3.79</hdop>
</trkpt>
<trkpt lat="46.6877941" lon="8.4661991">
<ele>2745.717</ele>
<time>2023-04-05T07:53:45Z</time>
<hdop>3.79</hdop>
</trkpt>
<trkpt lat="46.6877263" lon="8.4661845">
<ele>2748.234</ele>
<time>2023-04-05T07:53:59Z</time>
<hdop>3.79</hdop>
</trkpt>
<trkpt lat="46.6876614" lon="8.466184">
<ele>2751.285</ele>
<time>2023-04-05T07:54:13Z</time>
<hdop>3.79</hdop>
</trkpt>
<trkpt lat="46.6876387" lon="8.4660875">
<ele>2752.202</ele>
<time>2023-04-05T07:54:27Z</time>
<hdop>3.79</hdop>
</trkpt>
<trkpt lat="46.6876136" lon="8.4659948">
<ele>2754.242</ele>
<time>2023-04-05T07:54:39Z</time>
<hdop>3.79</hdop>
</trkpt>
<trkpt lat="46.687557" lon="8.4659411">
<ele>2756.984</ele>
<time>2023-04-05T07:54:50Z</time>
<hdop>9.94</hdop>
</trkpt>
<trkpt lat="46.6874903" lon="8.4659255">
<ele>2758.54</ele>
<time>2023-04-05T07:55:03Z</time>
<hdop>9.94</hdop>
</trkpt>
<trkpt lat="46.6874276" lon="8.4658938">
<ele>2760.626</ele>
<time>2023-04-05T07:55:16Z</time>
<hdop>9.94</hdop>
</trkpt>
<trkpt lat="46.6873787" lon="8.4658296">
<ele>2761.295</ele>
<time>2023-04-05T07:55:30Z</time>
<hdop>9.94</hdop>
</trkpt>
<trkpt lat="46.6873292" lon="8.4657674">
<ele>2763.526</ele>
<time>2023-04-05T07:55:43Z</time>
<hdop>9.94</hdop>
</trkpt>
<trkpt lat="46.6872751" lon="8.4657046">
<ele>2763.922</ele>
<time>2023-04-05T07:55:54Z</time>
<hdop>9.94</hdop>
</trkpt>
<trkpt lat="46.6872186" lon="8.4656474">
<ele>2765.189</ele>
<time>2023-04-05T07:56:05Z</time>
<hdop>9.94</hdop>
</trkpt>
<trkpt lat="46.6871593" lon="8.4655995">
<ele>2766.497</ele>
<time>2023-04-05T07:56:17Z</time>
<hdop>9.94</hdop>
</trkpt>
<trkpt lat="46.6870963" lon="8.4655616">
<ele>2768.119</ele>
<time>2023-04-05T07:56:43Z</time>
<hdop>3.79</hdop>
</trkpt>
<trkpt lat="46.6870321" lon="8.4655313">
<ele>2769.72</ele>
<time>2023-04-05T07:56:54Z</time>
<hdop>3.79</hdop>
</trkpt>
<trkpt lat="46.6869683" lon="8.4654961">
<ele>2771.818</ele>
<time>2023-04-05T07:57:06Z</time>
<hdop>3.79</hdop>
</trkpt>
<trkpt lat="46.6869475" lon="8.4654029">
<ele>2772.967</ele>
<time>2023-04-05T07:57:19Z</time>
<hdop>3.79</hdop>
</trkpt>
<trkpt lat="46.6869758" lon="8.4653178">
<ele>2775.432</ele>
<time>2023-04-05T07:57:31Z</time>
<hdop>3.79</hdop>
</trkpt>
<trkpt lat="46.6870191" lon="8.4652331">
<ele>2774.289</ele>
<time>2023-04-05T07:59:07Z</time>
<hdop>3.79</hdop>
</trkpt>
<trkpt lat="46.6870587" lon="8.4651562">
<ele>2773.358</ele>
<time>2023-04-05T07:59:21Z</time>
<hdop>3.79</hdop>
</trkpt>
<trkpt lat="46.6871081" lon="8.4650861">
<ele>2774.477</ele>
<time>2023-04-05T07:59:29Z</time>
<hdop>3.79</hdop>
</trkpt>
<trkpt lat="46.687156" lon="8.4650204">
<ele>2773.988</ele>
<time>2023-04-05T07:59:37Z</time>
<hdop>3.79</hdop>
</trkpt>
<trkpt lat="46.6872149" lon="8.4649675">
<ele>2775.03</ele>
<time>2023-04-05T07:59:48Z</time>
<hdop>3.79</hdop>
</trkpt>
<trkpt lat="46.6872819" lon="8.4649363">
<ele>2774.851</ele>
<time>2023-04-05T07:59:59Z</time>
<hdop>3.79</hdop>
</trkpt>
<trkpt lat="46.6873463" lon="8.4649109">
<ele>2775.516</ele>
<time>2023-04-05T08:00:07Z</time>
<hdop>3.79</hdop>
</trkpt>
<trkpt lat="46.6874134" lon="8.4649035">
<ele>2776.341</ele>
<time>2023-04-05T08:00:15Z</time>
<hdop>3.79</hdop>
</trkpt>
<trkpt lat="46.6874861" lon="8.4649073">
<ele>2776.838</ele>
<time>2023-04-05T08:00:23Z</time>
<hdop>3.79</hdop>
</trkpt>
<trkpt lat="46.6875516" lon="8.4649432">
<ele>2779.862</ele>
<time>2023-04-05T08:00:31Z</time>
<hdop>3.79</hdop>
</trkpt>
<trkpt lat="46.6876138" lon="8.4649854">
<ele>2781.586</ele>
<time>2023-04-05T08:00:42Z</time>
<hdop>3.79</hdop>
</trkpt>
<trkpt lat="46.6876805" lon="8.465021">
<ele>2785.252</ele>
<time>2023-04-05T08:00:51Z</time>
<hdop>3.79</hdop>
</trkpt>
<trkpt lat="46.6877406" lon="8.4650582">
<ele>2787.214</ele>
<time>2023-04-05T08:01:00Z</time>
<hdop>3.79</hdop>
</trkpt>
<trkpt lat="46.6878037" lon="8.4650913">
<ele>2788.608</ele>
<time>2023-04-05T08:01:09Z</time>
<hdop>3.79</hdop>
</trkpt>
<trkpt lat="46.6878645" lon="8.4651311">
<ele>2790.31</ele>
<time>2023-04-05T08:01:19Z</time>
<hdop>3.79</hdop>
</trkpt>
<trkpt lat="46.6879252" lon="8.4651683">
<ele>2790.334</ele>
<time>2023-04-05T08:01:30Z</time>
<hdop>3.79</hdop>
</trkpt>
<trkpt lat="46.6879893" lon="8.4652149">
<ele>2791.884</ele>
<time>2023-04-05T08:01:42Z</time>
<hdop>3.79</hdop>
</trkpt>
<trkpt lat="46.6880452" lon="8.4652642">
<ele>2793.532</ele>
<time>2023-04-05T08:01:53Z</time>
<hdop>3.79</hdop>
</trkpt>
<trkpt lat="46.6881081" lon="8.4652912">
<ele>2794.78</ele>
<time>2023-04-05T08:02:02Z</time>
<hdop>3.79</hdop>
</trkpt>
<trkpt lat="46.6881807" lon="8.4653038">
<ele>2795.47</ele>
<time>2023-04-05T08:02:11Z</time>
<hdop>3.79</hdop>
</trkpt>
<trkpt lat="46.688247" lon="8.4653237">
<ele>2796.6</ele>
<time>2023-04-05T08:02:20Z</time>
<hdop>3.79</hdop>
</trkpt>
<trkpt lat="46.68831" lon="8.4653512">
<ele>2798.069</ele>
<time>2023-04-05T08:02:30Z</time>
<hdop>3.79</hdop>
</trkpt>
<trkpt lat="46.6883739" lon="8.4653769">
<ele>2799.408</ele>
<time>2023-04-05T08:02:39Z</time>
<hdop>3.79</hdop>
</trkpt>
<trkpt lat="46.6884392" lon="8.4654069">
<ele>2800.777</ele>
<time>2023-04-05T08:02:48Z</time>
<hdop>3.79</hdop>
</trkpt>
<trkpt lat="46.6885103" lon="8.465433">
<ele>2802.243</ele>
<time>2023-04-05T08:02:58Z</time>
<hdop>3.79</hdop>
</trkpt>
<trkpt lat="46.6885737" lon="8.4654587">
<ele>2804.256</ele>
<time>2023-04-05T08:03:07Z</time>
<hdop>3.79</hdop>
</trkpt>
<trkpt lat="46.6886425" lon="8.4654812">
<ele>2805.415</ele>
<time>2023-04-05T08:03:18Z</time>
<hdop>3.79</hdop>
</trkpt>
<trkpt lat="46.6886241" lon="8.4653812">
<ele>2808.362</ele>
<time>2023-04-05T08:06:39Z</time>
<hdop>3.79</hdop>
</trkpt>
<trkpt lat="46.6885906" lon="8.4652971">
<ele>2810.449</ele>
<time>2023-04-05T08:06:51Z</time>
<hdop>3.79</hdop>
</trkpt>
<trkpt lat="46.6885484" lon="8.4652228">
<ele>2811.606</ele>
<time>2023-04-05T08:07:02Z</time>
<hdop>3.79</hdop>
</trkpt>
<trkpt lat="46.6885031" lon="8.465145">
<ele>2814.599</ele>
<time>2023-04-05T08:07:15Z</time>
<hdop>3.79</hdop>
</trkpt>
<trkpt lat="46.68846" lon="8.4650694">
<ele>2815.771</ele>
<time>2023-04-05T08:07:36Z</time>
<hdop>3.79</hdop>
</trkpt>
<trkpt lat="46.6885238" lon="8.4650335">
<ele>2816.535</ele>
<time>2023-04-05T08:07:48Z</time>
<hdop>3.79</hdop>
</trkpt>
<trkpt lat="46.6885923" lon="8.4650165">
<ele>2818.398</ele>
<time>2023-04-05T08:07:59Z</time>
<hdop>3.79</hdop>
</trkpt>
<trkpt lat="46.6886563" lon="8.4649917">
<ele>2818.65</ele>
<time>2023-04-05T08:08:10Z</time>
<hdop>3.79</hdop>
</trkpt>
<trkpt lat="46.6887234" lon="8.4649711">
<ele>2819.649</ele>
<time>2023-04-05T08:08:23Z</time>
<hdop>3.79</hdop>
</trkpt>
<trkpt lat="46.6887917" lon="8.4649476">
<ele>2821.101</ele>
<time>2023-04-05T08:08:35Z</time>
<hdop>3.79</hdop>
</trkpt>
<trkpt lat="46.688856" lon="8.464933">
<ele>2823.905</ele>
<time>2023-04-05T08:08:48Z</time>
<hdop>3.79</hdop>
</trkpt>
<trkpt lat="46.6888235" lon="8.4648506">
<ele>2825.117</ele>
<time>2023-04-05T08:08:58Z</time>
<hdop>3.79</hdop>
</trkpt>
<trkpt lat="46.6887834" lon="8.4647715">
<ele>2826.793</ele>
<time>2023-04-05T08:09:09Z</time>
<hdop>3.79</hdop>
</trkpt>
<trkpt lat="46.688746" lon="8.4646937">
<ele>2827.437</ele>
<time>2023-04-05T08:09:20Z</time>
<hdop>3.79</hdop>
</trkpt>
<trkpt lat="46.6887063" lon="8.4646105">
<ele>2829.026</ele>
<time>2023-04-05T08:09:32Z</time>
<hdop>3.79</hdop>
</trkpt>
<trkpt lat="46.6886631" lon="8.4645397">
<ele>2831.491</ele>
<time>2023-04-05T08:09:44Z</time>
<hdop>3.79</hdop>
</trkpt>
<trkpt lat="46.6886291" lon="8.4644515">
<ele>2833.156</ele>
<time>2023-04-05T08:09:56Z</time>
<hdop>3.79</hdop>
</trkpt>
<trkpt lat="46.6885935" lon="8.4643681">
<ele>2834.681</ele>
<time>2023-04-05T08:10:07Z</time>
<hdop>3.79</hdop>
</trkpt>
<trkpt lat="46.6885488" lon="8.4642965">
<ele>2835.888</ele>
<time>2023-04-05T08:10:18Z</time>
<hdop>3.79</hdop>
</trkpt>
<trkpt lat="46.6884953" lon="8.4642344">
<ele>2837.425</ele>
<time>2023-04-05T08:10:31Z</time>
<hdop>3.79</hdop>
</trkpt>
<trkpt lat="46.6884487" lon="8.4641641">
<ele>2838.051</ele>
<time>2023-04-05T08:10:43Z</time>
<hdop>3.79</hdop>
</trkpt>
<trkpt lat="46.6883982" lon="8.4640929">
<ele>2839.034</ele>
<time>2023-04-05T08:10:54Z</time>
<hdop>3.79</hdop>
</trkpt>
<trkpt lat="46.6883547" lon="8.4640107">
<ele>2840.343</ele>
<time>2023-04-05T08:11:04Z</time>
<hdop>3.79</hdop>
</trkpt>
<trkpt lat="46.6883054" lon="8.4639465">
<ele>2840.565</ele>
<time>2023-04-05T08:11:15Z</time>
<hdop>3.79</hdop>
</trkpt>
<trkpt lat="46.6882563" lon="8.4638819">
<ele>2842.704</ele>
<time>2023-04-05T08:11:26Z</time>
<hdop>9.94</hdop>
</trkpt>
<trkpt lat="46.6882047" lon="8.4638228">
<ele>2843.832</ele>
<time>2023-04-05T08:11:37Z</time>
<hdop>9.94</hdop>
</trkpt>
<trkpt lat="46.6882477" lon="8.4637465">
<ele>2846.476</ele>
<time>2023-04-05T08:12:07Z</time>
<hdop>3.79</hdop>
</trkpt>
<trkpt lat="46.6883008" lon="8.4636878">
<ele>2847.418</ele>
<time>2023-04-05T08:12:56Z</time>
<hdop>3.79</hdop>
</trkpt>
<trkpt lat="46.688355" lon="8.463622">
<ele>2848.25</ele>
<time>2023-04-05T08:13:23Z</time>
<hdop>3.79</hdop>
</trkpt>
<trkpt lat="46.6884121" lon="8.4635654">
<ele>2849.662</ele>
<time>2023-04-05T08:13:33Z</time>
<hdop>3.79</hdop>
</trkpt>
<trkpt lat="46.6884746" lon="8.4635259">
<ele>2851.077</ele>
<time>2023-04-05T08:13:43Z</time>
<hdop>3.79</hdop>
</trkpt>
<trkpt lat="46.6885355" lon="8.4634918">
<ele>2851.285</ele>
<time>2023-04-05T08:13:52Z</time>
<hdop>3.79</hdop>
</trkpt>
<trkpt lat="46.6886014" lon="8.4634674">
<ele>2852.957</ele>
<time>2023-04-05T08:14:03Z</time>
<hdop>3.79</hdop>
</trkpt>
<trkpt lat="46.6885462" lon="8.4634063">
<ele>2855.07</ele>
<time>2023-04-05T08:14:20Z</time>
<hdop>3.79</hdop>
</trkpt>
<trkpt lat="46.6884824" lon="8.4633709">
<ele>2857.289</ele>
<time>2023-04-05T08:14:31Z</time>
<hdop>3.79</hdop>
</trkpt>
<trkpt lat="46.6884132" lon="8.4633456">
<ele>2859.407</ele>
<time>2023-04-05T08:14:53Z</time>
<hdop>3.79</hdop>
</trkpt>
<trkpt lat="46.6883479" lon="8.4633218">
<ele>2860.814</ele>
<time>2023-04-05T08:15:03Z</time>
<hdop>3.79</hdop>
</trkpt>
<trkpt lat="46.6882786" lon="8.4633048">
<ele>2862.619</ele>
<time>2023-04-05T08:15:13Z</time>
<hdop>3.79</hdop>
</trkpt>
<trkpt lat="46.6882091" lon="8.4632933">
<ele>2863.877</ele>
<time>2023-04-05T08:15:23Z</time>
<hdop>3.79</hdop>
</trkpt>
<trkpt lat="46.6881434" lon="8.4632701">
<ele>2865.393</ele>
<time>2023-04-05T08:15:35Z</time>
<hdop>3.79</hdop>
</trkpt>
<trkpt lat="46.6881864" lon="8.4631916">
<ele>2866.024</ele>
<time>2023-04-05T08:16:03Z</time>
<hdop>3.79</hdop>
</trkpt>
<trkpt lat="46.6882354" lon="8.4631297">
<ele>2867.27</ele>
<time>2023-04-05T08:16:13Z</time>
<hdop>3.79</hdop>
</trkpt>
<trkpt lat="46.6882856" lon="8.4630676">
<ele>2868.487</ele>
<time>2023-04-05T08:16:24Z</time>
<hdop>3.79</hdop>
</trkpt>
<trkpt lat="46.6883387" lon="8.4630002">
<ele>2868.795</ele>
<time>2023-04-05T08:16:36Z</time>
<hdop>3.79</hdop>
</trkpt>
<trkpt lat="46.6883921" lon="8.4629425">
<ele>2870.75</ele>
<time>2023-04-05T08:16:47Z</time>
<hdop>3.79</hdop>
</trkpt>
<trkpt lat="46.6884473" lon="8.4628849">
<ele>2872.003</ele>
<time>2023-04-05T08:16:58Z</time>
<hdop>3.79</hdop>
</trkpt>
<trkpt lat="46.6885082" lon="8.4628343">
<ele>2873.488</ele>
<time>2023-04-05T08:17:09Z</time>
<hdop>3.79</hdop>
</trkpt>
<trkpt lat="46.6885708" lon="8.4627892">
<ele>2875.206</ele>
<time>2023-04-05T08:17:21Z</time>
<hdop>3.79</hdop>
</trkpt>
<trkpt lat="46.6886331" lon="8.462756">
<ele>2877.071</ele>
<time>2023-04-05T08:17:32Z</time>
<hdop>3.79</hdop>
</trkpt>
<trkpt lat="46.6886973" lon="8.4627278">
<ele>2877.798</ele>
<time>2023-04-05T08:17:43Z</time>
<hdop>3.79</hdop>
</trkpt>
<trkpt lat="46.6886816" lon="8.4626293">
<ele>2881.902</ele>
<time>2023-04-05T08:18:17Z</time>
<hdop>3.79</hdop>
</trkpt>
<trkpt lat="46.6886312" lon="8.462569">
<ele>2882.455</ele>
<time>2023-04-05T08:18:26Z</time>
<hdop>3.79</hdop>
</trkpt>
<trkpt lat="46.6885748" lon="8.462518">
<ele>2884.74</ele>
<time>2023-04-05T08:18:39Z</time>
<hdop>3.79</hdop>
</trkpt>
<trkpt lat="46.6885153" lon="8.4624726">
<ele>2886.477</ele>
<time>2023-04-05T08:18:51Z</time>
<hdop>3.79</hdop>
</trkpt>
<trkpt lat="46.6884526" lon="8.4624344">
<ele>2887.701</ele>
<time>2023-04-05T08:19:01Z</time>
<hdop>3.79</hdop>
</trkpt>
<trkpt lat="46.6884951" lon="8.4623621">
<ele>2887.122</ele>
<time>2023-04-05T08:19:13Z</time>
<hdop>3.79</hdop>
</trkpt>
<trkpt lat="46.6885573" lon="8.4623131">
<ele>2887.58</ele>
<time>2023-04-05T08:19:25Z</time>
<hdop>3.79</hdop>
</trkpt>
<trkpt lat="46.6886137" lon="8.4622607">
<ele>2888.721</ele>
<time>2023-04-05T08:19:36Z</time>
<hdop>3.79</hdop>
</trkpt>
<trkpt lat="46.6886715" lon="8.4622171">
<ele>2889.627</ele>
<time>2023-04-05T08:19:48Z</time>
<hdop>3.79</hdop>
</trkpt>
<trkpt lat="46.6887299" lon="8.462169">
<ele>2891.446</ele>
<time>2023-04-05T08:20:00Z</time>
<hdop>3.79</hdop>
</trkpt>
<trkpt lat="46.6887878" lon="8.4621231">
<ele>2892.58</ele>
<time>2023-04-05T08:20:11Z</time>
<hdop>3.79</hdop>
</trkpt>
<trkpt lat="46.688847" lon="8.4620715">
<ele>2894.055</ele>
<time>2023-04-05T08:20:22Z</time>
<hdop>3.79</hdop>
</trkpt>
<trkpt lat="46.6889046" lon="8.4620164">
<ele>2895.376</ele>
<time>2023-04-05T08:20:34Z</time>
<hdop>3.79</hdop>
</trkpt>
<trkpt lat="46.6889655" lon="8.4619656">
<ele>2895.995</ele>
<time>2023-04-05T08:20:46Z</time>
<hdop>3.79</hdop>
</trkpt>
<trkpt lat="46.6890228" lon="8.4619177">
<ele>2897.191</ele>
<time>2023-04-05T08:20:57Z</time>
<hdop>3.79</hdop>
</trkpt>
<trkpt lat="46.6890822" lon="8.4618693">
<ele>2899.325</ele>
<time>2023-04-05T08:21:08Z</time>
<hdop>3.79</hdop>
</trkpt>
<trkpt lat="46.6891426" lon="8.4618262">
<ele>2900.625</ele>
<time>2023-04-05T08:21:19Z</time>
<hdop>3.79</hdop>
</trkpt>
<trkpt lat="46.6892021" lon="8.4617858">
<ele>2901.518</ele>
<time>2023-04-05T08:21:29Z</time>
<hdop>3.79</hdop>
</trkpt>
<trkpt lat="46.6892623" lon="8.4617496">
<ele>2902.404</ele>
<time>2023-04-05T08:21:39Z</time>
<hdop>3.79</hdop>
</trkpt>
<trkpt lat="46.6893248" lon="8.4617192">
<ele>2903.715</ele>
<time>2023-04-05T08:21:49Z</time>
<hdop>3.79</hdop>
</trkpt>
<trkpt lat="46.6893931" lon="8.4617052">
<ele>2905.04</ele>
<time>2023-04-05T08:21:59Z</time>
<hdop>3.79</hdop>
</trkpt>
<trkpt lat="46.6894635" lon="8.4616906">
<ele>2905.384</ele>
<time>2023-04-05T08:22:09Z</time>
<hdop>3.79</hdop>
</trkpt>
<trkpt lat="46.6894274" lon="8.4616083">
<ele>2907.998</ele>
<time>2023-04-05T08:22:21Z</time>
<hdop>3.79</hdop>
</trkpt>
<trkpt lat="46.6893715" lon="8.4615446">
<ele>2910.253</ele>
<time>2023-04-05T08:22:31Z</time>
<hdop>3.79</hdop>
</trkpt>
<trkpt lat="46.6893055" lon="8.4615024">
<ele>2911.68</ele>
<time>2023-04-05T08:22:41Z</time>
<hdop>3.79</hdop>
</trkpt>
<trkpt lat="46.6893524" lon="8.4614333">
<ele>2911.902</ele>
<time>2023-04-05T08:23:07Z</time>
<hdop>3.79</hdop>
</trkpt>
<trkpt lat="46.6894122" lon="8.4613907">
<ele>2912.705</ele>
<time>2023-04-05T08:23:19Z</time>
<hdop>3.79</hdop>
</trkpt>
<trkpt lat="46.6894727" lon="8.461348">
<ele>2914.11</ele>
<time>2023-04-05T08:23:30Z</time>
<hdop>3.79</hdop>
</trkpt>
<trkpt lat="46.6895352" lon="8.461307">
<ele>2915.753</ele>
<time>2023-04-05T08:23:41Z</time>
<hdop>3.79</hdop>
</trkpt>
<trkpt lat="46.689503" lon="8.4612215">
<ele>2917.893</ele>
<time>2023-04-05T08:24:19Z</time>
<hdop>3.79</hdop>
</trkpt>
<trkpt lat="46.6894382" lon="8.4612041">
<ele>2919.976</ele>
<time>2023-04-05T08:24:28Z</time>
<hdop>3.79</hdop>
</trkpt>
<trkpt lat="46.6894556" lon="8.4611113">
<ele>2923.466</ele>
<time>2023-04-05T08:25:00Z</time>
<hdop>3.79</hdop>
</trkpt>
<trkpt lat="46.6894977" lon="8.4610356">
<ele>2924.32</ele>
<time>2023-04-05T08:25:32Z</time>
<hdop>3.79</hdop>
</trkpt>
<trkpt lat="46.6895494" lon="8.4609671">
<ele>2925.652</ele>
<time>2023-04-05T08:25:47Z</time>
<hdop>3.79</hdop>
</trkpt>
<trkpt lat="46.6896161" lon="8.4609446">
<ele>2927.57</ele>
<time>2023-04-05T08:25:57Z</time>
<hdop>3.79</hdop>
</trkpt>
<trkpt lat="46.6896802" lon="8.4609176">
<ele>2928.744</ele>
<time>2023-04-05T08:26:09Z</time>
<hdop>3.79</hdop>
</trkpt>
<trkpt lat="46.6897419" lon="8.4608805">
<ele>2930.114</ele>
<time>2023-04-05T08:26:41Z</time>
<hdop>3.79</hdop>
</trkpt>
<trkpt lat="46.6898034" lon="8.4608374">
<ele>2931.572</ele>
<time>2023-04-05T08:26:53Z</time>
<hdop>3.79</hdop>
</trkpt>
<trkpt lat="46.6898606" lon="8.4607878">
<ele>2932.534</ele>
<time>2023-04-05T08:27:04Z</time>
<hdop>3.79</hdop>
</trkpt>
<trkpt lat="46.689844" lon="8.460691">
<ele>2934.862</ele>
<time>2023-04-05T08:27:17Z</time>
<hdop>3.79</hdop>
</trkpt>
<trkpt lat="46.6898029" lon="8.4606105">
<ele>2935.889</ele>
<time>2023-04-05T08:27:28Z</time>
<hdop>3.79</hdop>
</trkpt>
<trkpt lat="46.6897542" lon="8.4605447">
<ele>2937.387</ele>
<time>2023-04-05T08:27:38Z</time>
<hdop>3.79</hdop>
</trkpt>
<trkpt lat="46.6896982" lon="8.4604864">
<ele>2939.146</ele>
<time>2023-04-05T08:27:49Z</time>
<hdop>3.79</hdop>
</trkpt>
<trkpt lat="46.6896479" lon="8.4604169">
<ele>2939.946</ele>
<time>2023-04-05T08:28:00Z</time>
<hdop>3.79</hdop>
</trkpt>
<trkpt lat="46.6897091" lon="8.460382">
<ele>2939.689</ele>
<time>2023-04-05T08:28:08Z</time>
<hdop>3.79</hdop>
</trkpt>
<trkpt lat="46.6897697" lon="8.4603347">
<ele>2941.38</ele>
<time>2023-04-05T08:28:34Z</time>
<hdop>3.79</hdop>
</trkpt>
<trkpt lat="46.6898304" lon="8.4602785">
<ele>2941.428</ele>
<time>2023-04-05T08:28:45Z</time>
<hdop>3.79</hdop>
</trkpt>
<trkpt lat="46.6898859" lon="8.4602256">
<ele>2944.199</ele>
<time>2023-04-05T08:28:56Z</time>
<hdop>3.79</hdop>
</trkpt>
<trkpt lat="46.6899371" lon="8.460165">
<ele>2946.164</ele>
<time>2023-04-05T08:29:10Z</time>
<hdop>3.79</hdop>
</trkpt>
<trkpt lat="46.6899367" lon="8.4600673">
<ele>2946.495</ele>
<time>2023-04-05T08:29:27Z</time>
<hdop>3.79</hdop>
</trkpt>
<trkpt lat="46.6898958" lon="8.4599895">
<ele>2947.512</ele>
<time>2023-04-05T08:29:38Z</time>
<hdop>3.79</hdop>
</trkpt>
<trkpt lat="46.6898564" lon="8.4599085">
<ele>2948.292</ele>
<time>2023-04-05T08:29:47Z</time>
<hdop>3.79</hdop>
</trkpt>
<trkpt lat="46.6898367" lon="8.4598145">
<ele>2948.41</ele>
<time>2023-04-05T08:29:56Z</time>
<hdop>3.79</hdop>
</trkpt>
<trkpt lat="46.6898319" lon="8.4597161">
<ele>2948.82</ele>
<time>2023-04-05T08:30:09Z</time>
<hdop>3.79</hdop>
</trkpt>
<trkpt lat="46.6898301" lon="8.4596217">
<ele>2950.397</ele>
<time>2023-04-05T08:30:19Z</time>
<hdop>3.79</hdop>
</trkpt>
<trkpt lat="46.6898258" lon="8.4595239">
<ele>2951.41</ele>
<time>2023-04-05T08:30:29Z</time>
<hdop>3.79</hdop>
</trkpt>
<trkpt lat="46.6898323" lon="8.4594284">
<ele>2952.53</ele>
<time>2023-04-05T08:30:39Z</time>
<hdop>3.79</hdop>
</trkpt>
<trkpt lat="46.6898371" lon="8.4593255">
<ele>2952.525</ele>
<time>2023-04-05T08:30:49Z</time>
<hdop>3.79</hdop>
</trkpt>
<trkpt lat="46.6898914" lon="8.4592705">
<ele>2957.582</ele>
<time>2023-04-05T08:31:10Z</time>
<hdop>3.79</hdop>
</trkpt>
<trkpt lat="46.6899586" lon="8.4592354">
<ele>2959.473</ele>
<time>2023-04-05T08:31:21Z</time>
<hdop>3.79</hdop>
</trkpt>
<trkpt lat="46.6900232" lon="8.4592122">
<ele>2961.56</ele>
<time>2023-04-05T08:31:34Z</time>
<hdop>3.79</hdop>
</trkpt>
<trkpt lat="46.6899988" lon="8.4591204">
<ele>2964.435</ele>
<time>2023-04-05T08:32:32Z</time>
<hdop>3.79</hdop>
</trkpt>
<trkpt lat="46.6900615" lon="8.4590803">
<ele>2967.286</ele>
<time>2023-04-05T08:32:45Z</time>
<hdop>3.79</hdop>
</trkpt>
<trkpt lat="46.6901254" lon="8.4591066">
<ele>2968.844</ele>
<time>2023-04-05T08:32:56Z</time>
<hdop>3.79</hdop>
</trkpt>
<trkpt lat="46.690193" lon="8.4591191">
<ele>2969.474</ele>
<time>2023-04-05T08:33:08Z</time>
<hdop>3.79</hdop>
</trkpt>
<trkpt lat="46.6902562" lon="8.4591398">
<ele>2971.461</ele>
<time>2023-04-05T08:33:20Z</time>
<hdop>3.79</hdop>
</trkpt>
<trkpt lat="46.6903216" lon="8.459156">
<ele>2974.218</ele>
<time>2023-04-05T08:33:33Z</time>
<hdop>3.79</hdop>
</trkpt>
<trkpt lat="46.6903894" lon="8.4591684">
<ele>2975.551</ele>
<time>2023-04-05T08:33:46Z</time>
<hdop>3.79</hdop>
</trkpt>
<trkpt lat="46.6903896" lon="8.459066">
<ele>2975.791</ele>
<time>2023-04-05T08:35:01Z</time>
<hdop>4.08</hdop>
</trkpt>
<trkpt lat="46.6903583" lon="8.4589773">
<ele>2974.308</ele>
<time>2023-04-05T08:35:12Z</time>
<hdop>3.79</hdop>
</trkpt>
<trkpt lat="46.6904204" lon="8.4589361">
<ele>2978.59</ele>
<time>2023-04-05T08:35:30Z</time>
<hdop>3.79</hdop>
</trkpt>
<trkpt lat="46.6904869" lon="8.4589547">
<ele>2981.649</ele>
<time>2023-04-05T08:35:42Z</time>
<hdop>3.79</hdop>
</trkpt>
<trkpt lat="46.6905562" lon="8.4589599">
<ele>2984.914</ele>
<time>2023-04-05T08:35:54Z</time>
<hdop>3.79</hdop>
</trkpt>
<trkpt lat="46.6906228" lon="8.4589682">
<ele>2986.526</ele>
<time>2023-04-05T08:36:05Z</time>
<hdop>3.79</hdop>
</trkpt>
<trkpt lat="46.6906887" lon="8.4589896">
<ele>2988.503</ele>
<time>2023-04-05T08:36:17Z</time>
<hdop>3.79</hdop>
</trkpt>
<trkpt lat="46.6907556" lon="8.4590182">
<ele>2991.721</ele>
<time>2023-04-05T08:36:28Z</time>
<hdop>3.79</hdop>
</trkpt>
<trkpt lat="46.690727" lon="8.4589271">
<ele>2991.008</ele>
<time>2023-04-05T08:37:35Z</time>
<hdop>3.79</hdop>
</trkpt>
<trkpt lat="46.690693" lon="8.4588372">
<ele>2992.111</ele>
<time>2023-04-05T08:37:45Z</time>
<hdop>3.79</hdop>
</trkpt>
<trkpt lat="46.6906638" lon="8.4587461">
<ele>2992.759</ele>
<time>2023-04-05T08:37:57Z</time>
<hdop>3.79</hdop>
</trkpt>
<trkpt lat="46.6906317" lon="8.4586567">
<ele>2991.644</ele>
<time>2023-04-05T08:38:09Z</time>
<hdop>3.79</hdop>
</trkpt>
<trkpt lat="46.6905799" lon="8.4585896">
<ele>2993.532</ele>
<time>2023-04-05T08:38:31Z</time>
<hdop>3.79</hdop>
</trkpt>
<trkpt lat="46.6906476" lon="8.4585529">
<ele>2997.498</ele>
<time>2023-04-05T08:38:48Z</time>
<hdop>3.79</hdop>
</trkpt>
<trkpt lat="46.690714" lon="8.4585678">
<ele>2999.158</ele>
<time>2023-04-05T08:38:58Z</time>
<hdop>3.79</hdop>
</trkpt>
<trkpt lat="46.6907789" lon="8.45859">
<ele>3000.855</ele>
<time>2023-04-05T08:39:09Z</time>
<hdop>3.79</hdop>
</trkpt>
<trkpt lat="46.6908461" lon="8.4585642">
<ele>3003.411</ele>
<time>2023-04-05T08:39:23Z</time>
<hdop>3.79</hdop>
</trkpt>
<trkpt lat="46.6909132" lon="8.4585411">
<ele>3005.453</ele>
<time>2023-04-05T08:39:35Z</time>
<hdop>3.79</hdop>
</trkpt>
<trkpt lat="46.6909759" lon="8.4584982">
<ele>3006.429</ele>
<time>2023-04-05T08:39:48Z</time>
<hdop>3.79</hdop>
</trkpt>
<trkpt lat="46.6910411" lon="8.4584647">
<ele>3007.644</ele>
<time>2023-04-05T08:40:01Z</time>
<hdop>3.79</hdop>
</trkpt>
<trkpt lat="46.6911048" lon="8.4584253">
<ele>3008.335</ele>
<time>2023-04-05T08:40:14Z</time>
<hdop>3.79</hdop>
</trkpt>
<trkpt lat="46.6911673" lon="8.4583861">
<ele>3009.532</ele>
<time>2023-04-05T08:40:27Z</time>
<hdop>3.79</hdop>
</trkpt>
<trkpt lat="46.691124" lon="8.4583082">
<ele>3010.451</ele>
<time>2023-04-05T08:40:46Z</time>
<hdop>3.79</hdop>
</trkpt>
<trkpt lat="46.6910608" lon="8.4582871">
<ele>3013.153</ele>
<time>2023-04-05T08:41:21Z</time>
<hdop>3.79</hdop>
</trkpt>
<trkpt lat="46.691009" lon="8.4582259">
<ele>3013.944</ele>
<time>2023-04-05T08:41:31Z</time>
<hdop>3.79</hdop>
</trkpt>
<trkpt lat="46.6910714" lon="8.458183">
<ele>3014.256</ele>
<time>2023-04-05T08:41:39Z</time>
<hdop>3.79</hdop>
</trkpt>
<trkpt lat="46.6911352" lon="8.4581513">
<ele>3015.695</ele>
<time>2023-04-05T08:41:49Z</time>
<hdop>3.79</hdop>
</trkpt>
<trkpt lat="46.691199" lon="8.4581146">
<ele>3017.605</ele>
<time>2023-04-05T08:42:00Z</time>
<hdop>3.79</hdop>
</trkpt>
<trkpt lat="46.691264" lon="8.4580914">
<ele>3020.358</ele>
<time>2023-04-05T08:42:12Z</time>
<hdop>3.79</hdop>
</trkpt>
<trkpt lat="46.6913305" lon="8.4580597">
<ele>3021.498</ele>
<time>2023-04-05T08:42:25Z</time>
<hdop>3.79</hdop>
</trkpt>
<trkpt lat="46.6913923" lon="8.4580274">
<ele>3023.702</ele>
<time>2023-04-05T08:42:38Z</time>
<hdop>3.79</hdop>
</trkpt>
<trkpt lat="46.6914566" lon="8.4580047">
<ele>3025.746</ele>
<time>2023-04-05T08:42:52Z</time>
<hdop>3.79</hdop>
</trkpt>
<trkpt lat="46.691522" lon="8.4579894">
<ele>3030.368</ele>
<time>2023-04-05T08:43:06Z</time>
<hdop>3.79</hdop>
</trkpt>
<trkpt lat="46.691586" lon="8.4579551">
<ele>3032.631</ele>
<time>2023-04-05T08:43:20Z</time>
<hdop>3.79</hdop>
</trkpt>
<trkpt lat="46.6916482" lon="8.4579122">
<ele>3035.844</ele>
<time>2023-04-05T08:43:32Z</time>
<hdop>3.79</hdop>
</trkpt>
<trkpt lat="46.691708" lon="8.4578673">
<ele>3037.047</ele>
<time>2023-04-05T08:43:47Z</time>
<hdop>3.79</hdop>
</trkpt>
<trkpt lat="46.6917688" lon="8.4578313">
<ele>3038.889</ele>
<time>2023-04-05T08:44:01Z</time>
<hdop>3.79</hdop>
</trkpt>
<trkpt lat="46.6918316" lon="8.4577981">
<ele>3041.854</ele>
<time>2023-04-05T08:44:15Z</time>
<hdop>3.79</hdop>
</trkpt>
<trkpt lat="46.6918668" lon="8.4577175">
<ele>3037.184</ele>
<time>2023-04-05T08:44:28Z</time>
<hdop>3.79</hdop>
</trkpt>
<trkpt lat="46.6918269" lon="8.4576354">
<ele>3034.694</ele>
<time>2023-04-05T08:44:59Z</time>
<hdop>3.79</hdop>
</trkpt>
<trkpt lat="46.6917998" lon="8.45754">
<ele>3031.251</ele>
<time>2023-04-05T08:45:13Z</time>
<hdop>3.79</hdop>
</trkpt>
<trkpt lat="46.6917396" lon="8.4574976">
<ele>3032.423</ele>
<time>2023-04-05T08:45:21Z</time>
<hdop>3.79</hdop>
</trkpt>
<trkpt lat="46.6916748" lon="8.4574595">
<ele>3035.335</ele>
<time>2023-04-05T08:45:32Z</time>
<hdop>3.79</hdop>
</trkpt>
<trkpt lat="46.6916195" lon="8.4573981">
<ele>3037.019</ele>
<time>2023-04-05T08:45:48Z</time>
<hdop>3.79</hdop>
</trkpt>
<trkpt lat="46.6915623" lon="8.4573489">
<ele>3037.451</ele>
<time>2023-04-05T08:46:00Z</time>
<hdop>3.79</hdop>
</trkpt>
<trkpt lat="46.6915028" lon="8.4572986">
<ele>3038.614</ele>
<time>2023-04-05T08:46:12Z</time>
<hdop>3.79</hdop>
</trkpt>
<trkpt lat="46.6914502" lon="8.4572395">
<ele>3037.619</ele>
<time>2023-04-05T08:46:23Z</time>
<hdop>3.79</hdop>
</trkpt>
<trkpt lat="46.6913988" lon="8.4571819">
<ele>3038.228</ele>
<time>2023-04-05T08:46:34Z</time>
<hdop>3.79</hdop>
</trkpt>
<trkpt lat="46.69134" lon="8.4571245">
<ele>3039.141</ele>
<time>2023-04-05T08:46:46Z</time>
<hdop>3.79</hdop>
</trkpt>
<trkpt lat="46.6912799" lon="8.4570791">
<ele>3040.225</ele>
<time>2023-04-05T08:46:59Z</time>
<hdop>3.79</hdop>
</trkpt>
<trkpt lat="46.69122" lon="8.4570377">
<ele>3042.757</ele>
<time>2023-04-05T08:47:13Z</time>
<hdop>3.79</hdop>
</trkpt>
<trkpt lat="46.6912764" lon="8.4569884">
<ele>3046.724</ele>
<time>2023-04-05T08:47:27Z</time>
<hdop>3.79</hdop>
</trkpt>
<trkpt lat="46.6913359" lon="8.4569438">
<ele>3051.348</ele>
<time>2023-04-05T08:47:38Z</time>
<hdop>3.79</hdop>
</trkpt>
<trkpt lat="46.6913938" lon="8.4568997">
<ele>3054.402</ele>
<time>2023-04-05T08:47:48Z</time>
<hdop>3.79</hdop>
</trkpt>
<trkpt lat="46.6914516" lon="8.4568473">
<ele>3055.912</ele>
<time>2023-04-05T08:48:02Z</time>
<hdop>3.79</hdop>
</trkpt>
<trkpt lat="46.6913984" lon="8.4567902">
<ele>3055.775</ele>
<time>2023-04-05T08:48:19Z</time>
<hdop>3.79</hdop>
</trkpt>
<trkpt lat="46.6913327" lon="8.4567771">
<ele>3057.215</ele>
<time>2023-04-05T08:48:29Z</time>
<hdop>3.79</hdop>
</trkpt>
<trkpt lat="46.6912647" lon="8.4567647">
<ele>3059.876</ele>
<time>2023-04-05T08:48:42Z</time>
<hdop>3.79</hdop>
</trkpt>
<trkpt lat="46.6912011" lon="8.4567443">
<ele>3063.01</ele>
<time>2023-04-05T08:48:55Z</time>
<hdop>3.79</hdop>
</trkpt>
<trkpt lat="46.6911365" lon="8.4567128">
<ele>3064.044</ele>
<time>2023-04-05T08:49:08Z</time>
<hdop>3.79</hdop>
</trkpt>
<trkpt lat="46.6910748" lon="8.4566798">
<ele>3065.404</ele>
<time>2023-04-05T08:49:22Z</time>
<hdop>3.79</hdop>
</trkpt>
<trkpt lat="46.6911128" lon="8.4565949">
<ele>3065.933</ele>
<time>2023-04-05T08:49:35Z</time>
<hdop>3.79</hdop>
</trkpt>
<trkpt lat="46.6911713" lon="8.4565468">
<ele>3067.804</ele>
<time>2023-04-05T08:49:45Z</time>
<hdop>3.84</hdop>
</trkpt>
<trkpt lat="46.6912365" lon="8.4565163">
<ele>3069.257</ele>
<time>2023-04-05T08:49:58Z</time>
<hdop>4.41</hdop>
</trkpt>
<trkpt lat="46.6913061" lon="8.456496">
<ele>3072.708</ele>
<time>2023-04-05T08:50:27Z</time>
<hdop>4.06</hdop>
</trkpt>
<trkpt lat="46.6913726" lon="8.4564668">
<ele>3074.33</ele>
<time>2023-04-05T08:50:39Z</time>
<hdop>3.79</hdop>
</trkpt>
<trkpt lat="46.6914338" lon="8.4564314">
<ele>3076.969</ele>
<time>2023-04-05T08:50:53Z</time>
<hdop>3.79</hdop>
</trkpt>
<trkpt lat="46.6914976" lon="8.4564042">
<ele>3078.003</ele>
<time>2023-04-05T08:51:07Z</time>
<hdop>3.86</hdop>
</trkpt>
<trkpt lat="46.6914425" lon="8.4563471">
<ele>3078.159</ele>
<time>2023-04-05T08:51:20Z</time>
<hdop>4.11</hdop>
</trkpt>
<trkpt lat="46.6913784" lon="8.4563103">
<ele>3079.214</ele>
<time>2023-04-05T08:51:28Z</time>
<hdop>4.14</hdop>
</trkpt>
<trkpt lat="46.6913114" lon="8.4562763">
<ele>3079.532</ele>
<time>2023-04-05T08:51:37Z</time>
<hdop>4.08</hdop>
</trkpt>
<trkpt lat="46.6912517" lon="8.4562379">
<ele>3080.373</ele>
<time>2023-04-05T08:51:49Z</time>
<hdop>3.99</hdop>
</trkpt>
<trkpt lat="46.6911919" lon="8.4561912">
<ele>3081.901</ele>
<time>2023-04-05T08:52:02Z</time>
<hdop>3.84</hdop>
</trkpt>
<trkpt lat="46.6911379" lon="8.4561353">
<ele>3081.707</ele>
<time>2023-04-05T08:52:13Z</time>
<hdop>3.79</hdop>
</trkpt>
<trkpt lat="46.6910751" lon="8.4561015">
<ele>3081.19</ele>
<time>2023-04-05T08:52:26Z</time>
<hdop>3.79</hdop>
</trkpt>
<trkpt lat="46.6911029" lon="8.4560078">
<ele>3084.453</ele>
<time>2023-04-05T08:53:00Z</time>
<hdop>3.83</hdop>
</trkpt>
<trkpt lat="46.6911693" lon="8.4559772">
<ele>3087.084</ele>
<time>2023-04-05T08:53:14Z</time>
<hdop>3.79</hdop>
</trkpt>
<trkpt lat="46.6912357" lon="8.455951">
<ele>3089.663</ele>
<time>2023-04-05T08:53:34Z</time>
<hdop>3.79</hdop>
</trkpt>
<trkpt lat="46.6912964" lon="8.4559154">
<ele>3091.645</ele>
<time>2023-04-05T08:53:46Z</time>
<hdop>3.79</hdop>
</trkpt>
<trkpt lat="46.6913609" lon="8.4559013">
<ele>3095.313</ele>
<time>2023-04-05T08:54:01Z</time>
<hdop>3.79</hdop>
</trkpt>
<trkpt lat="46.691425" lon="8.4558844">
<ele>3099.409</ele>
<time>2023-04-05T08:54:15Z</time>
<hdop>3.79</hdop>
</trkpt>
<trkpt lat="46.6914925" lon="8.4558699">
<ele>3101.638</ele>
<time>2023-04-05T08:54:31Z</time>
<hdop>3.79</hdop>
</trkpt>
<trkpt lat="46.6915596" lon="8.455857">
<ele>3104.278</ele>
<time>2023-04-05T08:54:47Z</time>
<hdop>3.79</hdop>
</trkpt>
<trkpt lat="46.6916214" lon="8.4558152">
<ele>3105.106</ele>
<time>2023-04-05T08:55:04Z</time>
<hdop>3.79</hdop>
</trkpt>
<trkpt lat="46.6916863" lon="8.4558003">
<ele>3105.984</ele>
<time>2023-04-05T08:55:23Z</time>
<hdop>3.79</hdop>
</trkpt>
<trkpt lat="46.6917518" lon="8.4557885">
<ele>3108.024</ele>
<time>2023-04-05T08:55:38Z</time>
<hdop>3.79</hdop>
</trkpt>
<trkpt lat="46.6918157" lon="8.4557534">
<ele>3107.516</ele>
<time>2023-04-05T08:55:50Z</time>
<hdop>3.91</hdop>
</trkpt>
<trkpt lat="46.6918763" lon="8.4557193">
<ele>3106.513</ele>
<time>2023-04-05T08:56:02Z</time>
<hdop>3.97</hdop>
</trkpt>
<trkpt lat="46.6918441" lon="8.4556276">
<ele>3104.831</ele>
<time>2023-04-05T08:56:29Z</time>
<hdop>3.79</hdop>
</trkpt>
<trkpt lat="46.6917819" lon="8.4556014">
<ele>3105.474</ele>
<time>2023-04-05T08:56:36Z</time>
<hdop>3.79</hdop>
</trkpt>
<trkpt lat="46.6917183" lon="8.4555586">
<ele>3105.521</ele>
<time>2023-04-05T08:57:10Z</time>
<hdop>3.79</hdop>
</trkpt>
<trkpt lat="46.6916742" lon="8.4554889">
<ele>3108.005</ele>
<time>2023-04-05T08:57:25Z</time>
<hdop>3.79</hdop>
</trkpt>
<trkpt lat="46.6916181" lon="8.45543">
<ele>3108.984</ele>
<time>2023-04-05T08:57:38Z</time>
<hdop>3.9</hdop>
</trkpt>
<trkpt lat="46.6915659" lon="8.4553719">
<ele>3107.816</ele>
<time>2023-04-05T08:57:51Z</time>
<hdop>5.54</hdop>
</trkpt>
<trkpt lat="46.6916288" lon="8.4553412">
<ele>3106.792</ele>
<time>2023-04-05T08:57:59Z</time>
<hdop>5.18</hdop>
</trkpt>
<trkpt lat="46.6916925" lon="8.4553058">
<ele>3110.373</ele>
<time>2023-04-05T08:59:30Z</time>
<hdop>3.79</hdop>
</trkpt>
<trkpt lat="46.6917613" lon="8.4552797">
<ele>3111.379</ele>
<time>2023-04-05T08:59:41Z</time>
<hdop>3.79</hdop>
</trkpt>
<trkpt lat="46.6917138" lon="8.4552048">
<ele>3112.598</ele>
<time>2023-04-05T09:00:10Z</time>
<hdop>4.62</hdop>
</trkpt>
<trkpt lat="46.6916497" lon="8.4551728">
<ele>3115.871</ele>
<time>2023-04-05T09:00:23Z</time>
<hdop>4.19</hdop>
</trkpt>
<trkpt lat="46.6915848" lon="8.4551521">
<ele>3119.678</ele>
<time>2023-04-05T09:00:36Z</time>
<hdop>3.79</hdop>
</trkpt>
<trkpt lat="46.69163" lon="8.4550716">
<ele>3120.804</ele>
<time>2023-04-05T09:01:16Z</time>
<hdop>4.87</hdop>
</trkpt>
<trkpt lat="46.6916913" lon="8.4550337">
<ele>3122.443</ele>
<time>2023-04-05T09:01:26Z</time>
<hdop>4.09</hdop>
</trkpt>
<trkpt lat="46.6917571" lon="8.4550044">
<ele>3124.133</ele>
<time>2023-04-05T09:01:37Z</time>
<hdop>4.09</hdop>
</trkpt>
<trkpt lat="46.6918207" lon="8.4549752">
<ele>3126.003</ele>
<time>2023-04-05T09:01:50Z</time>
<hdop>4.3</hdop>
</trkpt>
<trkpt lat="46.6918875" lon="8.4549726">
<ele>3128.607</ele>
<time>2023-04-05T09:02:02Z</time>
<hdop>3.98</hdop>
</trkpt>
<trkpt lat="46.6919538" lon="8.4549589">
<ele>3131.459</ele>
<time>2023-04-05T09:02:21Z</time>
<hdop>3.79</hdop>
</trkpt>
<trkpt lat="46.6918892" lon="8.4549198">
<ele>3132.181</ele>
<time>2023-04-05T09:02:38Z</time>
<hdop>5.08</hdop>
</trkpt>
<trkpt lat="46.6918275" lon="8.4548909">
<ele>3132.884</ele>
<time>2023-04-05T09:02:46Z</time>
<hdop>4.56</hdop>
</trkpt>
<trkpt lat="46.6917701" lon="8.4548457">
<ele>3132.125</ele>
<time>2023-04-05T09:02:56Z</time>
<hdop>4.4</hdop>
</trkpt>
<trkpt lat="46.6918263" lon="8.4547846">
<ele>3134.355</ele>
<time>2023-04-05T09:03:44Z</time>
<hdop>4.51</hdop>
</trkpt>
<trkpt lat="46.69189" lon="8.4547512">
<ele>3133.841</ele>
<time>2023-04-05T09:03:52Z</time>
<hdop>4.11</hdop>
</trkpt>
<trkpt lat="46.6919566" lon="8.4547383">
<ele>3134.525</ele>
<time>2023-04-05T09:04:01Z</time>
<hdop>3.89</hdop>
</trkpt>
<trkpt lat="46.6920234" lon="8.4547426">
<ele>3136.376</ele>
<time>2023-04-05T09:04:14Z</time>
<hdop>3.79</hdop>
</trkpt>
<trkpt lat="46.6920826" lon="8.4547875">
<ele>3137.854</ele>
<time>2023-04-05T09:04:27Z</time>
<hdop>3.79</hdop>
</trkpt>
<trkpt lat="46.6921406" lon="8.4548309">
<ele>3140.74</ele>
<time>2023-04-05T09:04:40Z</time>
<hdop>3.79</hdop>
</trkpt>
<trkpt lat="46.6922016" lon="8.454865">
<ele>3142.128</ele>
<time>2023-04-05T09:04:51Z</time>
<hdop>3.79</hdop>
</trkpt>
<trkpt lat="46.6922597" lon="8.4549132">
<ele>3143.559</ele>
<time>2023-04-05T09:05:04Z</time>
<hdop>3.79</hdop>
</trkpt>
<trkpt lat="46.6923214" lon="8.4549516">
<ele>3145.653</ele>
<time>2023-04-05T09:05:17Z</time>
<hdop>3.79</hdop>
</trkpt>
<trkpt lat="46.6923007" lon="8.4548526">
<ele>3144.942</ele>
<time>2023-04-05T09:05:59Z</time>
<hdop>3.79</hdop>
</trkpt>
<trkpt lat="46.6922523" lon="8.4547891">
<ele>3144.092</ele>
<time>2023-04-05T09:06:09Z</time>
<hdop>3.79</hdop>
</trkpt>
<trkpt lat="46.6922193" lon="8.4547054">
<ele>3142.814</ele>
<time>2023-04-05T09:06:20Z</time>
<hdop>3.79</hdop>
</trkpt>
<trkpt lat="46.6921893" lon="8.4546154">
<ele>3139.955</ele>
<time>2023-04-05T09:06:33Z</time>
<hdop>3.79</hdop>
</trkpt>
<trkpt lat="46.6922573" lon="8.4546218">
<ele>3145.671</ele>
<time>2023-04-05T09:08:26Z</time>
<hdop>3.79</hdop>
</trkpt>
<trkpt lat="46.6923191" lon="8.4546554">
<ele>3146.908</ele>
<time>2023-04-05T09:09:16Z</time>
<hdop>3.95</hdop>
</trkpt>
<trkpt lat="46.6923856" lon="8.454628">
<ele>3149.352</ele>
<time>2023-04-05T09:09:28Z</time>
<hdop>4.41</hdop>
</trkpt>
<trkpt lat="46.6924516" lon="8.454626">
<ele>3149.861</ele>
<time>2023-04-05T09:09:39Z</time>
<hdop>4.87</hdop>
</trkpt>
<trkpt lat="46.6925185" lon="8.4546248">
<ele>3152.656</ele>
<time>2023-04-05T09:09:52Z</time>
<hdop>4.93</hdop>
</trkpt>
<trkpt lat="46.6925867" lon="8.4546248">
<ele>3155.551</ele>
<time>2023-04-05T09:10:07Z</time>
<hdop>3.93</hdop>
</trkpt>
<trkpt lat="46.6926496" lon="8.4545903">
<ele>3157.477</ele>
<time>2023-04-05T09:10:23Z</time>
<hdop>4.71</hdop>
</trkpt>
<trkpt lat="46.692715" lon="8.454571">
<ele>3158.669</ele>
<time>2023-04-05T09:10:38Z</time>
<hdop>4.76</hdop>
</trkpt>
<trkpt lat="46.692763" lon="8.4545076">
<ele>3161.394</ele>
<time>2023-04-05T09:10:54Z</time>
<hdop>4.71</hdop>
</trkpt>
<trkpt lat="46.6927218" lon="8.4544314">
<ele>3159.551</ele>
<time>2023-04-05T09:11:20Z</time>
<hdop>3.79</hdop>
</trkpt>
<trkpt lat="46.6926787" lon="8.4543469">
<ele>3157.291</ele>
<time>2023-04-05T09:11:30Z</time>
<hdop>3.79</hdop>
</trkpt>
<trkpt lat="46.6927287" lon="8.4542774">
<ele>3159.383</ele>
<time>2023-04-05T09:11:43Z</time>
<hdop>5.6</hdop>
</trkpt>
<trkpt lat="46.6927905" lon="8.4542303">
<ele>3160.214</ele>
<time>2023-04-05T09:11:53Z</time>
<hdop>5.27</hdop>
</trkpt>
<trkpt lat="46.6928547" lon="8.4542033">
<ele>3161.048</ele>
<time>2023-04-05T09:12:05Z</time>
<hdop>4.62</hdop>
</trkpt>
<trkpt lat="46.6929244" lon="8.4542017">
<ele>3163.313</ele>
<time>2023-04-05T09:12:16Z</time>
<hdop>4.38</hdop>
</trkpt>
<trkpt lat="46.6929922" lon="8.4541905">
<ele>3165.522</ele>
<time>2023-04-05T09:12:28Z</time>
<hdop>5.02</hdop>
</trkpt>
<trkpt lat="46.6930594" lon="8.4541801">
<ele>3167.414</ele>
<time>2023-04-05T09:12:42Z</time>
<hdop>4.75</hdop>
</trkpt>
<trkpt lat="46.6930732" lon="8.4540851">
<ele>3164.098</ele>
<time>2023-04-05T09:12:57Z</time>
<hdop>5.49</hdop>
</trkpt>
<trkpt lat="46.6930477" lon="8.4539963">
<ele>3161.939</ele>
<time>2023-04-05T09:13:06Z</time>
<hdop>3.93</hdop>
</trkpt>
<trkpt lat="46.6930014" lon="8.4539291">
<ele>3162.959</ele>
<time>2023-04-05T09:13:16Z</time>
<hdop>3.79</hdop>
</trkpt>
<trkpt lat="46.6929343" lon="8.4539188">
<ele>3168.512</ele>
<time>2023-04-05T09:13:46Z</time>
<hdop>3.79</hdop>
</trkpt>
<trkpt lat="46.6928675" lon="8.4538975">
<ele>3170.006</ele>
<time>2023-04-05T09:13:55Z</time>
<hdop>3.79</hdop>
</trkpt>
<trkpt lat="46.6928006" lon="8.4539161">
<ele>3175.441</ele>
<time>2023-04-05T09:14:27Z</time>
<hdop>9.94</hdop>
</trkpt>
<trkpt lat="46.6927358" lon="8.4539071">
<ele>3177.363</ele>
<time>2023-04-05T09:14:39Z</time>
<hdop>9.94</hdop>
</trkpt>
<trkpt lat="46.6926687" lon="8.4538856">
<ele>3178.699</ele>
<time>2023-04-05T09:14:52Z</time>
<hdop>10.01</hdop>
</trkpt>
<trkpt lat="46.692608" lon="8.4538456">
<ele>3179.584</ele>
<time>2023-04-05T09:15:05Z</time>
<hdop>9.94</hdop>
</trkpt>
<trkpt lat="46.6925426" lon="8.453822">
<ele>3180.742</ele>
<time>2023-04-05T09:15:20Z</time>
<hdop>9.94</hdop>
</trkpt>
<trkpt lat="46.692479" lon="8.4537926">
<ele>3184.412</ele>
<time>2023-04-05T09:15:51Z</time>
<hdop>10.03</hdop>
</trkpt>
<trkpt lat="46.6925085" lon="8.4537049">
<ele>3187.922</ele>
<time>2023-04-05T09:16:42Z</time>
<hdop>5.1</hdop>
</trkpt>
<trkpt lat="46.6925774" lon="8.4536947">
<ele>3189.383</ele>
<time>2023-04-05T09:17:16Z</time>
<hdop>4.03</hdop>
</trkpt>
<trkpt lat="46.692639" lon="8.4536642">
<ele>3189.369</ele>
<time>2023-04-05T09:17:23Z</time>
<hdop>5.08</hdop>
</trkpt>
<trkpt lat="46.6926946" lon="8.453604">
<ele>3187.387</ele>
<time>2023-04-05T09:17:47Z</time>
<hdop>5.55</hdop>
</trkpt>
<trkpt lat="46.6927592" lon="8.4535967">
<ele>3187.893</ele>
<time>2023-04-05T09:17:59Z</time>
<hdop>5.88</hdop>
</trkpt>
<trkpt lat="46.6926863" lon="8.4535996">
<ele>3191.877</ele>
<time>2023-04-05T09:18:25Z</time>
<hdop>4.57</hdop>
</trkpt>
<trkpt lat="46.6926259" lon="8.4536603">
<ele>3200.044</ele>
<time>2023-04-05T09:18:32Z</time>
<hdop>4.63</hdop>
</trkpt>
<trkpt lat="46.6925627" lon="8.453685">
<ele>3208.364</ele>
<time>2023-04-05T09:18:47Z</time>
<hdop>3.84</hdop>
</trkpt>
<trkpt lat="46.6925012" lon="8.4536493">
<ele>3210.388</ele>
<time>2023-04-05T09:19:13Z</time>
<hdop>9.96</hdop>
</trkpt>
<trkpt lat="46.6925597" lon="8.4536087">
<ele>3212.301</ele>
<time>2023-04-05T09:20:27Z</time>
<hdop>10.25</hdop>
</trkpt>
<trkpt lat="46.692624" lon="8.4535928">
<ele>3213.378</ele>
<time>2023-04-05T09:20:37Z</time>
<hdop>10.21</hdop>
</trkpt>
<trkpt lat="46.6926708" lon="8.4535235">
<ele>3210.085</ele>
<time>2023-04-05T09:21:37Z</time>
<hdop>10.17</hdop>
</trkpt>
<trkpt lat="46.6927399" lon="8.453532">
<ele>3221.433</ele>
<time>2023-04-05T09:22:05Z</time>
<hdop>9.94</hdop>
</trkpt>
<trkpt lat="46.6926725" lon="8.4535049">
<ele>3219.98</ele>
<time>2023-04-05T09:23:18Z</time>
<hdop>9.94</hdop>
</trkpt>
<trkpt lat="46.6926247" lon="8.4534266">
<ele>3217.721</ele>
<time>2023-04-05T09:23:27Z</time>
<hdop>9.94</hdop>
</trkpt>
<trkpt lat="46.6925601" lon="8.4534562">
<ele>3222.327</ele>
<time>2023-04-05T09:24:08Z</time>
<hdop>9.94</hdop>
</trkpt>
<trkpt lat="46.6926227" lon="8.4534153">
<ele>3223.378</ele>
<time>2023-04-05T09:24:58Z</time>
<hdop>9.94</hdop>
</trkpt>
<trkpt lat="46.6926882" lon="8.453427">
<ele>3230.82</ele>
<time>2023-04-05T09:25:12Z</time>
<hdop>9.94</hdop>
</trkpt>
<trkpt lat="46.6926733" lon="8.4533351">
<ele>3229.121</ele>
<time>2023-04-05T09:49:47Z</time>
<hdop>9.94</hdop>
</trkpt>
<trkpt lat="46.6926768" lon="8.4532407">
<ele>3246.672</ele>
<time>2023-04-05T09:52:59Z</time>
<hdop>9.94</hdop>
</trkpt>
<trkpt lat="46.6926713" lon="8.4531456">
<ele>3249.437</ele>
<time>2023-04-05T09:53:35Z</time>
<hdop>9.94</hdop>
</trkpt>
<trkpt lat="46.6926709" lon="8.4530495">
<ele>3252.946</ele>
<time>2023-04-05T09:54:28Z</time>
<hdop>9.94</hdop>
</trkpt>
<trkpt lat="46.6926849" lon="8.4529565">
<ele>3266.727</ele>
<time>2023-04-05T09:56:49Z</time>
<hdop>10.0</hdop>
</trkpt>
<trkpt lat="46.6926761" lon="8.4528623">
<ele>3275.366</ele>
<time>2023-04-05T09:58:32Z</time>
<hdop>9.94</hdop>
</trkpt>
<trkpt lat="46.6927315" lon="8.4528087">
<ele>3282.562</ele>
<time>2023-04-05T10:06:10Z</time>
<hdop>3.79</hdop>
</trkpt>
<trkpt lat="46.6927716" lon="8.4527325">
<ele>3286.366</ele>
<time>2023-04-05T10:06:35Z</time>
<hdop>3.79</hdop>
</trkpt>
<trkpt lat="46.6928337" lon="8.4527007">
<ele>3290.203</ele>
<time>2023-04-05T10:07:24Z</time>
<hdop>3.79</hdop>
</trkpt>
<trkpt lat="46.6929019" lon="8.4526906">
<ele>3292.96</ele>
<time>2023-04-05T10:07:44Z</time>
<hdop>3.79</hdop>
</trkpt>
<trkpt lat="46.6929483" lon="8.4527609">
<ele>3292.646</ele>
<time>2023-04-05T10:11:59Z</time>
<hdop>3.79</hdop>
</trkpt>
<trkpt lat="46.693013" lon="8.4527426">
<ele>3301.168</ele>
<time>2023-04-05T10:54:05Z</time>
<hdop>3.79</hdop>
</trkpt>
<trkpt lat="46.6930803" lon="8.4527413">
<ele>3303.959</ele>
<time>2023-04-05T10:54:29Z</time>
<hdop>3.79</hdop>
</trkpt>
<trkpt lat="46.6931358" lon="8.4526813">
<ele>3305.546</ele>
<time>2023-04-05T10:54:41Z</time>
<hdop>3.79</hdop>
</trkpt>
<trkpt lat="46.6931914" lon="8.4526133">
<ele>3306.631</ele>
<time>2023-04-05T10:57:11Z</time>
<hdop>3.79</hdop>
</trkpt>
<trkpt lat="46.6932496" lon="8.4525569">
<ele>3309.15</ele>
<time>2023-04-05T10:58:35Z</time>
<hdop>3.79</hdop>
</trkpt>
<trkpt lat="46.6933066" lon="8.4525044">
<ele>3311.103</ele>
<time>2023-04-05T10:58:46Z</time>
<hdop>3.79</hdop>
</trkpt>
<trkpt lat="46.6933648" lon="8.4524612">
<ele>3312.293</ele>
<time>2023-04-05T10:58:57Z</time>
<hdop>3.79</hdop>
</trkpt>
<trkpt lat="46.6934252" lon="8.4524131">
<ele>3313.62</ele>
<time>2023-04-05T10:59:08Z</time>
<hdop>3.79</hdop>
</trkpt>
<trkpt lat="46.6934832" lon="8.4523641">
<ele>3314.941</ele>
<time>2023-04-05T10:59:20Z</time>
<hdop>3.79</hdop>
</trkpt>
<trkpt lat="46.6935452" lon="8.4523318">
<ele>3315.71</ele>
<time>2023-04-05T10:59:30Z</time>
<hdop>3.79</hdop>
</trkpt>
<trkpt lat="46.6936051" lon="8.4522954">
<ele>3316.642</ele>
<time>2023-04-05T10:59:40Z</time>
<hdop>3.79</hdop>
</trkpt>
<trkpt lat="46.6936673" lon="8.4522618">
<ele>3317.557</ele>
<time>2023-04-05T10:59:50Z</time>
<hdop>3.79</hdop>
</trkpt>
<trkpt lat="46.6937306" lon="8.4522255">
<ele>3318.646</ele>
<time>2023-04-05T11:00:00Z</time>
<hdop>3.79</hdop>
</trkpt>
<trkpt lat="46.6937986" lon="8.4521979">
<ele>3319.429</ele>
<time>2023-04-05T11:00:10Z</time>
<hdop>3.79</hdop>
</trkpt>
<trkpt lat="46.6938621" lon="8.4521684">
<ele>3320.571</ele>
<time>2023-04-05T11:00:20Z</time>
<hdop>3.79</hdop>
</trkpt>
<trkpt lat="46.693926" lon="8.4521405">
<ele>3321.788</ele>
<time>2023-04-05T11:00:29Z</time>
<hdop>3.79</hdop>
</trkpt>
<trkpt lat="46.6939886" lon="8.4521083">
<ele>3322.812</ele>
<time>2023-04-05T11:00:39Z</time>
<hdop>3.79</hdop>
</trkpt>
<trkpt lat="46.6940508" lon="8.4520799">
<ele>3324.012</ele>
<time>2023-04-05T11:00:49Z</time>
<hdop>3.79</hdop>
</trkpt>
<trkpt lat="46.6941152" lon="8.4520581">
<ele>3324.426</ele>
<time>2023-04-05T11:01:00Z</time>
<hdop>3.79</hdop>
</trkpt>
<trkpt lat="46.6941788" lon="8.4520385">
<ele>3325.509</ele>
<time>2023-04-05T11:01:10Z</time>
<hdop>3.79</hdop>
</trkpt>
<trkpt lat="46.6942412" lon="8.452013">
<ele>3326.166</ele>
<time>2023-04-05T11:01:20Z</time>
<hdop>3.79</hdop>
</trkpt>
<trkpt lat="46.6943084" lon="8.4519861">
<ele>3326.142</ele>
<time>2023-04-05T11:01:30Z</time>
<hdop>3.79</hdop>
</trkpt>
<trkpt lat="46.6943758" lon="8.4519628">
<ele>3327.872</ele>
<time>2023-04-05T11:01:40Z</time>
<hdop>3.79</hdop>
</trkpt>
<trkpt lat="46.6944458" lon="8.4519474">
<ele>3328.647</ele>
<time>2023-04-05T11:01:51Z</time>
<hdop>3.79</hdop>
</trkpt>
<trkpt lat="46.6945155" lon="8.4519303">
<ele>3329.911</ele>
<time>2023-04-05T11:02:00Z</time>
<hdop>3.79</hdop>
</trkpt>
<trkpt lat="46.6945863" lon="8.4519218">
<ele>3330.961</ele>
<time>2023-04-05T11:02:08Z</time>
<hdop>3.79</hdop>
</trkpt>
<trkpt lat="46.6946579" lon="8.451906">
<ele>3332.026</ele>
<time>2023-04-05T11:02:16Z</time>
<hdop>3.79</hdop>
</trkpt>
<trkpt lat="46.6947237" lon="8.4518913">
<ele>3332.913</ele>
<time>2023-04-05T11:02:24Z</time>
<hdop>3.79</hdop>
</trkpt>
<trkpt lat="46.694788" lon="8.4518774">
<ele>3334.446</ele>
<time>2023-04-05T11:02:32Z</time>
<hdop>3.79</hdop>
</trkpt>
<trkpt lat="46.6948553" lon="8.4518664">
<ele>3335.354</ele>
<time>2023-04-05T11:02:41Z</time>
<hdop>3.79</hdop>
</trkpt>
<trkpt lat="46.694922" lon="8.4518644">
<ele>3336.444</ele>
<time>2023-04-05T11:02:50Z</time>
<hdop>3.79</hdop>
</trkpt>
<trkpt lat="46.6949011" lon="8.451956">
<ele>3338.272</ele>
<time>2023-04-05T11:03:06Z</time>
<hdop>3.79</hdop>
</trkpt>
<trkpt lat="46.6948413" lon="8.4520139">
<ele>3340.114</ele>
<time>2023-04-05T11:03:38Z</time>
<hdop>3.79</hdop>
</trkpt>
<trkpt lat="46.6948" lon="8.4520941">
<ele>3342.037</ele>
<time>2023-04-05T11:03:46Z</time>
<hdop>3.79</hdop>
</trkpt>
<trkpt lat="46.694756" lon="8.452168">
<ele>3342.883</ele>
<time>2023-04-05T11:03:54Z</time>
<hdop>3.79</hdop>
</trkpt>
<trkpt lat="46.6947105" lon="8.4522461">
<ele>3343.915</ele>
<time>2023-04-05T11:04:03Z</time>
<hdop>3.79</hdop>
</trkpt>
<trkpt lat="46.6946694" lon="8.4523197">
<ele>3345.269</ele>
<time>2023-04-05T11:04:11Z</time>
<hdop>3.79</hdop>
</trkpt>
<trkpt lat="46.6946258" lon="8.4523916">
<ele>3346.738</ele>
<time>2023-04-05T11:04:20Z</time>
<hdop>3.79</hdop>
</trkpt>
<trkpt lat="46.6945803" lon="8.4524702">
<ele>3347.567</ele>
<time>2023-04-05T11:04:30Z</time>
<hdop>3.79</hdop>
</trkpt>
<trkpt lat="46.6946484" lon="8.4524705">
<ele>3350.533</ele>
<time>2023-04-05T11:04:47Z</time>
<hdop>3.79</hdop>
</trkpt>
<trkpt lat="46.6947129" lon="8.452457">
<ele>3352.31</ele>
<time>2023-04-05T11:04:58Z</time>
<hdop>3.79</hdop>
</trkpt>
<trkpt lat="46.6947799" lon="8.4524451">
<ele>3354.289</ele>
<time>2023-04-05T11:05:09Z</time>
<hdop>3.79</hdop>
</trkpt>
<trkpt lat="46.6948476" lon="8.4524474">
<ele>3355.415</ele>
<time>2023-04-05T11:05:20Z</time>
<hdop>3.79</hdop>
</trkpt>
<trkpt lat="46.6949145" lon="8.4524371">
<ele>3355.834</ele>
<time>2023-04-05T11:05:32Z</time>
<hdop>3.79</hdop>
</trkpt>
<trkpt lat="46.6949798" lon="8.4524358">
<ele>3357.054</ele>
<time>2023-04-05T11:05:42Z</time>
<hdop>3.79</hdop>
</trkpt>
<trkpt lat="46.6950462" lon="8.4524359">
<ele>3358.006</ele>
<time>2023-04-05T11:05:52Z</time>
<hdop>3.79</hdop>
</trkpt>
<trkpt lat="46.6951135" lon="8.4524324">
<ele>3358.979</ele>
<time>2023-04-05T11:06:02Z</time>
<hdop>3.79</hdop>
</trkpt>
<trkpt lat="46.6951833" lon="8.4524404">
<ele>3360.453</ele>
<time>2023-04-05T11:06:12Z</time>
<hdop>3.79</hdop>
</trkpt>
<trkpt lat="46.6952506" lon="8.4524478">
<ele>3361.285</ele>
<time>2023-04-05T11:06:22Z</time>
<hdop>3.79</hdop>
</trkpt>
<trkpt lat="46.6953161" lon="8.4524512">
<ele>3362.794</ele>
<time>2023-04-05T11:06:32Z</time>
<hdop>3.79</hdop>
</trkpt>
<trkpt lat="46.6953827" lon="8.4524608">
<ele>3364.216</ele>
<time>2023-04-05T11:06:41Z</time>
<hdop>3.79</hdop>
</trkpt>
<trkpt lat="46.6953398" lon="8.4525316">
<ele>3366.003</ele>
<time>2023-04-05T11:06:52Z</time>
<hdop>3.79</hdop>
</trkpt>
<trkpt lat="46.6952893" lon="8.4525924">
<ele>3367.88</ele>
<time>2023-04-05T11:07:02Z</time>
<hdop>3.79</hdop>
</trkpt>
<trkpt lat="46.695237" lon="8.4526558">
<ele>3369.464</ele>
<time>2023-04-05T11:07:13Z</time>
<hdop>3.79</hdop>
</trkpt>
<trkpt lat="46.6951855" lon="8.4527251">
<ele>3371.247</ele>
<time>2023-04-05T11:07:24Z</time>
<hdop>3.79</hdop>
</trkpt>
<trkpt lat="46.6952434" lon="8.4527701">
<ele>3374.005</ele>
<time>2023-04-05T11:07:44Z</time>
<hdop>3.79</hdop>
</trkpt>
<trkpt lat="46.6953083" lon="8.4527844">
<ele>3374.959</ele>
<time>2023-04-05T11:07:55Z</time>
<hdop>3.79</hdop>
</trkpt>
<trkpt lat="46.6953751" lon="8.4527993">
<ele>3375.961</ele>
<time>2023-04-05T11:08:07Z</time>
<hdop>3.79</hdop>
</trkpt>
<trkpt lat="46.6954423" lon="8.4528162">
<ele>3376.981</ele>
<time>2023-04-05T11:08:19Z</time>
<hdop>3.79</hdop>
</trkpt>
<trkpt lat="46.6955087" lon="8.4528394">
<ele>3378.107</ele>
<time>2023-04-05T11:08:30Z</time>
<hdop>3.79</hdop>
</trkpt>
<trkpt lat="46.6955721" lon="8.4528642">
<ele>3378.684</ele>
<time>2023-04-05T11:08:40Z</time>
<hdop>3.79</hdop>
</trkpt>
<trkpt lat="46.6956421" lon="8.4528889">
<ele>3380.755</ele>
<time>2023-04-05T11:08:51Z</time>
<hdop>3.79</hdop>
</trkpt>
<trkpt lat="46.6957116" lon="8.452911">
<ele>3381.939</ele>
<time>2023-04-05T11:09:01Z</time>
<hdop>3.79</hdop>
</trkpt>
<trkpt lat="46.6957749" lon="8.452936">
<ele>3383.27</ele>
<time>2023-04-05T11:09:11Z</time>
<hdop>3.79</hdop>
</trkpt>
<trkpt lat="46.6958393" lon="8.4529663">
<ele>3384.35</ele>
<time>2023-04-05T11:09:21Z</time>
<hdop>3.79</hdop>
</trkpt>
<trkpt lat="46.6959069" lon="8.4529886">
<ele>3385.273</ele>
<time>2023-04-05T11:09:31Z</time>
<hdop>3.79</hdop>
</trkpt>
<trkpt lat="46.6959743" lon="8.4530137">
<ele>3386.679</ele>
<time>2023-04-05T11:09:40Z</time>
<hdop>3.79</hdop>
</trkpt>
<trkpt lat="46.6960374" lon="8.4530413">
<ele>3387.888</ele>
<time>2023-04-05T11:09:49Z</time>
<hdop>3.79</hdop>
</trkpt>
<trkpt lat="46.6961036" lon="8.4530723">
<ele>3389.477</ele>
<time>2023-04-05T11:09:59Z</time>
<hdop>3.79</hdop>
</trkpt>
<trkpt lat="46.6961685" lon="8.4530921">
<ele>3391.17</ele>
<time>2023-04-05T11:10:09Z</time>
<hdop>3.79</hdop>
</trkpt>
<trkpt lat="46.6962302" lon="8.4531229">
<ele>3392.579</ele>
<time>2023-04-05T11:10:18Z</time>
<hdop>3.79</hdop>
</trkpt>
<trkpt lat="46.6962923" lon="8.4531546">
<ele>3394.69</ele>
<time>2023-04-05T11:10:27Z</time>
<hdop>3.79</hdop>
</trkpt>
<trkpt lat="46.6963552" lon="8.4531818">
<ele>3396.129</ele>
<time>2023-04-05T11:10:36Z</time>
<hdop>3.79</hdop>
</trkpt>
<trkpt lat="46.6964233" lon="8.4531814">
<ele>3398.281</ele>
<time>2023-04-05T11:10:46Z</time>
<hdop>3.79</hdop>
</trkpt>
<trkpt lat="46.6964933" lon="8.4531853">
<ele>3399.858</ele>
<time>2023-04-05T11:10:56Z</time>
<hdop>3.79</hdop>
</trkpt>
<trkpt lat="46.6965629" lon="8.4531774">
<ele>3401.152</ele>
<time>2023-04-05T11:11:07Z</time>
<hdop>3.79</hdop>
</trkpt>
<trkpt lat="46.6966335" lon="8.4531752">
<ele>3403.074</ele>
<time>2023-04-05T11:11:17Z</time>
<hdop>3.79</hdop>
</trkpt>
<trkpt lat="46.6966974" lon="8.4531542">
<ele>3404.499</ele>
<time>2023-04-05T11:11:28Z</time>
<hdop>3.79</hdop>
</trkpt>
<trkpt lat="46.6967648" lon="8.45313">
<ele>3406.811</ele>
<time>2023-04-05T11:11:38Z</time>
<hdop>3.79</hdop>
</trkpt>
<trkpt lat="46.6968334" lon="8.4531188">
<ele>3409.305</ele>
<time>2023-04-05T11:11:49Z</time>
<hdop>3.79</hdop>
</trkpt>
<trkpt lat="46.6968993" lon="8.4531071">
<ele>3411.897</ele>
<time>2023-04-05T11:12:03Z</time>
<hdop>3.79</hdop>
</trkpt>
<trkpt lat="46.6969545" lon="8.4531601">
<ele>3412.413</ele>
<time>2023-04-05T11:12:17Z</time>
<hdop>3.79</hdop>
</trkpt>
<trkpt lat="46.6969775" lon="8.4532534">
<ele>3414.53</ele>
<time>2023-04-05T11:12:29Z</time>
<hdop>3.79</hdop>
</trkpt>
<trkpt lat="46.6970033" lon="8.4533421">
<ele>3415.294</ele>
<time>2023-04-05T11:12:40Z</time>
<hdop>3.79</hdop>
</trkpt>
<trkpt lat="46.6969756" lon="8.4534292">
<ele>3417.074</ele>
<time>2023-04-05T11:12:51Z</time>
<hdop>3.79</hdop>
</trkpt>
<trkpt lat="46.6969292" lon="8.4535092">
<ele>3418.776</ele>
<time>2023-04-05T11:14:49Z</time>
<hdop>3.79</hdop>
</trkpt>
<trkpt lat="46.6968861" lon="8.4535907">
<ele>3420.566</ele>
<time>2023-04-05T11:14:59Z</time>
<hdop>3.79</hdop>
</trkpt>
<trkpt lat="46.6968441" lon="8.4536733">
<ele>3422.91</ele>
<time>2023-04-05T11:15:10Z</time>
<hdop>3.79</hdop>
</trkpt>
<trkpt lat="46.6968053" lon="8.4537572">
<ele>3423.941</ele>
<time>2023-04-05T11:15:21Z</time>
<hdop>3.79</hdop>
</trkpt>
<trkpt lat="46.6967734" lon="8.4538468">
<ele>3425.696</ele>
<time>2023-04-05T11:15:33Z</time>
<hdop>3.79</hdop>
</trkpt>
<trkpt lat="46.6967429" lon="8.4539347">
<ele>3427.768</ele>
<time>2023-04-05T11:15:45Z</time>
<hdop>3.79</hdop>
</trkpt>
<trkpt lat="46.6967139" lon="8.4540219">
<ele>3429.417</ele>
<time>2023-04-05T11:15:56Z</time>
<hdop>3.79</hdop>
</trkpt>
<trkpt lat="46.6967594" lon="8.4540971">
<ele>3432.282</ele>
<time>2023-04-05T11:16:15Z</time>
<hdop>3.79</hdop>
</trkpt>
<trkpt lat="46.6968231" lon="8.4541177">
<ele>3433.456</ele>
<time>2023-04-05T11:16:24Z</time>
<hdop>3.79</hdop>
</trkpt>
<trkpt lat="46.6968935" lon="8.4541324">
<ele>3434.153</ele>
<time>2023-04-05T11:16:34Z</time>
<hdop>3.79</hdop>
</trkpt>
<trkpt lat="46.6969647" lon="8.4541466">
<ele>3435.541</ele>
<time>2023-04-05T11:16:43Z</time>
<hdop>3.79</hdop>
</trkpt>
<trkpt lat="46.6970314" lon="8.4541467">
<ele>3437.064</ele>
<time>2023-04-05T11:16:52Z</time>
<hdop>3.79</hdop>
</trkpt>
<trkpt lat="46.6970993" lon="8.454156">
<ele>3437.541</ele>
<time>2023-04-05T11:17:01Z</time>
<hdop>3.79</hdop>
</trkpt>
<trkpt lat="46.6971673" lon="8.4541566">
<ele>3438.186</ele>
<time>2023-04-05T11:17:10Z</time>
<hdop>9.94</hdop>
</trkpt>
<trkpt lat="46.6972376" lon="8.454152">
<ele>3439.788</ele>
<time>2023-04-05T11:17:19Z</time>
<hdop>9.94</hdop>
</trkpt>
<trkpt lat="46.6973028" lon="8.4541447">
<ele>3441.558</ele>
<time>2023-04-05T11:17:27Z</time>
<hdop>9.94</hdop>
</trkpt>
<trkpt lat="46.6973717" lon="8.454139">
<ele>3442.586</ele>
<time>2023-04-05T11:17:36Z</time>
<hdop>9.94</hdop>
</trkpt>
<trkpt lat="46.69744" lon="8.4541229">
<ele>3443.044</ele>
<time>2023-04-05T11:17:45Z</time>
<hdop>9.94</hdop>
</trkpt>
<trkpt lat="46.6975103" lon="8.4541193">
<ele>3444.336</ele>
<time>2023-04-05T11:17:55Z</time>
<hdop>9.94</hdop>
</trkpt>
<trkpt lat="46.6975799" lon="8.4541088">
<ele>3445.159</ele>
<time>2023-04-05T11:18:05Z</time>
<hdop>9.94</hdop>
</trkpt>
<trkpt lat="46.6976499" lon="8.4540853">
<ele>3447.107</ele>
<time>2023-04-05T11:18:15Z</time>
<hdop>9.94</hdop>
</trkpt>
<trkpt lat="46.6977173" lon="8.4540536">
<ele>3449.143</ele>
<time>2023-04-05T11:18:25Z</time>
<hdop>9.94</hdop>
</trkpt>
<trkpt lat="46.697784" lon="8.4540196">
<ele>3450.196</ele>
<time>2023-04-05T11:18:35Z</time>
<hdop>9.94</hdop>
</trkpt>
<trkpt lat="46.697848" lon="8.4539776">
<ele>3452.102</ele>
<time>2023-04-05T11:18:45Z</time>
<hdop>9.94</hdop>
</trkpt>
<trkpt lat="46.6979158" lon="8.4539552">
<ele>3453.657</ele>
<time>2023-04-05T11:18:55Z</time>
<hdop>9.94</hdop>
</trkpt>
<trkpt lat="46.6979425" lon="8.4540462">
<ele>3455.163</ele>
<time>2023-04-05T11:19:09Z</time>
<hdop>9.94</hdop>
</trkpt>
<trkpt lat="46.6979899" lon="8.4541213">
<ele>3456.689</ele>
<time>2023-04-05T11:19:20Z</time>
<hdop>9.94</hdop>
</trkpt>
<trkpt lat="46.6980326" lon="8.454199">
<ele>3458.166</ele>
<time>2023-04-05T11:19:31Z</time>
<hdop>9.94</hdop>
</trkpt>
<trkpt lat="46.6980584" lon="8.4542952">
<ele>3460.403</ele>
<time>2023-04-05T11:19:41Z</time>
<hdop>9.94</hdop>
</trkpt>
<trkpt lat="46.6981051" lon="8.4543635">
<ele>3464.152</ele>
<time>2023-04-05T11:20:00Z</time>
<hdop>9.94</hdop>
</trkpt>
<trkpt lat="46.6981615" lon="8.4544136">
<ele>3467.175</ele>
<time>2023-04-05T11:20:13Z</time>
<hdop>9.94</hdop>
</trkpt>
<trkpt lat="46.6981894" lon="8.454323">
<ele>3473.091</ele>
<time>2023-04-05T11:20:28Z</time>
<hdop>9.94</hdop>
</trkpt>
<trkpt lat="46.6982456" lon="8.4543743">
<ele>3472.99</ele>
<time>2023-04-05T11:20:44Z</time>
<hdop>3.79</hdop>
</trkpt>
<trkpt lat="46.6983031" lon="8.4544195">
<ele>3473.429</ele>
<time>2023-04-05T11:20:55Z</time>
<hdop>3.79</hdop>
</trkpt>
<trkpt lat="46.6983687" lon="8.4544635">
<ele>3474.323</ele>
<time>2023-04-05T11:21:05Z</time>
<hdop>3.79</hdop>
</trkpt>
<trkpt lat="46.6984428" lon="8.4545386">
<ele>3473.372</ele>
<time>2023-04-05T11:21:10Z</time>
<hdop>3.79</hdop>
</trkpt>
<trkpt lat="46.6985079" lon="8.4545597">
<ele>3473.818</ele>
<time>2023-04-05T11:21:17Z</time>
<hdop>3.79</hdop>
</trkpt>
<trkpt lat="46.698578" lon="8.4545592">
<ele>3477.263</ele>
<time>2023-04-05T11:21:27Z</time>
<hdop>3.79</hdop>
</trkpt>
<trkpt lat="46.6986437" lon="8.4545594">
<ele>3478.387</ele>
<time>2023-04-05T11:21:37Z</time>
<hdop>3.79</hdop>
</trkpt>
<trkpt lat="46.6987106" lon="8.4545634">
<ele>3480.341</ele>
<time>2023-04-05T11:21:47Z</time>
<hdop>3.79</hdop>
</trkpt>
<trkpt lat="46.6987744" lon="8.4545457">
<ele>3482.735</ele>
<time>2023-04-05T11:21:57Z</time>
<hdop>3.79</hdop>
</trkpt>
<trkpt lat="46.6987633" lon="8.4546482">
<ele>3484.184</ele>
<time>2023-04-05T11:22:11Z</time>
<hdop>9.94</hdop>
</trkpt>
<trkpt lat="46.6987367" lon="8.4547371">
<ele>3485.193</ele>
<time>2023-04-05T11:22:21Z</time>
<hdop>9.94</hdop>
</trkpt>
<trkpt lat="46.6986919" lon="8.4548054">
<ele>3487.978</ele>
<time>2023-04-05T11:22:32Z</time>
<hdop>9.94</hdop>
</trkpt>
<trkpt lat="46.6987381" lon="8.4548724">
<ele>3491.309</ele>
<time>2023-04-05T11:22:53Z</time>
<hdop>9.94</hdop>
</trkpt>
<trkpt lat="46.6987836" lon="8.4549421">
<ele>3494.081</ele>
<time>2023-04-05T11:23:14Z</time>
<hdop>9.94</hdop>
</trkpt>
<trkpt lat="46.6988409" lon="8.4549911">
<ele>3497.887</ele>
<time>2023-04-05T11:23:33Z</time>
<hdop>9.94</hdop>
</trkpt>
<trkpt lat="46.6989045" lon="8.4549687">
<ele>3500.523</ele>
<time>2023-04-05T11:23:45Z</time>
<hdop>9.94</hdop>
</trkpt>
<trkpt lat="46.6989598" lon="8.4550263">
<ele>3501.476</ele>
<time>2023-04-05T11:24:01Z</time>
<hdop>9.94</hdop>
</trkpt>
<trkpt lat="46.6989534" lon="8.4551215">
<ele>3504.469</ele>
<time>2023-04-05T11:24:15Z</time>
<hdop>3.79</hdop>
</trkpt>
<trkpt lat="46.6988829" lon="8.4550763">
<ele>3504.88</ele>
<time>2023-04-05T11:41:09Z</time>
<hdop>3.79</hdop>
</trkpt>
<trkpt lat="46.6987751" lon="8.4549267">
<ele>3497.562</ele>
<time>2023-04-05T11:41:14Z</time>
<hdop>3.79</hdop>
</trkpt>
<trkpt lat="46.6987588" lon="8.454801">
<ele>3494.651</ele>
<time>2023-04-05T11:41:53Z</time>
<hdop>3.79</hdop>
</trkpt>
<trkpt lat="46.6986311" lon="8.4545903">
<ele>3484.394</ele>
<time>2023-04-05T11:41:58Z</time>
<hdop>3.79</hdop>
</trkpt>
<trkpt lat="46.6983321" lon="8.4544294">
<ele>3480.053</ele>
<time>2023-04-05T11:42:03Z</time>
<hdop>3.79</hdop>
</trkpt>
<trkpt lat="46.6982324" lon="8.454401">
<ele>3475.516</ele>
<time>2023-04-05T11:42:09Z</time>
<hdop>3.79</hdop>
</trkpt>
<trkpt lat="46.6980485" lon="8.4542659">
<ele>3465.899</ele>
<time>2023-04-05T11:42:14Z</time>
<hdop>3.79</hdop>
</trkpt>
<trkpt lat="46.6976354" lon="8.4540369">
<ele>3451.062</ele>
<time>2023-04-05T11:42:19Z</time>
<hdop>3.79</hdop>
</trkpt>
<trkpt lat="46.6972567" lon="8.4536613">
<ele>3429.936</ele>
<time>2023-04-05T11:42:24Z</time>
<hdop>3.79</hdop>
</trkpt>
<trkpt lat="46.6969078" lon="8.4533673">
<ele>3416.798</ele>
<time>2023-04-05T11:42:29Z</time>
<hdop>3.79</hdop>
</trkpt>
<trkpt lat="46.6969687" lon="8.4534187">
<ele>3418.543</ele>
<time>2023-04-05T11:42:34Z</time>
<hdop>3.79</hdop>
</trkpt>
<trkpt lat="46.6969203" lon="8.4533503">
<ele>3418.578</ele>
<time>2023-04-05T11:45:26Z</time>
<hdop>3.79</hdop>
</trkpt>
<trkpt lat="46.6968563" lon="8.4533282">
<ele>3416.066</ele>
<time>2023-04-05T11:46:47Z</time>
<hdop>3.79</hdop>
</trkpt>
<trkpt lat="46.6967892" lon="8.4532931">
<ele>3413.381</ele>
<time>2023-04-05T11:46:54Z</time>
<hdop>3.79</hdop>
</trkpt>
<trkpt lat="46.6965112" lon="8.4531089">
<ele>3398.68</ele>
<time>2023-04-05T11:46:59Z</time>
<hdop>3.79</hdop>
</trkpt>
<trkpt lat="46.6963546" lon="8.4528493">
<ele>3386.387</ele>
<time>2023-04-05T11:47:04Z</time>
<hdop>3.79</hdop>
</trkpt>
<trkpt lat="46.696288" lon="8.4524366">
<ele>3370.906</ele>
<time>2023-04-05T11:47:09Z</time>
<hdop>3.79</hdop>
</trkpt>
<trkpt lat="46.6965524" lon="8.4521122">
<ele>3361.856</ele>
<time>2023-04-05T11:47:14Z</time>
<hdop>3.79</hdop>
</trkpt>
<trkpt lat="46.6964634" lon="8.4518208">
<ele>3349.273</ele>
<time>2023-04-05T11:47:19Z</time>
<hdop>3.79</hdop>
</trkpt>
<trkpt lat="46.6965207" lon="8.4515319">
<ele>3338.828</ele>
<time>2023-04-05T11:47:24Z</time>
<hdop>3.79</hdop>
</trkpt>
<trkpt lat="46.6965483" lon="8.4510901">
<ele>3320.487</ele>
<time>2023-04-05T11:47:29Z</time>
<hdop>3.79</hdop>
</trkpt>
<trkpt lat="46.6964926" lon="8.4510352">
<ele>3314.713</ele>
<time>2023-04-05T11:49:56Z</time>
<hdop>3.79</hdop>
</trkpt>
<trkpt lat="46.6965455" lon="8.4509769">
<ele>3313.21</ele>
<time>2023-04-05T11:50:02Z</time>
<hdop>3.79</hdop>
</trkpt>
<trkpt lat="46.6964723" lon="8.4507002">
<ele>3301.055</ele>
<time>2023-04-05T11:50:07Z</time>
<hdop>3.79</hdop>
</trkpt>
<trkpt lat="46.6966244" lon="8.4506756">
<ele>3296.996</ele>
<time>2023-04-05T11:50:12Z</time>
<hdop>3.79</hdop>
</trkpt>
<trkpt lat="46.6965682" lon="8.4506124">
<ele>3295.491</ele>
<time>2023-04-05T11:50:17Z</time>
<hdop>3.79</hdop>
</trkpt>
<trkpt lat="46.6963491" lon="8.450465">
<ele>3290.979</ele>
<time>2023-04-05T11:50:22Z</time>
<hdop>3.79</hdop>
</trkpt>
<trkpt lat="46.6961615" lon="8.450292">
<ele>3284.239</ele>
<time>2023-04-05T11:50:27Z</time>
<hdop>3.79</hdop>
</trkpt>
<trkpt lat="46.6960833" lon="8.4499851">
<ele>3271.43</ele>
<time>2023-04-05T11:50:32Z</time>
<hdop>3.79</hdop>
</trkpt>
<trkpt lat="46.696191" lon="8.4494919">
<ele>3255.997</ele>
<time>2023-04-05T11:50:37Z</time>
<hdop>3.79</hdop>
</trkpt>
<trkpt lat="46.6963011" lon="8.4489189">
<ele>3235.76</ele>
<time>2023-04-05T11:50:42Z</time>
<hdop>3.79</hdop>
</trkpt>
<trkpt lat="46.6961702" lon="8.4483353">
<ele>3214.152</ele>
<time>2023-04-05T11:50:47Z</time>
<hdop>3.79</hdop>
</trkpt>
<trkpt lat="46.6960961" lon="8.4477856">
<ele>3196.644</ele>
<time>2023-04-05T11:50:52Z</time>
<hdop>3.79</hdop>
</trkpt>
<trkpt lat="46.696059" lon="8.447704">
<ele>3192.794</ele>
<time>2023-04-05T11:52:13Z</time>
<hdop>3.79</hdop>
</trkpt>
<trkpt lat="46.6960029" lon="8.4476481">
<ele>3188.841</ele>
<time>2023-04-05T11:53:55Z</time>
<hdop>3.79</hdop>
</trkpt>
<trkpt lat="46.6959513" lon="8.4471793">
<ele>3178.27</ele>
<time>2023-04-05T11:54:00Z</time>
<hdop>3.79</hdop>
</trkpt>
<trkpt lat="46.695807" lon="8.4465609">
<ele>3164.279</ele>
<time>2023-04-05T11:54:05Z</time>
<hdop>3.79</hdop>
</trkpt>
<trkpt lat="46.6957207" lon="8.4458919">
<ele>3152.804</ele>
<time>2023-04-05T11:54:10Z</time>
<hdop>3.79</hdop>
</trkpt>
<trkpt lat="46.69586" lon="8.4451633">
<ele>3143.126</ele>
<time>2023-04-05T11:54:15Z</time>
<hdop>3.79</hdop>
</trkpt>
<trkpt lat="46.6959914" lon="8.444545">
<ele>3136.42</ele>
<time>2023-04-05T11:54:20Z</time>
<hdop>3.79</hdop>
</trkpt>
<trkpt lat="46.6961475" lon="8.4440449">
<ele>3131.657</ele>
<time>2023-04-05T11:54:25Z</time>
<hdop>3.79</hdop>
</trkpt>
<trkpt lat="46.6962065" lon="8.4435811">
<ele>3125.467</ele>
<time>2023-04-05T11:54:30Z</time>
<hdop>3.79</hdop>
</trkpt>
<trkpt lat="46.6962463" lon="8.443471">
<ele>3122.612</ele>
<time>2023-04-05T11:55:37Z</time>
<hdop>3.79</hdop>
</trkpt>
<trkpt lat="46.6962644" lon="8.4429488">
<ele>3110.525</ele>
<time>2023-04-05T11:55:42Z</time>
<hdop>3.79</hdop>
</trkpt>
<trkpt lat="46.6962998" lon="8.4424088">
<ele>3099.335</ele>
<time>2023-04-05T11:55:47Z</time>
<hdop>3.79</hdop>
</trkpt>
<trkpt lat="46.696423" lon="8.4419217">
<ele>3088.279</ele>
<time>2023-04-05T11:55:52Z</time>
<hdop>3.79</hdop>
</trkpt>
<trkpt lat="46.6964584" lon="8.441372">
<ele>3078.146</ele>
<time>2023-04-05T11:55:57Z</time>
<hdop>3.79</hdop>
</trkpt>
<trkpt lat="46.6964994" lon="8.4408938">
<ele>3066.18</ele>
<time>2023-04-05T11:56:02Z</time>
<hdop>3.79</hdop>
</trkpt>
<trkpt lat="46.69655" lon="8.440446">
<ele>3054.329</ele>
<time>2023-04-05T11:56:07Z</time>
<hdop>3.79</hdop>
</trkpt>
<trkpt lat="46.6965674" lon="8.4399883">
<ele>3038.09</ele>
<time>2023-04-05T11:56:12Z</time>
<hdop>3.79</hdop>
</trkpt>
<trkpt lat="46.6964878" lon="8.4394536">
<ele>3020.675</ele>
<time>2023-04-05T11:56:17Z</time>
<hdop>3.79</hdop>
</trkpt>
<trkpt lat="46.6964266" lon="8.4390167">
<ele>3008.613</ele>
<time>2023-04-05T11:56:22Z</time>
<hdop>3.79</hdop>
</trkpt>
<trkpt lat="46.6962825" lon="8.4385434">
<ele>2998.764</ele>
<time>2023-04-05T11:56:27Z</time>
<hdop>3.79</hdop>
</trkpt>
<trkpt lat="46.696217" lon="8.4380293">
<ele>2987.39</ele>
<time>2023-04-05T11:56:32Z</time>
<hdop>3.79</hdop>
</trkpt>
<trkpt lat="46.6963484" lon="8.4375923">
<ele>2974.748</ele>
<time>2023-04-05T11:56:37Z</time>
<hdop>3.79</hdop>
</trkpt>
<trkpt lat="46.6963653" lon="8.4374709">
<ele>2969.586</ele>
<time>2023-04-05T11:59:08Z</time>
<hdop>3.79</hdop>
</trkpt>
<trkpt lat="46.6963301" lon="8.4372462">
<ele>2967.798</ele>
<time>2023-04-05T11:59:13Z</time>
<hdop>3.79</hdop>
</trkpt>
<trkpt lat="46.6963158" lon="8.4370603">
<ele>2965.668</ele>
<time>2023-04-05T11:59:18Z</time>
<hdop>3.79</hdop>
</trkpt>
<trkpt lat="46.6963507" lon="8.4369417">
<ele>2962.454</ele>
<time>2023-04-05T11:59:35Z</time>
<hdop>3.79</hdop>
</trkpt>
<trkpt lat="46.6965121" lon="8.4365979">
<ele>2950.561</ele>
<time>2023-04-05T11:59:40Z</time>
<hdop>3.79</hdop>
</trkpt>
<trkpt lat="46.6967251" lon="8.4364678">
<ele>2935.525</ele>
<time>2023-04-05T11:59:45Z</time>
<hdop>3.79</hdop>
</trkpt>
<trkpt lat="46.6967763" lon="8.4359704">
<ele>2927.262</ele>
<time>2023-04-05T11:59:50Z</time>
<hdop>3.79</hdop>
</trkpt>
<trkpt lat="46.6968213" lon="8.4354477">
<ele>2919.813</ele>
<time>2023-04-05T11:59:55Z</time>
<hdop>3.79</hdop>
</trkpt>
<trkpt lat="46.6969975" lon="8.4350109">
<ele>2911.677</ele>
<time>2023-04-05T12:00:00Z</time>
<hdop>3.79</hdop>
</trkpt>
<trkpt lat="46.6972918" lon="8.4349954">
<ele>2894.449</ele>
<time>2023-04-05T12:00:05Z</time>
<hdop>3.79</hdop>
</trkpt>
<trkpt lat="46.6976222" lon="8.4349798">
<ele>2875.46</ele>
<time>2023-04-05T12:00:10Z</time>
<hdop>3.79</hdop>
</trkpt>
<trkpt lat="46.6979099" lon="8.4349026">
<ele>2858.863</ele>
<time>2023-04-05T12:00:15Z</time>
<hdop>3.79</hdop>
</trkpt>
<trkpt lat="46.6981558" lon="8.4349095">
<ele>2844.661</ele>
<time>2023-04-05T12:00:20Z</time>
<hdop>3.79</hdop>
</trkpt>
<trkpt lat="46.6981462" lon="8.4348114">
<ele>2850.722</ele>
<time>2023-04-05T12:01:20Z</time>
<hdop>3.79</hdop>
</trkpt>
<trkpt lat="46.6981988" lon="8.4349237">
<ele>2842.32</ele>
<time>2023-04-05T12:03:36Z</time>
<hdop>3.79</hdop>
</trkpt>
<trkpt lat="46.6982959" lon="8.4354394">
<ele>2831.199</ele>
<time>2023-04-05T12:03:41Z</time>
<hdop>3.79</hdop>
</trkpt>
<trkpt lat="46.6984604" lon="8.4359387">
<ele>2820.958</ele>
<time>2023-04-05T12:03:46Z</time>
<hdop>3.79</hdop>
</trkpt>
<trkpt lat="46.6986934" lon="8.4361125">
<ele>2803.979</ele>
<time>2023-04-05T12:03:51Z</time>
<hdop>3.79</hdop>
</trkpt>
<trkpt lat="46.6989841" lon="8.4362821">
<ele>2783.56</ele>
<time>2023-04-05T12:03:56Z</time>
<hdop>3.79</hdop>
</trkpt>
<trkpt lat="46.6992899" lon="8.43637">
<ele>2765.829</ele>
<time>2023-04-05T12:04:01Z</time>
<hdop>3.79</hdop>
</trkpt>
<trkpt lat="46.6994786" lon="8.4366118">
<ele>2757.17</ele>
<time>2023-04-05T12:04:06Z</time>
<hdop>3.79</hdop>
</trkpt>
<trkpt lat="46.6995005" lon="8.4367109">
<ele>2752.969</ele>
<time>2023-04-05T12:08:17Z</time>
<hdop>3.79</hdop>
</trkpt>
<trkpt lat="46.6996625" lon="8.4370312">
<ele>2741.492</ele>
<time>2023-04-05T12:08:22Z</time>
<hdop>3.79</hdop>
</trkpt>
<trkpt lat="46.700099" lon="8.4370809">
<ele>2711.438</ele>
<time>2023-04-05T12:08:27Z</time>
<hdop>3.79</hdop>
</trkpt>
<trkpt lat="46.7004838" lon="8.4373874">
<ele>2694.451</ele>
<time>2023-04-05T12:08:32Z</time>
<hdop>3.79</hdop>
</trkpt>
<trkpt lat="46.700548" lon="8.4376376">
<ele>2688.759</ele>
<time>2023-04-05T12:08:37Z</time>
<hdop>3.79</hdop>
</trkpt>
<trkpt lat="46.7007546" lon="8.4376475">
<ele>2676.141</ele>
<time>2023-04-05T12:08:42Z</time>
<hdop>3.79</hdop>
</trkpt>
<trkpt lat="46.7008327" lon="8.4377243">
<ele>2668.895</ele>
<time>2023-04-05T12:08:47Z</time>
<hdop>3.79</hdop>
</trkpt>
<trkpt lat="46.7008624" lon="8.4378415">
<ele>2662.374</ele>
<time>2023-04-05T12:08:52Z</time>
<hdop>3.79</hdop>
</trkpt>
<trkpt lat="46.7008376" lon="8.4383238">
<ele>2631.862</ele>
<time>2023-04-05T12:08:57Z</time>
<hdop>3.97</hdop>
</trkpt>
<trkpt lat="46.701021" lon="8.4389754">
<ele>2601.274</ele>
<time>2023-04-05T12:09:02Z</time>
<hdop>5.7</hdop>
</trkpt>
<trkpt lat="46.7010971" lon="8.439224">
<ele>2593.987</ele>
<time>2023-04-05T12:09:07Z</time>
<hdop>6.25</hdop>
</trkpt>
<trkpt lat="46.7012006" lon="8.4391454">
<ele>2594.532</ele>
<time>2023-04-05T12:11:33Z</time>
<hdop>3.79</hdop>
</trkpt>
<trkpt lat="46.70156" lon="8.4391527">
<ele>2581.538</ele>
<time>2023-04-05T12:11:38Z</time>
<hdop>3.79</hdop>
</trkpt>
<trkpt lat="46.702016" lon="8.4390914">
<ele>2569.898</ele>
<time>2023-04-05T12:11:43Z</time>
<hdop>3.79</hdop>
</trkpt>
<trkpt lat="46.7024024" lon="8.439011">
<ele>2562.294</ele>
<time>2023-04-05T12:11:48Z</time>
<hdop>3.79</hdop>
</trkpt>
<trkpt lat="46.7027747" lon="8.438991">
<ele>2556.928</ele>
<time>2023-04-05T12:11:53Z</time>
<hdop>3.79</hdop>
</trkpt>
<trkpt lat="46.7030708" lon="8.4391573">
<ele>2554.675</ele>
<time>2023-04-05T12:11:58Z</time>
<hdop>3.79</hdop>
</trkpt>
<trkpt lat="46.7032711" lon="8.4394101">
<ele>2552.173</ele>
<time>2023-04-05T12:12:03Z</time>
<hdop>3.79</hdop>
</trkpt>
<trkpt lat="46.7033277" lon="8.4396272">
<ele>2551.302</ele>
<time>2023-04-05T12:12:08Z</time>
<hdop>3.79</hdop>
</trkpt>
<trkpt lat="46.7033682" lon="8.4397074">
<ele>2551.598</ele>
<time>2023-04-05T12:12:18Z</time>
<hdop>3.79</hdop>
</trkpt>
<trkpt lat="46.7034057" lon="8.4397934">
<ele>2552.148</ele>
<time>2023-04-05T12:13:42Z</time>
<hdop>3.79</hdop>
</trkpt>
<trkpt lat="46.7034337" lon="8.4399157">
<ele>2550.596</ele>
<time>2023-04-05T12:13:47Z</time>
<hdop>3.79</hdop>
</trkpt>
<trkpt lat="46.7034704" lon="8.4400773">
<ele>2548.981</ele>
<time>2023-04-05T12:13:52Z</time>
<hdop>3.79</hdop>
</trkpt>
<trkpt lat="46.703605" lon="8.4403968">
<ele>2543.86</ele>
<time>2023-04-05T12:13:57Z</time>
<hdop>3.79</hdop>
</trkpt>
<trkpt lat="46.7035828" lon="8.4406427">
<ele>2542.181</ele>
<time>2023-04-05T12:14:02Z</time>
<hdop>3.79</hdop>
</trkpt>
<trkpt lat="46.7035671" lon="8.4408118">
<ele>2540.831</ele>
<time>2023-04-05T12:14:07Z</time>
<hdop>3.79</hdop>
</trkpt>
<trkpt lat="46.7035369" lon="8.4411152">
<ele>2536.634</ele>
<time>2023-04-05T12:14:12Z</time>
<hdop>3.79</hdop>
</trkpt>
<trkpt lat="46.7035387" lon="8.4412427">
<ele>2531.856</ele>
<time>2023-04-05T12:14:17Z</time>
<hdop>3.79</hdop>
</trkpt>
<trkpt lat="46.7036045" lon="8.4413535">
<ele>2525.77</ele>
<time>2023-04-05T12:14:22Z</time>
<hdop>5.25</hdop>
</trkpt>
<trkpt lat="46.7036907" lon="8.4413968">
<ele>2515.976</ele>
<time>2023-04-05T12:15:13Z</time>
<hdop>3.79</hdop>
</trkpt>
<trkpt lat="46.7039266" lon="8.4414465">
<ele>2503.975</ele>
<time>2023-04-05T12:15:18Z</time>
<hdop>4.38</hdop>
</trkpt>
<trkpt lat="46.7040312" lon="8.4416163">
<ele>2496.098</ele>
<time>2023-04-05T12:15:23Z</time>
<hdop>3.79</hdop>
</trkpt>
<trkpt lat="46.7041507" lon="8.4415689">
<ele>2486.755</ele>
<time>2023-04-05T12:15:28Z</time>
<hdop>3.79</hdop>
</trkpt>
<trkpt lat="46.7041181" lon="8.4414868">
<ele>2483.265</ele>
<time>2023-04-05T12:16:40Z</time>
<hdop>3.79</hdop>
</trkpt>
<trkpt lat="46.7040984" lon="8.4413707">
<ele>2481.79</ele>
<time>2023-04-05T12:17:26Z</time>
<hdop>3.79</hdop>
</trkpt>
<trkpt lat="46.7040946" lon="8.4412148">
<ele>2483.053</ele>
<time>2023-04-05T12:17:31Z</time>
<hdop>3.79</hdop>
</trkpt>
<trkpt lat="46.7040893" lon="8.4411006">
<ele>2483.479</ele>
<time>2023-04-05T12:17:36Z</time>
<hdop>3.79</hdop>
</trkpt>
<trkpt lat="46.704084" lon="8.441006">
<ele>2484.714</ele>
<time>2023-04-05T12:17:46Z</time>
<hdop>5.99</hdop>
</trkpt>
<trkpt lat="46.704152" lon="8.4410382">
<ele>2473.859</ele>
<time>2023-04-05T12:18:02Z</time>
<hdop>4.29</hdop>
</trkpt>
<trkpt lat="46.7042204" lon="8.441049">
<ele>2468.991</ele>
<time>2023-04-05T12:18:11Z</time>
<hdop>9.15</hdop>
</trkpt>
<trkpt lat="46.7046115" lon="8.4412661">
<ele>2454.769</ele>
<time>2023-04-05T12:18:16Z</time>
<hdop>7.66</hdop>
</trkpt>
<trkpt lat="46.7045167" lon="8.4411007">
<ele>2444.728</ele>
<time>2023-04-05T12:18:21Z</time>
<hdop>5.09</hdop>
</trkpt>
<trkpt lat="46.7044969" lon="8.4410062">
<ele>2444.711</ele>
<time>2023-04-05T12:18:33Z</time>
<hdop>4.84</hdop>
</trkpt>
<trkpt lat="46.7044803" lon="8.4409088">
<ele>2442.703</ele>
<time>2023-04-05T12:24:09Z</time>
<hdop>3.79</hdop>
</trkpt>
<trkpt lat="46.7045" lon="8.4407764">
<ele>2442.934</ele>
<time>2023-04-05T12:24:14Z</time>
<hdop>3.79</hdop>
</trkpt>
<trkpt lat="46.7045288" lon="8.4406159">
<ele>2441.07</ele>
<time>2023-04-05T12:24:19Z</time>
<hdop>3.79</hdop>
</trkpt>
<trkpt lat="46.7045551" lon="8.4404975">
<ele>2438.662</ele>
<time>2023-04-05T12:24:24Z</time>
<hdop>3.79</hdop>
</trkpt>
<trkpt lat="46.7046657" lon="8.4405057">
<ele>2429.018</ele>
<time>2023-04-05T12:24:29Z</time>
<hdop>3.95</hdop>
</trkpt>
<trkpt lat="46.7049181" lon="8.4405353">
<ele>2410.385</ele>
<time>2023-04-05T12:24:34Z</time>
<hdop>3.96</hdop>
</trkpt>
<trkpt lat="46.7055189" lon="8.4402737">
<ele>2395.669</ele>
<time>2023-04-05T12:24:39Z</time>
<hdop>10.47</hdop>
</trkpt>
<trkpt lat="46.7060124" lon="8.4400235">
<ele>2365.543</ele>
<time>2023-04-05T12:24:44Z</time>
<hdop>6.09</hdop>
</trkpt>
<trkpt lat="46.7062598" lon="8.4401466">
<ele>2346.197</ele>
<time>2023-04-05T12:24:49Z</time>
<hdop>3.9</hdop>
</trkpt>
<trkpt lat="46.706526" lon="8.4399814">
<ele>2331.357</ele>
<time>2023-04-05T12:24:54Z</time>
<hdop>3.79</hdop>
</trkpt>
<trkpt lat="46.7069386" lon="8.4397439">
<ele>2318.189</ele>
<time>2023-04-05T12:24:59Z</time>
<hdop>3.79</hdop>
</trkpt>
<trkpt lat="46.7070358" lon="8.4396746">
<ele>2315.624</ele>
<time>2023-04-05T12:25:04Z</time>
<hdop>7.67</hdop>
</trkpt>
<trkpt lat="46.7070499" lon="8.4397741">
<ele>2311.523</ele>
<time>2023-04-05T12:26:07Z</time>
<hdop>5.82</hdop>
</trkpt>
<trkpt lat="46.7071198" lon="8.4397852">
<ele>2312.096</ele>
<time>2023-04-05T12:28:14Z</time>
<hdop>3.79</hdop>
</trkpt>
<trkpt lat="46.7073603" lon="8.4397709">
<ele>2306.704</ele>
<time>2023-04-05T12:28:19Z</time>
<hdop>3.79</hdop>
</trkpt>
<trkpt lat="46.7077193" lon="8.4398595">
<ele>2301.561</ele>
<time>2023-04-05T12:28:24Z</time>
<hdop>3.79</hdop>
</trkpt>
<trkpt lat="46.7081034" lon="8.4398606">
<ele>2293.532</ele>
<time>2023-04-05T12:28:29Z</time>
<hdop>3.79</hdop>
</trkpt>
<trkpt lat="46.708449" lon="8.4396466">
<ele>2284.383</ele>
<time>2023-04-05T12:28:34Z</time>
<hdop>5.04</hdop>
</trkpt>
<trkpt lat="46.7086306" lon="8.4392846">
<ele>2276.539</ele>
<time>2023-04-05T12:28:39Z</time>
<hdop>3.94</hdop>
</trkpt>
<trkpt lat="46.7085923" lon="8.4387685">
<ele>2267.144</ele>
<time>2023-04-05T12:28:44Z</time>
<hdop>3.79</hdop>
</trkpt>
<trkpt lat="46.7088125" lon="8.4384869">
<ele>2257.806</ele>
<time>2023-04-05T12:28:49Z</time>
<hdop>3.79</hdop>
</trkpt>
<trkpt lat="46.7091438" lon="8.4382032">
<ele>2242.404</ele>
<time>2023-04-05T12:28:54Z</time>
<hdop>4.09</hdop>
</trkpt>
<trkpt lat="46.709226" lon="8.4378888">
<ele>2240.614</ele>
<time>2023-04-05T12:28:59Z</time>
<hdop>3.79</hdop>
</trkpt>
<trkpt lat="46.7092564" lon="8.4377692">
<ele>2231.753</ele>
<time>2023-04-05T12:30:00Z</time>
<hdop>4.47</hdop>
</trkpt>
<trkpt lat="46.7094189" lon="8.4373891">
<ele>2229.52</ele>
<time>2023-04-05T12:30:05Z</time>
<hdop>4.72</hdop>
</trkpt>
<trkpt lat="46.7094335" lon="8.4370692">
<ele>2229.792</ele>
<time>2023-04-05T12:30:10Z</time>
<hdop>4.03</hdop>
</trkpt>
<trkpt lat="46.7094739" lon="8.4369044">
<ele>2228.657</ele>
<time>2023-04-05T12:30:15Z</time>
<hdop>3.79</hdop>
</trkpt>
<trkpt lat="46.7096823" lon="8.4368676">
<ele>2222.4</ele>
<time>2023-04-05T12:30:20Z</time>
<hdop>3.79</hdop>
</trkpt>
<trkpt lat="46.7100327" lon="8.4366636">
<ele>2214.702</ele>
<time>2023-04-05T12:30:25Z</time>
<hdop>4.73</hdop>
</trkpt>
<trkpt lat="46.7103979" lon="8.4364404">
<ele>2207.931</ele>
<time>2023-04-05T12:30:30Z</time>
<hdop>3.92</hdop>
</trkpt>
<trkpt lat="46.7107222" lon="8.4362357">
<ele>2199.695</ele>
<time>2023-04-05T12:30:35Z</time>
<hdop>3.79</hdop>
</trkpt>
<trkpt lat="46.7110258" lon="8.4359224">
<ele>2193.047</ele>
<time>2023-04-05T12:30:40Z</time>
<hdop>3.79</hdop>
</trkpt>
<trkpt lat="46.7112842" lon="8.4356592">
<ele>2190.394</ele>
<time>2023-04-05T12:30:45Z</time>
<hdop>3.79</hdop>
</trkpt>
<trkpt lat="46.7116313" lon="8.435511">
<ele>2182.105</ele>
<time>2023-04-05T12:30:50Z</time>
<hdop>3.79</hdop>
</trkpt>
<trkpt lat="46.7120496" lon="8.4353922">
<ele>2174.165</ele>
<time>2023-04-05T12:30:55Z</time>
<hdop>3.79</hdop>
</trkpt>
<trkpt lat="46.7125002" lon="8.4350726">
<ele>2164.103</ele>
<time>2023-04-05T12:31:00Z</time>
<hdop>3.79</hdop>
</trkpt>
<trkpt lat="46.7128121" lon="8.434812">
<ele>2165.385</ele>
<time>2023-04-05T12:31:05Z</time>
<hdop>3.79</hdop>
</trkpt>
<trkpt lat="46.7128596" lon="8.4347459">
<ele>2165.742</ele>
<time>2023-04-05T12:31:14Z</time>
<hdop>3.79</hdop>
</trkpt>
<trkpt lat="46.7129005" lon="8.4346707">
<ele>2166.336</ele>
<time>2023-04-05T12:31:37Z</time>
<hdop>3.79</hdop>
</trkpt>
<trkpt lat="46.7130929" lon="8.4343675">
<ele>2162.731</ele>
<time>2023-04-05T12:31:42Z</time>
<hdop>3.79</hdop>
</trkpt>
<trkpt lat="46.713242" lon="8.4341079">
<ele>2159.266</ele>
<time>2023-04-05T12:31:47Z</time>
<hdop>3.79</hdop>
</trkpt>
<trkpt lat="46.7132894" lon="8.4340278">
<ele>2158.112</ele>
<time>2023-04-05T12:32:20Z</time>
<hdop>3.79</hdop>
</trkpt>
<trkpt lat="46.7134296" lon="8.4338906">
<ele>2153.702</ele>
<time>2023-04-05T12:32:25Z</time>
<hdop>3.79</hdop>
</trkpt>
<trkpt lat="46.713475" lon="8.4338042">
<ele>2151.422</ele>
<time>2023-04-05T12:32:30Z</time>
<hdop>3.79</hdop>
</trkpt>
<trkpt lat="46.7135104" lon="8.4337136">
<ele>2151.967</ele>
<time>2023-04-05T12:32:39Z</time>
<hdop>3.79</hdop>
</trkpt>
<trkpt lat="46.7135707" lon="8.4336695">
<ele>2156.06</ele>
<time>2023-04-05T12:32:51Z</time>
<hdop>3.79</hdop>
</trkpt>
<trkpt lat="46.7136209" lon="8.4336072">
<ele>2155.756</ele>
<time>2023-04-05T12:33:08Z</time>
<hdop>3.79</hdop>
</trkpt>
<trkpt lat="46.7136704" lon="8.433541">
<ele>2158.17</ele>
<time>2023-04-05T12:33:27Z</time>
<hdop>3.79</hdop>
</trkpt>
<trkpt lat="46.7137119" lon="8.433459">
<ele>2159.268</ele>
<time>2023-04-05T12:33:38Z</time>
<hdop>3.79</hdop>
</trkpt>
<trkpt lat="46.7137616" lon="8.4333889">
<ele>2161.422</ele>
<time>2023-04-05T12:33:50Z</time>
<hdop>3.79</hdop>
</trkpt>
<trkpt lat="46.7138326" lon="8.4333938">
<ele>2162.501</ele>
<time>2023-04-05T12:34:07Z</time>
<hdop>3.79</hdop>
</trkpt>
<trkpt lat="46.7138988" lon="8.4334051">
<ele>2163.621</ele>
<time>2023-04-05T12:34:20Z</time>
<hdop>3.79</hdop>
</trkpt>
<trkpt lat="46.7139924" lon="8.4333669">
<ele>2162.372</ele>
<time>2023-04-05T12:34:25Z</time>
<hdop>3.79</hdop>
</trkpt>
<trkpt lat="46.7140698" lon="8.4331836">
<ele>2160.866</ele>
<time>2023-04-05T12:34:30Z</time>
<hdop>3.79</hdop>
</trkpt>
<trkpt lat="46.7140955" lon="8.4330566">
<ele>2159.92</ele>
<time>2023-04-05T12:34:35Z</time>
<hdop>3.79</hdop>
</trkpt>
<trkpt lat="46.7140971" lon="8.4329603">
<ele>2159.915</ele>
<time>2023-04-05T12:34:46Z</time>
<hdop>3.79</hdop>
</trkpt>
<trkpt lat="46.7140975" lon="8.4328612">
<ele>2158.636</ele>
<time>2023-04-05T12:34:57Z</time>
<hdop>3.79</hdop>
</trkpt>
<trkpt lat="46.714094" lon="8.4327649">
<ele>2166.682</ele>
<time>2023-04-05T12:43:01Z</time>
<hdop>3.79</hdop>
</trkpt>
<trkpt lat="46.7140553" lon="8.4326535">
<ele>2165.657</ele>
<time>2023-04-05T12:43:11Z</time>
<hdop>3.79</hdop>
</trkpt>
<trkpt lat="46.7140499" lon="8.4323931">
<ele>2164.566</ele>
<time>2023-04-05T12:43:16Z</time>
<hdop>3.79</hdop>
</trkpt>
<trkpt lat="46.7140644" lon="8.4321347">
<ele>2162.517</ele>
<time>2023-04-05T12:43:21Z</time>
<hdop>3.79</hdop>
</trkpt>
<trkpt lat="46.7142226" lon="8.4316893">
<ele>2153.395</ele>
<time>2023-04-05T12:43:26Z</time>
<hdop>3.79</hdop>
</trkpt>
<trkpt lat="46.7143609" lon="8.4313695">
<ele>2150.049</ele>
<time>2023-04-05T12:43:31Z</time>
<hdop>3.79</hdop>
</trkpt>
<trkpt lat="46.7146083" lon="8.4311421">
<ele>2145.427</ele>
<time>2023-04-05T12:43:36Z</time>
<hdop>3.79</hdop>
</trkpt>
<trkpt lat="46.7148071" lon="8.4309149">
<ele>2144.657</ele>
<time>2023-04-05T12:43:41Z</time>
<hdop>3.79</hdop>
</trkpt>
<trkpt lat="46.7148174" lon="8.4308007">
<ele>2141.133</ele>
<time>2023-04-05T12:43:46Z</time>
<hdop>3.79</hdop>
</trkpt>
<trkpt lat="46.714924" lon="8.4302248">
<ele>2126.827</ele>
<time>2023-04-05T12:43:51Z</time>
<hdop>3.79</hdop>
</trkpt>
<trkpt lat="46.7149885" lon="8.4301081">
<ele>2130.031</ele>
<time>2023-04-05T12:43:56Z</time>
<hdop>3.79</hdop>
</trkpt>
<trkpt lat="46.7150802" lon="8.4300915">
<ele>2128.667</ele>
<time>2023-04-05T12:44:01Z</time>
<hdop>3.79</hdop>
</trkpt>
<trkpt lat="46.7152085" lon="8.4299011">
<ele>2121.467</ele>
<time>2023-04-05T12:44:06Z</time>
<hdop>3.79</hdop>
</trkpt>
<trkpt lat="46.7153906" lon="8.429687">
<ele>2111.637</ele>
<time>2023-04-05T12:44:11Z</time>
<hdop>3.79</hdop>
</trkpt>
<trkpt lat="46.7153569" lon="8.4292488">
<ele>2105.811</ele>
<time>2023-04-05T12:44:16Z</time>
<hdop>3.79</hdop>
</trkpt>
<trkpt lat="46.7155291" lon="8.429074">
<ele>2098.026</ele>
<time>2023-04-05T12:44:21Z</time>
<hdop>3.79</hdop>
</trkpt>
<trkpt lat="46.715885" lon="8.4291305">
<ele>2091.043</ele>
<time>2023-04-05T12:44:26Z</time>
<hdop>3.79</hdop>
</trkpt>
<trkpt lat="46.7161653" lon="8.4289023">
<ele>2085.244</ele>
<time>2023-04-05T12:44:31Z</time>
<hdop>3.79</hdop>
</trkpt>
<trkpt lat="46.7164719" lon="8.4284922">
<ele>2076.873</ele>
<time>2023-04-05T12:44:36Z</time>
<hdop>3.79</hdop>
</trkpt>
<trkpt lat="46.7168641" lon="8.4281379">
<ele>2063.39</ele>
<time>2023-04-05T12:44:41Z</time>
<hdop>3.79</hdop>
</trkpt>
<trkpt lat="46.717277" lon="8.427806">
<ele>2055.693</ele>
<time>2023-04-05T12:44:46Z</time>
<hdop>3.79</hdop>
</trkpt>
<trkpt lat="46.7175845" lon="8.4275067">
<ele>2052.041</ele>
<time>2023-04-05T12:44:51Z</time>
<hdop>3.79</hdop>
</trkpt>
<trkpt lat="46.7178292" lon="8.4272597">
<ele>2050.907</ele>
<time>2023-04-05T12:44:56Z</time>
<hdop>3.79</hdop>
</trkpt>
<trkpt lat="46.7180035" lon="8.4270448">
<ele>2050.066</ele>
<time>2023-04-05T12:45:01Z</time>
<hdop>3.79</hdop>
</trkpt>
<trkpt lat="46.7181253" lon="8.4268857">
<ele>2048.661</ele>
<time>2023-04-05T12:45:06Z</time>
<hdop>3.79</hdop>
</trkpt>
<trkpt lat="46.7182023" lon="8.4267125">
<ele>2048.068</ele>
<time>2023-04-05T12:45:11Z</time>
<hdop>3.79</hdop>
</trkpt>
<trkpt lat="46.7182553" lon="8.4265132">
<ele>2047.795</ele>
<time>2023-04-05T12:45:16Z</time>
<hdop>3.79</hdop>
</trkpt>
<trkpt lat="46.7182826" lon="8.4264267">
<ele>2047.13</ele>
<time>2023-04-05T12:45:22Z</time>
<hdop>3.79</hdop>
</trkpt>
<trkpt lat="46.718338" lon="8.4263535">
<ele>2046.228</ele>
<time>2023-04-05T12:46:29Z</time>
<hdop>3.79</hdop>
</trkpt>
<trkpt lat="46.7184116" lon="8.4262587">
<ele>2045.32</ele>
<time>2023-04-05T12:46:34Z</time>
<hdop>3.79</hdop>
</trkpt>
<trkpt lat="46.7185138" lon="8.4261761">
<ele>2044.444</ele>
<time>2023-04-05T12:46:39Z</time>
<hdop>3.79</hdop>
</trkpt>
<trkpt lat="46.7185996" lon="8.4261056">
<ele>2043.463</ele>
<time>2023-04-05T12:46:44Z</time>
<hdop>3.79</hdop>
</trkpt>
<trkpt lat="46.7187033" lon="8.426006">
<ele>2041.823</ele>
<time>2023-04-05T12:46:49Z</time>
<hdop>3.79</hdop>
</trkpt>
<trkpt lat="46.718906" lon="8.4259841">
<ele>2039.614</ele>
<time>2023-04-05T12:46:54Z</time>
<hdop>3.79</hdop>
</trkpt>
<trkpt lat="46.7191659" lon="8.4259657">
<ele>2035.215</ele>
<time>2023-04-05T12:46:59Z</time>
<hdop>3.79</hdop>
</trkpt>
<trkpt lat="46.7193364" lon="8.4260126">
<ele>2034.798</ele>
<time>2023-04-05T12:47:04Z</time>
<hdop>3.79</hdop>
</trkpt>
<trkpt lat="46.7194427" lon="8.4260185">
<ele>2031.57</ele>
<time>2023-04-05T12:47:09Z</time>
<hdop>3.79</hdop>
</trkpt>
<trkpt lat="46.7198531" lon="8.4260755">
<ele>2025.09</ele>
<time>2023-04-05T12:47:14Z</time>
<hdop>3.79</hdop>
</trkpt>
<trkpt lat="46.7201555" lon="8.4262162">
<ele>2021.897</ele>
<time>2023-04-05T12:47:19Z</time>
<hdop>3.79</hdop>
</trkpt>
<trkpt lat="46.7203722" lon="8.4263335">
<ele>2020.513</ele>
<time>2023-04-05T12:47:24Z</time>
<hdop>3.79</hdop>
</trkpt>
<trkpt lat="46.7204881" lon="8.4264872">
<ele>2019.848</ele>
<time>2023-04-05T12:47:29Z</time>
<hdop>3.79</hdop>
</trkpt>
<trkpt lat="46.7205665" lon="8.4266434">
<ele>2018.443</ele>
<time>2023-04-05T12:47:34Z</time>
<hdop>3.79</hdop>
</trkpt>
<trkpt lat="46.7206406" lon="8.4267537">
<ele>2018.058</ele>
<time>2023-04-05T12:47:39Z</time>
<hdop>3.79</hdop>
</trkpt>
<trkpt lat="46.7207283" lon="8.4268018">
<ele>2018.424</ele>
<time>2023-04-05T12:47:44Z</time>
<hdop>3.79</hdop>
</trkpt>
<trkpt lat="46.7208239" lon="8.4268113">
<ele>2017.138</ele>
<time>2023-04-05T12:47:49Z</time>
<hdop>3.79</hdop>
</trkpt>
<trkpt lat="46.7209377" lon="8.4268503">
<ele>2016.695</ele>
<time>2023-04-05T12:47:54Z</time>
<hdop>3.79</hdop>
</trkpt>
<trkpt lat="46.7209816" lon="8.4269239">
<ele>2020.792</ele>
<time>2023-04-05T12:49:50Z</time>
<hdop>3.79</hdop>
</trkpt>
<trkpt lat="46.7210384" lon="8.4269894">
<ele>2019.865</ele>
<time>2023-04-05T12:49:57Z</time>
<hdop>3.79</hdop>
</trkpt>
<trkpt lat="46.7211361" lon="8.4270693">
<ele>2018.923</ele>
<time>2023-04-05T12:50:02Z</time>
<hdop>3.79</hdop>
</trkpt>
<trkpt lat="46.7211176" lon="8.4272233">
<ele>2019.129</ele>
<time>2023-04-05T12:50:07Z</time>
<hdop>3.79</hdop>
</trkpt>
<trkpt lat="46.7212444" lon="8.4274965">
<ele>2014.789</ele>
<time>2023-04-05T12:50:12Z</time>
<hdop>3.79</hdop>
</trkpt>
<trkpt lat="46.7214441" lon="8.4278378">
<ele>2011.641</ele>
<time>2023-04-05T12:50:17Z</time>
<hdop>3.79</hdop>
</trkpt>
<trkpt lat="46.7215152" lon="8.4278497">
<ele>2011.842</ele>
<time>2023-04-05T12:50:22Z</time>
<hdop>3.79</hdop>
</trkpt>
<trkpt lat="46.7215896" lon="8.4278626">
<ele>2009.798</ele>
<time>2023-04-05T12:50:50Z</time>
<hdop>3.79</hdop>
</trkpt>
<trkpt lat="46.7217279" lon="8.4280398">
<ele>2007.494</ele>
<time>2023-04-05T12:50:55Z</time>
<hdop>3.79</hdop>
</trkpt>
<trkpt lat="46.7217218" lon="8.4285058">
<ele>2003.767</ele>
<time>2023-04-05T12:51:00Z</time>
<hdop>3.79</hdop>
</trkpt>
<trkpt lat="46.7216548" lon="8.429016">
<ele>2000.034</ele>
<time>2023-04-05T12:51:05Z</time>
<hdop>3.79</hdop>
</trkpt>
<trkpt lat="46.7220323" lon="8.4293343">
<ele>1991.227</ele>
<time>2023-04-05T12:51:10Z</time>
<hdop>3.79</hdop>
</trkpt>
<trkpt lat="46.7225666" lon="8.4293798">
<ele>1984.21</ele>
<time>2023-04-05T12:51:15Z</time>
<hdop>3.79</hdop>
</trkpt>
<trkpt lat="46.7230574" lon="8.4293748">
<ele>1975.101</ele>
<time>2023-04-05T12:51:20Z</time>
<hdop>3.79</hdop>
</trkpt>
<trkpt lat="46.7235602" lon="8.4293253">
<ele>1966.792</ele>
<time>2023-04-05T12:51:25Z</time>
<hdop>3.79</hdop>
</trkpt>
<trkpt lat="46.7240929" lon="8.4295621">
<ele>1959.283</ele>
<time>2023-04-05T12:51:30Z</time>
<hdop>3.79</hdop>
</trkpt>
<trkpt lat="46.7244378" lon="8.4300003">
<ele>1955.771</ele>
<time>2023-04-05T12:51:35Z</time>
<hdop>3.79</hdop>
</trkpt>
<trkpt lat="46.724718" lon="8.430219">
<ele>1953.249</ele>
<time>2023-04-05T12:51:40Z</time>
<hdop>3.79</hdop>
</trkpt>
<trkpt lat="46.7250177" lon="8.4303759">
<ele>1950.258</ele>
<time>2023-04-05T12:51:45Z</time>
<hdop>3.79</hdop>
</trkpt>
<trkpt lat="46.7252847" lon="8.4305386">
<ele>1949.321</ele>
<time>2023-04-05T12:51:50Z</time>
<hdop>3.79</hdop>
</trkpt>
<trkpt lat="46.7255616" lon="8.4306729">
<ele>1946.544</ele>
<time>2023-04-05T12:51:55Z</time>
<hdop>3.79</hdop>
</trkpt>
<trkpt lat="46.7258465" lon="8.4307129">
<ele>1946.315</ele>
<time>2023-04-05T12:52:00Z</time>
<hdop>3.79</hdop>
</trkpt>
<trkpt lat="46.7259868" lon="8.4307293">
<ele>1946.341</ele>
<time>2023-04-05T12:52:05Z</time>
<hdop>3.79</hdop>
</trkpt>
<trkpt lat="46.7260094" lon="8.4306268">
<ele>1943.84</ele>
<time>2023-04-05T12:53:13Z</time>
<hdop>3.79</hdop>
</trkpt>
<trkpt lat="46.7260825" lon="8.4306022">
<ele>1942.964</ele>
<time>2023-04-05T12:53:19Z</time>
<hdop>3.79</hdop>
</trkpt>
<trkpt lat="46.7261335" lon="8.4306637">
<ele>1942.893</ele>
<time>2023-04-05T12:53:31Z</time>
<hdop>3.96</hdop>
</trkpt>
<trkpt lat="46.7263004" lon="8.4307172">
<ele>1943.585</ele>
<time>2023-04-05T12:53:36Z</time>
<hdop>4.15</hdop>
</trkpt>
<trkpt lat="46.726649" lon="8.4306721">
<ele>1942.069</ele>
<time>2023-04-05T12:53:41Z</time>
<hdop>3.87</hdop>
</trkpt>
<trkpt lat="46.7269133" lon="8.4306053">
<ele>1941.568</ele>
<time>2023-04-05T12:53:46Z</time>
<hdop>3.79</hdop>
</trkpt>
<trkpt lat="46.7271708" lon="8.4305579">
<ele>1938.476</ele>
<time>2023-04-05T12:53:51Z</time>
<hdop>3.79</hdop>
</trkpt>
<trkpt lat="46.7274328" lon="8.4304989">
<ele>1935.418</ele>
<time>2023-04-05T12:53:56Z</time>
<hdop>3.79</hdop>
</trkpt>
<trkpt lat="46.7276787" lon="8.4304772">
<ele>1933.632</ele>
<time>2023-04-05T12:54:01Z</time>
<hdop>3.79</hdop>
</trkpt>
<trkpt lat="46.727871" lon="8.4306053">
<ele>1932.312</ele>
<time>2023-04-05T12:54:06Z</time>
<hdop>3.79</hdop>
</trkpt>
<trkpt lat="46.7280561" lon="8.4307534">
<ele>1931.579</ele>
<time>2023-04-05T12:54:11Z</time>
<hdop>4.67</hdop>
</trkpt>
<trkpt lat="46.7282364" lon="8.4309105">
<ele>1926.486</ele>
<time>2023-04-05T12:54:16Z</time>
<hdop>3.96</hdop>
</trkpt>
<trkpt lat="46.7285574" lon="8.4310776">
<ele>1924.049</ele>
<time>2023-04-05T12:54:21Z</time>
<hdop>9.94</hdop>
</trkpt>
<trkpt lat="46.7287347" lon="8.4307724">
<ele>1918.426</ele>
<time>2023-04-05T12:54:26Z</time>
<hdop>12.22</hdop>
</trkpt>
<trkpt lat="46.7289956" lon="8.4305186">
<ele>1908.909</ele>
<time>2023-04-05T12:54:31Z</time>
<hdop>4.12</hdop>
</trkpt>
<trkpt lat="46.7293077" lon="8.4304221">
<ele>1901.77</ele>
<time>2023-04-05T12:54:36Z</time>
<hdop>4.25</hdop>
</trkpt>
<trkpt lat="46.7296296" lon="8.4301367">
<ele>1892.01</ele>
<time>2023-04-05T12:54:41Z</time>
<hdop>3.79</hdop>
</trkpt>
<trkpt lat="46.7300223" lon="8.4299196">
<ele>1888.989</ele>
<time>2023-04-05T12:54:46Z</time>
<hdop>3.79</hdop>
</trkpt>
<trkpt lat="46.7302564" lon="8.4296018">
<ele>1885.611</ele>
<time>2023-04-05T12:54:51Z</time>
<hdop>3.79</hdop>
</trkpt>
<trkpt lat="46.7303246" lon="8.4291085">
<ele>1879.266</ele>
<time>2023-04-05T12:54:56Z</time>
<hdop>3.79</hdop>
</trkpt>
<trkpt lat="46.7304146" lon="8.4286021">
<ele>1873.78</ele>
<time>2023-04-05T12:55:01Z</time>
<hdop>3.79</hdop>
</trkpt>
<trkpt lat="46.7305061" lon="8.4279996">
<ele>1867.827</ele>
<time>2023-04-05T12:55:06Z</time>
<hdop>3.79</hdop>
</trkpt>
<trkpt lat="46.7305068" lon="8.4274316">
<ele>1864.085</ele>
<time>2023-04-05T12:55:11Z</time>
<hdop>3.79</hdop>
</trkpt>
</trkseg>
<trkseg>
<trkpt lat="46.7305068" lon="8.4274316">
<ele>1864.085</ele>
<time>2023-04-05T12:55:11Z</time>
<hdop>3.79</hdop>
</trkpt>
<trkpt lat="46.7308322" lon="8.4275246">
<ele>1859.212</ele>
<time>2023-04-06T06:09:02Z</time>
<hdop>44.97</hdop>
</trkpt>
<trkpt lat="46.7307867" lon="8.4275756">
<ele>1880.576</ele>
<time>2023-04-06T06:09:03Z</time>
<hdop>18.25</hdop>
</trkpt>
<trkpt lat="46.73063" lon="8.4276043">
<ele>1882.291</ele>
<time>2023-04-06T06:09:08Z</time>
<hdop>15.49</hdop>
</trkpt>
<trkpt lat="46.7305634" lon="8.4276303">
<ele>1883.473</ele>
<time>2023-04-06T06:09:13Z</time>
<hdop>12.71</hdop>
</trkpt>
<trkpt lat="46.7306162" lon="8.4276874">
<ele>1881.002</ele>
<time>2023-04-06T06:09:19Z</time>
<hdop>10.89</hdop>
</trkpt>
<trkpt lat="46.7307094" lon="8.42772">
<ele>1878.673</ele>
<time>2023-04-06T06:09:24Z</time>
<hdop>7.97</hdop>
</trkpt>
<trkpt lat="46.7307922" lon="8.4277342">
<ele>1877.131</ele>
<time>2023-04-06T06:09:29Z</time>
<hdop>6.1</hdop>
</trkpt>
<trkpt lat="46.7308656" lon="8.4277752">
<ele>1876.618</ele>
<time>2023-04-06T06:09:34Z</time>
<hdop>4.51</hdop>
</trkpt>
<trkpt lat="46.7309367" lon="8.427755">
<ele>1877.79</ele>
<time>2023-04-06T06:09:42Z</time>
<hdop>3.79</hdop>
</trkpt>
<trkpt lat="46.7309637" lon="8.4276538">
<ele>1878.269</ele>
<time>2023-04-06T06:09:47Z</time>
<hdop>3.79</hdop>
</trkpt>
<trkpt lat="46.7309268" lon="8.427576">
<ele>1878.449</ele>
<time>2023-04-06T06:09:55Z</time>
<hdop>3.79</hdop>
</trkpt>
<trkpt lat="46.7309545" lon="8.4274891">
<ele>1877.379</ele>
<time>2023-04-06T06:10:03Z</time>
<hdop>3.79</hdop>
</trkpt>
<trkpt lat="46.7309901" lon="8.4274046">
<ele>1877.313</ele>
<time>2023-04-06T06:10:09Z</time>
<hdop>3.79</hdop>
</trkpt>
<trkpt lat="46.7310386" lon="8.427324">
<ele>1877.084</ele>
<time>2023-04-06T06:10:16Z</time>
<hdop>3.79</hdop>
</trkpt>
<trkpt lat="46.7310896" lon="8.4272447">
<ele>1875.37</ele>
<time>2023-04-06T06:10:23Z</time>
<hdop>3.79</hdop>
</trkpt>
<trkpt lat="46.7311598" lon="8.427233">
<ele>1871.024</ele>
<time>2023-04-06T06:10:30Z</time>
<hdop>3.79</hdop>
</trkpt>
<trkpt lat="46.7312284" lon="8.4272593">
<ele>1869.177</ele>
<time>2023-04-06T06:10:38Z</time>
<hdop>3.79</hdop>
</trkpt>
<trkpt lat="46.7312703" lon="8.4273318">
<ele>1868.601</ele>
<time>2023-04-06T06:10:45Z</time>
<hdop>3.79</hdop>
</trkpt>
<trkpt lat="46.7312991" lon="8.4272451">
<ele>1868.244</ele>
<time>2023-04-06T06:13:19Z</time>
<hdop>3.79</hdop>
</trkpt>
<trkpt lat="46.7313085" lon="8.4271428">
<ele>1869.479</ele>
<time>2023-04-06T06:13:26Z</time>
<hdop>3.79</hdop>
</trkpt>
<trkpt lat="46.7313323" lon="8.4270513">
<ele>1870.802</ele>
<time>2023-04-06T06:14:10Z</time>
<hdop>3.79</hdop>
</trkpt>
<trkpt lat="46.7313955" lon="8.4270116">
<ele>1870.157</ele>
<time>2023-04-06T06:14:19Z</time>
<hdop>3.79</hdop>
</trkpt>
<trkpt lat="46.7314582" lon="8.4269855">
<ele>1870.798</ele>
<time>2023-04-06T06:14:28Z</time>
<hdop>3.79</hdop>
</trkpt>
<trkpt lat="46.7315216" lon="8.4269437">
<ele>1872.044</ele>
<time>2023-04-06T06:14:39Z</time>
<hdop>3.79</hdop>
</trkpt>
<trkpt lat="46.7315616" lon="8.4268689">
<ele>1874.159</ele>
<time>2023-04-06T06:14:49Z</time>
<hdop>3.79</hdop>
</trkpt>
<trkpt lat="46.7315966" lon="8.4267822">
<ele>1877.16</ele>
<time>2023-04-06T06:14:58Z</time>
<hdop>3.79</hdop>
</trkpt>
<trkpt lat="46.7316473" lon="8.4267225">
<ele>1876.879</ele>
<time>2023-04-06T06:15:08Z</time>
<hdop>3.99</hdop>
</trkpt>
<trkpt lat="46.7317132" lon="8.4267309">
<ele>1877.6</ele>
<time>2023-04-06T06:15:20Z</time>
<hdop>3.79</hdop>
</trkpt>
<trkpt lat="46.7317228" lon="8.4268285">
<ele>1878.838</ele>
<time>2023-04-06T06:15:54Z</time>
<hdop>3.79</hdop>
</trkpt>
<trkpt lat="46.73178" lon="8.4268771">
<ele>1882.624</ele>
<time>2023-04-06T06:16:05Z</time>
<hdop>3.79</hdop>
</trkpt>
<trkpt lat="46.731832" lon="8.4268193">
<ele>1884.309</ele>
<time>2023-04-06T06:16:11Z</time>
<hdop>3.79</hdop>
</trkpt>
<trkpt lat="46.7318901" lon="8.4267618">
<ele>1888.237</ele>
<time>2023-04-06T06:16:25Z</time>
<hdop>4.48</hdop>
</trkpt>
<trkpt lat="46.731917" lon="8.4268588">
<ele>1890.445</ele>
<time>2023-04-06T06:16:36Z</time>
<hdop>3.79</hdop>
</trkpt>
<trkpt lat="46.7319405" lon="8.4269548">
<ele>1890.816</ele>
<time>2023-04-06T06:16:46Z</time>
<hdop>4.12</hdop>
</trkpt>
<trkpt lat="46.7319775" lon="8.4270362">
<ele>1894.458</ele>
<time>2023-04-06T06:16:56Z</time>
<hdop>3.79</hdop>
</trkpt>
<trkpt lat="46.7319636" lon="8.4271323">
<ele>1895.206</ele>
<time>2023-04-06T06:17:09Z</time>
<hdop>3.79</hdop>
</trkpt>
<trkpt lat="46.7319729" lon="8.4272349">
<ele>1895.905</ele>
<time>2023-04-06T06:17:21Z</time>
<hdop>3.79</hdop>
</trkpt>
<trkpt lat="46.7319667" lon="8.4273352">
<ele>1899.165</ele>
<time>2023-04-06T06:17:35Z</time>
<hdop>3.79</hdop>
</trkpt>
<trkpt lat="46.7319661" lon="8.4274372">
<ele>1900.368</ele>
<time>2023-04-06T06:17:45Z</time>
<hdop>3.79</hdop>
</trkpt>
<trkpt lat="46.7320231" lon="8.4273864">
<ele>1902.673</ele>
<time>2023-04-06T06:17:56Z</time>
<hdop>3.79</hdop>
</trkpt>
<trkpt lat="46.7320714" lon="8.4273199">
<ele>1905.225</ele>
<time>2023-04-06T06:18:04Z</time>
<hdop>3.79</hdop>
</trkpt>
<trkpt lat="46.7321129" lon="8.4274046">
<ele>1905.356</ele>
<time>2023-04-06T06:18:20Z</time>
<hdop>3.79</hdop>
</trkpt>
<trkpt lat="46.7321147" lon="8.4275099">
<ele>1906.382</ele>
<time>2023-04-06T06:18:30Z</time>
<hdop>3.79</hdop>
</trkpt>
<trkpt lat="46.7320963" lon="8.4276032">
<ele>1907.024</ele>
<time>2023-04-06T06:18:38Z</time>
<hdop>3.79</hdop>
</trkpt>
<trkpt lat="46.7321616" lon="8.4275484">
<ele>1915.633</ele>
<time>2023-04-06T06:18:57Z</time>
<hdop>3.79</hdop>
</trkpt>
<trkpt lat="46.7321637" lon="8.4276463">
<ele>1914.964</ele>
<time>2023-04-06T06:19:07Z</time>
<hdop>4.64</hdop>
</trkpt>
<trkpt lat="46.7321444" lon="8.4277386">
<ele>1916.654</ele>
<time>2023-04-06T06:19:17Z</time>
<hdop>6.27</hdop>
</trkpt>
<trkpt lat="46.7321161" lon="8.4278313">
<ele>1917.116</ele>
<time>2023-04-06T06:19:27Z</time>
<hdop>3.79</hdop>
</trkpt>
<trkpt lat="46.7321787" lon="8.4277981">
<ele>1922.187</ele>
<time>2023-04-06T06:19:38Z</time>
<hdop>3.79</hdop>
</trkpt>
<trkpt lat="46.7321859" lon="8.4278929">
<ele>1926.915</ele>
<time>2023-04-06T06:20:06Z</time>
<hdop>3.79</hdop>
</trkpt>
<trkpt lat="46.7321408" lon="8.4279743">
<ele>1930.276</ele>
<time>2023-04-06T06:20:18Z</time>
<hdop>3.79</hdop>
</trkpt>
<trkpt lat="46.7321194" lon="8.428074">
<ele>1936.135</ele>
<time>2023-04-06T06:20:49Z</time>
<hdop>3.79</hdop>
</trkpt>
<trkpt lat="46.7321384" lon="8.4281655">
<ele>1941.48</ele>
<time>2023-04-06T06:22:09Z</time>
<hdop>3.79</hdop>
</trkpt>
<trkpt lat="46.7321513" lon="8.42826">
<ele>1946.854</ele>
<time>2023-04-06T06:23:07Z</time>
<hdop>3.79</hdop>
</trkpt>
<trkpt lat="46.7322212" lon="8.4282628">
<ele>1948.581</ele>
<time>2023-04-06T06:23:21Z</time>
<hdop>3.79</hdop>
</trkpt>
<trkpt lat="46.7322879" lon="8.428244">
<ele>1950.252</ele>
<time>2023-04-06T06:23:36Z</time>
<hdop>3.79</hdop>
</trkpt>
<trkpt lat="46.7322704" lon="8.4283366">
<ele>1951.426</ele>
<time>2023-04-06T06:24:19Z</time>
<hdop>3.79</hdop>
</trkpt>
<trkpt lat="46.7322263" lon="8.4284099">
<ele>1951.049</ele>
<time>2023-04-06T06:27:16Z</time>
<hdop>3.79</hdop>
</trkpt>
<trkpt lat="46.7321699" lon="8.4284727">
<ele>1952.096</ele>
<time>2023-04-06T06:27:23Z</time>
<hdop>3.79</hdop>
</trkpt>
<trkpt lat="46.7321034" lon="8.4284981">
<ele>1953.54</ele>
<time>2023-04-06T06:27:31Z</time>
<hdop>3.79</hdop>
</trkpt>
<trkpt lat="46.7321671" lon="8.4285536">
<ele>1956.291</ele>
<time>2023-04-06T06:27:40Z</time>
<hdop>3.79</hdop>
</trkpt>
<trkpt lat="46.7322352" lon="8.4285569">
<ele>1958.747</ele>
<time>2023-04-06T06:27:47Z</time>
<hdop>3.79</hdop>
</trkpt>
<trkpt lat="46.7323035" lon="8.4285634">
<ele>1959.461</ele>
<time>2023-04-06T06:27:56Z</time>
<hdop>3.79</hdop>
</trkpt>
<trkpt lat="46.7323695" lon="8.4285607">
<ele>1960.905</ele>
<time>2023-04-06T06:28:04Z</time>
<hdop>3.79</hdop>
</trkpt>
<trkpt lat="46.7324388" lon="8.4285496">
<ele>1962.872</ele>
<time>2023-04-06T06:28:14Z</time>
<hdop>3.79</hdop>
</trkpt>
<trkpt lat="46.7324359" lon="8.4286493">
<ele>1966.42</ele>
<time>2023-04-06T06:28:37Z</time>
<hdop>3.79</hdop>
</trkpt>
<trkpt lat="46.7323881" lon="8.4287201">
<ele>1967.048</ele>
<time>2023-04-06T06:28:47Z</time>
<hdop>3.79</hdop>
</trkpt>
<trkpt lat="46.7323296" lon="8.4287769">
<ele>1968.921</ele>
<time>2023-04-06T06:28:57Z</time>
<hdop>3.79</hdop>
</trkpt>
<trkpt lat="46.732266" lon="8.4288246">
<ele>1971.373</ele>
<time>2023-04-06T06:29:07Z</time>
<hdop>3.79</hdop>
</trkpt>
<trkpt lat="46.7322468" lon="8.4289193">
<ele>1973.901</ele>
<time>2023-04-06T06:29:17Z</time>
<hdop>3.79</hdop>
</trkpt>
<trkpt lat="46.7323077" lon="8.428963">
<ele>1975.505</ele>
<time>2023-04-06T06:29:26Z</time>
<hdop>3.79</hdop>
</trkpt>
<trkpt lat="46.7323681" lon="8.4289979">
<ele>1978.268</ele>
<time>2023-04-06T06:29:35Z</time>
<hdop>3.79</hdop>
</trkpt>
<trkpt lat="46.7324392" lon="8.4290072">
<ele>1981.001</ele>
<time>2023-04-06T06:29:45Z</time>
<hdop>3.79</hdop>
</trkpt>
<trkpt lat="46.7324269" lon="8.4291106">
<ele>1983.714</ele>
<time>2023-04-06T06:30:00Z</time>
<hdop>3.79</hdop>
</trkpt>
<trkpt lat="46.7323958" lon="8.4292011">
<ele>1985.576</ele>
<time>2023-04-06T06:30:10Z</time>
<hdop>3.79</hdop>
</trkpt>
<trkpt lat="46.7323586" lon="8.4292815">
<ele>1987.125</ele>
<time>2023-04-06T06:30:19Z</time>
<hdop>3.79</hdop>
</trkpt>
<trkpt lat="46.7324246" lon="8.429315">
<ele>1988.7</ele>
<time>2023-04-06T06:30:34Z</time>
<hdop>3.79</hdop>
</trkpt>
<trkpt lat="46.7324933" lon="8.4292974">
<ele>1990.263</ele>
<time>2023-04-06T06:30:43Z</time>
<hdop>3.79</hdop>
</trkpt>
<trkpt lat="46.7324758" lon="8.4293954">
<ele>1993.416</ele>
<time>2023-04-06T06:30:59Z</time>
<hdop>3.79</hdop>
</trkpt>
<trkpt lat="46.7324401" lon="8.4294787">
<ele>1994.344</ele>
<time>2023-04-06T06:31:09Z</time>
<hdop>3.79</hdop>
</trkpt>
<trkpt lat="46.7324402" lon="8.4295766">
<ele>1998.336</ele>
<time>2023-04-06T06:31:22Z</time>
<hdop>3.79</hdop>
</trkpt>
<trkpt lat="46.7325044" lon="8.4295622">
<ele>2000.139</ele>
<time>2023-04-06T06:31:32Z</time>
<hdop>3.79</hdop>
</trkpt>
<trkpt lat="46.7324924" lon="8.4296613">
<ele>2005.523</ele>
<time>2023-04-06T06:31:49Z</time>
<hdop>3.79</hdop>
</trkpt>
<trkpt lat="46.7325375" lon="8.4297339">
<ele>2006.696</ele>
<time>2023-04-06T06:32:07Z</time>
<hdop>3.79</hdop>
</trkpt>
<trkpt lat="46.7325293" lon="8.429833">
<ele>2009.025</ele>
<time>2023-04-06T06:32:25Z</time>
<hdop>3.79</hdop>
</trkpt>
<trkpt lat="46.7324816" lon="8.4299038">
<ele>2010.611</ele>
<time>2023-04-06T06:33:04Z</time>
<hdop>3.79</hdop>
</trkpt>
<trkpt lat="46.7325174" lon="8.429991">
<ele>2009.2</ele>
<time>2023-04-06T06:34:21Z</time>
<hdop>3.79</hdop>
</trkpt>
<trkpt lat="46.7324703" lon="8.430058">
<ele>2011.666</ele>
<time>2023-04-06T06:34:33Z</time>
<hdop>3.79</hdop>
</trkpt>
<trkpt lat="46.7324819" lon="8.4301548">
<ele>2015.869</ele>
<time>2023-04-06T06:40:40Z</time>
<hdop>3.79</hdop>
</trkpt>
<trkpt lat="46.7324949" lon="8.4302496">
<ele>2019.181</ele>
<time>2023-04-06T06:40:56Z</time>
<hdop>3.79</hdop>
</trkpt>
<trkpt lat="46.7325161" lon="8.4303447">
<ele>2020.647</ele>
<time>2023-04-06T06:41:13Z</time>
<hdop>3.79</hdop>
</trkpt>
<trkpt lat="46.7325271" lon="8.4304434">
<ele>2022.852</ele>
<time>2023-04-06T06:41:27Z</time>
<hdop>3.79</hdop>
</trkpt>
<trkpt lat="46.7325341" lon="8.4305408">
<ele>2024.504</ele>
<time>2023-04-06T06:41:41Z</time>
<hdop>3.79</hdop>
</trkpt>
<trkpt lat="46.7325309" lon="8.4306373">
<ele>2026.281</ele>
<time>2023-04-06T06:41:55Z</time>
<hdop>3.79</hdop>
</trkpt>
<trkpt lat="46.7325092" lon="8.4307346">
<ele>2027.594</ele>
<time>2023-04-06T06:42:21Z</time>
<hdop>3.79</hdop>
</trkpt>
<trkpt lat="46.7325312" lon="8.4308244">
<ele>2028.116</ele>
<time>2023-04-06T06:42:35Z</time>
<hdop>3.79</hdop>
</trkpt>
<trkpt lat="46.7325162" lon="8.4309175">
<ele>2030.244</ele>
<time>2023-04-06T06:42:51Z</time>
<hdop>3.79</hdop>
</trkpt>
<trkpt lat="46.7325321" lon="8.4310131">
<ele>2032.262</ele>
<time>2023-04-06T06:42:59Z</time>
<hdop>3.79</hdop>
</trkpt>
<trkpt lat="46.7325801" lon="8.4310914">
<ele>2034.111</ele>
<time>2023-04-06T06:43:06Z</time>
<hdop>3.79</hdop>
</trkpt>
<trkpt lat="46.7325998" lon="8.4311851">
<ele>2037.435</ele>
<time>2023-04-06T06:43:16Z</time>
<hdop>3.79</hdop>
</trkpt>
<trkpt lat="46.7326008" lon="8.4312798">
<ele>2038.889</ele>
<time>2023-04-06T06:43:27Z</time>
<hdop>3.79</hdop>
</trkpt>
<trkpt lat="46.7326219" lon="8.4313724">
<ele>2041.435</ele>
<time>2023-04-06T06:43:43Z</time>
<hdop>3.79</hdop>
</trkpt>
<trkpt lat="46.7326338" lon="8.4314653">
<ele>2044.373</ele>
<time>2023-04-06T06:43:53Z</time>
<hdop>3.79</hdop>
</trkpt>
<trkpt lat="46.7326684" lon="8.4315475">
<ele>2047.425</ele>
<time>2023-04-06T06:46:18Z</time>
<hdop>3.79</hdop>
</trkpt>
<trkpt lat="46.7326923" lon="8.4316391">
<ele>2048.769</ele>
<time>2023-04-06T06:46:27Z</time>
<hdop>3.79</hdop>
</trkpt>
<trkpt lat="46.732715" lon="8.4317287">
<ele>2049.823</ele>
<time>2023-04-06T06:46:35Z</time>
<hdop>3.79</hdop>
</trkpt>
<trkpt lat="46.7327386" lon="8.431831">
<ele>2049.544</ele>
<time>2023-04-06T06:46:43Z</time>
<hdop>3.79</hdop>
</trkpt>
<trkpt lat="46.7327318" lon="8.4319305">
<ele>2053.137</ele>
<time>2023-04-06T06:46:52Z</time>
<hdop>3.79</hdop>
</trkpt>
<trkpt lat="46.7327588" lon="8.4320197">
<ele>2055.081</ele>
<time>2023-04-06T06:46:59Z</time>
<hdop>3.79</hdop>
</trkpt>
<trkpt lat="46.7327842" lon="8.4321161">
<ele>2057.758</ele>
<time>2023-04-06T06:47:09Z</time>
<hdop>3.79</hdop>
</trkpt>
<trkpt lat="46.7328277" lon="8.4321883">
<ele>2060.213</ele>
<time>2023-04-06T06:47:19Z</time>
<hdop>3.79</hdop>
</trkpt>
<trkpt lat="46.7328909" lon="8.432235">
<ele>2061.325</ele>
<time>2023-04-06T06:47:54Z</time>
<hdop>3.79</hdop>
</trkpt>
<trkpt lat="46.7329386" lon="8.4322995">
<ele>2062.119</ele>
<time>2023-04-06T06:48:00Z</time>
<hdop>3.79</hdop>
</trkpt>
<trkpt lat="46.7329895" lon="8.4323791">
<ele>2062.689</ele>
<time>2023-04-06T06:48:07Z</time>
<hdop>3.79</hdop>
</trkpt>
<trkpt lat="46.7330423" lon="8.432453">
<ele>2064.288</ele>
<time>2023-04-06T06:48:13Z</time>
<hdop>3.79</hdop>
</trkpt>
<trkpt lat="46.7330982" lon="8.4325189">
<ele>2066.015</ele>
<time>2023-04-06T06:48:20Z</time>
<hdop>3.79</hdop>
</trkpt>
<trkpt lat="46.7331554" lon="8.432575">
<ele>2068.089</ele>
<time>2023-04-06T06:48:30Z</time>
<hdop>3.79</hdop>
</trkpt>
<trkpt lat="46.73321" lon="8.4326412">
<ele>2069.295</ele>
<time>2023-04-06T06:48:41Z</time>
<hdop>3.79</hdop>
</trkpt>
<trkpt lat="46.7332622" lon="8.4327022">
<ele>2070.695</ele>
<time>2023-04-06T06:48:49Z</time>
<hdop>3.79</hdop>
</trkpt>
<trkpt lat="46.7333192" lon="8.432749">
<ele>2072.555</ele>
<time>2023-04-06T06:48:59Z</time>
<hdop>3.79</hdop>
</trkpt>
<trkpt lat="46.7333727" lon="8.4328031">
<ele>2075.578</ele>
<time>2023-04-06T06:49:11Z</time>
<hdop>3.79</hdop>
</trkpt>
<trkpt lat="46.7334273" lon="8.4328544">
<ele>2077.247</ele>
<time>2023-04-06T06:49:23Z</time>
<hdop>3.88</hdop>
</trkpt>
<trkpt lat="46.7334842" lon="8.4329021">
<ele>2081.067</ele>
<time>2023-04-06T06:49:37Z</time>
<hdop>3.79</hdop>
</trkpt>
<trkpt lat="46.7335395" lon="8.4329539">
<ele>2082.601</ele>
<time>2023-04-06T06:49:49Z</time>
<hdop>3.79</hdop>
</trkpt>
<trkpt lat="46.7335988" lon="8.433">
<ele>2084.373</ele>
<time>2023-04-06T06:50:02Z</time>
<hdop>9.94</hdop>
</trkpt>
<trkpt lat="46.73366" lon="8.4330422">
<ele>2085.381</ele>
<time>2023-04-06T06:50:13Z</time>
<hdop>10.03</hdop>
</trkpt>
<trkpt lat="46.7337215" lon="8.4330883">
<ele>2086.884</ele>
<time>2023-04-06T06:50:25Z</time>
<hdop>9.94</hdop>
</trkpt>
<trkpt lat="46.7337815" lon="8.4331343">
<ele>2087.794</ele>
<time>2023-04-06T06:50:37Z</time>
<hdop>9.94</hdop>
</trkpt>
<trkpt lat="46.7338345" lon="8.4331899">
<ele>2089.622</ele>
<time>2023-04-06T06:50:49Z</time>
<hdop>3.79</hdop>
</trkpt>
<trkpt lat="46.7338913" lon="8.4332433">
<ele>2092.563</ele>
<time>2023-04-06T06:51:01Z</time>
<hdop>3.92</hdop>
</trkpt>
<trkpt lat="46.7339441" lon="8.4331812">
<ele>2095.605</ele>
<time>2023-04-06T06:51:12Z</time>
<hdop>3.79</hdop>
</trkpt>
<trkpt lat="46.7339849" lon="8.4331072">
<ele>2098.197</ele>
<time>2023-04-06T06:51:23Z</time>
<hdop>3.79</hdop>
</trkpt>
<trkpt lat="46.7340114" lon="8.4330171">
<ele>2101.306</ele>
<time>2023-04-06T06:51:34Z</time>
<hdop>3.79</hdop>
</trkpt>
<trkpt lat="46.7340811" lon="8.433011">
<ele>2102.249</ele>
<time>2023-04-06T06:51:48Z</time>
<hdop>3.79</hdop>
</trkpt>
<trkpt lat="46.7341405" lon="8.4330517">
<ele>2104.253</ele>
<time>2023-04-06T06:51:59Z</time>
<hdop>3.79</hdop>
</trkpt>
<trkpt lat="46.734201" lon="8.4330125">
<ele>2105.02</ele>
<time>2023-04-06T06:52:12Z</time>
<hdop>3.79</hdop>
</trkpt>
<trkpt lat="46.7341867" lon="8.4329164">
<ele>2108.045</ele>
<time>2023-04-06T06:52:21Z</time>
<hdop>3.79</hdop>
</trkpt>
<trkpt lat="46.7341692" lon="8.4328195">
<ele>2110.076</ele>
<time>2023-04-06T06:52:33Z</time>
<hdop>3.79</hdop>
</trkpt>
<trkpt lat="46.7342314" lon="8.4327765">
<ele>2111.737</ele>
<time>2023-04-06T06:52:45Z</time>
<hdop>3.79</hdop>
</trkpt>
<trkpt lat="46.7342958" lon="8.4328172">
<ele>2116.018</ele>
<time>2023-04-06T06:52:57Z</time>
<hdop>3.79</hdop>
</trkpt>
<trkpt lat="46.7343567" lon="8.4328636">
<ele>2117.055</ele>
<time>2023-04-06T06:53:08Z</time>
<hdop>3.79</hdop>
</trkpt>
<trkpt lat="46.7344089" lon="8.432921">
<ele>2117.554</ele>
<time>2023-04-06T06:53:20Z</time>
<hdop>3.79</hdop>
</trkpt>
<trkpt lat="46.7344633" lon="8.4329768">
<ele>2119.034</ele>
<time>2023-04-06T06:53:32Z</time>
<hdop>3.79</hdop>
</trkpt>
<trkpt lat="46.7345266" lon="8.4330003">
<ele>2119.837</ele>
<time>2023-04-06T06:53:42Z</time>
<hdop>3.79</hdop>
</trkpt>
<trkpt lat="46.7345749" lon="8.4330645">
<ele>2122.388</ele>
<time>2023-04-06T06:53:54Z</time>
<hdop>3.79</hdop>
</trkpt>
<trkpt lat="46.7346356" lon="8.433115">
<ele>2124.431</ele>
<time>2023-04-06T06:54:06Z</time>
<hdop>3.79</hdop>
</trkpt>
<trkpt lat="46.7347036" lon="8.4331317">
<ele>2126.613</ele>
<time>2023-04-06T06:54:21Z</time>
<hdop>3.79</hdop>
</trkpt>
<trkpt lat="46.734772" lon="8.4331568">
<ele>2127.182</ele>
<time>2023-04-06T06:54:31Z</time>
<hdop>3.79</hdop>
</trkpt>
<trkpt lat="46.7348403" lon="8.4331834">
<ele>2128.284</ele>
<time>2023-04-06T06:54:43Z</time>
<hdop>3.89</hdop>
</trkpt>
<trkpt lat="46.7349072" lon="8.4332156">
<ele>2129.617</ele>
<time>2023-04-06T06:54:55Z</time>
<hdop>3.79</hdop>
</trkpt>
<trkpt lat="46.7349557" lon="8.433287">
<ele>2130.753</ele>
<time>2023-04-06T06:55:15Z</time>
<hdop>3.79</hdop>
</trkpt>
<trkpt lat="46.7350016" lon="8.4333553">
<ele>2132.828</ele>
<time>2023-04-06T06:55:26Z</time>
<hdop>9.94</hdop>
</trkpt>
<trkpt lat="46.7350656" lon="8.4333395">
<ele>2134.771</ele>
<time>2023-04-06T06:55:37Z</time>
<hdop>9.94</hdop>
</trkpt>
<trkpt lat="46.7351064" lon="8.433259">
<ele>2136.54</ele>
<time>2023-04-06T06:55:46Z</time>
<hdop>9.94</hdop>
</trkpt>
<trkpt lat="46.7351454" lon="8.4331764">
<ele>2137.527</ele>
<time>2023-04-06T06:55:56Z</time>
<hdop>9.94</hdop>
</trkpt>
<trkpt lat="46.7352098" lon="8.4331891">
<ele>2140.105</ele>
<time>2023-04-06T06:56:14Z</time>
<hdop>10.15</hdop>
</trkpt>
<trkpt lat="46.735243" lon="8.433279">
<ele>2141.834</ele>
<time>2023-04-06T06:56:25Z</time>
<hdop>9.94</hdop>
</trkpt>
<trkpt lat="46.7352348" lon="8.4333793">
<ele>2144.375</ele>
<time>2023-04-06T06:56:37Z</time>
<hdop>9.94</hdop>
</trkpt>
<trkpt lat="46.7352743" lon="8.4334654">
<ele>2147.732</ele>
<time>2023-04-06T06:56:51Z</time>
<hdop>9.94</hdop>
</trkpt>
<trkpt lat="46.7353163" lon="8.4335394">
<ele>2149.264</ele>
<time>2023-04-06T06:57:02Z</time>
<hdop>9.94</hdop>
</trkpt>
<trkpt lat="46.7353685" lon="8.4336039">
<ele>2151.846</ele>
<time>2023-04-06T06:57:15Z</time>
<hdop>10.03</hdop>
</trkpt>
<trkpt lat="46.7354222" lon="8.4335472">
<ele>2153.323</ele>
<time>2023-04-06T06:57:25Z</time>
<hdop>10.24</hdop>
</trkpt>
<trkpt lat="46.7354884" lon="8.4335079">
<ele>2155.274</ele>
<time>2023-04-06T06:57:35Z</time>
<hdop>10.29</hdop>
</trkpt>
<trkpt lat="46.735541" lon="8.4335681">
<ele>2156.19</ele>
<time>2023-04-06T06:57:46Z</time>
<hdop>10.29</hdop>
</trkpt>
<trkpt lat="46.7355848" lon="8.4336487">
<ele>2159.167</ele>
<time>2023-04-06T06:57:57Z</time>
<hdop>9.94</hdop>
</trkpt>
<trkpt lat="46.7356333" lon="8.4337258">
<ele>2159.81</ele>
<time>2023-04-06T06:58:09Z</time>
<hdop>9.94</hdop>
</trkpt>
<trkpt lat="46.7356729" lon="8.4338062">
<ele>2160.116</ele>
<time>2023-04-06T06:58:20Z</time>
<hdop>9.94</hdop>
</trkpt>
<trkpt lat="46.7357345" lon="8.4338452">
<ele>2163.924</ele>
<time>2023-04-06T06:58:32Z</time>
<hdop>9.94</hdop>
</trkpt>
<trkpt lat="46.7357961" lon="8.4338827">
<ele>2166.651</ele>
<time>2023-04-06T06:58:43Z</time>
<hdop>9.94</hdop>
</trkpt>
<trkpt lat="46.7358607" lon="8.4339144">
<ele>2167.691</ele>
<time>2023-04-06T06:58:56Z</time>
<hdop>9.94</hdop>
</trkpt>
<trkpt lat="46.7359097" lon="8.4338428">
<ele>2168.245</ele>
<time>2023-04-06T06:59:06Z</time>
<hdop>10.07</hdop>
</trkpt>
<trkpt lat="46.7359467" lon="8.433765">
<ele>2169.363</ele>
<time>2023-04-06T06:59:16Z</time>
<hdop>9.94</hdop>
</trkpt>
<trkpt lat="46.7359965" lon="8.433699">
<ele>2170.3</ele>
<time>2023-04-06T06:59:27Z</time>
<hdop>9.94</hdop>
</trkpt>
<trkpt lat="46.7360359" lon="8.4336177">
<ele>2171.786</ele>
<time>2023-04-06T06:59:37Z</time>
<hdop>9.94</hdop>
</trkpt>
<trkpt lat="46.7360719" lon="8.4335283">
<ele>2174.036</ele>
<time>2023-04-06T06:59:46Z</time>
<hdop>9.94</hdop>
</trkpt>
<trkpt lat="46.7361213" lon="8.4335981">
<ele>2176.77</ele>
<time>2023-04-06T07:00:04Z</time>
<hdop>9.94</hdop>
</trkpt>
<trkpt lat="46.7361475" lon="8.4336888">
<ele>2178.796</ele>
<time>2023-04-06T07:00:15Z</time>
<hdop>9.94</hdop>
</trkpt>
<trkpt lat="46.7361538" lon="8.4337912">
<ele>2180.908</ele>
<time>2023-04-06T07:00:26Z</time>
<hdop>9.94</hdop>
</trkpt>
<trkpt lat="46.7361666" lon="8.4338851">
<ele>2183.146</ele>
<time>2023-04-06T07:00:37Z</time>
<hdop>9.94</hdop>
</trkpt>
<trkpt lat="46.7361805" lon="8.4339816">
<ele>2184.719</ele>
<time>2023-04-06T07:00:49Z</time>
<hdop>10.12</hdop>
</trkpt>
<trkpt lat="46.7361944" lon="8.4340824">
<ele>2188.116</ele>
<time>2023-04-06T07:01:24Z</time>
<hdop>10.3</hdop>
</trkpt>
<trkpt lat="46.7362549" lon="8.4340419">
<ele>2189.104</ele>
<time>2023-04-06T07:01:39Z</time>
<hdop>3.79</hdop>
</trkpt>
<trkpt lat="46.7363129" lon="8.4339978">
<ele>2190.424</ele>
<time>2023-04-06T07:01:48Z</time>
<hdop>4.91</hdop>
</trkpt>
<trkpt lat="46.7363807" lon="8.4339654">
<ele>2191.955</ele>
<time>2023-04-06T07:01:58Z</time>
<hdop>4.15</hdop>
</trkpt>
<trkpt lat="46.7364121" lon="8.4340572">
<ele>2194.585</ele>
<time>2023-04-06T07:02:15Z</time>
<hdop>4.15</hdop>
</trkpt>
<trkpt lat="46.7364149" lon="8.4341552">
<ele>2197.361</ele>
<time>2023-04-06T07:02:25Z</time>
<hdop>3.79</hdop>
</trkpt>
<trkpt lat="46.7364185" lon="8.4342566">
<ele>2200.016</ele>
<time>2023-04-06T07:02:41Z</time>
<hdop>9.94</hdop>
</trkpt>
<trkpt lat="46.7364533" lon="8.4343378">
<ele>2202.327</ele>
<time>2023-04-06T07:02:53Z</time>
<hdop>9.94</hdop>
</trkpt>
<trkpt lat="46.7365221" lon="8.4343013">
<ele>2202.68</ele>
<time>2023-04-06T07:03:05Z</time>
<hdop>9.94</hdop>
</trkpt>
<trkpt lat="46.7365886" lon="8.4342748">
<ele>2203.656</ele>
<time>2023-04-06T07:03:15Z</time>
<hdop>3.82</hdop>
</trkpt>
<trkpt lat="46.7366544" lon="8.4342647">
<ele>2203.773</ele>
<time>2023-04-06T07:03:25Z</time>
<hdop>4.12</hdop>
</trkpt>
<trkpt lat="46.7366985" lon="8.4343341">
<ele>2204.764</ele>
<time>2023-04-06T07:03:40Z</time>
<hdop>3.79</hdop>
</trkpt>
<trkpt lat="46.7366855" lon="8.4344359">
<ele>2209.227</ele>
<time>2023-04-06T07:03:51Z</time>
<hdop>3.88</hdop>
</trkpt>
<trkpt lat="46.736724" lon="8.4345193">
<ele>2212.027</ele>
<time>2023-04-06T07:04:02Z</time>
<hdop>3.79</hdop>
</trkpt>
<trkpt lat="46.7367569" lon="8.4346025">
<ele>2213.228</ele>
<time>2023-04-06T07:04:13Z</time>
<hdop>4.06</hdop>
</trkpt>
<trkpt lat="46.7367805" lon="8.4347011">
<ele>2215.436</ele>
<time>2023-04-06T07:04:24Z</time>
<hdop>10.02</hdop>
</trkpt>
<trkpt lat="46.736801" lon="8.4348007">
<ele>2216.736</ele>
<time>2023-04-06T07:04:35Z</time>
<hdop>10.0</hdop>
</trkpt>
<trkpt lat="46.7368118" lon="8.4348961">
<ele>2219.344</ele>
<time>2023-04-06T07:04:46Z</time>
<hdop>10.41</hdop>
</trkpt>
<trkpt lat="46.736803" lon="8.4349924">
<ele>2221.313</ele>
<time>2023-04-06T07:04:57Z</time>
<hdop>10.1</hdop>
</trkpt>
<trkpt lat="46.7368038" lon="8.4350938">
<ele>2223.847</ele>
<time>2023-04-06T07:05:09Z</time>
<hdop>10.05</hdop>
</trkpt>
<trkpt lat="46.7368167" lon="8.4351895">
<ele>2225.156</ele>
<time>2023-04-06T07:05:21Z</time>
<hdop>10.0</hdop>
</trkpt>
<trkpt lat="46.7368518" lon="8.4352723">
<ele>2226.908</ele>
<time>2023-04-06T07:05:32Z</time>
<hdop>9.94</hdop>
</trkpt>
<trkpt lat="46.7369191" lon="8.4352517">
<ele>2228.655</ele>
<time>2023-04-06T07:05:46Z</time>
<hdop>3.79</hdop>
</trkpt>
<trkpt lat="46.7369861" lon="8.4352512">
<ele>2231.623</ele>
<time>2023-04-06T07:06:04Z</time>
<hdop>3.83</hdop>
</trkpt>
<trkpt lat="46.7369924" lon="8.4353483">
<ele>2233.352</ele>
<time>2023-04-06T07:06:15Z</time>
<hdop>3.79</hdop>
</trkpt>
<trkpt lat="46.7370386" lon="8.4354391">
<ele>2235.765</ele>
<time>2023-04-06T07:06:31Z</time>
<hdop>3.79</hdop>
</trkpt>
<trkpt lat="46.737094" lon="8.4354963">
<ele>2235.565</ele>
<time>2023-04-06T07:06:41Z</time>
<hdop>3.79</hdop>
</trkpt>
<trkpt lat="46.7371443" lon="8.4355574">
<ele>2239.339</ele>
<time>2023-04-06T07:07:00Z</time>
<hdop>3.79</hdop>
</trkpt>
<trkpt lat="46.7371008" lon="8.435631">
<ele>2241.187</ele>
<time>2023-04-06T07:07:10Z</time>
<hdop>3.83</hdop>
</trkpt>
<trkpt lat="46.7371165" lon="8.4357251">
<ele>2243.829</ele>
<time>2023-04-06T07:07:24Z</time>
<hdop>4.08</hdop>
</trkpt>
<trkpt lat="46.7371767" lon="8.4357661">
<ele>2245.066</ele>
<time>2023-04-06T07:07:35Z</time>
<hdop>3.79</hdop>
</trkpt>
<trkpt lat="46.7372439" lon="8.4357902">
<ele>2245.973</ele>
<time>2023-04-06T07:07:46Z</time>
<hdop>9.94</hdop>
</trkpt>
<trkpt lat="46.7373096" lon="8.4357997">
<ele>2247.956</ele>
<time>2023-04-06T07:07:58Z</time>
<hdop>9.94</hdop>
</trkpt>
<trkpt lat="46.7373767" lon="8.4358079">
<ele>2250.047</ele>
<time>2023-04-06T07:08:10Z</time>
<hdop>9.94</hdop>
</trkpt>
<trkpt lat="46.7374429" lon="8.4358215">
<ele>2252.832</ele>
<time>2023-04-06T07:08:20Z</time>
<hdop>10.34</hdop>
</trkpt>
<trkpt lat="46.7375124" lon="8.4358325">
<ele>2254.898</ele>
<time>2023-04-06T07:08:31Z</time>
<hdop>10.26</hdop>
</trkpt>
<trkpt lat="46.7375809" lon="8.4358379">
<ele>2255.854</ele>
<time>2023-04-06T07:08:41Z</time>
<hdop>9.94</hdop>
</trkpt>
<trkpt lat="46.7376504" lon="8.4358335">
<ele>2256.693</ele>
<time>2023-04-06T07:08:58Z</time>
<hdop>9.94</hdop>
</trkpt>
<trkpt lat="46.737719" lon="8.4358378">
<ele>2257.823</ele>
<time>2023-04-06T07:09:08Z</time>
<hdop>9.94</hdop>
</trkpt>
<trkpt lat="46.7377852" lon="8.4358275">
<ele>2259.346</ele>
<time>2023-04-06T07:09:20Z</time>
<hdop>9.94</hdop>
</trkpt>
<trkpt lat="46.7378502" lon="8.435815">
<ele>2261.249</ele>
<time>2023-04-06T07:09:31Z</time>
<hdop>9.94</hdop>
</trkpt>
<trkpt lat="46.7379176" lon="8.4358298">
<ele>2262.853</ele>
<time>2023-04-06T07:09:44Z</time>
<hdop>9.94</hdop>
</trkpt>
<trkpt lat="46.7379844" lon="8.4358386">
<ele>2265.424</ele>
<time>2023-04-06T07:09:56Z</time>
<hdop>9.94</hdop>
</trkpt>
<trkpt lat="46.7380471" lon="8.4358716">
<ele>2267.156</ele>
<time>2023-04-06T07:10:08Z</time>
<hdop>9.94</hdop>
</trkpt>
<trkpt lat="46.7381083" lon="8.4359143">
<ele>2268.758</ele>
<time>2023-04-06T07:10:18Z</time>
<hdop>3.79</hdop>
</trkpt>
<trkpt lat="46.7381704" lon="8.4359493">
<ele>2269.667</ele>
<time>2023-04-06T07:10:27Z</time>
<hdop>3.79</hdop>
</trkpt>
<trkpt lat="46.7382065" lon="8.4360372">
<ele>2271.824</ele>
<time>2023-04-06T07:10:37Z</time>
<hdop>3.79</hdop>
</trkpt>
<trkpt lat="46.7382662" lon="8.4360886">
<ele>2275.333</ele>
<time>2023-04-06T07:10:50Z</time>
<hdop>3.79</hdop>
</trkpt>
<trkpt lat="46.7383288" lon="8.4361196">
<ele>2277.791</ele>
<time>2023-04-06T07:11:22Z</time>
<hdop>10.13</hdop>
</trkpt>
<trkpt lat="46.7383958" lon="8.4360992">
<ele>2280.871</ele>
<time>2023-04-06T07:15:11Z</time>
<hdop>9.94</hdop>
</trkpt>
<trkpt lat="46.7384623" lon="8.4360808">
<ele>2283.343</ele>
<time>2023-04-06T07:15:24Z</time>
<hdop>9.94</hdop>
</trkpt>
<trkpt lat="46.7385279" lon="8.4361078">
<ele>2285.476</ele>
<time>2023-04-06T07:15:39Z</time>
<hdop>9.94</hdop>
</trkpt>
<trkpt lat="46.7385824" lon="8.4361667">
<ele>2285.956</ele>
<time>2023-04-06T07:15:55Z</time>
<hdop>9.94</hdop>
</trkpt>
<trkpt lat="46.7386353" lon="8.436224">
<ele>2287.902</ele>
<time>2023-04-06T07:16:08Z</time>
<hdop>9.94</hdop>
</trkpt>
<trkpt lat="46.7386747" lon="8.4362998">
<ele>2289.472</ele>
<time>2023-04-06T07:16:22Z</time>
<hdop>9.94</hdop>
</trkpt>
<trkpt lat="46.7387205" lon="8.4363675">
<ele>2291.543</ele>
<time>2023-04-06T07:16:36Z</time>
<hdop>9.94</hdop>
</trkpt>
<trkpt lat="46.7387694" lon="8.4363019">
<ele>2295.124</ele>
<time>2023-04-06T07:16:53Z</time>
<hdop>9.94</hdop>
</trkpt>
<trkpt lat="46.7388025" lon="8.4362164">
<ele>2298.166</ele>
<time>2023-04-06T07:17:06Z</time>
<hdop>9.94</hdop>
</trkpt>
<trkpt lat="46.7388476" lon="8.4361464">
<ele>2298.875</ele>
<time>2023-04-06T07:17:18Z</time>
<hdop>9.94</hdop>
</trkpt>
<trkpt lat="46.7388966" lon="8.4360835">
<ele>2298.8</ele>
<time>2023-04-06T07:17:30Z</time>
<hdop>9.94</hdop>
</trkpt>
<trkpt lat="46.7389522" lon="8.4360264">
<ele>2299.663</ele>
<time>2023-04-06T07:17:43Z</time>
<hdop>9.94</hdop>
</trkpt>
<trkpt lat="46.7390093" lon="8.4359717">
<ele>2301.935</ele>
<time>2023-04-06T07:17:56Z</time>
<hdop>9.94</hdop>
</trkpt>
<trkpt lat="46.7390722" lon="8.4359277">
<ele>2303.485</ele>
<time>2023-04-06T07:18:09Z</time>
<hdop>10.11</hdop>
</trkpt>
<trkpt lat="46.7391318" lon="8.4359682">
<ele>2305.107</ele>
<time>2023-04-06T07:18:28Z</time>
<hdop>10.52</hdop>
</trkpt>
<trkpt lat="46.7391624" lon="8.4360588">
<ele>2307.926</ele>
<time>2023-04-06T07:18:41Z</time>
<hdop>10.33</hdop>
</trkpt>
<trkpt lat="46.7392058" lon="8.4361348">
<ele>2309.812</ele>
<time>2023-04-06T07:18:55Z</time>
<hdop>9.94</hdop>
</trkpt>
<trkpt lat="46.7392653" lon="8.4360975">
<ele>2312.096</ele>
<time>2023-04-06T07:19:15Z</time>
<hdop>9.94</hdop>
</trkpt>
<trkpt lat="46.7393057" lon="8.4360222">
<ele>2314.719</ele>
<time>2023-04-06T07:19:27Z</time>
<hdop>9.94</hdop>
</trkpt>
<trkpt lat="46.7393732" lon="8.4360064">
<ele>2317.278</ele>
<time>2023-04-06T07:19:41Z</time>
<hdop>9.94</hdop>
</trkpt>
<trkpt lat="46.7394375" lon="8.4359818">
<ele>2319.311</ele>
<time>2023-04-06T07:19:53Z</time>
<hdop>9.94</hdop>
</trkpt>
<trkpt lat="46.73946" lon="8.4360783">
<ele>2321.09</ele>
<time>2023-04-06T07:20:08Z</time>
<hdop>9.94</hdop>
</trkpt>
<trkpt lat="46.73949" lon="8.4361667">
<ele>2323.869</ele>
<time>2023-04-06T07:20:24Z</time>
<hdop>9.95</hdop>
</trkpt>
<trkpt lat="46.7395556" lon="8.4361583">
<ele>2325.301</ele>
<time>2023-04-06T07:20:38Z</time>
<hdop>9.94</hdop>
</trkpt>
<trkpt lat="46.7396117" lon="8.4361065">
<ele>2327.531</ele>
<time>2023-04-06T07:20:49Z</time>
<hdop>9.94</hdop>
</trkpt>
<trkpt lat="46.7396695" lon="8.4360572">
<ele>2329.037</ele>
<time>2023-04-06T07:21:03Z</time>
<hdop>9.94</hdop>
</trkpt>
<trkpt lat="46.7397371" lon="8.4360321">
<ele>2331.42</ele>
<time>2023-04-06T07:21:16Z</time>
<hdop>9.94</hdop>
</trkpt>
<trkpt lat="46.7398012" lon="8.4360174">
<ele>2331.747</ele>
<time>2023-04-06T07:21:27Z</time>
<hdop>9.97</hdop>
</trkpt>
<trkpt lat="46.7398624" lon="8.4359738">
<ele>2333.548</ele>
<time>2023-04-06T07:21:39Z</time>
<hdop>9.94</hdop>
</trkpt>
<trkpt lat="46.7399283" lon="8.4359393">
<ele>2334.215</ele>
<time>2023-04-06T07:21:51Z</time>
<hdop>9.94</hdop>
</trkpt>
<trkpt lat="46.739984" lon="8.4358811">
<ele>2334.802</ele>
<time>2023-04-06T07:22:02Z</time>
<hdop>9.94</hdop>
</trkpt>
<trkpt lat="46.7400261" lon="8.4358075">
<ele>2335.676</ele>
<time>2023-04-06T07:22:14Z</time>
<hdop>9.94</hdop>
</trkpt>
<trkpt lat="46.7400643" lon="8.4357292">
<ele>2337.597</ele>
<time>2023-04-06T07:22:24Z</time>
<hdop>9.94</hdop>
</trkpt>
<trkpt lat="46.7401077" lon="8.4356503">
<ele>2338.429</ele>
<time>2023-04-06T07:22:36Z</time>
<hdop>9.94</hdop>
</trkpt>
<trkpt lat="46.7401456" lon="8.4355663">
<ele>2340.962</ele>
<time>2023-04-06T07:22:48Z</time>
<hdop>9.94</hdop>
</trkpt>
<trkpt lat="46.7401929" lon="8.4356413">
<ele>2343.436</ele>
<time>2023-04-06T07:22:59Z</time>
<hdop>9.94</hdop>
</trkpt>
<trkpt lat="46.7402408" lon="8.4357069">
<ele>2345.333</ele>
<time>2023-04-06T07:23:12Z</time>
<hdop>9.94</hdop>
</trkpt>
<trkpt lat="46.7402929" lon="8.4357762">
<ele>2346.539</ele>
<time>2023-04-06T07:23:23Z</time>
<hdop>9.94</hdop>
</trkpt>
<trkpt lat="46.7403359" lon="8.4358498">
<ele>2347.873</ele>
<time>2023-04-06T07:23:33Z</time>
<hdop>9.94</hdop>
</trkpt>
<trkpt lat="46.7403812" lon="8.4359325">
<ele>2349.214</ele>
<time>2023-04-06T07:23:44Z</time>
<hdop>9.94</hdop>
</trkpt>
<trkpt lat="46.740418" lon="8.4360125">
<ele>2350.085</ele>
<time>2023-04-06T07:23:53Z</time>
<hdop>9.94</hdop>
</trkpt>
<trkpt lat="46.7404538" lon="8.436104">
<ele>2351.751</ele>
<time>2023-04-06T07:24:04Z</time>
<hdop>9.94</hdop>
</trkpt>
<trkpt lat="46.7404882" lon="8.4361923">
<ele>2353.326</ele>
<time>2023-04-06T07:24:13Z</time>
<hdop>10.0</hdop>
</trkpt>
<trkpt lat="46.7405396" lon="8.4361179">
<ele>2356.993</ele>
<time>2023-04-06T07:24:29Z</time>
<hdop>9.94</hdop>
</trkpt>
<trkpt lat="46.7405667" lon="8.4360299">
<ele>2360.267</ele>
<time>2023-04-06T07:24:38Z</time>
<hdop>9.94</hdop>
</trkpt>
<trkpt lat="46.7405977" lon="8.4359435">
<ele>2361.776</ele>
<time>2023-04-06T07:24:50Z</time>
<hdop>9.94</hdop>
</trkpt>
<trkpt lat="46.7406325" lon="8.4358612">
<ele>2363.371</ele>
<time>2023-04-06T07:25:01Z</time>
<hdop>9.94</hdop>
</trkpt>
<trkpt lat="46.7406601" lon="8.4357727">
<ele>2365.71</ele>
<time>2023-04-06T07:25:13Z</time>
<hdop>9.94</hdop>
</trkpt>
<trkpt lat="46.7406897" lon="8.4356823">
<ele>2368.449</ele>
<time>2023-04-06T07:25:26Z</time>
<hdop>9.94</hdop>
</trkpt>
<trkpt lat="46.7407236" lon="8.4356007">
<ele>2369.396</ele>
<time>2023-04-06T07:25:39Z</time>
<hdop>9.94</hdop>
</trkpt>
<trkpt lat="46.7407517" lon="8.435513">
<ele>2372.213</ele>
<time>2023-04-06T07:25:50Z</time>
<hdop>9.94</hdop>
</trkpt>
<trkpt lat="46.7407924" lon="8.4354352">
<ele>2373.419</ele>
<time>2023-04-06T07:26:03Z</time>
<hdop>9.94</hdop>
</trkpt>
<trkpt lat="46.7408284" lon="8.4353564">
<ele>2373.72</ele>
<time>2023-04-06T07:26:13Z</time>
<hdop>9.94</hdop>
</trkpt>
<trkpt lat="46.7408714" lon="8.4352854">
<ele>2374.074</ele>
<time>2023-04-06T07:26:22Z</time>
<hdop>9.94</hdop>
</trkpt>
<trkpt lat="46.7409145" lon="8.4352126">
<ele>2375.776</ele>
<time>2023-04-06T07:26:31Z</time>
<hdop>9.94</hdop>
</trkpt>
<trkpt lat="46.7409608" lon="8.435134">
<ele>2377.762</ele>
<time>2023-04-06T07:26:42Z</time>
<hdop>9.94</hdop>
</trkpt>
<trkpt lat="46.7410139" lon="8.4350694">
<ele>2378.763</ele>
<time>2023-04-06T07:26:53Z</time>
<hdop>9.94</hdop>
</trkpt>
<trkpt lat="46.7410683" lon="8.4350076">
<ele>2380.086</ele>
<time>2023-04-06T07:27:04Z</time>
<hdop>9.94</hdop>
</trkpt>
<trkpt lat="46.7411186" lon="8.4349457">
<ele>2381.978</ele>
<time>2023-04-06T07:27:13Z</time>
<hdop>9.94</hdop>
</trkpt>
<trkpt lat="46.741167" lon="8.4348821">
<ele>2383.396</ele>
<time>2023-04-06T07:27:22Z</time>
<hdop>9.94</hdop>
</trkpt>
<trkpt lat="46.7412201" lon="8.4348157">
<ele>2384.948</ele>
<time>2023-04-06T07:27:33Z</time>
<hdop>9.94</hdop>
</trkpt>
<trkpt lat="46.7412737" lon="8.4348708">
<ele>2386.655</ele>
<time>2023-04-06T07:27:43Z</time>
<hdop>9.94</hdop>
</trkpt>
<trkpt lat="46.7412946" lon="8.4349616">
<ele>2389.903</ele>
<time>2023-04-06T07:27:52Z</time>
<hdop>9.94</hdop>
</trkpt>
<trkpt lat="46.7413122" lon="8.4350593">
<ele>2391.179</ele>
<time>2023-04-06T07:28:02Z</time>
<hdop>9.94</hdop>
</trkpt>
<trkpt lat="46.7413309" lon="8.43515">
<ele>2392.949</ele>
<time>2023-04-06T07:28:12Z</time>
<hdop>9.94</hdop>
</trkpt>
<trkpt lat="46.7413484" lon="8.4352451">
<ele>2395.991</ele>
<time>2023-04-06T07:28:23Z</time>
<hdop>9.94</hdop>
</trkpt>
<trkpt lat="46.7413739" lon="8.435335">
<ele>2397.339</ele>
<time>2023-04-06T07:28:34Z</time>
<hdop>9.94</hdop>
</trkpt>
<trkpt lat="46.7414038" lon="8.4354294">
<ele>2397.963</ele>
<time>2023-04-06T07:28:45Z</time>
<hdop>9.94</hdop>
</trkpt>
<trkpt lat="46.7414332" lon="8.4355185">
<ele>2398.93</ele>
<time>2023-04-06T07:28:56Z</time>
<hdop>9.94</hdop>
</trkpt>
<trkpt lat="46.7414723" lon="8.4355982">
<ele>2400.73</ele>
<time>2023-04-06T07:29:06Z</time>
<hdop>9.94</hdop>
</trkpt>
<trkpt lat="46.7415216" lon="8.4356628">
<ele>2402.692</ele>
<time>2023-04-06T07:29:17Z</time>
<hdop>9.94</hdop>
</trkpt>
<trkpt lat="46.741586" lon="8.4356998">
<ele>2405.577</ele>
<time>2023-04-06T07:29:29Z</time>
<hdop>10.17</hdop>
</trkpt>
<trkpt lat="46.7416409" lon="8.435752">
<ele>2404.403</ele>
<time>2023-04-06T07:29:41Z</time>
<hdop>9.94</hdop>
</trkpt>
<trkpt lat="46.7417034" lon="8.4358024">
<ele>2405.477</ele>
<time>2023-04-06T07:29:53Z</time>
<hdop>9.94</hdop>
</trkpt>
<trkpt lat="46.7417516" lon="8.4358677">
<ele>2408.082</ele>
<time>2023-04-06T07:30:19Z</time>
<hdop>9.94</hdop>
</trkpt>
<trkpt lat="46.7418118" lon="8.4359136">
<ele>2410.648</ele>
<time>2023-04-06T07:30:36Z</time>
<hdop>9.94</hdop>
</trkpt>
<trkpt lat="46.7418751" lon="8.4358627">
<ele>2412.785</ele>
<time>2023-04-06T07:30:45Z</time>
<hdop>9.94</hdop>
</trkpt>
<trkpt lat="46.741939" lon="8.435819">
<ele>2415.55</ele>
<time>2023-04-06T07:30:56Z</time>
<hdop>9.94</hdop>
</trkpt>
<trkpt lat="46.7420004" lon="8.4357889">
<ele>2417.258</ele>
<time>2023-04-06T07:31:06Z</time>
<hdop>9.94</hdop>
</trkpt>
<trkpt lat="46.7420671" lon="8.4357512">
<ele>2418.079</ele>
<time>2023-04-06T07:31:17Z</time>
<hdop>9.94</hdop>
</trkpt>
<trkpt lat="46.7421372" lon="8.4357413">
<ele>2418.048</ele>
<time>2023-04-06T07:31:27Z</time>
<hdop>9.94</hdop>
</trkpt>
<trkpt lat="46.7422067" lon="8.4357246">
<ele>2418.229</ele>
<time>2023-04-06T07:31:37Z</time>
<hdop>9.94</hdop>
</trkpt>
<trkpt lat="46.7422709" lon="8.4356976">
<ele>2419.724</ele>
<time>2023-04-06T07:31:47Z</time>
<hdop>9.94</hdop>
</trkpt>
<trkpt lat="46.7423374" lon="8.435678">
<ele>2420.857</ele>
<time>2023-04-06T07:31:57Z</time>
<hdop>9.94</hdop>
</trkpt>
<trkpt lat="46.7424024" lon="8.4356466">
<ele>2422.358</ele>
<time>2023-04-06T07:32:07Z</time>
<hdop>9.94</hdop>
</trkpt>
<trkpt lat="46.742471" lon="8.435625">
<ele>2423.436</ele>
<time>2023-04-06T07:32:17Z</time>
<hdop>9.94</hdop>
</trkpt>
<trkpt lat="46.7425344" lon="8.4355969">
<ele>2425.549</ele>
<time>2023-04-06T07:32:27Z</time>
<hdop>9.94</hdop>
</trkpt>
<trkpt lat="46.7426012" lon="8.4355694">
<ele>2428.006</ele>
<time>2023-04-06T07:32:38Z</time>
<hdop>9.94</hdop>
</trkpt>
<trkpt lat="46.7426661" lon="8.4355461">
<ele>2429.533</ele>
<time>2023-04-06T07:32:49Z</time>
<hdop>3.79</hdop>
</trkpt>
<trkpt lat="46.7427233" lon="8.4354991">
<ele>2431.059</ele>
<time>2023-04-06T07:33:00Z</time>
<hdop>3.79</hdop>
</trkpt>
<trkpt lat="46.7427799" lon="8.4354457">
<ele>2433.067</ele>
<time>2023-04-06T07:33:11Z</time>
<hdop>3.79</hdop>
</trkpt>
<trkpt lat="46.7428413" lon="8.435403">
<ele>2434.016</ele>
<time>2023-04-06T07:33:22Z</time>
<hdop>3.79</hdop>
</trkpt>
<trkpt lat="46.7428917" lon="8.4353433">
<ele>2436.915</ele>
<time>2023-04-06T07:33:32Z</time>
<hdop>3.79</hdop>
</trkpt>
<trkpt lat="46.7429437" lon="8.4352766">
<ele>2439.338</ele>
<time>2023-04-06T07:33:43Z</time>
<hdop>3.79</hdop>
</trkpt>
<trkpt lat="46.7430089" lon="8.4352709">
<ele>2440.845</ele>
<time>2023-04-06T07:33:56Z</time>
<hdop>3.79</hdop>
</trkpt>
<trkpt lat="46.7430378" lon="8.4353582">
<ele>2442.925</ele>
<time>2023-04-06T07:34:05Z</time>
<hdop>3.79</hdop>
</trkpt>
<trkpt lat="46.7430754" lon="8.4354409">
<ele>2444.323</ele>
<time>2023-04-06T07:34:17Z</time>
<hdop>3.79</hdop>
</trkpt>
<trkpt lat="46.7431138" lon="8.4355199">
<ele>2445.576</ele>
<time>2023-04-06T07:34:29Z</time>
<hdop>3.79</hdop>
</trkpt>
<trkpt lat="46.7431804" lon="8.435514">
<ele>2448.151</ele>
<time>2023-04-06T07:34:43Z</time>
<hdop>3.79</hdop>
</trkpt>
<trkpt lat="46.7432187" lon="8.4354359">
<ele>2449.831</ele>
<time>2023-04-06T07:34:54Z</time>
<hdop>3.79</hdop>
</trkpt>
<trkpt lat="46.7432621" lon="8.4353547">
<ele>2451.972</ele>
<time>2023-04-06T07:35:06Z</time>
<hdop>3.79</hdop>
</trkpt>
<trkpt lat="46.7433143" lon="8.4352958">
<ele>2453.513</ele>
<time>2023-04-06T07:35:17Z</time>
<hdop>3.79</hdop>
</trkpt>
<trkpt lat="46.7433677" lon="8.4352348">
<ele>2454.902</ele>
<time>2023-04-06T07:35:28Z</time>
<hdop>3.79</hdop>
</trkpt>
<trkpt lat="46.7434246" lon="8.4351843">
<ele>2456.699</ele>
<time>2023-04-06T07:35:40Z</time>
<hdop>3.79</hdop>
</trkpt>
<trkpt lat="46.743488" lon="8.4352062">
<ele>2459.863</ele>
<time>2023-04-06T07:35:59Z</time>
<hdop>3.79</hdop>
</trkpt>
<trkpt lat="46.743522" lon="8.4352946">
<ele>2462.019</ele>
<time>2023-04-06T07:36:11Z</time>
<hdop>3.79</hdop>
</trkpt>
<trkpt lat="46.7435536" lon="8.4353843">
<ele>2464.437</ele>
<time>2023-04-06T07:36:24Z</time>
<hdop>3.79</hdop>
</trkpt>
<trkpt lat="46.7435919" lon="8.4354606">
<ele>2465.717</ele>
<time>2023-04-06T07:36:37Z</time>
<hdop>3.79</hdop>
</trkpt>
<trkpt lat="46.7436347" lon="8.4355375">
<ele>2467.626</ele>
<time>2023-04-06T07:36:50Z</time>
<hdop>3.83</hdop>
</trkpt>
<trkpt lat="46.743694" lon="8.4354903">
<ele>2470.018</ele>
<time>2023-04-06T07:37:03Z</time>
<hdop>3.79</hdop>
</trkpt>
<trkpt lat="46.7437568" lon="8.4354514">
<ele>2471.282</ele>
<time>2023-04-06T07:37:16Z</time>
<hdop>3.79</hdop>
</trkpt>
<trkpt lat="46.743815" lon="8.4354098">
<ele>2472.843</ele>
<time>2023-04-06T07:37:28Z</time>
<hdop>3.79</hdop>
</trkpt>
<trkpt lat="46.7438763" lon="8.4354511">
<ele>2476.596</ele>
<time>2023-04-06T07:37:45Z</time>
<hdop>3.79</hdop>
</trkpt>
<trkpt lat="46.7439064" lon="8.4355381">
<ele>2479.053</ele>
<time>2023-04-06T07:38:00Z</time>
<hdop>3.79</hdop>
</trkpt>
<trkpt lat="46.7439311" lon="8.4356271">
<ele>2480.928</ele>
<time>2023-04-06T07:38:12Z</time>
<hdop>4.31</hdop>
</trkpt>
<trkpt lat="46.7439462" lon="8.4357274">
<ele>2482.399</ele>
<time>2023-04-06T07:38:26Z</time>
<hdop>3.79</hdop>
</trkpt>
<trkpt lat="46.7439433" lon="8.4358252">
<ele>2482.965</ele>
<time>2023-04-06T07:38:39Z</time>
<hdop>3.79</hdop>
</trkpt>
<trkpt lat="46.7439311" lon="8.4359241">
<ele>2486.996</ele>
<time>2023-04-06T07:38:54Z</time>
<hdop>3.79</hdop>
</trkpt>
<trkpt lat="46.7439578" lon="8.4360148">
<ele>2488.508</ele>
<time>2023-04-06T07:39:07Z</time>
<hdop>3.79</hdop>
</trkpt>
<trkpt lat="46.7439856" lon="8.4361064">
<ele>2492.418</ele>
<time>2023-04-06T07:39:22Z</time>
<hdop>3.79</hdop>
</trkpt>
<trkpt lat="46.7440101" lon="8.4361996">
<ele>2495.232</ele>
<time>2023-04-06T07:39:38Z</time>
<hdop>3.79</hdop>
</trkpt>
<trkpt lat="46.7440416" lon="8.4362837">
<ele>2497.567</ele>
<time>2023-04-06T07:39:52Z</time>
<hdop>3.88</hdop>
</trkpt>
<trkpt lat="46.744067" lon="8.4363754">
<ele>2499.978</ele>
<time>2023-04-06T07:40:06Z</time>
<hdop>4.29</hdop>
</trkpt>
<trkpt lat="46.7440778" lon="8.436471">
<ele>2501.849</ele>
<time>2023-04-06T07:40:20Z</time>
<hdop>3.79</hdop>
</trkpt>
<trkpt lat="46.7440829" lon="8.4365709">
<ele>2503.308</ele>
<time>2023-04-06T07:40:33Z</time>
<hdop>3.79</hdop>
</trkpt>
<trkpt lat="46.7441103" lon="8.4366569">
<ele>2507.742</ele>
<time>2023-04-06T07:40:48Z</time>
<hdop>6.41</hdop>
</trkpt>
<trkpt lat="46.7441419" lon="8.4367487">
<ele>2510.285</ele>
<time>2023-04-06T07:41:03Z</time>
<hdop>3.79</hdop>
</trkpt>
<trkpt lat="46.7441595" lon="8.4368435">
<ele>2509.5</ele>
<time>2023-04-06T07:41:15Z</time>
<hdop>3.79</hdop>
</trkpt>
<trkpt lat="46.7441798" lon="8.436939">
<ele>2510.957</ele>
<time>2023-04-06T07:41:28Z</time>
<hdop>3.79</hdop>
</trkpt>
<trkpt lat="46.7441969" lon="8.4370326">
<ele>2512.812</ele>
<time>2023-04-06T07:41:40Z</time>
<hdop>3.79</hdop>
</trkpt>
<trkpt lat="46.7442243" lon="8.4371267">
<ele>2515.402</ele>
<time>2023-04-06T07:41:52Z</time>
<hdop>4.11</hdop>
</trkpt>
<trkpt lat="46.7442292" lon="8.4372252">
<ele>2516.348</ele>
<time>2023-04-06T07:42:04Z</time>
<hdop>3.79</hdop>
</trkpt>
<trkpt lat="46.7442637" lon="8.437311">
<ele>2519.298</ele>
<time>2023-04-06T07:42:19Z</time>
<hdop>3.79</hdop>
</trkpt>
<trkpt lat="46.7442821" lon="8.4374064">
<ele>2521.735</ele>
<time>2023-04-06T07:42:34Z</time>
<hdop>3.79</hdop>
</trkpt>
<trkpt lat="46.7443053" lon="8.4374968">
<ele>2524.508</ele>
<time>2023-04-06T07:42:47Z</time>
<hdop>3.79</hdop>
</trkpt>
<trkpt lat="46.7443448" lon="8.4375782">
<ele>2525.69</ele>
<time>2023-04-06T07:43:00Z</time>
<hdop>3.79</hdop>
</trkpt>
<trkpt lat="46.7443905" lon="8.437653">
<ele>2527.178</ele>
<time>2023-04-06T07:43:11Z</time>
<hdop>3.79</hdop>
</trkpt>
<trkpt lat="46.7444378" lon="8.4377295">
<ele>2528.403</ele>
<time>2023-04-06T07:43:24Z</time>
<hdop>3.79</hdop>
</trkpt>
<trkpt lat="46.74446" lon="8.4378238">
<ele>2530.671</ele>
<time>2023-04-06T07:43:36Z</time>
<hdop>3.79</hdop>
</trkpt>
<trkpt lat="46.7444632" lon="8.4379222">
<ele>2533.156</ele>
<time>2023-04-06T07:43:48Z</time>
<hdop>4.04</hdop>
</trkpt>
<trkpt lat="46.7444384" lon="8.4380168">
<ele>2534.31</ele>
<time>2023-04-06T07:44:06Z</time>
<hdop>3.79</hdop>
</trkpt>
<trkpt lat="46.7444175" lon="8.4381074">
<ele>2537.56</ele>
<time>2023-04-06T07:44:21Z</time>
<hdop>3.91</hdop>
</trkpt>
<trkpt lat="46.7443656" lon="8.4381666">
<ele>2537.022</ele>
<time>2023-04-06T07:44:32Z</time>
<hdop>4.24</hdop>
</trkpt>
<trkpt lat="46.7443319" lon="8.4382481">
<ele>2537.498</ele>
<time>2023-04-06T07:44:42Z</time>
<hdop>3.92</hdop>
</trkpt>
<trkpt lat="46.7442751" lon="8.4382968">
<ele>2540.554</ele>
<time>2023-04-06T07:44:57Z</time>
<hdop>3.79</hdop>
</trkpt>
<trkpt lat="46.7443321" lon="8.4383589">
<ele>2543.034</ele>
<time>2023-04-06T07:45:09Z</time>
<hdop>5.29</hdop>
</trkpt>
<trkpt lat="46.7443862" lon="8.4384151">
<ele>2545.929</ele>
<time>2023-04-06T07:45:20Z</time>
<hdop>4.42</hdop>
</trkpt>
<trkpt lat="46.744451" lon="8.4384341">
<ele>2548.824</ele>
<time>2023-04-06T07:45:33Z</time>
<hdop>3.85</hdop>
</trkpt>
<trkpt lat="46.7445161" lon="8.4384591">
<ele>2552.23</ele>
<time>2023-04-06T07:45:50Z</time>
<hdop>4.19</hdop>
</trkpt>
<trkpt lat="46.7445727" lon="8.4385131">
<ele>2555.886</ele>
<time>2023-04-06T07:46:04Z</time>
<hdop>4.06</hdop>
</trkpt>
<trkpt lat="46.7446163" lon="8.4385915">
<ele>2556.77</ele>
<time>2023-04-06T07:46:21Z</time>
<hdop>4.52</hdop>
</trkpt>
<trkpt lat="46.7446548" lon="8.4386739">
<ele>2556.963</ele>
<time>2023-04-06T07:46:33Z</time>
<hdop>4.67</hdop>
</trkpt>
<trkpt lat="46.7446663" lon="8.4387712">
<ele>2556.939</ele>
<time>2023-04-06T07:46:45Z</time>
<hdop>3.93</hdop>
</trkpt>
<trkpt lat="46.7446952" lon="8.4388627">
<ele>2559.259</ele>
<time>2023-04-06T07:46:57Z</time>
<hdop>4.28</hdop>
</trkpt>
<trkpt lat="46.7447265" lon="8.4389544">
<ele>2561.839</ele>
<time>2023-04-06T07:47:11Z</time>
<hdop>6.4</hdop>
</trkpt>
<trkpt lat="46.7447878" lon="8.439001">
<ele>2564.837</ele>
<time>2023-04-06T07:47:28Z</time>
<hdop>9.94</hdop>
</trkpt>
<trkpt lat="46.744847" lon="8.4390397">
<ele>2567.471</ele>
<time>2023-04-06T07:47:43Z</time>
<hdop>10.04</hdop>
</trkpt>
<trkpt lat="46.7449106" lon="8.4390625">
<ele>2568.532</ele>
<time>2023-04-06T07:47:55Z</time>
<hdop>9.94</hdop>
</trkpt>
<trkpt lat="46.7449707" lon="8.4390094">
<ele>2574.816</ele>
<time>2023-04-06T07:48:08Z</time>
<hdop>10.41</hdop>
</trkpt>
<trkpt lat="46.7450128" lon="8.4389338">
<ele>2579.357</ele>
<time>2023-04-06T07:48:21Z</time>
<hdop>3.95</hdop>
</trkpt>
<trkpt lat="46.7450825" lon="8.4389439">
<ele>2578.625</ele>
<time>2023-04-06T07:48:34Z</time>
<hdop>3.87</hdop>
</trkpt>
<trkpt lat="46.7451467" lon="8.4389803">
<ele>2577.734</ele>
<time>2023-04-06T07:48:44Z</time>
<hdop>4.13</hdop>
</trkpt>
<trkpt lat="46.745202" lon="8.4390306">
<ele>2581.394</ele>
<time>2023-04-06T07:48:59Z</time>
<hdop>3.79</hdop>
</trkpt>
<trkpt lat="46.7452479" lon="8.439106">
<ele>2581.316</ele>
<time>2023-04-06T07:49:11Z</time>
<hdop>3.91</hdop>
</trkpt>
<trkpt lat="46.7453007" lon="8.4391667">
<ele>2582.217</ele>
<time>2023-04-06T07:49:22Z</time>
<hdop>9.94</hdop>
</trkpt>
<trkpt lat="46.7453565" lon="8.4392155">
<ele>2583.801</ele>
<time>2023-04-06T07:49:34Z</time>
<hdop>9.94</hdop>
</trkpt>
<trkpt lat="46.7454093" lon="8.4392741">
<ele>2585.97</ele>
<time>2023-04-06T07:49:48Z</time>
<hdop>9.94</hdop>
</trkpt>
<trkpt lat="46.74543" lon="8.4393699">
<ele>2586.723</ele>
<time>2023-04-06T07:50:00Z</time>
<hdop>9.94</hdop>
</trkpt>
<trkpt lat="46.7454195" lon="8.4394679">
<ele>2589.298</ele>
<time>2023-04-06T07:50:14Z</time>
<hdop>10.19</hdop>
</trkpt>
<trkpt lat="46.7454484" lon="8.4395525">
<ele>2591.454</ele>
<time>2023-04-06T07:50:28Z</time>
<hdop>9.94</hdop>
</trkpt>
<trkpt lat="46.7455147" lon="8.4395421">
<ele>2594.479</ele>
<time>2023-04-06T07:50:40Z</time>
<hdop>9.94</hdop>
</trkpt>
<trkpt lat="46.7455832" lon="8.4395277">
<ele>2597.963</ele>
<time>2023-04-06T07:50:52Z</time>
<hdop>9.94</hdop>
</trkpt>
<trkpt lat="46.7456438" lon="8.439493">
<ele>2601.053</ele>
<time>2023-04-06T07:51:02Z</time>
<hdop>9.94</hdop>
</trkpt>
<trkpt lat="46.7457143" lon="8.4394777">
<ele>2603.835</ele>
<time>2023-04-06T07:51:14Z</time>
<hdop>9.94</hdop>
</trkpt>
<trkpt lat="46.7457817" lon="8.4394784">
<ele>2604.683</ele>
<time>2023-04-06T07:51:30Z</time>
<hdop>10.16</hdop>
</trkpt>
<trkpt lat="46.7458362" lon="8.4394248">
<ele>2609.166</ele>
<time>2023-04-06T07:51:42Z</time>
<hdop>9.94</hdop>
</trkpt>
<trkpt lat="46.7458737" lon="8.4393474">
<ele>2610.404</ele>
<time>2023-04-06T07:51:57Z</time>
<hdop>10.15</hdop>
</trkpt>
<trkpt lat="46.7459222" lon="8.4392832">
<ele>2613.725</ele>
<time>2023-04-06T07:52:08Z</time>
<hdop>9.94</hdop>
</trkpt>
<trkpt lat="46.7459884" lon="8.4393048">
<ele>2611.774</ele>
<time>2023-04-06T07:52:24Z</time>
<hdop>10.15</hdop>
</trkpt>
<trkpt lat="46.7460252" lon="8.4393842">
<ele>2611.801</ele>
<time>2023-04-06T07:52:35Z</time>
<hdop>9.94</hdop>
</trkpt>
<trkpt lat="46.7460822" lon="8.4394314">
<ele>2614.22</ele>
<time>2023-04-06T07:52:46Z</time>
<hdop>10.08</hdop>
</trkpt>
<trkpt lat="46.746144" lon="8.4394759">
<ele>2615.145</ele>
<time>2023-04-06T07:52:57Z</time>
<hdop>10.02</hdop>
</trkpt>
<trkpt lat="46.7462088" lon="8.4394545">
<ele>2616.555</ele>
<time>2023-04-06T07:53:08Z</time>
<hdop>9.94</hdop>
</trkpt>
<trkpt lat="46.7462342" lon="8.4393646">
<ele>2618.877</ele>
<time>2023-04-06T07:53:18Z</time>
<hdop>9.94</hdop>
</trkpt>
<trkpt lat="46.7462878" lon="8.4392996">
<ele>2623.748</ele>
<time>2023-04-06T07:53:31Z</time>
<hdop>9.94</hdop>
</trkpt>
<trkpt lat="46.7463524" lon="8.4392709">
<ele>2626.121</ele>
<time>2023-04-06T07:53:45Z</time>
<hdop>10.38</hdop>
</trkpt>
<trkpt lat="46.7464241" lon="8.4392705">
<ele>2627.601</ele>
<time>2023-04-06T07:53:57Z</time>
<hdop>10.44</hdop>
</trkpt>
<trkpt lat="46.7464928" lon="8.4393057">
<ele>2626.172</ele>
<time>2023-04-06T07:54:09Z</time>
<hdop>9.94</hdop>
</trkpt>
<trkpt lat="46.7465612" lon="8.4393097">
<ele>2627.712</ele>
<time>2023-04-06T07:54:21Z</time>
<hdop>9.94</hdop>
</trkpt>
<trkpt lat="46.7466295" lon="8.4393073">
<ele>2627.596</ele>
<time>2023-04-06T07:54:32Z</time>
<hdop>10.22</hdop>
</trkpt>
<trkpt lat="46.7467003" lon="8.439311">
<ele>2627.797</ele>
<time>2023-04-06T07:54:43Z</time>
<hdop>10.06</hdop>
</trkpt>
<trkpt lat="46.7467695" lon="8.4393164">
<ele>2631.979</ele>
<time>2023-04-06T07:54:58Z</time>
<hdop>9.94</hdop>
</trkpt>
<trkpt lat="46.7468358" lon="8.4392941">
<ele>2635.313</ele>
<time>2023-04-06T07:55:10Z</time>
<hdop>9.94</hdop>
</trkpt>
<trkpt lat="46.7469019" lon="8.4393146">
<ele>2637.582</ele>
<time>2023-04-06T07:55:23Z</time>
<hdop>9.94</hdop>
</trkpt>
<trkpt lat="46.7469693" lon="8.4392959">
<ele>2640.012</ele>
<time>2023-04-06T07:55:35Z</time>
<hdop>9.94</hdop>
</trkpt>
<trkpt lat="46.74702" lon="8.4392275">
<ele>2644.663</ele>
<time>2023-04-06T07:55:47Z</time>
<hdop>9.94</hdop>
</trkpt>
<trkpt lat="46.7470731" lon="8.4391695">
<ele>2645.861</ele>
<time>2023-04-06T07:56:00Z</time>
<hdop>9.94</hdop>
</trkpt>
<trkpt lat="46.747126" lon="8.4391123">
<ele>2648.804</ele>
<time>2023-04-06T07:56:15Z</time>
<hdop>3.79</hdop>
</trkpt>
<trkpt lat="46.7471727" lon="8.4390462">
<ele>2651.208</ele>
<time>2023-04-06T07:56:32Z</time>
<hdop>3.79</hdop>
</trkpt>
<trkpt lat="46.7472239" lon="8.4391182">
<ele>2651.655</ele>
<time>2023-04-06T07:56:45Z</time>
<hdop>4.48</hdop>
</trkpt>
<trkpt lat="46.7472703" lon="8.4391923">
<ele>2652.006</ele>
<time>2023-04-06T07:56:58Z</time>
<hdop>4.04</hdop>
</trkpt>
<trkpt lat="46.7473162" lon="8.4392621">
<ele>2653.225</ele>
<time>2023-04-06T07:57:11Z</time>
<hdop>3.91</hdop>
</trkpt>
<trkpt lat="46.7473729" lon="8.4393205">
<ele>2655.839</ele>
<time>2023-04-06T07:57:26Z</time>
<hdop>3.79</hdop>
</trkpt>
<trkpt lat="46.7474116" lon="8.4392376">
<ele>2659.179</ele>
<time>2023-04-06T07:57:40Z</time>
<hdop>3.79</hdop>
</trkpt>
<trkpt lat="46.7474545" lon="8.4391618">
<ele>2661.97</ele>
<time>2023-04-06T07:57:54Z</time>
<hdop>3.79</hdop>
</trkpt>
<trkpt lat="46.7475044" lon="8.4390933">
<ele>2666.416</ele>
<time>2023-04-06T07:58:09Z</time>
<hdop>3.79</hdop>
</trkpt>
<trkpt lat="46.7475587" lon="8.4390389">
<ele>2668.687</ele>
<time>2023-04-06T07:58:24Z</time>
<hdop>3.79</hdop>
</trkpt>
<trkpt lat="46.747609" lon="8.438973">
<ele>2672.168</ele>
<time>2023-04-06T07:58:37Z</time>
<hdop>3.79</hdop>
</trkpt>
<trkpt lat="46.7476497" lon="8.4388922">
<ele>2675.28</ele>
<time>2023-04-06T07:58:51Z</time>
<hdop>3.79</hdop>
</trkpt>
<trkpt lat="46.7476998" lon="8.4388281">
<ele>2676.43</ele>
<time>2023-04-06T07:59:04Z</time>
<hdop>3.79</hdop>
</trkpt>
<trkpt lat="46.7477502" lon="8.4387602">
<ele>2678.898</ele>
<time>2023-04-06T07:59:15Z</time>
<hdop>3.79</hdop>
</trkpt>
<trkpt lat="46.7478097" lon="8.4387089">
<ele>2679.156</ele>
<time>2023-04-06T07:59:29Z</time>
<hdop>3.79</hdop>
</trkpt>
<trkpt lat="46.7478703" lon="8.4386637">
<ele>2680.772</ele>
<time>2023-04-06T07:59:43Z</time>
<hdop>3.79</hdop>
</trkpt>
<trkpt lat="46.7479298" lon="8.4386165">
<ele>2680.887</ele>
<time>2023-04-06T07:59:55Z</time>
<hdop>3.79</hdop>
</trkpt>
<trkpt lat="46.7479917" lon="8.4385847">
<ele>2682.06</ele>
<time>2023-04-06T08:00:07Z</time>
<hdop>3.79</hdop>
</trkpt>
<trkpt lat="46.7480379" lon="8.4385111">
<ele>2685.842</ele>
<time>2023-04-06T08:00:23Z</time>
<hdop>3.79</hdop>
</trkpt>
<trkpt lat="46.7480693" lon="8.4384276">
<ele>2687.553</ele>
<time>2023-04-06T08:00:39Z</time>
<hdop>4.12</hdop>
</trkpt>
<trkpt lat="46.748105" lon="8.4383454">
<ele>2691.363</ele>
<time>2023-04-06T08:00:56Z</time>
<hdop>3.79</hdop>
</trkpt>
<trkpt lat="46.748149" lon="8.4382721">
<ele>2692.543</ele>
<time>2023-04-06T08:01:09Z</time>
<hdop>4.32</hdop>
</trkpt>
<trkpt lat="46.74821" lon="8.4383052">
<ele>2693.146</ele>
<time>2023-04-06T08:01:20Z</time>
<hdop>9.97</hdop>
</trkpt>
<trkpt lat="46.7482691" lon="8.4383536">
<ele>2698.328</ele>
<time>2023-04-06T08:01:34Z</time>
<hdop>9.94</hdop>
</trkpt>
<trkpt lat="46.7483285" lon="8.4383993">
<ele>2700.433</ele>
<time>2023-04-06T08:01:47Z</time>
<hdop>9.94</hdop>
</trkpt>
<trkpt lat="46.7483918" lon="8.4384222">
<ele>2700.151</ele>
<time>2023-04-06T08:02:00Z</time>
<hdop>10.13</hdop>
</trkpt>
<trkpt lat="46.7484544" lon="8.4384492">
<ele>2700.353</ele>
<time>2023-04-06T08:02:14Z</time>
<hdop>9.94</hdop>
</trkpt>
<trkpt lat="46.7485197" lon="8.4384501">
<ele>2701.384</ele>
<time>2023-04-06T08:02:28Z</time>
<hdop>3.79</hdop>
</trkpt>
<trkpt lat="46.7485503" lon="8.4383624">
<ele>2703.918</ele>
<time>2023-04-06T08:02:40Z</time>
<hdop>3.79</hdop>
</trkpt>
<trkpt lat="46.7485674" lon="8.4382627">
<ele>2705.835</ele>
<time>2023-04-06T08:02:55Z</time>
<hdop>3.79</hdop>
</trkpt>
<trkpt lat="46.7485677" lon="8.4381634">
<ele>2706.329</ele>
<time>2023-04-06T08:03:05Z</time>
<hdop>3.79</hdop>
</trkpt>
<trkpt lat="46.7485755" lon="8.4380669">
<ele>2709.277</ele>
<time>2023-04-06T08:03:18Z</time>
<hdop>3.79</hdop>
</trkpt>
<trkpt lat="46.7485797" lon="8.4379716">
<ele>2709.936</ele>
<time>2023-04-06T08:03:31Z</time>
<hdop>3.79</hdop>
</trkpt>
<trkpt lat="46.7485813" lon="8.4378745">
<ele>2711.128</ele>
<time>2023-04-06T08:03:44Z</time>
<hdop>3.79</hdop>
</trkpt>
<trkpt lat="46.7485899" lon="8.4377756">
<ele>2713.605</ele>
<time>2023-04-06T08:03:56Z</time>
<hdop>3.79</hdop>
</trkpt>
<trkpt lat="46.7486035" lon="8.4376829">
<ele>2716.122</ele>
<time>2023-04-06T08:04:07Z</time>
<hdop>4.09</hdop>
</trkpt>
<trkpt lat="46.7486317" lon="8.4375892">
<ele>2717.533</ele>
<time>2023-04-06T08:04:20Z</time>
<hdop>3.82</hdop>
</trkpt>
<trkpt lat="46.7486526" lon="8.4374932">
<ele>2718.792</ele>
<time>2023-04-06T08:04:33Z</time>
<hdop>3.92</hdop>
</trkpt>
<trkpt lat="46.7486984" lon="8.4374194">
<ele>2724.198</ele>
<time>2023-04-06T08:05:29Z</time>
<hdop>10.21</hdop>
</trkpt>
<trkpt lat="46.7487569" lon="8.4374613">
<ele>2725.869</ele>
<time>2023-04-06T08:05:40Z</time>
<hdop>10.03</hdop>
</trkpt>
<trkpt lat="46.7488209" lon="8.4375054">
<ele>2726.024</ele>
<time>2023-04-06T08:05:49Z</time>
<hdop>10.15</hdop>
</trkpt>
<trkpt lat="46.7488886" lon="8.4375346">
<ele>2726.565</ele>
<time>2023-04-06T08:06:02Z</time>
<hdop>10.0</hdop>
</trkpt>
<trkpt lat="46.74895" lon="8.437567">
<ele>2727.094</ele>
<time>2023-04-06T08:06:12Z</time>
<hdop>10.46</hdop>
</trkpt>
<trkpt lat="46.7490131" lon="8.4375947">
<ele>2728.897</ele>
<time>2023-04-06T08:06:24Z</time>
<hdop>10.05</hdop>
</trkpt>
<trkpt lat="46.7490732" lon="8.4376362">
<ele>2731.257</ele>
<time>2023-04-06T08:06:36Z</time>
<hdop>9.94</hdop>
</trkpt>
<trkpt lat="46.7490814" lon="8.4375332">
<ele>2735.835</ele>
<time>2023-04-06T08:06:54Z</time>
<hdop>10.38</hdop>
</trkpt>
<trkpt lat="46.7490684" lon="8.4374393">
<ele>2739.166</ele>
<time>2023-04-06T08:07:04Z</time>
<hdop>10.65</hdop>
</trkpt>
<trkpt lat="46.7490751" lon="8.4373433">
<ele>2740.867</ele>
<time>2023-04-06T08:07:18Z</time>
<hdop>11.66</hdop>
</trkpt>
<trkpt lat="46.7491488" lon="8.4373336">
<ele>2741.029</ele>
<time>2023-04-06T08:07:40Z</time>
<hdop>10.14</hdop>
</trkpt>
<trkpt lat="46.749217" lon="8.437347">
<ele>2743.199</ele>
<time>2023-04-06T08:07:53Z</time>
<hdop>10.17</hdop>
</trkpt>
<trkpt lat="46.7492808" lon="8.4373714">
<ele>2744.858</ele>
<time>2023-04-06T08:08:09Z</time>
<hdop>10.57</hdop>
</trkpt>
<trkpt lat="46.7493429" lon="8.4374078">
<ele>2745.725</ele>
<time>2023-04-06T08:08:20Z</time>
<hdop>9.94</hdop>
</trkpt>
<trkpt lat="46.749406" lon="8.4374426">
<ele>2748.542</ele>
<time>2023-04-06T08:08:38Z</time>
<hdop>9.94</hdop>
</trkpt>
<trkpt lat="46.7494622" lon="8.437496">
<ele>2750.6</ele>
<time>2023-04-06T08:08:53Z</time>
<hdop>9.94</hdop>
</trkpt>
<trkpt lat="46.7494851" lon="8.4374048">
<ele>2752.248</ele>
<time>2023-04-06T08:09:20Z</time>
<hdop>10.04</hdop>
</trkpt>
<trkpt lat="46.7494748" lon="8.4373064">
<ele>2754.368</ele>
<time>2023-04-06T08:09:32Z</time>
<hdop>9.94</hdop>
</trkpt>
<trkpt lat="46.7494602" lon="8.4372131">
<ele>2756.716</ele>
<time>2023-04-06T08:09:46Z</time>
<hdop>3.87</hdop>
</trkpt>
<trkpt lat="46.7494361" lon="8.4371198">
<ele>2760.656</ele>
<time>2023-04-06T08:09:58Z</time>
<hdop>4.25</hdop>
</trkpt>
<trkpt lat="46.7494104" lon="8.4370275">
<ele>2766.712</ele>
<time>2023-04-06T08:10:15Z</time>
<hdop>4.32</hdop>
</trkpt>
<trkpt lat="46.7494004" lon="8.4369325">
<ele>2767.543</ele>
<time>2023-04-06T08:10:32Z</time>
<hdop>4.77</hdop>
</trkpt>
<trkpt lat="46.7493867" lon="8.4368339">
<ele>2767.906</ele>
<time>2023-04-06T08:10:46Z</time>
<hdop>5.09</hdop>
</trkpt>
<trkpt lat="46.7493707" lon="8.43674">
<ele>2767.796</ele>
<time>2023-04-06T08:10:58Z</time>
<hdop>6.27</hdop>
</trkpt>
<trkpt lat="46.7493346" lon="8.4366599">
<ele>2769.811</ele>
<time>2023-04-06T08:11:22Z</time>
<hdop>6.29</hdop>
</trkpt>
<trkpt lat="46.7492649" lon="8.436661">
<ele>2771.044</ele>
<time>2023-04-06T08:11:44Z</time>
<hdop>11.4</hdop>
</trkpt>
<trkpt lat="46.7493415" lon="8.4366718">
<ele>2773.045</ele>
<time>2023-04-06T08:12:16Z</time>
<hdop>10.94</hdop>
</trkpt>
<trkpt lat="46.749408" lon="8.436661">
<ele>2770.981</ele>
<time>2023-04-06T08:12:37Z</time>
<hdop>10.81</hdop>
</trkpt>
<trkpt lat="46.7494729" lon="8.4366874">
<ele>2772.617</ele>
<time>2023-04-06T08:13:03Z</time>
<hdop>11.12</hdop>
</trkpt>
<trkpt lat="46.7495402" lon="8.4366943">
<ele>2774.285</ele>
<time>2023-04-06T08:13:15Z</time>
<hdop>10.57</hdop>
</trkpt>
<trkpt lat="46.7496067" lon="8.4366938">
<ele>2775.89</ele>
<time>2023-04-06T08:13:28Z</time>
<hdop>10.86</hdop>
</trkpt>
<trkpt lat="46.7495603" lon="8.4366201">
<ele>2776.862</ele>
<time>2023-04-06T08:13:50Z</time>
<hdop>10.94</hdop>
</trkpt>
<trkpt lat="46.7495111" lon="8.4365535">
<ele>2782.479</ele>
<time>2023-04-06T08:14:15Z</time>
<hdop>11.76</hdop>
</trkpt>
<trkpt lat="46.7494872" lon="8.4364604">
<ele>2782.894</ele>
<time>2023-04-06T08:14:25Z</time>
<hdop>12.72</hdop>
</trkpt>
<trkpt lat="46.7494236" lon="8.4364269">
<ele>2786.413</ele>
<time>2023-04-06T08:14:44Z</time>
<hdop>11.37</hdop>
</trkpt>
<trkpt lat="46.7494989" lon="8.436452">
<ele>2788.803</ele>
<time>2023-04-06T08:15:54Z</time>
<hdop>8.5</hdop>
</trkpt>
<trkpt lat="46.7495498" lon="8.4365168">
<ele>2793.608</ele>
<time>2023-04-06T08:16:03Z</time>
<hdop>12.0</hdop>
</trkpt>
<trkpt lat="46.7495324" lon="8.4364185">
<ele>2795.547</ele>
<time>2023-04-06T08:17:02Z</time>
<hdop>12.23</hdop>
</trkpt>
<trkpt lat="46.7495072" lon="8.4363217">
<ele>2793.403</ele>
<time>2023-04-06T08:17:31Z</time>
<hdop>12.2</hdop>
</trkpt>
<trkpt lat="46.7494427" lon="8.436285">
<ele>2794.82</ele>
<time>2023-04-06T08:17:45Z</time>
<hdop>10.95</hdop>
</trkpt>
<trkpt lat="46.7493827" lon="8.4362472">
<ele>2797.713</ele>
<time>2023-04-06T08:18:03Z</time>
<hdop>10.82</hdop>
</trkpt>
<trkpt lat="46.7493142" lon="8.4362368">
<ele>2800.953</ele>
<time>2023-04-06T08:18:40Z</time>
<hdop>10.52</hdop>
</trkpt>
<trkpt lat="46.7493819" lon="8.4362217">
<ele>2802.297</ele>
<time>2023-04-06T08:18:57Z</time>
<hdop>11.0</hdop>
</trkpt>
<trkpt lat="46.7494507" lon="8.4362315">
<ele>2804.937</ele>
<time>2023-04-06T08:19:04Z</time>
<hdop>10.81</hdop>
</trkpt>
<trkpt lat="46.7495141" lon="8.436204">
<ele>2805.567</ele>
<time>2023-04-06T08:19:15Z</time>
<hdop>11.18</hdop>
</trkpt>
<trkpt lat="46.7495822" lon="8.4361847">
<ele>2802.864</ele>
<time>2023-04-06T08:19:48Z</time>
<hdop>10.95</hdop>
</trkpt>
<trkpt lat="46.7496414" lon="8.436144">
<ele>2804.58</ele>
<time>2023-04-06T08:20:04Z</time>
<hdop>10.78</hdop>
</trkpt>
<trkpt lat="46.749702" lon="8.4361096">
<ele>2802.732</ele>
<time>2023-04-06T08:20:20Z</time>
<hdop>10.86</hdop>
</trkpt>
<trkpt lat="46.7497344" lon="8.4360243">
<ele>2806.982</ele>
<time>2023-04-06T08:20:33Z</time>
<hdop>10.77</hdop>
</trkpt>
<trkpt lat="46.7497051" lon="8.4361147">
<ele>2819.634</ele>
<time>2023-04-06T08:21:33Z</time>
<hdop>10.73</hdop>
</trkpt>
<trkpt lat="46.7497634" lon="8.4361623">
<ele>2824.483</ele>
<time>2023-04-06T08:23:05Z</time>
<hdop>10.42</hdop>
</trkpt>
<trkpt lat="46.7498232" lon="8.4361189">
<ele>2826.563</ele>
<time>2023-04-06T08:23:23Z</time>
<hdop>10.91</hdop>
</trkpt>
<trkpt lat="46.7498895" lon="8.436104">
<ele>2832.68</ele>
<time>2023-04-06T08:23:40Z</time>
<hdop>10.47</hdop>
</trkpt>
<trkpt lat="46.7499532" lon="8.4360783">
<ele>2847.403</ele>
<time>2023-04-06T08:25:50Z</time>
<hdop>10.49</hdop>
</trkpt>
<trkpt lat="46.7500092" lon="8.4360282">
<ele>2848.47</ele>
<time>2023-04-06T08:26:53Z</time>
<hdop>10.48</hdop>
</trkpt>
<trkpt lat="46.7500532" lon="8.4360995">
<ele>2852.095</ele>
<time>2023-04-06T08:27:17Z</time>
<hdop>11.01</hdop>
</trkpt>
<trkpt lat="46.7501175" lon="8.4361253">
<ele>2857.06</ele>
<time>2023-04-06T08:27:50Z</time>
<hdop>11.0</hdop>
</trkpt>
<trkpt lat="46.7501426" lon="8.4360311">
<ele>2854.516</ele>
<time>2023-04-06T08:28:04Z</time>
<hdop>10.67</hdop>
</trkpt>
<trkpt lat="46.7501609" lon="8.4361259">
<ele>2855.926</ele>
<time>2023-04-06T08:29:03Z</time>
<hdop>9.94</hdop>
</trkpt>
<trkpt lat="46.7502211" lon="8.4360891">
<ele>2855.447</ele>
<time>2023-04-06T08:29:21Z</time>
<hdop>10.63</hdop>
</trkpt>
<trkpt lat="46.750283" lon="8.4360541">
<ele>2855.456</ele>
<time>2023-04-06T08:29:37Z</time>
<hdop>10.47</hdop>
</trkpt>
<trkpt lat="46.7503483" lon="8.4360732">
<ele>2854.308</ele>
<time>2023-04-06T08:29:53Z</time>
<hdop>9.94</hdop>
</trkpt>
<trkpt lat="46.7504121" lon="8.4360984">
<ele>2860.463</ele>
<time>2023-04-06T08:31:21Z</time>
<hdop>9.94</hdop>
</trkpt>
<trkpt lat="46.7504664" lon="8.4360462">
<ele>2858.173</ele>
<time>2023-04-06T08:31:33Z</time>
<hdop>10.19</hdop>
</trkpt>
<trkpt lat="46.7505243" lon="8.4361013">
<ele>2860.716</ele>
<time>2023-04-06T08:31:47Z</time>
<hdop>3.79</hdop>
</trkpt>
<trkpt lat="46.7505847" lon="8.4361439">
<ele>2866.296</ele>
<time>2023-04-06T08:32:20Z</time>
<hdop>3.79</hdop>
</trkpt>
<trkpt lat="46.7506423" lon="8.4360884">
<ele>2869.575</ele>
<time>2023-04-06T08:32:34Z</time>
<hdop>3.79</hdop>
</trkpt>
<trkpt lat="46.7507084" lon="8.4360628">
<ele>2870.179</ele>
<time>2023-04-06T08:33:22Z</time>
<hdop>3.98</hdop>
</trkpt>
<trkpt lat="46.7507726" lon="8.4360297">
<ele>2872.78</ele>
<time>2023-04-06T08:33:36Z</time>
<hdop>3.79</hdop>
</trkpt>
<trkpt lat="46.7508384" lon="8.4360215">
<ele>2874.563</ele>
<time>2023-04-06T08:33:48Z</time>
<hdop>3.79</hdop>
</trkpt>
<trkpt lat="46.7509046" lon="8.4360301">
<ele>2875.663</ele>
<time>2023-04-06T08:33:58Z</time>
<hdop>3.79</hdop>
</trkpt>
<trkpt lat="46.7509642" lon="8.4360779">
<ele>2877.281</ele>
<time>2023-04-06T08:34:11Z</time>
<hdop>3.79</hdop>
</trkpt>
<trkpt lat="46.7510237" lon="8.4361329">
<ele>2879.072</ele>
<time>2023-04-06T08:34:25Z</time>
<hdop>3.79</hdop>
</trkpt>
<trkpt lat="46.7510786" lon="8.4361913">
<ele>2881.798</ele>
<time>2023-04-06T08:34:40Z</time>
<hdop>3.79</hdop>
</trkpt>
<trkpt lat="46.7511305" lon="8.4362528">
<ele>2883.0</ele>
<time>2023-04-06T08:34:53Z</time>
<hdop>3.79</hdop>
</trkpt>
<trkpt lat="46.7511866" lon="8.4363079">
<ele>2884.647</ele>
<time>2023-04-06T08:35:07Z</time>
<hdop>3.79</hdop>
</trkpt>
<trkpt lat="46.751244" lon="8.4363644">
<ele>2885.949</ele>
<time>2023-04-06T08:35:21Z</time>
<hdop>3.79</hdop>
</trkpt>
<trkpt lat="46.7512987" lon="8.4364261">
<ele>2888.024</ele>
<time>2023-04-06T08:35:32Z</time>
<hdop>3.79</hdop>
</trkpt>
<trkpt lat="46.7513513" lon="8.4364942">
<ele>2889.432</ele>
<time>2023-04-06T08:35:44Z</time>
<hdop>3.79</hdop>
</trkpt>
<trkpt lat="46.7514002" lon="8.4365598">
<ele>2890.29</ele>
<time>2023-04-06T08:35:55Z</time>
<hdop>3.79</hdop>
</trkpt>
<trkpt lat="46.7514457" lon="8.4366277">
<ele>2892.152</ele>
<time>2023-04-06T08:36:05Z</time>
<hdop>3.79</hdop>
</trkpt>
<trkpt lat="46.7514389" lon="8.4367289">
<ele>2893.632</ele>
<time>2023-04-06T08:36:14Z</time>
<hdop>3.79</hdop>
</trkpt>
<trkpt lat="46.7514036" lon="8.436809">
<ele>2895.209</ele>
<time>2023-04-06T08:36:24Z</time>
<hdop>3.79</hdop>
</trkpt>
<trkpt lat="46.7513919" lon="8.436904">
<ele>2897.083</ele>
<time>2023-04-06T08:36:35Z</time>
<hdop>3.79</hdop>
</trkpt>
<trkpt lat="46.751425" lon="8.4369861">
<ele>2898.061</ele>
<time>2023-04-06T08:36:49Z</time>
<hdop>3.79</hdop>
</trkpt>
<trkpt lat="46.751481" lon="8.4370449">
<ele>2898.019</ele>
<time>2023-04-06T08:37:03Z</time>
<hdop>3.79</hdop>
</trkpt>
<trkpt lat="46.7515178" lon="8.4371304">
<ele>2899.599</ele>
<time>2023-04-06T08:37:18Z</time>
<hdop>3.79</hdop>
</trkpt>
<trkpt lat="46.7515462" lon="8.4372161">
<ele>2901.814</ele>
<time>2023-04-06T08:37:31Z</time>
<hdop>3.79</hdop>
</trkpt>
<trkpt lat="46.7515935" lon="8.4372876">
<ele>2901.52</ele>
<time>2023-04-06T08:37:48Z</time>
<hdop>3.79</hdop>
</trkpt>
<trkpt lat="46.7516574" lon="8.4373304">
<ele>2903.222</ele>
<time>2023-04-06T08:38:22Z</time>
<hdop>9.94</hdop>
</trkpt>
<trkpt lat="46.7517164" lon="8.43738">
<ele>2905.644</ele>
<time>2023-04-06T08:38:36Z</time>
<hdop>9.94</hdop>
</trkpt>
<trkpt lat="46.7517791" lon="8.4374136">
<ele>2907.313</ele>
<time>2023-04-06T08:38:49Z</time>
<hdop>10.06</hdop>
</trkpt>
<trkpt lat="46.7518401" lon="8.4374465">
<ele>2908.415</ele>
<time>2023-04-06T08:39:00Z</time>
<hdop>9.94</hdop>
</trkpt>
<trkpt lat="46.751903" lon="8.4374886">
<ele>2910.939</ele>
<time>2023-04-06T08:39:13Z</time>
<hdop>9.94</hdop>
</trkpt>
<trkpt lat="46.7519613" lon="8.4375379">
<ele>2913.867</ele>
<time>2023-04-06T08:39:27Z</time>
<hdop>9.94</hdop>
</trkpt>
<trkpt lat="46.7520267" lon="8.4375711">
<ele>2915.808</ele>
<time>2023-04-06T08:39:40Z</time>
<hdop>9.94</hdop>
</trkpt>
<trkpt lat="46.7520876" lon="8.4376129">
<ele>2919.343</ele>
<time>2023-04-06T08:39:53Z</time>
<hdop>9.94</hdop>
</trkpt>
<trkpt lat="46.7521445" lon="8.4376649">
<ele>2921.927</ele>
<time>2023-04-06T08:40:07Z</time>
<hdop>9.94</hdop>
</trkpt>
<trkpt lat="46.7522047" lon="8.4377082">
<ele>2923.827</ele>
<time>2023-04-06T08:40:22Z</time>
<hdop>9.94</hdop>
</trkpt>
<trkpt lat="46.7522623" lon="8.4377566">
<ele>2924.791</ele>
<time>2023-04-06T08:40:37Z</time>
<hdop>3.79</hdop>
</trkpt>
<trkpt lat="46.7523219" lon="8.4378015">
<ele>2927.247</ele>
<time>2023-04-06T08:40:49Z</time>
<hdop>3.79</hdop>
</trkpt>
<trkpt lat="46.7523869" lon="8.4378351">
<ele>2929.757</ele>
<time>2023-04-06T08:41:05Z</time>
<hdop>3.79</hdop>
</trkpt>
<trkpt lat="46.752452" lon="8.4378671">
<ele>2927.932</ele>
<time>2023-04-06T08:41:18Z</time>
<hdop>3.79</hdop>
</trkpt>
<trkpt lat="46.7525182" lon="8.437898">
<ele>2927.422</ele>
<time>2023-04-06T08:41:32Z</time>
<hdop>10.23</hdop>
</trkpt>
<trkpt lat="46.7525814" lon="8.4379207">
<ele>2929.438</ele>
<time>2023-04-06T08:41:45Z</time>
<hdop>9.94</hdop>
</trkpt>
<trkpt lat="46.752646" lon="8.4379485">
<ele>2929.858</ele>
<time>2023-04-06T08:41:55Z</time>
<hdop>9.94</hdop>
</trkpt>
<trkpt lat="46.7527002" lon="8.4380037">
<ele>2936.49</ele>
<time>2023-04-06T08:42:15Z</time>
<hdop>9.94</hdop>
</trkpt>
<trkpt lat="46.7527487" lon="8.4380693">
<ele>2943.134</ele>
<time>2023-04-06T08:42:50Z</time>
<hdop>3.79</hdop>
</trkpt>
<trkpt lat="46.7528088" lon="8.4380312">
<ele>2945.467</ele>
<time>2023-04-06T08:43:20Z</time>
<hdop>3.79</hdop>
</trkpt>
<trkpt lat="46.7527943" lon="8.4379368">
<ele>2945.711</ele>
<time>2023-04-06T08:43:30Z</time>
<hdop>3.79</hdop>
</trkpt>
<trkpt lat="46.7528269" lon="8.4378502">
<ele>2947.574</ele>
<time>2023-04-06T08:57:14Z</time>
<hdop>3.79</hdop>
</trkpt>
<trkpt lat="46.7528616" lon="8.4377659">
<ele>2948.746</ele>
<time>2023-04-06T08:57:31Z</time>
<hdop>3.79</hdop>
</trkpt>
<trkpt lat="46.7529047" lon="8.4376902">
<ele>2949.575</ele>
<time>2023-04-06T08:57:46Z</time>
<hdop>3.79</hdop>
</trkpt>
<trkpt lat="46.752888" lon="8.4375986">
<ele>2950.163</ele>
<time>2023-04-06T08:58:04Z</time>
<hdop>3.79</hdop>
</trkpt>
<trkpt lat="46.7528601" lon="8.4375062">
<ele>2952.947</ele>
<time>2023-04-06T08:58:23Z</time>
<hdop>3.79</hdop>
</trkpt>
<trkpt lat="46.7528581" lon="8.4374081">
<ele>2954.392</ele>
<time>2023-04-06T08:58:37Z</time>
<hdop>3.79</hdop>
</trkpt>
<trkpt lat="46.7528377" lon="8.4373144">
<ele>2956.489</ele>
<time>2023-04-06T08:58:57Z</time>
<hdop>3.79</hdop>
</trkpt>
<trkpt lat="46.752811" lon="8.4372267">
<ele>2956.898</ele>
<time>2023-04-06T08:59:08Z</time>
<hdop>3.79</hdop>
</trkpt>
<trkpt lat="46.7527958" lon="8.4371344">
<ele>2958.328</ele>
<time>2023-04-06T08:59:19Z</time>
<hdop>3.79</hdop>
</trkpt>
<trkpt lat="46.7527902" lon="8.437038">
<ele>2958.634</ele>
<time>2023-04-06T08:59:28Z</time>
<hdop>3.79</hdop>
</trkpt>
<trkpt lat="46.7527945" lon="8.4369379">
<ele>2961.074</ele>
<time>2023-04-06T08:59:38Z</time>
<hdop>3.79</hdop>
</trkpt>
<trkpt lat="46.752798" lon="8.4368358">
<ele>2964.245</ele>
<time>2023-04-06T09:02:51Z</time>
<hdop>3.79</hdop>
</trkpt>
<trkpt lat="46.7528146" lon="8.4367332">
<ele>2968.568</ele>
<time>2023-04-06T09:02:58Z</time>
<hdop>4.28</hdop>
</trkpt>
<trkpt lat="46.752854" lon="8.4366491">
<ele>2973.52</ele>
<time>2023-04-06T09:03:06Z</time>
<hdop>3.79</hdop>
</trkpt>
<trkpt lat="46.7527904" lon="8.4366231">
<ele>2977.592</ele>
<time>2023-04-06T09:03:13Z</time>
<hdop>3.79</hdop>
</trkpt>
<trkpt lat="46.7527305" lon="8.436579">
<ele>2983.485</ele>
<time>2023-04-06T09:03:39Z</time>
<hdop>3.79</hdop>
</trkpt>
<trkpt lat="46.7528041" lon="8.4366304">
<ele>2978.493</ele>
<time>2023-04-06T09:07:41Z</time>
<hdop>3.79</hdop>
</trkpt>
<trkpt lat="46.7528634" lon="8.4367284">
<ele>2973.998</ele>
<time>2023-04-06T09:07:46Z</time>
<hdop>3.79</hdop>
</trkpt>
<trkpt lat="46.7528001" lon="8.4368711">
<ele>2968.252</ele>
<time>2023-04-06T09:07:51Z</time>
<hdop>3.79</hdop>
</trkpt>
<trkpt lat="46.7527829" lon="8.4369845">
<ele>2962.146</ele>
<time>2023-04-06T09:17:29Z</time>
<hdop>3.79</hdop>
</trkpt>
<trkpt lat="46.7528618" lon="8.4371268">
<ele>2954.358</ele>
<time>2023-04-06T09:18:50Z</time>
<hdop>3.79</hdop>
</trkpt>
<trkpt lat="46.7531162" lon="8.4377137">
<ele>2952.615</ele>
<time>2023-04-06T09:18:55Z</time>
<hdop>4.71</hdop>
</trkpt>
<trkpt lat="46.7535774" lon="8.4382109">
<ele>2938.176</ele>
<time>2023-04-06T09:19:00Z</time>
<hdop>3.79</hdop>
</trkpt>
<trkpt lat="46.7536702" lon="8.4387378">
<ele>2935.776</ele>
<time>2023-04-06T09:19:05Z</time>
<hdop>3.79</hdop>
</trkpt>
<trkpt lat="46.7536752" lon="8.4388548">
<ele>2935.359</ele>
<time>2023-04-06T09:19:10Z</time>
<hdop>3.79</hdop>
</trkpt>
<trkpt lat="46.7537296" lon="8.4387618">
<ele>2933.94</ele>
<time>2023-04-06T09:19:39Z</time>
<hdop>3.79</hdop>
</trkpt>
<trkpt lat="46.7539373" lon="8.4387568">
<ele>2928.877</ele>
<time>2023-04-06T09:19:44Z</time>
<hdop>3.79</hdop>
</trkpt>
<trkpt lat="46.7542757" lon="8.4388639">
<ele>2921.38</ele>
<time>2023-04-06T09:19:49Z</time>
<hdop>3.79</hdop>
</trkpt>
<trkpt lat="46.7546584" lon="8.4390745">
<ele>2905.68</ele>
<time>2023-04-06T09:19:54Z</time>
<hdop>3.79</hdop>
</trkpt>
<trkpt lat="46.7548796" lon="8.4395202">
<ele>2894.752</ele>
<time>2023-04-06T09:19:59Z</time>
<hdop>3.79</hdop>
</trkpt>
<trkpt lat="46.754973" lon="8.4396068">
<ele>2894.435</ele>
<time>2023-04-06T09:20:04Z</time>
<hdop>3.79</hdop>
</trkpt>
<trkpt lat="46.7550618" lon="8.4396468">
<ele>2890.257</ele>
<time>2023-04-06T09:21:43Z</time>
<hdop>3.79</hdop>
</trkpt>
<trkpt lat="46.7551903" lon="8.4401245">
<ele>2879.151</ele>
<time>2023-04-06T09:21:48Z</time>
<hdop>3.79</hdop>
</trkpt>
<trkpt lat="46.755176" lon="8.4405592">
<ele>2872.657</ele>
<time>2023-04-06T09:21:53Z</time>
<hdop>3.79</hdop>
</trkpt>
<trkpt lat="46.7550661" lon="8.4407864">
<ele>2870.778</ele>
<time>2023-04-06T09:21:58Z</time>
<hdop>3.79</hdop>
</trkpt>
<trkpt lat="46.7550276" lon="8.4408779">
<ele>2869.636</ele>
<time>2023-04-06T09:22:03Z</time>
<hdop>3.79</hdop>
</trkpt>
<trkpt lat="46.7550298" lon="8.4409732">
<ele>2865.652</ele>
<time>2023-04-06T09:22:08Z</time>
<hdop>3.79</hdop>
</trkpt>
<trkpt lat="46.7550242" lon="8.4411004">
<ele>2857.889</ele>
<time>2023-04-06T09:24:50Z</time>
<hdop>3.79</hdop>
</trkpt>
<trkpt lat="46.7550987" lon="8.4412811">
<ele>2838.662</ele>
<time>2023-04-06T09:24:55Z</time>
<hdop>4.05</hdop>
</trkpt>
<trkpt lat="46.7551417" lon="8.4415352">
<ele>2824.384</ele>
<time>2023-04-06T09:25:00Z</time>
<hdop>3.79</hdop>
</trkpt>
<trkpt lat="46.7551477" lon="8.4416397">
<ele>2824.653</ele>
<time>2023-04-06T09:25:05Z</time>
<hdop>3.79</hdop>
</trkpt>
<trkpt lat="46.7552122" lon="8.4417038">
<ele>2818.83</ele>
<time>2023-04-06T09:27:08Z</time>
<hdop>3.79</hdop>
</trkpt>
<trkpt lat="46.755233" lon="8.4418114">
<ele>2813.844</ele>
<time>2023-04-06T09:27:14Z</time>
<hdop>3.79</hdop>
</trkpt>
<trkpt lat="46.7553727" lon="8.4419936">
<ele>2796.044</ele>
<time>2023-04-06T09:27:19Z</time>
<hdop>3.79</hdop>
</trkpt>
<trkpt lat="46.7556723" lon="8.4418336">
<ele>2779.704</ele>
<time>2023-04-06T09:27:24Z</time>
<hdop>4.17</hdop>
</trkpt>
<trkpt lat="46.7559205" lon="8.4419704">
<ele>2749.75</ele>
<time>2023-04-06T09:27:29Z</time>
<hdop>5.67</hdop>
</trkpt>
<trkpt lat="46.7560472" lon="8.4420297">
<ele>2730.553</ele>
<time>2023-04-06T09:27:34Z</time>
<hdop>3.79</hdop>
</trkpt>
<trkpt lat="46.7560888" lon="8.4419276">
<ele>2724.958</ele>
<time>2023-04-06T09:39:04Z</time>
<hdop>3.79</hdop>
</trkpt>
<trkpt lat="46.7561212" lon="8.4417966">
<ele>2722.997</ele>
<time>2023-04-06T09:39:09Z</time>
<hdop>3.79</hdop>
</trkpt>
<trkpt lat="46.756165" lon="8.4417038">
<ele>2720.545</ele>
<time>2023-04-06T09:39:14Z</time>
<hdop>3.79</hdop>
</trkpt>
<trkpt lat="46.7562019" lon="8.4416013">
<ele>2718.614</ele>
<time>2023-04-06T09:39:19Z</time>
<hdop>3.79</hdop>
</trkpt>
<trkpt lat="46.7563212" lon="8.4415597">
<ele>2707.905</ele>
<time>2023-04-06T09:39:24Z</time>
<hdop>3.79</hdop>
</trkpt>
<trkpt lat="46.7564703" lon="8.4415317">
<ele>2693.228</ele>
<time>2023-04-06T09:39:29Z</time>
<hdop>3.79</hdop>
</trkpt>
<trkpt lat="46.7565343" lon="8.4415535">
<ele>2687.883</ele>
<time>2023-04-06T09:39:35Z</time>
<hdop>3.79</hdop>
</trkpt>
<trkpt lat="46.7565691" lon="8.4419111">
<ele>2681.485</ele>
<time>2023-04-06T09:39:40Z</time>
<hdop>3.79</hdop>
</trkpt>
<trkpt lat="46.7566559" lon="8.4424052">
<ele>2673.632</ele>
<time>2023-04-06T09:39:45Z</time>
<hdop>3.79</hdop>
</trkpt>
<trkpt lat="46.7567582" lon="8.4427642">
<ele>2667.797</ele>
<time>2023-04-06T09:39:50Z</time>
<hdop>3.79</hdop>
</trkpt>
<trkpt lat="46.7568397" lon="8.4429394">
<ele>2664.502</ele>
<time>2023-04-06T09:39:55Z</time>
<hdop>3.79</hdop>
</trkpt>
<trkpt lat="46.7568327" lon="8.4428251">
<ele>2665.359</ele>
<time>2023-04-06T09:43:44Z</time>
<hdop>5.12</hdop>
</trkpt>
<trkpt lat="46.7570671" lon="8.4429948">
<ele>2650.235</ele>
<time>2023-04-06T09:43:49Z</time>
<hdop>5.21</hdop>
</trkpt>
<trkpt lat="46.7572882" lon="8.4427811">
<ele>2630.458</ele>
<time>2023-04-06T09:43:54Z</time>
<hdop>4.44</hdop>
</trkpt>
<trkpt lat="46.7575303" lon="8.4426395">
<ele>2610.559</ele>
<time>2023-04-06T09:43:59Z</time>
<hdop>3.93</hdop>
</trkpt>
<trkpt lat="46.7577704" lon="8.442589">
<ele>2592.656</ele>
<time>2023-04-06T09:44:04Z</time>
<hdop>3.79</hdop>
</trkpt>
<trkpt lat="46.7579971" lon="8.4424092">
<ele>2579.626</ele>
<time>2023-04-06T09:44:09Z</time>
<hdop>4.11</hdop>
</trkpt>
<trkpt lat="46.7584665" lon="8.4422843">
<ele>2557.88</ele>
<time>2023-04-06T09:44:14Z</time>
<hdop>3.79</hdop>
</trkpt>
<trkpt lat="46.7590249" lon="8.4422973">
<ele>2550.0</ele>
<time>2023-04-06T09:44:19Z</time>
<hdop>3.79</hdop>
</trkpt>
<trkpt lat="46.7593168" lon="8.4423008">
<ele>2550.332</ele>
<time>2023-04-06T09:44:24Z</time>
<hdop>3.79</hdop>
</trkpt>
<trkpt lat="46.7593824" lon="8.4422658">
<ele>2548.651</ele>
<time>2023-04-06T09:58:23Z</time>
<hdop>3.79</hdop>
</trkpt>
<trkpt lat="46.7594538" lon="8.4422483">
<ele>2548.219</ele>
<time>2023-04-06T09:58:30Z</time>
<hdop>3.79</hdop>
</trkpt>
<trkpt lat="46.7596013" lon="8.4422536">
<ele>2545.903</ele>
<time>2023-04-06T09:58:35Z</time>
<hdop>3.79</hdop>
</trkpt>
<trkpt lat="46.759745" lon="8.4422776">
<ele>2544.67</ele>
<time>2023-04-06T09:58:40Z</time>
<hdop>3.79</hdop>
</trkpt>
<trkpt lat="46.7598819" lon="8.442282">
<ele>2542.052</ele>
<time>2023-04-06T09:58:45Z</time>
<hdop>3.79</hdop>
</trkpt>
<trkpt lat="46.7601704" lon="8.4422177">
<ele>2536.652</ele>
<time>2023-04-06T09:58:50Z</time>
<hdop>3.79</hdop>
</trkpt>
<trkpt lat="46.7602688" lon="8.4421409">
<ele>2536.845</ele>
<time>2023-04-06T09:58:55Z</time>
<hdop>3.79</hdop>
</trkpt>
<trkpt lat="46.760155" lon="8.4421393">
<ele>2528.497</ele>
<time>2023-04-06T10:00:54Z</time>
<hdop>5.44</hdop>
</trkpt>
<trkpt lat="46.7599546" lon="8.4419343">
<ele>2522.754</ele>
<time>2023-04-06T10:00:59Z</time>
<hdop>3.79</hdop>
</trkpt>
<trkpt lat="46.7600404" lon="8.4416242">
<ele>2510.811</ele>
<time>2023-04-06T10:01:04Z</time>
<hdop>3.79</hdop>
</trkpt>
<trkpt lat="46.7600805" lon="8.4411009">
<ele>2500.562</ele>
<time>2023-04-06T10:01:09Z</time>
<hdop>3.79</hdop>
</trkpt>
<trkpt lat="46.7601915" lon="8.4408481">
<ele>2491.454</ele>
<time>2023-04-06T10:01:14Z</time>
<hdop>3.79</hdop>
</trkpt>
<trkpt lat="46.7603558" lon="8.4406124">
<ele>2481.949</ele>
<time>2023-04-06T10:01:19Z</time>
<hdop>3.79</hdop>
</trkpt>
<trkpt lat="46.7605511" lon="8.4403597">
<ele>2471.118</ele>
<time>2023-04-06T10:01:24Z</time>
<hdop>3.79</hdop>
</trkpt>
<trkpt lat="46.760835" lon="8.4402823">
<ele>2461.417</ele>
<time>2023-04-06T10:01:29Z</time>
<hdop>3.79</hdop>
</trkpt>
<trkpt lat="46.7611086" lon="8.4402069">
<ele>2453.701</ele>
<time>2023-04-06T10:01:34Z</time>
<hdop>3.79</hdop>
</trkpt>
<trkpt lat="46.7614204" lon="8.4400057">
<ele>2438.858</ele>
<time>2023-04-06T10:01:39Z</time>
<hdop>3.79</hdop>
</trkpt>
<trkpt lat="46.7618827" lon="8.4398791">
<ele>2427.383</ele>
<time>2023-04-06T10:01:44Z</time>
<hdop>3.79</hdop>
</trkpt>
<trkpt lat="46.7623882" lon="8.4394499">
<ele>2416.715</ele>
<time>2023-04-06T10:01:49Z</time>
<hdop>3.79</hdop>
</trkpt>
<trkpt lat="46.7628409" lon="8.4390959">
<ele>2416.383</ele>
<time>2023-04-06T10:01:54Z</time>
<hdop>3.79</hdop>
</trkpt>
<trkpt lat="46.7630978" lon="8.4389208">
<ele>2418.284</ele>
<time>2023-04-06T10:01:59Z</time>
<hdop>3.79</hdop>
</trkpt>
<trkpt lat="46.7631514" lon="8.4389776">
<ele>2422.723</ele>
<time>2023-04-06T10:12:37Z</time>
<hdop>3.79</hdop>
</trkpt>
<trkpt lat="46.7632001" lon="8.4390426">
<ele>2423.199</ele>
<time>2023-04-06T10:12:52Z</time>
<hdop>3.79</hdop>
</trkpt>
<trkpt lat="46.7632564" lon="8.439093">
<ele>2424.857</ele>
<time>2023-04-06T10:13:05Z</time>
<hdop>3.79</hdop>
</trkpt>
<trkpt lat="46.7633146" lon="8.4391408">
<ele>2425.525</ele>
<time>2023-04-06T10:13:18Z</time>
<hdop>3.79</hdop>
</trkpt>
<trkpt lat="46.763375" lon="8.4391881">
<ele>2428.078</ele>
<time>2023-04-06T10:13:31Z</time>
<hdop>3.79</hdop>
</trkpt>
<trkpt lat="46.7634344" lon="8.4392374">
<ele>2429.513</ele>
<time>2023-04-06T10:13:44Z</time>
<hdop>3.79</hdop>
</trkpt>
<trkpt lat="46.7634949" lon="8.439277">
<ele>2431.238</ele>
<time>2023-04-06T10:13:55Z</time>
<hdop>3.79</hdop>
</trkpt>
<trkpt lat="46.7635495" lon="8.439332">
<ele>2432.085</ele>
<time>2023-04-06T10:14:07Z</time>
<hdop>3.79</hdop>
</trkpt>
<trkpt lat="46.7636067" lon="8.4393827">
<ele>2433.735</ele>
<time>2023-04-06T10:14:19Z</time>
<hdop>3.79</hdop>
</trkpt>
<trkpt lat="46.7636665" lon="8.4394318">
<ele>2435.172</ele>
<time>2023-04-06T10:14:30Z</time>
<hdop>3.79</hdop>
</trkpt>
<trkpt lat="46.7637216" lon="8.439491">
<ele>2436.287</ele>
<time>2023-04-06T10:14:43Z</time>
<hdop>3.79</hdop>
</trkpt>
<trkpt lat="46.7637781" lon="8.4395424">
<ele>2437.381</ele>
<time>2023-04-06T10:14:55Z</time>
<hdop>9.94</hdop>
</trkpt>
<trkpt lat="46.7638309" lon="8.4396034">
<ele>2439.085</ele>
<time>2023-04-06T10:15:07Z</time>
<hdop>9.94</hdop>
</trkpt>
<trkpt lat="46.7638891" lon="8.4396577">
<ele>2440.68</ele>
<time>2023-04-06T10:15:19Z</time>
<hdop>3.79</hdop>
</trkpt>
<trkpt lat="46.7639452" lon="8.4397122">
<ele>2441.661</ele>
<time>2023-04-06T10:15:29Z</time>
<hdop>3.79</hdop>
</trkpt>
<trkpt lat="46.7640004" lon="8.4397618">
<ele>2442.56</ele>
<time>2023-04-06T10:15:39Z</time>
<hdop>3.79</hdop>
</trkpt>
<trkpt lat="46.7640541" lon="8.4398194">
<ele>2443.657</ele>
<time>2023-04-06T10:15:51Z</time>
<hdop>3.79</hdop>
</trkpt>
<trkpt lat="46.7641079" lon="8.4398723">
<ele>2444.306</ele>
<time>2023-04-06T10:16:03Z</time>
<hdop>3.79</hdop>
</trkpt>
<trkpt lat="46.7641626" lon="8.4399252">
<ele>2446.366</ele>
<time>2023-04-06T10:16:15Z</time>
<hdop>3.79</hdop>
</trkpt>
<trkpt lat="46.7642167" lon="8.4399797">
<ele>2447.17</ele>
<time>2023-04-06T10:16:26Z</time>
<hdop>9.94</hdop>
</trkpt>
<trkpt lat="46.7642744" lon="8.4400385">
<ele>2448.219</ele>
<time>2023-04-06T10:16:38Z</time>
<hdop>3.79</hdop>
</trkpt>
<trkpt lat="46.7643332" lon="8.4400887">
<ele>2449.995</ele>
<time>2023-04-06T10:16:48Z</time>
<hdop>3.79</hdop>
</trkpt>
<trkpt lat="46.7643881" lon="8.4401491">
<ele>2451.292</ele>
<time>2023-04-06T10:16:59Z</time>
<hdop>3.79</hdop>
</trkpt>
<trkpt lat="46.7644435" lon="8.4402046">
<ele>2452.651</ele>
<time>2023-04-06T10:17:09Z</time>
<hdop>3.79</hdop>
</trkpt>
<trkpt lat="46.7644973" lon="8.4402662">
<ele>2453.667</ele>
<time>2023-04-06T10:17:20Z</time>
<hdop>3.79</hdop>
</trkpt>
<trkpt lat="46.7645502" lon="8.4403287">
<ele>2454.93</ele>
<time>2023-04-06T10:17:31Z</time>
<hdop>9.94</hdop>
</trkpt>
<trkpt lat="46.7646056" lon="8.4403886">
<ele>2456.553</ele>
<time>2023-04-06T10:17:41Z</time>
<hdop>9.94</hdop>
</trkpt>
<trkpt lat="46.7646639" lon="8.4404465">
<ele>2457.555</ele>
<time>2023-04-06T10:17:52Z</time>
<hdop>9.94</hdop>
</trkpt>
<trkpt lat="46.7647197" lon="8.4405052">
<ele>2459.329</ele>
<time>2023-04-06T10:18:02Z</time>
<hdop>9.94</hdop>
</trkpt>
<trkpt lat="46.764772" lon="8.4405666">
<ele>2460.418</ele>
<time>2023-04-06T10:18:13Z</time>
<hdop>9.94</hdop>
</trkpt>
<trkpt lat="46.7648262" lon="8.4406295">
<ele>2461.598</ele>
<time>2023-04-06T10:18:23Z</time>
<hdop>9.94</hdop>
</trkpt>
<trkpt lat="46.7648838" lon="8.4406814">
<ele>2462.394</ele>
<time>2023-04-06T10:18:33Z</time>
<hdop>9.94</hdop>
</trkpt>
<trkpt lat="46.764934" lon="8.4407455">
<ele>2463.203</ele>
<time>2023-04-06T10:18:43Z</time>
<hdop>9.94</hdop>
</trkpt>
<trkpt lat="46.7649886" lon="8.4408101">
<ele>2464.147</ele>
<time>2023-04-06T10:18:53Z</time>
<hdop>9.94</hdop>
</trkpt>
<trkpt lat="46.7650476" lon="8.4408662">
<ele>2465.117</ele>
<time>2023-04-06T10:19:03Z</time>
<hdop>9.94</hdop>
</trkpt>
<trkpt lat="46.7650994" lon="8.4409284">
<ele>2465.947</ele>
<time>2023-04-06T10:19:13Z</time>
<hdop>9.94</hdop>
</trkpt>
<trkpt lat="46.7651521" lon="8.4409873">
<ele>2466.775</ele>
<time>2023-04-06T10:19:23Z</time>
<hdop>9.94</hdop>
</trkpt>
<trkpt lat="46.7652105" lon="8.4410465">
<ele>2467.419</ele>
<time>2023-04-06T10:19:33Z</time>
<hdop>9.94</hdop>
</trkpt>
<trkpt lat="46.7652696" lon="8.4410982">
<ele>2467.888</ele>
<time>2023-04-06T10:19:44Z</time>
<hdop>9.94</hdop>
</trkpt>
<trkpt lat="46.7653264" lon="8.4411452">
<ele>2468.364</ele>
<time>2023-04-06T10:19:53Z</time>
<hdop>9.94</hdop>
</trkpt>
<trkpt lat="46.7653793" lon="8.4412021">
<ele>2470.325</ele>
<time>2023-04-06T10:20:03Z</time>
<hdop>9.94</hdop>
</trkpt>
<trkpt lat="46.7654265" lon="8.4412679">
<ele>2471.632</ele>
<time>2023-04-06T10:20:12Z</time>
<hdop>10.05</hdop>
</trkpt>
<trkpt lat="46.7654794" lon="8.4413324">
<ele>2472.911</ele>
<time>2023-04-06T10:20:23Z</time>
<hdop>9.94</hdop>
</trkpt>
<trkpt lat="46.765538" lon="8.441387">
<ele>2474.343</ele>
<time>2023-04-06T10:20:32Z</time>
<hdop>9.94</hdop>
</trkpt>
<trkpt lat="46.7655895" lon="8.4414609">
<ele>2474.827</ele>
<time>2023-04-06T10:20:42Z</time>
<hdop>3.79</hdop>
</trkpt>
<trkpt lat="46.7656383" lon="8.4415255">
<ele>2474.986</ele>
<time>2023-04-06T10:20:50Z</time>
<hdop>3.79</hdop>
</trkpt>
<trkpt lat="46.7656923" lon="8.4415905">
<ele>2475.431</ele>
<time>2023-04-06T10:21:00Z</time>
<hdop>3.79</hdop>
</trkpt>
<trkpt lat="46.7657571" lon="8.4416366">
<ele>2476.394</ele>
<time>2023-04-06T10:21:09Z</time>
<hdop>3.79</hdop>
</trkpt>
<trkpt lat="46.7658163" lon="8.441685">
<ele>2478.027</ele>
<time>2023-04-06T10:21:18Z</time>
<hdop>3.79</hdop>
</trkpt>
<trkpt lat="46.7658708" lon="8.441738">
<ele>2477.982</ele>
<time>2023-04-06T10:21:27Z</time>
<hdop>3.79</hdop>
</trkpt>
<trkpt lat="46.765931" lon="8.4417908">
<ele>2477.858</ele>
<time>2023-04-06T10:21:36Z</time>
<hdop>3.79</hdop>
</trkpt>
<trkpt lat="46.7659826" lon="8.4418487">
<ele>2478.906</ele>
<time>2023-04-06T10:21:44Z</time>
<hdop>3.79</hdop>
</trkpt>
<trkpt lat="46.7660367" lon="8.4419054">
<ele>2479.75</ele>
<time>2023-04-06T10:21:53Z</time>
<hdop>3.79</hdop>
</trkpt>
<trkpt lat="46.7660966" lon="8.4419511">
<ele>2480.456</ele>
<time>2023-04-06T10:22:02Z</time>
<hdop>3.79</hdop>
</trkpt>
<trkpt lat="46.76614" lon="8.4420299">
<ele>2480.567</ele>
<time>2023-04-06T10:22:11Z</time>
<hdop>3.79</hdop>
</trkpt>
<trkpt lat="46.7662206" lon="8.44206">
<ele>2480.677</ele>
<time>2023-04-06T10:22:47Z</time>
<hdop>3.79</hdop>
</trkpt>
<trkpt lat="46.7662929" lon="8.4420981">
<ele>2480.644</ele>
<time>2023-04-06T10:22:52Z</time>
<hdop>3.79</hdop>
</trkpt>
<trkpt lat="46.7663557" lon="8.4421553">
<ele>2480.309</ele>
<time>2023-04-06T10:22:57Z</time>
<hdop>3.79</hdop>
</trkpt>
<trkpt lat="46.7664175" lon="8.4422074">
<ele>2480.603</ele>
<time>2023-04-06T10:23:02Z</time>
<hdop>3.79</hdop>
</trkpt>
<trkpt lat="46.7664831" lon="8.4422612">
<ele>2481.163</ele>
<time>2023-04-06T10:23:08Z</time>
<hdop>3.79</hdop>
</trkpt>
<trkpt lat="46.7665448" lon="8.4423252">
<ele>2481.534</ele>
<time>2023-04-06T10:23:14Z</time>
<hdop>3.79</hdop>
</trkpt>
<trkpt lat="46.7666088" lon="8.442369">
<ele>2482.681</ele>
<time>2023-04-06T10:23:21Z</time>
<hdop>3.79</hdop>
</trkpt>
<trkpt lat="46.7666752" lon="8.4424056">
<ele>2483.573</ele>
<time>2023-04-06T10:23:29Z</time>
<hdop>3.79</hdop>
</trkpt>
<trkpt lat="46.7667376" lon="8.4424506">
<ele>2484.263</ele>
<time>2023-04-06T10:23:36Z</time>
<hdop>3.79</hdop>
</trkpt>
<trkpt lat="46.7668035" lon="8.442496">
<ele>2485.081</ele>
<time>2023-04-06T10:23:44Z</time>
<hdop>3.79</hdop>
</trkpt>
<trkpt lat="46.7668689" lon="8.4425421">
<ele>2486.708</ele>
<time>2023-04-06T10:23:53Z</time>
<hdop>3.79</hdop>
</trkpt>
<trkpt lat="46.7669245" lon="8.4425979">
<ele>2487.628</ele>
<time>2023-04-06T10:24:02Z</time>
<hdop>3.79</hdop>
</trkpt>
<trkpt lat="46.7669773" lon="8.4426575">
<ele>2488.459</ele>
<time>2023-04-06T10:24:11Z</time>
<hdop>3.79</hdop>
</trkpt>
<trkpt lat="46.7670405" lon="8.4427114">
<ele>2490.193</ele>
<time>2023-04-06T10:24:21Z</time>
<hdop>3.79</hdop>
</trkpt>
<trkpt lat="46.7670931" lon="8.4427722">
<ele>2491.363</ele>
<time>2023-04-06T10:24:31Z</time>
<hdop>3.79</hdop>
</trkpt>
<trkpt lat="46.7671459" lon="8.4428274">
<ele>2492.542</ele>
<time>2023-04-06T10:24:41Z</time>
<hdop>3.79</hdop>
</trkpt>
<trkpt lat="46.7672074" lon="8.4428806">
<ele>2494.662</ele>
<time>2023-04-06T10:24:52Z</time>
<hdop>3.79</hdop>
</trkpt>
<trkpt lat="46.7672607" lon="8.4429371">
<ele>2496.304</ele>
<time>2023-04-06T10:25:02Z</time>
<hdop>3.79</hdop>
</trkpt>
<trkpt lat="46.7673194" lon="8.4429957">
<ele>2497.57</ele>
<time>2023-04-06T10:25:12Z</time>
<hdop>3.79</hdop>
</trkpt>
<trkpt lat="46.7673734" lon="8.4430512">
<ele>2498.711</ele>
<time>2023-04-06T10:25:22Z</time>
<hdop>3.79</hdop>
</trkpt>
<trkpt lat="46.767428" lon="8.4431064">
<ele>2499.806</ele>
<time>2023-04-06T10:25:32Z</time>
<hdop>3.79</hdop>
</trkpt>
<trkpt lat="46.767484" lon="8.4431623">
<ele>2500.982</ele>
<time>2023-04-06T10:25:42Z</time>
<hdop>3.79</hdop>
</trkpt>
<trkpt lat="46.7675409" lon="8.4432163">
<ele>2502.729</ele>
<time>2023-04-06T10:25:52Z</time>
<hdop>3.79</hdop>
</trkpt>
<trkpt lat="46.7675952" lon="8.4432796">
<ele>2503.395</ele>
<time>2023-04-06T10:26:03Z</time>
<hdop>3.79</hdop>
</trkpt>
<trkpt lat="46.7676489" lon="8.4433342">
<ele>2504.663</ele>
<time>2023-04-06T10:26:13Z</time>
<hdop>3.79</hdop>
</trkpt>
<trkpt lat="46.7677041" lon="8.4433894">
<ele>2506.258</ele>
<time>2023-04-06T10:26:23Z</time>
<hdop>3.79</hdop>
</trkpt>
<trkpt lat="46.7677571" lon="8.4434479">
<ele>2506.898</ele>
<time>2023-04-06T10:26:33Z</time>
<hdop>3.79</hdop>
</trkpt>
<trkpt lat="46.7678158" lon="8.4435035">
<ele>2508.133</ele>
<time>2023-04-06T10:26:44Z</time>
<hdop>3.79</hdop>
</trkpt>
<trkpt lat="46.7678768" lon="8.4435582">
<ele>2510.477</ele>
<time>2023-04-06T10:26:55Z</time>
<hdop>3.79</hdop>
</trkpt>
<trkpt lat="46.7679333" lon="8.4436063">
<ele>2511.901</ele>
<time>2023-04-06T10:27:06Z</time>
<hdop>3.79</hdop>
</trkpt>
<trkpt lat="46.767995" lon="8.4436419">
<ele>2512.726</ele>
<time>2023-04-06T10:27:17Z</time>
<hdop>3.79</hdop>
</trkpt>
<trkpt lat="46.7680522" lon="8.4436904">
<ele>2513.441</ele>
<time>2023-04-06T10:27:27Z</time>
<hdop>3.79</hdop>
</trkpt>
<trkpt lat="46.7680913" lon="8.4437741">
<ele>2514.326</ele>
<time>2023-04-06T10:27:38Z</time>
<hdop>3.79</hdop>
</trkpt>
<trkpt lat="46.7681327" lon="8.4438547">
<ele>2516.588</ele>
<time>2023-04-06T10:27:49Z</time>
<hdop>3.79</hdop>
</trkpt>
<trkpt lat="46.7681704" lon="8.4439344">
<ele>2518.764</ele>
<time>2023-04-06T10:28:01Z</time>
<hdop>3.79</hdop>
</trkpt>
<trkpt lat="46.7682108" lon="8.4440196">
<ele>2521.028</ele>
<time>2023-04-06T10:28:15Z</time>
<hdop>3.79</hdop>
</trkpt>
<trkpt lat="46.7682396" lon="8.4441064">
<ele>2522.695</ele>
<time>2023-04-06T10:28:28Z</time>
<hdop>3.79</hdop>
</trkpt>
<trkpt lat="46.7682288" lon="8.4442019">
<ele>2524.623</ele>
<time>2023-04-06T10:28:39Z</time>
<hdop>3.79</hdop>
</trkpt>
<trkpt lat="46.7682007" lon="8.4442915">
<ele>2526.301</ele>
<time>2023-04-06T10:28:51Z</time>
<hdop>3.79</hdop>
</trkpt>
<trkpt lat="46.768169" lon="8.444376">
<ele>2528.712</ele>
<time>2023-04-06T10:29:06Z</time>
<hdop>3.79</hdop>
</trkpt>
<trkpt lat="46.7681471" lon="8.4444684">
<ele>2531.489</ele>
<time>2023-04-06T10:29:18Z</time>
<hdop>3.79</hdop>
</trkpt>
<trkpt lat="46.7681769" lon="8.4445568">
<ele>2535.307</ele>
<time>2023-04-06T10:29:33Z</time>
<hdop>3.79</hdop>
</trkpt>
<trkpt lat="46.768246" lon="8.4445627">
<ele>2537.547</ele>
<time>2023-04-06T10:29:42Z</time>
<hdop>3.79</hdop>
</trkpt>
<trkpt lat="46.7683089" lon="8.4446055">
<ele>2538.763</ele>
<time>2023-04-06T10:29:54Z</time>
<hdop>3.79</hdop>
</trkpt>
<trkpt lat="46.7683652" lon="8.4446596">
<ele>2541.437</ele>
<time>2023-04-06T10:30:07Z</time>
<hdop>3.79</hdop>
</trkpt>
<trkpt lat="46.7684166" lon="8.4447183">
<ele>2543.374</ele>
<time>2023-04-06T10:30:18Z</time>
<hdop>3.79</hdop>
</trkpt>
<trkpt lat="46.7684722" lon="8.4447673">
<ele>2545.197</ele>
<time>2023-04-06T10:30:28Z</time>
<hdop>3.79</hdop>
</trkpt>
<trkpt lat="46.7685332" lon="8.4448108">
<ele>2545.553</ele>
<time>2023-04-06T10:30:38Z</time>
<hdop>3.79</hdop>
</trkpt>
<trkpt lat="46.7685889" lon="8.4448771">
<ele>2548.673</ele>
<time>2023-04-06T10:30:50Z</time>
<hdop>3.79</hdop>
</trkpt>
<trkpt lat="46.7686412" lon="8.4449409">
<ele>2550.842</ele>
<time>2023-04-06T10:31:02Z</time>
<hdop>3.79</hdop>
</trkpt>
<trkpt lat="46.7687007" lon="8.4449928">
<ele>2552.225</ele>
<time>2023-04-06T10:31:14Z</time>
<hdop>3.79</hdop>
</trkpt>
<trkpt lat="46.7687647" lon="8.44503">
<ele>2554.169</ele>
<time>2023-04-06T10:31:26Z</time>
<hdop>3.79</hdop>
</trkpt>
<trkpt lat="46.7688256" lon="8.4450763">
<ele>2555.388</ele>
<time>2023-04-06T10:31:37Z</time>
<hdop>3.79</hdop>
</trkpt>
<trkpt lat="46.7688841" lon="8.4451275">
<ele>2558.305</ele>
<time>2023-04-06T10:31:49Z</time>
<hdop>3.79</hdop>
</trkpt>
<trkpt lat="46.768929" lon="8.4452026">
<ele>2559.862</ele>
<time>2023-04-06T10:32:02Z</time>
<hdop>3.79</hdop>
</trkpt>
<trkpt lat="46.7689916" lon="8.44523">
<ele>2561.38</ele>
<time>2023-04-06T10:32:15Z</time>
<hdop>3.79</hdop>
</trkpt>
<trkpt lat="46.7690609" lon="8.4452366">
<ele>2562.448</ele>
<time>2023-04-06T10:32:27Z</time>
<hdop>3.79</hdop>
</trkpt>
<trkpt lat="46.7690772" lon="8.4453329">
<ele>2564.471</ele>
<time>2023-04-06T10:32:39Z</time>
<hdop>3.79</hdop>
</trkpt>
<trkpt lat="46.7690617" lon="8.445431">
<ele>2565.618</ele>
<time>2023-04-06T10:32:48Z</time>
<hdop>3.79</hdop>
</trkpt>
<trkpt lat="46.7691122" lon="8.4454982">
<ele>2570.147</ele>
<time>2023-04-06T10:33:00Z</time>
<hdop>3.79</hdop>
</trkpt>
<trkpt lat="46.7691799" lon="8.4455229">
<ele>2571.544</ele>
<time>2023-04-06T10:33:13Z</time>
<hdop>3.79</hdop>
</trkpt>
<trkpt lat="46.7692314" lon="8.4455816">
<ele>2574.285</ele>
<time>2023-04-06T10:33:25Z</time>
<hdop>3.79</hdop>
</trkpt>
<trkpt lat="46.7692975" lon="8.4456153">
<ele>2576.477</ele>
<time>2023-04-06T10:33:38Z</time>
<hdop>3.79</hdop>
</trkpt>
<trkpt lat="46.7693577" lon="8.4456513">
<ele>2578.383</ele>
<time>2023-04-06T10:33:51Z</time>
<hdop>3.79</hdop>
</trkpt>
<trkpt lat="46.7694058" lon="8.4457197">
<ele>2580.8</ele>
<time>2023-04-06T10:34:04Z</time>
<hdop>3.79</hdop>
</trkpt>
<trkpt lat="46.7693882" lon="8.4458173">
<ele>2581.652</ele>
<time>2023-04-06T10:34:14Z</time>
<hdop>3.79</hdop>
</trkpt>
<trkpt lat="46.7693746" lon="8.4459182">
<ele>2583.59</ele>
<time>2023-04-06T10:34:26Z</time>
<hdop>3.79</hdop>
</trkpt>
<trkpt lat="46.7693549" lon="8.4460099">
<ele>2586.133</ele>
<time>2023-04-06T10:34:35Z</time>
<hdop>3.79</hdop>
</trkpt>
<trkpt lat="46.7693311" lon="8.4460988">
<ele>2586.89</ele>
<time>2023-04-06T10:34:45Z</time>
<hdop>3.79</hdop>
</trkpt>
<trkpt lat="46.7692958" lon="8.4461839">
<ele>2588.249</ele>
<time>2023-04-06T10:34:55Z</time>
<hdop>3.79</hdop>
</trkpt>
<trkpt lat="46.7692519" lon="8.4462537">
<ele>2588.989</ele>
<time>2023-04-06T10:35:04Z</time>
<hdop>3.79</hdop>
</trkpt>
<trkpt lat="46.7693114" lon="8.4462997">
<ele>2593.21</ele>
<time>2023-04-06T10:35:15Z</time>
<hdop>3.79</hdop>
</trkpt>
<trkpt lat="46.769373" lon="8.4463294">
<ele>2594.588</ele>
<time>2023-04-06T10:35:26Z</time>
<hdop>3.79</hdop>
</trkpt>
<trkpt lat="46.7693148" lon="8.4462796">
<ele>2594.383</ele>
<time>2023-04-06T10:36:32Z</time>
<hdop>3.79</hdop>
</trkpt>
<trkpt lat="46.7693764" lon="8.4463137">
<ele>2593.814</ele>
<time>2023-04-06T10:37:35Z</time>
<hdop>3.79</hdop>
</trkpt>
<trkpt lat="46.7693883" lon="8.446411">
<ele>2595.901</ele>
<time>2023-04-06T10:37:44Z</time>
<hdop>3.79</hdop>
</trkpt>
<trkpt lat="46.7694543" lon="8.4464358">
<ele>2598.909</ele>
<time>2023-04-06T10:37:52Z</time>
<hdop>3.79</hdop>
</trkpt>
<trkpt lat="46.7695185" lon="8.4464063">
<ele>2599.965</ele>
<time>2023-04-06T10:37:58Z</time>
<hdop>3.79</hdop>
</trkpt>
<trkpt lat="46.7695813" lon="8.446378">
<ele>2601.65</ele>
<time>2023-04-06T10:38:05Z</time>
<hdop>3.79</hdop>
</trkpt>
<trkpt lat="46.7696475" lon="8.4463474">
<ele>2603.418</ele>
<time>2023-04-06T10:38:14Z</time>
<hdop>3.79</hdop>
</trkpt>
<trkpt lat="46.7697139" lon="8.4463188">
<ele>2606.556</ele>
<time>2023-04-06T10:38:26Z</time>
<hdop>3.79</hdop>
</trkpt>
<trkpt lat="46.7697789" lon="8.4463049">
<ele>2609.561</ele>
<time>2023-04-06T10:38:43Z</time>
<hdop>3.79</hdop>
</trkpt>
<trkpt lat="46.7697587" lon="8.4463958">
<ele>2610.145</ele>
<time>2023-04-06T10:38:55Z</time>
<hdop>3.79</hdop>
</trkpt>
<trkpt lat="46.7697366" lon="8.4464946">
<ele>2612.221</ele>
<time>2023-04-06T10:39:06Z</time>
<hdop>3.79</hdop>
</trkpt>
<trkpt lat="46.7697225" lon="8.4465887">
<ele>2614.431</ele>
<time>2023-04-06T10:39:15Z</time>
<hdop>3.79</hdop>
</trkpt>
<trkpt lat="46.7697862" lon="8.4465672">
<ele>2619.057</ele>
<time>2023-04-06T10:39:35Z</time>
<hdop>3.79</hdop>
</trkpt>
<trkpt lat="46.7698404" lon="8.4465059">
<ele>2621.067</ele>
<time>2023-04-06T10:39:56Z</time>
<hdop>3.79</hdop>
</trkpt>
<trkpt lat="46.7698992" lon="8.446459">
<ele>2624.103</ele>
<time>2023-04-06T10:40:13Z</time>
<hdop>3.79</hdop>
</trkpt>
<trkpt lat="46.7699669" lon="8.4464433">
<ele>2630.023</ele>
<time>2023-04-06T10:41:13Z</time>
<hdop>3.79</hdop>
</trkpt>
<trkpt lat="46.7700258" lon="8.4463865">
<ele>2631.797</ele>
<time>2023-04-06T10:41:22Z</time>
<hdop>3.79</hdop>
</trkpt>
<trkpt lat="46.770085" lon="8.4463388">
<ele>2633.585</ele>
<time>2023-04-06T10:41:32Z</time>
<hdop>3.79</hdop>
</trkpt>
<trkpt lat="46.7701359" lon="8.4462745">
<ele>2635.741</ele>
<time>2023-04-06T10:41:42Z</time>
<hdop>3.79</hdop>
</trkpt>
<trkpt lat="46.7701822" lon="8.4461989">
<ele>2638.465</ele>
<time>2023-04-06T10:41:53Z</time>
<hdop>3.79</hdop>
</trkpt>
<trkpt lat="46.7702192" lon="8.446117">
<ele>2641.532</ele>
<time>2023-04-06T10:42:04Z</time>
<hdop>3.79</hdop>
</trkpt>
<trkpt lat="46.7702777" lon="8.4461648">
<ele>2645.302</ele>
<time>2023-04-06T10:43:29Z</time>
<hdop>3.79</hdop>
</trkpt>
<trkpt lat="46.7702624" lon="8.4462771">
<ele>2645.299</ele>
<time>2023-04-06T10:43:47Z</time>
<hdop>3.79</hdop>
</trkpt>
<trkpt lat="46.7702389" lon="8.4463803">
<ele>2646.053</ele>
<time>2023-04-06T10:44:00Z</time>
<hdop>3.79</hdop>
</trkpt>
<trkpt lat="46.7702158" lon="8.4464837">
<ele>2647.241</ele>
<time>2023-04-06T10:44:07Z</time>
<hdop>3.79</hdop>
</trkpt>
<trkpt lat="46.7701914" lon="8.4465818">
<ele>2649.597</ele>
<time>2023-04-06T10:44:16Z</time>
<hdop>3.79</hdop>
</trkpt>
<trkpt lat="46.7701644" lon="8.4466741">
<ele>2650.721</ele>
<time>2023-04-06T10:44:25Z</time>
<hdop>3.79</hdop>
</trkpt>
<trkpt lat="46.7701724" lon="8.4467711">
<ele>2653.467</ele>
<time>2023-04-06T10:44:38Z</time>
<hdop>3.79</hdop>
</trkpt>
<trkpt lat="46.7702428" lon="8.4467516">
<ele>2653.916</ele>
<time>2023-04-06T10:46:20Z</time>
<hdop>3.79</hdop>
</trkpt>
<trkpt lat="46.7702912" lon="8.4466836">
<ele>2655.314</ele>
<time>2023-04-06T10:46:47Z</time>
<hdop>3.79</hdop>
</trkpt>
<trkpt lat="46.7702535" lon="8.446784">
<ele>2654.03</ele>
<time>2023-04-06T10:49:52Z</time>
<hdop>3.79</hdop>
</trkpt>
<trkpt lat="46.7702097" lon="8.4467034">
<ele>2653.068</ele>
<time>2023-04-06T10:50:12Z</time>
<hdop>3.79</hdop>
</trkpt>
<trkpt lat="46.7702025" lon="8.4466063">
<ele>2654.79</ele>
<time>2023-04-06T11:30:26Z</time>
<hdop>9.94</hdop>
</trkpt>
<trkpt lat="46.7702036" lon="8.4467064">
<ele>2653.06</ele>
<time>2023-04-06T11:35:36Z</time>
<hdop>3.79</hdop>
</trkpt>
<trkpt lat="46.7702541" lon="8.4467747">
<ele>2657.297</ele>
<time>2023-04-06T11:38:05Z</time>
<hdop>3.79</hdop>
</trkpt>
<trkpt lat="46.770264" lon="8.4469252">
<ele>2649.483</ele>
<time>2023-04-06T11:42:21Z</time>
<hdop>3.79</hdop>
</trkpt>
<trkpt lat="46.7703199" lon="8.4472028">
<ele>2638.866</ele>
<time>2023-04-06T11:42:26Z</time>
<hdop>4.29</hdop>
</trkpt>
<trkpt lat="46.7701578" lon="8.4481763">
<ele>2622.491</ele>
<time>2023-04-06T11:42:31Z</time>
<hdop>9.48</hdop>
</trkpt>
<trkpt lat="46.7702506" lon="8.448101">
<ele>2601.585</ele>
<time>2023-04-06T11:42:36Z</time>
<hdop>7.68</hdop>
</trkpt>
<trkpt lat="46.770269" lon="8.4481928">
<ele>2592.472</ele>
<time>2023-04-06T11:46:07Z</time>
<hdop>3.79</hdop>
</trkpt>
<trkpt lat="46.7703647" lon="8.448497">
<ele>2583.352</ele>
<time>2023-04-06T11:46:12Z</time>
<hdop>3.79</hdop>
</trkpt>
<trkpt lat="46.7702338" lon="8.4489781">
<ele>2575.379</ele>
<time>2023-04-06T11:46:17Z</time>
<hdop>3.79</hdop>
</trkpt>
<trkpt lat="46.7703834" lon="8.4493083">
<ele>2567.677</ele>
<time>2023-04-06T11:46:22Z</time>
<hdop>3.79</hdop>
</trkpt>
<trkpt lat="46.770611" lon="8.4495625">
<ele>2559.577</ele>
<time>2023-04-06T11:46:27Z</time>
<hdop>3.79</hdop>
</trkpt>
<trkpt lat="46.7707998" lon="8.4498405">
<ele>2554.188</ele>
<time>2023-04-06T11:46:32Z</time>
<hdop>3.79</hdop>
</trkpt>
<trkpt lat="46.7709706" lon="8.4500809">
<ele>2548.275</ele>
<time>2023-04-06T11:46:37Z</time>
<hdop>3.79</hdop>
</trkpt>
<trkpt lat="46.7711575" lon="8.4502934">
<ele>2540.477</ele>
<time>2023-04-06T11:46:42Z</time>
<hdop>3.79</hdop>
</trkpt>
<trkpt lat="46.7714235" lon="8.4504465">
<ele>2528.581</ele>
<time>2023-04-06T11:46:47Z</time>
<hdop>3.79</hdop>
</trkpt>
<trkpt lat="46.7715964" lon="8.4506657">
<ele>2516.869</ele>
<time>2023-04-06T11:46:52Z</time>
<hdop>3.79</hdop>
</trkpt>
<trkpt lat="46.7716732" lon="8.4507494">
<ele>2510.448</ele>
<time>2023-04-06T11:47:48Z</time>
<hdop>3.79</hdop>
</trkpt>
<trkpt lat="46.7718916" lon="8.4509572">
<ele>2495.856</ele>
<time>2023-04-06T11:47:53Z</time>
<hdop>3.79</hdop>
</trkpt>
<trkpt lat="46.7720798" lon="8.4511906">
<ele>2480.526</ele>
<time>2023-04-06T11:47:58Z</time>
<hdop>3.79</hdop>
</trkpt>
<trkpt lat="46.7722779" lon="8.4513155">
<ele>2465.084</ele>
<time>2023-04-06T11:48:03Z</time>
<hdop>3.79</hdop>
</trkpt>
<trkpt lat="46.7723621" lon="8.4512826">
<ele>2460.369</ele>
<time>2023-04-06T11:50:26Z</time>
<hdop>3.79</hdop>
</trkpt>
<trkpt lat="46.772593" lon="8.451321">
<ele>2450.57</ele>
<time>2023-04-06T11:50:31Z</time>
<hdop>4.67</hdop>
</trkpt>
<trkpt lat="46.7728287" lon="8.4513633">
<ele>2427.775</ele>
<time>2023-04-06T11:50:36Z</time>
<hdop>3.79</hdop>
</trkpt>
<trkpt lat="46.773057" lon="8.4514264">
<ele>2411.175</ele>
<time>2023-04-06T11:50:41Z</time>
<hdop>3.79</hdop>
</trkpt>
<trkpt lat="46.7733054" lon="8.4515304">
<ele>2398.263</ele>
<time>2023-04-06T11:50:46Z</time>
<hdop>3.79</hdop>
</trkpt>
<trkpt lat="46.7735174" lon="8.4516868">
<ele>2384.414</ele>
<time>2023-04-06T11:50:51Z</time>
<hdop>3.79</hdop>
</trkpt>
<trkpt lat="46.7737944" lon="8.4518497">
<ele>2374.845</ele>
<time>2023-04-06T11:50:56Z</time>
<hdop>3.86</hdop>
</trkpt>
<trkpt lat="46.7740172" lon="8.4522099">
<ele>2354.492</ele>
<time>2023-04-06T11:51:01Z</time>
<hdop>3.79</hdop>
</trkpt>
<trkpt lat="46.774298" lon="8.4525565">
<ele>2343.055</ele>
<time>2023-04-06T11:51:06Z</time>
<hdop>3.79</hdop>
</trkpt>
<trkpt lat="46.7741903" lon="8.4528957">
<ele>2337.915</ele>
<time>2023-04-06T11:51:11Z</time>
<hdop>3.79</hdop>
</trkpt>
<trkpt lat="46.7741423" lon="8.4530804">
<ele>2335.895</ele>
<time>2023-04-06T11:51:16Z</time>
<hdop>3.79</hdop>
</trkpt>
<trkpt lat="46.7741155" lon="8.4532037">
<ele>2330.708</ele>
<time>2023-04-06T11:53:30Z</time>
<hdop>3.79</hdop>
</trkpt>
<trkpt lat="46.7740244" lon="8.4536644">
<ele>2321.222</ele>
<time>2023-04-06T11:53:35Z</time>
<hdop>3.79</hdop>
</trkpt>
<trkpt lat="46.7742009" lon="8.4539735">
<ele>2307.259</ele>
<time>2023-04-06T11:53:40Z</time>
<hdop>3.79</hdop>
</trkpt>
<trkpt lat="46.7744223" lon="8.454116">
<ele>2292.361</ele>
<time>2023-04-06T11:53:45Z</time>
<hdop>3.79</hdop>
</trkpt>
<trkpt lat="46.7746571" lon="8.4543022">
<ele>2280.66</ele>
<time>2023-04-06T11:53:50Z</time>
<hdop>3.79</hdop>
</trkpt>
<trkpt lat="46.774909" lon="8.4544598">
<ele>2261.293</ele>
<time>2023-04-06T11:53:55Z</time>
<hdop>3.79</hdop>
</trkpt>
<trkpt lat="46.7751327" lon="8.4546151">
<ele>2241.684</ele>
<time>2023-04-06T11:54:00Z</time>
<hdop>3.79</hdop>
</trkpt>
<trkpt lat="46.7753321" lon="8.454685">
<ele>2231.343</ele>
<time>2023-04-06T11:54:05Z</time>
<hdop>4.21</hdop>
</trkpt>
<trkpt lat="46.7757225" lon="8.4550869">
<ele>2215.794</ele>
<time>2023-04-06T11:54:10Z</time>
<hdop>3.79</hdop>
</trkpt>
<trkpt lat="46.7759094" lon="8.4554204">
<ele>2211.241</ele>
<time>2023-04-06T11:54:15Z</time>
<hdop>3.79</hdop>
</trkpt>
<trkpt lat="46.776016" lon="8.4555716">
<ele>2208.023</ele>
<time>2023-04-06T11:54:20Z</time>
<hdop>3.79</hdop>
</trkpt>
<trkpt lat="46.7760541" lon="8.4557036">
<ele>2206.011</ele>
<time>2023-04-06T11:54:25Z</time>
<hdop>3.79</hdop>
</trkpt>
<trkpt lat="46.776078" lon="8.4558452">
<ele>2204.065</ele>
<time>2023-04-06T11:54:30Z</time>
<hdop>3.79</hdop>
</trkpt>
<trkpt lat="46.7760905" lon="8.4559469">
<ele>2203.02</ele>
<time>2023-04-06T11:54:35Z</time>
<hdop>3.79</hdop>
</trkpt>
<trkpt lat="46.7760766" lon="8.4560416">
<ele>2203.147</ele>
<time>2023-04-06T12:04:54Z</time>
<hdop>4.7</hdop>
</trkpt>
<trkpt lat="46.7760546" lon="8.4561404">
<ele>2206.911</ele>
<time>2023-04-06T12:05:18Z</time>
<hdop>3.79</hdop>
</trkpt>
<trkpt lat="46.7760481" lon="8.4562393">
<ele>2208.123</ele>
<time>2023-04-06T12:05:28Z</time>
<hdop>3.79</hdop>
</trkpt>
<trkpt lat="46.7760331" lon="8.4563322">
<ele>2209.131</ele>
<time>2023-04-06T12:05:37Z</time>
<hdop>3.79</hdop>
</trkpt>
<trkpt lat="46.7760309" lon="8.4564331">
<ele>2210.091</ele>
<time>2023-04-06T12:05:46Z</time>
<hdop>3.79</hdop>
</trkpt>
<trkpt lat="46.776046" lon="8.456532">
<ele>2211.592</ele>
<time>2023-04-06T12:05:57Z</time>
<hdop>3.79</hdop>
</trkpt>
<trkpt lat="46.7760838" lon="8.4566117">
<ele>2214.234</ele>
<time>2023-04-06T12:06:07Z</time>
<hdop>3.79</hdop>
</trkpt>
<trkpt lat="46.7760228" lon="8.45666">
<ele>2214.68</ele>
<time>2023-04-06T12:06:22Z</time>
<hdop>3.79</hdop>
</trkpt>
<trkpt lat="46.7759568" lon="8.4566666">
<ele>2216.14</ele>
<time>2023-04-06T12:06:33Z</time>
<hdop>9.94</hdop>
</trkpt>
<trkpt lat="46.7758967" lon="8.45671">
<ele>2218.505</ele>
<time>2023-04-06T12:06:44Z</time>
<hdop>9.94</hdop>
</trkpt>
<trkpt lat="46.7758469" lon="8.4567786">
<ele>2219.924</ele>
<time>2023-04-06T12:06:54Z</time>
<hdop>9.94</hdop>
</trkpt>
<trkpt lat="46.7757967" lon="8.4568428">
<ele>2221.271</ele>
<time>2023-04-06T12:07:06Z</time>
<hdop>9.94</hdop>
</trkpt>
<trkpt lat="46.7757442" lon="8.4568983">
<ele>2222.551</ele>
<time>2023-04-06T12:07:17Z</time>
<hdop>9.94</hdop>
</trkpt>
<trkpt lat="46.7757979" lon="8.4569556">
<ele>2226.433</ele>
<time>2023-04-06T12:07:44Z</time>
<hdop>9.94</hdop>
</trkpt>
<trkpt lat="46.775852" lon="8.4570125">
<ele>2227.34</ele>
<time>2023-04-06T12:08:01Z</time>
<hdop>9.94</hdop>
</trkpt>
<trkpt lat="46.775922" lon="8.4570187">
<ele>2226.953</ele>
<time>2023-04-06T12:08:14Z</time>
<hdop>9.94</hdop>
</trkpt>
<trkpt lat="46.7759888" lon="8.4570408">
<ele>2229.622</ele>
<time>2023-04-06T12:08:23Z</time>
<hdop>9.94</hdop>
</trkpt>
<trkpt lat="46.776004" lon="8.4571339">
<ele>2230.41</ele>
<time>2023-04-06T12:08:36Z</time>
<hdop>9.94</hdop>
</trkpt>
<trkpt lat="46.7759512" lon="8.4571965">
<ele>2230.879</ele>
<time>2023-04-06T12:08:45Z</time>
<hdop>9.94</hdop>
</trkpt>
<trkpt lat="46.7758998" lon="8.4572656">
<ele>2231.72</ele>
<time>2023-04-06T12:08:55Z</time>
<hdop>9.94</hdop>
</trkpt>
<trkpt lat="46.7758416" lon="8.4573116">
<ele>2232.735</ele>
<time>2023-04-06T12:09:05Z</time>
<hdop>9.94</hdop>
</trkpt>
<trkpt lat="46.7757793" lon="8.4573397">
<ele>2233.444</ele>
<time>2023-04-06T12:09:58Z</time>
<hdop>9.94</hdop>
</trkpt>
<trkpt lat="46.7758144" lon="8.4574219">
<ele>2238.625</ele>
<time>2023-04-06T12:10:23Z</time>
<hdop>9.94</hdop>
</trkpt>
<trkpt lat="46.7758739" lon="8.4574645">
<ele>2240.65</ele>
<time>2023-04-06T12:10:34Z</time>
<hdop>9.94</hdop>
</trkpt>
<trkpt lat="46.775937" lon="8.4575133">
<ele>2243.033</ele>
<time>2023-04-06T12:10:45Z</time>
<hdop>9.94</hdop>
</trkpt>
<trkpt lat="46.7759901" lon="8.4575683">
<ele>2245.311</ele>
<time>2023-04-06T12:10:55Z</time>
<hdop>9.94</hdop>
</trkpt>
<trkpt lat="46.7760308" lon="8.4576499">
<ele>2247.624</ele>
<time>2023-04-06T12:11:06Z</time>
<hdop>3.79</hdop>
</trkpt>
<trkpt lat="46.7760623" lon="8.4577335">
<ele>2249.93</ele>
<time>2023-04-06T12:11:16Z</time>
<hdop>3.79</hdop>
</trkpt>
<trkpt lat="46.7760943" lon="8.4578238">
<ele>2250.906</ele>
<time>2023-04-06T12:11:27Z</time>
<hdop>3.79</hdop>
</trkpt>
<trkpt lat="46.7761285" lon="8.4579111">
<ele>2251.353</ele>
<time>2023-04-06T12:11:38Z</time>
<hdop>3.79</hdop>
</trkpt>
<trkpt lat="46.7761735" lon="8.4579908">
<ele>2251.561</ele>
<time>2023-04-06T12:11:49Z</time>
<hdop>3.79</hdop>
</trkpt>
<trkpt lat="46.7762114" lon="8.4580768">
<ele>2252.55</ele>
<time>2023-04-06T12:12:00Z</time>
<hdop>3.79</hdop>
</trkpt>
<trkpt lat="46.7762483" lon="8.4581625">
<ele>2254.676</ele>
<time>2023-04-06T12:12:12Z</time>
<hdop>3.79</hdop>
</trkpt>
<trkpt lat="46.7762827" lon="8.4582446">
<ele>2256.22</ele>
<time>2023-04-06T12:12:24Z</time>
<hdop>3.79</hdop>
</trkpt>
<trkpt lat="46.7763311" lon="8.4583105">
<ele>2258.954</ele>
<time>2023-04-06T12:12:37Z</time>
<hdop>3.79</hdop>
</trkpt>
<trkpt lat="46.7763737" lon="8.4583918">
<ele>2259.755</ele>
<time>2023-04-06T12:12:50Z</time>
<hdop>3.79</hdop>
</trkpt>
<trkpt lat="46.7764134" lon="8.4584697">
<ele>2260.766</ele>
<time>2023-04-06T12:13:01Z</time>
<hdop>3.79</hdop>
</trkpt>
<trkpt lat="46.7763556" lon="8.4585182">
<ele>2260.62</ele>
<time>2023-04-06T12:13:28Z</time>
<hdop>9.94</hdop>
</trkpt>
<trkpt lat="46.7763003" lon="8.4584613">
<ele>2258.995</ele>
<time>2023-04-06T12:15:12Z</time>
<hdop>9.94</hdop>
</trkpt>
<trkpt lat="46.7762349" lon="8.4584462">
<ele>2257.504</ele>
<time>2023-04-06T12:15:25Z</time>
<hdop>3.79</hdop>
</trkpt>
<trkpt lat="46.7761703" lon="8.4584094">
<ele>2259.169</ele>
<time>2023-04-06T12:15:37Z</time>
<hdop>3.79</hdop>
</trkpt>
<trkpt lat="46.7761047" lon="8.4583671">
<ele>2262.627</ele>
<time>2023-04-06T12:15:51Z</time>
<hdop>3.79</hdop>
</trkpt>
<trkpt lat="46.7760418" lon="8.4583319">
<ele>2265.164</ele>
<time>2023-04-06T12:16:05Z</time>
<hdop>3.79</hdop>
</trkpt>
<trkpt lat="46.7760858" lon="8.4584028">
<ele>2268.163</ele>
<time>2023-04-06T12:16:41Z</time>
<hdop>3.79</hdop>
</trkpt>
<trkpt lat="46.776115" lon="8.4584909">
<ele>2270.707</ele>
<time>2023-04-06T12:16:54Z</time>
<hdop>9.94</hdop>
</trkpt>
<trkpt lat="46.7761462" lon="8.4585766">
<ele>2272.528</ele>
<time>2023-04-06T12:17:06Z</time>
<hdop>9.94</hdop>
</trkpt>
<trkpt lat="46.7761928" lon="8.4586516">
<ele>2272.685</ele>
<time>2023-04-06T12:17:19Z</time>
<hdop>9.94</hdop>
</trkpt>
<trkpt lat="46.7762589" lon="8.4586652">
<ele>2275.02</ele>
<time>2023-04-06T12:17:30Z</time>
<hdop>9.94</hdop>
</trkpt>
<trkpt lat="46.7763178" lon="8.4587138">
<ele>2277.245</ele>
<time>2023-04-06T12:17:44Z</time>
<hdop>9.94</hdop>
</trkpt>
<trkpt lat="46.7763701" lon="8.4587807">
<ele>2280.207</ele>
<time>2023-04-06T12:17:57Z</time>
<hdop>3.79</hdop>
</trkpt>
<trkpt lat="46.7763919" lon="8.4588733">
<ele>2282.103</ele>
<time>2023-04-06T12:18:09Z</time>
<hdop>3.79</hdop>
</trkpt>
<trkpt lat="46.7763872" lon="8.4589734">
<ele>2283.54</ele>
<time>2023-04-06T12:18:21Z</time>
<hdop>3.79</hdop>
</trkpt>
<trkpt lat="46.7763165" lon="8.4589806">
<ele>2284.051</ele>
<time>2023-04-06T12:18:40Z</time>
<hdop>3.79</hdop>
</trkpt>
<trkpt lat="46.7762553" lon="8.4589474">
<ele>2285.541</ele>
<time>2023-04-06T12:18:53Z</time>
<hdop>9.94</hdop>
</trkpt>
<trkpt lat="46.7761867" lon="8.4589602">
<ele>2287.409</ele>
<time>2023-04-06T12:19:06Z</time>
<hdop>9.94</hdop>
</trkpt>
<trkpt lat="46.7762335" lon="8.4590268">
<ele>2291.914</ele>
<time>2023-04-06T12:19:20Z</time>
<hdop>9.94</hdop>
</trkpt>
<trkpt lat="46.7762666" lon="8.4591111">
<ele>2294.694</ele>
<time>2023-04-06T12:19:32Z</time>
<hdop>9.94</hdop>
</trkpt>
<trkpt lat="46.7762016" lon="8.4591137">
<ele>2296.071</ele>
<time>2023-04-06T12:19:48Z</time>
<hdop>9.94</hdop>
</trkpt>
<trkpt lat="46.7761305" lon="8.4591122">
<ele>2298.482</ele>
<time>2023-04-06T12:20:00Z</time>
<hdop>9.94</hdop>
</trkpt>
<trkpt lat="46.7761544" lon="8.4592009">
<ele>2300.979</ele>
<time>2023-04-06T12:20:26Z</time>
<hdop>9.94</hdop>
</trkpt>
<trkpt lat="46.7761894" lon="8.4592881">
<ele>2303.366</ele>
<time>2023-04-06T12:20:38Z</time>
<hdop>9.94</hdop>
</trkpt>
<trkpt lat="46.7761292" lon="8.4593265">
<ele>2304.525</ele>
<time>2023-04-06T12:21:03Z</time>
<hdop>3.79</hdop>
</trkpt>
<trkpt lat="46.7760632" lon="8.4593094">
<ele>2305.521</ele>
<time>2023-04-06T12:21:14Z</time>
<hdop>3.79</hdop>
</trkpt>
<trkpt lat="46.7760998" lon="8.4593962">
<ele>2311.33</ele>
<time>2023-04-06T12:21:38Z</time>
<hdop>3.79</hdop>
</trkpt>
<trkpt lat="46.7761299" lon="8.4594804">
<ele>2312.856</ele>
<time>2023-04-06T12:21:49Z</time>
<hdop>3.79</hdop>
</trkpt>
<trkpt lat="46.7760633" lon="8.459521">
<ele>2315.905</ele>
<time>2023-04-06T12:22:14Z</time>
<hdop>3.79</hdop>
</trkpt>
<trkpt lat="46.7759983" lon="8.4595265">
<ele>2315.992</ele>
<time>2023-04-06T12:22:26Z</time>
<hdop>3.79</hdop>
</trkpt>
<trkpt lat="46.7760551" lon="8.4595765">
<ele>2317.271</ele>
<time>2023-04-06T12:22:37Z</time>
<hdop>3.79</hdop>
</trkpt>
<trkpt lat="46.7760864" lon="8.4596602">
<ele>2320.45</ele>
<time>2023-04-06T12:22:52Z</time>
<hdop>3.79</hdop>
</trkpt>
<trkpt lat="46.7761102" lon="8.4597519">
<ele>2321.294</ele>
<time>2023-04-06T12:23:16Z</time>
<hdop>3.79</hdop>
</trkpt>
<trkpt lat="46.7761328" lon="8.4598455">
<ele>2322.462</ele>
<time>2023-04-06T12:23:26Z</time>
<hdop>9.94</hdop>
</trkpt>
<trkpt lat="46.7761537" lon="8.4599441">
<ele>2323.295</ele>
<time>2023-04-06T12:23:38Z</time>
<hdop>9.94</hdop>
</trkpt>
<trkpt lat="46.7761884" lon="8.4600378">
<ele>2324.084</ele>
<time>2023-04-06T12:23:48Z</time>
<hdop>9.94</hdop>
</trkpt>
<trkpt lat="46.7762195" lon="8.4601223">
<ele>2326.234</ele>
<time>2023-04-06T12:23:58Z</time>
<hdop>9.94</hdop>
</trkpt>
<trkpt lat="46.7762668" lon="8.460192">
<ele>2326.93</ele>
<time>2023-04-06T12:24:08Z</time>
<hdop>9.94</hdop>
</trkpt>
<trkpt lat="46.7763096" lon="8.4602719">
<ele>2327.495</ele>
<time>2023-04-06T12:24:18Z</time>
<hdop>9.94</hdop>
</trkpt>
<trkpt lat="46.7762412" lon="8.4603048">
<ele>2333.151</ele>
<time>2023-04-06T12:25:27Z</time>
<hdop>3.79</hdop>
</trkpt>
<trkpt lat="46.7761757" lon="8.4602826">
<ele>2330.403</ele>
<time>2023-04-06T12:25:38Z</time>
<hdop>3.79</hdop>
</trkpt>
<trkpt lat="46.7761173" lon="8.460239">
<ele>2333.576</ele>
<time>2023-04-06T12:25:47Z</time>
<hdop>3.79</hdop>
</trkpt>
<trkpt lat="46.7761397" lon="8.4603311">
<ele>2336.921</ele>
<time>2023-04-06T12:26:08Z</time>
<hdop>3.79</hdop>
</trkpt>
<trkpt lat="46.7761878" lon="8.4604006">
<ele>2338.974</ele>
<time>2023-04-06T12:26:17Z</time>
<hdop>3.79</hdop>
</trkpt>
<trkpt lat="46.7762321" lon="8.46047">
<ele>2338.824</ele>
<time>2023-04-06T12:26:29Z</time>
<hdop>3.79</hdop>
</trkpt>
<trkpt lat="46.776294" lon="8.4605172">
<ele>2339.623</ele>
<time>2023-04-06T12:26:42Z</time>
<hdop>3.79</hdop>
</trkpt>
<trkpt lat="46.7762466" lon="8.4605844">
<ele>2342.047</ele>
<time>2023-04-06T12:27:05Z</time>
<hdop>3.79</hdop>
</trkpt>
<trkpt lat="46.7761809" lon="8.4605824">
<ele>2343.452</ele>
<time>2023-04-06T12:27:15Z</time>
<hdop>3.79</hdop>
</trkpt>
<trkpt lat="46.7761132" lon="8.4605766">
<ele>2343.611</ele>
<time>2023-04-06T12:27:25Z</time>
<hdop>3.79</hdop>
</trkpt>
<trkpt lat="46.7760481" lon="8.4605599">
<ele>2344.053</ele>
<time>2023-04-06T12:27:35Z</time>
<hdop>3.79</hdop>
</trkpt>
<trkpt lat="46.7759867" lon="8.4605293">
<ele>2344.783</ele>
<time>2023-04-06T12:27:49Z</time>
<hdop>3.79</hdop>
</trkpt>
<trkpt lat="46.7759968" lon="8.460629">
<ele>2349.838</ele>
<time>2023-04-06T12:28:21Z</time>
<hdop>3.79</hdop>
</trkpt>
<trkpt lat="46.7760464" lon="8.4606909">
<ele>2351.747</ele>
<time>2023-04-06T12:28:32Z</time>
<hdop>3.79</hdop>
</trkpt>
<trkpt lat="46.7761018" lon="8.4607412">
<ele>2354.088</ele>
<time>2023-04-06T12:28:43Z</time>
<hdop>3.79</hdop>
</trkpt>
<trkpt lat="46.7760385" lon="8.4607748">
<ele>2353.398</ele>
<time>2023-04-06T12:28:55Z</time>
<hdop>3.79</hdop>
</trkpt>
<trkpt lat="46.7759676" lon="8.4607635">
<ele>2353.002</ele>
<time>2023-04-06T12:29:04Z</time>
<hdop>3.79</hdop>
</trkpt>
<trkpt lat="46.775906" lon="8.4607172">
<ele>2352.935</ele>
<time>2023-04-06T12:29:16Z</time>
<hdop>3.79</hdop>
</trkpt>
<trkpt lat="46.775851" lon="8.4606665">
<ele>2354.299</ele>
<time>2023-04-06T12:29:28Z</time>
<hdop>3.79</hdop>
</trkpt>
<trkpt lat="46.7758553" lon="8.4607609">
<ele>2361.148</ele>
<time>2023-04-06T12:30:00Z</time>
<hdop>3.79</hdop>
</trkpt>
<trkpt lat="46.7758875" lon="8.460848">
<ele>2365.325</ele>
<time>2023-04-06T12:30:13Z</time>
<hdop>3.79</hdop>
</trkpt>
<trkpt lat="46.775919" lon="8.4609343">
<ele>2366.331</ele>
<time>2023-04-06T12:30:23Z</time>
<hdop>3.79</hdop>
</trkpt>
<trkpt lat="46.775967" lon="8.4609995">
<ele>2367.243</ele>
<time>2023-04-06T12:30:36Z</time>
<hdop>3.79</hdop>
</trkpt>
<trkpt lat="46.7760298" lon="8.4610453">
<ele>2368.011</ele>
<time>2023-04-06T12:30:49Z</time>
<hdop>9.94</hdop>
</trkpt>
<trkpt lat="46.7759664" lon="8.4610878">
<ele>2369.002</ele>
<time>2023-04-06T12:31:08Z</time>
<hdop>3.79</hdop>
</trkpt>
<trkpt lat="46.7758989" lon="8.4610791">
<ele>2368.794</ele>
<time>2023-04-06T12:31:18Z</time>
<hdop>3.79</hdop>
</trkpt>
<trkpt lat="46.7758297" lon="8.4610541">
<ele>2370.156</ele>
<time>2023-04-06T12:31:36Z</time>
<hdop>3.79</hdop>
</trkpt>
<trkpt lat="46.7757683" lon="8.461003">
<ele>2371.212</ele>
<time>2023-04-06T12:31:46Z</time>
<hdop>3.79</hdop>
</trkpt>
<trkpt lat="46.7757135" lon="8.4609398">
<ele>2373.623</ele>
<time>2023-04-06T12:31:57Z</time>
<hdop>3.79</hdop>
</trkpt>
<trkpt lat="46.7756571" lon="8.4608908">
<ele>2372.583</ele>
<time>2023-04-06T12:32:07Z</time>
<hdop>3.79</hdop>
</trkpt>
<trkpt lat="46.7756161" lon="8.4609687">
<ele>2378.432</ele>
<time>2023-04-06T12:32:27Z</time>
<hdop>3.79</hdop>
</trkpt>
<trkpt lat="46.7755971" lon="8.4610602">
<ele>2379.691</ele>
<time>2023-04-06T12:32:36Z</time>
<hdop>3.79</hdop>
</trkpt>
<trkpt lat="46.7755607" lon="8.4611414">
<ele>2381.214</ele>
<time>2023-04-06T12:32:45Z</time>
<hdop>3.79</hdop>
</trkpt>
<trkpt lat="46.775512" lon="8.461214">
<ele>2382.237</ele>
<time>2023-04-06T12:32:56Z</time>
<hdop>3.79</hdop>
</trkpt>
<trkpt lat="46.7754573" lon="8.4612676">
<ele>2381.111</ele>
<time>2023-04-06T12:33:06Z</time>
<hdop>3.79</hdop>
</trkpt>
<trkpt lat="46.7754041" lon="8.4613276">
<ele>2383.877</ele>
<time>2023-04-06T12:33:14Z</time>
<hdop>3.79</hdop>
</trkpt>
<trkpt lat="46.7753541" lon="8.4613884">
<ele>2383.331</ele>
<time>2023-04-06T12:33:24Z</time>
<hdop>3.79</hdop>
</trkpt>
<trkpt lat="46.7752918" lon="8.4614308">
<ele>2384.802</ele>
<time>2023-04-06T12:33:34Z</time>
<hdop>3.79</hdop>
</trkpt>
<trkpt lat="46.7753575" lon="8.4614607">
<ele>2387.131</ele>
<time>2023-04-06T12:33:46Z</time>
<hdop>3.79</hdop>
</trkpt>
<trkpt lat="46.7754245" lon="8.4614948">
<ele>2387.986</ele>
<time>2023-04-06T12:33:57Z</time>
<hdop>3.79</hdop>
</trkpt>
<trkpt lat="46.7754941" lon="8.4615161">
<ele>2390.075</ele>
<time>2023-04-06T12:41:07Z</time>
<hdop>3.79</hdop>
</trkpt>
<trkpt lat="46.7755512" lon="8.4615669">
<ele>2390.938</ele>
<time>2023-04-06T12:41:18Z</time>
<hdop>9.94</hdop>
</trkpt>
<trkpt lat="46.7756102" lon="8.4616161">
<ele>2391.484</ele>
<time>2023-04-06T12:41:29Z</time>
<hdop>9.94</hdop>
</trkpt>
<trkpt lat="46.7756823" lon="8.4616166">
<ele>2393.795</ele>
<time>2023-04-06T12:41:40Z</time>
<hdop>9.94</hdop>
</trkpt>
<trkpt lat="46.7757495" lon="8.4616218">
<ele>2395.078</ele>
<time>2023-04-06T12:41:55Z</time>
<hdop>3.79</hdop>
</trkpt>
<trkpt lat="46.7758141" lon="8.4616619">
<ele>2396.996</ele>
<time>2023-04-06T12:42:09Z</time>
<hdop>3.79</hdop>
</trkpt>
<trkpt lat="46.7758673" lon="8.4617185">
<ele>2397.851</ele>
<time>2023-04-06T12:42:22Z</time>
<hdop>3.79</hdop>
</trkpt>
<trkpt lat="46.7759319" lon="8.4617487">
<ele>2400.114</ele>
<time>2023-04-06T12:42:34Z</time>
<hdop>3.79</hdop>
</trkpt>
<trkpt lat="46.775998" lon="8.4617809">
<ele>2400.951</ele>
<time>2023-04-06T12:42:45Z</time>
<hdop>3.79</hdop>
</trkpt>
<trkpt lat="46.7760256" lon="8.4618679">
<ele>2403.405</ele>
<time>2023-04-06T12:42:57Z</time>
<hdop>3.79</hdop>
</trkpt>
<trkpt lat="46.7759667" lon="8.4619073">
<ele>2400.837</ele>
<time>2023-04-06T12:43:07Z</time>
<hdop>3.79</hdop>
</trkpt>
<trkpt lat="46.7759021" lon="8.4619402">
<ele>2403.148</ele>
<time>2023-04-06T12:43:18Z</time>
<hdop>3.79</hdop>
</trkpt>
<trkpt lat="46.7758365" lon="8.4619437">
<ele>2404.286</ele>
<time>2023-04-06T12:43:31Z</time>
<hdop>3.79</hdop>
</trkpt>
<trkpt lat="46.7757696" lon="8.4619633">
<ele>2403.85</ele>
<time>2023-04-06T12:43:43Z</time>
<hdop>3.79</hdop>
</trkpt>
<trkpt lat="46.7757041" lon="8.4619665">
<ele>2403.721</ele>
<time>2023-04-06T12:43:57Z</time>
<hdop>3.79</hdop>
</trkpt>
<trkpt lat="46.775646" lon="8.4620125">
<ele>2409.081</ele>
<time>2023-04-06T12:44:10Z</time>
<hdop>3.79</hdop>
</trkpt>
<trkpt lat="46.7755825" lon="8.4620437">
<ele>2409.864</ele>
<time>2023-04-06T12:44:25Z</time>
<hdop>3.79</hdop>
</trkpt>
<trkpt lat="46.7755198" lon="8.462073">
<ele>2413.604</ele>
<time>2023-04-06T12:44:39Z</time>
<hdop>3.79</hdop>
</trkpt>
<trkpt lat="46.77545" lon="8.4620905">
<ele>2414.256</ele>
<time>2023-04-06T12:44:51Z</time>
<hdop>9.94</hdop>
</trkpt>
<trkpt lat="46.7753822" lon="8.4620834">
<ele>2417.802</ele>
<time>2023-04-06T12:45:06Z</time>
<hdop>9.94</hdop>
</trkpt>
<trkpt lat="46.7753169" lon="8.4620832">
<ele>2418.615</ele>
<time>2023-04-06T12:45:16Z</time>
<hdop>9.94</hdop>
</trkpt>
<trkpt lat="46.7753744" lon="8.4621298">
<ele>2425.658</ele>
<time>2023-04-06T12:46:21Z</time>
<hdop>9.94</hdop>
</trkpt>
<trkpt lat="46.7754304" lon="8.4621813">
<ele>2428.195</ele>
<time>2023-04-06T12:46:31Z</time>
<hdop>9.94</hdop>
</trkpt>
<trkpt lat="46.7754869" lon="8.462235">
<ele>2429.269</ele>
<time>2023-04-06T12:46:46Z</time>
<hdop>9.94</hdop>
</trkpt>
<trkpt lat="46.7755511" lon="8.4622615">
<ele>2431.375</ele>
<time>2023-04-06T12:46:59Z</time>
<hdop>9.94</hdop>
</trkpt>
<trkpt lat="46.7756141" lon="8.462301">
<ele>2433.014</ele>
<time>2023-04-06T12:47:15Z</time>
<hdop>9.94</hdop>
</trkpt>
<trkpt lat="46.7755601" lon="8.4623545">
<ele>2433.717</ele>
<time>2023-04-06T12:47:45Z</time>
<hdop>9.94</hdop>
</trkpt>
<trkpt lat="46.7755009" lon="8.4623971">
<ele>2432.112</ele>
<time>2023-04-06T12:47:55Z</time>
<hdop>9.94</hdop>
</trkpt>
<trkpt lat="46.775436" lon="8.4624139">
<ele>2431.761</ele>
<time>2023-04-06T12:48:09Z</time>
<hdop>9.94</hdop>
</trkpt>
<trkpt lat="46.7753705" lon="8.4623764">
<ele>2431.964</ele>
<time>2023-04-06T12:48:26Z</time>
<hdop>9.94</hdop>
</trkpt>
<trkpt lat="46.7753058" lon="8.4623686">
<ele>2434.248</ele>
<time>2023-04-06T12:48:44Z</time>
<hdop>9.94</hdop>
</trkpt>
<trkpt lat="46.7753687" lon="8.4624015">
<ele>2443.214</ele>
<time>2023-04-06T12:49:08Z</time>
<hdop>9.94</hdop>
</trkpt>
<trkpt lat="46.7754176" lon="8.4624697">
<ele>2444.354</ele>
<time>2023-04-06T12:49:27Z</time>
<hdop>9.94</hdop>
</trkpt>
<trkpt lat="46.7754705" lon="8.4625303">
<ele>2445.512</ele>
<time>2023-04-06T12:49:45Z</time>
<hdop>9.94</hdop>
</trkpt>
<trkpt lat="46.7755369" lon="8.4625527">
<ele>2446.069</ele>
<time>2023-04-06T12:50:01Z</time>
<hdop>9.94</hdop>
</trkpt>
<trkpt lat="46.7756025" lon="8.4625739">
<ele>2448.024</ele>
<time>2023-04-06T12:50:14Z</time>
<hdop>9.94</hdop>
</trkpt>
<trkpt lat="46.7755533" lon="8.4626407">
<ele>2447.776</ele>
<time>2023-04-06T12:50:33Z</time>
<hdop>9.94</hdop>
</trkpt>
<trkpt lat="46.7754964" lon="8.4626864">
<ele>2443.259</ele>
<time>2023-04-06T12:50:41Z</time>
<hdop>9.94</hdop>
</trkpt>
<trkpt lat="46.7754283" lon="8.4626878">
<ele>2447.526</ele>
<time>2023-04-06T12:51:04Z</time>
<hdop>9.94</hdop>
</trkpt>
<trkpt lat="46.7754959" lon="8.4627291">
<ele>2454.9</ele>
<time>2023-04-06T12:51:35Z</time>
<hdop>9.94</hdop>
</trkpt>
<trkpt lat="46.7755633" lon="8.4627436">
<ele>2458.006</ele>
<time>2023-04-06T12:51:48Z</time>
<hdop>9.94</hdop>
</trkpt>
<trkpt lat="46.7756291" lon="8.4627189">
<ele>2458.622</ele>
<time>2023-04-06T12:52:37Z</time>
<hdop>9.94</hdop>
</trkpt>
<trkpt lat="46.7755939" lon="8.462799">
<ele>2456.776</ele>
<time>2023-04-06T12:52:48Z</time>
<hdop>9.94</hdop>
</trkpt>
<trkpt lat="46.7755333" lon="8.4628421">
<ele>2457.31</ele>
<time>2023-04-06T12:52:57Z</time>
<hdop>9.94</hdop>
</trkpt>
<trkpt lat="46.7756013" lon="8.4628658">
<ele>2461.481</ele>
<time>2023-04-06T12:53:30Z</time>
<hdop>9.94</hdop>
</trkpt>
<trkpt lat="46.7756642" lon="8.4628375">
<ele>2463.511</ele>
<time>2023-04-06T12:53:40Z</time>
<hdop>9.94</hdop>
</trkpt>
<trkpt lat="46.7756732" lon="8.462933">
<ele>2467.735</ele>
<time>2023-04-06T12:54:16Z</time>
<hdop>9.94</hdop>
</trkpt>
<trkpt lat="46.7756152" lon="8.4629892">
<ele>2467.694</ele>
<time>2023-04-06T12:54:26Z</time>
<hdop>9.94</hdop>
</trkpt>
<trkpt lat="46.7755502" lon="8.4629999">
<ele>2469.297</ele>
<time>2023-04-06T12:54:39Z</time>
<hdop>9.94</hdop>
</trkpt>
<trkpt lat="46.7756184" lon="8.4630159">
<ele>2470.827</ele>
<time>2023-04-06T12:55:07Z</time>
<hdop>9.94</hdop>
</trkpt>
<trkpt lat="46.7756816" lon="8.4629898">
<ele>2472.998</ele>
<time>2023-04-06T12:55:18Z</time>
<hdop>9.94</hdop>
</trkpt>
<trkpt lat="46.7756702" lon="8.4630868">
<ele>2475.545</ele>
<time>2023-04-06T12:55:44Z</time>
<hdop>9.94</hdop>
</trkpt>
<trkpt lat="46.7757369" lon="8.4630816">
<ele>2480.269</ele>
<time>2023-04-06T12:56:13Z</time>
<hdop>9.94</hdop>
</trkpt>
<trkpt lat="46.7757599" lon="8.4631732">
<ele>2482.032</ele>
<time>2023-04-06T12:56:28Z</time>
<hdop>9.94</hdop>
</trkpt>
<trkpt lat="46.775699" lon="8.4632131">
<ele>2481.166</ele>
<time>2023-04-06T12:56:36Z</time>
<hdop>9.94</hdop>
</trkpt>
<trkpt lat="46.7757669" lon="8.4632165">
<ele>2486.249</ele>
<time>2023-04-06T12:56:59Z</time>
<hdop>9.94</hdop>
</trkpt>
<trkpt lat="46.7758163" lon="8.4631529">
<ele>2486.679</ele>
<time>2023-04-06T12:57:10Z</time>
<hdop>9.94</hdop>
</trkpt>
<trkpt lat="46.7758745" lon="8.4631104">
<ele>2490.277</ele>
<time>2023-04-06T12:57:24Z</time>
<hdop>9.94</hdop>
</trkpt>
<trkpt lat="46.7759375" lon="8.4630804">
<ele>2491.978</ele>
<time>2023-04-06T12:57:34Z</time>
<hdop>9.94</hdop>
</trkpt>
<trkpt lat="46.7760023" lon="8.4630731">
<ele>2497.172</ele>
<time>2023-04-06T12:57:44Z</time>
<hdop>9.94</hdop>
</trkpt>
<trkpt lat="46.7759711" lon="8.4631594">
<ele>2496.936</ele>
<time>2023-04-06T12:57:53Z</time>
<hdop>9.94</hdop>
</trkpt>
<trkpt lat="46.7759447" lon="8.4632491">
<ele>2498.152</ele>
<time>2023-04-06T12:58:04Z</time>
<hdop>9.94</hdop>
</trkpt>
<trkpt lat="46.7759332" lon="8.4633446">
<ele>2499.27</ele>
<time>2023-04-06T12:58:16Z</time>
<hdop>9.94</hdop>
</trkpt>
<trkpt lat="46.7759086" lon="8.4634339">
<ele>2498.507</ele>
<time>2023-04-06T12:58:25Z</time>
<hdop>9.94</hdop>
</trkpt>
<trkpt lat="46.7758741" lon="8.463517">
<ele>2501.116</ele>
<time>2023-04-06T12:58:36Z</time>
<hdop>9.94</hdop>
</trkpt>
<trkpt lat="46.7758292" lon="8.4635861">
<ele>2502.008</ele>
<time>2023-04-06T12:58:45Z</time>
<hdop>3.79</hdop>
</trkpt>
<trkpt lat="46.7758958" lon="8.4635867">
<ele>2504.727</ele>
<time>2023-04-06T12:59:11Z</time>
<hdop>3.79</hdop>
</trkpt>
<trkpt lat="46.7759547" lon="8.4635419">
<ele>2505.974</ele>
<time>2023-04-06T12:59:22Z</time>
<hdop>3.79</hdop>
</trkpt>
<trkpt lat="46.7760216" lon="8.4635414">
<ele>2507.806</ele>
<time>2023-04-06T12:59:33Z</time>
<hdop>3.79</hdop>
</trkpt>
<trkpt lat="46.7759918" lon="8.4636308">
<ele>2510.42</ele>
<time>2023-04-06T12:59:50Z</time>
<hdop>3.79</hdop>
</trkpt>
<trkpt lat="46.7759594" lon="8.4637199">
<ele>2511.089</ele>
<time>2023-04-06T13:00:03Z</time>
<hdop>3.79</hdop>
</trkpt>
<trkpt lat="46.775922" lon="8.4638046">
<ele>2510.333</ele>
<time>2023-04-06T13:00:14Z</time>
<hdop>3.79</hdop>
</trkpt>
<trkpt lat="46.7758672" lon="8.4638589">
<ele>2511.41</ele>
<time>2023-04-06T13:00:23Z</time>
<hdop>3.79</hdop>
</trkpt>
<trkpt lat="46.7757992" lon="8.4638862">
<ele>2511.606</ele>
<time>2023-04-06T13:00:31Z</time>
<hdop>3.79</hdop>
</trkpt>
<trkpt lat="46.7757457" lon="8.4639446">
<ele>2513.052</ele>
<time>2023-04-06T13:00:39Z</time>
<hdop>3.79</hdop>
</trkpt>
<trkpt lat="46.7756975" lon="8.464013">
<ele>2514.789</ele>
<time>2023-04-06T13:00:48Z</time>
<hdop>3.79</hdop>
</trkpt>
<trkpt lat="46.7756553" lon="8.4640938">
<ele>2516.632</ele>
<time>2023-04-06T13:00:57Z</time>
<hdop>3.79</hdop>
</trkpt>
<trkpt lat="46.7755994" lon="8.4641555">
<ele>2517.859</ele>
<time>2023-04-06T13:01:08Z</time>
<hdop>3.79</hdop>
</trkpt>
<trkpt lat="46.7755506" lon="8.4640809">
<ele>2517.876</ele>
<time>2023-04-06T13:01:17Z</time>
<hdop>3.79</hdop>
</trkpt>
<trkpt lat="46.7755285" lon="8.463989">
<ele>2518.171</ele>
<time>2023-04-06T13:01:26Z</time>
<hdop>3.79</hdop>
</trkpt>
<trkpt lat="46.7755213" lon="8.4638907">
<ele>2521.321</ele>
<time>2023-04-06T13:01:35Z</time>
<hdop>3.79</hdop>
</trkpt>
<trkpt lat="46.7754962" lon="8.4637979">
<ele>2523.765</ele>
<time>2023-04-06T13:02:39Z</time>
<hdop>3.79</hdop>
</trkpt>
<trkpt lat="46.7754727" lon="8.4637085">
<ele>2524.127</ele>
<time>2023-04-06T13:02:49Z</time>
<hdop>3.79</hdop>
</trkpt>
<trkpt lat="46.7754407" lon="8.4636177">
<ele>2526.853</ele>
<time>2023-04-06T13:02:59Z</time>
<hdop>3.79</hdop>
</trkpt>
<trkpt lat="46.7753686" lon="8.463609">
<ele>2528.15</ele>
<time>2023-04-06T13:03:09Z</time>
<hdop>3.79</hdop>
</trkpt>
<trkpt lat="46.7753036" lon="8.4636189">
<ele>2529.118</ele>
<time>2023-04-06T13:03:18Z</time>
<hdop>3.79</hdop>
</trkpt>
<trkpt lat="46.7752923" lon="8.4637132">
<ele>2530.24</ele>
<time>2023-04-06T13:03:29Z</time>
<hdop>3.79</hdop>
</trkpt>
<trkpt lat="46.7752841" lon="8.4638175">
<ele>2532.223</ele>
<time>2023-04-06T13:03:41Z</time>
<hdop>3.79</hdop>
</trkpt>
<trkpt lat="46.7752656" lon="8.4639126">
<ele>2534.099</ele>
<time>2023-04-06T13:03:52Z</time>
<hdop>3.79</hdop>
</trkpt>
<trkpt lat="46.7752466" lon="8.4640031">
<ele>2535.268</ele>
<time>2023-04-06T13:04:03Z</time>
<hdop>3.79</hdop>
</trkpt>
<trkpt lat="46.7752136" lon="8.4640918">
<ele>2537.219</ele>
<time>2023-04-06T13:04:15Z</time>
<hdop>3.79</hdop>
</trkpt>
<trkpt lat="46.775159" lon="8.4641499">
<ele>2538.409</ele>
<time>2023-04-06T13:04:27Z</time>
<hdop>3.79</hdop>
</trkpt>
<trkpt lat="46.7750913" lon="8.4641188">
<ele>2538.919</ele>
<time>2023-04-06T13:04:49Z</time>
<hdop>3.79</hdop>
</trkpt>
<trkpt lat="46.7750436" lon="8.4640427">
<ele>2538.791</ele>
<time>2023-04-06T13:05:01Z</time>
<hdop>3.79</hdop>
</trkpt>
<trkpt lat="46.7749757" lon="8.4640111">
<ele>2541.298</ele>
<time>2023-04-06T13:15:43Z</time>
<hdop>3.79</hdop>
</trkpt>
<trkpt lat="46.7749082" lon="8.4639952">
<ele>2543.601</ele>
<time>2023-04-06T13:15:54Z</time>
<hdop>3.79</hdop>
</trkpt>
<trkpt lat="46.7748437" lon="8.4639794">
<ele>2544.214</ele>
<time>2023-04-06T13:16:05Z</time>
<hdop>3.79</hdop>
</trkpt>
<trkpt lat="46.7747898" lon="8.4639245">
<ele>2545.42</ele>
<time>2023-04-06T13:17:45Z</time>
<hdop>3.79</hdop>
</trkpt>
<trkpt lat="46.7747394" lon="8.4638629">
<ele>2546.954</ele>
<time>2023-04-06T13:17:57Z</time>
<hdop>3.79</hdop>
</trkpt>
<trkpt lat="46.7746814" lon="8.463811">
<ele>2548.573</ele>
<time>2023-04-06T13:18:14Z</time>
<hdop>9.94</hdop>
</trkpt>
<trkpt lat="46.7746345" lon="8.4637379">
<ele>2550.289</ele>
<time>2023-04-06T13:18:27Z</time>
<hdop>3.79</hdop>
</trkpt>
<trkpt lat="46.7745681" lon="8.4637129">
<ele>2551.886</ele>
<time>2023-04-06T13:18:39Z</time>
<hdop>3.79</hdop>
</trkpt>
<trkpt lat="46.7745124" lon="8.4636622">
<ele>2552.874</ele>
<time>2023-04-06T13:18:51Z</time>
<hdop>3.79</hdop>
</trkpt>
<trkpt lat="46.7744599" lon="8.463606">
<ele>2554.561</ele>
<time>2023-04-06T13:19:01Z</time>
<hdop>3.79</hdop>
</trkpt>
<trkpt lat="46.7744109" lon="8.4635367">
<ele>2555.628</ele>
<time>2023-04-06T13:19:13Z</time>
<hdop>3.79</hdop>
</trkpt>
<trkpt lat="46.7743634" lon="8.4634635">
<ele>2556.914</ele>
<time>2023-04-06T13:19:26Z</time>
<hdop>3.79</hdop>
</trkpt>
<trkpt lat="46.7743295" lon="8.4635491">
<ele>2559.828</ele>
<time>2023-04-06T13:19:55Z</time>
<hdop>3.79</hdop>
</trkpt>
<trkpt lat="46.7743245" lon="8.4636505">
<ele>2561.42</ele>
<time>2023-04-06T13:20:07Z</time>
<hdop>3.79</hdop>
</trkpt>
<trkpt lat="46.7743183" lon="8.4637462">
<ele>2563.165</ele>
<time>2023-04-06T13:20:17Z</time>
<hdop>3.79</hdop>
</trkpt>
<trkpt lat="46.7743083" lon="8.4638441">
<ele>2564.108</ele>
<time>2023-04-06T13:20:28Z</time>
<hdop>3.79</hdop>
</trkpt>
<trkpt lat="46.7742919" lon="8.4639428">
<ele>2565.619</ele>
<time>2023-04-06T13:20:40Z</time>
<hdop>3.79</hdop>
</trkpt>
<trkpt lat="46.7742733" lon="8.4640349">
<ele>2567.262</ele>
<time>2023-04-06T13:20:51Z</time>
<hdop>3.79</hdop>
</trkpt>
<trkpt lat="46.7742482" lon="8.4641249">
<ele>2568.202</ele>
<time>2023-04-06T13:21:03Z</time>
<hdop>3.79</hdop>
</trkpt>
<trkpt lat="46.7742277" lon="8.4642151">
<ele>2569.928</ele>
<time>2023-04-06T13:21:15Z</time>
<hdop>3.79</hdop>
</trkpt>
<trkpt lat="46.7741994" lon="8.464306">
<ele>2571.307</ele>
<time>2023-04-06T13:21:27Z</time>
<hdop>3.79</hdop>
</trkpt>
<trkpt lat="46.7741688" lon="8.4643897">
<ele>2572.73</ele>
<time>2023-04-06T13:21:39Z</time>
<hdop>3.79</hdop>
</trkpt>
<trkpt lat="46.7741216" lon="8.4643205">
<ele>2576.958</ele>
<time>2023-04-06T13:22:05Z</time>
<hdop>3.79</hdop>
</trkpt>
<trkpt lat="46.7741053" lon="8.4642251">
<ele>2579.072</ele>
<time>2023-04-06T13:22:16Z</time>
<hdop>3.79</hdop>
</trkpt>
<trkpt lat="46.774082" lon="8.4641308">
<ele>2580.721</ele>
<time>2023-04-06T13:22:28Z</time>
<hdop>3.79</hdop>
</trkpt>
<trkpt lat="46.7740589" lon="8.4640391">
<ele>2581.56</ele>
<time>2023-04-06T13:22:40Z</time>
<hdop>3.79</hdop>
</trkpt>
<trkpt lat="46.7740336" lon="8.4639478">
<ele>2582.673</ele>
<time>2023-04-06T13:22:51Z</time>
<hdop>3.79</hdop>
</trkpt>
<trkpt lat="46.7740067" lon="8.4638599">
<ele>2583.64</ele>
<time>2023-04-06T13:23:02Z</time>
<hdop>3.79</hdop>
</trkpt>
<trkpt lat="46.7739728" lon="8.4637743">
<ele>2584.612</ele>
<time>2023-04-06T13:23:14Z</time>
<hdop>3.79</hdop>
</trkpt>
<trkpt lat="46.7739417" lon="8.4636867">
<ele>2585.797</ele>
<time>2023-04-06T13:23:25Z</time>
<hdop>3.79</hdop>
</trkpt>
<trkpt lat="46.7739029" lon="8.4636006">
<ele>2586.605</ele>
<time>2023-04-06T13:23:36Z</time>
<hdop>3.79</hdop>
</trkpt>
<trkpt lat="46.7738662" lon="8.4635157">
<ele>2587.67</ele>
<time>2023-04-06T13:23:47Z</time>
<hdop>3.79</hdop>
</trkpt>
<trkpt lat="46.7738252" lon="8.4634399">
<ele>2589.611</ele>
<time>2023-04-06T13:24:02Z</time>
<hdop>3.79</hdop>
</trkpt>
<trkpt lat="46.7737879" lon="8.463355">
<ele>2591.153</ele>
<time>2023-04-06T13:24:19Z</time>
<hdop>3.79</hdop>
</trkpt>
<trkpt lat="46.7737866" lon="8.4634527">
<ele>2591.773</ele>
<time>2023-04-06T13:24:30Z</time>
<hdop>3.79</hdop>
</trkpt>
<trkpt lat="46.7737851" lon="8.4635477">
<ele>2593.838</ele>
<time>2023-04-06T13:24:40Z</time>
<hdop>3.79</hdop>
</trkpt>
<trkpt lat="46.7737741" lon="8.4636425">
<ele>2595.171</ele>
<time>2023-04-06T13:24:50Z</time>
<hdop>3.79</hdop>
</trkpt>
<trkpt lat="46.7737687" lon="8.463743">
<ele>2596.253</ele>
<time>2023-04-06T13:25:00Z</time>
<hdop>3.79</hdop>
</trkpt>
<trkpt lat="46.7737629" lon="8.4638402">
<ele>2596.961</ele>
<time>2023-04-06T13:25:08Z</time>
<hdop>3.79</hdop>
</trkpt>
<trkpt lat="46.7737436" lon="8.4639382">
<ele>2598.715</ele>
<time>2023-04-06T13:25:19Z</time>
<hdop>3.79</hdop>
</trkpt>
<trkpt lat="46.773722" lon="8.4640307">
<ele>2600.584</ele>
<time>2023-04-06T13:25:30Z</time>
<hdop>3.79</hdop>
</trkpt>
<trkpt lat="46.7736912" lon="8.4641228">
<ele>2601.781</ele>
<time>2023-04-06T13:25:42Z</time>
<hdop>3.79</hdop>
</trkpt>
<trkpt lat="46.7736613" lon="8.4642091">
<ele>2603.042</ele>
<time>2023-04-06T13:25:52Z</time>
<hdop>3.79</hdop>
</trkpt>
<trkpt lat="46.7736237" lon="8.464294">
<ele>2604.255</ele>
<time>2023-04-06T13:26:04Z</time>
<hdop>3.79</hdop>
</trkpt>
<trkpt lat="46.7735637" lon="8.4642545">
<ele>2607.994</ele>
<time>2023-04-06T13:26:28Z</time>
<hdop>3.79</hdop>
</trkpt>
<trkpt lat="46.7735457" lon="8.4641583">
<ele>2609.091</ele>
<time>2023-04-06T13:26:39Z</time>
<hdop>3.79</hdop>
</trkpt>
<trkpt lat="46.7735303" lon="8.4640648">
<ele>2609.833</ele>
<time>2023-04-06T13:26:50Z</time>
<hdop>3.79</hdop>
</trkpt>
<trkpt lat="46.7735064" lon="8.463977">
<ele>2611.335</ele>
<time>2023-04-06T13:27:00Z</time>
<hdop>3.79</hdop>
</trkpt>
<trkpt lat="46.7734847" lon="8.4638802">
<ele>2612.254</ele>
<time>2023-04-06T13:27:11Z</time>
<hdop>3.79</hdop>
</trkpt>
<trkpt lat="46.7734571" lon="8.4637903">
<ele>2613.4</ele>
<time>2023-04-06T13:27:22Z</time>
<hdop>3.79</hdop>
</trkpt>
<trkpt lat="46.7734237" lon="8.4637048">
<ele>2614.357</ele>
<time>2023-04-06T13:27:35Z</time>
<hdop>3.79</hdop>
</trkpt>
<trkpt lat="46.7733982" lon="8.4636106">
<ele>2616.075</ele>
<time>2023-04-06T13:27:45Z</time>
<hdop>3.79</hdop>
</trkpt>
<trkpt lat="46.7733712" lon="8.463521">
<ele>2617.352</ele>
<time>2023-04-06T13:27:56Z</time>
<hdop>3.79</hdop>
</trkpt>
<trkpt lat="46.7733465" lon="8.4634324">
<ele>2618.797</ele>
<time>2023-04-06T13:28:05Z</time>
<hdop>3.79</hdop>
</trkpt>
<trkpt lat="46.7733117" lon="8.4633518">
<ele>2620.147</ele>
<time>2023-04-06T13:28:15Z</time>
<hdop>3.79</hdop>
</trkpt>
<trkpt lat="46.7732696" lon="8.4632766">
<ele>2621.509</ele>
<time>2023-04-06T13:28:27Z</time>
<hdop>3.79</hdop>
</trkpt>
<trkpt lat="46.7732267" lon="8.4632009">
<ele>2624.09</ele>
<time>2023-04-06T13:28:40Z</time>
<hdop>3.79</hdop>
</trkpt>
<trkpt lat="46.7731833" lon="8.4631307">
<ele>2626.528</ele>
<time>2023-04-06T13:28:53Z</time>
<hdop>3.79</hdop>
</trkpt>
<trkpt lat="46.7731425" lon="8.4630557">
<ele>2628.265</ele>
<time>2023-04-06T13:29:06Z</time>
<hdop>3.79</hdop>
</trkpt>
<trkpt lat="46.7730998" lon="8.4629798">
<ele>2630.066</ele>
<time>2023-04-06T13:29:27Z</time>
<hdop>3.79</hdop>
</trkpt>
<trkpt lat="46.7730557" lon="8.4629069">
<ele>2631.448</ele>
<time>2023-04-06T13:29:42Z</time>
<hdop>3.79</hdop>
</trkpt>
<trkpt lat="46.7730133" lon="8.4628259">
<ele>2633.83</ele>
<time>2023-04-06T13:30:09Z</time>
<hdop>3.79</hdop>
</trkpt>
<trkpt lat="46.7729763" lon="8.4627418">
<ele>2635.583</ele>
<time>2023-04-06T13:30:17Z</time>
<hdop>3.79</hdop>
</trkpt>
<trkpt lat="46.7729351" lon="8.4626528">
<ele>2637.209</ele>
<time>2023-04-06T13:30:25Z</time>
<hdop>3.79</hdop>
</trkpt>
<trkpt lat="46.7728981" lon="8.4625729">
<ele>2638.878</ele>
<time>2023-04-06T13:30:32Z</time>
<hdop>3.79</hdop>
</trkpt>
<trkpt lat="46.7728536" lon="8.4624954">
<ele>2640.225</ele>
<time>2023-04-06T13:30:41Z</time>
<hdop>3.79</hdop>
</trkpt>
<trkpt lat="46.7728084" lon="8.4624174">
<ele>2641.823</ele>
<time>2023-04-06T13:30:52Z</time>
<hdop>3.79</hdop>
</trkpt>
<trkpt lat="46.7727634" lon="8.4623401">
<ele>2643.573</ele>
<time>2023-04-06T13:31:05Z</time>
<hdop>3.79</hdop>
</trkpt>
<trkpt lat="46.7727354" lon="8.4622543">
<ele>2643.981</ele>
<time>2023-04-06T13:32:46Z</time>
<hdop>3.79</hdop>
</trkpt>
<trkpt lat="46.7726963" lon="8.4621697">
<ele>2645.289</ele>
<time>2023-04-06T13:33:37Z</time>
<hdop>3.79</hdop>
</trkpt>
<trkpt lat="46.7726587" lon="8.4620808">
<ele>2647.209</ele>
<time>2023-04-06T13:33:50Z</time>
<hdop>3.79</hdop>
</trkpt>
<trkpt lat="46.7726217" lon="8.4619938">
<ele>2649.183</ele>
<time>2023-04-06T13:34:04Z</time>
<hdop>3.79</hdop>
</trkpt>
<trkpt lat="46.7725872" lon="8.4619108">
<ele>2649.351</ele>
<time>2023-04-06T13:34:18Z</time>
<hdop>3.79</hdop>
</trkpt>
<trkpt lat="46.7725212" lon="8.4619327">
<ele>2651.476</ele>
<time>2023-04-06T13:34:38Z</time>
<hdop>3.79</hdop>
</trkpt>
<trkpt lat="46.7724806" lon="8.4620115">
<ele>2653.182</ele>
<time>2023-04-06T13:34:49Z</time>
<hdop>3.79</hdop>
</trkpt>
<trkpt lat="46.7724433" lon="8.4621003">
<ele>2655.254</ele>
<time>2023-04-06T13:35:01Z</time>
<hdop>3.79</hdop>
</trkpt>
<trkpt lat="46.7724056" lon="8.4621825">
<ele>2657.216</ele>
<time>2023-04-06T13:35:13Z</time>
<hdop>3.79</hdop>
</trkpt>
<trkpt lat="46.7723673" lon="8.4622607">
<ele>2658.389</ele>
<time>2023-04-06T13:35:24Z</time>
<hdop>3.79</hdop>
</trkpt>
<trkpt lat="46.7723291" lon="8.4623376">
<ele>2660.049</ele>
<time>2023-04-06T13:35:35Z</time>
<hdop>3.79</hdop>
</trkpt>
<trkpt lat="46.7722886" lon="8.4624169">
<ele>2661.33</ele>
<time>2023-04-06T13:35:47Z</time>
<hdop>3.79</hdop>
</trkpt>
<trkpt lat="46.7722486" lon="8.4624988">
<ele>2663.299</ele>
<time>2023-04-06T13:35:59Z</time>
<hdop>3.79</hdop>
</trkpt>
<trkpt lat="46.7722196" lon="8.4625841">
<ele>2665.088</ele>
<time>2023-04-06T13:36:11Z</time>
<hdop>3.79</hdop>
</trkpt>
<trkpt lat="46.7721891" lon="8.4626697">
<ele>2666.766</ele>
<time>2023-04-06T13:36:22Z</time>
<hdop>3.79</hdop>
</trkpt>
<trkpt lat="46.7721585" lon="8.462758">
<ele>2668.254</ele>
<time>2023-04-06T13:36:34Z</time>
<hdop>3.79</hdop>
</trkpt>
<trkpt lat="46.7721255" lon="8.462848">
<ele>2670.042</ele>
<time>2023-04-06T13:36:46Z</time>
<hdop>3.79</hdop>
</trkpt>
<trkpt lat="46.7720932" lon="8.4629308">
<ele>2671.59</ele>
<time>2023-04-06T13:36:58Z</time>
<hdop>3.79</hdop>
</trkpt>
<trkpt lat="46.7720596" lon="8.46302">
<ele>2672.999</ele>
<time>2023-04-06T13:37:10Z</time>
<hdop>3.79</hdop>
</trkpt>
<trkpt lat="46.7720319" lon="8.4631076">
<ele>2674.306</ele>
<time>2023-04-06T13:37:23Z</time>
<hdop>3.79</hdop>
</trkpt>
<trkpt lat="46.7719676" lon="8.4630886">
<ele>2677.729</ele>
<time>2023-04-06T13:37:46Z</time>
<hdop>3.79</hdop>
</trkpt>
<trkpt lat="46.771926" lon="8.463006">
<ele>2679.346</ele>
<time>2023-04-06T13:37:58Z</time>
<hdop>3.79</hdop>
</trkpt>
<trkpt lat="46.7718847" lon="8.4629276">
<ele>2681.169</ele>
<time>2023-04-06T13:38:10Z</time>
<hdop>3.79</hdop>
</trkpt>
<trkpt lat="46.7718441" lon="8.4628479">
<ele>2683.397</ele>
<time>2023-04-06T13:38:24Z</time>
<hdop>3.79</hdop>
</trkpt>
<trkpt lat="46.7718059" lon="8.4627639">
<ele>2685.104</ele>
<time>2023-04-06T13:38:37Z</time>
<hdop>3.79</hdop>
</trkpt>
<trkpt lat="46.7717719" lon="8.4626828">
<ele>2686.658</ele>
<time>2023-04-06T13:38:49Z</time>
<hdop>3.79</hdop>
</trkpt>
<trkpt lat="46.7717335" lon="8.4625978">
<ele>2688.005</ele>
<time>2023-04-06T13:39:01Z</time>
<hdop>3.79</hdop>
</trkpt>
<trkpt lat="46.771698" lon="8.4625096">
<ele>2689.259</ele>
<time>2023-04-06T13:39:14Z</time>
<hdop>3.79</hdop>
</trkpt>
<trkpt lat="46.7716658" lon="8.4624193">
<ele>2691.345</ele>
<time>2023-04-06T13:39:26Z</time>
<hdop>3.79</hdop>
</trkpt>
<trkpt lat="46.7716353" lon="8.4623338">
<ele>2692.444</ele>
<time>2023-04-06T13:39:38Z</time>
<hdop>3.79</hdop>
</trkpt>
<trkpt lat="46.7716098" lon="8.4622437">
<ele>2693.838</ele>
<time>2023-04-06T13:39:49Z</time>
<hdop>3.79</hdop>
</trkpt>
<trkpt lat="46.771585" lon="8.4621507">
<ele>2695.599</ele>
<time>2023-04-06T13:40:03Z</time>
<hdop>3.79</hdop>
</trkpt>
<trkpt lat="46.7715586" lon="8.4620623">
<ele>2697.582</ele>
<time>2023-04-06T13:40:17Z</time>
<hdop>3.79</hdop>
</trkpt>
<trkpt lat="46.7715288" lon="8.4619696">
<ele>2699.415</ele>
<time>2023-04-06T13:40:32Z</time>
<hdop>3.79</hdop>
</trkpt>
<trkpt lat="46.7714924" lon="8.4618899">
<ele>2701.325</ele>
<time>2023-04-06T13:40:46Z</time>
<hdop>3.79</hdop>
</trkpt>
<trkpt lat="46.7714553" lon="8.4618077">
<ele>2702.79</ele>
<time>2023-04-06T13:40:59Z</time>
<hdop>3.79</hdop>
</trkpt>
<trkpt lat="46.7714237" lon="8.46172">
<ele>2704.183</ele>
<time>2023-04-06T13:41:12Z</time>
<hdop>3.79</hdop>
</trkpt>
<trkpt lat="46.7713909" lon="8.461632">
<ele>2706.318</ele>
<time>2023-04-06T13:41:24Z</time>
<hdop>3.79</hdop>
</trkpt>
<trkpt lat="46.7713553" lon="8.4615469">
<ele>2708.603</ele>
<time>2023-04-06T13:41:38Z</time>
<hdop>3.79</hdop>
</trkpt>
<trkpt lat="46.7713192" lon="8.4614572">
<ele>2710.579</ele>
<time>2023-04-06T13:41:52Z</time>
<hdop>3.79</hdop>
</trkpt>
<trkpt lat="46.7712884" lon="8.4613667">
<ele>2711.628</ele>
<time>2023-04-06T13:42:05Z</time>
<hdop>3.79</hdop>
</trkpt>
<trkpt lat="46.7712605" lon="8.4612776">
<ele>2713.564</ele>
<time>2023-04-06T13:42:19Z</time>
<hdop>3.79</hdop>
</trkpt>
<trkpt lat="46.771227" lon="8.4611926">
<ele>2715.792</ele>
<time>2023-04-06T13:42:56Z</time>
<hdop>3.79</hdop>
</trkpt>
<trkpt lat="46.7711813" lon="8.4612599">
<ele>2717.458</ele>
<time>2023-04-06T13:43:08Z</time>
<hdop>3.79</hdop>
</trkpt>
<trkpt lat="46.7711397" lon="8.4613342">
<ele>2718.621</ele>
<time>2023-04-06T13:43:19Z</time>
<hdop>3.79</hdop>
</trkpt>
<trkpt lat="46.7710935" lon="8.4614024">
<ele>2719.309</ele>
<time>2023-04-06T13:43:30Z</time>
<hdop>3.79</hdop>
</trkpt>
<trkpt lat="46.771047" lon="8.4614737">
<ele>2720.737</ele>
<time>2023-04-06T13:43:41Z</time>
<hdop>3.79</hdop>
</trkpt>
<trkpt lat="46.7709979" lon="8.4615503">
<ele>2722.231</ele>
<time>2023-04-06T13:43:51Z</time>
<hdop>3.79</hdop>
</trkpt>
<trkpt lat="46.7709549" lon="8.4616328">
<ele>2723.961</ele>
<time>2023-04-06T13:44:03Z</time>
<hdop>3.79</hdop>
</trkpt>
<trkpt lat="46.7709137" lon="8.4617067">
<ele>2725.044</ele>
<time>2023-04-06T13:44:13Z</time>
<hdop>3.79</hdop>
</trkpt>
<trkpt lat="46.7708746" lon="8.4617876">
<ele>2726.273</ele>
<time>2023-04-06T13:44:24Z</time>
<hdop>3.79</hdop>
</trkpt>
<trkpt lat="46.7708338" lon="8.4618696">
<ele>2727.962</ele>
<time>2023-04-06T13:44:35Z</time>
<hdop>3.79</hdop>
</trkpt>
<trkpt lat="46.7707945" lon="8.4619491">
<ele>2728.908</ele>
<time>2023-04-06T13:44:45Z</time>
<hdop>3.79</hdop>
</trkpt>
<trkpt lat="46.7707597" lon="8.4620311">
<ele>2730.272</ele>
<time>2023-04-06T13:44:55Z</time>
<hdop>3.79</hdop>
</trkpt>
<trkpt lat="46.7707243" lon="8.4621144">
<ele>2730.927</ele>
<time>2023-04-06T13:45:05Z</time>
<hdop>3.79</hdop>
</trkpt>
<trkpt lat="46.7706869" lon="8.4621987">
<ele>2731.661</ele>
<time>2023-04-06T13:45:16Z</time>
<hdop>3.79</hdop>
</trkpt>
<trkpt lat="46.7706543" lon="8.4622847">
<ele>2732.844</ele>
<time>2023-04-06T13:45:26Z</time>
<hdop>3.79</hdop>
</trkpt>
<trkpt lat="46.7706206" lon="8.4623735">
<ele>2734.295</ele>
<time>2023-04-06T13:45:36Z</time>
<hdop>3.79</hdop>
</trkpt>
<trkpt lat="46.7705865" lon="8.4624591">
<ele>2735.41</ele>
<time>2023-04-06T13:45:46Z</time>
<hdop>3.79</hdop>
</trkpt>
<trkpt lat="46.7705552" lon="8.4625432">
<ele>2736.8</ele>
<time>2023-04-06T13:45:56Z</time>
<hdop>3.79</hdop>
</trkpt>
<trkpt lat="46.7705225" lon="8.4626355">
<ele>2738.107</ele>
<time>2023-04-06T13:46:07Z</time>
<hdop>3.79</hdop>
</trkpt>
<trkpt lat="46.7704897" lon="8.4627291">
<ele>2739.598</ele>
<time>2023-04-06T13:46:17Z</time>
<hdop>3.79</hdop>
</trkpt>
<trkpt lat="46.77046" lon="8.4628155">
<ele>2740.537</ele>
<time>2023-04-06T13:46:29Z</time>
<hdop>3.79</hdop>
</trkpt>
<trkpt lat="46.7704313" lon="8.4629048">
<ele>2742.076</ele>
<time>2023-04-06T13:46:41Z</time>
<hdop>3.79</hdop>
</trkpt>
<trkpt lat="46.7703795" lon="8.4628339">
<ele>2744.515</ele>
<time>2023-04-06T13:46:58Z</time>
<hdop>3.79</hdop>
</trkpt>
<trkpt lat="46.7703333" lon="8.4627549">
<ele>2746.236</ele>
<time>2023-04-06T13:47:08Z</time>
<hdop>3.79</hdop>
</trkpt>
<trkpt lat="46.7702855" lon="8.4626858">
<ele>2747.684</ele>
<time>2023-04-06T13:47:19Z</time>
<hdop>3.79</hdop>
</trkpt>
<trkpt lat="46.7702365" lon="8.4626113">
<ele>2749.875</ele>
<time>2023-04-06T13:47:31Z</time>
<hdop>3.79</hdop>
</trkpt>
<trkpt lat="46.7701881" lon="8.4625458">
<ele>2750.725</ele>
<time>2023-04-06T13:47:43Z</time>
<hdop>3.79</hdop>
</trkpt>
<trkpt lat="46.7701363" lon="8.4624783">
<ele>2752.578</ele>
<time>2023-04-06T13:47:56Z</time>
<hdop>3.79</hdop>
</trkpt>
<trkpt lat="46.7700806" lon="8.4624179">
<ele>2754.034</ele>
<time>2023-04-06T13:48:08Z</time>
<hdop>3.79</hdop>
</trkpt>
<trkpt lat="46.7700266" lon="8.4623582">
<ele>2755.738</ele>
<time>2023-04-06T13:48:20Z</time>
<hdop>3.79</hdop>
</trkpt>
<trkpt lat="46.7699674" lon="8.4623132">
<ele>2757.666</ele>
<time>2023-04-06T13:48:32Z</time>
<hdop>3.79</hdop>
</trkpt>
<trkpt lat="46.7699108" lon="8.4622637">
<ele>2758.54</ele>
<time>2023-04-06T13:48:43Z</time>
<hdop>3.79</hdop>
</trkpt>
<trkpt lat="46.7698496" lon="8.462219">
<ele>2760.14</ele>
<time>2023-04-06T13:48:56Z</time>
<hdop>3.79</hdop>
</trkpt>
<trkpt lat="46.7697899" lon="8.4621605">
<ele>2761.617</ele>
<time>2023-04-06T13:49:09Z</time>
<hdop>3.79</hdop>
</trkpt>
<trkpt lat="46.7697317" lon="8.4621174">
<ele>2763.783</ele>
<time>2023-04-06T13:49:21Z</time>
<hdop>3.79</hdop>
</trkpt>
<trkpt lat="46.769666" lon="8.4620851">
<ele>2764.871</ele>
<time>2023-04-06T13:50:05Z</time>
<hdop>3.79</hdop>
</trkpt>
<trkpt lat="46.7696309" lon="8.4621738">
<ele>2766.252</ele>
<time>2023-04-06T13:50:17Z</time>
<hdop>3.79</hdop>
</trkpt>
<trkpt lat="46.7696111" lon="8.4622678">
<ele>2767.056</ele>
<time>2023-04-06T13:50:29Z</time>
<hdop>3.79</hdop>
</trkpt>
<trkpt lat="46.7695867" lon="8.4623575">
<ele>2768.788</ele>
<time>2023-04-06T13:50:39Z</time>
<hdop>3.79</hdop>
</trkpt>
<trkpt lat="46.7695678" lon="8.4624551">
<ele>2769.61</ele>
<time>2023-04-06T13:50:50Z</time>
<hdop>3.79</hdop>
</trkpt>
<trkpt lat="46.7695485" lon="8.4625519">
<ele>2770.847</ele>
<time>2023-04-06T13:51:14Z</time>
<hdop>3.79</hdop>
</trkpt>
<trkpt lat="46.7695292" lon="8.4626478">
<ele>2772.818</ele>
<time>2023-04-06T13:51:25Z</time>
<hdop>3.79</hdop>
</trkpt>
<trkpt lat="46.7695074" lon="8.4627432">
<ele>2773.957</ele>
<time>2023-04-06T13:51:36Z</time>
<hdop>3.79</hdop>
</trkpt>
<trkpt lat="46.7694849" lon="8.4628373">
<ele>2775.231</ele>
<time>2023-04-06T13:51:47Z</time>
<hdop>3.79</hdop>
</trkpt>
<trkpt lat="46.769447" lon="8.4629248">
<ele>2776.792</ele>
<time>2023-04-06T13:51:58Z</time>
<hdop>3.79</hdop>
</trkpt>
<trkpt lat="46.7694104" lon="8.4630098">
<ele>2778.546</ele>
<time>2023-04-06T13:52:09Z</time>
<hdop>3.79</hdop>
</trkpt>
<trkpt lat="46.769368" lon="8.4630916">
<ele>2779.775</ele>
<time>2023-04-06T13:52:20Z</time>
<hdop>3.79</hdop>
</trkpt>
<trkpt lat="46.7693245" lon="8.4631742">
<ele>2781.336</ele>
<time>2023-04-06T13:52:31Z</time>
<hdop>3.79</hdop>
</trkpt>
<trkpt lat="46.7692685" lon="8.4632292">
<ele>2781.799</ele>
<time>2023-04-06T13:52:42Z</time>
<hdop>3.79</hdop>
</trkpt>
<trkpt lat="46.7692105" lon="8.463273">
<ele>2783.886</ele>
<time>2023-04-06T13:52:52Z</time>
<hdop>3.79</hdop>
</trkpt>
<trkpt lat="46.7691468" lon="8.4632516">
<ele>2786.317</ele>
<time>2023-04-06T13:53:04Z</time>
<hdop>3.79</hdop>
</trkpt>
<trkpt lat="46.7690867" lon="8.4632107">
<ele>2788.538</ele>
<time>2023-04-06T13:53:15Z</time>
<hdop>3.79</hdop>
</trkpt>
<trkpt lat="46.7690172" lon="8.4631888">
<ele>2790.311</ele>
<time>2023-04-06T13:53:27Z</time>
<hdop>3.79</hdop>
</trkpt>
<trkpt lat="46.7689502" lon="8.4631914">
<ele>2791.983</ele>
<time>2023-04-06T13:53:38Z</time>
<hdop>3.79</hdop>
</trkpt>
<trkpt lat="46.7688864" lon="8.4632138">
<ele>2792.26</ele>
<time>2023-04-06T13:54:12Z</time>
<hdop>3.79</hdop>
</trkpt>
<trkpt lat="46.768831" lon="8.4632688">
<ele>2792.185</ele>
<time>2023-04-06T13:54:19Z</time>
<hdop>3.79</hdop>
</trkpt>
<trkpt lat="46.7687966" lon="8.4633539">
<ele>2792.495</ele>
<time>2023-04-06T13:54:27Z</time>
<hdop>3.79</hdop>
</trkpt>
<trkpt lat="46.7687585" lon="8.4634308">
<ele>2793.289</ele>
<time>2023-04-06T13:54:37Z</time>
<hdop>3.79</hdop>
</trkpt>
<trkpt lat="46.7686896" lon="8.4634597">
<ele>2792.063</ele>
<time>2023-04-06T13:54:55Z</time>
<hdop>3.79</hdop>
</trkpt>
<trkpt lat="46.7687139" lon="8.4636497">
<ele>2787.399</ele>
<time>2023-04-06T13:55:00Z</time>
<hdop>3.79</hdop>
</trkpt>
<trkpt lat="46.7686726" lon="8.4635658">
<ele>2787.384</ele>
<time>2023-04-06T13:55:08Z</time>
<hdop>3.79</hdop>
</trkpt>
<trkpt lat="46.7686806" lon="8.4636968">
<ele>2783.33</ele>
<time>2023-04-06T13:55:15Z</time>
<hdop>3.79</hdop>
</trkpt>
<trkpt lat="46.768713" lon="8.4639461">
<ele>2780.883</ele>
<time>2023-04-06T13:55:20Z</time>
<hdop>3.79</hdop>
</trkpt>
<trkpt lat="46.7686577" lon="8.4638943">
<ele>2781.405</ele>
<time>2023-04-06T14:03:34Z</time>
<hdop>3.79</hdop>
</trkpt>
<trkpt lat="46.768583" lon="8.4638072">
<ele>2780.416</ele>
<time>2023-04-06T14:04:42Z</time>
<hdop>3.79</hdop>
</trkpt>
<trkpt lat="46.768382" lon="8.463523">
<ele>2776.361</ele>
<time>2023-04-06T14:04:47Z</time>
<hdop>3.79</hdop>
</trkpt>
<trkpt lat="46.7681052" lon="8.4633397">
<ele>2768.494</ele>
<time>2023-04-06T14:04:52Z</time>
<hdop>3.79</hdop>
</trkpt>
<trkpt lat="46.7678096" lon="8.4632122">
<ele>2761.701</ele>
<time>2023-04-06T14:04:57Z</time>
<hdop>3.79</hdop>
</trkpt>
<trkpt lat="46.767661" lon="8.4633856">
<ele>2752.307</ele>
<time>2023-04-06T14:05:02Z</time>
<hdop>3.79</hdop>
</trkpt>
<trkpt lat="46.7675852" lon="8.4634803">
<ele>2746.112</ele>
<time>2023-04-06T14:05:07Z</time>
<hdop>3.79</hdop>
</trkpt>
<trkpt lat="46.767595" lon="8.4635816">
<ele>2738.687</ele>
<time>2023-04-06T14:05:16Z</time>
<hdop>3.79</hdop>
</trkpt>
<trkpt lat="46.7675269" lon="8.4636047">
<ele>2734.44</ele>
<time>2023-04-06T14:05:26Z</time>
<hdop>3.79</hdop>
</trkpt>
<trkpt lat="46.7674886" lon="8.4636843">
<ele>2722.934</ele>
<time>2023-04-06T14:05:40Z</time>
<hdop>3.79</hdop>
</trkpt>
<trkpt lat="46.7675987" lon="8.4640579">
<ele>2712.304</ele>
<time>2023-04-06T14:05:45Z</time>
<hdop>3.79</hdop>
</trkpt>
<trkpt lat="46.7677577" lon="8.4647406">
<ele>2702.281</ele>
<time>2023-04-06T14:05:50Z</time>
<hdop>3.79</hdop>
</trkpt>
<trkpt lat="46.7678068" lon="8.4650287">
<ele>2702.533</ele>
<time>2023-04-06T14:05:55Z</time>
<hdop>3.79</hdop>
</trkpt>
<trkpt lat="46.7677227" lon="8.4650954">
<ele>2697.16</ele>
<time>2023-04-06T14:16:35Z</time>
<hdop>3.79</hdop>
</trkpt>
<trkpt lat="46.7675484" lon="8.4655755">
<ele>2689.175</ele>
<time>2023-04-06T14:16:40Z</time>
<hdop>3.79</hdop>
</trkpt>
<trkpt lat="46.7672418" lon="8.4657342">
<ele>2677.736</ele>
<time>2023-04-06T14:16:45Z</time>
<hdop>3.79</hdop>
</trkpt>
<trkpt lat="46.7669418" lon="8.4661435">
<ele>2670.998</ele>
<time>2023-04-06T14:16:50Z</time>
<hdop>3.79</hdop>
</trkpt>
<trkpt lat="46.7666396" lon="8.4665375">
<ele>2666.465</ele>
<time>2023-04-06T14:16:55Z</time>
<hdop>3.79</hdop>
</trkpt>
<trkpt lat="46.766373" lon="8.4668447">
<ele>2662.701</ele>
<time>2023-04-06T14:17:00Z</time>
<hdop>3.79</hdop>
</trkpt>
<trkpt lat="46.7661111" lon="8.467112">
<ele>2658.6</ele>
<time>2023-04-06T14:17:05Z</time>
<hdop>3.79</hdop>
</trkpt>
<trkpt lat="46.7658542" lon="8.467455">
<ele>2655.139</ele>
<time>2023-04-06T14:17:10Z</time>
<hdop>3.79</hdop>
</trkpt>
<trkpt lat="46.765606" lon="8.4678505">
<ele>2649.512</ele>
<time>2023-04-06T14:17:15Z</time>
<hdop>3.79</hdop>
</trkpt>
<trkpt lat="46.7653127" lon="8.4681865">
<ele>2647.401</ele>
<time>2023-04-06T14:17:20Z</time>
<hdop>3.79</hdop>
</trkpt>
<trkpt lat="46.7651435" lon="8.4679756">
<ele>2632.791</ele>
<time>2023-04-06T14:17:25Z</time>
<hdop>3.79</hdop>
</trkpt>
<trkpt lat="46.7647855" lon="8.4676895">
<ele>2615.766</ele>
<time>2023-04-06T14:17:30Z</time>
<hdop>3.79</hdop>
</trkpt>
<trkpt lat="46.7643718" lon="8.4672737">
<ele>2591.511</ele>
<time>2023-04-06T14:17:35Z</time>
<hdop>3.79</hdop>
</trkpt>
<trkpt lat="46.7638688" lon="8.4668292">
<ele>2572.35</ele>
<time>2023-04-06T14:17:40Z</time>
<hdop>3.79</hdop>
</trkpt>
<trkpt lat="46.7634541" lon="8.4665591">
<ele>2562.967</ele>
<time>2023-04-06T14:17:45Z</time>
<hdop>3.79</hdop>
</trkpt>
<trkpt lat="46.7633971" lon="8.4665122">
<ele>2563.176</ele>
<time>2023-04-06T14:21:32Z</time>
<hdop>3.79</hdop>
</trkpt>
<trkpt lat="46.7631922" lon="8.4662843">
<ele>2559.112</ele>
<time>2023-04-06T14:21:37Z</time>
<hdop>3.79</hdop>
</trkpt>
<trkpt lat="46.7628806" lon="8.4659575">
<ele>2548.304</ele>
<time>2023-04-06T14:21:42Z</time>
<hdop>3.79</hdop>
</trkpt>
<trkpt lat="46.7625594" lon="8.4658288">
<ele>2540.142</ele>
<time>2023-04-06T14:21:47Z</time>
<hdop>3.79</hdop>
</trkpt>
<trkpt lat="46.7624954" lon="8.4658484">
<ele>2538.289</ele>
<time>2023-04-06T14:21:54Z</time>
<hdop>3.79</hdop>
</trkpt>
<trkpt lat="46.762243" lon="8.46594">
<ele>2532.09</ele>
<time>2023-04-06T14:21:59Z</time>
<hdop>3.79</hdop>
</trkpt>
<trkpt lat="46.7618004" lon="8.466105">
<ele>2516.016</ele>
<time>2023-04-06T14:22:04Z</time>
<hdop>3.79</hdop>
</trkpt>
<trkpt lat="46.7616361" lon="8.466505">
<ele>2504.592</ele>
<time>2023-04-06T14:22:09Z</time>
<hdop>3.79</hdop>
</trkpt>
<trkpt lat="46.7615597" lon="8.4669596">
<ele>2501.609</ele>
<time>2023-04-06T14:22:14Z</time>
<hdop>3.79</hdop>
</trkpt>
<trkpt lat="46.761422" lon="8.4673131">
<ele>2499.624</ele>
<time>2023-04-06T14:22:19Z</time>
<hdop>3.79</hdop>
</trkpt>
<trkpt lat="46.7613215" lon="8.4675107">
<ele>2498.874</ele>
<time>2023-04-06T14:22:24Z</time>
<hdop>3.79</hdop>
</trkpt>
<trkpt lat="46.7612102" lon="8.4677213">
<ele>2497.889</ele>
<time>2023-04-06T14:22:29Z</time>
<hdop>3.79</hdop>
</trkpt>
<trkpt lat="46.7611022" lon="8.4679135">
<ele>2497.025</ele>
<time>2023-04-06T14:22:34Z</time>
<hdop>3.79</hdop>
</trkpt>
<trkpt lat="46.7610195" lon="8.4680396">
<ele>2496.667</ele>
<time>2023-04-06T14:22:39Z</time>
<hdop>3.79</hdop>
</trkpt>
<trkpt lat="46.7609591" lon="8.46808">
<ele>2498.499</ele>
<time>2023-04-06T14:22:50Z</time>
<hdop>3.79</hdop>
</trkpt>
<trkpt lat="46.76091" lon="8.4681542">
<ele>2498.401</ele>
<time>2023-04-06T14:22:55Z</time>
<hdop>3.79</hdop>
</trkpt>
<trkpt lat="46.7608784" lon="8.4682421">
<ele>2498.332</ele>
<time>2023-04-06T14:23:03Z</time>
<hdop>3.79</hdop>
</trkpt>
<trkpt lat="46.7608392" lon="8.4683236">
<ele>2500.449</ele>
<time>2023-04-06T14:23:14Z</time>
<hdop>3.79</hdop>
</trkpt>
<trkpt lat="46.7607814" lon="8.4683684">
<ele>2500.998</ele>
<time>2023-04-06T14:23:23Z</time>
<hdop>3.79</hdop>
</trkpt>
<trkpt lat="46.7608383" lon="8.4684402">
<ele>2496.842</ele>
<time>2023-04-06T14:23:41Z</time>
<hdop>3.79</hdop>
</trkpt>
<trkpt lat="46.7607617" lon="8.4687126">
<ele>2495.232</ele>
<time>2023-04-06T14:23:46Z</time>
<hdop>3.79</hdop>
</trkpt>
<trkpt lat="46.7605468" lon="8.4688072">
<ele>2493.009</ele>
<time>2023-04-06T14:23:51Z</time>
<hdop>3.79</hdop>
</trkpt>
<trkpt lat="46.7603897" lon="8.4687929">
<ele>2491.851</ele>
<time>2023-04-06T14:23:56Z</time>
<hdop>3.79</hdop>
</trkpt>
<trkpt lat="46.7602726" lon="8.4687529">
<ele>2490.783</ele>
<time>2023-04-06T14:24:01Z</time>
<hdop>3.79</hdop>
</trkpt>
<trkpt lat="46.7601573" lon="8.4687115">
<ele>2490.179</ele>
<time>2023-04-06T14:24:06Z</time>
<hdop>3.79</hdop>
</trkpt>
<trkpt lat="46.7600877" lon="8.4686824">
<ele>2490.244</ele>
<time>2023-04-06T14:24:11Z</time>
<hdop>3.79</hdop>
</trkpt>
<trkpt lat="46.7600214" lon="8.4686486">
<ele>2490.978</ele>
<time>2023-04-06T14:24:29Z</time>
<hdop>3.79</hdop>
</trkpt>
<trkpt lat="46.7599546" lon="8.4686753">
<ele>2491.146</ele>
<time>2023-04-06T14:24:42Z</time>
<hdop>3.79</hdop>
</trkpt>
<trkpt lat="46.759883" lon="8.4686575">
<ele>2490.9</ele>
<time>2023-04-06T14:24:52Z</time>
<hdop>3.79</hdop>
</trkpt>
<trkpt lat="46.759741" lon="8.4687001">
<ele>2489.769</ele>
<time>2023-04-06T14:24:57Z</time>
<hdop>3.79</hdop>
</trkpt>
<trkpt lat="46.7596724" lon="8.4687524">
<ele>2493.011</ele>
<time>2023-04-06T14:25:02Z</time>
<hdop>3.79</hdop>
</trkpt>
<trkpt lat="46.7596076" lon="8.4687824">
<ele>2492.549</ele>
<time>2023-04-06T14:25:26Z</time>
<hdop>3.79</hdop>
</trkpt>
<trkpt lat="46.7595421" lon="8.4688387">
<ele>2491.498</ele>
<time>2023-04-06T14:27:33Z</time>
<hdop>3.79</hdop>
</trkpt>
<trkpt lat="46.7593869" lon="8.4689652">
<ele>2488.552</ele>
<time>2023-04-06T14:27:38Z</time>
<hdop>3.79</hdop>
</trkpt>
<trkpt lat="46.7589945" lon="8.469149">
<ele>2479.384</ele>
<time>2023-04-06T14:27:43Z</time>
<hdop>3.79</hdop>
</trkpt>
<trkpt lat="46.7585114" lon="8.4693013">
<ele>2469.309</ele>
<time>2023-04-06T14:27:48Z</time>
<hdop>3.79</hdop>
</trkpt>
<trkpt lat="46.7581327" lon="8.4692919">
<ele>2458.479</ele>
<time>2023-04-06T14:27:53Z</time>
<hdop>3.79</hdop>
</trkpt>
<trkpt lat="46.7577349" lon="8.4696637">
<ele>2451.163</ele>
<time>2023-04-06T14:27:58Z</time>
<hdop>3.79</hdop>
</trkpt>
<trkpt lat="46.7573865" lon="8.4697759">
<ele>2437.555</ele>
<time>2023-04-06T14:28:03Z</time>
<hdop>3.79</hdop>
</trkpt>
<trkpt lat="46.7569902" lon="8.4701639">
<ele>2429.9</ele>
<time>2023-04-06T14:28:08Z</time>
<hdop>3.79</hdop>
</trkpt>
<trkpt lat="46.7565547" lon="8.4705588">
<ele>2423.948</ele>
<time>2023-04-06T14:28:13Z</time>
<hdop>3.79</hdop>
</trkpt>
<trkpt lat="46.7561783" lon="8.4709205">
<ele>2419.127</ele>
<time>2023-04-06T14:28:18Z</time>
<hdop>3.79</hdop>
</trkpt>
<trkpt lat="46.7559137" lon="8.4712088">
<ele>2417.536</ele>
<time>2023-04-06T14:28:23Z</time>
<hdop>3.79</hdop>
</trkpt>
<trkpt lat="46.755652" lon="8.4714002">
<ele>2412.098</ele>
<time>2023-04-06T14:28:28Z</time>
<hdop>3.79</hdop>
</trkpt>
<trkpt lat="46.7553578" lon="8.471466">
<ele>2401.836</ele>
<time>2023-04-06T14:28:33Z</time>
<hdop>3.79</hdop>
</trkpt>
<trkpt lat="46.7550819" lon="8.4715382">
<ele>2391.577</ele>
<time>2023-04-06T14:28:38Z</time>
<hdop>3.79</hdop>
</trkpt>
<trkpt lat="46.7548502" lon="8.4719344">
<ele>2386.062</ele>
<time>2023-04-06T14:28:43Z</time>
<hdop>3.79</hdop>
</trkpt>
<trkpt lat="46.7546666" lon="8.4723143">
<ele>2380.255</ele>
<time>2023-04-06T14:28:48Z</time>
<hdop>3.79</hdop>
</trkpt>
<trkpt lat="46.7545911" lon="8.4720105">
<ele>2376.085</ele>
<time>2023-04-06T14:28:53Z</time>
<hdop>3.79</hdop>
</trkpt>
<trkpt lat="46.7545588" lon="8.4718039">
<ele>2375.296</ele>
<time>2023-04-06T14:28:58Z</time>
<hdop>3.79</hdop>
</trkpt>
<trkpt lat="46.7545015" lon="8.4717282">
<ele>2373.063</ele>
<time>2023-04-06T14:29:24Z</time>
<hdop>3.79</hdop>
</trkpt>
<trkpt lat="46.7542147" lon="8.4718427">
<ele>2356.661</ele>
<time>2023-04-06T14:29:29Z</time>
<hdop>3.79</hdop>
</trkpt>
<trkpt lat="46.7539408" lon="8.4715669">
<ele>2342.337</ele>
<time>2023-04-06T14:29:34Z</time>
<hdop>3.79</hdop>
</trkpt>
<trkpt lat="46.7537422" lon="8.472078">
<ele>2331.012</ele>
<time>2023-04-06T14:29:39Z</time>
<hdop>3.79</hdop>
</trkpt>
<trkpt lat="46.7534717" lon="8.4723793">
<ele>2313.938</ele>
<time>2023-04-06T14:29:44Z</time>
<hdop>3.79</hdop>
</trkpt>
<trkpt lat="46.7533032" lon="8.472044">
<ele>2305.841</ele>
<time>2023-04-06T14:29:49Z</time>
<hdop>3.79</hdop>
</trkpt>
<trkpt lat="46.7529114" lon="8.4719025">
<ele>2278.592</ele>
<time>2023-04-06T14:29:54Z</time>
<hdop>3.79</hdop>
</trkpt>
<trkpt lat="46.7527689" lon="8.4714817">
<ele>2280.468</ele>
<time>2023-04-06T14:29:59Z</time>
<hdop>3.79</hdop>
</trkpt>
<trkpt lat="46.7525971" lon="8.4711891">
<ele>2276.565</ele>
<time>2023-04-06T14:30:04Z</time>
<hdop>3.79</hdop>
</trkpt>
<trkpt lat="46.7521975" lon="8.4711227">
<ele>2271.079</ele>
<time>2023-04-06T14:30:09Z</time>
<hdop>3.79</hdop>
</trkpt>
<trkpt lat="46.7518791" lon="8.4708954">
<ele>2261.154</ele>
<time>2023-04-06T14:30:14Z</time>
<hdop>3.79</hdop>
</trkpt>
<trkpt lat="46.7515967" lon="8.4708357">
<ele>2259.005</ele>
<time>2023-04-06T14:30:19Z</time>
<hdop>3.79</hdop>
</trkpt>
<trkpt lat="46.7516697" lon="8.4709025">
<ele>2257.687</ele>
<time>2023-04-06T14:31:12Z</time>
<hdop>3.79</hdop>
</trkpt>
<trkpt lat="46.7517014" lon="8.4710011">
<ele>2270.444</ele>
<time>2023-04-06T14:33:10Z</time>
<hdop>11.36</hdop>
</trkpt>
<trkpt lat="46.7516929" lon="8.4709068">
<ele>2260.021</ele>
<time>2023-04-06T14:34:02Z</time>
<hdop>9.94</hdop>
</trkpt>
</trkseg>
<trkseg>
<trkpt lat="46.7516929" lon="8.4709068">
<ele>2260.021</ele>
<time>2023-04-06T14:34:02Z</time>
<hdop>9.94</hdop>
</trkpt>
<trkpt lat="46.7517186" lon="8.4709209">
<ele>2259.429</ele>
<time>2023-04-07T05:51:11Z</time>
<hdop>6.35</hdop>
</trkpt>
<trkpt lat="46.7517888" lon="8.4709205">
<ele>2257.507</ele>
<time>2023-04-07T05:51:17Z</time>
<hdop>3.79</hdop>
</trkpt>
<trkpt lat="46.7517251" lon="8.4709563">
<ele>2258.73</ele>
<time>2023-04-07T05:53:39Z</time>
<hdop>3.79</hdop>
</trkpt>
<trkpt lat="46.7517954" lon="8.4709777">
<ele>2259.108</ele>
<time>2023-04-07T05:54:19Z</time>
<hdop>3.79</hdop>
</trkpt>
<trkpt lat="46.7518628" lon="8.4709762">
<ele>2260.602</ele>
<time>2023-04-07T05:54:30Z</time>
<hdop>3.79</hdop>
</trkpt>
<trkpt lat="46.7519213" lon="8.4709312">
<ele>2262.463</ele>
<time>2023-04-07T05:54:42Z</time>
<hdop>3.79</hdop>
</trkpt>
<trkpt lat="46.7519907" lon="8.4709355">
<ele>2265.021</ele>
<time>2023-04-07T05:54:56Z</time>
<hdop>3.79</hdop>
</trkpt>
<trkpt lat="46.7520577" lon="8.4709514">
<ele>2266.526</ele>
<time>2023-04-07T05:55:10Z</time>
<hdop>3.79</hdop>
</trkpt>
<trkpt lat="46.7521234" lon="8.4709623">
<ele>2267.975</ele>
<time>2023-04-07T05:55:29Z</time>
<hdop>3.79</hdop>
</trkpt>
<trkpt lat="46.7521826" lon="8.4710187">
<ele>2269.289</ele>
<time>2023-04-07T05:55:50Z</time>
<hdop>3.79</hdop>
</trkpt>
<trkpt lat="46.7522306" lon="8.4710891">
<ele>2269.352</ele>
<time>2023-04-07T05:55:58Z</time>
<hdop>3.79</hdop>
</trkpt>
<trkpt lat="46.752296" lon="8.4711292">
<ele>2269.05</ele>
<time>2023-04-07T05:56:07Z</time>
<hdop>3.79</hdop>
</trkpt>
<trkpt lat="46.7523654" lon="8.4711442">
<ele>2270.64</ele>
<time>2023-04-07T05:56:18Z</time>
<hdop>3.79</hdop>
</trkpt>
<trkpt lat="46.7524362" lon="8.4711595">
<ele>2272.215</ele>
<time>2023-04-07T05:56:30Z</time>
<hdop>3.79</hdop>
</trkpt>
<trkpt lat="46.752504" lon="8.4711587">
<ele>2273.146</ele>
<time>2023-04-07T05:56:39Z</time>
<hdop>3.79</hdop>
</trkpt>
<trkpt lat="46.75257" lon="8.471169">
<ele>2274.608</ele>
<time>2023-04-07T05:56:49Z</time>
<hdop>3.79</hdop>
</trkpt>
<trkpt lat="46.7526307" lon="8.471205">
<ele>2275.621</ele>
<time>2023-04-07T05:56:58Z</time>
<hdop>3.79</hdop>
</trkpt>
<trkpt lat="46.7526379" lon="8.471305">
<ele>2276.065</ele>
<time>2023-04-07T05:57:10Z</time>
<hdop>3.79</hdop>
</trkpt>
<trkpt lat="46.7527191" lon="8.4713066">
<ele>2276.372</ele>
<time>2023-04-07T05:57:32Z</time>
<hdop>3.94</hdop>
</trkpt>
<trkpt lat="46.7527851" lon="8.4713131">
<ele>2276.464</ele>
<time>2023-04-07T05:57:40Z</time>
<hdop>3.79</hdop>
</trkpt>
<trkpt lat="46.7528517" lon="8.4713086">
<ele>2277.3</ele>
<time>2023-04-07T05:57:48Z</time>
<hdop>3.79</hdop>
</trkpt>
<trkpt lat="46.7529175" lon="8.4713129">
<ele>2278.608</ele>
<time>2023-04-07T05:57:59Z</time>
<hdop>3.79</hdop>
</trkpt>
<trkpt lat="46.7529873" lon="8.47132">
<ele>2281.031</ele>
<time>2023-04-07T05:58:15Z</time>
<hdop>3.79</hdop>
</trkpt>
<trkpt lat="46.7530483" lon="8.4712738">
<ele>2282.9</ele>
<time>2023-04-07T05:58:27Z</time>
<hdop>3.79</hdop>
</trkpt>
<trkpt lat="46.7530809" lon="8.471191">
<ele>2284.513</ele>
<time>2023-04-07T05:58:36Z</time>
<hdop>3.79</hdop>
</trkpt>
<trkpt lat="46.7531291" lon="8.4711153">
<ele>2287.107</ele>
<time>2023-04-07T05:58:46Z</time>
<hdop>3.79</hdop>
</trkpt>
<trkpt lat="46.7531945" lon="8.4710975">
<ele>2288.51</ele>
<time>2023-04-07T05:58:56Z</time>
<hdop>4.11</hdop>
</trkpt>
<trkpt lat="46.7532598" lon="8.4710808">
<ele>2291.211</ele>
<time>2023-04-07T05:59:07Z</time>
<hdop>3.79</hdop>
</trkpt>
<trkpt lat="46.7533144" lon="8.4710285">
<ele>2294.087</ele>
<time>2023-04-07T05:59:17Z</time>
<hdop>3.79</hdop>
</trkpt>
<trkpt lat="46.7533721" lon="8.4709708">
<ele>2296.322</ele>
<time>2023-04-07T05:59:29Z</time>
<hdop>5.36</hdop>
</trkpt>
<trkpt lat="46.7534271" lon="8.4709151">
<ele>2299.172</ele>
<time>2023-04-07T05:59:39Z</time>
<hdop>5.33</hdop>
</trkpt>
<trkpt lat="46.7534872" lon="8.470868">
<ele>2300.685</ele>
<time>2023-04-07T05:59:53Z</time>
<hdop>3.79</hdop>
</trkpt>
<trkpt lat="46.7535255" lon="8.4709462">
<ele>2302.34</ele>
<time>2023-04-07T06:00:12Z</time>
<hdop>3.79</hdop>
</trkpt>
<trkpt lat="46.7535256" lon="8.4710421">
<ele>2303.959</ele>
<time>2023-04-07T06:00:22Z</time>
<hdop>3.79</hdop>
</trkpt>
<trkpt lat="46.7535244" lon="8.4711369">
<ele>2306.4</ele>
<time>2023-04-07T06:00:33Z</time>
<hdop>3.79</hdop>
</trkpt>
<trkpt lat="46.7535725" lon="8.4710623">
<ele>2308.758</ele>
<time>2023-04-07T06:00:50Z</time>
<hdop>3.79</hdop>
</trkpt>
<trkpt lat="46.7536188" lon="8.4711345">
<ele>2310.432</ele>
<time>2023-04-07T06:01:14Z</time>
<hdop>3.79</hdop>
</trkpt>
<trkpt lat="46.753601" lon="8.471226">
<ele>2311.448</ele>
<time>2023-04-07T06:01:24Z</time>
<hdop>3.79</hdop>
</trkpt>
<trkpt lat="46.7536607" lon="8.4711797">
<ele>2313.497</ele>
<time>2023-04-07T06:01:46Z</time>
<hdop>4.18</hdop>
</trkpt>
<trkpt lat="46.7537095" lon="8.4711106">
<ele>2317.794</ele>
<time>2023-04-07T06:01:54Z</time>
<hdop>3.79</hdop>
</trkpt>
<trkpt lat="46.7537531" lon="8.471037">
<ele>2322.028</ele>
<time>2023-04-07T06:02:07Z</time>
<hdop>3.79</hdop>
</trkpt>
<trkpt lat="46.7538043" lon="8.4709663">
<ele>2323.623</ele>
<time>2023-04-07T06:02:20Z</time>
<hdop>3.79</hdop>
</trkpt>
<trkpt lat="46.7538585" lon="8.4709128">
<ele>2325.328</ele>
<time>2023-04-07T06:02:30Z</time>
<hdop>3.79</hdop>
</trkpt>
<trkpt lat="46.7539227" lon="8.4708904">
<ele>2327.046</ele>
<time>2023-04-07T06:02:42Z</time>
<hdop>3.79</hdop>
</trkpt>
<trkpt lat="46.7539918" lon="8.4708858">
<ele>2329.397</ele>
<time>2023-04-07T06:02:54Z</time>
<hdop>3.79</hdop>
</trkpt>
<trkpt lat="46.7540581" lon="8.4708883">
<ele>2331.458</ele>
<time>2023-04-07T06:03:06Z</time>
<hdop>3.79</hdop>
</trkpt>
<trkpt lat="46.7541006" lon="8.4709597">
<ele>2333.743</ele>
<time>2023-04-07T06:03:19Z</time>
<hdop>3.79</hdop>
</trkpt>
<trkpt lat="46.754095" lon="8.4710616">
<ele>2335.182</ele>
<time>2023-04-07T06:03:30Z</time>
<hdop>3.79</hdop>
</trkpt>
<trkpt lat="46.754084" lon="8.4711613">
<ele>2336.942</ele>
<time>2023-04-07T06:03:40Z</time>
<hdop>3.79</hdop>
</trkpt>
<trkpt lat="46.7540913" lon="8.4712613">
<ele>2339.57</ele>
<time>2023-04-07T06:03:52Z</time>
<hdop>3.79</hdop>
</trkpt>
<trkpt lat="46.7540805" lon="8.471357">
<ele>2341.763</ele>
<time>2023-04-07T06:04:02Z</time>
<hdop>3.79</hdop>
</trkpt>
<trkpt lat="46.754075" lon="8.4714557">
<ele>2342.785</ele>
<time>2023-04-07T06:04:12Z</time>
<hdop>3.79</hdop>
</trkpt>
<trkpt lat="46.7540586" lon="8.4715554">
<ele>2345.207</ele>
<time>2023-04-07T06:04:23Z</time>
<hdop>3.79</hdop>
</trkpt>
<trkpt lat="46.7540803" lon="8.4716531">
<ele>2347.189</ele>
<time>2023-04-07T06:04:35Z</time>
<hdop>3.79</hdop>
</trkpt>
<trkpt lat="46.754112" lon="8.4717428">
<ele>2348.461</ele>
<time>2023-04-07T06:04:47Z</time>
<hdop>3.79</hdop>
</trkpt>
<trkpt lat="46.7541426" lon="8.4718272">
<ele>2350.569</ele>
<time>2023-04-07T06:04:58Z</time>
<hdop>3.79</hdop>
</trkpt>
<trkpt lat="46.7542043" lon="8.4717956">
<ele>2353.887</ele>
<time>2023-04-07T06:05:19Z</time>
<hdop>3.79</hdop>
</trkpt>
<trkpt lat="46.7542483" lon="8.4717211">
<ele>2356.411</ele>
<time>2023-04-07T06:05:34Z</time>
<hdop>3.79</hdop>
</trkpt>
<trkpt lat="46.7543149" lon="8.4717112">
<ele>2359.659</ele>
<time>2023-04-07T06:05:56Z</time>
<hdop>3.79</hdop>
</trkpt>
<trkpt lat="46.754348" lon="8.4717952">
<ele>2360.854</ele>
<time>2023-04-07T06:06:06Z</time>
<hdop>3.79</hdop>
</trkpt>
<trkpt lat="46.7543815" lon="8.4718822">
<ele>2362.953</ele>
<time>2023-04-07T06:06:17Z</time>
<hdop>3.79</hdop>
</trkpt>
<trkpt lat="46.7544229" lon="8.4719599">
<ele>2364.836</ele>
<time>2023-04-07T06:06:29Z</time>
<hdop>3.79</hdop>
</trkpt>
<trkpt lat="46.7544652" lon="8.4720421">
<ele>2366.552</ele>
<time>2023-04-07T06:06:41Z</time>
<hdop>3.79</hdop>
</trkpt>
<trkpt lat="46.7545114" lon="8.4719734">
<ele>2370.067</ele>
<time>2023-04-07T06:07:06Z</time>
<hdop>3.79</hdop>
</trkpt>
<trkpt lat="46.754578" lon="8.4719986">
<ele>2372.533</ele>
<time>2023-04-07T06:07:22Z</time>
<hdop>3.79</hdop>
</trkpt>
<trkpt lat="46.75463" lon="8.4719328">
<ele>2376.338</ele>
<time>2023-04-07T06:07:40Z</time>
<hdop>3.79</hdop>
</trkpt>
<trkpt lat="46.7546951" lon="8.4718913">
<ele>2378.313</ele>
<time>2023-04-07T06:08:00Z</time>
<hdop>3.79</hdop>
</trkpt>
<trkpt lat="46.754749" lon="8.4718332">
<ele>2379.696</ele>
<time>2023-04-07T06:08:10Z</time>
<hdop>3.79</hdop>
</trkpt>
<trkpt lat="46.7548004" lon="8.4717741">
<ele>2380.71</ele>
<time>2023-04-07T06:08:21Z</time>
<hdop>3.79</hdop>
</trkpt>
<trkpt lat="46.7548547" lon="8.4717151">
<ele>2381.887</ele>
<time>2023-04-07T06:08:32Z</time>
<hdop>3.79</hdop>
</trkpt>
<trkpt lat="46.7549052" lon="8.4716518">
<ele>2382.799</ele>
<time>2023-04-07T06:08:43Z</time>
<hdop>3.79</hdop>
</trkpt>
<trkpt lat="46.7549573" lon="8.4715905">
<ele>2384.61</ele>
<time>2023-04-07T06:08:55Z</time>
<hdop>3.79</hdop>
</trkpt>
<trkpt lat="46.7550083" lon="8.4715192">
<ele>2386.431</ele>
<time>2023-04-07T06:09:06Z</time>
<hdop>3.79</hdop>
</trkpt>
<trkpt lat="46.7550557" lon="8.4714534">
<ele>2387.457</ele>
<time>2023-04-07T06:09:17Z</time>
<hdop>3.79</hdop>
</trkpt>
<trkpt lat="46.755107" lon="8.4713945">
<ele>2388.673</ele>
<time>2023-04-07T06:09:28Z</time>
<hdop>3.79</hdop>
</trkpt>
<trkpt lat="46.7551661" lon="8.4713428">
<ele>2390.096</ele>
<time>2023-04-07T06:09:40Z</time>
<hdop>3.79</hdop>
</trkpt>
<trkpt lat="46.7552253" lon="8.4712938">
<ele>2390.724</ele>
<time>2023-04-07T06:09:57Z</time>
<hdop>3.79</hdop>
</trkpt>
<trkpt lat="46.7552887" lon="8.4712547">
<ele>2391.639</ele>
<time>2023-04-07T06:10:07Z</time>
<hdop>3.79</hdop>
</trkpt>
<trkpt lat="46.7553476" lon="8.4712129">
<ele>2392.648</ele>
<time>2023-04-07T06:10:17Z</time>
<hdop>3.79</hdop>
</trkpt>
<trkpt lat="46.7554062" lon="8.4711696">
<ele>2393.332</ele>
<time>2023-04-07T06:10:26Z</time>
<hdop>3.79</hdop>
</trkpt>
<trkpt lat="46.7554703" lon="8.4711215">
<ele>2393.782</ele>
<time>2023-04-07T06:10:36Z</time>
<hdop>3.79</hdop>
</trkpt>
<trkpt lat="46.755533" lon="8.4710818">
<ele>2394.916</ele>
<time>2023-04-07T06:10:46Z</time>
<hdop>3.79</hdop>
</trkpt>
<trkpt lat="46.7555961" lon="8.471057">
<ele>2396.666</ele>
<time>2023-04-07T06:10:58Z</time>
<hdop>3.79</hdop>
</trkpt>
<trkpt lat="46.7556573" lon="8.4710233">
<ele>2397.658</ele>
<time>2023-04-07T06:11:09Z</time>
<hdop>3.79</hdop>
</trkpt>
<trkpt lat="46.7557206" lon="8.4709817">
<ele>2399.035</ele>
<time>2023-04-07T06:11:21Z</time>
<hdop>3.79</hdop>
</trkpt>
<trkpt lat="46.7557801" lon="8.4709406">
<ele>2399.876</ele>
<time>2023-04-07T06:11:32Z</time>
<hdop>3.79</hdop>
</trkpt>
<trkpt lat="46.7558427" lon="8.4708983">
<ele>2401.784</ele>
<time>2023-04-07T06:11:45Z</time>
<hdop>3.79</hdop>
</trkpt>
<trkpt lat="46.7559049" lon="8.4708635">
<ele>2403.215</ele>
<time>2023-04-07T06:11:56Z</time>
<hdop>3.79</hdop>
</trkpt>
<trkpt lat="46.7559636" lon="8.4708209">
<ele>2404.515</ele>
<time>2023-04-07T06:12:07Z</time>
<hdop>3.79</hdop>
</trkpt>
<trkpt lat="46.7560228" lon="8.4707798">
<ele>2405.494</ele>
<time>2023-04-07T06:12:18Z</time>
<hdop>3.79</hdop>
</trkpt>
<trkpt lat="46.7560858" lon="8.4707421">
<ele>2407.227</ele>
<time>2023-04-07T06:12:31Z</time>
<hdop>3.79</hdop>
</trkpt>
<trkpt lat="46.756149" lon="8.4707156">
<ele>2409.22</ele>
<time>2023-04-07T06:12:46Z</time>
<hdop>3.79</hdop>
</trkpt>
<trkpt lat="46.7562171" lon="8.4706843">
<ele>2410.677</ele>
<time>2023-04-07T06:12:58Z</time>
<hdop>3.79</hdop>
</trkpt>
<trkpt lat="46.7562802" lon="8.4706535">
<ele>2412.166</ele>
<time>2023-04-07T06:13:10Z</time>
<hdop>3.79</hdop>
</trkpt>
<trkpt lat="46.7563425" lon="8.4706093">
<ele>2413.724</ele>
<time>2023-04-07T06:13:22Z</time>
<hdop>3.79</hdop>
</trkpt>
<trkpt lat="46.7564033" lon="8.470567">
<ele>2415.597</ele>
<time>2023-04-07T06:13:34Z</time>
<hdop>3.79</hdop>
</trkpt>
<trkpt lat="46.756465" lon="8.4705298">
<ele>2416.791</ele>
<time>2023-04-07T06:13:46Z</time>
<hdop>3.79</hdop>
</trkpt>
<trkpt lat="46.756525" lon="8.4704835">
<ele>2417.952</ele>
<time>2023-04-07T06:13:57Z</time>
<hdop>3.79</hdop>
</trkpt>
<trkpt lat="46.7565872" lon="8.4704455">
<ele>2418.923</ele>
<time>2023-04-07T06:14:08Z</time>
<hdop>3.79</hdop>
</trkpt>
<trkpt lat="46.7566487" lon="8.4704022">
<ele>2420.562</ele>
<time>2023-04-07T06:14:19Z</time>
<hdop>3.79</hdop>
</trkpt>
<trkpt lat="46.7567111" lon="8.4703551">
<ele>2422.104</ele>
<time>2023-04-07T06:14:31Z</time>
<hdop>3.79</hdop>
</trkpt>
<trkpt lat="46.7567751" lon="8.4703118">
<ele>2424.004</ele>
<time>2023-04-07T06:14:42Z</time>
<hdop>3.79</hdop>
</trkpt>
<trkpt lat="46.7568375" lon="8.4702705">
<ele>2425.097</ele>
<time>2023-04-07T06:14:55Z</time>
<hdop>3.79</hdop>
</trkpt>
<trkpt lat="46.7568998" lon="8.4702234">
<ele>2426.735</ele>
<time>2023-04-07T06:15:07Z</time>
<hdop>3.79</hdop>
</trkpt>
<trkpt lat="46.7569572" lon="8.4701707">
<ele>2427.817</ele>
<time>2023-04-07T06:15:19Z</time>
<hdop>3.79</hdop>
</trkpt>
<trkpt lat="46.7570175" lon="8.4701203">
<ele>2429.281</ele>
<time>2023-04-07T06:15:31Z</time>
<hdop>3.79</hdop>
</trkpt>
<trkpt lat="46.7570778" lon="8.4700703">
<ele>2430.88</ele>
<time>2023-04-07T06:15:44Z</time>
<hdop>3.79</hdop>
</trkpt>
<trkpt lat="46.7571353" lon="8.4700201">
<ele>2431.838</ele>
<time>2023-04-07T06:15:55Z</time>
<hdop>3.79</hdop>
</trkpt>
<trkpt lat="46.7571959" lon="8.4699665">
<ele>2432.809</ele>
<time>2023-04-07T06:16:07Z</time>
<hdop>3.79</hdop>
</trkpt>
<trkpt lat="46.7572575" lon="8.46992">
<ele>2434.247</ele>
<time>2023-04-07T06:16:18Z</time>
<hdop>3.79</hdop>
</trkpt>
<trkpt lat="46.757312" lon="8.4698587">
<ele>2435.35</ele>
<time>2023-04-07T06:16:28Z</time>
<hdop>3.79</hdop>
</trkpt>
<trkpt lat="46.7573675" lon="8.4697968">
<ele>2437.254</ele>
<time>2023-04-07T06:16:39Z</time>
<hdop>3.79</hdop>
</trkpt>
<trkpt lat="46.7574258" lon="8.4697511">
<ele>2438.638</ele>
<time>2023-04-07T06:16:52Z</time>
<hdop>3.79</hdop>
</trkpt>
<trkpt lat="46.7574871" lon="8.4697074">
<ele>2439.794</ele>
<time>2023-04-07T06:17:06Z</time>
<hdop>3.79</hdop>
</trkpt>
<trkpt lat="46.7575417" lon="8.469655">
<ele>2441.747</ele>
<time>2023-04-07T06:17:18Z</time>
<hdop>3.79</hdop>
</trkpt>
<trkpt lat="46.7575999" lon="8.4696068">
<ele>2443.764</ele>
<time>2023-04-07T06:17:29Z</time>
<hdop>3.79</hdop>
</trkpt>
<trkpt lat="46.7576608" lon="8.4695556">
<ele>2444.702</ele>
<time>2023-04-07T06:17:40Z</time>
<hdop>3.79</hdop>
</trkpt>
<trkpt lat="46.7577208" lon="8.4695096">
<ele>2445.619</ele>
<time>2023-04-07T06:17:51Z</time>
<hdop>3.79</hdop>
</trkpt>
<trkpt lat="46.7577803" lon="8.4694685">
<ele>2447.217</ele>
<time>2023-04-07T06:18:03Z</time>
<hdop>3.79</hdop>
</trkpt>
<trkpt lat="46.7578417" lon="8.469428">
<ele>2448.941</ele>
<time>2023-04-07T06:18:18Z</time>
<hdop>3.79</hdop>
</trkpt>
<trkpt lat="46.7579023" lon="8.4693897">
<ele>2450.636</ele>
<time>2023-04-07T06:18:31Z</time>
<hdop>3.79</hdop>
</trkpt>
<trkpt lat="46.7579659" lon="8.4693507">
<ele>2452.731</ele>
<time>2023-04-07T06:18:46Z</time>
<hdop>3.79</hdop>
</trkpt>
<trkpt lat="46.7580276" lon="8.4693165">
<ele>2454.31</ele>
<time>2023-04-07T06:19:00Z</time>
<hdop>3.79</hdop>
</trkpt>
<trkpt lat="46.7580945" lon="8.4692854">
<ele>2455.923</ele>
<time>2023-04-07T06:19:15Z</time>
<hdop>3.79</hdop>
</trkpt>
<trkpt lat="46.7581618" lon="8.469268">
<ele>2457.882</ele>
<time>2023-04-07T06:19:30Z</time>
<hdop>3.79</hdop>
</trkpt>
<trkpt lat="46.7582268" lon="8.4692708">
<ele>2460.043</ele>
<time>2023-04-07T06:19:43Z</time>
<hdop>3.79</hdop>
</trkpt>
<trkpt lat="46.7582936" lon="8.469273">
<ele>2461.942</ele>
<time>2023-04-07T06:19:56Z</time>
<hdop>3.79</hdop>
</trkpt>
<trkpt lat="46.7583632" lon="8.4692646">
<ele>2463.719</ele>
<time>2023-04-07T06:20:13Z</time>
<hdop>3.79</hdop>
</trkpt>
<trkpt lat="46.7584282" lon="8.4692555">
<ele>2464.572</ele>
<time>2023-04-07T06:20:24Z</time>
<hdop>3.79</hdop>
</trkpt>
<trkpt lat="46.7584929" lon="8.4692466">
<ele>2465.291</ele>
<time>2023-04-07T06:20:37Z</time>
<hdop>3.79</hdop>
</trkpt>
<trkpt lat="46.7585626" lon="8.4692414">
<ele>2467.438</ele>
<time>2023-04-07T06:20:51Z</time>
<hdop>3.79</hdop>
</trkpt>
<trkpt lat="46.7586273" lon="8.4692298">
<ele>2469.266</ele>
<time>2023-04-07T06:21:06Z</time>
<hdop>3.79</hdop>
</trkpt>
<trkpt lat="46.758695" lon="8.4692174">
<ele>2469.881</ele>
<time>2023-04-07T06:21:19Z</time>
<hdop>3.79</hdop>
</trkpt>
<trkpt lat="46.7587584" lon="8.4691859">
<ele>2471.441</ele>
<time>2023-04-07T06:21:29Z</time>
<hdop>3.79</hdop>
</trkpt>
<trkpt lat="46.7588224" lon="8.4691552">
<ele>2473.892</ele>
<time>2023-04-07T06:21:43Z</time>
<hdop>3.79</hdop>
</trkpt>
<trkpt lat="46.7588889" lon="8.4691268">
<ele>2475.08</ele>
<time>2023-04-07T06:21:56Z</time>
<hdop>3.79</hdop>
</trkpt>
<trkpt lat="46.7589507" lon="8.4690907">
<ele>2476.53</ele>
<time>2023-04-07T06:22:08Z</time>
<hdop>3.79</hdop>
</trkpt>
<trkpt lat="46.7590113" lon="8.4690496">
<ele>2478.598</ele>
<time>2023-04-07T06:22:21Z</time>
<hdop>3.79</hdop>
</trkpt>
<trkpt lat="46.7590747" lon="8.4690194">
<ele>2480.029</ele>
<time>2023-04-07T06:22:34Z</time>
<hdop>3.79</hdop>
</trkpt>
<trkpt lat="46.759136" lon="8.4689845">
<ele>2481.828</ele>
<time>2023-04-07T06:22:47Z</time>
<hdop>3.79</hdop>
</trkpt>
<trkpt lat="46.7592017" lon="8.4689628">
<ele>2482.145</ele>
<time>2023-04-07T06:23:00Z</time>
<hdop>3.79</hdop>
</trkpt>
<trkpt lat="46.7592637" lon="8.4689226">
<ele>2482.078</ele>
<time>2023-04-07T06:23:14Z</time>
<hdop>3.79</hdop>
</trkpt>
<trkpt lat="46.7593256" lon="8.4688868">
<ele>2485.174</ele>
<time>2023-04-07T06:23:28Z</time>
<hdop>3.79</hdop>
</trkpt>
<trkpt lat="46.7593877" lon="8.4688412">
<ele>2487.403</ele>
<time>2023-04-07T06:23:41Z</time>
<hdop>3.79</hdop>
</trkpt>
<trkpt lat="46.7594523" lon="8.4688151">
<ele>2489.204</ele>
<time>2023-04-07T06:23:54Z</time>
<hdop>3.79</hdop>
</trkpt>
<trkpt lat="46.7595184" lon="8.4687943">
<ele>2490.407</ele>
<time>2023-04-07T06:24:07Z</time>
<hdop>3.79</hdop>
</trkpt>
<trkpt lat="46.7595841" lon="8.4687808">
<ele>2491.684</ele>
<time>2023-04-07T06:24:18Z</time>
<hdop>3.79</hdop>
</trkpt>
<trkpt lat="46.7596497" lon="8.4687752">
<ele>2491.559</ele>
<time>2023-04-07T06:24:32Z</time>
<hdop>3.79</hdop>
</trkpt>
<trkpt lat="46.7597185" lon="8.4687765">
<ele>2490.703</ele>
<time>2023-04-07T06:24:40Z</time>
<hdop>3.79</hdop>
</trkpt>
<trkpt lat="46.7597895" lon="8.4687927">
<ele>2491.591</ele>
<time>2023-04-07T06:24:48Z</time>
<hdop>3.79</hdop>
</trkpt>
<trkpt lat="46.7598586" lon="8.4688112">
<ele>2493.215</ele>
<time>2023-04-07T06:24:57Z</time>
<hdop>3.79</hdop>
</trkpt>
<trkpt lat="46.7598746" lon="8.46891">
<ele>2495.979</ele>
<time>2023-04-07T06:25:13Z</time>
<hdop>3.79</hdop>
</trkpt>
<trkpt lat="46.7599392" lon="8.4689369">
<ele>2496.706</ele>
<time>2023-04-07T06:25:37Z</time>
<hdop>3.79</hdop>
</trkpt>
<trkpt lat="46.7599923" lon="8.4689989">
<ele>2498.729</ele>
<time>2023-04-07T06:25:50Z</time>
<hdop>3.79</hdop>
</trkpt>
<trkpt lat="46.7600484" lon="8.4690517">
<ele>2500.331</ele>
<time>2023-04-07T06:26:07Z</time>
<hdop>3.79</hdop>
</trkpt>
<trkpt lat="46.7601132" lon="8.4690514">
<ele>2502.905</ele>
<time>2023-04-07T06:26:20Z</time>
<hdop>3.79</hdop>
</trkpt>
<trkpt lat="46.7601809" lon="8.4690769">
<ele>2503.578</ele>
<time>2023-04-07T06:26:32Z</time>
<hdop>3.79</hdop>
</trkpt>
<trkpt lat="46.7602505" lon="8.4690612">
<ele>2505.271</ele>
<time>2023-04-07T06:26:44Z</time>
<hdop>3.79</hdop>
</trkpt>
<trkpt lat="46.7603199" lon="8.46906">
<ele>2504.766</ele>
<time>2023-04-07T06:26:54Z</time>
<hdop>3.79</hdop>
</trkpt>
<trkpt lat="46.7603873" lon="8.469059">
<ele>2504.912</ele>
<time>2023-04-07T06:27:04Z</time>
<hdop>3.79</hdop>
</trkpt>
<trkpt lat="46.7604556" lon="8.4690558">
<ele>2506.451</ele>
<time>2023-04-07T06:27:14Z</time>
<hdop>3.79</hdop>
</trkpt>
<trkpt lat="46.7605242" lon="8.4690607">
<ele>2507.315</ele>
<time>2023-04-07T06:27:25Z</time>
<hdop>3.79</hdop>
</trkpt>
<trkpt lat="46.7605888" lon="8.4690698">
<ele>2507.65</ele>
<time>2023-04-07T06:27:39Z</time>
<hdop>3.79</hdop>
</trkpt>
<trkpt lat="46.7606545" lon="8.4690725">
<ele>2508.405</ele>
<time>2023-04-07T06:27:49Z</time>
<hdop>3.79</hdop>
</trkpt>
<trkpt lat="46.7607228" lon="8.4690624">
<ele>2509.802</ele>
<time>2023-04-07T06:28:00Z</time>
<hdop>3.79</hdop>
</trkpt>
<trkpt lat="46.7607914" lon="8.469041">
<ele>2510.591</ele>
<time>2023-04-07T06:28:10Z</time>
<hdop>3.79</hdop>
</trkpt>
<trkpt lat="46.7608524" lon="8.4689878">
<ele>2511.252</ele>
<time>2023-04-07T06:28:21Z</time>
<hdop>3.79</hdop>
</trkpt>
<trkpt lat="46.7609076" lon="8.4689218">
<ele>2511.837</ele>
<time>2023-04-07T06:28:32Z</time>
<hdop>3.79</hdop>
</trkpt>
<trkpt lat="46.760948" lon="8.4688372">
<ele>2513.253</ele>
<time>2023-04-07T06:28:44Z</time>
<hdop>3.79</hdop>
</trkpt>
<trkpt lat="46.7609782" lon="8.4687442">
<ele>2514.887</ele>
<time>2023-04-07T06:28:58Z</time>
<hdop>3.79</hdop>
</trkpt>
<trkpt lat="46.7609973" lon="8.4686525">
<ele>2516.412</ele>
<time>2023-04-07T06:29:16Z</time>
<hdop>3.79</hdop>
</trkpt>
<trkpt lat="46.7609998" lon="8.4685519">
<ele>2518.067</ele>
<time>2023-04-07T06:29:36Z</time>
<hdop>3.79</hdop>
</trkpt>
<trkpt lat="46.7610622" lon="8.4684996">
<ele>2519.242</ele>
<time>2023-04-07T06:29:50Z</time>
<hdop>3.79</hdop>
</trkpt>
<trkpt lat="46.7611217" lon="8.4684575">
<ele>2520.647</ele>
<time>2023-04-07T06:31:17Z</time>
<hdop>3.79</hdop>
</trkpt>
<trkpt lat="46.7611809" lon="8.468407">
<ele>2521.218</ele>
<time>2023-04-07T06:31:32Z</time>
<hdop>3.79</hdop>
</trkpt>
<trkpt lat="46.7612428" lon="8.4683728">
<ele>2521.88</ele>
<time>2023-04-07T06:31:43Z</time>
<hdop>3.79</hdop>
</trkpt>
<trkpt lat="46.7613027" lon="8.4683318">
<ele>2522.412</ele>
<time>2023-04-07T06:31:53Z</time>
<hdop>3.79</hdop>
</trkpt>
<trkpt lat="46.7613552" lon="8.4682727">
<ele>2524.838</ele>
<time>2023-04-07T06:32:02Z</time>
<hdop>3.79</hdop>
</trkpt>
<trkpt lat="46.7614086" lon="8.4682151">
<ele>2526.088</ele>
<time>2023-04-07T06:32:15Z</time>
<hdop>3.79</hdop>
</trkpt>
<trkpt lat="46.7614678" lon="8.4681716">
<ele>2526.769</ele>
<time>2023-04-07T06:32:27Z</time>
<hdop>3.79</hdop>
</trkpt>
<trkpt lat="46.7615332" lon="8.4681351">
<ele>2526.686</ele>
<time>2023-04-07T06:32:38Z</time>
<hdop>3.79</hdop>
</trkpt>
<trkpt lat="46.7615969" lon="8.4680912">
<ele>2527.184</ele>
<time>2023-04-07T06:32:48Z</time>
<hdop>3.79</hdop>
</trkpt>
<trkpt lat="46.761646" lon="8.4680192">
<ele>2528.731</ele>
<time>2023-04-07T06:33:00Z</time>
<hdop>3.79</hdop>
</trkpt>
<trkpt lat="46.7616925" lon="8.46795">
<ele>2530.077</ele>
<time>2023-04-07T06:33:12Z</time>
<hdop>3.79</hdop>
</trkpt>
<trkpt lat="46.7617359" lon="8.4678749">
<ele>2531.612</ele>
<time>2023-04-07T06:33:26Z</time>
<hdop>3.79</hdop>
</trkpt>
<trkpt lat="46.7617803" lon="8.4678034">
<ele>2533.466</ele>
<time>2023-04-07T06:33:41Z</time>
<hdop>3.79</hdop>
</trkpt>
<trkpt lat="46.7618314" lon="8.467742">
<ele>2533.438</ele>
<time>2023-04-07T06:33:52Z</time>
<hdop>3.79</hdop>
</trkpt>
<trkpt lat="46.7618975" lon="8.4677209">
<ele>2534.988</ele>
<time>2023-04-07T06:34:06Z</time>
<hdop>3.79</hdop>
</trkpt>
<trkpt lat="46.7618966" lon="8.4678174">
<ele>2534.15</ele>
<time>2023-04-07T06:34:16Z</time>
<hdop>3.79</hdop>
</trkpt>
<trkpt lat="46.7618831" lon="8.4679149">
<ele>2536.576</ele>
<time>2023-04-07T06:34:30Z</time>
<hdop>3.79</hdop>
</trkpt>
<trkpt lat="46.7619245" lon="8.4678344">
<ele>2540.401</ele>
<time>2023-04-07T06:34:49Z</time>
<hdop>3.79</hdop>
</trkpt>
<trkpt lat="46.7619781" lon="8.4677705">
<ele>2542.029</ele>
<time>2023-04-07T06:36:37Z</time>
<hdop>3.79</hdop>
</trkpt>
<trkpt lat="46.7620374" lon="8.4677201">
<ele>2542.951</ele>
<time>2023-04-07T06:36:50Z</time>
<hdop>3.79</hdop>
</trkpt>
<trkpt lat="46.7621" lon="8.4676763">
<ele>2545.113</ele>
<time>2023-04-07T06:37:03Z</time>
<hdop>3.79</hdop>
</trkpt>
<trkpt lat="46.7621577" lon="8.4676304">
<ele>2546.991</ele>
<time>2023-04-07T06:37:15Z</time>
<hdop>3.79</hdop>
</trkpt>
<trkpt lat="46.7622139" lon="8.4675724">
<ele>2548.868</ele>
<time>2023-04-07T06:37:27Z</time>
<hdop>3.79</hdop>
</trkpt>
<trkpt lat="46.7622644" lon="8.4675087">
<ele>2550.611</ele>
<time>2023-04-07T06:37:39Z</time>
<hdop>3.79</hdop>
</trkpt>
<trkpt lat="46.7623155" lon="8.4674409">
<ele>2552.315</ele>
<time>2023-04-07T06:37:52Z</time>
<hdop>3.79</hdop>
</trkpt>
<trkpt lat="46.7623599" lon="8.4673693">
<ele>2554.48</ele>
<time>2023-04-07T06:38:04Z</time>
<hdop>3.79</hdop>
</trkpt>
<trkpt lat="46.7624239" lon="8.4673322">
<ele>2556.587</ele>
<time>2023-04-07T06:38:17Z</time>
<hdop>3.79</hdop>
</trkpt>
<trkpt lat="46.762491" lon="8.4673003">
<ele>2558.174</ele>
<time>2023-04-07T06:38:30Z</time>
<hdop>3.79</hdop>
</trkpt>
<trkpt lat="46.7625535" lon="8.4672647">
<ele>2559.153</ele>
<time>2023-04-07T06:38:41Z</time>
<hdop>3.79</hdop>
</trkpt>
<trkpt lat="46.762567" lon="8.4671689">
<ele>2562.324</ele>
<time>2023-04-07T06:38:59Z</time>
<hdop>3.79</hdop>
</trkpt>
<trkpt lat="46.7626304" lon="8.4671359">
<ele>2562.498</ele>
<time>2023-04-07T06:51:06Z</time>
<hdop>3.79</hdop>
</trkpt>
<trkpt lat="46.7627009" lon="8.4671536">
<ele>2561.932</ele>
<time>2023-04-07T06:51:15Z</time>
<hdop>3.79</hdop>
</trkpt>
<trkpt lat="46.7627652" lon="8.4672043">
<ele>2562.185</ele>
<time>2023-04-07T06:51:24Z</time>
<hdop>3.79</hdop>
</trkpt>
<trkpt lat="46.7628287" lon="8.4672456">
<ele>2563.77</ele>
<time>2023-04-07T06:51:33Z</time>
<hdop>3.79</hdop>
</trkpt>
<trkpt lat="46.76289" lon="8.4672769">
<ele>2563.96</ele>
<time>2023-04-07T06:51:44Z</time>
<hdop>3.79</hdop>
</trkpt>
<trkpt lat="46.7629308" lon="8.4673536">
<ele>2564.556</ele>
<time>2023-04-07T06:52:00Z</time>
<hdop>3.79</hdop>
</trkpt>
<trkpt lat="46.7629992" lon="8.4673883">
<ele>2564.669</ele>
<time>2023-04-07T06:52:08Z</time>
<hdop>9.94</hdop>
</trkpt>
<trkpt lat="46.7630643" lon="8.4674226">
<ele>2564.595</ele>
<time>2023-04-07T06:52:16Z</time>
<hdop>9.94</hdop>
</trkpt>
<trkpt lat="46.7631373" lon="8.4674374">
<ele>2565.32</ele>
<time>2023-04-07T06:52:24Z</time>
<hdop>9.94</hdop>
</trkpt>
<trkpt lat="46.763205" lon="8.4674531">
<ele>2564.871</ele>
<time>2023-04-07T06:52:32Z</time>
<hdop>9.94</hdop>
</trkpt>
<trkpt lat="46.7632725" lon="8.4674511">
<ele>2565.595</ele>
<time>2023-04-07T06:52:41Z</time>
<hdop>9.94</hdop>
</trkpt>
<trkpt lat="46.763304" lon="8.4675367">
<ele>2568.069</ele>
<time>2023-04-07T06:52:59Z</time>
<hdop>9.94</hdop>
</trkpt>
<trkpt lat="46.7632695" lon="8.4676207">
<ele>2567.502</ele>
<time>2023-04-07T06:53:11Z</time>
<hdop>3.79</hdop>
</trkpt>
<trkpt lat="46.7633235" lon="8.4676765">
<ele>2569.968</ele>
<time>2023-04-07T06:53:36Z</time>
<hdop>3.79</hdop>
</trkpt>
<trkpt lat="46.7633903" lon="8.4676568">
<ele>2570.669</ele>
<time>2023-04-07T06:53:48Z</time>
<hdop>3.79</hdop>
</trkpt>
<trkpt lat="46.7634363" lon="8.4675897">
<ele>2572.089</ele>
<time>2023-04-07T06:53:59Z</time>
<hdop>3.79</hdop>
</trkpt>
<trkpt lat="46.7634684" lon="8.4675028">
<ele>2574.655</ele>
<time>2023-04-07T06:54:09Z</time>
<hdop>3.79</hdop>
</trkpt>
<trkpt lat="46.7635137" lon="8.4674268">
<ele>2576.137</ele>
<time>2023-04-07T06:54:21Z</time>
<hdop>3.79</hdop>
</trkpt>
<trkpt lat="46.7635662" lon="8.4673675">
<ele>2577.214</ele>
<time>2023-04-07T06:54:32Z</time>
<hdop>3.79</hdop>
</trkpt>
<trkpt lat="46.7636315" lon="8.4673536">
<ele>2578.724</ele>
<time>2023-04-07T06:54:43Z</time>
<hdop>3.79</hdop>
</trkpt>
<trkpt lat="46.7636919" lon="8.4673914">
<ele>2578.765</ele>
<time>2023-04-07T06:54:52Z</time>
<hdop>3.79</hdop>
</trkpt>
<trkpt lat="46.7637571" lon="8.4674044">
<ele>2581.46</ele>
<time>2023-04-07T06:55:02Z</time>
<hdop>3.79</hdop>
</trkpt>
<trkpt lat="46.7638202" lon="8.4674315">
<ele>2582.503</ele>
<time>2023-04-07T06:55:13Z</time>
<hdop>3.79</hdop>
</trkpt>
<trkpt lat="46.7638876" lon="8.4674539">
<ele>2583.5</ele>
<time>2023-04-07T06:55:23Z</time>
<hdop>3.79</hdop>
</trkpt>
<trkpt lat="46.7639545" lon="8.4674665">
<ele>2585.008</ele>
<time>2023-04-07T06:55:34Z</time>
<hdop>3.87</hdop>
</trkpt>
<trkpt lat="46.764021" lon="8.4674605">
<ele>2586.792</ele>
<time>2023-04-07T06:55:48Z</time>
<hdop>3.79</hdop>
</trkpt>
<trkpt lat="46.7640851" lon="8.4674375">
<ele>2587.781</ele>
<time>2023-04-07T06:55:58Z</time>
<hdop>3.79</hdop>
</trkpt>
<trkpt lat="46.7641463" lon="8.4673943">
<ele>2589.162</ele>
<time>2023-04-07T06:56:09Z</time>
<hdop>3.79</hdop>
</trkpt>
<trkpt lat="46.7642041" lon="8.4673376">
<ele>2589.954</ele>
<time>2023-04-07T06:56:18Z</time>
<hdop>3.79</hdop>
</trkpt>
<trkpt lat="46.7642614" lon="8.4672808">
<ele>2589.788</ele>
<time>2023-04-07T06:56:28Z</time>
<hdop>3.79</hdop>
</trkpt>
<trkpt lat="46.7643013" lon="8.467206">
<ele>2589.646</ele>
<time>2023-04-07T06:56:37Z</time>
<hdop>3.79</hdop>
</trkpt>
<trkpt lat="46.7643411" lon="8.4672812">
<ele>2590.553</ele>
<time>2023-04-07T06:59:34Z</time>
<hdop>3.79</hdop>
</trkpt>
<trkpt lat="46.7643485" lon="8.4673778">
<ele>2590.548</ele>
<time>2023-04-07T06:59:45Z</time>
<hdop>3.79</hdop>
</trkpt>
<trkpt lat="46.764349" lon="8.4674783">
<ele>2591.749</ele>
<time>2023-04-07T06:59:56Z</time>
<hdop>3.79</hdop>
</trkpt>
<trkpt lat="46.7643305" lon="8.4675709">
<ele>2592.453</ele>
<time>2023-04-07T07:00:08Z</time>
<hdop>3.79</hdop>
</trkpt>
<trkpt lat="46.7642885" lon="8.4676457">
<ele>2595.6</ele>
<time>2023-04-07T07:00:21Z</time>
<hdop>3.79</hdop>
</trkpt>
<trkpt lat="46.7643599" lon="8.4676651">
<ele>2598.67</ele>
<time>2023-04-07T07:00:43Z</time>
<hdop>3.79</hdop>
</trkpt>
<trkpt lat="46.764428" lon="8.4676613">
<ele>2601.517</ele>
<time>2023-04-07T07:00:53Z</time>
<hdop>3.88</hdop>
</trkpt>
<trkpt lat="46.7644943" lon="8.4676541">
<ele>2602.572</ele>
<time>2023-04-07T07:01:03Z</time>
<hdop>4.15</hdop>
</trkpt>
<trkpt lat="46.7645511" lon="8.4675995">
<ele>2604.331</ele>
<time>2023-04-07T07:01:15Z</time>
<hdop>3.79</hdop>
</trkpt>
<trkpt lat="46.7645992" lon="8.4675347">
<ele>2605.966</ele>
<time>2023-04-07T07:01:25Z</time>
<hdop>3.79</hdop>
</trkpt>
<trkpt lat="46.7646545" lon="8.4674724">
<ele>2606.023</ele>
<time>2023-04-07T07:01:35Z</time>
<hdop>3.79</hdop>
</trkpt>
<trkpt lat="46.7647017" lon="8.4673997">
<ele>2607.975</ele>
<time>2023-04-07T07:01:44Z</time>
<hdop>3.79</hdop>
</trkpt>
<trkpt lat="46.7647307" lon="8.4673098">
<ele>2609.779</ele>
<time>2023-04-07T07:01:53Z</time>
<hdop>3.79</hdop>
</trkpt>
<trkpt lat="46.7647507" lon="8.4672128">
<ele>2611.952</ele>
<time>2023-04-07T07:02:02Z</time>
<hdop>3.79</hdop>
</trkpt>
<trkpt lat="46.7647983" lon="8.4671412">
<ele>2612.71</ele>
<time>2023-04-07T07:02:14Z</time>
<hdop>3.79</hdop>
</trkpt>
<trkpt lat="46.7648371" lon="8.4670562">
<ele>2615.318</ele>
<time>2023-04-07T07:02:25Z</time>
<hdop>3.79</hdop>
</trkpt>
<trkpt lat="46.7648689" lon="8.4669718">
<ele>2617.104</ele>
<time>2023-04-07T07:02:35Z</time>
<hdop>3.79</hdop>
</trkpt>
<trkpt lat="46.7649075" lon="8.4668877">
<ele>2619.46</ele>
<time>2023-04-07T07:02:44Z</time>
<hdop>3.79</hdop>
</trkpt>
<trkpt lat="46.7649531" lon="8.4668179">
<ele>2620.347</ele>
<time>2023-04-07T07:02:55Z</time>
<hdop>3.79</hdop>
</trkpt>
<trkpt lat="46.7650123" lon="8.4667686">
<ele>2621.311</ele>
<time>2023-04-07T07:03:10Z</time>
<hdop>3.79</hdop>
</trkpt>
<trkpt lat="46.765073" lon="8.4667246">
<ele>2623.154</ele>
<time>2023-04-07T07:03:21Z</time>
<hdop>3.79</hdop>
</trkpt>
<trkpt lat="46.7651345" lon="8.4666916">
<ele>2623.938</ele>
<time>2023-04-07T07:03:31Z</time>
<hdop>3.79</hdop>
</trkpt>
<trkpt lat="46.7651948" lon="8.4666498">
<ele>2624.951</ele>
<time>2023-04-07T07:03:41Z</time>
<hdop>3.79</hdop>
</trkpt>
<trkpt lat="46.7652346" lon="8.4667282">
<ele>2626.741</ele>
<time>2023-04-07T07:03:52Z</time>
<hdop>3.79</hdop>
</trkpt>
<trkpt lat="46.7652553" lon="8.4668267">
<ele>2628.017</ele>
<time>2023-04-07T07:04:17Z</time>
<hdop>3.79</hdop>
</trkpt>
<trkpt lat="46.7652835" lon="8.4669215">
<ele>2629.771</ele>
<time>2023-04-07T07:04:27Z</time>
<hdop>3.79</hdop>
</trkpt>
<trkpt lat="46.7653148" lon="8.4670051">
<ele>2631.26</ele>
<time>2023-04-07T07:04:38Z</time>
<hdop>3.79</hdop>
</trkpt>
<trkpt lat="46.7653386" lon="8.4671004">
<ele>2632.647</ele>
<time>2023-04-07T07:04:49Z</time>
<hdop>3.79</hdop>
</trkpt>
<trkpt lat="46.7653646" lon="8.4671949">
<ele>2633.645</ele>
<time>2023-04-07T07:04:59Z</time>
<hdop>3.79</hdop>
</trkpt>
<trkpt lat="46.7653964" lon="8.467288">
<ele>2634.012</ele>
<time>2023-04-07T07:05:09Z</time>
<hdop>3.79</hdop>
</trkpt>
<trkpt lat="46.7654231" lon="8.4673799">
<ele>2635.612</ele>
<time>2023-04-07T07:05:18Z</time>
<hdop>3.79</hdop>
</trkpt>
<trkpt lat="46.7654451" lon="8.467478">
<ele>2637.293</ele>
<time>2023-04-07T07:05:28Z</time>
<hdop>3.79</hdop>
</trkpt>
<trkpt lat="46.7654644" lon="8.4675744">
<ele>2638.498</ele>
<time>2023-04-07T07:05:37Z</time>
<hdop>3.79</hdop>
</trkpt>
<trkpt lat="46.7654818" lon="8.4676735">
<ele>2639.833</ele>
<time>2023-04-07T07:05:46Z</time>
<hdop>3.79</hdop>
</trkpt>
<trkpt lat="46.7655036" lon="8.4677635">
<ele>2640.728</ele>
<time>2023-04-07T07:05:55Z</time>
<hdop>3.79</hdop>
</trkpt>
<trkpt lat="46.7655176" lon="8.4678622">
<ele>2641.608</ele>
<time>2023-04-07T07:06:04Z</time>
<hdop>3.79</hdop>
</trkpt>
<trkpt lat="46.7655259" lon="8.4679615">
<ele>2643.021</ele>
<time>2023-04-07T07:06:13Z</time>
<hdop>3.79</hdop>
</trkpt>
<trkpt lat="46.765521" lon="8.468069">
<ele>2643.554</ele>
<time>2023-04-07T07:06:22Z</time>
<hdop>3.79</hdop>
</trkpt>
<trkpt lat="46.7655852" lon="8.4680513">
<ele>2646.38</ele>
<time>2023-04-07T07:06:36Z</time>
<hdop>3.79</hdop>
</trkpt>
<trkpt lat="46.7656368" lon="8.4679798">
<ele>2648.428</ele>
<time>2023-04-07T07:06:46Z</time>
<hdop>3.79</hdop>
</trkpt>
<trkpt lat="46.7656847" lon="8.4679044">
<ele>2651.56</ele>
<time>2023-04-07T07:06:56Z</time>
<hdop>3.79</hdop>
</trkpt>
<trkpt lat="46.7657296" lon="8.4678231">
<ele>2654.454</ele>
<time>2023-04-07T07:07:06Z</time>
<hdop>3.79</hdop>
</trkpt>
<trkpt lat="46.765781" lon="8.4677583">
<ele>2655.21</ele>
<time>2023-04-07T07:07:17Z</time>
<hdop>3.79</hdop>
</trkpt>
<trkpt lat="46.7658372" lon="8.4677026">
<ele>2656.223</ele>
<time>2023-04-07T07:07:28Z</time>
<hdop>3.79</hdop>
</trkpt>
<trkpt lat="46.7658945" lon="8.4676525">
<ele>2657.258</ele>
<time>2023-04-07T07:07:37Z</time>
<hdop>3.79</hdop>
</trkpt>
<trkpt lat="46.7659525" lon="8.4676076">
<ele>2658.245</ele>
<time>2023-04-07T07:07:46Z</time>
<hdop>3.79</hdop>
</trkpt>
<trkpt lat="46.765966" lon="8.4677085">
<ele>2658.4</ele>
<time>2023-04-07T07:08:18Z</time>
<hdop>3.79</hdop>
</trkpt>
<trkpt lat="46.7659785" lon="8.4678119">
<ele>2659.118</ele>
<time>2023-04-07T07:08:28Z</time>
<hdop>3.79</hdop>
</trkpt>
<trkpt lat="46.7659831" lon="8.4679102">
<ele>2660.011</ele>
<time>2023-04-07T07:08:37Z</time>
<hdop>3.79</hdop>
</trkpt>
<trkpt lat="46.7659883" lon="8.4680059">
<ele>2661.301</ele>
<time>2023-04-07T07:08:46Z</time>
<hdop>3.79</hdop>
</trkpt>
<trkpt lat="46.765993" lon="8.4681046">
<ele>2663.051</ele>
<time>2023-04-07T07:08:56Z</time>
<hdop>3.79</hdop>
</trkpt>
<trkpt lat="46.7659933" lon="8.4682031">
<ele>2664.8</ele>
<time>2023-04-07T07:09:06Z</time>
<hdop>3.79</hdop>
</trkpt>
<trkpt lat="46.7659887" lon="8.4683074">
<ele>2666.059</ele>
<time>2023-04-07T07:09:16Z</time>
<hdop>3.79</hdop>
</trkpt>
<trkpt lat="46.7659873" lon="8.468412">
<ele>2667.087</ele>
<time>2023-04-07T07:09:26Z</time>
<hdop>3.79</hdop>
</trkpt>
<trkpt lat="46.765972" lon="8.4685151">
<ele>2668.584</ele>
<time>2023-04-07T07:09:37Z</time>
<hdop>3.79</hdop>
</trkpt>
<trkpt lat="46.7659503" lon="8.4686051">
<ele>2668.526</ele>
<time>2023-04-07T07:09:46Z</time>
<hdop>3.79</hdop>
</trkpt>
<trkpt lat="46.7659249" lon="8.4686998">
<ele>2669.655</ele>
<time>2023-04-07T07:09:55Z</time>
<hdop>3.79</hdop>
</trkpt>
<trkpt lat="46.7659902" lon="8.4687236">
<ele>2672.446</ele>
<time>2023-04-07T07:10:10Z</time>
<hdop>3.79</hdop>
</trkpt>
<trkpt lat="46.7660529" lon="8.4686994">
<ele>2675.006</ele>
<time>2023-04-07T07:10:37Z</time>
<hdop>3.79</hdop>
</trkpt>
<trkpt lat="46.766117" lon="8.4686757">
<ele>2676.52</ele>
<time>2023-04-07T07:10:47Z</time>
<hdop>3.79</hdop>
</trkpt>
<trkpt lat="46.7661878" lon="8.4686577">
<ele>2677.933</ele>
<time>2023-04-07T07:10:58Z</time>
<hdop>3.79</hdop>
</trkpt>
<trkpt lat="46.7662564" lon="8.4686438">
<ele>2679.772</ele>
<time>2023-04-07T07:11:08Z</time>
<hdop>3.79</hdop>
</trkpt>
<trkpt lat="46.7663269" lon="8.4686305">
<ele>2681.582</ele>
<time>2023-04-07T07:11:19Z</time>
<hdop>3.79</hdop>
</trkpt>
<trkpt lat="46.7663959" lon="8.4686158">
<ele>2683.297</ele>
<time>2023-04-07T07:11:29Z</time>
<hdop>3.79</hdop>
</trkpt>
<trkpt lat="46.766461" lon="8.4686078">
<ele>2684.658</ele>
<time>2023-04-07T07:11:39Z</time>
<hdop>3.79</hdop>
</trkpt>
<trkpt lat="46.7665277" lon="8.4686077">
<ele>2686.29</ele>
<time>2023-04-07T07:11:49Z</time>
<hdop>3.79</hdop>
</trkpt>
<trkpt lat="46.7665964" lon="8.4686104">
<ele>2687.364</ele>
<time>2023-04-07T07:11:59Z</time>
<hdop>3.79</hdop>
</trkpt>
<trkpt lat="46.7666616" lon="8.4686378">
<ele>2688.599</ele>
<time>2023-04-07T07:12:09Z</time>
<hdop>3.79</hdop>
</trkpt>
<trkpt lat="46.7666626" lon="8.4687348">
<ele>2688.243</ele>
<time>2023-04-07T07:12:19Z</time>
<hdop>3.79</hdop>
</trkpt>
<trkpt lat="46.7666368" lon="8.468832">
<ele>2688.184</ele>
<time>2023-04-07T07:12:29Z</time>
<hdop>3.79</hdop>
</trkpt>
<trkpt lat="46.7666086" lon="8.4689228">
<ele>2690.034</ele>
<time>2023-04-07T07:12:40Z</time>
<hdop>3.79</hdop>
</trkpt>
<trkpt lat="46.7665775" lon="8.4690144">
<ele>2691.562</ele>
<time>2023-04-07T07:12:52Z</time>
<hdop>3.79</hdop>
</trkpt>
<trkpt lat="46.766545" lon="8.4690973">
<ele>2693.082</ele>
<time>2023-04-07T07:13:03Z</time>
<hdop>3.79</hdop>
</trkpt>
<trkpt lat="46.7665051" lon="8.4691826">
<ele>2693.714</ele>
<time>2023-04-07T07:13:15Z</time>
<hdop>3.79</hdop>
</trkpt>
<trkpt lat="46.7664665" lon="8.4692593">
<ele>2694.497</ele>
<time>2023-04-07T07:13:26Z</time>
<hdop>3.79</hdop>
</trkpt>
<trkpt lat="46.7664247" lon="8.4693407">
<ele>2695.869</ele>
<time>2023-04-07T07:13:37Z</time>
<hdop>3.79</hdop>
</trkpt>
<trkpt lat="46.7663763" lon="8.4694085">
<ele>2696.875</ele>
<time>2023-04-07T07:13:46Z</time>
<hdop>3.79</hdop>
</trkpt>
<trkpt lat="46.7663312" lon="8.469479">
<ele>2697.985</ele>
<time>2023-04-07T07:14:16Z</time>
<hdop>3.79</hdop>
</trkpt>
<trkpt lat="46.7662732" lon="8.4695275">
<ele>2698.43</ele>
<time>2023-04-07T07:14:26Z</time>
<hdop>3.79</hdop>
</trkpt>
<trkpt lat="46.7662127" lon="8.4695731">
<ele>2699.541</ele>
<time>2023-04-07T07:14:36Z</time>
<hdop>3.79</hdop>
</trkpt>
<trkpt lat="46.7661494" lon="8.4696129">
<ele>2700.847</ele>
<time>2023-04-07T07:14:45Z</time>
<hdop>3.79</hdop>
</trkpt>
<trkpt lat="46.7660804" lon="8.4696086">
<ele>2703.939</ele>
<time>2023-04-07T07:14:55Z</time>
<hdop>3.79</hdop>
</trkpt>
<trkpt lat="46.7660136" lon="8.469609">
<ele>2706.389</ele>
<time>2023-04-07T07:15:06Z</time>
<hdop>3.79</hdop>
</trkpt>
<trkpt lat="46.7659465" lon="8.4696278">
<ele>2709.344</ele>
<time>2023-04-07T07:15:19Z</time>
<hdop>3.79</hdop>
</trkpt>
<trkpt lat="46.7659068" lon="8.4697088">
<ele>2709.618</ele>
<time>2023-04-07T07:15:33Z</time>
<hdop>3.79</hdop>
</trkpt>
<trkpt lat="46.7659171" lon="8.4698042">
<ele>2709.417</ele>
<time>2023-04-07T07:15:43Z</time>
<hdop>3.79</hdop>
</trkpt>
<trkpt lat="46.7659882" lon="8.4697884">
<ele>2712.431</ele>
<time>2023-04-07T07:15:53Z</time>
<hdop>3.79</hdop>
</trkpt>
<trkpt lat="46.7660546" lon="8.4697995">
<ele>2714.406</ele>
<time>2023-04-07T07:16:05Z</time>
<hdop>3.79</hdop>
</trkpt>
<trkpt lat="46.7661144" lon="8.4698493">
<ele>2715.654</ele>
<time>2023-04-07T07:16:17Z</time>
<hdop>3.79</hdop>
</trkpt>
<trkpt lat="46.7661747" lon="8.4698976">
<ele>2717.033</ele>
<time>2023-04-07T07:16:29Z</time>
<hdop>3.79</hdop>
</trkpt>
<trkpt lat="46.7661151" lon="8.4699508">
<ele>2717.943</ele>
<time>2023-04-07T07:16:38Z</time>
<hdop>3.79</hdop>
</trkpt>
<trkpt lat="46.7660776" lon="8.4700334">
<ele>2718.243</ele>
<time>2023-04-07T07:16:50Z</time>
<hdop>3.79</hdop>
</trkpt>
<trkpt lat="46.7660724" lon="8.4701287">
<ele>2718.979</ele>
<time>2023-04-07T07:17:01Z</time>
<hdop>3.79</hdop>
</trkpt>
<trkpt lat="46.7660616" lon="8.4702251">
<ele>2720.492</ele>
<time>2023-04-07T07:17:11Z</time>
<hdop>3.79</hdop>
</trkpt>
<trkpt lat="46.7660384" lon="8.4703173">
<ele>2721.052</ele>
<time>2023-04-07T07:17:21Z</time>
<hdop>3.79</hdop>
</trkpt>
<trkpt lat="46.7660005" lon="8.4704033">
<ele>2722.573</ele>
<time>2023-04-07T07:17:32Z</time>
<hdop>3.79</hdop>
</trkpt>
<trkpt lat="46.7659715" lon="8.4704912">
<ele>2724.501</ele>
<time>2023-04-07T07:17:43Z</time>
<hdop>3.79</hdop>
</trkpt>
<trkpt lat="46.7659241" lon="8.4705615">
<ele>2726.45</ele>
<time>2023-04-07T07:17:55Z</time>
<hdop>3.79</hdop>
</trkpt>
<trkpt lat="46.7658837" lon="8.4706419">
<ele>2729.217</ele>
<time>2023-04-07T07:18:06Z</time>
<hdop>3.79</hdop>
</trkpt>
<trkpt lat="46.7658381" lon="8.4707156">
<ele>2730.284</ele>
<time>2023-04-07T07:18:15Z</time>
<hdop>3.79</hdop>
</trkpt>
<trkpt lat="46.7657921" lon="8.470784">
<ele>2731.355</ele>
<time>2023-04-07T07:18:25Z</time>
<hdop>3.79</hdop>
</trkpt>
<trkpt lat="46.7658529" lon="8.4707475">
<ele>2734.679</ele>
<time>2023-04-07T07:19:06Z</time>
<hdop>3.79</hdop>
</trkpt>
<trkpt lat="46.7659167" lon="8.4707036">
<ele>2738.301</ele>
<time>2023-04-07T07:20:42Z</time>
<hdop>3.79</hdop>
</trkpt>
<trkpt lat="46.7659842" lon="8.4706731">
<ele>2739.93</ele>
<time>2023-04-07T07:20:52Z</time>
<hdop>3.79</hdop>
</trkpt>
<trkpt lat="46.7660489" lon="8.4706531">
<ele>2741.794</ele>
<time>2023-04-07T07:21:02Z</time>
<hdop>3.79</hdop>
</trkpt>
<trkpt lat="46.7661137" lon="8.4706211">
<ele>2742.953</ele>
<time>2023-04-07T07:21:12Z</time>
<hdop>3.79</hdop>
</trkpt>
<trkpt lat="46.7661805" lon="8.4705938">
<ele>2743.529</ele>
<time>2023-04-07T07:21:22Z</time>
<hdop>3.79</hdop>
</trkpt>
<trkpt lat="46.7662461" lon="8.4705706">
<ele>2744.942</ele>
<time>2023-04-07T07:21:31Z</time>
<hdop>3.79</hdop>
</trkpt>
<trkpt lat="46.7663087" lon="8.4705439">
<ele>2746.581</ele>
<time>2023-04-07T07:21:40Z</time>
<hdop>3.79</hdop>
</trkpt>
<trkpt lat="46.7663742" lon="8.4705267">
<ele>2747.036</ele>
<time>2023-04-07T07:21:50Z</time>
<hdop>3.79</hdop>
</trkpt>
<trkpt lat="46.766342" lon="8.4706109">
<ele>2746.63</ele>
<time>2023-04-07T07:22:07Z</time>
<hdop>3.79</hdop>
</trkpt>
<trkpt lat="46.7662935" lon="8.4706857">
<ele>2747.705</ele>
<time>2023-04-07T07:22:16Z</time>
<hdop>3.79</hdop>
</trkpt>
<trkpt lat="46.7662458" lon="8.4707571">
<ele>2749.217</ele>
<time>2023-04-07T07:22:26Z</time>
<hdop>3.79</hdop>
</trkpt>
<trkpt lat="46.7662031" lon="8.4708324">
<ele>2750.857</ele>
<time>2023-04-07T07:22:37Z</time>
<hdop>3.79</hdop>
</trkpt>
<trkpt lat="46.7661634" lon="8.4709081">
<ele>2752.106</ele>
<time>2023-04-07T07:22:47Z</time>
<hdop>3.79</hdop>
</trkpt>
<trkpt lat="46.7661223" lon="8.4709933">
<ele>2753.173</ele>
<time>2023-04-07T07:22:58Z</time>
<hdop>3.79</hdop>
</trkpt>
<trkpt lat="46.7660738" lon="8.4710709">
<ele>2754.124</ele>
<time>2023-04-07T07:23:09Z</time>
<hdop>3.79</hdop>
</trkpt>
<trkpt lat="46.7660335" lon="8.4711472">
<ele>2754.547</ele>
<time>2023-04-07T07:23:18Z</time>
<hdop>3.79</hdop>
</trkpt>
<trkpt lat="46.7659881" lon="8.4712182">
<ele>2755.581</ele>
<time>2023-04-07T07:23:27Z</time>
<hdop>3.79</hdop>
</trkpt>
<trkpt lat="46.7660512" lon="8.4711829">
<ele>2755.253</ele>
<time>2023-04-07T07:23:36Z</time>
<hdop>3.79</hdop>
</trkpt>
<trkpt lat="46.7661152" lon="8.4711415">
<ele>2758.968</ele>
<time>2023-04-07T07:24:14Z</time>
<hdop>3.79</hdop>
</trkpt>
<trkpt lat="46.7661786" lon="8.4711029">
<ele>2761.825</ele>
<time>2023-04-07T07:24:25Z</time>
<hdop>3.79</hdop>
</trkpt>
<trkpt lat="46.7662428" lon="8.4710721">
<ele>2764.587</ele>
<time>2023-04-07T07:24:36Z</time>
<hdop>3.79</hdop>
</trkpt>
<trkpt lat="46.7663091" lon="8.471044">
<ele>2765.41</ele>
<time>2023-04-07T07:24:47Z</time>
<hdop>3.79</hdop>
</trkpt>
<trkpt lat="46.7663756" lon="8.4710169">
<ele>2767.078</ele>
<time>2023-04-07T07:24:58Z</time>
<hdop>3.79</hdop>
</trkpt>
<trkpt lat="46.7664388" lon="8.4709888">
<ele>2768.426</ele>
<time>2023-04-07T07:25:09Z</time>
<hdop>3.79</hdop>
</trkpt>
<trkpt lat="46.7665055" lon="8.4709546">
<ele>2769.99</ele>
<time>2023-04-07T07:25:20Z</time>
<hdop>3.79</hdop>
</trkpt>
<trkpt lat="46.7665685" lon="8.4709117">
<ele>2772.504</ele>
<time>2023-04-07T07:25:31Z</time>
<hdop>3.79</hdop>
</trkpt>
<trkpt lat="46.7665328" lon="8.4709987">
<ele>2772.087</ele>
<time>2023-04-07T07:26:05Z</time>
<hdop>3.79</hdop>
</trkpt>
<trkpt lat="46.7664989" lon="8.4710874">
<ele>2770.952</ele>
<time>2023-04-07T07:26:13Z</time>
<hdop>3.79</hdop>
</trkpt>
<trkpt lat="46.7664596" lon="8.471164">
<ele>2770.651</ele>
<time>2023-04-07T07:26:21Z</time>
<hdop>3.79</hdop>
</trkpt>
<trkpt lat="46.7664199" lon="8.471247">
<ele>2770.128</ele>
<time>2023-04-07T07:26:30Z</time>
<hdop>3.79</hdop>
</trkpt>
<trkpt lat="46.7663792" lon="8.471324">
<ele>2770.777</ele>
<time>2023-04-07T07:26:40Z</time>
<hdop>3.79</hdop>
</trkpt>
<trkpt lat="46.7663352" lon="8.4714054">
<ele>2769.546</ele>
<time>2023-04-07T07:26:49Z</time>
<hdop>3.79</hdop>
</trkpt>
<trkpt lat="46.7662882" lon="8.4714786">
<ele>2770.246</ele>
<time>2023-04-07T07:27:00Z</time>
<hdop>3.79</hdop>
</trkpt>
<trkpt lat="46.7663555" lon="8.4714617">
<ele>2772.096</ele>
<time>2023-04-07T07:27:18Z</time>
<hdop>3.79</hdop>
</trkpt>
<trkpt lat="46.7664183" lon="8.4714303">
<ele>2774.262</ele>
<time>2023-04-07T07:27:27Z</time>
<hdop>3.79</hdop>
</trkpt>
<trkpt lat="46.7664863" lon="8.4714058">
<ele>2775.809</ele>
<time>2023-04-07T07:27:37Z</time>
<hdop>3.79</hdop>
</trkpt>
<trkpt lat="46.7665501" lon="8.4713676">
<ele>2778.033</ele>
<time>2023-04-07T07:27:47Z</time>
<hdop>3.79</hdop>
</trkpt>
<trkpt lat="46.766608" lon="8.4713252">
<ele>2780.181</ele>
<time>2023-04-07T07:27:57Z</time>
<hdop>3.79</hdop>
</trkpt>
<trkpt lat="46.7666724" lon="8.4712932">
<ele>2781.931</ele>
<time>2023-04-07T07:28:07Z</time>
<hdop>3.79</hdop>
</trkpt>
<trkpt lat="46.7666309" lon="8.4713748">
<ele>2781.91</ele>
<time>2023-04-07T07:28:46Z</time>
<hdop>3.79</hdop>
</trkpt>
<trkpt lat="46.7665898" lon="8.4714485">
<ele>2781.695</ele>
<time>2023-04-07T07:28:53Z</time>
<hdop>3.79</hdop>
</trkpt>
<trkpt lat="46.7665494" lon="8.4715292">
<ele>2782.018</ele>
<time>2023-04-07T07:29:02Z</time>
<hdop>3.79</hdop>
</trkpt>
<trkpt lat="46.7665078" lon="8.4716094">
<ele>2782.204</ele>
<time>2023-04-07T07:29:12Z</time>
<hdop>3.79</hdop>
</trkpt>
<trkpt lat="46.7664585" lon="8.4716772">
<ele>2783.206</ele>
<time>2023-04-07T07:29:25Z</time>
<hdop>3.79</hdop>
</trkpt>
<trkpt lat="46.766407" lon="8.4717369">
<ele>2784.167</ele>
<time>2023-04-07T07:29:40Z</time>
<hdop>3.79</hdop>
</trkpt>
<trkpt lat="46.7663446" lon="8.4717821">
<ele>2784.161</ele>
<time>2023-04-07T07:29:54Z</time>
<hdop>3.79</hdop>
</trkpt>
<trkpt lat="46.7664152" lon="8.4717983">
<ele>2789.438</ele>
<time>2023-04-07T07:30:24Z</time>
<hdop>3.79</hdop>
</trkpt>
<trkpt lat="46.7664788" lon="8.4717619">
<ele>2792.454</ele>
<time>2023-04-07T07:30:35Z</time>
<hdop>3.79</hdop>
</trkpt>
<trkpt lat="46.7665404" lon="8.4717224">
<ele>2795.598</ele>
<time>2023-04-07T07:31:11Z</time>
<hdop>3.79</hdop>
</trkpt>
<trkpt lat="46.7666052" lon="8.4717065">
<ele>2797.564</ele>
<time>2023-04-07T07:31:22Z</time>
<hdop>3.79</hdop>
</trkpt>
<trkpt lat="46.7666735" lon="8.4716769">
<ele>2800.181</ele>
<time>2023-04-07T07:31:34Z</time>
<hdop>3.79</hdop>
</trkpt>
<trkpt lat="46.7666524" lon="8.4717712">
<ele>2801.956</ele>
<time>2023-04-07T07:32:15Z</time>
<hdop>3.79</hdop>
</trkpt>
<trkpt lat="46.766607" lon="8.471845">
<ele>2801.051</ele>
<time>2023-04-07T07:32:36Z</time>
<hdop>3.79</hdop>
</trkpt>
<trkpt lat="46.7665565" lon="8.4719097">
<ele>2801.316</ele>
<time>2023-04-07T07:32:46Z</time>
<hdop>3.79</hdop>
</trkpt>
<trkpt lat="46.7665122" lon="8.4719868">
<ele>2801.158</ele>
<time>2023-04-07T07:32:58Z</time>
<hdop>3.79</hdop>
</trkpt>
<trkpt lat="46.7664536" lon="8.4720283">
<ele>2801.904</ele>
<time>2023-04-07T07:33:08Z</time>
<hdop>3.79</hdop>
</trkpt>
<trkpt lat="46.7665139" lon="8.4719901">
<ele>2803.528</ele>
<time>2023-04-07T07:33:36Z</time>
<hdop>3.79</hdop>
</trkpt>
<trkpt lat="46.7665845" lon="8.4719734">
<ele>2807.694</ele>
<time>2023-04-07T07:33:47Z</time>
<hdop>3.79</hdop>
</trkpt>
<trkpt lat="46.7666478" lon="8.4719449">
<ele>2809.61</ele>
<time>2023-04-07T07:33:58Z</time>
<hdop>3.79</hdop>
</trkpt>
<trkpt lat="46.766716" lon="8.4719336">
<ele>2811.497</ele>
<time>2023-04-07T07:34:10Z</time>
<hdop>3.79</hdop>
</trkpt>
<trkpt lat="46.7666849" lon="8.4720197">
<ele>2818.229</ele>
<time>2023-04-07T07:34:54Z</time>
<hdop>4.85</hdop>
</trkpt>
<trkpt lat="46.7666367" lon="8.472087">
<ele>2816.289</ele>
<time>2023-04-07T07:35:08Z</time>
<hdop>3.79</hdop>
</trkpt>
<trkpt lat="46.7665898" lon="8.4721558">
<ele>2817.818</ele>
<time>2023-04-07T07:35:21Z</time>
<hdop>3.79</hdop>
</trkpt>
<trkpt lat="46.7665238" lon="8.4721823">
<ele>2819.81</ele>
<time>2023-04-07T07:35:41Z</time>
<hdop>3.79</hdop>
</trkpt>
<trkpt lat="46.7665935" lon="8.4721771">
<ele>2822.337</ele>
<time>2023-04-07T07:36:20Z</time>
<hdop>3.79</hdop>
</trkpt>
<trkpt lat="46.7666629" lon="8.4721736">
<ele>2825.571</ele>
<time>2023-04-07T07:36:32Z</time>
<hdop>3.79</hdop>
</trkpt>
<trkpt lat="46.7667218" lon="8.4721286">
<ele>2829.679</ele>
<time>2023-04-07T07:36:48Z</time>
<hdop>9.94</hdop>
</trkpt>
<trkpt lat="46.7667001" lon="8.4722181">
<ele>2835.478</ele>
<time>2023-04-07T07:37:32Z</time>
<hdop>9.94</hdop>
</trkpt>
<trkpt lat="46.7667652" lon="8.4722064">
<ele>2838.651</ele>
<time>2023-04-07T07:39:21Z</time>
<hdop>9.94</hdop>
</trkpt>
<trkpt lat="46.7667329" lon="8.4722939">
<ele>2838.599</ele>
<time>2023-04-07T07:39:58Z</time>
<hdop>9.94</hdop>
</trkpt>
<trkpt lat="46.7667586" lon="8.4723814">
<ele>2842.635</ele>
<time>2023-04-07T07:44:14Z</time>
<hdop>9.94</hdop>
</trkpt>
<trkpt lat="46.7667904" lon="8.4724638">
<ele>2851.038</ele>
<time>2023-04-07T07:45:30Z</time>
<hdop>10.03</hdop>
</trkpt>
<trkpt lat="46.7668209" lon="8.4725479">
<ele>2857.304</ele>
<time>2023-04-07T07:46:17Z</time>
<hdop>3.79</hdop>
</trkpt>
<trkpt lat="46.7667898" lon="8.4726605">
<ele>2845.19</ele>
<time>2023-04-07T08:09:57Z</time>
<hdop>3.79</hdop>
</trkpt>
<trkpt lat="46.766785" lon="8.4728169">
<ele>2837.877</ele>
<time>2023-04-07T08:10:02Z</time>
<hdop>6.64</hdop>
</trkpt>
<trkpt lat="46.7667136" lon="8.4727785">
<ele>2834.43</ele>
<time>2023-04-07T08:10:10Z</time>
<hdop>6.89</hdop>
</trkpt>
<trkpt lat="46.7666976" lon="8.4728834">
<ele>2828.505</ele>
<time>2023-04-07T08:11:35Z</time>
<hdop>10.54</hdop>
</trkpt>
<trkpt lat="46.7665018" lon="8.4729771">
<ele>2823.824</ele>
<time>2023-04-07T08:11:40Z</time>
<hdop>11.71</hdop>
</trkpt>
<trkpt lat="46.7661452" lon="8.4733544">
<ele>2806.956</ele>
<time>2023-04-07T08:11:45Z</time>
<hdop>15.29</hdop>
</trkpt>
<trkpt lat="46.7658769" lon="8.4736221">
<ele>2798.672</ele>
<time>2023-04-07T08:11:50Z</time>
<hdop>14.22</hdop>
</trkpt>
<trkpt lat="46.765919" lon="8.4735478">
<ele>2791.664</ele>
<time>2023-04-07T08:11:58Z</time>
<hdop>16.95</hdop>
</trkpt>
<trkpt lat="46.7659839" lon="8.4735339">
<ele>2792.673</ele>
<time>2023-04-07T08:14:02Z</time>
<hdop>14.13</hdop>
</trkpt>
<trkpt lat="46.7660322" lon="8.4735968">
<ele>2797.153</ele>
<time>2023-04-07T08:18:14Z</time>
<hdop>20.48</hdop>
</trkpt>
<trkpt lat="46.7660147" lon="8.4737139">
<ele>2790.434</ele>
<time>2023-04-07T08:19:01Z</time>
<hdop>15.28</hdop>
</trkpt>
<trkpt lat="46.7658792" lon="8.47392">
<ele>2774.809</ele>
<time>2023-04-07T08:19:06Z</time>
<hdop>14.4</hdop>
</trkpt>
<trkpt lat="46.7659182" lon="8.474254">
<ele>2750.672</ele>
<time>2023-04-07T08:19:10Z</time>
<hdop>12.86</hdop>
</trkpt>
<trkpt lat="46.7656992" lon="8.4748519">
<ele>2714.887</ele>
<time>2023-04-07T08:19:16Z</time>
<hdop>11.8</hdop>
</trkpt>
<trkpt lat="46.7652618" lon="8.4750844">
<ele>2695.345</ele>
<time>2023-04-07T08:19:21Z</time>
<hdop>10.09</hdop>
</trkpt>
<trkpt lat="46.7650981" lon="8.4755478">
<ele>2680.111</ele>
<time>2023-04-07T08:19:26Z</time>
<hdop>10.19</hdop>
</trkpt>
<trkpt lat="46.7649035" lon="8.4759696">
<ele>2665.564</ele>
<time>2023-04-07T08:19:31Z</time>
<hdop>9.94</hdop>
</trkpt>
<trkpt lat="46.7647646" lon="8.4764338">
<ele>2652.972</ele>
<time>2023-04-07T08:19:36Z</time>
<hdop>9.94</hdop>
</trkpt>
<trkpt lat="46.7645763" lon="8.4765214">
<ele>2650.194</ele>
<time>2023-04-07T08:19:41Z</time>
<hdop>9.94</hdop>
</trkpt>
<trkpt lat="46.76461" lon="8.4766364">
<ele>2642.044</ele>
<time>2023-04-07T08:23:04Z</time>
<hdop>9.95</hdop>
</trkpt>
<trkpt lat="46.7645186" lon="8.4770098">
<ele>2633.799</ele>
<time>2023-04-07T08:23:09Z</time>
<hdop>9.94</hdop>
</trkpt>
<trkpt lat="46.764417" lon="8.4773846">
<ele>2626.716</ele>
<time>2023-04-07T08:23:14Z</time>
<hdop>9.94</hdop>
</trkpt>
<trkpt lat="46.7642354" lon="8.4777171">
<ele>2616.646</ele>
<time>2023-04-07T08:23:19Z</time>
<hdop>9.94</hdop>
</trkpt>
<trkpt lat="46.7640721" lon="8.4781554">
<ele>2602.474</ele>
<time>2023-04-07T08:23:24Z</time>
<hdop>9.94</hdop>
</trkpt>
<trkpt lat="46.7639607" lon="8.4786315">
<ele>2585.873</ele>
<time>2023-04-07T08:23:29Z</time>
<hdop>9.94</hdop>
</trkpt>
<trkpt lat="46.7638797" lon="8.4790768">
<ele>2572.645</ele>
<time>2023-04-07T08:23:34Z</time>
<hdop>9.94</hdop>
</trkpt>
<trkpt lat="46.7637912" lon="8.4795421">
<ele>2560.977</ele>
<time>2023-04-07T08:23:39Z</time>
<hdop>9.94</hdop>
</trkpt>
<trkpt lat="46.7637629" lon="8.4799241">
<ele>2552.077</ele>
<time>2023-04-07T08:23:44Z</time>
<hdop>9.94</hdop>
</trkpt>
<trkpt lat="46.7637322" lon="8.4803189">
<ele>2542.874</ele>
<time>2023-04-07T08:23:49Z</time>
<hdop>9.94</hdop>
</trkpt>
<trkpt lat="46.7635871" lon="8.4806921">
<ele>2534.47</ele>
<time>2023-04-07T08:23:54Z</time>
<hdop>9.94</hdop>
</trkpt>
<trkpt lat="46.7634251" lon="8.4810664">
<ele>2523.284</ele>
<time>2023-04-07T08:23:59Z</time>
<hdop>9.94</hdop>
</trkpt>
<trkpt lat="46.7632767" lon="8.4814449">
<ele>2512.756</ele>
<time>2023-04-07T08:24:04Z</time>
<hdop>9.94</hdop>
</trkpt>
<trkpt lat="46.7630845" lon="8.4818093">
<ele>2501.767</ele>
<time>2023-04-07T08:24:09Z</time>
<hdop>9.94</hdop>
</trkpt>
<trkpt lat="46.7628737" lon="8.482149">
<ele>2488.753</ele>
<time>2023-04-07T08:24:14Z</time>
<hdop>9.94</hdop>
</trkpt>
<trkpt lat="46.7626381" lon="8.4824048">
<ele>2477.87</ele>
<time>2023-04-07T08:24:19Z</time>
<hdop>9.94</hdop>
</trkpt>
<trkpt lat="46.7625769" lon="8.4823736">
<ele>2474.426</ele>
<time>2023-04-07T08:30:02Z</time>
<hdop>3.79</hdop>
</trkpt>
<trkpt lat="46.7624358" lon="8.4822875">
<ele>2471.137</ele>
<time>2023-04-07T08:30:07Z</time>
<hdop>3.79</hdop>
</trkpt>
<trkpt lat="46.7622618" lon="8.4821649">
<ele>2465.622</ele>
<time>2023-04-07T08:30:12Z</time>
<hdop>3.79</hdop>
</trkpt>
<trkpt lat="46.7620749" lon="8.4823426">
<ele>2454.154</ele>
<time>2023-04-07T08:30:17Z</time>
<hdop>3.79</hdop>
</trkpt>
<trkpt lat="46.7619326" lon="8.4825782">
<ele>2442.724</ele>
<time>2023-04-07T08:30:22Z</time>
<hdop>3.79</hdop>
</trkpt>
<trkpt lat="46.7617892" lon="8.4827748">
<ele>2434.875</ele>
<time>2023-04-07T08:30:27Z</time>
<hdop>3.79</hdop>
</trkpt>
<trkpt lat="46.7616246" lon="8.4828386">
<ele>2432.588</ele>
<time>2023-04-07T08:30:32Z</time>
<hdop>3.79</hdop>
</trkpt>
<trkpt lat="46.7615936" lon="8.4831422">
<ele>2422.441</ele>
<time>2023-04-07T08:30:37Z</time>
<hdop>3.79</hdop>
</trkpt>
<trkpt lat="46.761406" lon="8.483377">
<ele>2416.211</ele>
<time>2023-04-07T08:30:42Z</time>
<hdop>3.79</hdop>
</trkpt>
<trkpt lat="46.7610935" lon="8.4834603">
<ele>2410.21</ele>
<time>2023-04-07T08:30:47Z</time>
<hdop>3.79</hdop>
</trkpt>
<trkpt lat="46.7608736" lon="8.4834206">
<ele>2406.157</ele>
<time>2023-04-07T08:30:52Z</time>
<hdop>3.79</hdop>
</trkpt>
<trkpt lat="46.7608131" lon="8.4833867">
<ele>2405.982</ele>
<time>2023-04-07T08:31:03Z</time>
<hdop>3.79</hdop>
</trkpt>
<trkpt lat="46.7608381" lon="8.4834938">
<ele>2401.772</ele>
<time>2023-04-07T08:31:28Z</time>
<hdop>3.79</hdop>
</trkpt>
<trkpt lat="46.7608805" lon="8.4836476">
<ele>2397.03</ele>
<time>2023-04-07T08:31:33Z</time>
<hdop>3.79</hdop>
</trkpt>
<trkpt lat="46.7607577" lon="8.4837176">
<ele>2386.725</ele>
<time>2023-04-07T08:31:38Z</time>
<hdop>3.79</hdop>
</trkpt>
<trkpt lat="46.7607171" lon="8.4838666">
<ele>2377.537</ele>
<time>2023-04-07T08:31:43Z</time>
<hdop>3.79</hdop>
</trkpt>
<trkpt lat="46.7605765" lon="8.4840191">
<ele>2363.708</ele>
<time>2023-04-07T08:31:48Z</time>
<hdop>3.79</hdop>
</trkpt>
<trkpt lat="46.7603989" lon="8.4840324">
<ele>2350.715</ele>
<time>2023-04-07T08:31:53Z</time>
<hdop>3.79</hdop>
</trkpt>
<trkpt lat="46.7602112" lon="8.4840944">
<ele>2338.693</ele>
<time>2023-04-07T08:31:58Z</time>
<hdop>3.79</hdop>
</trkpt>
<trkpt lat="46.7599688" lon="8.4841369">
<ele>2328.248</ele>
<time>2023-04-07T08:32:03Z</time>
<hdop>3.79</hdop>
</trkpt>
<trkpt lat="46.7597736" lon="8.4841394">
<ele>2318.644</ele>
<time>2023-04-07T08:32:08Z</time>
<hdop>3.79</hdop>
</trkpt>
<trkpt lat="46.7595562" lon="8.4841096">
<ele>2306.597</ele>
<time>2023-04-07T08:32:13Z</time>
<hdop>3.79</hdop>
</trkpt>
<trkpt lat="46.7593866" lon="8.4839744">
<ele>2300.766</ele>
<time>2023-04-07T08:32:18Z</time>
<hdop>3.99</hdop>
</trkpt>
<trkpt lat="46.7593134" lon="8.4840383">
<ele>2296.29</ele>
<time>2023-04-07T08:35:29Z</time>
<hdop>9.94</hdop>
</trkpt>
<trkpt lat="46.7590509" lon="8.4839903">
<ele>2289.36</ele>
<time>2023-04-07T08:35:34Z</time>
<hdop>9.94</hdop>
</trkpt>
<trkpt lat="46.7588072" lon="8.484234">
<ele>2281.296</ele>
<time>2023-04-07T08:35:39Z</time>
<hdop>9.94</hdop>
</trkpt>
<trkpt lat="46.7584318" lon="8.4843444">
<ele>2273.565</ele>
<time>2023-04-07T08:35:44Z</time>
<hdop>9.94</hdop>
</trkpt>
<trkpt lat="46.7581706" lon="8.4846749">
<ele>2262.038</ele>
<time>2023-04-07T08:35:49Z</time>
<hdop>9.94</hdop>
</trkpt>
<trkpt lat="46.7579778" lon="8.4848491">
<ele>2256.096</ele>
<time>2023-04-07T08:35:54Z</time>
<hdop>9.94</hdop>
</trkpt>
<trkpt lat="46.757771" lon="8.4850807">
<ele>2249.923</ele>
<time>2023-04-07T08:35:59Z</time>
<hdop>9.94</hdop>
</trkpt>
<trkpt lat="46.7577467" lon="8.4853775">
<ele>2243.204</ele>
<time>2023-04-07T08:36:04Z</time>
<hdop>9.94</hdop>
</trkpt>
<trkpt lat="46.7577796" lon="8.4856836">
<ele>2241.813</ele>
<time>2023-04-07T08:36:09Z</time>
<hdop>3.79</hdop>
</trkpt>
<trkpt lat="46.7577765" lon="8.4859491">
<ele>2239.601</ele>
<time>2023-04-07T08:36:14Z</time>
<hdop>3.79</hdop>
</trkpt>
<trkpt lat="46.7576633" lon="8.4862276">
<ele>2235.379</ele>
<time>2023-04-07T08:36:19Z</time>
<hdop>3.79</hdop>
</trkpt>
<trkpt lat="46.7575142" lon="8.4864817">
<ele>2232.261</ele>
<time>2023-04-07T08:36:24Z</time>
<hdop>3.79</hdop>
</trkpt>
<trkpt lat="46.7574438" lon="8.4868303">
<ele>2227.706</ele>
<time>2023-04-07T08:36:29Z</time>
<hdop>3.79</hdop>
</trkpt>
<trkpt lat="46.7574062" lon="8.4872026">
<ele>2224.002</ele>
<time>2023-04-07T08:36:34Z</time>
<hdop>3.79</hdop>
</trkpt>
<trkpt lat="46.7573436" lon="8.487555">
<ele>2217.489</ele>
<time>2023-04-07T08:36:39Z</time>
<hdop>3.79</hdop>
</trkpt>
<trkpt lat="46.7571805" lon="8.4877752">
<ele>2206.834</ele>
<time>2023-04-07T08:36:44Z</time>
<hdop>3.79</hdop>
</trkpt>
<trkpt lat="46.7572044" lon="8.488106">
<ele>2204.793</ele>
<time>2023-04-07T08:36:49Z</time>
<hdop>3.79</hdop>
</trkpt>
<trkpt lat="46.7572653" lon="8.4882082">
<ele>2203.742</ele>
<time>2023-04-07T08:38:45Z</time>
<hdop>10.18</hdop>
</trkpt>
<trkpt lat="46.7574382" lon="8.4885669">
<ele>2198.107</ele>
<time>2023-04-07T08:38:50Z</time>
<hdop>9.94</hdop>
</trkpt>
<trkpt lat="46.7575611" lon="8.4889032">
<ele>2195.318</ele>
<time>2023-04-07T08:38:55Z</time>
<hdop>9.94</hdop>
</trkpt>
<trkpt lat="46.757568" lon="8.4891435">
<ele>2188.815</ele>
<time>2023-04-07T08:39:00Z</time>
<hdop>9.94</hdop>
</trkpt>
<trkpt lat="46.7575778" lon="8.4893832">
<ele>2181.506</ele>
<time>2023-04-07T08:39:05Z</time>
<hdop>9.94</hdop>
</trkpt>
<trkpt lat="46.7574901" lon="8.4896963">
<ele>2169.618</ele>
<time>2023-04-07T08:39:10Z</time>
<hdop>9.94</hdop>
</trkpt>
<trkpt lat="46.7574337" lon="8.4900474">
<ele>2159.068</ele>
<time>2023-04-07T08:39:15Z</time>
<hdop>9.94</hdop>
</trkpt>
<trkpt lat="46.7573019" lon="8.4903385">
<ele>2147.129</ele>
<time>2023-04-07T08:39:20Z</time>
<hdop>9.94</hdop>
</trkpt>
<trkpt lat="46.7572579" lon="8.4907136">
<ele>2139.597</ele>
<time>2023-04-07T08:39:25Z</time>
<hdop>9.94</hdop>
</trkpt>
<trkpt lat="46.7572982" lon="8.4910885">
<ele>2133.119</ele>
<time>2023-04-07T08:39:30Z</time>
<hdop>9.94</hdop>
</trkpt>
<trkpt lat="46.7573073" lon="8.4914636">
<ele>2125.782</ele>
<time>2023-04-07T08:39:35Z</time>
<hdop>9.94</hdop>
</trkpt>
<trkpt lat="46.7573569" lon="8.4917912">
<ele>2117.888</ele>
<time>2023-04-07T08:39:40Z</time>
<hdop>9.94</hdop>
</trkpt>
<trkpt lat="46.7574396" lon="8.4921172">
<ele>2109.509</ele>
<time>2023-04-07T08:39:45Z</time>
<hdop>9.94</hdop>
</trkpt>
<trkpt lat="46.7575632" lon="8.4924697">
<ele>2103.128</ele>
<time>2023-04-07T08:39:50Z</time>
<hdop>3.79</hdop>
</trkpt>
<trkpt lat="46.7576646" lon="8.4928359">
<ele>2096.881</ele>
<time>2023-04-07T08:39:55Z</time>
<hdop>3.79</hdop>
</trkpt>
<trkpt lat="46.7577531" lon="8.4932331">
<ele>2090.782</ele>
<time>2023-04-07T08:40:00Z</time>
<hdop>3.79</hdop>
</trkpt>
<trkpt lat="46.7578206" lon="8.4936607">
<ele>2082.212</ele>
<time>2023-04-07T08:40:05Z</time>
<hdop>3.79</hdop>
</trkpt>
<trkpt lat="46.7578076" lon="8.4938372">
<ele>2077.443</ele>
<time>2023-04-07T08:40:10Z</time>
<hdop>3.79</hdop>
</trkpt>
<trkpt lat="46.757796" lon="8.4939446">
<ele>2068.338</ele>
<time>2023-04-07T08:41:58Z</time>
<hdop>3.79</hdop>
</trkpt>
<trkpt lat="46.7577679" lon="8.4943328">
<ele>2055.355</ele>
<time>2023-04-07T08:42:03Z</time>
<hdop>3.79</hdop>
</trkpt>
<trkpt lat="46.7577815" lon="8.4946965">
<ele>2039.433</ele>
<time>2023-04-07T08:42:08Z</time>
<hdop>3.79</hdop>
</trkpt>
<trkpt lat="46.7577363" lon="8.4950215">
<ele>2029.995</ele>
<time>2023-04-07T08:42:13Z</time>
<hdop>3.79</hdop>
</trkpt>
<trkpt lat="46.7578045" lon="8.4953219">
<ele>2018.033</ele>
<time>2023-04-07T08:42:18Z</time>
<hdop>3.79</hdop>
</trkpt>
<trkpt lat="46.757841" lon="8.4956699">
<ele>2004.677</ele>
<time>2023-04-07T08:42:23Z</time>
<hdop>3.83</hdop>
</trkpt>
<trkpt lat="46.7579502" lon="8.496041">
<ele>1994.173</ele>
<time>2023-04-07T08:42:28Z</time>
<hdop>5.18</hdop>
</trkpt>
<trkpt lat="46.7580117" lon="8.4963873">
<ele>1986.001</ele>
<time>2023-04-07T08:42:33Z</time>
<hdop>4.25</hdop>
</trkpt>
<trkpt lat="46.7580518" lon="8.4965565">
<ele>1981.08</ele>
<time>2023-04-07T08:42:38Z</time>
<hdop>3.79</hdop>
</trkpt>
<trkpt lat="46.7581098" lon="8.496634">
<ele>1975.257</ele>
<time>2023-04-07T08:42:49Z</time>
<hdop>4.44</hdop>
</trkpt>
<trkpt lat="46.7581398" lon="8.4968167">
<ele>1967.321</ele>
<time>2023-04-07T08:42:54Z</time>
<hdop>10.59</hdop>
</trkpt>
<trkpt lat="46.7582161" lon="8.49703">
<ele>1959.739</ele>
<time>2023-04-07T08:42:59Z</time>
<hdop>11.47</hdop>
</trkpt>
<trkpt lat="46.7582003" lon="8.4971329">
<ele>1956.84</ele>
<time>2023-04-07T08:43:04Z</time>
<hdop>12.52</hdop>
</trkpt>
<trkpt lat="46.7582251" lon="8.4972394">
<ele>1955.211</ele>
<time>2023-04-07T08:43:09Z</time>
<hdop>13.53</hdop>
</trkpt>
<trkpt lat="46.7582878" lon="8.4973036">
<ele>1950.124</ele>
<time>2023-04-07T08:44:05Z</time>
<hdop>13.21</hdop>
</trkpt>
<trkpt lat="46.7584019" lon="8.4974104">
<ele>1948.078</ele>
<time>2023-04-07T08:44:10Z</time>
<hdop>12.95</hdop>
</trkpt>
<trkpt lat="46.7584306" lon="8.4976779">
<ele>1943.558</ele>
<time>2023-04-07T08:44:15Z</time>
<hdop>12.11</hdop>
</trkpt>
<trkpt lat="46.7585569" lon="8.497743">
<ele>1939.855</ele>
<time>2023-04-07T08:44:20Z</time>
<hdop>12.59</hdop>
</trkpt>
<trkpt lat="46.7586157" lon="8.4978003">
<ele>1930.407</ele>
<time>2023-04-07T08:44:25Z</time>
<hdop>11.38</hdop>
</trkpt>
<trkpt lat="46.7586602" lon="8.4979644">
<ele>1923.966</ele>
<time>2023-04-07T08:44:30Z</time>
<hdop>10.96</hdop>
</trkpt>
<trkpt lat="46.7585576" lon="8.4981284">
<ele>1915.466</ele>
<time>2023-04-07T08:44:35Z</time>
<hdop>10.66</hdop>
</trkpt>
<trkpt lat="46.7585017" lon="8.4983684">
<ele>1911.796</ele>
<time>2023-04-07T08:44:40Z</time>
<hdop>9.94</hdop>
</trkpt>
<trkpt lat="46.7585145" lon="8.4984853">
<ele>1903.054</ele>
<time>2023-04-07T08:44:46Z</time>
<hdop>10.38</hdop>
</trkpt>
<trkpt lat="46.7585962" lon="8.4986279">
<ele>1897.046</ele>
<time>2023-04-07T08:44:51Z</time>
<hdop>12.93</hdop>
</trkpt>
<trkpt lat="46.758742" lon="8.4988301">
<ele>1894.759</ele>
<time>2023-04-07T08:44:56Z</time>
<hdop>15.41</hdop>
</trkpt>
<trkpt lat="46.7587503" lon="8.4989889">
<ele>1885.711</ele>
<time>2023-04-07T08:45:01Z</time>
<hdop>13.12</hdop>
</trkpt>
<trkpt lat="46.758843" lon="8.498929">
<ele>1882.693</ele>
<time>2023-04-07T08:45:06Z</time>
<hdop>14.24</hdop>
</trkpt>
<trkpt lat="46.7588526" lon="8.4990386">
<ele>1880.148</ele>
<time>2023-04-07T08:45:16Z</time>
<hdop>12.45</hdop>
</trkpt>
<trkpt lat="46.7589201" lon="8.4990897">
<ele>1877.555</ele>
<time>2023-04-07T08:49:12Z</time>
<hdop>10.63</hdop>
</trkpt>
<trkpt lat="46.7589509" lon="8.4994915">
<ele>1871.691</ele>
<time>2023-04-07T08:49:17Z</time>
<hdop>10.73</hdop>
</trkpt>
<trkpt lat="46.7589836" lon="8.4996556">
<ele>1867.121</ele>
<time>2023-04-07T08:49:22Z</time>
<hdop>12.17</hdop>
</trkpt>
<trkpt lat="46.7590234" lon="8.4997308">
<ele>1864.302</ele>
<time>2023-04-07T08:49:28Z</time>
<hdop>11.07</hdop>
</trkpt>
<trkpt lat="46.7591281" lon="8.4997804">
<ele>1858.493</ele>
<time>2023-04-07T08:49:37Z</time>
<hdop>11.92</hdop>
</trkpt>
<trkpt lat="46.7591885" lon="8.4998319">
<ele>1845.02</ele>
<time>2023-04-07T08:49:46Z</time>
<hdop>10.28</hdop>
</trkpt>
<trkpt lat="46.7592312" lon="8.4999753">
<ele>1839.431</ele>
<time>2023-04-07T08:49:51Z</time>
<hdop>9.94</hdop>
</trkpt>
<trkpt lat="46.7592173" lon="8.5000919">
<ele>1834.154</ele>
<time>2023-04-07T08:49:56Z</time>
<hdop>9.94</hdop>
</trkpt>
<trkpt lat="46.7592865" lon="8.5002703">
<ele>1826.591</ele>
<time>2023-04-07T08:50:01Z</time>
<hdop>10.32</hdop>
</trkpt>
<trkpt lat="46.7594128" lon="8.5003983">
<ele>1825.6</ele>
<time>2023-04-07T08:50:06Z</time>
<hdop>10.11</hdop>
</trkpt>
<trkpt lat="46.7593446" lon="8.5004494">
<ele>1820.434</ele>
<time>2023-04-07T08:50:56Z</time>
<hdop>9.94</hdop>
</trkpt>
<trkpt lat="46.7593788" lon="8.5005587">
<ele>1817.139</ele>
<time>2023-04-07T08:51:04Z</time>
<hdop>9.94</hdop>
</trkpt>
<trkpt lat="46.7594272" lon="8.5006397">
<ele>1816.711</ele>
<time>2023-04-07T08:51:09Z</time>
<hdop>9.94</hdop>
</trkpt>
<trkpt lat="46.75944" lon="8.5007392">
<ele>1810.2</ele>
<time>2023-04-07T08:57:44Z</time>
<hdop>9.94</hdop>
</trkpt>
<trkpt lat="46.7594403" lon="8.5008921">
<ele>1807.821</ele>
<time>2023-04-07T08:57:49Z</time>
<hdop>9.94</hdop>
</trkpt>
<trkpt lat="46.7594723" lon="8.5010808">
<ele>1806.308</ele>
<time>2023-04-07T08:57:54Z</time>
<hdop>9.94</hdop>
</trkpt>
<trkpt lat="46.7595121" lon="8.5011859">
<ele>1802.807</ele>
<time>2023-04-07T08:57:59Z</time>
<hdop>9.94</hdop>
</trkpt>
<trkpt lat="46.7595531" lon="8.5014146">
<ele>1800.199</ele>
<time>2023-04-07T08:58:04Z</time>
<hdop>9.94</hdop>
</trkpt>
<trkpt lat="46.759665" lon="8.5016522">
<ele>1798.262</ele>
<time>2023-04-07T08:58:09Z</time>
<hdop>9.94</hdop>
</trkpt>
<trkpt lat="46.759705" lon="8.5017269">
<ele>1801.429</ele>
<time>2023-04-07T08:58:21Z</time>
<hdop>10.28</hdop>
</trkpt>
<trkpt lat="46.75965" lon="8.5019621">
<ele>1795.182</ele>
<time>2023-04-07T08:58:26Z</time>
<hdop>9.94</hdop>
</trkpt>
<trkpt lat="46.7594613" lon="8.5022732">
<ele>1785.687</ele>
<time>2023-04-07T08:58:31Z</time>
<hdop>9.94</hdop>
</trkpt>
<trkpt lat="46.7592649" lon="8.5025858">
<ele>1777.69</ele>
<time>2023-04-07T08:58:36Z</time>
<hdop>9.94</hdop>
</trkpt>
<trkpt lat="46.7590769" lon="8.5028782">
<ele>1768.835</ele>
<time>2023-04-07T08:58:41Z</time>
<hdop>9.94</hdop>
</trkpt>
<trkpt lat="46.7589452" lon="8.5031484">
<ele>1765.799</ele>
<time>2023-04-07T08:58:46Z</time>
<hdop>9.94</hdop>
</trkpt>
<trkpt lat="46.7590096" lon="8.5034169">
<ele>1762.424</ele>
<time>2023-04-07T08:58:51Z</time>
<hdop>9.94</hdop>
</trkpt>
<trkpt lat="46.7589147" lon="8.5037362">
<ele>1761.206</ele>
<time>2023-04-07T08:58:56Z</time>
<hdop>9.94</hdop>
</trkpt>
<trkpt lat="46.7588502" lon="8.5039511">
<ele>1759.271</ele>
<time>2023-04-07T08:59:01Z</time>
<hdop>9.94</hdop>
</trkpt>
<trkpt lat="46.7586647" lon="8.5041779">
<ele>1752.897</ele>
<time>2023-04-07T08:59:06Z</time>
<hdop>9.94</hdop>
</trkpt>
<trkpt lat="46.7585658" lon="8.5045241">
<ele>1750.73</ele>
<time>2023-04-07T08:59:11Z</time>
<hdop>9.94</hdop>
</trkpt>
<trkpt lat="46.7584957" lon="8.5047688">
<ele>1749.65</ele>
<time>2023-04-07T08:59:16Z</time>
<hdop>9.94</hdop>
</trkpt>
<trkpt lat="46.7583523" lon="8.5049853">
<ele>1746.76</ele>
<time>2023-04-07T08:59:21Z</time>
<hdop>9.94</hdop>
</trkpt>
<trkpt lat="46.7582728" lon="8.5050792">
<ele>1743.474</ele>
<time>2023-04-07T08:59:26Z</time>
<hdop>9.94</hdop>
</trkpt>
<trkpt lat="46.7581911" lon="8.5051771">
<ele>1739.929</ele>
<time>2023-04-07T08:59:31Z</time>
<hdop>9.94</hdop>
</trkpt>
<trkpt lat="46.7579393" lon="8.5051996">
<ele>1734.186</ele>
<time>2023-04-07T08:59:36Z</time>
<hdop>9.94</hdop>
</trkpt>
<trkpt lat="46.7577908" lon="8.5053812">
<ele>1730.455</ele>
<time>2023-04-07T08:59:41Z</time>
<hdop>9.94</hdop>
</trkpt>
<trkpt lat="46.7577433" lon="8.5055661">
<ele>1729.007</ele>
<time>2023-04-07T08:59:46Z</time>
<hdop>9.94</hdop>
</trkpt>
<trkpt lat="46.7576861" lon="8.5056173">
<ele>1729.498</ele>
<time>2023-04-07T09:00:22Z</time>
<hdop>10.1</hdop>
</trkpt>
<trkpt lat="46.7575941" lon="8.5056574">
<ele>1727.336</ele>
<time>2023-04-07T09:00:27Z</time>
<hdop>9.94</hdop>
</trkpt>
<trkpt lat="46.7574267" lon="8.5058093">
<ele>1721.203</ele>
<time>2023-04-07T09:00:32Z</time>
<hdop>9.94</hdop>
</trkpt>
<trkpt lat="46.7572024" lon="8.5061297">
<ele>1717.74</ele>
<time>2023-04-07T09:00:37Z</time>
<hdop>9.94</hdop>
</trkpt>
<trkpt lat="46.7569436" lon="8.5064515">
<ele>1711.234</ele>
<time>2023-04-07T09:00:42Z</time>
<hdop>9.94</hdop>
</trkpt>
<trkpt lat="46.7566958" lon="8.5066151">
<ele>1710.569</ele>
<time>2023-04-07T09:00:47Z</time>
<hdop>9.94</hdop>
</trkpt>
<trkpt lat="46.7564319" lon="8.5067304">
<ele>1708.249</ele>
<time>2023-04-07T09:00:52Z</time>
<hdop>9.94</hdop>
</trkpt>
<trkpt lat="46.7562238" lon="8.5067013">
<ele>1708.738</ele>
<time>2023-04-07T09:00:57Z</time>
<hdop>9.94</hdop>
</trkpt>
<trkpt lat="46.7560489" lon="8.5066771">
<ele>1708.575</ele>
<time>2023-04-07T09:01:02Z</time>
<hdop>9.94</hdop>
</trkpt>
<trkpt lat="46.7559" lon="8.5066463">
<ele>1708.093</ele>
<time>2023-04-07T09:01:07Z</time>
<hdop>9.94</hdop>
</trkpt>
<trkpt lat="46.7557375" lon="8.50663">
<ele>1706.431</ele>
<time>2023-04-07T09:01:12Z</time>
<hdop>9.94</hdop>
</trkpt>
<trkpt lat="46.7555784" lon="8.5066164">
<ele>1706.119</ele>
<time>2023-04-07T09:01:17Z</time>
<hdop>9.94</hdop>
</trkpt>
<trkpt lat="46.7554514" lon="8.5065974">
<ele>1705.06</ele>
<time>2023-04-07T09:01:22Z</time>
<hdop>9.94</hdop>
</trkpt>
<trkpt lat="46.7552954" lon="8.5066032">
<ele>1703.295</ele>
<time>2023-04-07T09:01:27Z</time>
<hdop>9.94</hdop>
</trkpt>
<trkpt lat="46.7551665" lon="8.5065892">
<ele>1702.433</ele>
<time>2023-04-07T09:01:32Z</time>
<hdop>9.94</hdop>
</trkpt>
<trkpt lat="46.7549477" lon="8.506536">
<ele>1697.045</ele>
<time>2023-04-07T09:01:37Z</time>
<hdop>9.94</hdop>
</trkpt>
<trkpt lat="46.7545623" lon="8.5064811">
<ele>1689.252</ele>
<time>2023-04-07T09:01:42Z</time>
<hdop>9.94</hdop>
</trkpt>
<trkpt lat="46.754352" lon="8.5065639">
<ele>1689.048</ele>
<time>2023-04-07T09:01:47Z</time>
<hdop>9.94</hdop>
</trkpt>
<trkpt lat="46.7542477" lon="8.5066094">
<ele>1687.817</ele>
<time>2023-04-07T09:01:52Z</time>
<hdop>9.94</hdop>
</trkpt>
<trkpt lat="46.7541035" lon="8.5066766">
<ele>1686.177</ele>
<time>2023-04-07T09:01:57Z</time>
<hdop>9.94</hdop>
</trkpt>
<trkpt lat="46.754026" lon="8.5066502">
<ele>1684.128</ele>
<time>2023-04-07T09:02:29Z</time>
<hdop>9.94</hdop>
</trkpt>
<trkpt lat="46.7539109" lon="8.5066268">
<ele>1682.602</ele>
<time>2023-04-07T09:02:34Z</time>
<hdop>9.94</hdop>
</trkpt>
<trkpt lat="46.7538025" lon="8.5066312">
<ele>1682.028</ele>
<time>2023-04-07T09:02:39Z</time>
<hdop>9.94</hdop>
</trkpt>
<trkpt lat="46.7537014" lon="8.5066888">
<ele>1680.706</ele>
<time>2023-04-07T09:02:44Z</time>
<hdop>9.94</hdop>
</trkpt>
<trkpt lat="46.7536137" lon="8.5067109">
<ele>1679.597</ele>
<time>2023-04-07T09:02:49Z</time>
<hdop>9.94</hdop>
</trkpt>
<trkpt lat="46.753531" lon="8.50679">
<ele>1677.064</ele>
<time>2023-04-07T09:02:54Z</time>
<hdop>9.94</hdop>
</trkpt>
<trkpt lat="46.7534763" lon="8.5068801">
<ele>1676.91</ele>
<time>2023-04-07T09:02:59Z</time>
<hdop>9.94</hdop>
</trkpt>
<trkpt lat="46.7534069" lon="8.5069252">
<ele>1675.036</ele>
<time>2023-04-07T09:03:04Z</time>
<hdop>9.94</hdop>
</trkpt>
<trkpt lat="46.7532861" lon="8.5069558">
<ele>1671.929</ele>
<time>2023-04-07T09:03:09Z</time>
<hdop>9.94</hdop>
</trkpt>
<trkpt lat="46.753152" lon="8.5070185">
<ele>1649.386</ele>
<time>2023-04-07T09:03:14Z</time>
<hdop>9.94</hdop>
</trkpt>
<trkpt lat="46.7530364" lon="8.5070685">
<ele>1649.743</ele>
<time>2023-04-07T09:03:19Z</time>
<hdop>9.94</hdop>
</trkpt>
<trkpt lat="46.7529448" lon="8.5070801">
<ele>1648.932</ele>
<time>2023-04-07T09:03:24Z</time>
<hdop>9.94</hdop>
</trkpt>
<trkpt lat="46.7528455" lon="8.507146">
<ele>1647.505</ele>
<time>2023-04-07T09:03:29Z</time>
<hdop>9.94</hdop>
</trkpt>
<trkpt lat="46.7526684" lon="8.5072758">
<ele>1643.928</ele>
<time>2023-04-07T09:03:34Z</time>
<hdop>9.94</hdop>
</trkpt>
<trkpt lat="46.752342" lon="8.50741">
<ele>1637.5</ele>
<time>2023-04-07T09:03:39Z</time>
<hdop>9.94</hdop>
</trkpt>
<trkpt lat="46.7519374" lon="8.5075976">
<ele>1629.417</ele>
<time>2023-04-07T09:03:44Z</time>
<hdop>9.94</hdop>
</trkpt>
<trkpt lat="46.751734" lon="8.5079228">
<ele>1630.923</ele>
<time>2023-04-07T09:03:49Z</time>
<hdop>4.3</hdop>
</trkpt>
<trkpt lat="46.7516859" lon="8.5079865">
<ele>1636.867</ele>
<time>2023-04-07T09:03:59Z</time>
<hdop>8.75</hdop>
</trkpt>
<trkpt lat="46.751581" lon="8.5079532">
<ele>1635.28</ele>
<time>2023-04-07T09:04:17Z</time>
<hdop>4.53</hdop>
</trkpt>
<trkpt lat="46.751223" lon="8.5079813">
<ele>1631.973</ele>
<time>2023-04-07T09:04:22Z</time>
<hdop>3.79</hdop>
</trkpt>
<trkpt lat="46.7508603" lon="8.5079832">
<ele>1625.332</ele>
<time>2023-04-07T09:04:27Z</time>
<hdop>3.79</hdop>
</trkpt>
<trkpt lat="46.7505866" lon="8.5079546">
<ele>1625.997</ele>
<time>2023-04-07T09:04:32Z</time>
<hdop>3.79</hdop>
</trkpt>
<trkpt lat="46.7503912" lon="8.5079491">
<ele>1627.62</ele>
<time>2023-04-07T09:04:37Z</time>
<hdop>3.79</hdop>
</trkpt>
<trkpt lat="46.7502188" lon="8.5079068">
<ele>1629.865</ele>
<time>2023-04-07T09:04:42Z</time>
<hdop>3.79</hdop>
</trkpt>
<trkpt lat="46.7500533" lon="8.5078465">
<ele>1630.455</ele>
<time>2023-04-07T09:04:47Z</time>
<hdop>3.79</hdop>
</trkpt>
<trkpt lat="46.7499032" lon="8.507764">
<ele>1631.028</ele>
<time>2023-04-07T09:04:52Z</time>
<hdop>3.79</hdop>
</trkpt>
<trkpt lat="46.749743" lon="8.5077446">
<ele>1628.334</ele>
<time>2023-04-07T09:04:57Z</time>
<hdop>3.79</hdop>
</trkpt>
<trkpt lat="46.7495751" lon="8.5077406">
<ele>1628.306</ele>
<time>2023-04-07T09:05:02Z</time>
<hdop>3.79</hdop>
</trkpt>
<trkpt lat="46.7493985" lon="8.5078127">
<ele>1627.59</ele>
<time>2023-04-07T09:05:07Z</time>
<hdop>3.79</hdop>
</trkpt>
<trkpt lat="46.7492095" lon="8.507885">
<ele>1623.653</ele>
<time>2023-04-07T09:05:12Z</time>
<hdop>9.94</hdop>
</trkpt>
<trkpt lat="46.7490474" lon="8.5079328">
<ele>1623.536</ele>
<time>2023-04-07T09:05:17Z</time>
<hdop>9.94</hdop>
</trkpt>
<trkpt lat="46.7488644" lon="8.5079664">
<ele>1621.855</ele>
<time>2023-04-07T09:05:22Z</time>
<hdop>9.94</hdop>
</trkpt>
<trkpt lat="46.7487136" lon="8.5079746">
<ele>1621.146</ele>
<time>2023-04-07T09:05:27Z</time>
<hdop>9.94</hdop>
</trkpt>
<trkpt lat="46.7485995" lon="8.5080082">
<ele>1620.336</ele>
<time>2023-04-07T09:05:32Z</time>
<hdop>9.94</hdop>
</trkpt>
<trkpt lat="46.7484798" lon="8.5080441">
<ele>1618.059</ele>
<time>2023-04-07T09:05:37Z</time>
<hdop>9.94</hdop>
</trkpt>
<trkpt lat="46.7483589" lon="8.5081362">
<ele>1617.288</ele>
<time>2023-04-07T09:05:42Z</time>
<hdop>9.94</hdop>
</trkpt>
<trkpt lat="46.7481868" lon="8.5083099">
<ele>1614.404</ele>
<time>2023-04-07T09:05:47Z</time>
<hdop>9.94</hdop>
</trkpt>
<trkpt lat="46.7479576" lon="8.5084539">
<ele>1612.194</ele>
<time>2023-04-07T09:05:52Z</time>
<hdop>9.94</hdop>
</trkpt>
<trkpt lat="46.7479172" lon="8.5085503">
<ele>1609.979</ele>
<time>2023-04-07T09:05:57Z</time>
<hdop>9.94</hdop>
</trkpt>
<trkpt lat="46.7478479" lon="8.5085847">
<ele>1607.534</ele>
<time>2023-04-07T09:06:04Z</time>
<hdop>10.24</hdop>
</trkpt>
<trkpt lat="46.7476313" lon="8.5086944">
<ele>1602.541</ele>
<time>2023-04-07T09:06:09Z</time>
<hdop>9.94</hdop>
</trkpt>
<trkpt lat="46.7473858" lon="8.5088012">
<ele>1599.291</ele>
<time>2023-04-07T09:06:14Z</time>
<hdop>10.02</hdop>
</trkpt>
<trkpt lat="46.7473183" lon="8.5088287">
<ele>1600.574</ele>
<time>2023-04-07T09:06:20Z</time>
<hdop>9.94</hdop>
</trkpt>
<trkpt lat="46.747253" lon="8.5088068">
<ele>1604.651</ele>
<time>2023-04-07T09:06:35Z</time>
<hdop>10.96</hdop>
</trkpt>
<trkpt lat="46.7471677" lon="8.5088296">
<ele>1605.691</ele>
<time>2023-04-07T09:06:40Z</time>
<hdop>10.64</hdop>
</trkpt>
<trkpt lat="46.7468997" lon="8.5088509">
<ele>1602.146</ele>
<time>2023-04-07T09:06:45Z</time>
<hdop>10.2</hdop>
</trkpt>
<trkpt lat="46.7465439" lon="8.5087271">
<ele>1601.173</ele>
<time>2023-04-07T09:06:50Z</time>
<hdop>10.0</hdop>
</trkpt>
<trkpt lat="46.7462275" lon="8.508693">
<ele>1597.4</ele>
<time>2023-04-07T09:06:55Z</time>
<hdop>9.97</hdop>
</trkpt>
<trkpt lat="46.7459775" lon="8.5086439">
<ele>1597.931</ele>
<time>2023-04-07T09:07:00Z</time>
<hdop>9.94</hdop>
</trkpt>
<trkpt lat="46.7457531" lon="8.5086428">
<ele>1598.642</ele>
<time>2023-04-07T09:07:05Z</time>
<hdop>9.94</hdop>
</trkpt>
<trkpt lat="46.745496" lon="8.5086387">
<ele>1601.328</ele>
<time>2023-04-07T09:07:10Z</time>
<hdop>9.94</hdop>
</trkpt>
<trkpt lat="46.7452779" lon="8.5086442">
<ele>1602.061</ele>
<time>2023-04-07T09:07:15Z</time>
<hdop>9.94</hdop>
</trkpt>
<trkpt lat="46.7450515" lon="8.5086189">
<ele>1602.649</ele>
<time>2023-04-07T09:07:20Z</time>
<hdop>10.1</hdop>
</trkpt>
<trkpt lat="46.7448962" lon="8.5086186">
<ele>1603.819</ele>
<time>2023-04-07T09:07:25Z</time>
<hdop>9.94</hdop>
</trkpt>
<trkpt lat="46.7447439" lon="8.5087105">
<ele>1605.508</ele>
<time>2023-04-07T09:07:30Z</time>
<hdop>9.94</hdop>
</trkpt>
<trkpt lat="46.7445714" lon="8.5087641">
<ele>1606.136</ele>
<time>2023-04-07T09:07:35Z</time>
<hdop>9.94</hdop>
</trkpt>
<trkpt lat="46.7444335" lon="8.5087655">
<ele>1606.393</ele>
<time>2023-04-07T09:07:40Z</time>
<hdop>9.94</hdop>
</trkpt>
<trkpt lat="46.7443102" lon="8.5087488">
<ele>1605.783</ele>
<time>2023-04-07T09:07:45Z</time>
<hdop>9.94</hdop>
</trkpt>
<trkpt lat="46.7441859" lon="8.5087344">
<ele>1607.621</ele>
<time>2023-04-07T09:07:50Z</time>
<hdop>9.94</hdop>
</trkpt>
<trkpt lat="46.7440837" lon="8.5087286">
<ele>1607.472</ele>
<time>2023-04-07T09:07:55Z</time>
<hdop>9.94</hdop>
</trkpt>
<trkpt lat="46.7439671" lon="8.5087218">
<ele>1607.322</ele>
<time>2023-04-07T09:08:00Z</time>
<hdop>9.94</hdop>
</trkpt>
<trkpt lat="46.7438578" lon="8.5086659">
<ele>1606.295</ele>
<time>2023-04-07T09:08:05Z</time>
<hdop>9.94</hdop>
</trkpt>
<trkpt lat="46.7437525" lon="8.5086191">
<ele>1604.999</ele>
<time>2023-04-07T09:08:10Z</time>
<hdop>9.94</hdop>
</trkpt>
<trkpt lat="46.7436013" lon="8.5086093">
<ele>1602.356</ele>
<time>2023-04-07T09:08:15Z</time>
<hdop>9.94</hdop>
</trkpt>
</trkseg>
</trk>
</gpx>
